scenario_id,policy_id,family,repeat,scope,mode,horizon,split,burnin,source_training_horizon,costs_path,array_prefix,dataset_arrays_sha256,code_sha256,record_sha256,full_protocol,n_paths,mean_cost_per_period,holding_per_period,lost_units_per_period,fill_rate,orders_per_period,evaluation_seconds,pipeline_info,costs_file_sha256,costs_sha256,path_fill_rate_mean,provenance_verified,evaluation_file
exp_ar_neg06_fixed6,baseline_h200_base_stock,base_stock,,baseline,steady,50,test,500,200,evaluation/exp_ar_neg06_fixed6/baseline_h200_base_stock/test.npz,steady_h50,25c5af7d9ab50e3740276c5a8e4870a1c5223c5ba89977ba26b8b195b3d449b3,,3d37fb2ddac5e959705ac6c1f3ee8c71d3e473a5840014bba60915eb10b8df87,True,1000,113.77042747029778,39.42704739173107,37.17169003928335,0.6260823089085435,62.27418082976103,0.5080638329964131,known quoted arrival dates; overtaking allowed,6d11f208a7cd1746f1ede841bfcc8d62ae3b1a8cc0ac09ef4d85c2607773ecb1,6d11f208a7cd1746f1ede841bfcc8d62ae3b1a8cc0ac09ef4d85c2607773ecb1,0.6326116376264757,True,evaluation/exp_ar_neg06_fixed6/baseline_h200_base_stock/test.json
exp_ar_neg06_fixed6,baseline_h200_base_stock,base_stock,,baseline,steady,100,test,500,200,evaluation/exp_ar_neg06_fixed6/baseline_h200_base_stock/test.npz,steady_h100,25c5af7d9ab50e3740276c5a8e4870a1c5223c5ba89977ba26b8b195b3d449b3,,3d37fb2ddac5e959705ac6c1f3ee8c71d3e473a5840014bba60915eb10b8df87,True,1000,114.11247785822844,39.59826205701757,37.25710790060543,0.6255209016163814,62.20662016589086,0.5080638329964131,known quoted arrival dates; overtaking allowed,6d11f208a7cd1746f1ede841bfcc8d62ae3b1a8cc0ac09ef4d85c2607773ecb1,6d11f208a7cd1746f1ede841bfcc8d62ae3b1a8cc0ac09ef4d85c2607773ecb1,0.6289376150645182,True,evaluation/exp_ar_neg06_fixed6/baseline_h200_base_stock/test.json
exp_ar_neg06_fixed6,baseline_h200_base_stock,base_stock,,baseline,steady,200,test,500,200,evaluation/exp_ar_neg06_fixed6/baseline_h200_base_stock/test.npz,steady_h200,25c5af7d9ab50e3740276c5a8e4870a1c5223c5ba89977ba26b8b195b3d449b3,,3d37fb2ddac5e959705ac6c1f3ee8c71d3e473a5840014bba60915eb10b8df87,True,1000,114.44989326263787,39.53841193798108,37.455740662328395,0.6242412140894509,62.234218963486256,0.5080638329964131,known quoted arrival dates; overtaking allowed,6d11f208a7cd1746f1ede841bfcc8d62ae3b1a8cc0ac09ef4d85c2607773ecb1,6d11f208a7cd1746f1ede841bfcc8d62ae3b1a8cc0ac09ef4d85c2607773ecb1,0.625931875677467,True,evaluation/exp_ar_neg06_fixed6/baseline_h200_base_stock/test.json
exp_ar_neg06_fixed6,baseline_h200_base_stock,base_stock,,baseline,steady,500,test,500,200,evaluation/exp_ar_neg06_fixed6/baseline_h200_base_stock/test.npz,steady_h500,25c5af7d9ab50e3740276c5a8e4870a1c5223c5ba89977ba26b8b195b3d449b3,,3d37fb2ddac5e959705ac6c1f3ee8c71d3e473a5840014bba60915eb10b8df87,True,1000,114.75669557911351,39.42699691909161,37.664849330010945,0.6229865714987087,62.23857234815248,0.5080638329964131,known quoted arrival dates; overtaking allowed,6d11f208a7cd1746f1ede841bfcc8d62ae3b1a8cc0ac09ef4d85c2607773ecb1,6d11f208a7cd1746f1ede841bfcc8d62ae3b1a8cc0ac09ef4d85c2607773ecb1,0.6236836616193119,True,evaluation/exp_ar_neg06_fixed6/baseline_h200_base_stock/test.json
exp_ar_neg06_fixed6,baseline_h200_base_stock,base_stock,,baseline,cold_start,50,test,0,200,evaluation/exp_ar_neg06_fixed6/baseline_h200_base_stock/test.npz,cold_start_h50,25c5af7d9ab50e3740276c5a8e4870a1c5223c5ba89977ba26b8b195b3d449b3,,3d37fb2ddac5e959705ac6c1f3ee8c71d3e473a5840014bba60915eb10b8df87,True,1000,142.7167951688478,54.96083832948768,43.877978419680055,0.5589774140763117,63.915494114175274,0.5080638329964131,known quoted arrival dates; overtaking allowed,6d11f208a7cd1746f1ede841bfcc8d62ae3b1a8cc0ac09ef4d85c2607773ecb1,6d11f208a7cd1746f1ede841bfcc8d62ae3b1a8cc0ac09ef4d85c2607773ecb1,0.564954244083802,True,evaluation/exp_ar_neg06_fixed6/baseline_h200_base_stock/test.json
exp_ar_neg06_fixed6,baseline_h200_base_stock,base_stock,,baseline,cold_start,100,test,0,200,evaluation/exp_ar_neg06_fixed6/baseline_h200_base_stock/test.npz,cold_start_h100,25c5af7d9ab50e3740276c5a8e4870a1c5223c5ba89977ba26b8b195b3d449b3,,3d37fb2ddac5e959705ac6c1f3ee8c71d3e473a5840014bba60915eb10b8df87,True,1000,128.96403225555528,47.11483578581633,40.92459823486947,0.5902351797045001,63.057095201695205,0.5080638329964131,known quoted arrival dates; overtaking allowed,6d11f208a7cd1746f1ede841bfcc8d62ae3b1a8cc0ac09ef4d85c2607773ecb1,6d11f208a7cd1746f1ede841bfcc8d62ae3b1a8cc0ac09ef4d85c2607773ecb1,0.5935880906949564,True,evaluation/exp_ar_neg06_fixed6/baseline_h200_base_stock/test.json
exp_ar_neg06_fixed6,baseline_h200_base_stock,base_stock,,baseline,cold_start,200,test,0,200,evaluation/exp_ar_neg06_fixed6/baseline_h200_base_stock/test.npz,cold_start_h200,25c5af7d9ab50e3740276c5a8e4870a1c5223c5ba89977ba26b8b195b3d449b3,,3d37fb2ddac5e959705ac6c1f3ee8c71d3e473a5840014bba60915eb10b8df87,True,1000,121.7064202583732,43.433793013871124,39.13631362225103,0.607509486451286,62.631879827644234,0.5080638329964131,known quoted arrival dates; overtaking allowed,6d11f208a7cd1746f1ede841bfcc8d62ae3b1a8cc0ac09ef4d85c2607773ecb1,6d11f208a7cd1746f1ede841bfcc8d62ae3b1a8cc0ac09ef4d85c2607773ecb1,0.6092018524037439,True,evaluation/exp_ar_neg06_fixed6/baseline_h200_base_stock/test.json
exp_ar_neg06_fixed6,baseline_h200_base_stock,base_stock,,baseline,cold_start,500,test,0,200,evaluation/exp_ar_neg06_fixed6/baseline_h200_base_stock/test.npz,cold_start_h500,25c5af7d9ab50e3740276c5a8e4870a1c5223c5ba89977ba26b8b195b3d449b3,,3d37fb2ddac5e959705ac6c1f3ee8c71d3e473a5840014bba60915eb10b8df87,True,1000,117.4072718642264,41.07075764261459,38.1682571108059,0.6172915562296232,62.38825541913206,0.5080638329964131,known quoted arrival dates; overtaking allowed,6d11f208a7cd1746f1ede841bfcc8d62ae3b1a8cc0ac09ef4d85c2607773ecb1,6d11f208a7cd1746f1ede841bfcc8d62ae3b1a8cc0ac09ef4d85c2607773ecb1,0.617935487505281,True,evaluation/exp_ar_neg06_fixed6/baseline_h200_base_stock/test.json
exp_ar_neg06_fixed6,baseline_h200_capped_base_stock,capped_base_stock,,baseline,steady,50,test,500,200,evaluation/exp_ar_neg06_fixed6/baseline_h200_capped_base_stock/test.npz,steady_h50,25c5af7d9ab50e3740276c5a8e4870a1c5223c5ba89977ba26b8b195b3d449b3,,80feedf9056c8d9d50371681dd4f16b428693d284b193d5823d884161627bfb4,True,1000,99.6165484604166,35.670755952033076,31.972896254191753,0.6783780470503313,67.46401122930865,0.4694325840100646,known quoted arrival dates; overtaking allowed,3b565ef9172966f0b56694e26271e01f4b50aa6b094be819388c4424c6678b08,3b565ef9172966f0b56694e26271e01f4b50aa6b094be819388c4424c6678b08,0.6856978696951568,True,evaluation/exp_ar_neg06_fixed6/baseline_h200_capped_base_stock/test.json
exp_ar_neg06_fixed6,baseline_h200_capped_base_stock,capped_base_stock,,baseline,steady,100,test,500,200,evaluation/exp_ar_neg06_fixed6/baseline_h200_capped_base_stock/test.npz,steady_h100,25c5af7d9ab50e3740276c5a8e4870a1c5223c5ba89977ba26b8b195b3d449b3,,80feedf9056c8d9d50371681dd4f16b428693d284b193d5823d884161627bfb4,True,1000,99.82715368404747,35.7500465656791,32.03855355918419,0.6779736988075877,67.45008217178082,0.4694325840100646,known quoted arrival dates; overtaking allowed,3b565ef9172966f0b56694e26271e01f4b50aa6b094be819388c4424c6678b08,3b565ef9172966f0b56694e26271e01f4b50aa6b094be819388c4424c6678b08,0.6818103036812809,True,evaluation/exp_ar_neg06_fixed6/baseline_h200_capped_base_stock/test.json
exp_ar_neg06_fixed6,baseline_h200_capped_base_stock,capped_base_stock,,baseline,steady,200,test,500,200,evaluation/exp_ar_neg06_fixed6/baseline_h200_capped_base_stock/test.npz,steady_h200,25c5af7d9ab50e3740276c5a8e4870a1c5223c5ba89977ba26b8b195b3d449b3,,80feedf9056c8d9d50371681dd4f16b428693d284b193d5823d884161627bfb4,True,1000,100.08275837371052,35.63235260497937,32.22520288436558,0.6767143594698952,67.46222907666377,0.4694325840100646,known quoted arrival dates; overtaking allowed,3b565ef9172966f0b56694e26271e01f4b50aa6b094be819388c4424c6678b08,3b565ef9172966f0b56694e26271e01f4b50aa6b094be819388c4424c6678b08,0.6786111344160387,True,evaluation/exp_ar_neg06_fixed6/baseline_h200_capped_base_stock/test.json
exp_ar_neg06_fixed6,baseline_h200_capped_base_stock,capped_base_stock,,baseline,steady,500,test,500,200,evaluation/exp_ar_neg06_fixed6/baseline_h200_capped_base_stock/test.npz,steady_h500,25c5af7d9ab50e3740276c5a8e4870a1c5223c5ba89977ba26b8b195b3d449b3,,80feedf9056c8d9d50371681dd4f16b428693d284b193d5823d884161627bfb4,True,1000,100.34110764325133,35.47157703004438,32.434765306603474,0.6753380860829861,67.47292195607645,0.4694325840100646,known quoted arrival dates; overtaking allowed,3b565ef9172966f0b56694e26271e01f4b50aa6b094be819388c4424c6678b08,3b565ef9172966f0b56694e26271e01f4b50aa6b094be819388c4424c6678b08,0.6761080687747487,True,evaluation/exp_ar_neg06_fixed6/baseline_h200_capped_base_stock/test.json
exp_ar_neg06_fixed6,baseline_h200_capped_base_stock,capped_base_stock,,baseline,cold_start,50,test,0,200,evaluation/exp_ar_neg06_fixed6/baseline_h200_capped_base_stock/test.npz,cold_start_h50,25c5af7d9ab50e3740276c5a8e4870a1c5223c5ba89977ba26b8b195b3d449b3,,80feedf9056c8d9d50371681dd4f16b428693d284b193d5823d884161627bfb4,True,1000,111.91290993933622,30.451462197304767,40.73072387101572,0.5906108299628898,67.56851238795113,0.4694325840100646,known quoted arrival dates; overtaking allowed,3b565ef9172966f0b56694e26271e01f4b50aa6b094be819388c4424c6678b08,3b565ef9172966f0b56694e26271e01f4b50aa6b094be819388c4424c6678b08,0.5971671121079835,True,evaluation/exp_ar_neg06_fixed6/baseline_h200_capped_base_stock/test.json
exp_ar_neg06_fixed6,baseline_h200_capped_base_stock,capped_base_stock,,baseline,cold_start,100,test,0,200,evaluation/exp_ar_neg06_fixed6/baseline_h200_capped_base_stock/test.npz,cold_start_h100,25c5af7d9ab50e3740276c5a8e4870a1c5223c5ba89977ba26b8b195b3d449b3,,80feedf9056c8d9d50371681dd4f16b428693d284b193d5823d884161627bfb4,True,1000,106.37595590142259,32.909951438610584,36.733002231406005,0.6322042803723499,67.52430034606182,0.4694325840100646,known quoted arrival dates; overtaking allowed,3b565ef9172966f0b56694e26271e01f4b50aa6b094be819388c4424c6678b08,3b565ef9172966f0b56694e26271e01f4b50aa6b094be819388c4424c6678b08,0.6358975407418079,True,evaluation/exp_ar_neg06_fixed6/baseline_h200_capped_base_stock/test.json
exp_ar_neg06_fixed6,baseline_h200_capped_base_stock,capped_base_stock,,baseline,cold_start,200,test,0,200,evaluation/exp_ar_neg06_fixed6/baseline_h200_capped_base_stock/test.npz,cold_start_h200,25c5af7d9ab50e3740276c5a8e4870a1c5223c5ba89977ba26b8b195b3d449b3,,80feedf9056c8d9d50371681dd4f16b428693d284b193d5823d884161627bfb4,True,1000,103.0843088549301,34.26066583601699,34.41182150945655,0.6548905033121402,67.49604733381176,0.4694325840100646,known quoted arrival dates; overtaking allowed,3b565ef9172966f0b56694e26271e01f4b50aa6b094be819388c4424c6678b08,3b565ef9172966f0b56694e26271e01f4b50aa6b094be819388c4424c6678b08,0.6567687099306173,True,evaluation/exp_ar_neg06_fixed6/baseline_h200_capped_base_stock/test.json
exp_ar_neg06_fixed6,baseline_h200_capped_base_stock,capped_base_stock,,baseline,cold_start,500,test,0,200,evaluation/exp_ar_neg06_fixed6/baseline_h200_capped_base_stock/test.npz,cold_start_h500,25c5af7d9ab50e3740276c5a8e4870a1c5223c5ba89977ba26b8b195b3d449b3,,80feedf9056c8d9d50371681dd4f16b428693d284b193d5823d884161627bfb4,True,1000,101.23970705662552,34.987818509867616,33.12594427337895,0.6678502100715543,67.48528041168325,0.4694325840100646,known quoted arrival dates; overtaking allowed,3b565ef9172966f0b56694e26271e01f4b50aa6b094be819388c4424c6678b08,3b565ef9172966f0b56694e26271e01f4b50aa6b094be819388c4424c6678b08,0.6685646452869082,True,evaluation/exp_ar_neg06_fixed6/baseline_h200_capped_base_stock/test.json
exp_ar_neg06_fixed6,baseline_h200_conditional_pil,conditional_pil,,baseline,steady,50,test,500,200,evaluation/exp_ar_neg06_fixed6/baseline_h200_conditional_pil/test.npz,steady_h50,25c5af7d9ab50e3740276c5a8e4870a1c5223c5ba89977ba26b8b195b3d449b3,,c18e446cd9901ba72fc4b3f17c0bb5fffd00d47a88a4e373f36647ccd7cf073b,True,1000,99.4147817946614,35.166826142169526,32.12397782624593,0.6768582863795288,67.30621517907338,1.7856167091522366,known quoted arrival dates; overtaking allowed,d386363d49931df4aba662ef3d2017c9f8f32e0b0e8a1a91504049e016ac50ad,d386363d49931df4aba662ef3d2017c9f8f32e0b0e8a1a91504049e016ac50ad,0.6841057815079827,True,evaluation/exp_ar_neg06_fixed6/baseline_h200_conditional_pil/test.json
exp_ar_neg06_fixed6,baseline_h200_conditional_pil,conditional_pil,,baseline,steady,100,test,500,200,evaluation/exp_ar_neg06_fixed6/baseline_h200_conditional_pil/test.npz,steady_h100,25c5af7d9ab50e3740276c5a8e4870a1c5223c5ba89977ba26b8b195b3d449b3,,c18e446cd9901ba72fc4b3f17c0bb5fffd00d47a88a4e373f36647ccd7cf073b,True,1000,99.69645678722861,35.30902469475493,32.193716046236844,0.6764141277209255,67.29219838096252,1.7856167091522366,known quoted arrival dates; overtaking allowed,d386363d49931df4aba662ef3d2017c9f8f32e0b0e8a1a91504049e016ac50ad,d386363d49931df4aba662ef3d2017c9f8f32e0b0e8a1a91504049e016ac50ad,0.6802127144653012,True,evaluation/exp_ar_neg06_fixed6/baseline_h200_conditional_pil/test.json
exp_ar_neg06_fixed6,baseline_h200_conditional_pil,conditional_pil,,baseline,steady,200,test,500,200,evaluation/exp_ar_neg06_fixed6/baseline_h200_conditional_pil/test.npz,steady_h200,25c5af7d9ab50e3740276c5a8e4870a1c5223c5ba89977ba26b8b195b3d449b3,,c18e446cd9901ba72fc4b3f17c0bb5fffd00d47a88a4e373f36647ccd7cf073b,True,1000,99.95988235996779,35.20098877800952,32.37944679097914,0.6751669730864372,67.30660279272846,1.7856167091522366,known quoted arrival dates; overtaking allowed,d386363d49931df4aba662ef3d2017c9f8f32e0b0e8a1a91504049e016ac50ad,d386363d49931df4aba662ef3d2017c9f8f32e0b0e8a1a91504049e016ac50ad,0.6770465739683829,True,evaluation/exp_ar_neg06_fixed6/baseline_h200_conditional_pil/test.json
exp_ar_neg06_fixed6,baseline_h200_conditional_pil,conditional_pil,,baseline,steady,500,test,500,200,evaluation/exp_ar_neg06_fixed6/baseline_h200_conditional_pil/test.npz,steady_h500,25c5af7d9ab50e3740276c5a8e4870a1c5223c5ba89977ba26b8b195b3d449b3,,c18e446cd9901ba72fc4b3f17c0bb5fffd00d47a88a4e373f36647ccd7cf073b,True,1000,100.24756750197959,35.066311378529626,32.590628061724985,0.6737779483755669,67.31664934153729,1.7856167091522366,known quoted arrival dates; overtaking allowed,d386363d49931df4aba662ef3d2017c9f8f32e0b0e8a1a91504049e016ac50ad,d386363d49931df4aba662ef3d2017c9f8f32e0b0e8a1a91504049e016ac50ad,0.6745419947172971,True,evaluation/exp_ar_neg06_fixed6/baseline_h200_conditional_pil/test.json
exp_ar_neg06_fixed6,baseline_h200_conditional_pil,conditional_pil,,baseline,cold_start,50,test,0,200,evaluation/exp_ar_neg06_fixed6/baseline_h200_conditional_pil/test.npz,cold_start_h50,25c5af7d9ab50e3740276c5a8e4870a1c5223c5ba89977ba26b8b195b3d449b3,,c18e446cd9901ba72fc4b3f17c0bb5fffd00d47a88a4e373f36647ccd7cf073b,True,1000,111.6357114512477,31.112100122856333,40.26180566419569,0.5953239805593109,68.0138863659234,1.7856167091522366,known quoted arrival dates; overtaking allowed,d386363d49931df4aba662ef3d2017c9f8f32e0b0e8a1a91504049e016ac50ad,d386363d49931df4aba662ef3d2017c9f8f32e0b0e8a1a91504049e016ac50ad,0.6018652517673811,True,evaluation/exp_ar_neg06_fixed6/baseline_h200_conditional_pil/test.json
exp_ar_neg06_fixed6,baseline_h200_conditional_pil,conditional_pil,,baseline,cold_start,100,test,0,200,evaluation/exp_ar_neg06_fixed6/baseline_h200_conditional_pil/test.npz,cold_start_h100,25c5af7d9ab50e3740276c5a8e4870a1c5223c5ba89977ba26b8b195b3d449b3,,c18e446cd9901ba72fc4b3f17c0bb5fffd00d47a88a4e373f36647ccd7cf073b,True,1000,106.2384054487148,33.079602146899994,36.57940165090741,0.633742233510071,67.66541825407238,1.7856167091522366,known quoted arrival dates; overtaking allowed,d386363d49931df4aba662ef3d2017c9f8f32e0b0e8a1a91504049e016ac50ad,d386363d49931df4aba662ef3d2017c9f8f32e0b0e8a1a91504049e016ac50ad,0.6374087499889807,True,evaluation/exp_ar_neg06_fixed6/baseline_h200_conditional_pil/test.json
exp_ar_neg06_fixed6,baseline_h200_conditional_pil,conditional_pil,,baseline,cold_start,200,test,0,200,evaluation/exp_ar_neg06_fixed6/baseline_h200_conditional_pil/test.npz,cold_start_h200,25c5af7d9ab50e3740276c5a8e4870a1c5223c5ba89977ba26b8b195b3d449b3,,c18e446cd9901ba72fc4b3f17c0bb5fffd00d47a88a4e373f36647ccd7cf073b,True,1000,102.99627789176344,34.170701154622,34.41278836857071,0.6548808068692429,67.48695227471427,1.7856167091522366,known quoted arrival dates; overtaking allowed,d386363d49931df4aba662ef3d2017c9f8f32e0b0e8a1a91504049e016ac50ad,d386363d49931df4aba662ef3d2017c9f8f32e0b0e8a1a91504049e016ac50ad,0.6567396784790617,True,evaluation/exp_ar_neg06_fixed6/baseline_h200_conditional_pil/test.json
exp_ar_neg06_fixed6,baseline_h200_conditional_pil,conditional_pil,,baseline,cold_start,500,test,0,200,evaluation/exp_ar_neg06_fixed6/baseline_h200_conditional_pil/test.npz,cold_start_h500,25c5af7d9ab50e3740276c5a8e4870a1c5223c5ba89977ba26b8b195b3d449b3,,c18e446cd9901ba72fc4b3f17c0bb5fffd00d47a88a4e373f36647ccd7cf073b,True,1000,101.17521618746983,34.72355989920118,33.225828144134326,0.6668486867213113,67.38324326956197,1.7856167091522366,known quoted arrival dates; overtaking allowed,d386363d49931df4aba662ef3d2017c9f8f32e0b0e8a1a91504049e016ac50ad,d386363d49931df4aba662ef3d2017c9f8f32e0b0e8a1a91504049e016ac50ad,0.6675565055771795,True,evaluation/exp_ar_neg06_fixed6/baseline_h200_conditional_pil/test.json
exp_ar_neg06_fixed6,baseline_h200_constant_order,constant_order,,baseline,steady,50,test,500,200,evaluation/exp_ar_neg06_fixed6/baseline_h200_constant_order/test.npz,steady_h50,25c5af7d9ab50e3740276c5a8e4870a1c5223c5ba89977ba26b8b195b3d449b3,,c617e46fb6fa73b3695d7f89a7ff979b9ecd63e5041fb082e437f45b1cb58941,True,1000,99.75658301308833,34.86050010339872,32.44804145484481,0.6735984635508021,66.98373951648577,0.49023599992506206,known quoted arrival dates; overtaking allowed,8ec077fc7effafd5bdd3e61a09b995338209a480435553dde7b7bf9c7c182903,8ec077fc7effafd5bdd3e61a09b995338209a480435553dde7b7bf9c7c182903,0.6811110913359333,True,evaluation/exp_ar_neg06_fixed6/baseline_h200_constant_order/test.json
exp_ar_neg06_fixed6,baseline_h200_constant_order,constant_order,,baseline,steady,100,test,500,200,evaluation/exp_ar_neg06_fixed6/baseline_h200_constant_order/test.npz,steady_h100,25c5af7d9ab50e3740276c5a8e4870a1c5223c5ba89977ba26b8b195b3d449b3,,c617e46fb6fa73b3695d7f89a7ff979b9ecd63e5041fb082e437f45b1cb58941,True,1000,99.94015708919436,34.92894535577379,32.50560586671028,0.6732792569446562,66.9837395164857,0.49023599992506206,known quoted arrival dates; overtaking allowed,8ec077fc7effafd5bdd3e61a09b995338209a480435553dde7b7bf9c7c182903,8ec077fc7effafd5bdd3e61a09b995338209a480435553dde7b7bf9c7c182903,0.6772223199972832,True,evaluation/exp_ar_neg06_fixed6/baseline_h200_constant_order/test.json
exp_ar_neg06_fixed6,baseline_h200_constant_order,constant_order,,baseline,steady,200,test,500,200,evaluation/exp_ar_neg06_fixed6/baseline_h200_constant_order/test.npz,steady_h200,25c5af7d9ab50e3740276c5a8e4870a1c5223c5ba89977ba26b8b195b3d449b3,,c617e46fb6fa73b3695d7f89a7ff979b9ecd63e5041fb082e437f45b1cb58941,True,1000,100.16736838768297,34.76080931688256,32.7032795354002,0.6719182588244839,66.98373951648568,0.49023599992506206,known quoted arrival dates; overtaking allowed,8ec077fc7effafd5bdd3e61a09b995338209a480435553dde7b7bf9c7c182903,8ec077fc7effafd5bdd3e61a09b995338209a480435553dde7b7bf9c7c182903,0.673875254312851,True,evaluation/exp_ar_neg06_fixed6/baseline_h200_constant_order/test.json
exp_ar_neg06_fixed6,baseline_h200_constant_order,constant_order,,baseline,steady,500,test,500,200,evaluation/exp_ar_neg06_fixed6/baseline_h200_constant_order/test.npz,steady_h500,25c5af7d9ab50e3740276c5a8e4870a1c5223c5ba89977ba26b8b195b3d449b3,,c617e46fb6fa73b3695d7f89a7ff979b9ecd63e5041fb082e437f45b1cb58941,True,1000,100.37913749208191,34.534332083104886,32.922402704488505,0.6704569873792248,66.98373951648571,0.49023599992506206,known quoted arrival dates; overtaking allowed,8ec077fc7effafd5bdd3e61a09b995338209a480435553dde7b7bf9c7c182903,8ec077fc7effafd5bdd3e61a09b995338209a480435553dde7b7bf9c7c182903,0.6712473951802888,True,evaluation/exp_ar_neg06_fixed6/baseline_h200_constant_order/test.json
exp_ar_neg06_fixed6,baseline_h200_constant_order,constant_order,,baseline,cold_start,50,test,0,200,evaluation/exp_ar_neg06_fixed6/baseline_h200_constant_order/test.npz,cold_start_h50,25c5af7d9ab50e3740276c5a8e4870a1c5223c5ba89977ba26b8b195b3d449b3,,c617e46fb6fa73b3695d7f89a7ff979b9ecd63e5041fb082e437f45b1cb58941,True,1000,111.98230859386216,29.507800990883652,41.23725380148926,0.5855196396247999,66.98373951648577,0.49023599992506206,known quoted arrival dates; overtaking allowed,8ec077fc7effafd5bdd3e61a09b995338209a480435553dde7b7bf9c7c182903,8ec077fc7effafd5bdd3e61a09b995338209a480435553dde7b7bf9c7c182903,0.5921810427393612,True,evaluation/exp_ar_neg06_fixed6/baseline_h200_constant_order/test.json
exp_ar_neg06_fixed6,baseline_h200_constant_order,constant_order,,baseline,cold_start,100,test,0,200,evaluation/exp_ar_neg06_fixed6/baseline_h200_constant_order/test.npz,cold_start_h100,25c5af7d9ab50e3740276c5a8e4870a1c5223c5ba89977ba26b8b195b3d449b3,,c617e46fb6fa73b3695d7f89a7ff979b9ecd63e5041fb082e437f45b1cb58941,True,1000,106.42171599839263,31.952811812971515,37.234452092710555,0.6271834244283179,66.9837395164857,0.49023599992506206,known quoted arrival dates; overtaking allowed,8ec077fc7effafd5bdd3e61a09b995338209a480435553dde7b7bf9c7c182903,8ec077fc7effafd5bdd3e61a09b995338209a480435553dde7b7bf9c7c182903,0.6309668535014388,True,evaluation/exp_ar_neg06_fixed6/baseline_h200_constant_order/test.json
exp_ar_neg06_fixed6,baseline_h200_constant_order,constant_order,,baseline,cold_start,200,test,0,200,evaluation/exp_ar_neg06_fixed6/baseline_h200_constant_order/test.npz,cold_start_h200,25c5af7d9ab50e3740276c5a8e4870a1c5223c5ba89977ba26b8b195b3d449b3,,c617e46fb6fa73b3695d7f89a7ff979b9ecd63e5041fb082e437f45b1cb58941,True,1000,103.11352449995047,33.306840238347434,34.90334213080152,0.6499611381462348,66.98373951648568,0.49023599992506206,known quoted arrival dates; overtaking allowed,8ec077fc7effafd5bdd3e61a09b995338209a480435553dde7b7bf9c7c182903,8ec077fc7effafd5bdd3e61a09b995338209a480435553dde7b7bf9c7c182903,0.6518817472955655,True,evaluation/exp_ar_neg06_fixed6/baseline_h200_constant_order/test.json
exp_ar_neg06_fixed6,baseline_h200_constant_order,constant_order,,baseline,cold_start,500,test,0,200,evaluation/exp_ar_neg06_fixed6/baseline_h200_constant_order/test.npz,cold_start_h500,25c5af7d9ab50e3740276c5a8e4870a1c5223c5ba89977ba26b8b195b3d449b3,,c617e46fb6fa73b3695d7f89a7ff979b9ecd63e5041fb082e437f45b1cb58941,True,1000,101.3005848351659,34.05973017633447,33.620427329415726,0.6628920889737724,66.98373951648571,0.49023599992506206,known quoted arrival dates; overtaking allowed,8ec077fc7effafd5bdd3e61a09b995338209a480435553dde7b7bf9c7c182903,8ec077fc7effafd5bdd3e61a09b995338209a480435553dde7b7bf9c7c182903,0.6636256515650755,True,evaluation/exp_ar_neg06_fixed6/baseline_h200_constant_order/test.json
exp_ar_neg06_fixed6,baseline_h200_forecast_adaptive_pil,forecast_adaptive_pil,,baseline,steady,50,test,500,200,evaluation/exp_ar_neg06_fixed6/baseline_h200_forecast_adaptive_pil/test.npz,steady_h50,25c5af7d9ab50e3740276c5a8e4870a1c5223c5ba89977ba26b8b195b3d449b3,,4592b9be343bf2a66f16837f73a60f281224a831e653f43ba942480a68dc24fc,True,1000,99.53698139860504,35.383864102289465,32.07655864815778,0.6773352856648839,67.35435528932956,1.384350375039503,known quoted arrival dates; overtaking allowed,98ea81b72c244c18e0b8320d6c82bdd2a8c096bd5c737bca047a28ead516280e,98ea81b72c244c18e0b8320d6c82bdd2a8c096bd5c737bca047a28ead516280e,0.6847349337536517,True,evaluation/exp_ar_neg06_fixed6/baseline_h200_forecast_adaptive_pil/test.json
exp_ar_neg06_fixed6,baseline_h200_forecast_adaptive_pil,forecast_adaptive_pil,,baseline,steady,100,test,500,200,evaluation/exp_ar_neg06_fixed6/baseline_h200_forecast_adaptive_pil/test.npz,steady_h100,25c5af7d9ab50e3740276c5a8e4870a1c5223c5ba89977ba26b8b195b3d449b3,,4592b9be343bf2a66f16837f73a60f281224a831e653f43ba942480a68dc24fc,True,1000,99.75381860324258,35.468552238173714,32.14263318253444,0.6769275724250385,67.34663574350448,1.384350375039503,known quoted arrival dates; overtaking allowed,98ea81b72c244c18e0b8320d6c82bdd2a8c096bd5c737bca047a28ead516280e,98ea81b72c244c18e0b8320d6c82bdd2a8c096bd5c737bca047a28ead516280e,0.6808133661157522,True,evaluation/exp_ar_neg06_fixed6/baseline_h200_forecast_adaptive_pil/test.json
exp_ar_neg06_fixed6,baseline_h200_forecast_adaptive_pil,forecast_adaptive_pil,,baseline,steady,200,test,500,200,evaluation/exp_ar_neg06_fixed6/baseline_h200_forecast_adaptive_pil/test.npz,steady_h200,25c5af7d9ab50e3740276c5a8e4870a1c5223c5ba89977ba26b8b195b3d449b3,,4592b9be343bf2a66f16837f73a60f281224a831e653f43ba942480a68dc24fc,True,1000,100.00697023518077,35.34908243998104,32.32894389759986,0.6756736218822054,67.35769318615965,1.384350375039503,known quoted arrival dates; overtaking allowed,98ea81b72c244c18e0b8320d6c82bdd2a8c096bd5c737bca047a28ead516280e,98ea81b72c244c18e0b8320d6c82bdd2a8c096bd5c737bca047a28ead516280e,0.6775975384514372,True,evaluation/exp_ar_neg06_fixed6/baseline_h200_forecast_adaptive_pil/test.json
exp_ar_neg06_fixed6,baseline_h200_forecast_adaptive_pil,forecast_adaptive_pil,,baseline,steady,500,test,500,200,evaluation/exp_ar_neg06_fixed6/baseline_h200_forecast_adaptive_pil/test.npz,steady_h500,25c5af7d9ab50e3740276c5a8e4870a1c5223c5ba89977ba26b8b195b3d449b3,,4592b9be343bf2a66f16837f73a60f281224a831e653f43ba942480a68dc24fc,True,1000,100.24771874869364,35.167890655219495,32.539914046737074,0.674285579894178,67.36747041202268,1.384350375039503,known quoted arrival dates; overtaking allowed,98ea81b72c244c18e0b8320d6c82bdd2a8c096bd5c737bca047a28ead516280e,98ea81b72c244c18e0b8320d6c82bdd2a8c096bd5c737bca047a28ead516280e,0.6750659429612332,True,evaluation/exp_ar_neg06_fixed6/baseline_h200_forecast_adaptive_pil/test.json
exp_ar_neg06_fixed6,baseline_h200_forecast_adaptive_pil,forecast_adaptive_pil,,baseline,cold_start,50,test,0,200,evaluation/exp_ar_neg06_fixed6/baseline_h200_forecast_adaptive_pil/test.npz,cold_start_h50,25c5af7d9ab50e3740276c5a8e4870a1c5223c5ba89977ba26b8b195b3d449b3,,4592b9be343bf2a66f16837f73a60f281224a831e653f43ba942480a68dc24fc,True,1000,111.6743775207906,30.71808643408769,40.47814554335145,0.5931495236590609,67.80136734954102,1.384350375039503,known quoted arrival dates; overtaking allowed,98ea81b72c244c18e0b8320d6c82bdd2a8c096bd5c737bca047a28ead516280e,98ea81b72c244c18e0b8320d6c82bdd2a8c096bd5c737bca047a28ead516280e,0.5998111669738634,True,evaluation/exp_ar_neg06_fixed6/baseline_h200_forecast_adaptive_pil/test.json
exp_ar_neg06_fixed6,baseline_h200_forecast_adaptive_pil,forecast_adaptive_pil,,baseline,cold_start,100,test,0,200,evaluation/exp_ar_neg06_fixed6/baseline_h200_forecast_adaptive_pil/test.npz,cold_start_h100,25c5af7d9ab50e3740276c5a8e4870a1c5223c5ba89977ba26b8b195b3d449b3,,4592b9be343bf2a66f16837f73a60f281224a831e653f43ba942480a68dc24fc,True,1000,106.24468155063725,32.921300285463694,36.66169063258679,0.6329183004418307,67.58533409154033,1.384350375039503,known quoted arrival dates; overtaking allowed,98ea81b72c244c18e0b8320d6c82bdd2a8c096bd5c737bca047a28ead516280e,98ea81b72c244c18e0b8320d6c82bdd2a8c096bd5c737bca047a28ead516280e,0.6366604926002313,True,evaluation/exp_ar_neg06_fixed6/baseline_h200_forecast_adaptive_pil/test.json
exp_ar_neg06_fixed6,baseline_h200_forecast_adaptive_pil,forecast_adaptive_pil,,baseline,cold_start,200,test,0,200,evaluation/exp_ar_neg06_fixed6/baseline_h200_forecast_adaptive_pil/test.npz,cold_start_h200,25c5af7d9ab50e3740276c5a8e4870a1c5223c5ba89977ba26b8b195b3d449b3,,4592b9be343bf2a66f16837f73a60f281224a831e653f43ba942480a68dc24fc,True,1000,102.99853425795094,34.14559834266527,34.42646795764284,0.6547436169184498,67.47777320617192,1.384350375039503,known quoted arrival dates; overtaking allowed,98ea81b72c244c18e0b8320d6c82bdd2a8c096bd5c737bca047a28ead516280e,98ea81b72c244c18e0b8320d6c82bdd2a8c096bd5c737bca047a28ead516280e,0.65664390964983,True,evaluation/exp_ar_neg06_fixed6/baseline_h200_forecast_adaptive_pil/test.json
exp_ar_neg06_fixed6,baseline_h200_forecast_adaptive_pil,forecast_adaptive_pil,,baseline,cold_start,500,test,0,200,evaluation/exp_ar_neg06_fixed6/baseline_h200_forecast_adaptive_pil/test.npz,cold_start_h500,25c5af7d9ab50e3740276c5a8e4870a1c5223c5ba89977ba26b8b195b3d449b3,,4592b9be343bf2a66f16837f73a60f281224a831e653f43ba942480a68dc24fc,True,1000,101.15440741710435,34.757390342148476,33.19850853747793,0.6671226170744194,67.41122765405551,1.384350375039503,known quoted arrival dates; overtaking allowed,98ea81b72c244c18e0b8320d6c82bdd2a8c096bd5c737bca047a28ead516280e,98ea81b72c244c18e0b8320d6c82bdd2a8c096bd5c737bca047a28ead516280e,0.667846315098491,True,evaluation/exp_ar_neg06_fixed6/baseline_h200_forecast_adaptive_pil/test.json
exp_ar_neg06_fixed6,baseline_h200_forecast_capped_base_stock,forecast_capped_base_stock,,baseline,steady,50,test,500,200,evaluation/exp_ar_neg06_fixed6/baseline_h200_forecast_capped_base_stock/test.npz,steady_h50,25c5af7d9ab50e3740276c5a8e4870a1c5223c5ba89977ba26b8b195b3d449b3,,77cc27ca243855845ec579d22876b1890a65cdb822b83156341d54843566debd,True,1000,99.74774096075981,35.392166164502854,32.17778739812848,0.6763170048059529,67.26491935097835,0.6232074159197509,known quoted arrival dates; overtaking allowed,6ff86698b91d0d5765d4bed38c15201d89f4c4d527c8129a35bb95fb06ba5c7c,6ff86698b91d0d5765d4bed38c15201d89f4c4d527c8129a35bb95fb06ba5c7c,0.6836882339674548,True,evaluation/exp_ar_neg06_fixed6/baseline_h200_forecast_capped_base_stock/test.json
exp_ar_neg06_fixed6,baseline_h200_forecast_capped_base_stock,forecast_capped_base_stock,,baseline,steady,100,test,500,200,evaluation/exp_ar_neg06_fixed6/baseline_h200_forecast_capped_base_stock/test.npz,steady_h100,25c5af7d9ab50e3740276c5a8e4870a1c5223c5ba89977ba26b8b195b3d449b3,,77cc27ca243855845ec579d22876b1890a65cdb822b83156341d54843566debd,True,1000,99.91702879836944,35.43520025731416,32.240914270527654,0.6759397283519547,67.24915282566616,0.6232074159197509,known quoted arrival dates; overtaking allowed,6ff86698b91d0d5765d4bed38c15201d89f4c4d527c8129a35bb95fb06ba5c7c,6ff86698b91d0d5765d4bed38c15201d89f4c4d527c8129a35bb95fb06ba5c7c,0.6798096285206864,True,evaluation/exp_ar_neg06_fixed6/baseline_h200_forecast_capped_base_stock/test.json
exp_ar_neg06_fixed6,baseline_h200_forecast_capped_base_stock,forecast_capped_base_stock,,baseline,steady,200,test,500,200,evaluation/exp_ar_neg06_fixed6/baseline_h200_forecast_capped_base_stock/test.npz,steady_h200,25c5af7d9ab50e3740276c5a8e4870a1c5223c5ba89977ba26b8b195b3d449b3,,77cc27ca243855845ec579d22876b1890a65cdb822b83156341d54843566debd,True,1000,100.1881867362157,35.337338622158214,32.42542405702875,0.6747057257218201,67.26219633282292,0.6232074159197509,known quoted arrival dates; overtaking allowed,6ff86698b91d0d5765d4bed38c15201d89f4c4d527c8129a35bb95fb06ba5c7c,6ff86698b91d0d5765d4bed38c15201d89f4c4d527c8129a35bb95fb06ba5c7c,0.6766201410298959,True,evaluation/exp_ar_neg06_fixed6/baseline_h200_forecast_capped_base_stock/test.json
exp_ar_neg06_fixed6,baseline_h200_forecast_capped_base_stock,forecast_capped_base_stock,,baseline,steady,500,test,500,200,evaluation/exp_ar_neg06_fixed6/baseline_h200_forecast_capped_base_stock/test.npz,steady_h500,25c5af7d9ab50e3740276c5a8e4870a1c5223c5ba89977ba26b8b195b3d449b3,,77cc27ca243855845ec579d22876b1890a65cdb822b83156341d54843566debd,True,1000,100.42643834500446,35.16571229192623,32.63036302653911,0.6733802137348494,67.27757731158277,0.6232074159197509,known quoted arrival dates; overtaking allowed,6ff86698b91d0d5765d4bed38c15201d89f4c4d527c8129a35bb95fb06ba5c7c,6ff86698b91d0d5765d4bed38c15201d89f4c4d527c8129a35bb95fb06ba5c7c,0.6741571772381433,True,evaluation/exp_ar_neg06_fixed6/baseline_h200_forecast_capped_base_stock/test.json
exp_ar_neg06_fixed6,baseline_h200_forecast_capped_base_stock,forecast_capped_base_stock,,baseline,cold_start,50,test,0,200,evaluation/exp_ar_neg06_fixed6/baseline_h200_forecast_capped_base_stock/test.npz,cold_start_h50,25c5af7d9ab50e3740276c5a8e4870a1c5223c5ba89977ba26b8b195b3d449b3,,77cc27ca243855845ec579d22876b1890a65cdb822b83156341d54843566debd,True,1000,111.93022266933292,30.21543297201994,40.85739484865648,0.5893376454604891,67.41512303921255,0.6232074159197509,known quoted arrival dates; overtaking allowed,6ff86698b91d0d5765d4bed38c15201d89f4c4d527c8129a35bb95fb06ba5c7c,6ff86698b91d0d5765d4bed38c15201d89f4c4d527c8129a35bb95fb06ba5c7c,0.5959668544382359,True,evaluation/exp_ar_neg06_fixed6/baseline_h200_forecast_capped_base_stock/test.json
exp_ar_neg06_fixed6,baseline_h200_forecast_capped_base_stock,forecast_capped_base_stock,,baseline,cold_start,100,test,0,200,evaluation/exp_ar_neg06_fixed6/baseline_h200_forecast_capped_base_stock/test.npz,cold_start_h100,25c5af7d9ab50e3740276c5a8e4870a1c5223c5ba89977ba26b8b195b3d449b3,,77cc27ca243855845ec579d22876b1890a65cdb822b83156341d54843566debd,True,1000,106.43474211274439,32.65428742261277,36.89022734506582,0.6306300359515491,67.35256500826168,0.6232074159197509,known quoted arrival dates; overtaking allowed,6ff86698b91d0d5765d4bed38c15201d89f4c4d527c8129a35bb95fb06ba5c7c,6ff86698b91d0d5765d4bed38c15201d89f4c4d527c8129a35bb95fb06ba5c7c,0.6343545715566704,True,evaluation/exp_ar_neg06_fixed6/baseline_h200_forecast_capped_base_stock/test.json
exp_ar_neg06_fixed6,baseline_h200_forecast_capped_base_stock,forecast_capped_base_stock,,baseline,cold_start,200,test,0,200,evaluation/exp_ar_neg06_fixed6/baseline_h200_forecast_capped_base_stock/test.npz,cold_start_h200,25c5af7d9ab50e3740276c5a8e4870a1c5223c5ba89977ba26b8b195b3d449b3,,77cc27ca243855845ec579d22876b1890a65cdb822b83156341d54843566debd,True,1000,103.17994168897472,34.00477075959132,34.5875854646917,0.653127800628401,67.31549957488284,0.6232074159197509,known quoted arrival dates; overtaking allowed,6ff86698b91d0d5765d4bed38c15201d89f4c4d527c8129a35bb95fb06ba5c7c,6ff86698b91d0d5765d4bed38c15201d89f4c4d527c8129a35bb95fb06ba5c7c,0.655025597829413,True,evaluation/exp_ar_neg06_fixed6/baseline_h200_forecast_capped_base_stock/test.json
exp_ar_neg06_fixed6,baseline_h200_forecast_capped_base_stock,forecast_capped_base_stock,,baseline,cold_start,500,test,0,200,evaluation/exp_ar_neg06_fixed6/baseline_h200_forecast_capped_base_stock/test.npz,cold_start_h500,25c5af7d9ab50e3740276c5a8e4870a1c5223c5ba89977ba26b8b195b3d449b3,,77cc27ca243855845ec579d22876b1890a65cdb822b83156341d54843566debd,True,1000,101.32393452834718,34.69583076572136,33.31405188131291,0.6659640781037052,67.29384493499883,0.6232074159197509,known quoted arrival dates; overtaking allowed,6ff86698b91d0d5765d4bed38c15201d89f4c4d527c8129a35bb95fb06ba5c7c,6ff86698b91d0d5765d4bed38c15201d89f4c4d527c8129a35bb95fb06ba5c7c,0.6666849216056431,True,evaluation/exp_ar_neg06_fixed6/baseline_h200_forecast_capped_base_stock/test.json
exp_ar_neg06_fixed6,baseline_h200_pil_cop_continuation,pil_cop_continuation,,baseline,steady,50,test,500,200,evaluation/exp_ar_neg06_fixed6/baseline_h200_pil_cop_continuation/test.npz,steady_h50,25c5af7d9ab50e3740276c5a8e4870a1c5223c5ba89977ba26b8b195b3d449b3,,0236789bac3ddf4041e6ee847af16ba4ff3f96349862f7c870677d56e6f28a24,True,1000,99.4147817946614,35.166826142169526,32.12397782624593,0.6768582863795288,67.30621517907338,1.313223541015759,known quoted arrival dates; overtaking allowed,d386363d49931df4aba662ef3d2017c9f8f32e0b0e8a1a91504049e016ac50ad,d386363d49931df4aba662ef3d2017c9f8f32e0b0e8a1a91504049e016ac50ad,0.6841057815079827,True,evaluation/exp_ar_neg06_fixed6/baseline_h200_pil_cop_continuation/test.json
exp_ar_neg06_fixed6,baseline_h200_pil_cop_continuation,pil_cop_continuation,,baseline,steady,100,test,500,200,evaluation/exp_ar_neg06_fixed6/baseline_h200_pil_cop_continuation/test.npz,steady_h100,25c5af7d9ab50e3740276c5a8e4870a1c5223c5ba89977ba26b8b195b3d449b3,,0236789bac3ddf4041e6ee847af16ba4ff3f96349862f7c870677d56e6f28a24,True,1000,99.69645678722861,35.30902469475493,32.193716046236844,0.6764141277209255,67.29219838096252,1.313223541015759,known quoted arrival dates; overtaking allowed,d386363d49931df4aba662ef3d2017c9f8f32e0b0e8a1a91504049e016ac50ad,d386363d49931df4aba662ef3d2017c9f8f32e0b0e8a1a91504049e016ac50ad,0.6802127144653012,True,evaluation/exp_ar_neg06_fixed6/baseline_h200_pil_cop_continuation/test.json
exp_ar_neg06_fixed6,baseline_h200_pil_cop_continuation,pil_cop_continuation,,baseline,steady,200,test,500,200,evaluation/exp_ar_neg06_fixed6/baseline_h200_pil_cop_continuation/test.npz,steady_h200,25c5af7d9ab50e3740276c5a8e4870a1c5223c5ba89977ba26b8b195b3d449b3,,0236789bac3ddf4041e6ee847af16ba4ff3f96349862f7c870677d56e6f28a24,True,1000,99.95988235996779,35.20098877800952,32.37944679097914,0.6751669730864372,67.30660279272846,1.313223541015759,known quoted arrival dates; overtaking allowed,d386363d49931df4aba662ef3d2017c9f8f32e0b0e8a1a91504049e016ac50ad,d386363d49931df4aba662ef3d2017c9f8f32e0b0e8a1a91504049e016ac50ad,0.6770465739683829,True,evaluation/exp_ar_neg06_fixed6/baseline_h200_pil_cop_continuation/test.json
exp_ar_neg06_fixed6,baseline_h200_pil_cop_continuation,pil_cop_continuation,,baseline,steady,500,test,500,200,evaluation/exp_ar_neg06_fixed6/baseline_h200_pil_cop_continuation/test.npz,steady_h500,25c5af7d9ab50e3740276c5a8e4870a1c5223c5ba89977ba26b8b195b3d449b3,,0236789bac3ddf4041e6ee847af16ba4ff3f96349862f7c870677d56e6f28a24,True,1000,100.24756750197959,35.066311378529626,32.590628061724985,0.6737779483755669,67.31664934153729,1.313223541015759,known quoted arrival dates; overtaking allowed,d386363d49931df4aba662ef3d2017c9f8f32e0b0e8a1a91504049e016ac50ad,d386363d49931df4aba662ef3d2017c9f8f32e0b0e8a1a91504049e016ac50ad,0.6745419947172971,True,evaluation/exp_ar_neg06_fixed6/baseline_h200_pil_cop_continuation/test.json
exp_ar_neg06_fixed6,baseline_h200_pil_cop_continuation,pil_cop_continuation,,baseline,cold_start,50,test,0,200,evaluation/exp_ar_neg06_fixed6/baseline_h200_pil_cop_continuation/test.npz,cold_start_h50,25c5af7d9ab50e3740276c5a8e4870a1c5223c5ba89977ba26b8b195b3d449b3,,0236789bac3ddf4041e6ee847af16ba4ff3f96349862f7c870677d56e6f28a24,True,1000,111.6357114512477,31.112100122856333,40.26180566419569,0.5953239805593109,68.0138863659234,1.313223541015759,known quoted arrival dates; overtaking allowed,d386363d49931df4aba662ef3d2017c9f8f32e0b0e8a1a91504049e016ac50ad,d386363d49931df4aba662ef3d2017c9f8f32e0b0e8a1a91504049e016ac50ad,0.6018652517673811,True,evaluation/exp_ar_neg06_fixed6/baseline_h200_pil_cop_continuation/test.json
exp_ar_neg06_fixed6,baseline_h200_pil_cop_continuation,pil_cop_continuation,,baseline,cold_start,100,test,0,200,evaluation/exp_ar_neg06_fixed6/baseline_h200_pil_cop_continuation/test.npz,cold_start_h100,25c5af7d9ab50e3740276c5a8e4870a1c5223c5ba89977ba26b8b195b3d449b3,,0236789bac3ddf4041e6ee847af16ba4ff3f96349862f7c870677d56e6f28a24,True,1000,106.2384054487148,33.079602146899994,36.57940165090741,0.633742233510071,67.66541825407238,1.313223541015759,known quoted arrival dates; overtaking allowed,d386363d49931df4aba662ef3d2017c9f8f32e0b0e8a1a91504049e016ac50ad,d386363d49931df4aba662ef3d2017c9f8f32e0b0e8a1a91504049e016ac50ad,0.6374087499889807,True,evaluation/exp_ar_neg06_fixed6/baseline_h200_pil_cop_continuation/test.json
exp_ar_neg06_fixed6,baseline_h200_pil_cop_continuation,pil_cop_continuation,,baseline,cold_start,200,test,0,200,evaluation/exp_ar_neg06_fixed6/baseline_h200_pil_cop_continuation/test.npz,cold_start_h200,25c5af7d9ab50e3740276c5a8e4870a1c5223c5ba89977ba26b8b195b3d449b3,,0236789bac3ddf4041e6ee847af16ba4ff3f96349862f7c870677d56e6f28a24,True,1000,102.99627789176344,34.170701154622,34.41278836857071,0.6548808068692429,67.48695227471427,1.313223541015759,known quoted arrival dates; overtaking allowed,d386363d49931df4aba662ef3d2017c9f8f32e0b0e8a1a91504049e016ac50ad,d386363d49931df4aba662ef3d2017c9f8f32e0b0e8a1a91504049e016ac50ad,0.6567396784790617,True,evaluation/exp_ar_neg06_fixed6/baseline_h200_pil_cop_continuation/test.json
exp_ar_neg06_fixed6,baseline_h200_pil_cop_continuation,pil_cop_continuation,,baseline,cold_start,500,test,0,200,evaluation/exp_ar_neg06_fixed6/baseline_h200_pil_cop_continuation/test.npz,cold_start_h500,25c5af7d9ab50e3740276c5a8e4870a1c5223c5ba89977ba26b8b195b3d449b3,,0236789bac3ddf4041e6ee847af16ba4ff3f96349862f7c870677d56e6f28a24,True,1000,101.17521618746983,34.72355989920118,33.225828144134326,0.6668486867213113,67.38324326956197,1.313223541015759,known quoted arrival dates; overtaking allowed,d386363d49931df4aba662ef3d2017c9f8f32e0b0e8a1a91504049e016ac50ad,d386363d49931df4aba662ef3d2017c9f8f32e0b0e8a1a91504049e016ac50ad,0.6675565055771795,True,evaluation/exp_ar_neg06_fixed6/baseline_h200_pil_cop_continuation/test.json
exp_ar_neg06_fixed6,self_evolve_h200_r1,self_evolve,1,primary,steady,50,test,500,200,evaluation/exp_ar_neg06_fixed6/self_evolve_h200_r1/test.npz,steady_h50,25c5af7d9ab50e3740276c5a8e4870a1c5223c5ba89977ba26b8b195b3d449b3,7c95e942f2496c7b9eb663c7e8414cad177b2809e370d82689a1f7e4ee269d8c,,True,1000,99.43546723913317,35.40351013313743,32.015978552997865,0.6779446733274936,67.41018958561367,1.2028077919967473,known quoted arrival dates; overtaking allowed,06a6e4215dd50e51dcd5c025c7c05f7aeda3abe5b64787952147e1a6580dfc3c,06a6e4215dd50e51dcd5c025c7c05f7aeda3abe5b64787952147e1a6580dfc3c,0.6851582046953812,True,evaluation/exp_ar_neg06_fixed6/self_evolve_h200_r1/test.json
exp_ar_neg06_fixed6,self_evolve_h200_r1,self_evolve,1,primary,steady,100,test,500,200,evaluation/exp_ar_neg06_fixed6/self_evolve_h200_r1/test.npz,steady_h100,25c5af7d9ab50e3740276c5a8e4870a1c5223c5ba89977ba26b8b195b3d449b3,7c95e942f2496c7b9eb663c7e8414cad177b2809e370d82689a1f7e4ee269d8c,,True,1000,99.74156700071453,35.56504583379408,32.088260583460226,0.6774740829575363,67.3987855901868,1.2028077919967473,known quoted arrival dates; overtaking allowed,06a6e4215dd50e51dcd5c025c7c05f7aeda3abe5b64787952147e1a6580dfc3c,06a6e4215dd50e51dcd5c025c7c05f7aeda3abe5b64787952147e1a6580dfc3c,0.6812492470059197,True,evaluation/exp_ar_neg06_fixed6/self_evolve_h200_r1/test.json
exp_ar_neg06_fixed6,self_evolve_h200_r1,self_evolve,1,primary,steady,200,test,500,200,evaluation/exp_ar_neg06_fixed6/self_evolve_h200_r1/test.npz,steady_h200,25c5af7d9ab50e3740276c5a8e4870a1c5223c5ba89977ba26b8b195b3d449b3,7c95e942f2496c7b9eb663c7e8414cad177b2809e370d82689a1f7e4ee269d8c,,True,1000,99.99617321448885,35.445072520073,32.27555034720792,0.6762092699648746,67.40915808781567,1.2028077919967473,known quoted arrival dates; overtaking allowed,06a6e4215dd50e51dcd5c025c7c05f7aeda3abe5b64787952147e1a6580dfc3c,06a6e4215dd50e51dcd5c025c7c05f7aeda3abe5b64787952147e1a6580dfc3c,0.6780774667133367,True,evaluation/exp_ar_neg06_fixed6/self_evolve_h200_r1/test.json
exp_ar_neg06_fixed6,self_evolve_h200_r1,self_evolve,1,primary,steady,500,test,500,200,evaluation/exp_ar_neg06_fixed6/self_evolve_h200_r1/test.npz,steady_h500,25c5af7d9ab50e3740276c5a8e4870a1c5223c5ba89977ba26b8b195b3d449b3,7c95e942f2496c7b9eb663c7e8414cad177b2809e370d82689a1f7e4ee269d8c,,True,1000,100.29211082925977,35.3159725035918,32.48806916283399,0.6748045310589443,67.41902008119112,1.2028077919967473,known quoted arrival dates; overtaking allowed,06a6e4215dd50e51dcd5c025c7c05f7aeda3abe5b64787952147e1a6580dfc3c,06a6e4215dd50e51dcd5c025c7c05f7aeda3abe5b64787952147e1a6580dfc3c,0.6755640588254118,True,evaluation/exp_ar_neg06_fixed6/self_evolve_h200_r1/test.json
exp_ar_neg06_fixed6,self_evolve_h200_r1,self_evolve,1,primary,cold_start,50,test,0,200,evaluation/exp_ar_neg06_fixed6/self_evolve_h200_r1/test.npz,cold_start_h50,25c5af7d9ab50e3740276c5a8e4870a1c5223c5ba89977ba26b8b195b3d449b3,7c95e942f2496c7b9eb663c7e8414cad177b2809e370d82689a1f7e4ee269d8c,,True,1000,112.94668897804416,34.88426930857556,39.0312098347343,0.6076928401668573,69.25946129678874,1.2028077919967473,known quoted arrival dates; overtaking allowed,06a6e4215dd50e51dcd5c025c7c05f7aeda3abe5b64787952147e1a6580dfc3c,06a6e4215dd50e51dcd5c025c7c05f7aeda3abe5b64787952147e1a6580dfc3c,0.6142761048777079,True,evaluation/exp_ar_neg06_fixed6/self_evolve_h200_r1/test.json
exp_ar_neg06_fixed6,self_evolve_h200_r1,self_evolve,1,primary,cold_start,100,test,0,200,evaluation/exp_ar_neg06_fixed6/self_evolve_h200_r1/test.npz,cold_start_h100,25c5af7d9ab50e3740276c5a8e4870a1c5223c5ba89977ba26b8b195b3d449b3,7c95e942f2496c7b9eb663c7e8414cad177b2809e370d82689a1f7e4ee269d8c,,True,1000,106.93314682337508,35.103551059194736,35.91479788209016,0.6403966969780854,68.33868975686708,1.2028077919967473,known quoted arrival dates; overtaking allowed,06a6e4215dd50e51dcd5c025c7c05f7aeda3abe5b64787952147e1a6580dfc3c,06a6e4215dd50e51dcd5c025c7c05f7aeda3abe5b64787952147e1a6580dfc3c,0.6440676208437772,True,evaluation/exp_ar_neg06_fixed6/self_evolve_h200_r1/test.json
exp_ar_neg06_fixed6,self_evolve_h200_r1,self_evolve,1,primary,cold_start,200,test,0,200,evaluation/exp_ar_neg06_fixed6/self_evolve_h200_r1/test.npz,cold_start_h200,25c5af7d9ab50e3740276c5a8e4870a1c5223c5ba89977ba26b8b195b3d449b3,7c95e942f2496c7b9eb663c7e8414cad177b2809e370d82689a1f7e4ee269d8c,,True,1000,103.37445320352157,35.31090098054398,34.031776111488796,0.6587019050414891,67.87093663845208,1.2028077919967473,known quoted arrival dates; overtaking allowed,06a6e4215dd50e51dcd5c025c7c05f7aeda3abe5b64787952147e1a6580dfc3c,06a6e4215dd50e51dcd5c025c7c05f7aeda3abe5b64787952147e1a6580dfc3c,0.6605540296551557,True,evaluation/exp_ar_neg06_fixed6/self_evolve_h200_r1/test.json
exp_ar_neg06_fixed6,self_evolve_h200_r1,self_evolve,1,primary,cold_start,500,test,0,200,evaluation/exp_ar_neg06_fixed6/self_evolve_h200_r1/test.npz,cold_start_h500,25c5af7d9ab50e3740276c5a8e4870a1c5223c5ba89977ba26b8b195b3d449b3,7c95e942f2496c7b9eb663c7e8414cad177b2809e370d82689a1f7e4ee269d8c,,True,1000,101.35505791107589,35.33000897411649,33.012524468479704,0.6689874565771968,67.59854723164115,1.2028077919967473,known quoted arrival dates; overtaking allowed,06a6e4215dd50e51dcd5c025c7c05f7aeda3abe5b64787952147e1a6580dfc3c,06a6e4215dd50e51dcd5c025c7c05f7aeda3abe5b64787952147e1a6580dfc3c,0.6696920383274027,True,evaluation/exp_ar_neg06_fixed6/self_evolve_h200_r1/test.json
exp_ar_neg06_fixed6,self_evolve_h200_r2,self_evolve,2,primary,steady,50,test,500,200,evaluation/exp_ar_neg06_fixed6/self_evolve_h200_r2/test.npz,steady_h50,25c5af7d9ab50e3740276c5a8e4870a1c5223c5ba89977ba26b8b195b3d449b3,0d6afe042d99ee13e011d5d997e7e237797cbc7f0b40a305412e1a1b95351b23,,True,1000,104.8298709355155,36.35413331636738,34.23786880957405,0.6555942213109301,65.18195260194827,0.5261285831220448,known quoted arrival dates; overtaking allowed,570b205809c6105ab9a415f45b2163b8a3587c28224379145088200bd52538fd,570b205809c6105ab9a415f45b2163b8a3587c28224379145088200bd52538fd,0.6624438289555373,True,evaluation/exp_ar_neg06_fixed6/self_evolve_h200_r2/test.json
exp_ar_neg06_fixed6,self_evolve_h200_r2,self_evolve,2,primary,steady,100,test,500,200,evaluation/exp_ar_neg06_fixed6/self_evolve_h200_r2/test.npz,steady_h100,25c5af7d9ab50e3740276c5a8e4870a1c5223c5ba89977ba26b8b195b3d449b3,0d6afe042d99ee13e011d5d997e7e237797cbc7f0b40a305412e1a1b95351b23,,True,1000,105.26913539982797,36.56749251314477,34.3508214433416,0.6547326035838064,65.12133004041578,0.5261285831220448,known quoted arrival dates; overtaking allowed,570b205809c6105ab9a415f45b2163b8a3587c28224379145088200bd52538fd,570b205809c6105ab9a415f45b2163b8a3587c28224379145088200bd52538fd,0.6583320904365347,True,evaluation/exp_ar_neg06_fixed6/self_evolve_h200_r2/test.json
exp_ar_neg06_fixed6,self_evolve_h200_r2,self_evolve,2,primary,steady,200,test,500,200,evaluation/exp_ar_neg06_fixed6/self_evolve_h200_r2/test.npz,steady_h200,25c5af7d9ab50e3740276c5a8e4870a1c5223c5ba89977ba26b8b195b3d449b3,0d6afe042d99ee13e011d5d997e7e237797cbc7f0b40a305412e1a1b95351b23,,True,1000,105.46983254146326,36.42035860400686,34.524736968728206,0.6536452619051238,65.16305541590931,0.5261285831220448,known quoted arrival dates; overtaking allowed,570b205809c6105ab9a415f45b2163b8a3587c28224379145088200bd52538fd,570b205809c6105ab9a415f45b2163b8a3587c28224379145088200bd52538fd,0.6554253511522773,True,evaluation/exp_ar_neg06_fixed6/self_evolve_h200_r2/test.json
exp_ar_neg06_fixed6,self_evolve_h200_r2,self_evolve,2,primary,steady,500,test,500,200,evaluation/exp_ar_neg06_fixed6/self_evolve_h200_r2/test.npz,steady_h500,25c5af7d9ab50e3740276c5a8e4870a1c5223c5ba89977ba26b8b195b3d449b3,0d6afe042d99ee13e011d5d997e7e237797cbc7f0b40a305412e1a1b95351b23,,True,1000,105.86628103962035,36.36565374330974,34.7503136481553,0.6521601672903218,65.15752108394028,0.5261285831220448,known quoted arrival dates; overtaking allowed,570b205809c6105ab9a415f45b2163b8a3587c28224379145088200bd52538fd,570b205809c6105ab9a415f45b2163b8a3587c28224379145088200bd52538fd,0.6528881343472239,True,evaluation/exp_ar_neg06_fixed6/self_evolve_h200_r2/test.json
exp_ar_neg06_fixed6,self_evolve_h200_r2,self_evolve,2,primary,cold_start,50,test,0,200,evaluation/exp_ar_neg06_fixed6/self_evolve_h200_r2/test.npz,cold_start_h50,25c5af7d9ab50e3740276c5a8e4870a1c5223c5ba89977ba26b8b195b3d449b3,0d6afe042d99ee13e011d5d997e7e237797cbc7f0b40a305412e1a1b95351b23,,True,1000,138.61266481695745,56.39447324743488,41.10909578476129,0.5868077705273594,66.92673004322747,0.5261285831220448,known quoted arrival dates; overtaking allowed,570b205809c6105ab9a415f45b2163b8a3587c28224379145088200bd52538fd,570b205809c6105ab9a415f45b2163b8a3587c28224379145088200bd52538fd,0.5929420582182563,True,evaluation/exp_ar_neg06_fixed6/self_evolve_h200_r2/test.json
exp_ar_neg06_fixed6,self_evolve_h200_r2,self_evolve,2,primary,cold_start,100,test,0,200,evaluation/exp_ar_neg06_fixed6/self_evolve_h200_r2/test.npz,cold_start_h100,25c5af7d9ab50e3740276c5a8e4870a1c5223c5ba89977ba26b8b195b3d449b3,0d6afe042d99ee13e011d5d997e7e237797cbc7f0b40a305412e1a1b95351b23,,True,1000,122.83151667098561,46.58289017887794,38.12431324605381,0.6182735313245423,66.01263017869316,0.5261285831220448,known quoted arrival dates; overtaking allowed,570b205809c6105ab9a415f45b2163b8a3587c28224379145088200bd52538fd,570b205809c6105ab9a415f45b2163b8a3587c28224379145088200bd52538fd,0.6217486537743416,True,evaluation/exp_ar_neg06_fixed6/self_evolve_h200_r2/test.json
exp_ar_neg06_fixed6,self_evolve_h200_r2,self_evolve,2,primary,cold_start,200,test,0,200,evaluation/exp_ar_neg06_fixed6/self_evolve_h200_r2/test.npz,cold_start_h200,25c5af7d9ab50e3740276c5a8e4870a1c5223c5ba89977ba26b8b195b3d449b3,0d6afe042d99ee13e011d5d997e7e237797cbc7f0b40a305412e1a1b95351b23,,True,1000,114.31697944576585,41.736619535849115,36.290179954958354,0.6360528100633716,65.5527740027754,0.5261285831220448,known quoted arrival dates; overtaking allowed,570b205809c6105ab9a415f45b2163b8a3587c28224379145088200bd52538fd,570b205809c6105ab9a415f45b2163b8a3587c28224379145088200bd52538fd,0.6378177595288655,True,evaluation/exp_ar_neg06_fixed6/self_evolve_h200_r2/test.json
exp_ar_neg06_fixed6,self_evolve_h200_r2,self_evolve,2,primary,cold_start,500,test,0,200,evaluation/exp_ar_neg06_fixed6/self_evolve_h200_r2/test.npz,cold_start_h500,25c5af7d9ab50e3740276c5a8e4870a1c5223c5ba89977ba26b8b195b3d449b3,0d6afe042d99ee13e011d5d997e7e237797cbc7f0b40a305412e1a1b95351b23,,True,1000,109.10075131811904,38.54318254233996,35.27878438788955,0.6462639456655348,65.30809444789702,0.5261285831220448,known quoted arrival dates; overtaking allowed,570b205809c6105ab9a415f45b2163b8a3587c28224379145088200bd52538fd,570b205809c6105ab9a415f45b2163b8a3587c28224379145088200bd52538fd,0.6469365797678076,True,evaluation/exp_ar_neg06_fixed6/self_evolve_h200_r2/test.json
exp_ar_neg06_fixed6,self_evolve_h200_r3,self_evolve,3,primary,steady,50,test,500,200,evaluation/exp_ar_neg06_fixed6/self_evolve_h200_r3/test.npz,steady_h50,25c5af7d9ab50e3740276c5a8e4870a1c5223c5ba89977ba26b8b195b3d449b3,3b055f7c78d5312a70a5f307ccb9db0a260b9980834d2f47918d147d4ef7f4c1,,True,1000,99.76072012246954,34.90188771275374,32.4294162048579,0.6737858187790348,67.00506002079146,0.46525408304296434,known quoted arrival dates; overtaking allowed,5f5ac154207f64652106ca632d47db32584e3a0116ba358b8359114befd84e81,5f5ac154207f64652106ca632d47db32584e3a0116ba358b8359114befd84e81,0.6812845991881971,True,evaluation/exp_ar_neg06_fixed6/self_evolve_h200_r3/test.json
exp_ar_neg06_fixed6,self_evolve_h200_r3,self_evolve,3,primary,steady,100,test,500,200,evaluation/exp_ar_neg06_fixed6/self_evolve_h200_r3/test.npz,steady_h100,25c5af7d9ab50e3740276c5a8e4870a1c5223c5ba89977ba26b8b195b3d449b3,3b055f7c78d5312a70a5f307ccb9db0a260b9980834d2f47918d147d4ef7f4c1,,True,1000,99.97264964104905,35.0092167498389,32.481716445605066,0.6735193745861074,67.00768287494357,0.46525408304296434,known quoted arrival dates; overtaking allowed,5f5ac154207f64652106ca632d47db32584e3a0116ba358b8359114befd84e81,5f5ac154207f64652106ca632d47db32584e3a0116ba358b8359114befd84e81,0.6774530708932666,True,evaluation/exp_ar_neg06_fixed6/self_evolve_h200_r3/test.json
exp_ar_neg06_fixed6,self_evolve_h200_r3,self_evolve,3,primary,steady,200,test,500,200,evaluation/exp_ar_neg06_fixed6/self_evolve_h200_r3/test.npz,steady_h200,25c5af7d9ab50e3740276c5a8e4870a1c5223c5ba89977ba26b8b195b3d449b3,3b055f7c78d5312a70a5f307ccb9db0a260b9980834d2f47918d147d4ef7f4c1,,True,1000,100.19184088405368,34.82861014605172,32.68161536900097,0.6721355953587503,67.00645616152003,0.46525408304296434,known quoted arrival dates; overtaking allowed,5f5ac154207f64652106ca632d47db32584e3a0116ba358b8359114befd84e81,5f5ac154207f64652106ca632d47db32584e3a0116ba358b8359114befd84e81,0.6740879230996194,True,evaluation/exp_ar_neg06_fixed6/self_evolve_h200_r3/test.json
exp_ar_neg06_fixed6,self_evolve_h200_r3,self_evolve,3,primary,steady,500,test,500,200,evaluation/exp_ar_neg06_fixed6/self_evolve_h200_r3/test.npz,steady_h500,25c5af7d9ab50e3740276c5a8e4870a1c5223c5ba89977ba26b8b195b3d449b3,3b055f7c78d5312a70a5f307ccb9db0a260b9980834d2f47918d147d4ef7f4c1,,True,1000,100.40812466867834,34.614916839845876,32.896603914416225,0.6707152252447506,67.00954559054782,0.46525408304296434,known quoted arrival dates; overtaking allowed,5f5ac154207f64652106ca632d47db32584e3a0116ba358b8359114befd84e81,5f5ac154207f64652106ca632d47db32584e3a0116ba358b8359114befd84e81,0.6715013738688734,True,evaluation/exp_ar_neg06_fixed6/self_evolve_h200_r3/test.json
exp_ar_neg06_fixed6,self_evolve_h200_r3,self_evolve,3,primary,cold_start,50,test,0,200,evaluation/exp_ar_neg06_fixed6/self_evolve_h200_r3/test.npz,cold_start_h50,25c5af7d9ab50e3740276c5a8e4870a1c5223c5ba89977ba26b8b195b3d449b3,3b055f7c78d5312a70a5f307ccb9db0a260b9980834d2f47918d147d4ef7f4c1,,True,1000,115.5876295498567,38.863342770782126,38.3621433895373,0.614417703627823,69.86250814425877,0.46525408304296434,known quoted arrival dates; overtaking allowed,5f5ac154207f64652106ca632d47db32584e3a0116ba358b8359114befd84e81,5f5ac154207f64652106ca632d47db32584e3a0116ba358b8359114befd84e81,0.621256943196694,True,evaluation/exp_ar_neg06_fixed6/self_evolve_h200_r3/test.json
exp_ar_neg06_fixed6,self_evolve_h200_r3,self_evolve,3,primary,cold_start,100,test,0,200,evaluation/exp_ar_neg06_fixed6/self_evolve_h200_r3/test.npz,cold_start_h100,25c5af7d9ab50e3740276c5a8e4870a1c5223c5ba89977ba26b8b195b3d449b3,3b055f7c78d5312a70a5f307ccb9db0a260b9980834d2f47918d147d4ef7f4c1,,True,1000,108.22212089123872,36.65724941591635,35.78243573766118,0.6417219964963506,68.43885021733452,0.46525408304296434,known quoted arrival dates; overtaking allowed,5f5ac154207f64652106ca632d47db32584e3a0116ba358b8359114befd84e81,5f5ac154207f64652106ca632d47db32584e3a0116ba358b8359114befd84e81,0.6455460974846692,True,evaluation/exp_ar_neg06_fixed6/self_evolve_h200_r3/test.json
exp_ar_neg06_fixed6,self_evolve_h200_r3,self_evolve,3,primary,cold_start,200,test,0,200,evaluation/exp_ar_neg06_fixed6/self_evolve_h200_r3/test.npz,cold_start_h200,25c5af7d9ab50e3740276c5a8e4870a1c5223c5ba89977ba26b8b195b3d449b3,3b055f7c78d5312a70a5f307ccb9db0a260b9980834d2f47918d147d4ef7f4c1,,True,1000,104.02930421193503,35.699755619332784,34.16477429630113,0.6573680919909834,67.72274026791027,0.46525408304296434,known quoted arrival dates; overtaking allowed,5f5ac154207f64652106ca632d47db32584e3a0116ba358b8359114befd84e81,5f5ac154207f64652106ca632d47db32584e3a0116ba358b8359114befd84e81,0.659297601593775,True,evaluation/exp_ar_neg06_fixed6/self_evolve_h200_r3/test.json
exp_ar_neg06_fixed6,self_evolve_h200_r3,self_evolve,3,primary,cold_start,500,test,0,200,evaluation/exp_ar_neg06_fixed6/self_evolve_h200_r3/test.npz,cold_start_h500,25c5af7d9ab50e3740276c5a8e4870a1c5223c5ba89977ba26b8b195b3d449b3,3b055f7c78d5312a70a5f307ccb9db0a260b9980834d2f47918d147d4ef7f4c1,,True,1000,101.68163317894562,35.07048509902669,33.30557403995946,0.666049084381605,67.2987558554367,0.46525408304296434,known quoted arrival dates; overtaking allowed,5f5ac154207f64652106ca632d47db32584e3a0116ba358b8359114befd84e81,5f5ac154207f64652106ca632d47db32584e3a0116ba358b8359114befd84e81,0.666781319555282,True,evaluation/exp_ar_neg06_fixed6/self_evolve_h200_r3/test.json
exp_ar_pos08_fixed6,baseline_h100_base_stock,base_stock,,baseline_extension,steady,50,test,500,100,evaluation/exp_ar_pos08_fixed6/baseline_h100_base_stock/test.npz,steady_h50,4394eb6c96e3bfcbc157dbdefe32ce75aa0fd3fd3330af5e87c0b07cf91a11fa,,fb5721218de69070c6d6090a2e1219ed87284bb9e35ea86f3f3d45a5c474d27d,True,1000,168.26301422496235,25.700082227084582,71.28146599893888,0.2962277861397899,29.974696516574,0.5183037919923663,known quoted arrival dates; overtaking allowed,98f8e07589b90aa38b6ebd7ed50eeb3ce000bde12b7928218c939b9395414f87,98f8e07589b90aa38b6ebd7ed50eeb3ce000bde12b7928218c939b9395414f87,0.33196856957668885,True,evaluation/exp_ar_pos08_fixed6/baseline_h100_base_stock/test.json
exp_ar_pos08_fixed6,baseline_h100_base_stock,base_stock,,baseline_extension,steady,100,test,500,100,evaluation/exp_ar_pos08_fixed6/baseline_h100_base_stock/test.npz,steady_h100,4394eb6c96e3bfcbc157dbdefe32ce75aa0fd3fd3330af5e87c0b07cf91a11fa,,fb5721218de69070c6d6090a2e1219ed87284bb9e35ea86f3f3d45a5c474d27d,True,1000,167.53318546662314,26.544921209693115,70.494132128465,0.29767966298830906,29.872968997658845,0.5183037919923663,known quoted arrival dates; overtaking allowed,98f8e07589b90aa38b6ebd7ed50eeb3ce000bde12b7928218c939b9395414f87,98f8e07589b90aa38b6ebd7ed50eeb3ce000bde12b7928218c939b9395414f87,0.3170662274478327,True,evaluation/exp_ar_pos08_fixed6/baseline_h100_base_stock/test.json
exp_ar_pos08_fixed6,baseline_h100_base_stock,base_stock,,baseline_extension,steady,200,test,500,100,evaluation/exp_ar_pos08_fixed6/baseline_h100_base_stock/test.npz,steady_h200,4394eb6c96e3bfcbc157dbdefe32ce75aa0fd3fd3330af5e87c0b07cf91a11fa,,fb5721218de69070c6d6090a2e1219ed87284bb9e35ea86f3f3d45a5c474d27d,True,1000,167.61265985805937,26.790790253144774,70.41093480245729,0.2977585496889961,29.851933587820817,0.5183037919923663,known quoted arrival dates; overtaking allowed,98f8e07589b90aa38b6ebd7ed50eeb3ce000bde12b7928218c939b9395414f87,98f8e07589b90aa38b6ebd7ed50eeb3ce000bde12b7928218c939b9395414f87,0.30776199037519114,True,evaluation/exp_ar_pos08_fixed6/baseline_h100_base_stock/test.json
exp_ar_pos08_fixed6,baseline_h100_base_stock,base_stock,,baseline_extension,steady,500,test,500,100,evaluation/exp_ar_pos08_fixed6/baseline_h100_base_stock/test.npz,steady_h500,4394eb6c96e3bfcbc157dbdefe32ce75aa0fd3fd3330af5e87c0b07cf91a11fa,,fb5721218de69070c6d6090a2e1219ed87284bb9e35ea86f3f3d45a5c474d27d,True,1000,167.23169495090457,27.207487572221584,70.0121036893415,0.2985307783102286,29.79464014416889,0.5183037919923663,known quoted arrival dates; overtaking allowed,98f8e07589b90aa38b6ebd7ed50eeb3ce000bde12b7928218c939b9395414f87,98f8e07589b90aa38b6ebd7ed50eeb3ce000bde12b7928218c939b9395414f87,0.30252016076403304,True,evaluation/exp_ar_pos08_fixed6/baseline_h100_base_stock/test.json
exp_ar_pos08_fixed6,baseline_h100_base_stock,base_stock,,baseline_extension,cold_start,50,test,0,100,evaluation/exp_ar_pos08_fixed6/baseline_h100_base_stock/test.npz,cold_start_h50,4394eb6c96e3bfcbc157dbdefe32ce75aa0fd3fd3330af5e87c0b07cf91a11fa,,fb5721218de69070c6d6090a2e1219ed87284bb9e35ea86f3f3d45a5c474d27d,True,1000,178.63337880973813,31.919072876488745,73.35715296662468,0.2679105211397469,30.93200570963791,0.5183037919923663,known quoted arrival dates; overtaking allowed,98f8e07589b90aa38b6ebd7ed50eeb3ce000bde12b7928218c939b9395414f87,98f8e07589b90aa38b6ebd7ed50eeb3ce000bde12b7928218c939b9395414f87,0.30228011472595334,True,evaluation/exp_ar_pos08_fixed6/baseline_h100_base_stock/test.json
exp_ar_pos08_fixed6,baseline_h100_base_stock,base_stock,,baseline_extension,cold_start,100,test,0,100,evaluation/exp_ar_pos08_fixed6/baseline_h100_base_stock/test.npz,cold_start_h100,4394eb6c96e3bfcbc157dbdefe32ce75aa0fd3fd3330af5e87c0b07cf91a11fa,,fb5721218de69070c6d6090a2e1219ed87284bb9e35ea86f3f3d45a5c474d27d,True,1000,173.167823014312,29.374026924003864,71.89689804515406,0.28296161648085943,30.421512895919317,0.5183037919923663,known quoted arrival dates; overtaking allowed,98f8e07589b90aa38b6ebd7ed50eeb3ce000bde12b7928218c939b9395414f87,98f8e07589b90aa38b6ebd7ed50eeb3ce000bde12b7928218c939b9395414f87,0.3010307794049296,True,evaluation/exp_ar_pos08_fixed6/baseline_h100_base_stock/test.json
exp_ar_pos08_fixed6,baseline_h100_base_stock,base_stock,,baseline_extension,cold_start,200,test,0,100,evaluation/exp_ar_pos08_fixed6/baseline_h100_base_stock/test.npz,cold_start_h200,4394eb6c96e3bfcbc157dbdefe32ce75aa0fd3fd3330af5e87c0b07cf91a11fa,,fb5721218de69070c6d6090a2e1219ed87284bb9e35ea86f3f3d45a5c474d27d,True,1000,169.5407595728374,28.261557588671035,70.6396009920832,0.2916069737914352,30.1124185032127,0.5183037919923663,known quoted arrival dates; overtaking allowed,98f8e07589b90aa38b6ebd7ed50eeb3ce000bde12b7928218c939b9395414f87,98f8e07589b90aa38b6ebd7ed50eeb3ce000bde12b7928218c939b9395414f87,0.3012278266248871,True,evaluation/exp_ar_pos08_fixed6/baseline_h100_base_stock/test.json
exp_ar_pos08_fixed6,baseline_h100_base_stock,base_stock,,baseline_extension,cold_start,500,test,0,100,evaluation/exp_ar_pos08_fixed6/baseline_h100_base_stock/test.npz,cold_start_h500,4394eb6c96e3bfcbc157dbdefe32ce75aa0fd3fd3330af5e87c0b07cf91a11fa,,fb5721218de69070c6d6090a2e1219ed87284bb9e35ea86f3f3d45a5c474d27d,True,1000,168.36582974133512,27.287468873402755,70.53918043396618,0.2953025947427357,29.972975137210252,0.5183037919923663,known quoted arrival dates; overtaking allowed,98f8e07589b90aa38b6ebd7ed50eeb3ce000bde12b7928218c939b9395414f87,98f8e07589b90aa38b6ebd7ed50eeb3ce000bde12b7928218c939b9395414f87,0.2991631048366686,True,evaluation/exp_ar_pos08_fixed6/baseline_h100_base_stock/test.json
exp_ar_pos08_fixed6,baseline_h100_capped_base_stock,capped_base_stock,,baseline_extension,steady,50,test,500,100,evaluation/exp_ar_pos08_fixed6/baseline_h100_capped_base_stock/test.npz,steady_h50,4394eb6c96e3bfcbc157dbdefe32ce75aa0fd3fd3330af5e87c0b07cf91a11fa,,91a623134e7b72d272e85e53c3231abfef37f5211d30b3fe918f2790dc1ac1cf,True,1000,165.25629895356462,24.64341228690033,70.30644333333214,0.30585432580647065,30.984837379271326,0.6540402499958873,known quoted arrival dates; overtaking allowed,d26e20a3a75939fc2346a51e52cd1d7d2feb070e2e74bfba541976b27947cc29,d26e20a3a75939fc2346a51e52cd1d7d2feb070e2e74bfba541976b27947cc29,0.34204716869285284,True,evaluation/exp_ar_pos08_fixed6/baseline_h100_capped_base_stock/test.json
exp_ar_pos08_fixed6,baseline_h100_capped_base_stock,capped_base_stock,,baseline_extension,steady,100,test,500,100,evaluation/exp_ar_pos08_fixed6/baseline_h100_capped_base_stock/test.npz,steady_h100,4394eb6c96e3bfcbc157dbdefe32ce75aa0fd3fd3330af5e87c0b07cf91a11fa,,91a623134e7b72d272e85e53c3231abfef37f5211d30b3fe918f2790dc1ac1cf,True,1000,164.59136462346004,25.505877051378338,69.54274378604086,0.3071581736260834,30.83557858977627,0.6540402499958873,known quoted arrival dates; overtaking allowed,d26e20a3a75939fc2346a51e52cd1d7d2feb070e2e74bfba541976b27947cc29,d26e20a3a75939fc2346a51e52cd1d7d2feb070e2e74bfba541976b27947cc29,0.32676925709467275,True,evaluation/exp_ar_pos08_fixed6/baseline_h100_capped_base_stock/test.json
exp_ar_pos08_fixed6,baseline_h100_capped_base_stock,capped_base_stock,,baseline_extension,steady,200,test,500,100,evaluation/exp_ar_pos08_fixed6/baseline_h100_capped_base_stock/test.npz,steady_h200,4394eb6c96e3bfcbc157dbdefe32ce75aa0fd3fd3330af5e87c0b07cf91a11fa,,91a623134e7b72d272e85e53c3231abfef37f5211d30b3fe918f2790dc1ac1cf,True,1000,164.62676691821184,25.703450408757945,69.46165825472694,0.30722613226682494,30.800918676397465,0.6540402499958873,known quoted arrival dates; overtaking allowed,d26e20a3a75939fc2346a51e52cd1d7d2feb070e2e74bfba541976b27947cc29,d26e20a3a75939fc2346a51e52cd1d7d2feb070e2e74bfba541976b27947cc29,0.31730276357676085,True,evaluation/exp_ar_pos08_fixed6/baseline_h100_capped_base_stock/test.json
exp_ar_pos08_fixed6,baseline_h100_capped_base_stock,capped_base_stock,,baseline_extension,steady,500,test,500,100,evaluation/exp_ar_pos08_fixed6/baseline_h100_capped_base_stock/test.npz,steady_h500,4394eb6c96e3bfcbc157dbdefe32ce75aa0fd3fd3330af5e87c0b07cf91a11fa,,91a623134e7b72d272e85e53c3231abfef37f5211d30b3fe918f2790dc1ac1cf,True,1000,164.25394398206012,26.12880603091181,69.06256897557417,0.30804441011865547,30.743551987229374,0.6540402499958873,known quoted arrival dates; overtaking allowed,d26e20a3a75939fc2346a51e52cd1d7d2feb070e2e74bfba541976b27947cc29,d26e20a3a75939fc2346a51e52cd1d7d2feb070e2e74bfba541976b27947cc29,0.31206064777477555,True,evaluation/exp_ar_pos08_fixed6/baseline_h100_capped_base_stock/test.json
exp_ar_pos08_fixed6,baseline_h100_capped_base_stock,capped_base_stock,,baseline_extension,cold_start,50,test,0,100,evaluation/exp_ar_pos08_fixed6/baseline_h100_capped_base_stock/test.npz,cold_start_h50,4394eb6c96e3bfcbc157dbdefe32ce75aa0fd3fd3330af5e87c0b07cf91a11fa,,91a623134e7b72d272e85e53c3231abfef37f5211d30b3fe918f2790dc1ac1cf,True,1000,167.93546501395824,21.951567229432598,72.99194889226283,0.2715551835845783,31.416602957511817,0.6540402499958873,known quoted arrival dates; overtaking allowed,d26e20a3a75939fc2346a51e52cd1d7d2feb070e2e74bfba541976b27947cc29,d26e20a3a75939fc2346a51e52cd1d7d2feb070e2e74bfba541976b27947cc29,0.30583610685629303,True,evaluation/exp_ar_pos08_fixed6/baseline_h100_capped_base_stock/test.json
exp_ar_pos08_fixed6,baseline_h100_capped_base_stock,capped_base_stock,,baseline_extension,cold_start,100,test,0,100,evaluation/exp_ar_pos08_fixed6/baseline_h100_capped_base_stock/test.npz,cold_start_h100,4394eb6c96e3bfcbc157dbdefe32ce75aa0fd3fd3330af5e87c0b07cf91a11fa,,91a623134e7b72d272e85e53c3231abfef37f5211d30b3fe918f2790dc1ac1cf,True,1000,166.09071762431037,23.62181025556239,71.23445368437399,0.2895682719352688,31.135191941875895,0.6540402499958873,known quoted arrival dates; overtaking allowed,d26e20a3a75939fc2346a51e52cd1d7d2feb070e2e74bfba541976b27947cc29,d26e20a3a75939fc2346a51e52cd1d7d2feb070e2e74bfba541976b27947cc29,0.30770272463833986,True,evaluation/exp_ar_pos08_fixed6/baseline_h100_capped_base_stock/test.json
exp_ar_pos08_fixed6,baseline_h100_capped_base_stock,capped_base_stock,,baseline_extension,cold_start,200,test,0,100,evaluation/exp_ar_pos08_fixed6/baseline_h100_capped_base_stock/test.npz,cold_start_h200,4394eb6c96e3bfcbc157dbdefe32ce75aa0fd3fd3330af5e87c0b07cf91a11fa,,91a623134e7b72d272e85e53c3231abfef37f5211d30b3fe918f2790dc1ac1cf,True,1000,164.3646942808296,24.723034107433808,69.8208300866979,0.29981782990176953,30.953895487988806,0.6540402499958873,known quoted arrival dates; overtaking allowed,d26e20a3a75939fc2346a51e52cd1d7d2feb070e2e74bfba541976b27947cc29,d26e20a3a75939fc2346a51e52cd1d7d2feb070e2e74bfba541976b27947cc29,0.3095000166126517,True,evaluation/exp_ar_pos08_fixed6/baseline_h100_capped_base_stock/test.json
exp_ar_pos08_fixed6,baseline_h100_capped_base_stock,capped_base_stock,,baseline_extension,cold_start,500,test,0,100,evaluation/exp_ar_pos08_fixed6/baseline_h100_capped_base_stock/test.npz,cold_start_h500,4394eb6c96e3bfcbc157dbdefe32ce75aa0fd3fd3330af5e87c0b07cf91a11fa,,91a623134e7b72d272e85e53c3231abfef37f5211d30b3fe918f2790dc1ac1cf,True,1000,164.46808735077585,25.19589177370632,69.63609778853478,0.3043245311056643,30.88411925003034,0.6540402499958873,known quoted arrival dates; overtaking allowed,d26e20a3a75939fc2346a51e52cd1d7d2feb070e2e74bfba541976b27947cc29,d26e20a3a75939fc2346a51e52cd1d7d2feb070e2e74bfba541976b27947cc29,0.30819479726012344,True,evaluation/exp_ar_pos08_fixed6/baseline_h100_capped_base_stock/test.json
exp_ar_pos08_fixed6,baseline_h100_conditional_pil,conditional_pil,,baseline_extension,steady,50,test,500,100,evaluation/exp_ar_pos08_fixed6/baseline_h100_conditional_pil/test.npz,steady_h50,4394eb6c96e3bfcbc157dbdefe32ce75aa0fd3fd3330af5e87c0b07cf91a11fa,,6f9239d40b783e4cac33ac6f158f8dfcd320305f5a74d42d15ca827fc9c926af,True,1000,163.07689423856783,26.672162272916356,68.20236598282575,0.32662818552368045,33.07082160241409,1.3863419168628752,known quoted arrival dates; overtaking allowed,4f0d1092b5a32bc53f406b8ad57fb6c1182fc7ee7b130e91fbd6058ac181642b,4f0d1092b5a32bc53f406b8ad57fb6c1182fc7ee7b130e91fbd6058ac181642b,0.3599711976777493,True,evaluation/exp_ar_pos08_fixed6/baseline_h100_conditional_pil/test.json
exp_ar_pos08_fixed6,baseline_h100_conditional_pil,conditional_pil,,baseline_extension,steady,100,test,500,100,evaluation/exp_ar_pos08_fixed6/baseline_h100_conditional_pil/test.npz,steady_h100,4394eb6c96e3bfcbc157dbdefe32ce75aa0fd3fd3330af5e87c0b07cf91a11fa,,6f9239d40b783e4cac33ac6f158f8dfcd320305f5a74d42d15ca827fc9c926af,True,1000,162.44720079461723,27.50278916959025,67.4722058125135,0.32778657039410386,32.89492836690468,1.3863419168628752,known quoted arrival dates; overtaking allowed,4f0d1092b5a32bc53f406b8ad57fb6c1182fc7ee7b130e91fbd6058ac181642b,4f0d1092b5a32bc53f406b8ad57fb6c1182fc7ee7b130e91fbd6058ac181642b,0.3456763110862675,True,evaluation/exp_ar_pos08_fixed6/baseline_h100_conditional_pil/test.json
exp_ar_pos08_fixed6,baseline_h100_conditional_pil,conditional_pil,,baseline_extension,steady,200,test,500,100,evaluation/exp_ar_pos08_fixed6/baseline_h100_conditional_pil/test.npz,steady_h200,4394eb6c96e3bfcbc157dbdefe32ce75aa0fd3fd3330af5e87c0b07cf91a11fa,,6f9239d40b783e4cac33ac6f158f8dfcd320305f5a74d42d15ca827fc9c926af,True,1000,162.52519424915351,27.733759356929,67.39571744611224,0.3278307340061507,32.85843420488092,1.3863419168628752,known quoted arrival dates; overtaking allowed,4f0d1092b5a32bc53f406b8ad57fb6c1182fc7ee7b130e91fbd6058ac181642b,4f0d1092b5a32bc53f406b8ad57fb6c1182fc7ee7b130e91fbd6058ac181642b,0.3369931847878233,True,evaluation/exp_ar_pos08_fixed6/baseline_h100_conditional_pil/test.json
exp_ar_pos08_fixed6,baseline_h100_conditional_pil,conditional_pil,,baseline_extension,steady,500,test,500,100,evaluation/exp_ar_pos08_fixed6/baseline_h100_conditional_pil/test.npz,steady_h500,4394eb6c96e3bfcbc157dbdefe32ce75aa0fd3fd3330af5e87c0b07cf91a11fa,,6f9239d40b783e4cac33ac6f158f8dfcd320305f5a74d42d15ca827fc9c926af,True,1000,162.2015491927191,28.149315605674236,67.02611679352242,0.3284481467852591,32.77853491866041,1.3863419168628752,known quoted arrival dates; overtaking allowed,4f0d1092b5a32bc53f406b8ad57fb6c1182fc7ee7b130e91fbd6058ac181642b,4f0d1092b5a32bc53f406b8ad57fb6c1182fc7ee7b130e91fbd6058ac181642b,0.3320946413045514,True,evaluation/exp_ar_pos08_fixed6/baseline_h100_conditional_pil/test.json
exp_ar_pos08_fixed6,baseline_h100_conditional_pil,conditional_pil,,baseline_extension,cold_start,50,test,0,100,evaluation/exp_ar_pos08_fixed6/baseline_h100_conditional_pil/test.npz,cold_start_h50,4394eb6c96e3bfcbc157dbdefe32ce75aa0fd3fd3330af5e87c0b07cf91a11fa,,6f9239d40b783e4cac33ac6f158f8dfcd320305f5a74d42d15ca827fc9c926af,True,1000,165.95098753496265,24.106252236317015,70.92236764932282,0.2922091838058279,33.77681929324092,1.3863419168628752,known quoted arrival dates; overtaking allowed,4f0d1092b5a32bc53f406b8ad57fb6c1182fc7ee7b130e91fbd6058ac181642b,4f0d1092b5a32bc53f406b8ad57fb6c1182fc7ee7b130e91fbd6058ac181642b,0.3232724634823461,True,evaluation/exp_ar_pos08_fixed6/baseline_h100_conditional_pil/test.json
exp_ar_pos08_fixed6,baseline_h100_conditional_pil,conditional_pil,,baseline_extension,cold_start,100,test,0,100,evaluation/exp_ar_pos08_fixed6/baseline_h100_conditional_pil/test.npz,cold_start_h100,4394eb6c96e3bfcbc157dbdefe32ce75aa0fd3fd3330af5e87c0b07cf91a11fa,,6f9239d40b783e4cac33ac6f158f8dfcd320305f5a74d42d15ca827fc9c926af,True,1000,164.16289708278552,25.789762354260482,69.18656736426252,0.30999214468262243,33.32489328378512,1.3863419168628752,known quoted arrival dates; overtaking allowed,4f0d1092b5a32bc53f406b8ad57fb6c1182fc7ee7b130e91fbd6058ac181642b,4f0d1092b5a32bc53f406b8ad57fb6c1182fc7ee7b130e91fbd6058ac181642b,0.3264614886109556,True,evaluation/exp_ar_pos08_fixed6/baseline_h100_conditional_pil/test.json
exp_ar_pos08_fixed6,baseline_h100_conditional_pil,conditional_pil,,baseline_extension,cold_start,200,test,0,100,evaluation/exp_ar_pos08_fixed6/baseline_h100_conditional_pil/test.npz,cold_start_h200,4394eb6c96e3bfcbc157dbdefe32ce75aa0fd3fd3330af5e87c0b07cf91a11fa,,6f9239d40b783e4cac33ac6f158f8dfcd320305f5a74d42d15ca827fc9c926af,True,1000,162.4675317672654,26.860051902600688,67.80373993233235,0.3200457555768686,33.038961211928616,1.3863419168628752,known quoted arrival dates; overtaking allowed,4f0d1092b5a32bc53f406b8ad57fb6c1182fc7ee7b130e91fbd6058ac181642b,4f0d1092b5a32bc53f406b8ad57fb6c1182fc7ee7b130e91fbd6058ac181642b,0.32885468486360125,True,evaluation/exp_ar_pos08_fixed6/baseline_h100_conditional_pil/test.json
exp_ar_pos08_fixed6,baseline_h100_conditional_pil,conditional_pil,,baseline_extension,cold_start,500,test,0,100,evaluation/exp_ar_pos08_fixed6/baseline_h100_conditional_pil/test.npz,cold_start_h500,4394eb6c96e3bfcbc157dbdefe32ce75aa0fd3fd3330af5e87c0b07cf91a11fa,,6f9239d40b783e4cac33ac6f158f8dfcd320305f5a74d42d15ca827fc9c926af,True,1000,162.4340323431408,27.247072395812996,67.5934799736639,0.3247306013947748,32.95654001897291,1.3863419168628752,known quoted arrival dates; overtaking allowed,4f0d1092b5a32bc53f406b8ad57fb6c1182fc7ee7b130e91fbd6058ac181642b,4f0d1092b5a32bc53f406b8ad57fb6c1182fc7ee7b130e91fbd6058ac181642b,0.3282528074792164,True,evaluation/exp_ar_pos08_fixed6/baseline_h100_conditional_pil/test.json
exp_ar_pos08_fixed6,baseline_h100_constant_order,constant_order,,baseline_extension,steady,50,test,500,100,evaluation/exp_ar_pos08_fixed6/baseline_h100_constant_order/test.npz,steady_h50,4394eb6c96e3bfcbc157dbdefe32ce75aa0fd3fd3330af5e87c0b07cf91a11fa,,662abd590b3b2bda84a96ae3211ffd28d30e6b5b0fe9f2ec4815f4b1642c17a0,True,1000,172.69320882087493,16.370344287780675,78.16143226654712,0.22830088503606824,23.11086389553574,0.4665103331208229,known quoted arrival dates; overtaking allowed,8496fffd57f32c93f516c1a06dcb0487ae859803c0d09debad122f57f4ec64bf,8496fffd57f32c93f516c1a06dcb0487ae859803c0d09debad122f57f4ec64bf,0.2626017801289486,True,evaluation/exp_ar_pos08_fixed6/baseline_h100_constant_order/test.json
exp_ar_pos08_fixed6,baseline_h100_constant_order,constant_order,,baseline_extension,steady,100,test,500,100,evaluation/exp_ar_pos08_fixed6/baseline_h100_constant_order/test.npz,steady_h100,4394eb6c96e3bfcbc157dbdefe32ce75aa0fd3fd3330af5e87c0b07cf91a11fa,,662abd590b3b2bda84a96ae3211ffd28d30e6b5b0fe9f2ec4815f4b1642c17a0,True,1000,171.36206240107043,16.82564960381805,77.26820639862619,0.23019078156351364,23.11086389553574,0.4665103331208229,known quoted arrival dates; overtaking allowed,8496fffd57f32c93f516c1a06dcb0487ae859803c0d09debad122f57f4ec64bf,8496fffd57f32c93f516c1a06dcb0487ae859803c0d09debad122f57f4ec64bf,0.24887364026650158,True,evaluation/exp_ar_pos08_fixed6/baseline_h100_constant_order/test.json
exp_ar_pos08_fixed6,baseline_h100_constant_order,constant_order,,baseline_extension,steady,200,test,500,100,evaluation/exp_ar_pos08_fixed6/baseline_h100_constant_order/test.npz,steady_h200,4394eb6c96e3bfcbc157dbdefe32ce75aa0fd3fd3330af5e87c0b07cf91a11fa,,662abd590b3b2bda84a96ae3211ffd28d30e6b5b0fe9f2ec4815f4b1642c17a0,True,1000,171.23848573733645,16.925713406527358,77.15638616540457,0.23048298288380842,23.11086389553574,0.4665103331208229,known quoted arrival dates; overtaking allowed,8496fffd57f32c93f516c1a06dcb0487ae859803c0d09debad122f57f4ec64bf,8496fffd57f32c93f516c1a06dcb0487ae859803c0d09debad122f57f4ec64bf,0.2400086328525261,True,evaluation/exp_ar_pos08_fixed6/baseline_h100_constant_order/test.json
exp_ar_pos08_fixed6,baseline_h100_constant_order,constant_order,,baseline_extension,steady,500,test,500,100,evaluation/exp_ar_pos08_fixed6/baseline_h100_constant_order/test.npz,steady_h500,4394eb6c96e3bfcbc157dbdefe32ce75aa0fd3fd3330af5e87c0b07cf91a11fa,,662abd590b3b2bda84a96ae3211ffd28d30e6b5b0fe9f2ec4815f4b1642c17a0,True,1000,170.53304156786828,17.144187849275,76.69442685929666,0.23157886876745676,23.110863895535758,0.4665103331208229,known quoted arrival dates; overtaking allowed,8496fffd57f32c93f516c1a06dcb0487ae859803c0d09debad122f57f4ec64bf,8496fffd57f32c93f516c1a06dcb0487ae859803c0d09debad122f57f4ec64bf,0.23537683444859875,True,evaluation/exp_ar_pos08_fixed6/baseline_h100_constant_order/test.json
exp_ar_pos08_fixed6,baseline_h100_constant_order,constant_order,,baseline_extension,cold_start,50,test,0,100,evaluation/exp_ar_pos08_fixed6/baseline_h100_constant_order/test.npz,cold_start_h50,4394eb6c96e3bfcbc157dbdefe32ce75aa0fd3fd3330af5e87c0b07cf91a11fa,,662abd590b3b2bda84a96ae3211ffd28d30e6b5b0fe9f2ec4815f4b1642c17a0,True,1000,173.2159900476968,12.78972392075511,80.21313306347085,0.19948923305540747,23.11086389553574,0.4665103331208229,known quoted arrival dates; overtaking allowed,8496fffd57f32c93f516c1a06dcb0487ae859803c0d09debad122f57f4ec64bf,8496fffd57f32c93f516c1a06dcb0487ae859803c0d09debad122f57f4ec64bf,0.23193703430159132,True,evaluation/exp_ar_pos08_fixed6/baseline_h100_constant_order/test.json
exp_ar_pos08_fixed6,baseline_h100_constant_order,constant_order,,baseline_extension,cold_start,100,test,0,100,evaluation/exp_ar_pos08_fixed6/baseline_h100_constant_order/test.npz,cold_start_h100,4394eb6c96e3bfcbc157dbdefe32ce75aa0fd3fd3330af5e87c0b07cf91a11fa,,662abd590b3b2bda84a96ae3211ffd28d30e6b5b0fe9f2ec4815f4b1642c17a0,True,1000,171.5126918518638,14.106269235536754,78.7032113081635,0.215081249002862,23.11086389553574,0.4665103331208229,known quoted arrival dates; overtaking allowed,8496fffd57f32c93f516c1a06dcb0487ae859803c0d09debad122f57f4ec64bf,8496fffd57f32c93f516c1a06dcb0487ae859803c0d09debad122f57f4ec64bf,0.23194960278062593,True,evaluation/exp_ar_pos08_fixed6/baseline_h100_constant_order/test.json
exp_ar_pos08_fixed6,baseline_h100_constant_order,constant_order,,baseline_extension,cold_start,200,test,0,100,evaluation/exp_ar_pos08_fixed6/baseline_h100_constant_order/test.npz,cold_start_h200,4394eb6c96e3bfcbc157dbdefe32ce75aa0fd3fd3330af5e87c0b07cf91a11fa,,662abd590b3b2bda84a96ae3211ffd28d30e6b5b0fe9f2ec4815f4b1642c17a0,True,1000,170.31390255692634,15.543913044029955,77.38499475644821,0.22396234054609127,23.11086389553574,0.4665103331208229,known quoted arrival dates; overtaking allowed,8496fffd57f32c93f516c1a06dcb0487ae859803c0d09debad122f57f4ec64bf,8496fffd57f32c93f516c1a06dcb0487ae859803c0d09debad122f57f4ec64bf,0.23298700128741207,True,evaluation/exp_ar_pos08_fixed6/baseline_h100_constant_order/test.json
exp_ar_pos08_fixed6,baseline_h100_constant_order,constant_order,,baseline_extension,cold_start,500,test,0,100,evaluation/exp_ar_pos08_fixed6/baseline_h100_constant_order/test.npz,cold_start_h500,4394eb6c96e3bfcbc157dbdefe32ce75aa0fd3fd3330af5e87c0b07cf91a11fa,,662abd590b3b2bda84a96ae3211ffd28d30e6b5b0fe9f2ec4815f4b1642c17a0,True,1000,170.6374924800953,16.035495311807356,77.30099858414397,0.22775097767068228,23.110863895535758,0.4665103331208229,known quoted arrival dates; overtaking allowed,8496fffd57f32c93f516c1a06dcb0487ae859803c0d09debad122f57f4ec64bf,8496fffd57f32c93f516c1a06dcb0487ae859803c0d09debad122f57f4ec64bf,0.2313943005990998,True,evaluation/exp_ar_pos08_fixed6/baseline_h100_constant_order/test.json
exp_ar_pos08_fixed6,baseline_h100_forecast_adaptive_pil,forecast_adaptive_pil,,baseline_extension,steady,50,test,500,100,evaluation/exp_ar_pos08_fixed6/baseline_h100_forecast_adaptive_pil/test.npz,steady_h50,4394eb6c96e3bfcbc157dbdefe32ce75aa0fd3fd3330af5e87c0b07cf91a11fa,,40005bbbe09d7cfa2136b335a0d71798469e6a750cd52143498dfccf85c75cf5,True,1000,162.83466486184525,25.751680167710028,68.5414923470676,0.3232799419263278,32.69458597297371,1.4072538330219686,known quoted arrival dates; overtaking allowed,ef7718a88549fd751d068fe9e9f54353ea7f68d23f092e3c42591393f9028ff0,ef7718a88549fd751d068fe9e9f54353ea7f68d23f092e3c42591393f9028ff0,0.34869502368217015,True,evaluation/exp_ar_pos08_fixed6/baseline_h100_forecast_adaptive_pil/test.json
exp_ar_pos08_fixed6,baseline_h100_forecast_adaptive_pil,forecast_adaptive_pil,,baseline_extension,steady,100,test,500,100,evaluation/exp_ar_pos08_fixed6/baseline_h100_forecast_adaptive_pil/test.npz,steady_h100,4394eb6c96e3bfcbc157dbdefe32ce75aa0fd3fd3330af5e87c0b07cf91a11fa,,40005bbbe09d7cfa2136b335a0d71798469e6a750cd52143498dfccf85c75cf5,True,1000,161.93011891898007,26.241943102977032,67.84408790800151,0.32408157608116167,32.51067445437304,1.4072538330219686,known quoted arrival dates; overtaking allowed,ef7718a88549fd751d068fe9e9f54353ea7f68d23f092e3c42591393f9028ff0,ef7718a88549fd751d068fe9e9f54353ea7f68d23f092e3c42591393f9028ff0,0.3373391069360321,True,evaluation/exp_ar_pos08_fixed6/baseline_h100_forecast_adaptive_pil/test.json
exp_ar_pos08_fixed6,baseline_h100_forecast_adaptive_pil,forecast_adaptive_pil,,baseline_extension,steady,200,test,500,100,evaluation/exp_ar_pos08_fixed6/baseline_h100_forecast_adaptive_pil/test.npz,steady_h200,4394eb6c96e3bfcbc157dbdefe32ce75aa0fd3fd3330af5e87c0b07cf91a11fa,,40005bbbe09d7cfa2136b335a0d71798469e6a750cd52143498dfccf85c75cf5,True,1000,162.0785433935951,26.527589368878992,67.77547701235807,0.324043212801978,32.47085638281247,1.4072538330219686,known quoted arrival dates; overtaking allowed,ef7718a88549fd751d068fe9e9f54353ea7f68d23f092e3c42591393f9028ff0,ef7718a88549fd751d068fe9e9f54353ea7f68d23f092e3c42591393f9028ff0,0.33073143129909965,True,evaluation/exp_ar_pos08_fixed6/baseline_h100_forecast_adaptive_pil/test.json
exp_ar_pos08_fixed6,baseline_h100_forecast_adaptive_pil,forecast_adaptive_pil,,baseline_extension,steady,500,test,500,100,evaluation/exp_ar_pos08_fixed6/baseline_h100_forecast_adaptive_pil/test.npz,steady_h500,4394eb6c96e3bfcbc157dbdefe32ce75aa0fd3fd3330af5e87c0b07cf91a11fa,,40005bbbe09d7cfa2136b335a0d71798469e6a750cd52143498dfccf85c75cf5,True,1000,161.67410388852474,26.816902476849087,67.42860070583782,0.3244155572494939,32.37267999098396,1.4072538330219686,known quoted arrival dates; overtaking allowed,ef7718a88549fd751d068fe9e9f54353ea7f68d23f092e3c42591393f9028ff0,ef7718a88549fd751d068fe9e9f54353ea7f68d23f092e3c42591393f9028ff0,0.327063531568436,True,evaluation/exp_ar_pos08_fixed6/baseline_h100_forecast_adaptive_pil/test.json
exp_ar_pos08_fixed6,baseline_h100_forecast_adaptive_pil,forecast_adaptive_pil,,baseline_extension,cold_start,50,test,0,100,evaluation/exp_ar_pos08_fixed6/baseline_h100_forecast_adaptive_pil/test.npz,cold_start_h50,4394eb6c96e3bfcbc157dbdefe32ce75aa0fd3fd3330af5e87c0b07cf91a11fa,,40005bbbe09d7cfa2136b335a0d71798469e6a750cd52143498dfccf85c75cf5,True,1000,165.73190942157075,22.29226548453883,71.71982196851596,0.2842507517600997,32.92150702985959,1.4072538330219686,known quoted arrival dates; overtaking allowed,ef7718a88549fd751d068fe9e9f54353ea7f68d23f092e3c42591393f9028ff0,ef7718a88549fd751d068fe9e9f54353ea7f68d23f092e3c42591393f9028ff0,0.3050884848485059,True,evaluation/exp_ar_pos08_fixed6/baseline_h100_forecast_adaptive_pil/test.json
exp_ar_pos08_fixed6,baseline_h100_forecast_adaptive_pil,forecast_adaptive_pil,,baseline_extension,cold_start,100,test,0,100,evaluation/exp_ar_pos08_fixed6/baseline_h100_forecast_adaptive_pil/test.npz,cold_start_h100,4394eb6c96e3bfcbc157dbdefe32ce75aa0fd3fd3330af5e87c0b07cf91a11fa,,40005bbbe09d7cfa2136b335a0d71798469e6a750cd52143498dfccf85c75cf5,True,1000,163.8817158452961,24.323114906553037,69.7793004693715,0.304080729877512,32.698681348673205,1.4072538330219686,known quoted arrival dates; overtaking allowed,ef7718a88549fd751d068fe9e9f54353ea7f68d23f092e3c42591393f9028ff0,ef7718a88549fd751d068fe9e9f54353ea7f68d23f092e3c42591393f9028ff0,0.31561779238696475,True,evaluation/exp_ar_pos08_fixed6/baseline_h100_forecast_adaptive_pil/test.json
exp_ar_pos08_fixed6,baseline_h100_forecast_adaptive_pil,forecast_adaptive_pil,,baseline_extension,cold_start,200,test,0,100,evaluation/exp_ar_pos08_fixed6/baseline_h100_forecast_adaptive_pil/test.npz,cold_start_h200,4394eb6c96e3bfcbc157dbdefe32ce75aa0fd3fd3330af5e87c0b07cf91a11fa,,40005bbbe09d7cfa2136b335a0d71798469e6a750cd52143498dfccf85c75cf5,True,1000,162.05284577628902,25.400801221058824,68.32602227761511,0.3148081669450808,32.49130493895175,1.4072538330219686,known quoted arrival dates; overtaking allowed,ef7718a88549fd751d068fe9e9f54353ea7f68d23f092e3c42591393f9028ff0,ef7718a88549fd751d068fe9e9f54353ea7f68d23f092e3c42591393f9028ff0,0.3211012697547926,True,evaluation/exp_ar_pos08_fixed6/baseline_h100_forecast_adaptive_pil/test.json
exp_ar_pos08_fixed6,baseline_h100_forecast_adaptive_pil,forecast_adaptive_pil,,baseline_extension,cold_start,500,test,0,100,evaluation/exp_ar_pos08_fixed6/baseline_h100_forecast_adaptive_pil/test.npz,cold_start_h500,4394eb6c96e3bfcbc157dbdefe32ce75aa0fd3fd3330af5e87c0b07cf91a11fa,,40005bbbe09d7cfa2136b335a0d71798469e6a750cd52143498dfccf85c75cf5,True,1000,161.96511320989524,25.883607107872905,68.04075305101117,0.32026227364969834,32.5035547202175,1.4072538330219686,known quoted arrival dates; overtaking allowed,ef7718a88549fd751d068fe9e9f54353ea7f68d23f092e3c42591393f9028ff0,ef7718a88549fd751d068fe9e9f54353ea7f68d23f092e3c42591393f9028ff0,0.32280332421918895,True,evaluation/exp_ar_pos08_fixed6/baseline_h100_forecast_adaptive_pil/test.json
exp_ar_pos08_fixed6,baseline_h100_forecast_capped_base_stock,forecast_capped_base_stock,,baseline_extension,steady,50,test,500,100,evaluation/exp_ar_pos08_fixed6/baseline_h100_forecast_capped_base_stock/test.npz,steady_h50,4394eb6c96e3bfcbc157dbdefe32ce75aa0fd3fd3330af5e87c0b07cf91a11fa,,b35c884c6e48b21c0d8e53ae66e6b37ea2246389b1df463954ab6f2609292c7b,True,1000,163.17879177917055,25.325014216115054,68.92688878152777,0.31947486723976215,32.30513404372168,0.8461684170179069,known quoted arrival dates; overtaking allowed,a46d3281bcf69fff97856baacfdb4b22367b8e19b5340d996c3ea0ed29c0e6f8,a46d3281bcf69fff97856baacfdb4b22367b8e19b5340d996c3ea0ed29c0e6f8,0.34608767737413687,True,evaluation/exp_ar_pos08_fixed6/baseline_h100_forecast_capped_base_stock/test.json
exp_ar_pos08_fixed6,baseline_h100_forecast_capped_base_stock,forecast_capped_base_stock,,baseline_extension,steady,100,test,500,100,evaluation/exp_ar_pos08_fixed6/baseline_h100_forecast_capped_base_stock/test.npz,steady_h100,4394eb6c96e3bfcbc157dbdefe32ce75aa0fd3fd3330af5e87c0b07cf91a11fa,,b35c884c6e48b21c0d8e53ae66e6b37ea2246389b1df463954ab6f2609292c7b,True,1000,162.3720496418168,25.856848309171546,68.25760066632262,0.3199618229752794,32.09035879013677,0.8461684170179069,known quoted arrival dates; overtaking allowed,a46d3281bcf69fff97856baacfdb4b22367b8e19b5340d996c3ea0ed29c0e6f8,a46d3281bcf69fff97856baacfdb4b22367b8e19b5340d996c3ea0ed29c0e6f8,0.33401020802494374,True,evaluation/exp_ar_pos08_fixed6/baseline_h100_forecast_capped_base_stock/test.json
exp_ar_pos08_fixed6,baseline_h100_forecast_capped_base_stock,forecast_capped_base_stock,,baseline_extension,steady,200,test,500,100,evaluation/exp_ar_pos08_fixed6/baseline_h100_forecast_capped_base_stock/test.npz,steady_h200,4394eb6c96e3bfcbc157dbdefe32ce75aa0fd3fd3330af5e87c0b07cf91a11fa,,b35c884c6e48b21c0d8e53ae66e6b37ea2246389b1df463954ab6f2609292c7b,True,1000,162.50422910434497,26.110931732118903,68.19664868611302,0.31984266912453096,32.05419177380427,0.8461684170179069,known quoted arrival dates; overtaking allowed,a46d3281bcf69fff97856baacfdb4b22367b8e19b5340d996c3ea0ed29c0e6f8,a46d3281bcf69fff97856baacfdb4b22367b8e19b5340d996c3ea0ed29c0e6f8,0.32692548210515643,True,evaluation/exp_ar_pos08_fixed6/baseline_h100_forecast_capped_base_stock/test.json
exp_ar_pos08_fixed6,baseline_h100_forecast_capped_base_stock,forecast_capped_base_stock,,baseline_extension,steady,500,test,500,100,evaluation/exp_ar_pos08_fixed6/baseline_h100_forecast_capped_base_stock/test.npz,steady_h500,4394eb6c96e3bfcbc157dbdefe32ce75aa0fd3fd3330af5e87c0b07cf91a11fa,,b35c884c6e48b21c0d8e53ae66e6b37ea2246389b1df463954ab6f2609292c7b,True,1000,162.0598999512765,26.414612145944158,67.82264390266617,0.32046753740684203,31.97827521065661,0.8461684170179069,known quoted arrival dates; overtaking allowed,a46d3281bcf69fff97856baacfdb4b22367b8e19b5340d996c3ea0ed29c0e6f8,a46d3281bcf69fff97856baacfdb4b22367b8e19b5340d996c3ea0ed29c0e6f8,0.32328575732596937,True,evaluation/exp_ar_pos08_fixed6/baseline_h100_forecast_capped_base_stock/test.json
exp_ar_pos08_fixed6,baseline_h100_forecast_capped_base_stock,forecast_capped_base_stock,,baseline_extension,cold_start,50,test,0,100,evaluation/exp_ar_pos08_fixed6/baseline_h100_forecast_capped_base_stock/test.npz,cold_start_h50,4394eb6c96e3bfcbc157dbdefe32ce75aa0fd3fd3330af5e87c0b07cf91a11fa,,b35c884c6e48b21c0d8e53ae66e6b37ea2246389b1df463954ab6f2609292c7b,True,1000,165.95644830472418,21.668571730751648,72.14393828698627,0.28001815709129735,32.43739150999976,0.8461684170179069,known quoted arrival dates; overtaking allowed,a46d3281bcf69fff97856baacfdb4b22367b8e19b5340d996c3ea0ed29c0e6f8,a46d3281bcf69fff97856baacfdb4b22367b8e19b5340d996c3ea0ed29c0e6f8,0.3026170521127083,True,evaluation/exp_ar_pos08_fixed6/baseline_h100_forecast_capped_base_stock/test.json
exp_ar_pos08_fixed6,baseline_h100_forecast_capped_base_stock,forecast_capped_base_stock,,baseline_extension,cold_start,100,test,0,100,evaluation/exp_ar_pos08_fixed6/baseline_h100_forecast_capped_base_stock/test.npz,cold_start_h100,4394eb6c96e3bfcbc157dbdefe32ce75aa0fd3fd3330af5e87c0b07cf91a11fa,,b35c884c6e48b21c0d8e53ae66e6b37ea2246389b1df463954ab6f2609292c7b,True,1000,164.11141667416058,23.754892803947683,70.17826193510646,0.3001018282523356,32.2724565066131,0.8461684170179069,known quoted arrival dates; overtaking allowed,a46d3281bcf69fff97856baacfdb4b22367b8e19b5340d996c3ea0ed29c0e6f8,a46d3281bcf69fff97856baacfdb4b22367b8e19b5340d996c3ea0ed29c0e6f8,0.3125091157085931,True,evaluation/exp_ar_pos08_fixed6/baseline_h100_forecast_capped_base_stock/test.json
exp_ar_pos08_fixed6,baseline_h100_forecast_capped_base_stock,forecast_capped_base_stock,,baseline_extension,cold_start,200,test,0,100,evaluation/exp_ar_pos08_fixed6/baseline_h100_forecast_capped_base_stock/test.npz,cold_start_h200,4394eb6c96e3bfcbc157dbdefe32ce75aa0fd3fd3330af5e87c0b07cf91a11fa,,b35c884c6e48b21c0d8e53ae66e6b37ea2246389b1df463954ab6f2609292c7b,True,1000,162.32452350851207,24.914432877358895,68.70504531557658,0.31100722139763365,32.10357447450869,0.8461684170179069,known quoted arrival dates; overtaking allowed,a46d3281bcf69fff97856baacfdb4b22367b8e19b5340d996c3ea0ed29c0e6f8,a46d3281bcf69fff97856baacfdb4b22367b8e19b5340d996c3ea0ed29c0e6f8,0.3177368586601913,True,evaluation/exp_ar_pos08_fixed6/baseline_h100_forecast_capped_base_stock/test.json
exp_ar_pos08_fixed6,baseline_h100_forecast_capped_base_stock,forecast_capped_base_stock,,baseline_extension,cold_start,500,test,0,100,evaluation/exp_ar_pos08_fixed6/baseline_h100_forecast_capped_base_stock/test.npz,cold_start_h500,4394eb6c96e3bfcbc157dbdefe32ce75aa0fd3fd3330af5e87c0b07cf91a11fa,,b35c884c6e48b21c0d8e53ae66e6b37ea2246389b1df463954ab6f2609292c7b,True,1000,162.30495225301138,25.43805584284245,68.43344820508445,0.3163391878634719,32.105475924555165,0.8461684170179069,known quoted arrival dates; overtaking allowed,a46d3281bcf69fff97856baacfdb4b22367b8e19b5340d996c3ea0ed29c0e6f8,a46d3281bcf69fff97856baacfdb4b22367b8e19b5340d996c3ea0ed29c0e6f8,0.3190457567363832,True,evaluation/exp_ar_pos08_fixed6/baseline_h100_forecast_capped_base_stock/test.json
exp_ar_pos08_fixed6,baseline_h100_pil_cop_continuation,pil_cop_continuation,,baseline_extension,steady,50,test,500,100,evaluation/exp_ar_pos08_fixed6/baseline_h100_pil_cop_continuation/test.npz,steady_h50,4394eb6c96e3bfcbc157dbdefe32ce75aa0fd3fd3330af5e87c0b07cf91a11fa,,79436736447d428bc3c1f91a956d9f346fd37a0517ecae5e5dd670551bf25a3b,True,1000,163.07689423856783,26.672162272916356,68.20236598282575,0.32662818552368045,33.07082160241409,1.5584783339872956,known quoted arrival dates; overtaking allowed,4f0d1092b5a32bc53f406b8ad57fb6c1182fc7ee7b130e91fbd6058ac181642b,4f0d1092b5a32bc53f406b8ad57fb6c1182fc7ee7b130e91fbd6058ac181642b,0.3599711976777493,True,evaluation/exp_ar_pos08_fixed6/baseline_h100_pil_cop_continuation/test.json
exp_ar_pos08_fixed6,baseline_h100_pil_cop_continuation,pil_cop_continuation,,baseline_extension,steady,100,test,500,100,evaluation/exp_ar_pos08_fixed6/baseline_h100_pil_cop_continuation/test.npz,steady_h100,4394eb6c96e3bfcbc157dbdefe32ce75aa0fd3fd3330af5e87c0b07cf91a11fa,,79436736447d428bc3c1f91a956d9f346fd37a0517ecae5e5dd670551bf25a3b,True,1000,162.44720079461723,27.50278916959025,67.4722058125135,0.32778657039410386,32.89492836690468,1.5584783339872956,known quoted arrival dates; overtaking allowed,4f0d1092b5a32bc53f406b8ad57fb6c1182fc7ee7b130e91fbd6058ac181642b,4f0d1092b5a32bc53f406b8ad57fb6c1182fc7ee7b130e91fbd6058ac181642b,0.3456763110862675,True,evaluation/exp_ar_pos08_fixed6/baseline_h100_pil_cop_continuation/test.json
exp_ar_pos08_fixed6,baseline_h100_pil_cop_continuation,pil_cop_continuation,,baseline_extension,steady,200,test,500,100,evaluation/exp_ar_pos08_fixed6/baseline_h100_pil_cop_continuation/test.npz,steady_h200,4394eb6c96e3bfcbc157dbdefe32ce75aa0fd3fd3330af5e87c0b07cf91a11fa,,79436736447d428bc3c1f91a956d9f346fd37a0517ecae5e5dd670551bf25a3b,True,1000,162.52519424915351,27.733759356929,67.39571744611224,0.3278307340061507,32.85843420488092,1.5584783339872956,known quoted arrival dates; overtaking allowed,4f0d1092b5a32bc53f406b8ad57fb6c1182fc7ee7b130e91fbd6058ac181642b,4f0d1092b5a32bc53f406b8ad57fb6c1182fc7ee7b130e91fbd6058ac181642b,0.3369931847878233,True,evaluation/exp_ar_pos08_fixed6/baseline_h100_pil_cop_continuation/test.json
exp_ar_pos08_fixed6,baseline_h100_pil_cop_continuation,pil_cop_continuation,,baseline_extension,steady,500,test,500,100,evaluation/exp_ar_pos08_fixed6/baseline_h100_pil_cop_continuation/test.npz,steady_h500,4394eb6c96e3bfcbc157dbdefe32ce75aa0fd3fd3330af5e87c0b07cf91a11fa,,79436736447d428bc3c1f91a956d9f346fd37a0517ecae5e5dd670551bf25a3b,True,1000,162.2015491927191,28.149315605674236,67.02611679352242,0.3284481467852591,32.77853491866041,1.5584783339872956,known quoted arrival dates; overtaking allowed,4f0d1092b5a32bc53f406b8ad57fb6c1182fc7ee7b130e91fbd6058ac181642b,4f0d1092b5a32bc53f406b8ad57fb6c1182fc7ee7b130e91fbd6058ac181642b,0.3320946413045514,True,evaluation/exp_ar_pos08_fixed6/baseline_h100_pil_cop_continuation/test.json
exp_ar_pos08_fixed6,baseline_h100_pil_cop_continuation,pil_cop_continuation,,baseline_extension,cold_start,50,test,0,100,evaluation/exp_ar_pos08_fixed6/baseline_h100_pil_cop_continuation/test.npz,cold_start_h50,4394eb6c96e3bfcbc157dbdefe32ce75aa0fd3fd3330af5e87c0b07cf91a11fa,,79436736447d428bc3c1f91a956d9f346fd37a0517ecae5e5dd670551bf25a3b,True,1000,165.95098753496265,24.106252236317015,70.92236764932282,0.2922091838058279,33.77681929324092,1.5584783339872956,known quoted arrival dates; overtaking allowed,4f0d1092b5a32bc53f406b8ad57fb6c1182fc7ee7b130e91fbd6058ac181642b,4f0d1092b5a32bc53f406b8ad57fb6c1182fc7ee7b130e91fbd6058ac181642b,0.3232724634823461,True,evaluation/exp_ar_pos08_fixed6/baseline_h100_pil_cop_continuation/test.json
exp_ar_pos08_fixed6,baseline_h100_pil_cop_continuation,pil_cop_continuation,,baseline_extension,cold_start,100,test,0,100,evaluation/exp_ar_pos08_fixed6/baseline_h100_pil_cop_continuation/test.npz,cold_start_h100,4394eb6c96e3bfcbc157dbdefe32ce75aa0fd3fd3330af5e87c0b07cf91a11fa,,79436736447d428bc3c1f91a956d9f346fd37a0517ecae5e5dd670551bf25a3b,True,1000,164.16289708278552,25.789762354260482,69.18656736426252,0.30999214468262243,33.32489328378512,1.5584783339872956,known quoted arrival dates; overtaking allowed,4f0d1092b5a32bc53f406b8ad57fb6c1182fc7ee7b130e91fbd6058ac181642b,4f0d1092b5a32bc53f406b8ad57fb6c1182fc7ee7b130e91fbd6058ac181642b,0.3264614886109556,True,evaluation/exp_ar_pos08_fixed6/baseline_h100_pil_cop_continuation/test.json
exp_ar_pos08_fixed6,baseline_h100_pil_cop_continuation,pil_cop_continuation,,baseline_extension,cold_start,200,test,0,100,evaluation/exp_ar_pos08_fixed6/baseline_h100_pil_cop_continuation/test.npz,cold_start_h200,4394eb6c96e3bfcbc157dbdefe32ce75aa0fd3fd3330af5e87c0b07cf91a11fa,,79436736447d428bc3c1f91a956d9f346fd37a0517ecae5e5dd670551bf25a3b,True,1000,162.4675317672654,26.860051902600688,67.80373993233235,0.3200457555768686,33.038961211928616,1.5584783339872956,known quoted arrival dates; overtaking allowed,4f0d1092b5a32bc53f406b8ad57fb6c1182fc7ee7b130e91fbd6058ac181642b,4f0d1092b5a32bc53f406b8ad57fb6c1182fc7ee7b130e91fbd6058ac181642b,0.32885468486360125,True,evaluation/exp_ar_pos08_fixed6/baseline_h100_pil_cop_continuation/test.json
exp_ar_pos08_fixed6,baseline_h100_pil_cop_continuation,pil_cop_continuation,,baseline_extension,cold_start,500,test,0,100,evaluation/exp_ar_pos08_fixed6/baseline_h100_pil_cop_continuation/test.npz,cold_start_h500,4394eb6c96e3bfcbc157dbdefe32ce75aa0fd3fd3330af5e87c0b07cf91a11fa,,79436736447d428bc3c1f91a956d9f346fd37a0517ecae5e5dd670551bf25a3b,True,1000,162.4340323431408,27.247072395812996,67.5934799736639,0.3247306013947748,32.95654001897291,1.5584783339872956,known quoted arrival dates; overtaking allowed,4f0d1092b5a32bc53f406b8ad57fb6c1182fc7ee7b130e91fbd6058ac181642b,4f0d1092b5a32bc53f406b8ad57fb6c1182fc7ee7b130e91fbd6058ac181642b,0.3282528074792164,True,evaluation/exp_ar_pos08_fixed6/baseline_h100_pil_cop_continuation/test.json
exp_ar_pos08_fixed6,baseline_h200_base_stock,base_stock,,baseline,steady,50,test,500,200,evaluation/exp_ar_pos08_fixed6/baseline_h200_base_stock/test.npz,steady_h50,4394eb6c96e3bfcbc157dbdefe32ce75aa0fd3fd3330af5e87c0b07cf91a11fa,,331b32db1cb4aadf861b6e4b045d93de3edc70c1c9b0bfc230500f61c2f7d936,True,1000,168.26351428368577,25.72782895528218,71.2678426642018,0.29636229129219843,29.988315306379192,0.540739709045738,known quoted arrival dates; overtaking allowed,30fbfd29e6368aa9a064a267d85b38ad8230e66350dfc2fe32c53ced4bd46c4a,30fbfd29e6368aa9a064a267d85b38ad8230e66350dfc2fe32c53ced4bd46c4a,0.33211434506107085,True,evaluation/exp_ar_pos08_fixed6/baseline_h200_base_stock/test.json
exp_ar_pos08_fixed6,baseline_h200_base_stock,base_stock,,baseline,steady,100,test,500,200,evaluation/exp_ar_pos08_fixed6/baseline_h200_base_stock/test.npz,steady_h100,4394eb6c96e3bfcbc157dbdefe32ce75aa0fd3fd3330af5e87c0b07cf91a11fa,,331b32db1cb4aadf861b6e4b045d93de3edc70c1c9b0bfc230500f61c2f7d936,True,1000,167.5346676186203,26.573417510366635,70.48062505412683,0.2978142315362832,29.886481545384164,0.540739709045738,known quoted arrival dates; overtaking allowed,30fbfd29e6368aa9a064a267d85b38ad8230e66350dfc2fe32c53ced4bd46c4a,30fbfd29e6368aa9a064a267d85b38ad8230e66350dfc2fe32c53ced4bd46c4a,0.31720711407804414,True,evaluation/exp_ar_pos08_fixed6/baseline_h200_base_stock/test.json
exp_ar_pos08_fixed6,baseline_h200_base_stock,base_stock,,baseline,steady,200,test,500,200,evaluation/exp_ar_pos08_fixed6/baseline_h200_base_stock/test.npz,steady_h200,4394eb6c96e3bfcbc157dbdefe32ce75aa0fd3fd3330af5e87c0b07cf91a11fa,,331b32db1cb4aadf861b6e4b045d93de3edc70c1c9b0bfc230500f61c2f7d936,True,1000,167.61434851404044,26.81947959744015,70.39743445830015,0.2978931949864519,29.865429274062492,0.540739709045738,known quoted arrival dates; overtaking allowed,30fbfd29e6368aa9a064a267d85b38ad8230e66350dfc2fe32c53ced4bd46c4a,30fbfd29e6368aa9a064a267d85b38ad8230e66350dfc2fe32c53ced4bd46c4a,0.3078999115416615,True,evaluation/exp_ar_pos08_fixed6/baseline_h200_base_stock/test.json
exp_ar_pos08_fixed6,baseline_h200_base_stock,base_stock,,baseline,steady,500,test,500,200,evaluation/exp_ar_pos08_fixed6/baseline_h200_base_stock/test.npz,steady_h500,4394eb6c96e3bfcbc157dbdefe32ce75aa0fd3fd3330af5e87c0b07cf91a11fa,,331b32db1cb4aadf861b6e4b045d93de3edc70c1c9b0bfc230500f61c2f7d936,True,1000,167.23387583067523,27.23656691179866,69.9986544594383,0.2986655295937266,29.808091715769798,0.540739709045738,known quoted arrival dates; overtaking allowed,30fbfd29e6368aa9a064a267d85b38ad8230e66350dfc2fe32c53ced4bd46c4a,30fbfd29e6368aa9a064a267d85b38ad8230e66350dfc2fe32c53ced4bd46c4a,0.30265625343913416,True,evaluation/exp_ar_pos08_fixed6/baseline_h200_base_stock/test.json
exp_ar_pos08_fixed6,baseline_h200_base_stock,base_stock,,baseline,cold_start,50,test,0,200,evaluation/exp_ar_pos08_fixed6/baseline_h200_base_stock/test.npz,cold_start_h50,4394eb6c96e3bfcbc157dbdefe32ce75aa0fd3fd3330af5e87c0b07cf91a11fa,,331b32db1cb4aadf861b6e4b045d93de3edc70c1c9b0bfc230500f61c2f7d936,True,1000,178.63952681006074,31.949223777782937,73.3451515161389,0.2680302931766429,30.94625584096423,0.540739709045738,known quoted arrival dates; overtaking allowed,30fbfd29e6368aa9a064a267d85b38ad8230e66350dfc2fe32c53ced4bd46c4a,30fbfd29e6368aa9a064a267d85b38ad8230e66350dfc2fe32c53ced4bd46c4a,0.3024104742997527,True,evaluation/exp_ar_pos08_fixed6/baseline_h200_base_stock/test.json
exp_ar_pos08_fixed6,baseline_h200_base_stock,base_stock,,baseline,cold_start,100,test,0,200,evaluation/exp_ar_pos08_fixed6/baseline_h200_base_stock/test.npz,cold_start_h100,4394eb6c96e3bfcbc157dbdefe32ce75aa0fd3fd3330af5e87c0b07cf91a11fa,,331b32db1cb4aadf861b6e4b045d93de3edc70c1c9b0bfc230500f61c2f7d936,True,1000,173.17166809328816,29.403403537776054,71.88413227775605,0.2830889313646492,30.43537561567393,0.540739709045738,known quoted arrival dates; overtaking allowed,30fbfd29e6368aa9a064a267d85b38ad8230e66350dfc2fe32c53ced4bd46c4a,30fbfd29e6368aa9a064a267d85b38ad8230e66350dfc2fe32c53ced4bd46c4a,0.3011640474747834,True,evaluation/exp_ar_pos08_fixed6/baseline_h200_base_stock/test.json
exp_ar_pos08_fixed6,baseline_h200_base_stock,base_stock,,baseline,cold_start,200,test,0,200,evaluation/exp_ar_pos08_fixed6/baseline_h200_base_stock/test.npz,cold_start_h200,4394eb6c96e3bfcbc157dbdefe32ce75aa0fd3fd3330af5e87c0b07cf91a11fa,,331b32db1cb4aadf861b6e4b045d93de3edc70c1c9b0bfc230500f61c2f7d936,True,1000,169.54384283395947,28.29083572275038,70.62650355560453,0.2917383184271975,30.12606314076097,0.540739709045738,known quoted arrival dates; overtaking allowed,30fbfd29e6368aa9a064a267d85b38ad8230e66350dfc2fe32c53ced4bd46c4a,30fbfd29e6368aa9a064a267d85b38ad8230e66350dfc2fe32c53ced4bd46c4a,0.3013623880967323,True,evaluation/exp_ar_pos08_fixed6/baseline_h200_base_stock/test.json
exp_ar_pos08_fixed6,baseline_h200_base_stock,base_stock,,baseline,cold_start,500,test,0,200,evaluation/exp_ar_pos08_fixed6/baseline_h200_base_stock/test.npz,cold_start_h500,4394eb6c96e3bfcbc157dbdefe32ce75aa0fd3fd3330af5e87c0b07cf91a11fa,,331b32db1cb4aadf861b6e4b045d93de3edc70c1c9b0bfc230500f61c2f7d936,True,1000,168.3681696047755,27.316476671518334,70.5258464666286,0.2954358031543841,29.98652910868097,0.540739709045738,known quoted arrival dates; overtaking allowed,30fbfd29e6368aa9a064a267d85b38ad8230e66350dfc2fe32c53ced4bd46c4a,30fbfd29e6368aa9a064a267d85b38ad8230e66350dfc2fe32c53ced4bd46c4a,0.29929760329102034,True,evaluation/exp_ar_pos08_fixed6/baseline_h200_base_stock/test.json
exp_ar_pos08_fixed6,baseline_h200_capped_base_stock,capped_base_stock,,baseline,steady,50,test,500,200,evaluation/exp_ar_pos08_fixed6/baseline_h200_capped_base_stock/test.npz,steady_h50,4394eb6c96e3bfcbc157dbdefe32ce75aa0fd3fd3330af5e87c0b07cf91a11fa,,e973086b367d129825e784ffcce7b2dad665f4814fc47b4448ebffd581119851,True,1000,165.26387083014717,23.950808131022253,70.65653134956247,0.3023978562350956,30.6355076146128,0.5132238341029733,known quoted arrival dates; overtaking allowed,8a7ca587e6e50bf817590495d1fc11e0b112bbb42275f10ea6f6c294034a7ef1,8a7ca587e6e50bf817590495d1fc11e0b112bbb42275f10ea6f6c294034a7ef1,0.3383238933057706,True,evaluation/exp_ar_pos08_fixed6/baseline_h200_capped_base_stock/test.json
exp_ar_pos08_fixed6,baseline_h200_capped_base_stock,capped_base_stock,,baseline,steady,100,test,500,200,evaluation/exp_ar_pos08_fixed6/baseline_h200_capped_base_stock/test.npz,steady_h100,4394eb6c96e3bfcbc157dbdefe32ce75aa0fd3fd3330af5e87c0b07cf91a11fa,,e973086b367d129825e784ffcce7b2dad665f4814fc47b4448ebffd581119851,True,1000,164.57257479983372,24.795111488879808,69.88873165547696,0.3037111588217659,30.48971355261554,0.5132238341029733,known quoted arrival dates; overtaking allowed,8a7ca587e6e50bf817590495d1fc11e0b112bbb42275f10ea6f6c294034a7ef1,8a7ca587e6e50bf817590495d1fc11e0b112bbb42275f10ea6f6c294034a7ef1,0.32317173484987805,True,evaluation/exp_ar_pos08_fixed6/baseline_h200_capped_base_stock/test.json
exp_ar_pos08_fixed6,baseline_h200_capped_base_stock,capped_base_stock,,baseline,steady,200,test,500,200,evaluation/exp_ar_pos08_fixed6/baseline_h200_capped_base_stock/test.npz,steady_h200,4394eb6c96e3bfcbc157dbdefe32ce75aa0fd3fd3330af5e87c0b07cf91a11fa,,e973086b367d129825e784ffcce7b2dad665f4814fc47b4448ebffd581119851,True,1000,164.60430686398055,24.990426057975675,69.80694040300244,0.3037824706075706,30.455748641161964,0.5132238341029733,known quoted arrival dates; overtaking allowed,8a7ca587e6e50bf817590495d1fc11e0b112bbb42275f10ea6f6c294034a7ef1,8a7ca587e6e50bf817590495d1fc11e0b112bbb42275f10ea6f6c294034a7ef1,0.3137845674959054,True,evaluation/exp_ar_pos08_fixed6/baseline_h200_capped_base_stock/test.json
exp_ar_pos08_fixed6,baseline_h200_capped_base_stock,capped_base_stock,,baseline,steady,500,test,500,200,evaluation/exp_ar_pos08_fixed6/baseline_h200_capped_base_stock/test.npz,steady_h500,4394eb6c96e3bfcbc157dbdefe32ce75aa0fd3fd3330af5e87c0b07cf91a11fa,,e973086b367d129825e784ffcce7b2dad665f4814fc47b4448ebffd581119851,True,1000,164.2207578263186,25.40672002415467,69.40701890108194,0.30459327797971586,30.39913544711016,0.5132238341029733,known quoted arrival dates; overtaking allowed,8a7ca587e6e50bf817590495d1fc11e0b112bbb42275f10ea6f6c294034a7ef1,8a7ca587e6e50bf817590495d1fc11e0b112bbb42275f10ea6f6c294034a7ef1,0.3085794063824365,True,evaluation/exp_ar_pos08_fixed6/baseline_h200_capped_base_stock/test.json
exp_ar_pos08_fixed6,baseline_h200_capped_base_stock,capped_base_stock,,baseline,cold_start,50,test,0,200,evaluation/exp_ar_pos08_fixed6/baseline_h200_capped_base_stock/test.npz,cold_start_h50,4394eb6c96e3bfcbc157dbdefe32ce75aa0fd3fd3330af5e87c0b07cf91a11fa,,e973086b367d129825e784ffcce7b2dad665f4814fc47b4448ebffd581119851,True,1000,167.94008336307732,21.38020116132891,73.2799411008742,0.2686810798688298,31.073387200539695,0.5132238341029733,known quoted arrival dates; overtaking allowed,8a7ca587e6e50bf817590495d1fc11e0b112bbb42275f10ea6f6c294034a7ef1,8a7ca587e6e50bf817590495d1fc11e0b112bbb42275f10ea6f6c294034a7ef1,0.30275605413900625,True,evaluation/exp_ar_pos08_fixed6/baseline_h200_capped_base_stock/test.json
exp_ar_pos08_fixed6,baseline_h200_capped_base_stock,capped_base_stock,,baseline,cold_start,100,test,0,200,evaluation/exp_ar_pos08_fixed6/baseline_h200_capped_base_stock/test.npz,cold_start_h100,4394eb6c96e3bfcbc157dbdefe32ce75aa0fd3fd3330af5e87c0b07cf91a11fa,,e973086b367d129825e784ffcce7b2dad665f4814fc47b4448ebffd581119851,True,1000,166.0890737110771,22.985972873863062,71.55155041860702,0.2864058193689444,30.790267164540545,0.5132238341029733,known quoted arrival dates; overtaking allowed,8a7ca587e6e50bf817590495d1fc11e0b112bbb42275f10ea6f6c294034a7ef1,8a7ca587e6e50bf817590495d1fc11e0b112bbb42275f10ea6f6c294034a7ef1,0.3044121974042038,True,evaluation/exp_ar_pos08_fixed6/baseline_h200_capped_base_stock/test.json
exp_ar_pos08_fixed6,baseline_h200_capped_base_stock,capped_base_stock,,baseline,cold_start,200,test,0,200,evaluation/exp_ar_pos08_fixed6/baseline_h200_capped_base_stock/test.npz,cold_start_h200,4394eb6c96e3bfcbc157dbdefe32ce75aa0fd3fd3330af5e87c0b07cf91a11fa,,e973086b367d129825e784ffcce7b2dad665f4814fc47b4448ebffd581119851,True,1000,164.34588365903193,24.04395838911413,70.15096263495892,0.29650717140953403,30.60939654344994,0.5132238341029733,known quoted arrival dates; overtaking allowed,8a7ca587e6e50bf817590495d1fc11e0b112bbb42275f10ea6f6c294034a7ef1,8a7ca587e6e50bf817590495d1fc11e0b112bbb42275f10ea6f6c294034a7ef1,0.3061208737495564,True,evaluation/exp_ar_pos08_fixed6/baseline_h200_capped_base_stock/test.json
exp_ar_pos08_fixed6,baseline_h200_capped_base_stock,capped_base_stock,,baseline,cold_start,500,test,0,200,evaluation/exp_ar_pos08_fixed6/baseline_h200_capped_base_stock/test.npz,cold_start_h500,4394eb6c96e3bfcbc157dbdefe32ce75aa0fd3fd3330af5e87c0b07cf91a11fa,,e973086b367d129825e784ffcce7b2dad665f4814fc47b4448ebffd581119851,True,1000,164.44583781455765,24.494864599024467,69.9754866077666,0.3009339839116848,30.53907079303602,0.5132238341029733,known quoted arrival dates; overtaking allowed,8a7ca587e6e50bf817590495d1fc11e0b112bbb42275f10ea6f6c294034a7ef1,8a7ca587e6e50bf817590495d1fc11e0b112bbb42275f10ea6f6c294034a7ef1,0.30477652594073434,True,evaluation/exp_ar_pos08_fixed6/baseline_h200_capped_base_stock/test.json
exp_ar_pos08_fixed6,baseline_h200_conditional_pil,conditional_pil,,baseline,steady,50,test,500,200,evaluation/exp_ar_pos08_fixed6/baseline_h200_conditional_pil/test.npz,steady_h50,4394eb6c96e3bfcbc157dbdefe32ce75aa0fd3fd3330af5e87c0b07cf91a11fa,,8b2fdbf0268d6637b444f3e4238785930dc68eefad22e0b4c3272bce9a7e3977,True,1000,163.05951597651037,25.91629064671099,68.57161266489969,0.322982559676036,32.70154608006822,1.3486748749855906,known quoted arrival dates; overtaking allowed,6a9164f68d9063e665d50cdcc9ec1b932b0e29c2240e169a9129790bb383b40e,6a9164f68d9063e665d50cdcc9ec1b932b0e29c2240e169a9129790bb383b40e,0.35609839853709013,True,evaluation/exp_ar_pos08_fixed6/baseline_h200_conditional_pil/test.json
exp_ar_pos08_fixed6,baseline_h200_conditional_pil,conditional_pil,,baseline,steady,100,test,500,200,evaluation/exp_ar_pos08_fixed6/baseline_h200_conditional_pil/test.npz,steady_h100,4394eb6c96e3bfcbc157dbdefe32ce75aa0fd3fd3330af5e87c0b07cf91a11fa,,8b2fdbf0268d6637b444f3e4238785930dc68eefad22e0b4c3272bce9a7e3977,True,1000,162.4022919864621,26.726364831251647,67.83796357760522,0.3241425916814396,32.52909115237996,1.3486748749855906,known quoted arrival dates; overtaking allowed,6a9164f68d9063e665d50cdcc9ec1b932b0e29c2240e169a9129790bb383b40e,6a9164f68d9063e665d50cdcc9ec1b932b0e29c2240e169a9129790bb383b40e,0.3419064231560499,True,evaluation/exp_ar_pos08_fixed6/baseline_h200_conditional_pil/test.json
exp_ar_pos08_fixed6,baseline_h200_conditional_pil,conditional_pil,,baseline,steady,200,test,500,200,evaluation/exp_ar_pos08_fixed6/baseline_h200_conditional_pil/test.npz,steady_h200,4394eb6c96e3bfcbc157dbdefe32ce75aa0fd3fd3330af5e87c0b07cf91a11fa,,8b2fdbf0268d6637b444f3e4238785930dc68eefad22e0b4c3272bce9a7e3977,True,1000,162.47453944886703,26.951942833947243,67.7612983074599,0.32418462371093926,32.49302380260424,1.3486748749855906,known quoted arrival dates; overtaking allowed,6a9164f68d9063e665d50cdcc9ec1b932b0e29c2240e169a9129790bb383b40e,6a9164f68d9063e665d50cdcc9ec1b932b0e29c2240e169a9129790bb383b40e,0.3332823844657471,True,evaluation/exp_ar_pos08_fixed6/baseline_h200_conditional_pil/test.json
exp_ar_pos08_fixed6,baseline_h200_conditional_pil,conditional_pil,,baseline,steady,500,test,500,200,evaluation/exp_ar_pos08_fixed6/baseline_h200_conditional_pil/test.npz,steady_h500,4394eb6c96e3bfcbc157dbdefe32ce75aa0fd3fd3330af5e87c0b07cf91a11fa,,8b2fdbf0268d6637b444f3e4238785930dc68eefad22e0b4c3272bce9a7e3977,True,1000,162.14147990042312,27.360899605295828,67.39029014756363,0.3247994005577073,32.41433558894737,1.3486748749855906,known quoted arrival dates; overtaking allowed,6a9164f68d9063e665d50cdcc9ec1b932b0e29c2240e169a9129790bb383b40e,6a9164f68d9063e665d50cdcc9ec1b932b0e29c2240e169a9129790bb383b40e,0.32841965003288576,True,evaluation/exp_ar_pos08_fixed6/baseline_h200_conditional_pil/test.json
exp_ar_pos08_fixed6,baseline_h200_conditional_pil,conditional_pil,,baseline,cold_start,50,test,0,200,evaluation/exp_ar_pos08_fixed6/baseline_h200_conditional_pil/test.npz,cold_start_h50,4394eb6c96e3bfcbc157dbdefe32ce75aa0fd3fd3330af5e87c0b07cf91a11fa,,8b2fdbf0268d6637b444f3e4238785930dc68eefad22e0b4c3272bce9a7e3977,True,1000,165.93039026781852,23.430401958030007,71.24999415489424,0.28893953786095716,33.38916688320327,1.3486748749855906,known quoted arrival dates; overtaking allowed,6a9164f68d9063e665d50cdcc9ec1b932b0e29c2240e169a9129790bb383b40e,6a9164f68d9063e665d50cdcc9ec1b932b0e29c2240e169a9129790bb383b40e,0.3198006007453798,True,evaluation/exp_ar_pos08_fixed6/baseline_h200_conditional_pil/test.json
exp_ar_pos08_fixed6,baseline_h200_conditional_pil,conditional_pil,,baseline,cold_start,100,test,0,200,evaluation/exp_ar_pos08_fixed6/baseline_h200_conditional_pil/test.npz,cold_start_h100,4394eb6c96e3bfcbc157dbdefe32ce75aa0fd3fd3330af5e87c0b07cf91a11fa,,8b2fdbf0268d6637b444f3e4238785930dc68eefad22e0b4c3272bce9a7e3977,True,1000,164.1285267892381,25.06175916590527,69.5333838116664,0.3065332930271846,32.94869720433047,1.3486748749855906,known quoted arrival dates; overtaking allowed,6a9164f68d9063e665d50cdcc9ec1b932b0e29c2240e169a9129790bb383b40e,6a9164f68d9063e665d50cdcc9ec1b932b0e29c2240e169a9129790bb383b40e,0.3228845523338701,True,evaluation/exp_ar_pos08_fixed6/baseline_h200_conditional_pil/test.json
exp_ar_pos08_fixed6,baseline_h200_conditional_pil,conditional_pil,,baseline,cold_start,200,test,0,200,evaluation/exp_ar_pos08_fixed6/baseline_h200_conditional_pil/test.npz,cold_start_h200,4394eb6c96e3bfcbc157dbdefe32ce75aa0fd3fd3330af5e87c0b07cf91a11fa,,8b2fdbf0268d6637b444f3e4238785930dc68eefad22e0b4c3272bce9a7e3977,True,1000,162.41724593078268,26.100293664615993,68.15847613308335,0.31648836500236777,32.66945185172573,1.3486748749855906,known quoted arrival dates; overtaking allowed,6a9164f68d9063e665d50cdcc9ec1b932b0e29c2240e169a9129790bb383b40e,6a9164f68d9063e665d50cdcc9ec1b932b0e29c2240e169a9129790bb383b40e,0.325234073055939,True,evaluation/exp_ar_pos08_fixed6/baseline_h200_conditional_pil/test.json
exp_ar_pos08_fixed6,baseline_h200_conditional_pil,conditional_pil,,baseline,cold_start,500,test,0,200,evaluation/exp_ar_pos08_fixed6/baseline_h200_conditional_pil/test.npz,cold_start_h500,4394eb6c96e3bfcbc157dbdefe32ce75aa0fd3fd3330af5e87c0b07cf91a11fa,,8b2fdbf0268d6637b444f3e4238785930dc68eefad22e0b4c3272bce9a7e3977,True,1000,162.38529535492754,26.475642442715625,67.95482645610596,0.32112069372347524,32.58922864465923,1.3486748749855906,known quoted arrival dates; overtaking allowed,6a9164f68d9063e665d50cdcc9ec1b932b0e29c2240e169a9129790bb383b40e,6a9164f68d9063e665d50cdcc9ec1b932b0e29c2240e169a9129790bb383b40e,0.32461734030778644,True,evaluation/exp_ar_pos08_fixed6/baseline_h200_conditional_pil/test.json
exp_ar_pos08_fixed6,baseline_h200_constant_order,constant_order,,baseline,steady,50,test,500,200,evaluation/exp_ar_pos08_fixed6/baseline_h200_constant_order/test.npz,steady_h50,4394eb6c96e3bfcbc157dbdefe32ce75aa0fd3fd3330af5e87c0b07cf91a11fa,,79f2419359d753abb8bb5400479a7be566db81f4d2a8e4688826725d57e40420,True,1000,172.6523876633132,18.13477853491422,77.25880456419948,0.23721265876954084,24.011917664300952,0.48907320806756616,known quoted arrival dates; overtaking allowed,b66c1f55bc57c606876ba8d25b80189237d301e13b9ac19404d1bda55176ca3e,b66c1f55bc57c606876ba8d25b80189237d301e13b9ac19404d1bda55176ca3e,0.27274143809690654,True,evaluation/exp_ar_pos08_fixed6/baseline_h200_constant_order/test.json
exp_ar_pos08_fixed6,baseline_h200_constant_order,constant_order,,baseline,steady,100,test,500,200,evaluation/exp_ar_pos08_fixed6/baseline_h200_constant_order/test.npz,steady_h100,4394eb6c96e3bfcbc157dbdefe32ce75aa0fd3fd3330af5e87c0b07cf91a11fa,,79f2419359d753abb8bb5400479a7be566db81f4d2a8e4688826725d57e40420,True,1000,171.36364400208765,18.630778802366986,76.36643259986033,0.23917499144219406,24.011917664300952,0.48907320806756616,known quoted arrival dates; overtaking allowed,b66c1f55bc57c606876ba8d25b80189237d301e13b9ac19404d1bda55176ca3e,b66c1f55bc57c606876ba8d25b80189237d301e13b9ac19404d1bda55176ca3e,0.2585698537498439,True,evaluation/exp_ar_pos08_fixed6/baseline_h200_constant_order/test.json
exp_ar_pos08_fixed6,baseline_h200_constant_order,constant_order,,baseline,steady,200,test,500,200,evaluation/exp_ar_pos08_fixed6/baseline_h200_constant_order/test.npz,steady_h200,4394eb6c96e3bfcbc157dbdefe32ce75aa0fd3fd3330af5e87c0b07cf91a11fa,,79f2419359d753abb8bb5400479a7be566db81f4d2a8e4688826725d57e40420,True,1000,171.24003630940388,18.72915888438945,76.25543871250723,0.23946855661254343,24.011917664300935,0.48907320806756616,known quoted arrival dates; overtaking allowed,b66c1f55bc57c606876ba8d25b80189237d301e13b9ac19404d1bda55176ca3e,b66c1f55bc57c606876ba8d25b80189237d301e13b9ac19404d1bda55176ca3e,0.24936100642178058,True,evaluation/exp_ar_pos08_fixed6/baseline_h200_constant_order/test.json
exp_ar_pos08_fixed6,baseline_h200_constant_order,constant_order,,baseline,steady,500,test,500,200,evaluation/exp_ar_pos08_fixed6/baseline_h200_constant_order/test.npz,steady_h500,4394eb6c96e3bfcbc157dbdefe32ce75aa0fd3fd3330af5e87c0b07cf91a11fa,,79f2419359d753abb8bb5400479a7be566db81f4d2a8e4688826725d57e40420,True,1000,170.56361848321848,18.977301790328482,75.793158346445,0.24060890913088856,24.011917664300945,0.48907320806756616,known quoted arrival dates; overtaking allowed,b66c1f55bc57c606876ba8d25b80189237d301e13b9ac19404d1bda55176ca3e,b66c1f55bc57c606876ba8d25b80189237d301e13b9ac19404d1bda55176ca3e,0.2445544261563981,True,evaluation/exp_ar_pos08_fixed6/baseline_h200_constant_order/test.json
exp_ar_pos08_fixed6,baseline_h200_constant_order,constant_order,,baseline,cold_start,50,test,0,200,evaluation/exp_ar_pos08_fixed6/baseline_h200_constant_order/test.npz,cold_start_h50,4394eb6c96e3bfcbc157dbdefe32ce75aa0fd3fd3330af5e87c0b07cf91a11fa,,79f2419359d753abb8bb5400479a7be566db81f4d2a8e4688826725d57e40420,True,1000,172.96129871413024,14.047282755037749,79.45700797954626,0.20703520773214232,24.011917664300952,0.48907320806756616,known quoted arrival dates; overtaking allowed,b66c1f55bc57c606876ba8d25b80189237d301e13b9ac19404d1bda55176ca3e,b66c1f55bc57c606876ba8d25b80189237d301e13b9ac19404d1bda55176ca3e,0.24054929978066752,True,evaluation/exp_ar_pos08_fixed6/baseline_h200_constant_order/test.json
exp_ar_pos08_fixed6,baseline_h200_constant_order,constant_order,,baseline,cold_start,100,test,0,200,evaluation/exp_ar_pos08_fixed6/baseline_h200_constant_order/test.npz,cold_start_h100,4394eb6c96e3bfcbc157dbdefe32ce75aa0fd3fd3330af5e87c0b07cf91a11fa,,79f2419359d753abb8bb5400479a7be566db81f4d2a8e4688826725d57e40420,True,1000,171.3191593519318,15.57358291392722,77.8727882190023,0.22336318112620848,24.011917664300952,0.48907320806756616,known quoted arrival dates; overtaking allowed,b66c1f55bc57c606876ba8d25b80189237d301e13b9ac19404d1bda55176ca3e,b66c1f55bc57c606876ba8d25b80189237d301e13b9ac19404d1bda55176ca3e,0.2408684114126356,True,evaluation/exp_ar_pos08_fixed6/baseline_h200_constant_order/test.json
exp_ar_pos08_fixed6,baseline_h200_constant_order,constant_order,,baseline,cold_start,200,test,0,200,evaluation/exp_ar_pos08_fixed6/baseline_h200_constant_order/test.npz,cold_start_h200,4394eb6c96e3bfcbc157dbdefe32ce75aa0fd3fd3330af5e87c0b07cf91a11fa,,79f2419359d753abb8bb5400479a7be566db81f4d2a8e4688826725d57e40420,True,1000,170.23204751673921,17.191849750797697,76.52009888297076,0.2326357503128968,24.011917664300935,0.48907320806756616,known quoted arrival dates; overtaking allowed,b66c1f55bc57c606876ba8d25b80189237d301e13b9ac19404d1bda55176ca3e,b66c1f55bc57c606876ba8d25b80189237d301e13b9ac19404d1bda55176ca3e,0.24200653576697995,True,evaluation/exp_ar_pos08_fixed6/baseline_h200_constant_order/test.json
exp_ar_pos08_fixed6,baseline_h200_constant_order,constant_order,,baseline,cold_start,500,test,0,200,evaluation/exp_ar_pos08_fixed6/baseline_h200_constant_order/test.npz,cold_start_h500,4394eb6c96e3bfcbc157dbdefe32ce75aa0fd3fd3330af5e87c0b07cf91a11fa,,79f2419359d753abb8bb5400479a7be566db81f4d2a8e4688826725d57e40420,True,1000,170.58651214751345,17.757252280136747,76.41462993368833,0.23660593861911844,24.011917664300945,0.48907320806756616,known quoted arrival dates; overtaking allowed,b66c1f55bc57c606876ba8d25b80189237d301e13b9ac19404d1bda55176ca3e,b66c1f55bc57c606876ba8d25b80189237d301e13b9ac19404d1bda55176ca3e,0.24039013518103064,True,evaluation/exp_ar_pos08_fixed6/baseline_h200_constant_order/test.json
exp_ar_pos08_fixed6,baseline_h200_forecast_adaptive_pil,forecast_adaptive_pil,,baseline,steady,50,test,500,200,evaluation/exp_ar_pos08_fixed6/baseline_h200_forecast_adaptive_pil/test.npz,steady_h50,4394eb6c96e3bfcbc157dbdefe32ce75aa0fd3fd3330af5e87c0b07cf91a11fa,,dc5b371557ba00429afc1c01ad50b915da977e90b9c2ea27447feef7f3f160fa,True,1000,162.51993297815463,24.745395085585468,68.88726894628458,0.319866039598118,32.36830043974746,1.3387197498232126,known quoted arrival dates; overtaking allowed,cce8242619c7ac7038fd039f7d3ad1f707f9e2a5348a0647f34b50ec83f62951,cce8242619c7ac7038fd039f7d3ad1f707f9e2a5348a0647f34b50ec83f62951,0.3482462857752053,True,evaluation/exp_ar_pos08_fixed6/baseline_h200_forecast_adaptive_pil/test.json
exp_ar_pos08_fixed6,baseline_h200_forecast_adaptive_pil,forecast_adaptive_pil,,baseline,steady,100,test,500,200,evaluation/exp_ar_pos08_fixed6/baseline_h200_forecast_adaptive_pil/test.npz,steady_h100,4394eb6c96e3bfcbc157dbdefe32ce75aa0fd3fd3330af5e87c0b07cf91a11fa,,dc5b371557ba00429afc1c01ad50b915da977e90b9c2ea27447feef7f3f160fa,True,1000,161.70770090808267,25.369781079557097,68.16895991426279,0.3208449348170733,32.192365684804265,1.3387197498232126,known quoted arrival dates; overtaking allowed,cce8242619c7ac7038fd039f7d3ad1f707f9e2a5348a0647f34b50ec83f62951,cce8242619c7ac7038fd039f7d3ad1f707f9e2a5348a0647f34b50ec83f62951,0.3358186731509331,True,evaluation/exp_ar_pos08_fixed6/baseline_h200_forecast_adaptive_pil/test.json
exp_ar_pos08_fixed6,baseline_h200_forecast_adaptive_pil,forecast_adaptive_pil,,baseline,steady,200,test,500,200,evaluation/exp_ar_pos08_fixed6/baseline_h200_forecast_adaptive_pil/test.npz,steady_h200,4394eb6c96e3bfcbc157dbdefe32ce75aa0fd3fd3330af5e87c0b07cf91a11fa,,dc5b371557ba00429afc1c01ad50b915da977e90b9c2ea27447feef7f3f160fa,True,1000,161.81033978872654,25.623714481426077,68.09331265365023,0.320873288097417,32.155524874271094,1.3387197498232126,known quoted arrival dates; overtaking allowed,cce8242619c7ac7038fd039f7d3ad1f707f9e2a5348a0647f34b50ec83f62951,cce8242619c7ac7038fd039f7d3ad1f707f9e2a5348a0647f34b50ec83f62951,0.32847839204803136,True,evaluation/exp_ar_pos08_fixed6/baseline_h200_forecast_adaptive_pil/test.json
exp_ar_pos08_fixed6,baseline_h200_forecast_adaptive_pil,forecast_adaptive_pil,,baseline,steady,500,test,500,200,evaluation/exp_ar_pos08_fixed6/baseline_h200_forecast_adaptive_pil/test.npz,steady_h500,4394eb6c96e3bfcbc157dbdefe32ce75aa0fd3fd3330af5e87c0b07cf91a11fa,,dc5b371557ba00429afc1c01ad50b915da977e90b9c2ea27447feef7f3f160fa,True,1000,161.44540336404606,25.972530023213547,67.73643667041625,0.32133126977487225,32.06647874359437,1.3387197498232126,known quoted arrival dates; overtaking allowed,cce8242619c7ac7038fd039f7d3ad1f707f9e2a5348a0647f34b50ec83f62951,cce8242619c7ac7038fd039f7d3ad1f707f9e2a5348a0647f34b50ec83f62951,0.3243472850719175,True,evaluation/exp_ar_pos08_fixed6/baseline_h200_forecast_adaptive_pil/test.json
exp_ar_pos08_fixed6,baseline_h200_forecast_adaptive_pil,forecast_adaptive_pil,,baseline,cold_start,50,test,0,200,evaluation/exp_ar_pos08_fixed6/baseline_h200_forecast_adaptive_pil/test.npz,cold_start_h50,4394eb6c96e3bfcbc157dbdefe32ce75aa0fd3fd3330af5e87c0b07cf91a11fa,,dc5b371557ba00429afc1c01ad50b915da977e90b9c2ea27447feef7f3f160fa,True,1000,165.32366464313913,22.089556019215426,71.61705431196185,0.28527635208791813,32.96221440154936,1.3387197498232126,known quoted arrival dates; overtaking allowed,cce8242619c7ac7038fd039f7d3ad1f707f9e2a5348a0647f34b50ec83f62951,cce8242619c7ac7038fd039f7d3ad1f707f9e2a5348a0647f34b50ec83f62951,0.31080409769373657,True,evaluation/exp_ar_pos08_fixed6/baseline_h200_forecast_adaptive_pil/test.json
exp_ar_pos08_fixed6,baseline_h200_forecast_adaptive_pil,forecast_adaptive_pil,,baseline,cold_start,100,test,0,200,evaluation/exp_ar_pos08_fixed6/baseline_h200_forecast_adaptive_pil/test.npz,cold_start_h100,4394eb6c96e3bfcbc157dbdefe32ce75aa0fd3fd3330af5e87c0b07cf91a11fa,,dc5b371557ba00429afc1c01ad50b915da977e90b9c2ea27447feef7f3f160fa,True,1000,163.5540955200927,23.77820369477419,69.88794591265925,0.3029971928244554,32.56124872495423,1.3387197498232126,known quoted arrival dates; overtaking allowed,cce8242619c7ac7038fd039f7d3ad1f707f9e2a5348a0647f34b50ec83f62951,cce8242619c7ac7038fd039f7d3ad1f707f9e2a5348a0647f34b50ec83f62951,0.31652584304638426,True,evaluation/exp_ar_pos08_fixed6/baseline_h200_forecast_adaptive_pil/test.json
exp_ar_pos08_fixed6,baseline_h200_forecast_adaptive_pil,forecast_adaptive_pil,,baseline,cold_start,200,test,0,200,evaluation/exp_ar_pos08_fixed6/baseline_h200_forecast_adaptive_pil/test.npz,cold_start_h200,4394eb6c96e3bfcbc157dbdefe32ce75aa0fd3fd3330af5e87c0b07cf91a11fa,,dc5b371557ba00429afc1c01ad50b915da977e90b9c2ea27447feef7f3f160fa,True,1000,161.793616976742,24.74560429104404,68.52400634284899,0.31282272918577325,32.2820108444846,1.3387197498232126,known quoted arrival dates; overtaking allowed,cce8242619c7ac7038fd039f7d3ad1f707f9e2a5348a0647f34b50ec83f62951,cce8242619c7ac7038fd039f7d3ad1f707f9e2a5348a0647f34b50ec83f62951,0.3200941986389105,True,evaluation/exp_ar_pos08_fixed6/baseline_h200_forecast_adaptive_pil/test.json
exp_ar_pos08_fixed6,baseline_h200_forecast_adaptive_pil,forecast_adaptive_pil,,baseline,cold_start,500,test,0,200,evaluation/exp_ar_pos08_fixed6/baseline_h200_forecast_adaptive_pil/test.npz,cold_start_h500,4394eb6c96e3bfcbc157dbdefe32ce75aa0fd3fd3330af5e87c0b07cf91a11fa,,dc5b371557ba00429afc1c01ad50b915da977e90b9c2ea27447feef7f3f160fa,True,1000,161.72956780901302,25.12060527593019,68.30448126654142,0.3176275876775347,32.23350838477625,1.3387197498232126,known quoted arrival dates; overtaking allowed,cce8242619c7ac7038fd039f7d3ad1f707f9e2a5348a0647f34b50ec83f62951,cce8242619c7ac7038fd039f7d3ad1f707f9e2a5348a0647f34b50ec83f62951,0.3205351928397982,True,evaluation/exp_ar_pos08_fixed6/baseline_h200_forecast_adaptive_pil/test.json
exp_ar_pos08_fixed6,baseline_h200_forecast_capped_base_stock,forecast_capped_base_stock,,baseline,steady,50,test,500,200,evaluation/exp_ar_pos08_fixed6/baseline_h200_forecast_capped_base_stock/test.npz,steady_h50,4394eb6c96e3bfcbc157dbdefe32ce75aa0fd3fd3330af5e87c0b07cf91a11fa,,ece58848939f1b2dbb9367db8b83dc87e538a51ef82f4184165263fb72c80f9f,True,1000,163.2730071143435,22.84187954577638,70.21556378428356,0.3067515927261703,31.027545900602686,0.6299207920674235,known quoted arrival dates; overtaking allowed,bf0bbf9a816875eced18f07b67661a23ab1b9fffcf433c7f0d4d0b716c4245e2,bf0bbf9a816875eced18f07b67661a23ab1b9fffcf433c7f0d4d0b716c4245e2,0.3321614096675229,True,evaluation/exp_ar_pos08_fixed6/baseline_h200_forecast_capped_base_stock/test.json
exp_ar_pos08_fixed6,baseline_h200_forecast_capped_base_stock,forecast_capped_base_stock,,baseline,steady,100,test,500,200,evaluation/exp_ar_pos08_fixed6/baseline_h200_forecast_capped_base_stock/test.npz,steady_h100,4394eb6c96e3bfcbc157dbdefe32ce75aa0fd3fd3330af5e87c0b07cf91a11fa,,ece58848939f1b2dbb9367db8b83dc87e538a51ef82f4184165263fb72c80f9f,True,1000,162.37147320458706,23.342800249393804,69.51433647759663,0.3074411905217845,30.83783954609297,0.6299207920674235,known quoted arrival dates; overtaking allowed,bf0bbf9a816875eced18f07b67661a23ab1b9fffcf433c7f0d4d0b716c4245e2,bf0bbf9a816875eced18f07b67661a23ab1b9fffcf433c7f0d4d0b716c4245e2,0.32081115321491294,True,evaluation/exp_ar_pos08_fixed6/baseline_h200_forecast_capped_base_stock/test.json
exp_ar_pos08_fixed6,baseline_h200_forecast_capped_base_stock,forecast_capped_base_stock,,baseline,steady,200,test,500,200,evaluation/exp_ar_pos08_fixed6/baseline_h200_forecast_capped_base_stock/test.npz,steady_h200,4394eb6c96e3bfcbc157dbdefe32ce75aa0fd3fd3330af5e87c0b07cf91a11fa,,ece58848939f1b2dbb9367db8b83dc87e538a51ef82f4184165263fb72c80f9f,True,1000,162.45013042599842,23.565534021363842,69.44229820231728,0.30741921919743304,30.80851413825102,0.6299207920674235,known quoted arrival dates; overtaking allowed,bf0bbf9a816875eced18f07b67661a23ab1b9fffcf433c7f0d4d0b716c4245e2,bf0bbf9a816875eced18f07b67661a23ab1b9fffcf433c7f0d4d0b716c4245e2,0.31418073438791727,True,evaluation/exp_ar_pos08_fixed6/baseline_h200_forecast_capped_base_stock/test.json
exp_ar_pos08_fixed6,baseline_h200_forecast_capped_base_stock,forecast_capped_base_stock,,baseline,steady,500,test,500,200,evaluation/exp_ar_pos08_fixed6/baseline_h200_forecast_capped_base_stock/test.npz,steady_h500,4394eb6c96e3bfcbc157dbdefe32ce75aa0fd3fd3330af5e87c0b07cf91a11fa,,ece58848939f1b2dbb9367db8b83dc87e538a51ef82f4184165263fb72c80f9f,True,1000,161.94579441369152,23.803552026556357,69.07112119356755,0.3079587232533361,30.729338520384303,0.6299207920674235,known quoted arrival dates; overtaking allowed,bf0bbf9a816875eced18f07b67661a23ab1b9fffcf433c7f0d4d0b716c4245e2,bf0bbf9a816875eced18f07b67661a23ab1b9fffcf433c7f0d4d0b716c4245e2,0.31064114857471226,True,evaluation/exp_ar_pos08_fixed6/baseline_h200_forecast_capped_base_stock/test.json
exp_ar_pos08_fixed6,baseline_h200_forecast_capped_base_stock,forecast_capped_base_stock,,baseline,cold_start,50,test,0,200,evaluation/exp_ar_pos08_fixed6/baseline_h200_forecast_capped_base_stock/test.npz,cold_start_h50,4394eb6c96e3bfcbc157dbdefe32ce75aa0fd3fd3330af5e87c0b07cf91a11fa,,ece58848939f1b2dbb9367db8b83dc87e538a51ef82f4184165263fb72c80f9f,True,1000,165.9115455736047,19.855090110610995,73.02822773149686,0.27119312814166086,31.34777835488908,0.6299207920674235,known quoted arrival dates; overtaking allowed,bf0bbf9a816875eced18f07b67661a23ab1b9fffcf433c7f0d4d0b716c4245e2,bf0bbf9a816875eced18f07b67661a23ab1b9fffcf433c7f0d4d0b716c4245e2,0.2933221164984152,True,evaluation/exp_ar_pos08_fixed6/baseline_h200_forecast_capped_base_stock/test.json
exp_ar_pos08_fixed6,baseline_h200_forecast_capped_base_stock,forecast_capped_base_stock,,baseline,cold_start,100,test,0,200,evaluation/exp_ar_pos08_fixed6/baseline_h200_forecast_capped_base_stock/test.npz,cold_start_h100,4394eb6c96e3bfcbc157dbdefe32ce75aa0fd3fd3330af5e87c0b07cf91a11fa,,ece58848939f1b2dbb9367db8b83dc87e538a51ef82f4184165263fb72c80f9f,True,1000,164.13802444184182,21.611742909357176,71.26314076624232,0.28928217143065676,31.089098479631684,0.6299207920674235,known quoted arrival dates; overtaking allowed,bf0bbf9a816875eced18f07b67661a23ab1b9fffcf433c7f0d4d0b716c4245e2,bf0bbf9a816875eced18f07b67661a23ab1b9fffcf433c7f0d4d0b716c4245e2,0.30122929324951386,True,evaluation/exp_ar_pos08_fixed6/baseline_h200_forecast_capped_base_stock/test.json
exp_ar_pos08_fixed6,baseline_h200_forecast_capped_base_stock,forecast_capped_base_stock,,baseline,cold_start,200,test,0,200,evaluation/exp_ar_pos08_fixed6/baseline_h200_forecast_capped_base_stock/test.npz,cold_start_h200,4394eb6c96e3bfcbc157dbdefe32ce75aa0fd3fd3330af5e87c0b07cf91a11fa,,ece58848939f1b2dbb9367db8b83dc87e538a51ef82f4184165263fb72c80f9f,True,1000,162.32822066139653,22.542389572140124,69.89291554462821,0.29909493743109145,30.861718124615923,0.6299207920674235,known quoted arrival dates; overtaking allowed,bf0bbf9a816875eced18f07b67661a23ab1b9fffcf433c7f0d4d0b716c4245e2,bf0bbf9a816875eced18f07b67661a23ab1b9fffcf433c7f0d4d0b716c4245e2,0.3055480752436925,True,evaluation/exp_ar_pos08_fixed6/baseline_h200_forecast_capped_base_stock/test.json
exp_ar_pos08_fixed6,baseline_h200_forecast_capped_base_stock,forecast_capped_base_stock,,baseline,cold_start,500,test,0,200,evaluation/exp_ar_pos08_fixed6/baseline_h200_forecast_capped_base_stock/test.npz,cold_start_h500,4394eb6c96e3bfcbc157dbdefe32ce75aa0fd3fd3330af5e87c0b07cf91a11fa,,ece58848939f1b2dbb9367db8b83dc87e538a51ef82f4184165263fb72c80f9f,True,1000,162.26386850447577,22.94182262553281,69.66102293947148,0.30407552496350765,30.85727079760138,0.6299207920674235,known quoted arrival dates; overtaking allowed,bf0bbf9a816875eced18f07b67661a23ab1b9fffcf433c7f0d4d0b716c4245e2,bf0bbf9a816875eced18f07b67661a23ab1b9fffcf433c7f0d4d0b716c4245e2,0.30665290579981547,True,evaluation/exp_ar_pos08_fixed6/baseline_h200_forecast_capped_base_stock/test.json
exp_ar_pos08_fixed6,baseline_h200_pil_cop_continuation,pil_cop_continuation,,baseline,steady,50,test,500,200,evaluation/exp_ar_pos08_fixed6/baseline_h200_pil_cop_continuation/test.npz,steady_h50,4394eb6c96e3bfcbc157dbdefe32ce75aa0fd3fd3330af5e87c0b07cf91a11fa,,0eaa4646e6226660c00f732dae2e01218cb5c96e8c45bcebe208378a676e36f8,True,1000,163.05951597651037,25.91629064671099,68.57161266489969,0.322982559676036,32.70154608006822,1.3256365000270307,known quoted arrival dates; overtaking allowed,6a9164f68d9063e665d50cdcc9ec1b932b0e29c2240e169a9129790bb383b40e,6a9164f68d9063e665d50cdcc9ec1b932b0e29c2240e169a9129790bb383b40e,0.35609839853709013,True,evaluation/exp_ar_pos08_fixed6/baseline_h200_pil_cop_continuation/test.json
exp_ar_pos08_fixed6,baseline_h200_pil_cop_continuation,pil_cop_continuation,,baseline,steady,100,test,500,200,evaluation/exp_ar_pos08_fixed6/baseline_h200_pil_cop_continuation/test.npz,steady_h100,4394eb6c96e3bfcbc157dbdefe32ce75aa0fd3fd3330af5e87c0b07cf91a11fa,,0eaa4646e6226660c00f732dae2e01218cb5c96e8c45bcebe208378a676e36f8,True,1000,162.4022919864621,26.726364831251647,67.83796357760522,0.3241425916814396,32.52909115237996,1.3256365000270307,known quoted arrival dates; overtaking allowed,6a9164f68d9063e665d50cdcc9ec1b932b0e29c2240e169a9129790bb383b40e,6a9164f68d9063e665d50cdcc9ec1b932b0e29c2240e169a9129790bb383b40e,0.3419064231560499,True,evaluation/exp_ar_pos08_fixed6/baseline_h200_pil_cop_continuation/test.json
exp_ar_pos08_fixed6,baseline_h200_pil_cop_continuation,pil_cop_continuation,,baseline,steady,200,test,500,200,evaluation/exp_ar_pos08_fixed6/baseline_h200_pil_cop_continuation/test.npz,steady_h200,4394eb6c96e3bfcbc157dbdefe32ce75aa0fd3fd3330af5e87c0b07cf91a11fa,,0eaa4646e6226660c00f732dae2e01218cb5c96e8c45bcebe208378a676e36f8,True,1000,162.47453944886703,26.951942833947243,67.7612983074599,0.32418462371093926,32.49302380260424,1.3256365000270307,known quoted arrival dates; overtaking allowed,6a9164f68d9063e665d50cdcc9ec1b932b0e29c2240e169a9129790bb383b40e,6a9164f68d9063e665d50cdcc9ec1b932b0e29c2240e169a9129790bb383b40e,0.3332823844657471,True,evaluation/exp_ar_pos08_fixed6/baseline_h200_pil_cop_continuation/test.json
exp_ar_pos08_fixed6,baseline_h200_pil_cop_continuation,pil_cop_continuation,,baseline,steady,500,test,500,200,evaluation/exp_ar_pos08_fixed6/baseline_h200_pil_cop_continuation/test.npz,steady_h500,4394eb6c96e3bfcbc157dbdefe32ce75aa0fd3fd3330af5e87c0b07cf91a11fa,,0eaa4646e6226660c00f732dae2e01218cb5c96e8c45bcebe208378a676e36f8,True,1000,162.14147990042312,27.360899605295828,67.39029014756363,0.3247994005577073,32.41433558894737,1.3256365000270307,known quoted arrival dates; overtaking allowed,6a9164f68d9063e665d50cdcc9ec1b932b0e29c2240e169a9129790bb383b40e,6a9164f68d9063e665d50cdcc9ec1b932b0e29c2240e169a9129790bb383b40e,0.32841965003288576,True,evaluation/exp_ar_pos08_fixed6/baseline_h200_pil_cop_continuation/test.json
exp_ar_pos08_fixed6,baseline_h200_pil_cop_continuation,pil_cop_continuation,,baseline,cold_start,50,test,0,200,evaluation/exp_ar_pos08_fixed6/baseline_h200_pil_cop_continuation/test.npz,cold_start_h50,4394eb6c96e3bfcbc157dbdefe32ce75aa0fd3fd3330af5e87c0b07cf91a11fa,,0eaa4646e6226660c00f732dae2e01218cb5c96e8c45bcebe208378a676e36f8,True,1000,165.93039026781852,23.430401958030007,71.24999415489424,0.28893953786095716,33.38916688320327,1.3256365000270307,known quoted arrival dates; overtaking allowed,6a9164f68d9063e665d50cdcc9ec1b932b0e29c2240e169a9129790bb383b40e,6a9164f68d9063e665d50cdcc9ec1b932b0e29c2240e169a9129790bb383b40e,0.3198006007453798,True,evaluation/exp_ar_pos08_fixed6/baseline_h200_pil_cop_continuation/test.json
exp_ar_pos08_fixed6,baseline_h200_pil_cop_continuation,pil_cop_continuation,,baseline,cold_start,100,test,0,200,evaluation/exp_ar_pos08_fixed6/baseline_h200_pil_cop_continuation/test.npz,cold_start_h100,4394eb6c96e3bfcbc157dbdefe32ce75aa0fd3fd3330af5e87c0b07cf91a11fa,,0eaa4646e6226660c00f732dae2e01218cb5c96e8c45bcebe208378a676e36f8,True,1000,164.1285267892381,25.06175916590527,69.5333838116664,0.3065332930271846,32.94869720433047,1.3256365000270307,known quoted arrival dates; overtaking allowed,6a9164f68d9063e665d50cdcc9ec1b932b0e29c2240e169a9129790bb383b40e,6a9164f68d9063e665d50cdcc9ec1b932b0e29c2240e169a9129790bb383b40e,0.3228845523338701,True,evaluation/exp_ar_pos08_fixed6/baseline_h200_pil_cop_continuation/test.json
exp_ar_pos08_fixed6,baseline_h200_pil_cop_continuation,pil_cop_continuation,,baseline,cold_start,200,test,0,200,evaluation/exp_ar_pos08_fixed6/baseline_h200_pil_cop_continuation/test.npz,cold_start_h200,4394eb6c96e3bfcbc157dbdefe32ce75aa0fd3fd3330af5e87c0b07cf91a11fa,,0eaa4646e6226660c00f732dae2e01218cb5c96e8c45bcebe208378a676e36f8,True,1000,162.41724593078268,26.100293664615993,68.15847613308335,0.31648836500236777,32.66945185172573,1.3256365000270307,known quoted arrival dates; overtaking allowed,6a9164f68d9063e665d50cdcc9ec1b932b0e29c2240e169a9129790bb383b40e,6a9164f68d9063e665d50cdcc9ec1b932b0e29c2240e169a9129790bb383b40e,0.325234073055939,True,evaluation/exp_ar_pos08_fixed6/baseline_h200_pil_cop_continuation/test.json
exp_ar_pos08_fixed6,baseline_h200_pil_cop_continuation,pil_cop_continuation,,baseline,cold_start,500,test,0,200,evaluation/exp_ar_pos08_fixed6/baseline_h200_pil_cop_continuation/test.npz,cold_start_h500,4394eb6c96e3bfcbc157dbdefe32ce75aa0fd3fd3330af5e87c0b07cf91a11fa,,0eaa4646e6226660c00f732dae2e01218cb5c96e8c45bcebe208378a676e36f8,True,1000,162.38529535492754,26.475642442715625,67.95482645610596,0.32112069372347524,32.58922864465923,1.3256365000270307,known quoted arrival dates; overtaking allowed,6a9164f68d9063e665d50cdcc9ec1b932b0e29c2240e169a9129790bb383b40e,6a9164f68d9063e665d50cdcc9ec1b932b0e29c2240e169a9129790bb383b40e,0.32461734030778644,True,evaluation/exp_ar_pos08_fixed6/baseline_h200_pil_cop_continuation/test.json
exp_ar_pos08_fixed6,baseline_h500_base_stock,base_stock,,baseline_extension,steady,50,test,500,500,evaluation/exp_ar_pos08_fixed6/baseline_h500_base_stock/test.npz,steady_h50,4394eb6c96e3bfcbc157dbdefe32ce75aa0fd3fd3330af5e87c0b07cf91a11fa,,30dccde01c49d1e05b0cf061a71f9033fc2812fc4846a207b1984b1e4d375cbf,True,1000,168.2894148089443,23.319527112796994,72.48494384807364,0.2843456754347449,28.771613129405697,0.4788575409911573,known quoted arrival dates; overtaking allowed,2cb9193aef75d5dcd3cfdeae0cbadd0b77e0d4c5075d2627e06e09573d4bbcc4,2cb9193aef75d5dcd3cfdeae0cbadd0b77e0d4c5075d2627e06e09573d4bbcc4,0.31907093542473147,True,evaluation/exp_ar_pos08_fixed6/baseline_h500_base_stock/test.json
exp_ar_pos08_fixed6,baseline_h500_base_stock,base_stock,,baseline_extension,steady,100,test,500,500,evaluation/exp_ar_pos08_fixed6/baseline_h500_base_stock/test.npz,steady_h100,4394eb6c96e3bfcbc157dbdefe32ce75aa0fd3fd3330af5e87c0b07cf91a11fa,,30dccde01c49d1e05b0cf061a71f9033fc2812fc4846a207b1984b1e4d375cbf,True,1000,167.47947544303435,24.10386084690785,71.68780729806325,0.2857872923457856,28.679046740810712,0.4788575409911573,known quoted arrival dates; overtaking allowed,2cb9193aef75d5dcd3cfdeae0cbadd0b77e0d4c5075d2627e06e09573d4bbcc4,2cb9193aef75d5dcd3cfdeae0cbadd0b77e0d4c5075d2627e06e09573d4bbcc4,0.30460189505791757,True,evaluation/exp_ar_pos08_fixed6/baseline_h500_base_stock/test.json
exp_ar_pos08_fixed6,baseline_h500_base_stock,base_stock,,baseline_extension,steady,200,test,500,500,evaluation/exp_ar_pos08_fixed6/baseline_h500_base_stock/test.npz,steady_h200,4394eb6c96e3bfcbc157dbdefe32ce75aa0fd3fd3330af5e87c0b07cf91a11fa,,30dccde01c49d1e05b0cf061a71f9033fc2812fc4846a207b1984b1e4d375cbf,True,1000,167.5447648780155,24.336054278782576,71.60435529961647,0.28585600439390524,28.65888415646038,0.4788575409911573,known quoted arrival dates; overtaking allowed,2cb9193aef75d5dcd3cfdeae0cbadd0b77e0d4c5075d2627e06e09573d4bbcc4,2cb9193aef75d5dcd3cfdeae0cbadd0b77e0d4c5075d2627e06e09573d4bbcc4,0.29556447705566374,True,evaluation/exp_ar_pos08_fixed6/baseline_h500_base_stock/test.json
exp_ar_pos08_fixed6,baseline_h500_base_stock,base_stock,,baseline_extension,steady,500,test,500,500,evaluation/exp_ar_pos08_fixed6/baseline_h500_base_stock/test.npz,steady_h500,4394eb6c96e3bfcbc157dbdefe32ce75aa0fd3fd3330af5e87c0b07cf91a11fa,,30dccde01c49d1e05b0cf061a71f9033fc2812fc4846a207b1984b1e4d375cbf,True,1000,167.12310344595133,24.7207000186765,71.2012017136374,0.28661690025684444,28.605364455496566,0.4788575409911573,known quoted arrival dates; overtaking allowed,2cb9193aef75d5dcd3cfdeae0cbadd0b77e0d4c5075d2627e06e09573d4bbcc4,2cb9193aef75d5dcd3cfdeae0cbadd0b77e0d4c5075d2627e06e09573d4bbcc4,0.29048546965915534,True,evaluation/exp_ar_pos08_fixed6/baseline_h500_base_stock/test.json
exp_ar_pos08_fixed6,baseline_h500_base_stock,base_stock,,baseline_extension,cold_start,50,test,0,500,evaluation/exp_ar_pos08_fixed6/baseline_h500_base_stock/test.npz,cold_start_h50,4394eb6c96e3bfcbc157dbdefe32ce75aa0fd3fd3330af5e87c0b07cf91a11fa,,30dccde01c49d1e05b0cf061a71f9033fc2812fc4846a207b1984b1e4d375cbf,True,1000,178.1627200232128,29.327451222309193,74.4176344004518,0.25732713194272205,29.674289134836634,0.4788575409911573,known quoted arrival dates; overtaking allowed,2cb9193aef75d5dcd3cfdeae0cbadd0b77e0d4c5075d2627e06e09573d4bbcc4,2cb9193aef75d5dcd3cfdeae0cbadd0b77e0d4c5075d2627e06e09573d4bbcc4,0.2907381640066018,True,evaluation/exp_ar_pos08_fixed6/baseline_h500_base_stock/test.json
exp_ar_pos08_fixed6,baseline_h500_base_stock,base_stock,,baseline_extension,cold_start,100,test,0,500,evaluation/exp_ar_pos08_fixed6/baseline_h500_base_stock/test.npz,cold_start_h100,4394eb6c96e3bfcbc157dbdefe32ce75aa0fd3fd3330af5e87c0b07cf91a11fa,,30dccde01c49d1e05b0cf061a71f9033fc2812fc4846a207b1984b1e4d375cbf,True,1000,172.9002268700933,26.85137571831735,73.02442557588796,0.271716617878792,29.19728094265237,0.4788575409911573,known quoted arrival dates; overtaking allowed,2cb9193aef75d5dcd3cfdeae0cbadd0b77e0d4c5075d2627e06e09573d4bbcc4,2cb9193aef75d5dcd3cfdeae0cbadd0b77e0d4c5075d2627e06e09573d4bbcc4,0.28925189945604973,True,evaluation/exp_ar_pos08_fixed6/baseline_h500_base_stock/test.json
exp_ar_pos08_fixed6,baseline_h500_base_stock,base_stock,,baseline_extension,cold_start,200,test,0,500,evaluation/exp_ar_pos08_fixed6/baseline_h500_base_stock/test.npz,cold_start_h200,4394eb6c96e3bfcbc157dbdefe32ce75aa0fd3fd3330af5e87c0b07cf91a11fa,,30dccde01c49d1e05b0cf061a71f9033fc2812fc4846a207b1984b1e4d375cbf,True,1000,169.34466097408378,25.75061192845541,71.79702452281417,0.28000001755124637,28.906862532597433,0.4788575409911573,known quoted arrival dates; overtaking allowed,2cb9193aef75d5dcd3cfdeae0cbadd0b77e0d4c5075d2627e06e09573d4bbcc4,2cb9193aef75d5dcd3cfdeae0cbadd0b77e0d4c5075d2627e06e09573d4bbcc4,0.2893303224534517,True,evaluation/exp_ar_pos08_fixed6/baseline_h500_base_stock/test.json
exp_ar_pos08_fixed6,baseline_h500_base_stock,base_stock,,baseline_extension,cold_start,500,test,0,500,evaluation/exp_ar_pos08_fixed6/baseline_h500_base_stock/test.npz,cold_start_h500,4394eb6c96e3bfcbc157dbdefe32ce75aa0fd3fd3330af5e87c0b07cf91a11fa,,30dccde01c49d1e05b0cf061a71f9033fc2812fc4846a207b1984b1e4d375cbf,True,1000,168.2324600647919,24.798584503478676,71.71693778065661,0.28353661530932883,28.775901715265,0.4788575409911573,known quoted arrival dates; overtaking allowed,2cb9193aef75d5dcd3cfdeae0cbadd0b77e0d4c5075d2627e06e09573d4bbcc4,2cb9193aef75d5dcd3cfdeae0cbadd0b77e0d4c5075d2627e06e09573d4bbcc4,0.28728132044648474,True,evaluation/exp_ar_pos08_fixed6/baseline_h500_base_stock/test.json
exp_ar_pos08_fixed6,baseline_h500_capped_base_stock,capped_base_stock,,baseline_extension,steady,50,test,500,500,evaluation/exp_ar_pos08_fixed6/baseline_h500_capped_base_stock/test.npz,steady_h50,4394eb6c96e3bfcbc157dbdefe32ce75aa0fd3fd3330af5e87c0b07cf91a11fa,,2d5d957296d0dd854d24874d218d8cc82e4fe85d879dc51e5eda24c978d29e20,True,1000,165.29655986652494,22.551904631866122,71.37232761732939,0.2953306962520683,29.918925609996922,0.5050622909329832,known quoted arrival dates; overtaking allowed,91412ab1440d4638c88fdf88f28bb27859e86edf928c61fa435f305de476ffd4,91412ab1440d4638c88fdf88f28bb27859e86edf928c61fa435f305de476ffd4,0.3306484279479653,True,evaluation/exp_ar_pos08_fixed6/baseline_h500_capped_base_stock/test.json
exp_ar_pos08_fixed6,baseline_h500_capped_base_stock,capped_base_stock,,baseline_extension,steady,100,test,500,500,evaluation/exp_ar_pos08_fixed6/baseline_h500_capped_base_stock/test.npz,steady_h100,4394eb6c96e3bfcbc157dbdefe32ce75aa0fd3fd3330af5e87c0b07cf91a11fa,,2d5d957296d0dd854d24874d218d8cc82e4fe85d879dc51e5eda24c978d29e20,True,1000,164.5539816739438,23.356515494231648,70.59873308985608,0.2966375424566023,29.77919610294414,0.5050622909329832,known quoted arrival dates; overtaking allowed,91412ab1440d4638c88fdf88f28bb27859e86edf928c61fa435f305de476ffd4,91412ab1440d4638c88fdf88f28bb27859e86edf928c61fa435f305de476ffd4,0.3157524677456603,True,evaluation/exp_ar_pos08_fixed6/baseline_h500_capped_base_stock/test.json
exp_ar_pos08_fixed6,baseline_h500_capped_base_stock,capped_base_stock,,baseline_extension,steady,200,test,500,500,evaluation/exp_ar_pos08_fixed6/baseline_h500_capped_base_stock/test.npz,steady_h200,4394eb6c96e3bfcbc157dbdefe32ce75aa0fd3fd3330af5e87c0b07cf91a11fa,,2d5d957296d0dd854d24874d218d8cc82e4fe85d879dc51e5eda24c978d29e20,True,1000,164.57911303342652,23.545278162098057,70.51691743566421,0.2967015349190629,29.745948434093986,0.5050622909329832,known quoted arrival dates; overtaking allowed,91412ab1440d4638c88fdf88f28bb27859e86edf928c61fa435f305de476ffd4,91412ab1440d4638c88fdf88f28bb27859e86edf928c61fa435f305de476ffd4,0.30652325127903296,True,evaluation/exp_ar_pos08_fixed6/baseline_h500_capped_base_stock/test.json
exp_ar_pos08_fixed6,baseline_h500_capped_base_stock,capped_base_stock,,baseline_extension,steady,500,test,500,500,evaluation/exp_ar_pos08_fixed6/baseline_h500_capped_base_stock/test.npz,steady_h500,4394eb6c96e3bfcbc157dbdefe32ce75aa0fd3fd3330af5e87c0b07cf91a11fa,,2d5d957296d0dd854d24874d218d8cc82e4fe85d879dc51e5eda24c978d29e20,True,1000,164.17304242421045,23.94375437852089,70.11464402284479,0.2975034004120652,29.69157842404892,0.5050622909329832,known quoted arrival dates; overtaking allowed,91412ab1440d4638c88fdf88f28bb27859e86edf928c61fa435f305de476ffd4,91412ab1440d4638c88fdf88f28bb27859e86edf928c61fa435f305de476ffd4,0.3014160889078253,True,evaluation/exp_ar_pos08_fixed6/baseline_h500_capped_base_stock/test.json
exp_ar_pos08_fixed6,baseline_h500_capped_base_stock,capped_base_stock,,baseline_extension,cold_start,50,test,0,500,evaluation/exp_ar_pos08_fixed6/baseline_h500_capped_base_stock/test.npz,cold_start_h50,4394eb6c96e3bfcbc157dbdefe32ce75aa0fd3fd3330af5e87c0b07cf91a11fa,,2d5d957296d0dd854d24874d218d8cc82e4fe85d879dc51e5eda24c978d29e20,True,1000,167.9707066892973,20.131915169839694,73.9193957597288,0.2622994523243609,30.319202482711898,0.5050622909329832,known quoted arrival dates; overtaking allowed,91412ab1440d4638c88fdf88f28bb27859e86edf928c61fa435f305de476ffd4,91412ab1440d4638c88fdf88f28bb27859e86edf928c61fa435f305de476ffd4,0.2957900558526642,True,evaluation/exp_ar_pos08_fixed6/baseline_h500_capped_base_stock/test.json
exp_ar_pos08_fixed6,baseline_h500_capped_base_stock,capped_base_stock,,baseline_extension,cold_start,100,test,0,500,evaluation/exp_ar_pos08_fixed6/baseline_h500_capped_base_stock/test.npz,cold_start_h100,4394eb6c96e3bfcbc157dbdefe32ce75aa0fd3fd3330af5e87c0b07cf91a11fa,,2d5d957296d0dd854d24874d218d8cc82e4fe85d879dc51e5eda24c978d29e20,True,1000,166.09528968598886,21.641997911337736,72.22664588732556,0.27967299254647127,30.058003215243914,0.5050622909329832,known quoted arrival dates; overtaking allowed,91412ab1440d4638c88fdf88f28bb27859e86edf928c61fa435f305de476ffd4,91412ab1440d4638c88fdf88f28bb27859e86edf928c61fa435f305de476ffd4,0.2973530833646723,True,evaluation/exp_ar_pos08_fixed6/baseline_h500_capped_base_stock/test.json
exp_ar_pos08_fixed6,baseline_h500_capped_base_stock,capped_base_stock,,baseline_extension,cold_start,200,test,0,500,evaluation/exp_ar_pos08_fixed6/baseline_h500_capped_base_stock/test.npz,cold_start_h200,4394eb6c96e3bfcbc157dbdefe32ce75aa0fd3fd3330af5e87c0b07cf91a11fa,,2d5d957296d0dd854d24874d218d8cc82e4fe85d879dc51e5eda24c978d29e20,True,1000,164.32253176979185,22.638737222802817,70.84189727349451,0.2895782919618795,29.889856203472906,0.5050622909329832,known quoted arrival dates; overtaking allowed,91412ab1440d4638c88fdf88f28bb27859e86edf928c61fa435f305de476ffd4,91412ab1440d4638c88fdf88f28bb27859e86edf928c61fa435f305de476ffd4,0.29901378040181725,True,evaluation/exp_ar_pos08_fixed6/baseline_h500_capped_base_stock/test.json
exp_ar_pos08_fixed6,baseline_h500_capped_base_stock,capped_base_stock,,baseline_extension,cold_start,500,test,0,500,evaluation/exp_ar_pos08_fixed6/baseline_h500_capped_base_stock/test.npz,cold_start_h500,4394eb6c96e3bfcbc157dbdefe32ce75aa0fd3fd3330af5e87c0b07cf91a11fa,,2d5d957296d0dd854d24874d218d8cc82e4fe85d879dc51e5eda24c978d29e20,True,1000,164.42417839918303,23.06799918419589,70.67808960749358,0.293914870451796,29.825035085590734,0.5050622909329832,known quoted arrival dates; overtaking allowed,91412ab1440d4638c88fdf88f28bb27859e86edf928c61fa435f305de476ffd4,91412ab1440d4638c88fdf88f28bb27859e86edf928c61fa435f305de476ffd4,0.29768603952128014,True,evaluation/exp_ar_pos08_fixed6/baseline_h500_capped_base_stock/test.json
exp_ar_pos08_fixed6,baseline_h500_conditional_pil,conditional_pil,,baseline_extension,steady,50,test,500,500,evaluation/exp_ar_pos08_fixed6/baseline_h500_conditional_pil/test.npz,steady_h50,4394eb6c96e3bfcbc157dbdefe32ce75aa0fd3fd3330af5e87c0b07cf91a11fa,,7bae7d2f8c4e8a7dac55524b5c2c3a2cfd32927828a5ac3665ae8b7ec49a9ba0,True,1000,163.0993617675856,23.61567141953679,69.7418451740244,0.31142868501680615,31.531597356649012,1.3373454581014812,known quoted arrival dates; overtaking allowed,08669663bb0948543b763192bdc4e81641878699d6368dcf3e695913b8960135,08669663bb0948543b763192bdc4e81641878699d6368dcf3e695913b8960135,0.3438050614110341,True,evaluation/exp_ar_pos08_fixed6/baseline_h500_conditional_pil/test.json
exp_ar_pos08_fixed6,baseline_h500_conditional_pil,conditional_pil,,baseline_extension,steady,100,test,500,500,evaluation/exp_ar_pos08_fixed6/baseline_h500_conditional_pil/test.npz,steady_h100,4394eb6c96e3bfcbc157dbdefe32ce75aa0fd3fd3330af5e87c0b07cf91a11fa,,7bae7d2f8c4e8a7dac55524b5c2c3a2cfd32927828a5ac3665ae8b7ec49a9ba0,True,1000,162.36590612015084,24.36932564240726,68.99829023887177,0.31258246621880814,31.369236163484825,1.3373454581014812,known quoted arrival dates; overtaking allowed,08669663bb0948543b763192bdc4e81641878699d6368dcf3e695913b8960135,08669663bb0948543b763192bdc4e81641878699d6368dcf3e695913b8960135,0.32993897763768554,True,evaluation/exp_ar_pos08_fixed6/baseline_h500_conditional_pil/test.json
exp_ar_pos08_fixed6,baseline_h500_conditional_pil,conditional_pil,,baseline_extension,steady,200,test,500,500,evaluation/exp_ar_pos08_fixed6/baseline_h500_conditional_pil/test.npz,steady_h200,4394eb6c96e3bfcbc157dbdefe32ce75aa0fd3fd3330af5e87c0b07cf91a11fa,,7bae7d2f8c4e8a7dac55524b5c2c3a2cfd32927828a5ac3665ae8b7ec49a9ba0,True,1000,162.41524485002856,24.574881351827777,68.92018174910038,0.3126265327541546,31.334841984350323,1.3373454581014812,known quoted arrival dates; overtaking allowed,08669663bb0948543b763192bdc4e81641878699d6368dcf3e695913b8960135,08669663bb0948543b763192bdc4e81641878699d6368dcf3e695913b8960135,0.3215148577411244,True,evaluation/exp_ar_pos08_fixed6/baseline_h500_conditional_pil/test.json
exp_ar_pos08_fixed6,baseline_h500_conditional_pil,conditional_pil,,baseline_extension,steady,500,test,500,500,evaluation/exp_ar_pos08_fixed6/baseline_h500_conditional_pil/test.npz,steady_h500,4394eb6c96e3bfcbc157dbdefe32ce75aa0fd3fd3330af5e87c0b07cf91a11fa,,7bae7d2f8c4e8a7dac55524b5c2c3a2cfd32927828a5ac3665ae8b7ec49a9ba0,True,1000,162.05094393179965,24.96186041746663,68.5445417571665,0.3132346576696064,31.260081677650057,1.3373454581014812,known quoted arrival dates; overtaking allowed,08669663bb0948543b763192bdc4e81641878699d6368dcf3e695913b8960135,08669663bb0948543b763192bdc4e81641878699d6368dcf3e695913b8960135,0.31676998136194506,True,evaluation/exp_ar_pos08_fixed6/baseline_h500_conditional_pil/test.json
exp_ar_pos08_fixed6,baseline_h500_conditional_pil,conditional_pil,,baseline_extension,cold_start,50,test,0,500,evaluation/exp_ar_pos08_fixed6/baseline_h500_conditional_pil/test.npz,cold_start_h50,4394eb6c96e3bfcbc157dbdefe32ce75aa0fd3fd3330af5e87c0b07cf91a11fa,,7bae7d2f8c4e8a7dac55524b5c2c3a2cfd32927828a5ac3665ae8b7ec49a9ba0,True,1000,165.9526113334251,21.375769884818215,72.28842072430344,0.2785762517288017,32.16251049682105,1.3373454581014812,known quoted arrival dates; overtaking allowed,08669663bb0948543b763192bdc4e81641878699d6368dcf3e695913b8960135,08669663bb0948543b763192bdc4e81641878699d6368dcf3e695913b8960135,0.30877792063598725,True,evaluation/exp_ar_pos08_fixed6/baseline_h500_conditional_pil/test.json
exp_ar_pos08_fixed6,baseline_h500_conditional_pil,conditional_pil,,baseline_extension,cold_start,100,test,0,500,evaluation/exp_ar_pos08_fixed6/baseline_h500_conditional_pil/test.npz,cold_start_h100,4394eb6c96e3bfcbc157dbdefe32ce75aa0fd3fd3330af5e87c0b07cf91a11fa,,7bae7d2f8c4e8a7dac55524b5c2c3a2cfd32927828a5ac3665ae8b7ec49a9ba0,True,1000,164.11885575349396,22.852904956655234,70.63297539841935,0.2955669037206333,31.756963931037014,1.3373454581014812,known quoted arrival dates; overtaking allowed,08669663bb0948543b763192bdc4e81641878699d6368dcf3e695913b8960135,08669663bb0948543b763192bdc4e81641878699d6368dcf3e695913b8960135,0.3115358863489245,True,evaluation/exp_ar_pos08_fixed6/baseline_h500_conditional_pil/test.json
exp_ar_pos08_fixed6,baseline_h500_conditional_pil,conditional_pil,,baseline_extension,cold_start,200,test,0,500,evaluation/exp_ar_pos08_fixed6/baseline_h500_conditional_pil/test.npz,cold_start_h200,4394eb6c96e3bfcbc157dbdefe32ce75aa0fd3fd3330af5e87c0b07cf91a11fa,,7bae7d2f8c4e8a7dac55524b5c2c3a2cfd32927828a5ac3665ae8b7ec49a9ba0,True,1000,162.35682086852364,23.791005708309203,69.28290758010722,0.30521226230169446,31.498446477102046,1.3373454581014812,known quoted arrival dates; overtaking allowed,08669663bb0948543b763192bdc4e81641878699d6368dcf3e695913b8960135,08669663bb0948543b763192bdc4e81641878699d6368dcf3e695913b8960135,0.3137530901819688,True,evaluation/exp_ar_pos08_fixed6/baseline_h500_conditional_pil/test.json
exp_ar_pos08_fixed6,baseline_h500_conditional_pil,conditional_pil,,baseline_extension,cold_start,500,test,0,500,evaluation/exp_ar_pos08_fixed6/baseline_h500_conditional_pil/test.npz,cold_start_h500,4394eb6c96e3bfcbc157dbdefe32ce75aa0fd3fd3330af5e87c0b07cf91a11fa,,7bae7d2f8c4e8a7dac55524b5c2c3a2cfd32927828a5ac3665ae8b7ec49a9ba0,True,1000,162.32876588249084,24.12862911593983,69.1000683832755,0.309679548398237,31.425219627508987,1.3373454581014812,known quoted arrival dates; overtaking allowed,08669663bb0948543b763192bdc4e81641878699d6368dcf3e695913b8960135,08669663bb0948543b763192bdc4e81641878699d6368dcf3e695913b8960135,0.3130935871864376,True,evaluation/exp_ar_pos08_fixed6/baseline_h500_conditional_pil/test.json
exp_ar_pos08_fixed6,baseline_h500_constant_order,constant_order,,baseline_extension,steady,50,test,500,500,evaluation/exp_ar_pos08_fixed6/baseline_h500_constant_order/test.npz,steady_h50,4394eb6c96e3bfcbc157dbdefe32ce75aa0fd3fd3330af5e87c0b07cf91a11fa,,2c48718b0e99a9ea52f1c66576b0a99a9f16c69f09ece1de7093611ea62f9808,True,1000,172.72727779798893,15.882561427177782,78.42235818540557,0.22572472573581975,22.85063831227074,0.4558556249830872,known quoted arrival dates; overtaking allowed,7faff27424d77a8e39c2580b4fb55a5c68fb8312bc4d7eb6ff864b848a9aee43,7faff27424d77a8e39c2580b4fb55a5c68fb8312bc4d7eb6ff864b848a9aee43,0.2596652801037842,True,evaluation/exp_ar_pos08_fixed6/baseline_h500_constant_order/test.json
exp_ar_pos08_fixed6,baseline_h500_constant_order,constant_order,,baseline_extension,steady,100,test,500,500,evaluation/exp_ar_pos08_fixed6/baseline_h500_constant_order/test.npz,steady_h100,4394eb6c96e3bfcbc157dbdefe32ce75aa0fd3fd3330af5e87c0b07cf91a11fa,,2c48718b0e99a9ea52f1c66576b0a99a9f16c69f09ece1de7093611ea62f9808,True,1000,171.38229046999805,16.325021995636106,77.52863423718097,0.2275961859309624,22.85063831227072,0.4558556249830872,known quoted arrival dates; overtaking allowed,7faff27424d77a8e39c2580b4fb55a5c68fb8312bc4d7eb6ff864b848a9aee43,7faff27424d77a8e39c2580b4fb55a5c68fb8312bc4d7eb6ff864b848a9aee43,0.24607305613057898,True,evaluation/exp_ar_pos08_fixed6/baseline_h500_constant_order/test.json
exp_ar_pos08_fixed6,baseline_h500_constant_order,constant_order,,baseline_extension,steady,200,test,500,500,evaluation/exp_ar_pos08_fixed6/baseline_h500_constant_order/test.npz,steady_h200,4394eb6c96e3bfcbc157dbdefe32ce75aa0fd3fd3330af5e87c0b07cf91a11fa,,2c48718b0e99a9ea52f1c66576b0a99a9f16c69f09ece1de7093611ea62f9808,True,1000,171.25948717482493,16.426276900314228,77.41660513725533,0.22788769638883996,22.850638312270718,0.4558556249830872,known quoted arrival dates; overtaking allowed,7faff27424d77a8e39c2580b4fb55a5c68fb8312bc4d7eb6ff864b848a9aee43,7faff27424d77a8e39c2580b4fb55a5c68fb8312bc4d7eb6ff864b848a9aee43,0.23730738578050994,True,evaluation/exp_ar_pos08_fixed6/baseline_h500_constant_order/test.json
exp_ar_pos08_fixed6,baseline_h500_constant_order,constant_order,,baseline_extension,steady,500,test,500,500,evaluation/exp_ar_pos08_fixed6/baseline_h500_constant_order/test.npz,steady_h500,4394eb6c96e3bfcbc157dbdefe32ce75aa0fd3fd3330af5e87c0b07cf91a11fa,,2c48718b0e99a9ea52f1c66576b0a99a9f16c69f09ece1de7093611ea62f9808,True,1000,170.54737390043292,16.637948460488765,76.95471271997206,0.22897099797821424,22.850638312270732,0.4558556249830872,known quoted arrival dates; overtaking allowed,7faff27424d77a8e39c2580b4fb55a5c68fb8312bc4d7eb6ff864b848a9aee43,7faff27424d77a8e39c2580b4fb55a5c68fb8312bc4d7eb6ff864b848a9aee43,0.23272634913813886,True,evaluation/exp_ar_pos08_fixed6/baseline_h500_constant_order/test.json
exp_ar_pos08_fixed6,baseline_h500_constant_order,constant_order,,baseline_extension,cold_start,50,test,0,500,evaluation/exp_ar_pos08_fixed6/baseline_h500_constant_order/test.npz,cold_start_h50,4394eb6c96e3bfcbc157dbdefe32ce75aa0fd3fd3330af5e87c0b07cf91a11fa,,2c48718b0e99a9ea52f1c66576b0a99a9f16c69f09ece1de7093611ea62f9808,True,1000,173.30315258081467,12.439658254144174,80.43174716333525,0.19730750876583406,22.85063831227074,0.4558556249830872,known quoted arrival dates; overtaking allowed,7faff27424d77a8e39c2580b4fb55a5c68fb8312bc4d7eb6ff864b848a9aee43,7faff27424d77a8e39c2580b4fb55a5c68fb8312bc4d7eb6ff864b848a9aee43,0.22944532324088807,True,evaluation/exp_ar_pos08_fixed6/baseline_h500_constant_order/test.json
exp_ar_pos08_fixed6,baseline_h500_constant_order,constant_order,,baseline_extension,cold_start,100,test,0,500,evaluation/exp_ar_pos08_fixed6/baseline_h500_constant_order/test.npz,cold_start_h100,4394eb6c96e3bfcbc157dbdefe32ce75aa0fd3fd3330af5e87c0b07cf91a11fa,,2c48718b0e99a9ea52f1c66576b0a99a9f16c69f09ece1de7093611ea62f9808,True,1000,171.5864825829442,13.70000557792251,78.94323850251085,0.21268742234114202,22.85063831227072,0.4558556249830872,known quoted arrival dates; overtaking allowed,7faff27424d77a8e39c2580b4fb55a5c68fb8312bc4d7eb6ff864b848a9aee43,7faff27424d77a8e39c2580b4fb55a5c68fb8312bc4d7eb6ff864b848a9aee43,0.22937127062951898,True,evaluation/exp_ar_pos08_fixed6/baseline_h500_constant_order/test.json
exp_ar_pos08_fixed6,baseline_h500_constant_order,constant_order,,baseline_extension,cold_start,200,test,0,500,evaluation/exp_ar_pos08_fixed6/baseline_h500_constant_order/test.npz,cold_start_h200,4394eb6c96e3bfcbc157dbdefe32ce75aa0fd3fd3330af5e87c0b07cf91a11fa,,2c48718b0e99a9ea52f1c66576b0a99a9f16c69f09ece1de7093611ea62f9808,True,1000,170.3580007067815,15.088270395641835,77.63486515556983,0.2214565725957095,22.850638312270718,0.4558556249830872,known quoted arrival dates; overtaking allowed,7faff27424d77a8e39c2580b4fb55a5c68fb8312bc4d7eb6ff864b848a9aee43,7faff27424d77a8e39c2580b4fb55a5c68fb8312bc4d7eb6ff864b848a9aee43,0.2303812319492757,True,evaluation/exp_ar_pos08_fixed6/baseline_h500_constant_order/test.json
exp_ar_pos08_fixed6,baseline_h500_constant_order,constant_order,,baseline_extension,cold_start,500,test,0,500,evaluation/exp_ar_pos08_fixed6/baseline_h500_constant_order/test.npz,cold_start_h500,4394eb6c96e3bfcbc157dbdefe32ce75aa0fd3fd3330af5e87c0b07cf91a11fa,,2c48718b0e99a9ea52f1c66576b0a99a9f16c69f09ece1de7093611ea62f9808,True,1000,170.67403762920156,15.560004766943011,77.55701643112927,0.225193319481855,22.850638312270732,0.4558556249830872,known quoted arrival dates; overtaking allowed,7faff27424d77a8e39c2580b4fb55a5c68fb8312bc4d7eb6ff864b848a9aee43,7faff27424d77a8e39c2580b4fb55a5c68fb8312bc4d7eb6ff864b848a9aee43,0.22879596227302046,True,evaluation/exp_ar_pos08_fixed6/baseline_h500_constant_order/test.json
exp_ar_pos08_fixed6,baseline_h500_forecast_adaptive_pil,forecast_adaptive_pil,,baseline_extension,steady,50,test,500,500,evaluation/exp_ar_pos08_fixed6/baseline_h500_forecast_adaptive_pil/test.npz,steady_h50,4394eb6c96e3bfcbc157dbdefe32ce75aa0fd3fd3330af5e87c0b07cf91a11fa,,5258d94f4badf4cc924aced25e95d786fcffd7fd845dd3cd59675381158e1467,True,1000,162.5471377003847,23.28313096645595,69.63200336696437,0.31251316904986753,31.62341620669342,1.366504916921258,known quoted arrival dates; overtaking allowed,a39bba451adf6b6ab9c33f1f66fbe9e2ca8bbb7b55847f05bab4489dfb730f9b,a39bba451adf6b6ab9c33f1f66fbe9e2ca8bbb7b55847f05bab4489dfb730f9b,0.34001264101005263,True,evaluation/exp_ar_pos08_fixed6/baseline_h500_forecast_adaptive_pil/test.json
exp_ar_pos08_fixed6,baseline_h500_forecast_adaptive_pil,forecast_adaptive_pil,,baseline_extension,steady,100,test,500,500,evaluation/exp_ar_pos08_fixed6/baseline_h500_forecast_adaptive_pil/test.npz,steady_h100,4394eb6c96e3bfcbc157dbdefe32ce75aa0fd3fd3330af5e87c0b07cf91a11fa,,5258d94f4badf4cc924aced25e95d786fcffd7fd845dd3cd59675381158e1467,True,1000,161.69000919744508,23.870333852188356,68.90983767262836,0.31346370319921985,31.45136682765786,1.366504916921258,known quoted arrival dates; overtaking allowed,a39bba451adf6b6ab9c33f1f66fbe9e2ca8bbb7b55847f05bab4489dfb730f9b,a39bba451adf6b6ab9c33f1f66fbe9e2ca8bbb7b55847f05bab4489dfb730f9b,0.32794141566255064,True,evaluation/exp_ar_pos08_fixed6/baseline_h500_forecast_adaptive_pil/test.json
exp_ar_pos08_fixed6,baseline_h500_forecast_adaptive_pil,forecast_adaptive_pil,,baseline_extension,steady,200,test,500,500,evaluation/exp_ar_pos08_fixed6/baseline_h500_forecast_adaptive_pil/test.npz,steady_h200,4394eb6c96e3bfcbc157dbdefe32ce75aa0fd3fd3330af5e87c0b07cf91a11fa,,5258d94f4badf4cc924aced25e95d786fcffd7fd845dd3cd59675381158e1467,True,1000,161.78213227319367,24.114772202703357,68.83368003524517,0.3134892551304802,31.415327622724345,1.366504916921258,known quoted arrival dates; overtaking allowed,a39bba451adf6b6ab9c33f1f66fbe9e2ca8bbb7b55847f05bab4489dfb730f9b,a39bba451adf6b6ab9c33f1f66fbe9e2ca8bbb7b55847f05bab4489dfb730f9b,0.32083663006679797,True,evaluation/exp_ar_pos08_fixed6/baseline_h500_forecast_adaptive_pil/test.json
exp_ar_pos08_fixed6,baseline_h500_forecast_adaptive_pil,forecast_adaptive_pil,,baseline_extension,steady,500,test,500,500,evaluation/exp_ar_pos08_fixed6/baseline_h500_forecast_adaptive_pil/test.npz,steady_h500,4394eb6c96e3bfcbc157dbdefe32ce75aa0fd3fd3330af5e87c0b07cf91a11fa,,5258d94f4badf4cc924aced25e95d786fcffd7fd845dd3cd59675381158e1467,True,1000,161.39472251414597,24.44472140700718,68.4750005535694,0.3139314088225083,31.327789123065017,1.366504916921258,known quoted arrival dates; overtaking allowed,a39bba451adf6b6ab9c33f1f66fbe9e2ca8bbb7b55847f05bab4489dfb730f9b,a39bba451adf6b6ab9c33f1f66fbe9e2ca8bbb7b55847f05bab4489dfb730f9b,0.31684359868681305,True,evaluation/exp_ar_pos08_fixed6/baseline_h500_forecast_adaptive_pil/test.json
exp_ar_pos08_fixed6,baseline_h500_forecast_adaptive_pil,forecast_adaptive_pil,,baseline_extension,cold_start,50,test,0,500,evaluation/exp_ar_pos08_fixed6/baseline_h500_forecast_adaptive_pil/test.npz,cold_start_h50,4394eb6c96e3bfcbc157dbdefe32ce75aa0fd3fd3330af5e87c0b07cf91a11fa,,5258d94f4badf4cc924aced25e95d786fcffd7fd845dd3cd59675381158e1467,True,1000,165.35361928270478,20.76891647268839,72.29235140500822,0.27853702433416677,32.167643798511016,1.366504916921258,known quoted arrival dates; overtaking allowed,a39bba451adf6b6ab9c33f1f66fbe9e2ca8bbb7b55847f05bab4489dfb730f9b,a39bba451adf6b6ab9c33f1f66fbe9e2ca8bbb7b55847f05bab4489dfb730f9b,0.30316644655168773,True,evaluation/exp_ar_pos08_fixed6/baseline_h500_forecast_adaptive_pil/test.json
exp_ar_pos08_fixed6,baseline_h500_forecast_adaptive_pil,forecast_adaptive_pil,,baseline_extension,cold_start,100,test,0,500,evaluation/exp_ar_pos08_fixed6/baseline_h500_forecast_adaptive_pil/test.npz,cold_start_h100,4394eb6c96e3bfcbc157dbdefe32ce75aa0fd3fd3330af5e87c0b07cf91a11fa,,5258d94f4badf4cc924aced25e95d786fcffd7fd845dd3cd59675381158e1467,True,1000,163.55601766084328,22.36428793318001,70.59586486383164,0.2959370125633763,31.79428629620213,1.366504916921258,known quoted arrival dates; overtaking allowed,a39bba451adf6b6ab9c33f1f66fbe9e2ca8bbb7b55847f05bab4489dfb730f9b,a39bba451adf6b6ab9c33f1f66fbe9e2ca8bbb7b55847f05bab4489dfb730f9b,0.3089841062083605,True,evaluation/exp_ar_pos08_fixed6/baseline_h500_forecast_adaptive_pil/test.json
exp_ar_pos08_fixed6,baseline_h500_forecast_adaptive_pil,forecast_adaptive_pil,,baseline_extension,cold_start,200,test,0,500,evaluation/exp_ar_pos08_fixed6/baseline_h500_forecast_adaptive_pil/test.npz,cold_start_h200,4394eb6c96e3bfcbc157dbdefe32ce75aa0fd3fd3330af5e87c0b07cf91a11fa,,5258d94f4badf4cc924aced25e95d786fcffd7fd845dd3cd59675381158e1467,True,1000,161.7671757764127,23.27349479588965,69.24684049026152,0.30557395283453304,31.52907253639257,1.366504916921258,known quoted arrival dates; overtaking allowed,a39bba451adf6b6ab9c33f1f66fbe9e2ca8bbb7b55847f05bab4489dfb730f9b,a39bba451adf6b6ab9c33f1f66fbe9e2ca8bbb7b55847f05bab4489dfb730f9b,0.31259169843217477,True,evaluation/exp_ar_pos08_fixed6/baseline_h500_forecast_adaptive_pil/test.json
exp_ar_pos08_fixed6,baseline_h500_forecast_adaptive_pil,forecast_adaptive_pil,,baseline_extension,cold_start,500,test,0,500,evaluation/exp_ar_pos08_fixed6/baseline_h500_forecast_adaptive_pil/test.npz,cold_start_h500,4394eb6c96e3bfcbc157dbdefe32ce75aa0fd3fd3330af5e87c0b07cf91a11fa,,5258d94f4badf4cc924aced25e95d786fcffd7fd845dd3cd59675381158e1467,True,1000,161.69933318137242,23.623318738949934,69.03800722121126,0.310299549078779,31.488028396733135,1.366504916921258,known quoted arrival dates; overtaking allowed,a39bba451adf6b6ab9c33f1f66fbe9e2ca8bbb7b55847f05bab4489dfb730f9b,a39bba451adf6b6ab9c33f1f66fbe9e2ca8bbb7b55847f05bab4489dfb730f9b,0.3131063377716169,True,evaluation/exp_ar_pos08_fixed6/baseline_h500_forecast_adaptive_pil/test.json
exp_ar_pos08_fixed6,baseline_h500_forecast_capped_base_stock,forecast_capped_base_stock,,baseline_extension,steady,50,test,500,500,evaluation/exp_ar_pos08_fixed6/baseline_h500_forecast_capped_base_stock/test.npz,steady_h50,4394eb6c96e3bfcbc157dbdefe32ce75aa0fd3fd3330af5e87c0b07cf91a11fa,,bbbbff3c50700c4d15a2b831b299693ecae603fb04359d6530915553500b1c31,True,1000,162.96735278761125,24.21004735899656,69.37865271430735,0.3150145366522961,31.874390312458807,0.6098217919934541,known quoted arrival dates; overtaking allowed,b724e19b70a0c76b9571da0a93dabd1dcd00368e1723cd348213c1cf94f88d87,b724e19b70a0c76b9571da0a93dabd1dcd00368e1723cd348213c1cf94f88d87,0.34286308414672095,True,evaluation/exp_ar_pos08_fixed6/baseline_h500_forecast_capped_base_stock/test.json
exp_ar_pos08_fixed6,baseline_h500_forecast_capped_base_stock,forecast_capped_base_stock,,baseline_extension,steady,100,test,500,500,evaluation/exp_ar_pos08_fixed6/baseline_h500_forecast_capped_base_stock/test.npz,steady_h100,4394eb6c96e3bfcbc157dbdefe32ce75aa0fd3fd3330af5e87c0b07cf91a11fa,,bbbbff3c50700c4d15a2b831b299693ecae603fb04359d6530915553500b1c31,True,1000,162.03997440370853,24.743785612215596,68.64809439574645,0.31607140430681324,31.70691504626978,0.6098217919934541,known quoted arrival dates; overtaking allowed,b724e19b70a0c76b9571da0a93dabd1dcd00368e1723cd348213c1cf94f88d87,b724e19b70a0c76b9571da0a93dabd1dcd00368e1723cd348213c1cf94f88d87,0.3307187806557592,True,evaluation/exp_ar_pos08_fixed6/baseline_h500_forecast_capped_base_stock/test.json
exp_ar_pos08_fixed6,baseline_h500_forecast_capped_base_stock,forecast_capped_base_stock,,baseline_extension,steady,200,test,500,500,evaluation/exp_ar_pos08_fixed6/baseline_h500_forecast_capped_base_stock/test.npz,steady_h200,4394eb6c96e3bfcbc157dbdefe32ce75aa0fd3fd3330af5e87c0b07cf91a11fa,,bbbbff3c50700c4d15a2b831b299693ecae603fb04359d6530915553500b1c31,True,1000,162.09893809527276,24.93552528749735,68.58170640388771,0.31600230695717474,31.66560229583518,0.6098217919934541,known quoted arrival dates; overtaking allowed,b724e19b70a0c76b9571da0a93dabd1dcd00368e1723cd348213c1cf94f88d87,b724e19b70a0c76b9571da0a93dabd1dcd00368e1723cd348213c1cf94f88d87,0.3234262285479461,True,evaluation/exp_ar_pos08_fixed6/baseline_h500_forecast_capped_base_stock/test.json
exp_ar_pos08_fixed6,baseline_h500_forecast_capped_base_stock,forecast_capped_base_stock,,baseline_extension,steady,500,test,500,500,evaluation/exp_ar_pos08_fixed6/baseline_h500_forecast_capped_base_stock/test.npz,steady_h500,4394eb6c96e3bfcbc157dbdefe32ce75aa0fd3fd3330af5e87c0b07cf91a11fa,,bbbbff3c50700c4d15a2b831b299693ecae603fb04359d6530915553500b1c31,True,1000,161.66927757175628,25.23849584901575,68.21539086137027,0.3165325049063811,31.586744192570677,0.6098217919934541,known quoted arrival dates; overtaking allowed,b724e19b70a0c76b9571da0a93dabd1dcd00368e1723cd348213c1cf94f88d87,b724e19b70a0c76b9571da0a93dabd1dcd00368e1723cd348213c1cf94f88d87,0.3194649764248707,True,evaluation/exp_ar_pos08_fixed6/baseline_h500_forecast_capped_base_stock/test.json
exp_ar_pos08_fixed6,baseline_h500_forecast_capped_base_stock,forecast_capped_base_stock,,baseline_extension,cold_start,50,test,0,500,evaluation/exp_ar_pos08_fixed6/baseline_h500_forecast_capped_base_stock/test.npz,cold_start_h50,4394eb6c96e3bfcbc157dbdefe32ce75aa0fd3fd3330af5e87c0b07cf91a11fa,,bbbbff3c50700c4d15a2b831b299693ecae603fb04359d6530915553500b1c31,True,1000,165.61351218145145,20.966564019172047,72.32347408113971,0.2782264263511696,32.18280270631584,0.6098217919934541,known quoted arrival dates; overtaking allowed,b724e19b70a0c76b9571da0a93dabd1dcd00368e1723cd348213c1cf94f88d87,b724e19b70a0c76b9571da0a93dabd1dcd00368e1723cd348213c1cf94f88d87,0.3027614541268381,True,evaluation/exp_ar_pos08_fixed6/baseline_h500_forecast_capped_base_stock/test.json
exp_ar_pos08_fixed6,baseline_h500_forecast_capped_base_stock,forecast_capped_base_stock,,baseline_extension,cold_start,100,test,0,500,evaluation/exp_ar_pos08_fixed6/baseline_h500_forecast_capped_base_stock/test.npz,cold_start_h100,4394eb6c96e3bfcbc157dbdefe32ce75aa0fd3fd3330af5e87c0b07cf91a11fa,,bbbbff3c50700c4d15a2b831b299693ecae603fb04359d6530915553500b1c31,True,1000,163.7925532001,22.825801109584404,70.48337604525778,0.2970588801658354,31.93341227203925,0.6098217919934541,known quoted arrival dates; overtaking allowed,b724e19b70a0c76b9571da0a93dabd1dcd00368e1723cd348213c1cf94f88d87,b724e19b70a0c76b9571da0a93dabd1dcd00368e1723cd348213c1cf94f88d87,0.31014448670055983,True,evaluation/exp_ar_pos08_fixed6/baseline_h500_forecast_capped_base_stock/test.json
exp_ar_pos08_fixed6,baseline_h500_forecast_capped_base_stock,forecast_capped_base_stock,,baseline_extension,cold_start,200,test,0,500,evaluation/exp_ar_pos08_fixed6/baseline_h500_forecast_capped_base_stock/test.npz,cold_start_h200,4394eb6c96e3bfcbc157dbdefe32ce75aa0fd3fd3330af5e87c0b07cf91a11fa,,bbbbff3c50700c4d15a2b831b299693ecae603fb04359d6530915553500b1c31,True,1000,162.02673556163322,23.905735466727265,69.06050004745299,0.3074426251986504,31.726984461073855,0.6098217919934541,known quoted arrival dates; overtaking allowed,b724e19b70a0c76b9571da0a93dabd1dcd00368e1723cd348213c1cf94f88d87,b724e19b70a0c76b9571da0a93dabd1dcd00368e1723cd348213c1cf94f88d87,0.31447773985818445,True,evaluation/exp_ar_pos08_fixed6/baseline_h500_forecast_capped_base_stock/test.json
exp_ar_pos08_fixed6,baseline_h500_forecast_capped_base_stock,forecast_capped_base_stock,,baseline_extension,cold_start,500,test,0,500,evaluation/exp_ar_pos08_fixed6/baseline_h500_forecast_capped_base_stock/test.npz,cold_start_h500,4394eb6c96e3bfcbc157dbdefe32ce75aa0fd3fd3330af5e87c0b07cf91a11fa,,bbbbff3c50700c4d15a2b831b299693ecae603fb04359d6530915553500b1c31,True,1000,161.99077054741483,24.370232028211593,68.81026925960163,0.3125746868056075,31.72122433597659,0.6098217919934541,known quoted arrival dates; overtaking allowed,b724e19b70a0c76b9571da0a93dabd1dcd00368e1723cd348213c1cf94f88d87,b724e19b70a0c76b9571da0a93dabd1dcd00368e1723cd348213c1cf94f88d87,0.31539548943967655,True,evaluation/exp_ar_pos08_fixed6/baseline_h500_forecast_capped_base_stock/test.json
exp_ar_pos08_fixed6,baseline_h500_pil_cop_continuation,pil_cop_continuation,,baseline_extension,steady,50,test,500,500,evaluation/exp_ar_pos08_fixed6/baseline_h500_pil_cop_continuation/test.npz,steady_h50,4394eb6c96e3bfcbc157dbdefe32ce75aa0fd3fd3330af5e87c0b07cf91a11fa,,3c7338aa5d96d989a2b62de018bb446df0cb17aaf083e968eeeeffb725bacde6,True,1000,163.0993617675856,23.61567141953679,69.7418451740244,0.31142868501680615,31.531597356649012,1.334103292087093,known quoted arrival dates; overtaking allowed,08669663bb0948543b763192bdc4e81641878699d6368dcf3e695913b8960135,08669663bb0948543b763192bdc4e81641878699d6368dcf3e695913b8960135,0.3438050614110341,True,evaluation/exp_ar_pos08_fixed6/baseline_h500_pil_cop_continuation/test.json
exp_ar_pos08_fixed6,baseline_h500_pil_cop_continuation,pil_cop_continuation,,baseline_extension,steady,100,test,500,500,evaluation/exp_ar_pos08_fixed6/baseline_h500_pil_cop_continuation/test.npz,steady_h100,4394eb6c96e3bfcbc157dbdefe32ce75aa0fd3fd3330af5e87c0b07cf91a11fa,,3c7338aa5d96d989a2b62de018bb446df0cb17aaf083e968eeeeffb725bacde6,True,1000,162.36590612015084,24.36932564240726,68.99829023887177,0.31258246621880814,31.369236163484825,1.334103292087093,known quoted arrival dates; overtaking allowed,08669663bb0948543b763192bdc4e81641878699d6368dcf3e695913b8960135,08669663bb0948543b763192bdc4e81641878699d6368dcf3e695913b8960135,0.32993897763768554,True,evaluation/exp_ar_pos08_fixed6/baseline_h500_pil_cop_continuation/test.json
exp_ar_pos08_fixed6,baseline_h500_pil_cop_continuation,pil_cop_continuation,,baseline_extension,steady,200,test,500,500,evaluation/exp_ar_pos08_fixed6/baseline_h500_pil_cop_continuation/test.npz,steady_h200,4394eb6c96e3bfcbc157dbdefe32ce75aa0fd3fd3330af5e87c0b07cf91a11fa,,3c7338aa5d96d989a2b62de018bb446df0cb17aaf083e968eeeeffb725bacde6,True,1000,162.41524485002856,24.574881351827777,68.92018174910038,0.3126265327541546,31.334841984350323,1.334103292087093,known quoted arrival dates; overtaking allowed,08669663bb0948543b763192bdc4e81641878699d6368dcf3e695913b8960135,08669663bb0948543b763192bdc4e81641878699d6368dcf3e695913b8960135,0.3215148577411244,True,evaluation/exp_ar_pos08_fixed6/baseline_h500_pil_cop_continuation/test.json
exp_ar_pos08_fixed6,baseline_h500_pil_cop_continuation,pil_cop_continuation,,baseline_extension,steady,500,test,500,500,evaluation/exp_ar_pos08_fixed6/baseline_h500_pil_cop_continuation/test.npz,steady_h500,4394eb6c96e3bfcbc157dbdefe32ce75aa0fd3fd3330af5e87c0b07cf91a11fa,,3c7338aa5d96d989a2b62de018bb446df0cb17aaf083e968eeeeffb725bacde6,True,1000,162.05094393179965,24.96186041746663,68.5445417571665,0.3132346576696064,31.260081677650057,1.334103292087093,known quoted arrival dates; overtaking allowed,08669663bb0948543b763192bdc4e81641878699d6368dcf3e695913b8960135,08669663bb0948543b763192bdc4e81641878699d6368dcf3e695913b8960135,0.31676998136194506,True,evaluation/exp_ar_pos08_fixed6/baseline_h500_pil_cop_continuation/test.json
exp_ar_pos08_fixed6,baseline_h500_pil_cop_continuation,pil_cop_continuation,,baseline_extension,cold_start,50,test,0,500,evaluation/exp_ar_pos08_fixed6/baseline_h500_pil_cop_continuation/test.npz,cold_start_h50,4394eb6c96e3bfcbc157dbdefe32ce75aa0fd3fd3330af5e87c0b07cf91a11fa,,3c7338aa5d96d989a2b62de018bb446df0cb17aaf083e968eeeeffb725bacde6,True,1000,165.9526113334251,21.375769884818215,72.28842072430344,0.2785762517288017,32.16251049682105,1.334103292087093,known quoted arrival dates; overtaking allowed,08669663bb0948543b763192bdc4e81641878699d6368dcf3e695913b8960135,08669663bb0948543b763192bdc4e81641878699d6368dcf3e695913b8960135,0.30877792063598725,True,evaluation/exp_ar_pos08_fixed6/baseline_h500_pil_cop_continuation/test.json
exp_ar_pos08_fixed6,baseline_h500_pil_cop_continuation,pil_cop_continuation,,baseline_extension,cold_start,100,test,0,500,evaluation/exp_ar_pos08_fixed6/baseline_h500_pil_cop_continuation/test.npz,cold_start_h100,4394eb6c96e3bfcbc157dbdefe32ce75aa0fd3fd3330af5e87c0b07cf91a11fa,,3c7338aa5d96d989a2b62de018bb446df0cb17aaf083e968eeeeffb725bacde6,True,1000,164.11885575349396,22.852904956655234,70.63297539841935,0.2955669037206333,31.756963931037014,1.334103292087093,known quoted arrival dates; overtaking allowed,08669663bb0948543b763192bdc4e81641878699d6368dcf3e695913b8960135,08669663bb0948543b763192bdc4e81641878699d6368dcf3e695913b8960135,0.3115358863489245,True,evaluation/exp_ar_pos08_fixed6/baseline_h500_pil_cop_continuation/test.json
exp_ar_pos08_fixed6,baseline_h500_pil_cop_continuation,pil_cop_continuation,,baseline_extension,cold_start,200,test,0,500,evaluation/exp_ar_pos08_fixed6/baseline_h500_pil_cop_continuation/test.npz,cold_start_h200,4394eb6c96e3bfcbc157dbdefe32ce75aa0fd3fd3330af5e87c0b07cf91a11fa,,3c7338aa5d96d989a2b62de018bb446df0cb17aaf083e968eeeeffb725bacde6,True,1000,162.35682086852364,23.791005708309203,69.28290758010722,0.30521226230169446,31.498446477102046,1.334103292087093,known quoted arrival dates; overtaking allowed,08669663bb0948543b763192bdc4e81641878699d6368dcf3e695913b8960135,08669663bb0948543b763192bdc4e81641878699d6368dcf3e695913b8960135,0.3137530901819688,True,evaluation/exp_ar_pos08_fixed6/baseline_h500_pil_cop_continuation/test.json
exp_ar_pos08_fixed6,baseline_h500_pil_cop_continuation,pil_cop_continuation,,baseline_extension,cold_start,500,test,0,500,evaluation/exp_ar_pos08_fixed6/baseline_h500_pil_cop_continuation/test.npz,cold_start_h500,4394eb6c96e3bfcbc157dbdefe32ce75aa0fd3fd3330af5e87c0b07cf91a11fa,,3c7338aa5d96d989a2b62de018bb446df0cb17aaf083e968eeeeffb725bacde6,True,1000,162.32876588249084,24.12862911593983,69.1000683832755,0.309679548398237,31.425219627508987,1.334103292087093,known quoted arrival dates; overtaking allowed,08669663bb0948543b763192bdc4e81641878699d6368dcf3e695913b8960135,08669663bb0948543b763192bdc4e81641878699d6368dcf3e695913b8960135,0.3130935871864376,True,evaluation/exp_ar_pos08_fixed6/baseline_h500_pil_cop_continuation/test.json
exp_ar_pos08_fixed6,baseline_h50_base_stock,base_stock,,baseline_extension,steady,50,test,500,50,evaluation/exp_ar_pos08_fixed6/baseline_h50_base_stock/test.npz,steady_h50,4394eb6c96e3bfcbc157dbdefe32ce75aa0fd3fd3330af5e87c0b07cf91a11fa,,ce3898313b3c2f2a5d4de01d34ab52745d9003fcc00c131823ff2e2bb213f4b2,True,1000,168.27406694847446,23.743687722369618,72.26518961305241,0.2865153407512292,28.99146588577664,0.4608551668934524,known quoted arrival dates; overtaking allowed,8e3743d9541b032825ea3d0f97b207cf4f9fa27aacadd88922250e120a95a0ec,8e3743d9541b032825ea3d0f97b207cf4f9fa27aacadd88922250e120a95a0ec,0.32142925334351313,True,evaluation/exp_ar_pos08_fixed6/baseline_h50_base_stock/test.json
exp_ar_pos08_fixed6,baseline_h50_base_stock,base_stock,,baseline_extension,steady,100,test,500,50,evaluation/exp_ar_pos08_fixed6/baseline_h50_base_stock/test.npz,steady_h100,4394eb6c96e3bfcbc157dbdefe32ce75aa0fd3fd3330af5e87c0b07cf91a11fa,,ce3898313b3c2f2a5d4de01d34ab52745d9003fcc00c131823ff2e2bb213f4b2,True,1000,167.47849959737522,24.53870633065337,71.46989663336093,0.28795829703583936,28.896976188232816,0.4608551668934524,known quoted arrival dates; overtaking allowed,8e3743d9541b032825ea3d0f97b207cf4f9fa27aacadd88922250e120a95a0ec,8e3743d9541b032825ea3d0f97b207cf4f9fa27aacadd88922250e120a95a0ec,0.3068794032397304,True,evaluation/exp_ar_pos08_fixed6/baseline_h50_base_stock/test.json
exp_ar_pos08_fixed6,baseline_h50_base_stock,base_stock,,baseline_extension,steady,200,test,500,50,evaluation/exp_ar_pos08_fixed6/baseline_h50_base_stock/test.npz,steady_h200,4394eb6c96e3bfcbc157dbdefe32ce75aa0fd3fd3330af5e87c0b07cf91a11fa,,ce3898313b3c2f2a5d4de01d34ab52745d9003fcc00c131823ff2e2bb213f4b2,True,1000,167.54607119493048,24.77314710926477,71.38646204283283,0.28802915657667366,28.876728695920004,0.4608551668934524,known quoted arrival dates; overtaking allowed,8e3743d9541b032825ea3d0f97b207cf4f9fa27aacadd88922250e120a95a0ec,8e3743d9541b032825ea3d0f97b207cf4f9fa27aacadd88922250e120a95a0ec,0.2977923255893007,True,evaluation/exp_ar_pos08_fixed6/baseline_h50_base_stock/test.json
exp_ar_pos08_fixed6,baseline_h50_base_stock,base_stock,,baseline_extension,steady,500,test,500,50,evaluation/exp_ar_pos08_fixed6/baseline_h50_base_stock/test.npz,steady_h500,4394eb6c96e3bfcbc157dbdefe32ce75aa0fd3fd3330af5e87c0b07cf91a11fa,,ce3898313b3c2f2a5d4de01d34ab52745d9003fcc00c131823ff2e2bb213f4b2,True,1000,167.13061389145167,25.16269819879614,70.98395784632778,0.2887935222762993,28.822648758924664,0.4608551668934524,known quoted arrival dates; overtaking allowed,8e3743d9541b032825ea3d0f97b207cf4f9fa27aacadd88922250e120a95a0ec,8e3743d9541b032825ea3d0f97b207cf4f9fa27aacadd88922250e120a95a0ec,0.2926844689113418,True,evaluation/exp_ar_pos08_fixed6/baseline_h50_base_stock/test.json
exp_ar_pos08_fixed6,baseline_h50_base_stock,base_stock,,baseline_extension,cold_start,50,test,0,50,evaluation/exp_ar_pos08_fixed6/baseline_h50_base_stock/test.npz,cold_start_h50,4394eb6c96e3bfcbc157dbdefe32ce75aa0fd3fd3330af5e87c0b07cf91a11fa,,ce3898313b3c2f2a5d4de01d34ab52745d9003fcc00c131823ff2e2bb213f4b2,True,1000,178.23733965296753,29.789874931005155,74.22373236098119,0.2592622348915861,29.903803942346777,0.4608551668934524,known quoted arrival dates; overtaking allowed,8e3743d9541b032825ea3d0f97b207cf4f9fa27aacadd88922250e120a95a0ec,8e3743d9541b032825ea3d0f97b207cf4f9fa27aacadd88922250e120a95a0ec,0.2928520771795844,True,evaluation/exp_ar_pos08_fixed6/baseline_h50_base_stock/test.json
exp_ar_pos08_fixed6,baseline_h50_base_stock,base_stock,,baseline_extension,cold_start,100,test,0,50,evaluation/exp_ar_pos08_fixed6/baseline_h50_base_stock/test.npz,cold_start_h100,4394eb6c96e3bfcbc157dbdefe32ce75aa0fd3fd3330af5e87c0b07cf91a11fa,,ce3898313b3c2f2a5d4de01d34ab52745d9003fcc00c131823ff2e2bb213f4b2,True,1000,172.93738312511698,27.30058690204342,72.81839811153678,0.27377136021143245,29.420867424739207,0.4608551668934524,known quoted arrival dates; overtaking allowed,8e3743d9541b032825ea3d0f97b207cf4f9fa27aacadd88922250e120a95a0ec,8e3743d9541b032825ea3d0f97b207cf4f9fa27aacadd88922250e120a95a0ec,0.2914055494404668,True,evaluation/exp_ar_pos08_fixed6/baseline_h50_base_stock/test.json
exp_ar_pos08_fixed6,baseline_h50_base_stock,base_stock,,baseline_extension,cold_start,200,test,0,50,evaluation/exp_ar_pos08_fixed6/baseline_h50_base_stock/test.npz,cold_start_h200,4394eb6c96e3bfcbc157dbdefe32ce75aa0fd3fd3330af5e87c0b07cf91a11fa,,ce3898313b3c2f2a5d4de01d34ab52745d9003fcc00c131823ff2e2bb213f4b2,True,1000,169.36936690990558,26.198052843388524,71.58565703325853,0.2821196679097642,29.126978818800495,0.4608551668934524,known quoted arrival dates; overtaking allowed,8e3743d9541b032825ea3d0f97b207cf4f9fa27aacadd88922250e120a95a0ec,8e3743d9541b032825ea3d0f97b207cf4f9fa27aacadd88922250e120a95a0ec,0.29150375550677154,True,evaluation/exp_ar_pos08_fixed6/baseline_h50_base_stock/test.json
exp_ar_pos08_fixed6,baseline_h50_base_stock,base_stock,,baseline_extension,cold_start,500,test,0,50,evaluation/exp_ar_pos08_fixed6/baseline_h50_base_stock/test.npz,cold_start_h500,4394eb6c96e3bfcbc157dbdefe32ce75aa0fd3fd3330af5e87c0b07cf91a11fa,,ce3898313b3c2f2a5d4de01d34ab52745d9003fcc00c131823ff2e2bb213f4b2,True,1000,168.24566338595355,25.241923608283066,71.50186988883523,0.28568517706448754,28.99446768874687,0.4608551668934524,known quoted arrival dates; overtaking allowed,8e3743d9541b032825ea3d0f97b207cf4f9fa27aacadd88922250e120a95a0ec,8e3743d9541b032825ea3d0f97b207cf4f9fa27aacadd88922250e120a95a0ec,0.28945122976383925,True,evaluation/exp_ar_pos08_fixed6/baseline_h50_base_stock/test.json
exp_ar_pos08_fixed6,baseline_h50_capped_base_stock,capped_base_stock,,baseline_extension,steady,50,test,500,50,evaluation/exp_ar_pos08_fixed6/baseline_h50_capped_base_stock/test.npz,steady_h50,4394eb6c96e3bfcbc157dbdefe32ce75aa0fd3fd3330af5e87c0b07cf91a11fa,,46e19caecae5c33904be2ea62e669e2ac5d3ea80c7c4c025b5497005ad3e34e2,True,1000,165.32411596238947,22.824676805716912,71.24971957833628,0.29654122313770404,30.04307514202749,0.4586251671425998,known quoted arrival dates; overtaking allowed,16768756d6aadbb963c686dd661ab7506d5fdceebee3fb3dedc3da8688e64cf8,16768756d6aadbb963c686dd661ab7506d5fdceebee3fb3dedc3da8688e64cf8,0.33200251317470975,True,evaluation/exp_ar_pos08_fixed6/baseline_h50_capped_base_stock/test.json
exp_ar_pos08_fixed6,baseline_h50_capped_base_stock,capped_base_stock,,baseline_extension,steady,100,test,500,50,evaluation/exp_ar_pos08_fixed6/baseline_h50_capped_base_stock/test.npz,steady_h100,4394eb6c96e3bfcbc157dbdefe32ce75aa0fd3fd3330af5e87c0b07cf91a11fa,,46e19caecae5c33904be2ea62e669e2ac5d3ea80c7c4c025b5497005ad3e34e2,True,1000,164.5841747672074,23.633835604393976,70.4751695814067,0.29786858342804606,29.902894850217912,0.4586251671425998,known quoted arrival dates; overtaking allowed,16768756d6aadbb963c686dd661ab7506d5fdceebee3fb3dedc3da8688e64cf8,16768756d6aadbb963c686dd661ab7506d5fdceebee3fb3dedc3da8688e64cf8,0.3170663880122176,True,evaluation/exp_ar_pos08_fixed6/baseline_h50_capped_base_stock/test.json
exp_ar_pos08_fixed6,baseline_h50_capped_base_stock,capped_base_stock,,baseline_extension,steady,200,test,500,50,evaluation/exp_ar_pos08_fixed6/baseline_h50_capped_base_stock/test.npz,steady_h200,4394eb6c96e3bfcbc157dbdefe32ce75aa0fd3fd3330af5e87c0b07cf91a11fa,,46e19caecae5c33904be2ea62e669e2ac5d3ea80c7c4c025b5497005ad3e34e2,True,1000,164.60659799180584,23.82176302395733,70.39241748392425,0.29794323163731845,29.870417229139484,0.4586251671425998,known quoted arrival dates; overtaking allowed,16768756d6aadbb963c686dd661ab7506d5fdceebee3fb3dedc3da8688e64cf8,16768756d6aadbb963c686dd661ab7506d5fdceebee3fb3dedc3da8688e64cf8,0.3078117407006415,True,evaluation/exp_ar_pos08_fixed6/baseline_h50_capped_base_stock/test.json
exp_ar_pos08_fixed6,baseline_h50_capped_base_stock,capped_base_stock,,baseline_extension,steady,500,test,500,50,evaluation/exp_ar_pos08_fixed6/baseline_h50_capped_base_stock/test.npz,steady_h500,4394eb6c96e3bfcbc157dbdefe32ce75aa0fd3fd3330af5e87c0b07cf91a11fa,,46e19caecae5c33904be2ea62e669e2ac5d3ea80c7c4c025b5497005ad3e34e2,True,1000,164.20618121790497,24.223848252665473,69.99116648261975,0.29874055355378704,29.815078128346133,0.4586251671425998,known quoted arrival dates; overtaking allowed,16768756d6aadbb963c686dd661ab7506d5fdceebee3fb3dedc3da8688e64cf8,16768756d6aadbb963c686dd661ab7506d5fdceebee3fb3dedc3da8688e64cf8,0.30267230280080926,True,evaluation/exp_ar_pos08_fixed6/baseline_h50_capped_base_stock/test.json
exp_ar_pos08_fixed6,baseline_h50_capped_base_stock,capped_base_stock,,baseline_extension,cold_start,50,test,0,50,evaluation/exp_ar_pos08_fixed6/baseline_h50_capped_base_stock/test.npz,cold_start_h50,4394eb6c96e3bfcbc157dbdefe32ce75aa0fd3fd3330af5e87c0b07cf91a11fa,,46e19caecae5c33904be2ea62e669e2ac5d3ea80c7c4c025b5497005ad3e34e2,True,1000,167.98153837971225,20.420714172442285,73.78041210363499,0.2636864809677177,30.479434914653915,0.4586251671425998,known quoted arrival dates; overtaking allowed,16768756d6aadbb963c686dd661ab7506d5fdceebee3fb3dedc3da8688e64cf8,16768756d6aadbb963c686dd661ab7506d5fdceebee3fb3dedc3da8688e64cf8,0.2973640800351443,True,evaluation/exp_ar_pos08_fixed6/baseline_h50_capped_base_stock/test.json
exp_ar_pos08_fixed6,baseline_h50_capped_base_stock,capped_base_stock,,baseline_extension,cold_start,100,test,0,50,evaluation/exp_ar_pos08_fixed6/baseline_h50_capped_base_stock/test.npz,cold_start_h100,4394eb6c96e3bfcbc157dbdefe32ce75aa0fd3fd3330af5e87c0b07cf91a11fa,,46e19caecae5c33904be2ea62e669e2ac5d3ea80c7c4c025b5497005ad3e34e2,True,1000,166.12017133759983,21.930251361320046,72.09495998813988,0.2809863154693192,30.19998337887281,0.4586251671425998,known quoted arrival dates; overtaking allowed,16768756d6aadbb963c686dd661ab7506d5fdceebee3fb3dedc3da8688e64cf8,16768756d6aadbb963c686dd661ab7506d5fdceebee3fb3dedc3da8688e64cf8,0.2987567555105121,True,evaluation/exp_ar_pos08_fixed6/baseline_h50_capped_base_stock/test.json
exp_ar_pos08_fixed6,baseline_h50_capped_base_stock,capped_base_stock,,baseline_extension,cold_start,200,test,0,50,evaluation/exp_ar_pos08_fixed6/baseline_h50_capped_base_stock/test.npz,cold_start_h200,4394eb6c96e3bfcbc157dbdefe32ce75aa0fd3fd3330af5e87c0b07cf91a11fa,,46e19caecae5c33904be2ea62e669e2ac5d3ea80c7c4c025b5497005ad3e34e2,True,1000,164.3520744288218,22.923883546511323,70.71409544115524,0.2908599233059747,30.022154925473227,0.4586251671425998,known quoted arrival dates; overtaking allowed,16768756d6aadbb963c686dd661ab7506d5fdceebee3fb3dedc3da8688e64cf8,16768756d6aadbb963c686dd661ab7506d5fdceebee3fb3dedc3da8688e64cf8,0.30034521224139143,True,evaluation/exp_ar_pos08_fixed6/baseline_h50_capped_base_stock/test.json
exp_ar_pos08_fixed6,baseline_h50_capped_base_stock,capped_base_stock,,baseline_extension,cold_start,500,test,0,50,evaluation/exp_ar_pos08_fixed6/baseline_h50_capped_base_stock/test.npz,cold_start_h500,4394eb6c96e3bfcbc157dbdefe32ce75aa0fd3fd3330af5e87c0b07cf91a11fa,,46e19caecae5c33904be2ea62e669e2ac5d3ea80c7c4c025b5497005ad3e34e2,True,1000,164.45005222895384,23.345076089487172,70.55248806973334,0.29516964938757945,29.952633908954443,0.4586251671425998,known quoted arrival dates; overtaking allowed,16768756d6aadbb963c686dd661ab7506d5fdceebee3fb3dedc3da8688e64cf8,16768756d6aadbb963c686dd661ab7506d5fdceebee3fb3dedc3da8688e64cf8,0.2989603870772488,True,evaluation/exp_ar_pos08_fixed6/baseline_h50_capped_base_stock/test.json
exp_ar_pos08_fixed6,baseline_h50_conditional_pil,conditional_pil,,baseline_extension,steady,50,test,500,50,evaluation/exp_ar_pos08_fixed6/baseline_h50_conditional_pil/test.npz,steady_h50,4394eb6c96e3bfcbc157dbdefe32ce75aa0fd3fd3330af5e87c0b07cf91a11fa,,03885705d6cdf04b813177ba7a02f7fe963ffcbf975239cffa72b7cecd37fcb3,True,1000,163.1336811588136,23.039056678120506,70.04731224034654,0.3084127645315273,31.226449565491826,1.3038123331498355,known quoted arrival dates; overtaking allowed,bc4502f55e48fb7701f2dc664e3ae2729bba12d51fb64d3e33c5893b930de545,bc4502f55e48fb7701f2dc664e3ae2729bba12d51fb64d3e33c5893b930de545,0.3405904795183109,True,evaluation/exp_ar_pos08_fixed6/baseline_h50_conditional_pil/test.json
exp_ar_pos08_fixed6,baseline_h50_conditional_pil,conditional_pil,,baseline_extension,steady,100,test,500,50,evaluation/exp_ar_pos08_fixed6/baseline_h50_conditional_pil/test.npz,steady_h100,4394eb6c96e3bfcbc157dbdefe32ce75aa0fd3fd3330af5e87c0b07cf91a11fa,,03885705d6cdf04b813177ba7a02f7fe963ffcbf975239cffa72b7cecd37fcb3,True,1000,162.38087911265657,23.77874155588926,69.30106877838367,0.3095659381832211,31.066679661459457,1.3038123331498355,known quoted arrival dates; overtaking allowed,bc4502f55e48fb7701f2dc664e3ae2729bba12d51fb64d3e33c5893b930de545,bc4502f55e48fb7701f2dc664e3ae2729bba12d51fb64d3e33c5893b930de545,0.3268141922943713,True,evaluation/exp_ar_pos08_fixed6/baseline_h50_conditional_pil/test.json
exp_ar_pos08_fixed6,baseline_h50_conditional_pil,conditional_pil,,baseline_extension,steady,200,test,500,50,evaluation/exp_ar_pos08_fixed6/baseline_h50_conditional_pil/test.npz,steady_h200,4394eb6c96e3bfcbc157dbdefe32ce75aa0fd3fd3330af5e87c0b07cf91a11fa,,03885705d6cdf04b813177ba7a02f7fe963ffcbf975239cffa72b7cecd37fcb3,True,1000,162.4246426738918,23.97960968288485,69.22251649550348,0.30961120578272355,31.032730258444882,1.3038123331498355,known quoted arrival dates; overtaking allowed,bc4502f55e48fb7701f2dc664e3ae2729bba12d51fb64d3e33c5893b930de545,bc4502f55e48fb7701f2dc664e3ae2729bba12d51fb64d3e33c5893b930de545,0.3184437199357647,True,evaluation/exp_ar_pos08_fixed6/baseline_h50_conditional_pil/test.json
exp_ar_pos08_fixed6,baseline_h50_conditional_pil,conditional_pil,,baseline_extension,steady,500,test,500,50,evaluation/exp_ar_pos08_fixed6/baseline_h50_conditional_pil/test.npz,steady_h500,4394eb6c96e3bfcbc157dbdefe32ce75aa0fd3fd3330af5e87c0b07cf91a11fa,,03885705d6cdf04b813177ba7a02f7fe963ffcbf975239cffa72b7cecd37fcb3,True,1000,162.052123133997,24.36084454233488,68.84563929583106,0.31021788421230667,30.95900662321025,1.3038123331498355,known quoted arrival dates; overtaking allowed,bc4502f55e48fb7701f2dc664e3ae2729bba12d51fb64d3e33c5893b930de545,bc4502f55e48fb7701f2dc664e3ae2729bba12d51fb64d3e33c5893b930de545,0.3137306154142229,True,evaluation/exp_ar_pos08_fixed6/baseline_h50_conditional_pil/test.json
exp_ar_pos08_fixed6,baseline_h50_conditional_pil,conditional_pil,,baseline_extension,cold_start,50,test,0,50,evaluation/exp_ar_pos08_fixed6/baseline_h50_conditional_pil/test.npz,cold_start_h50,4394eb6c96e3bfcbc157dbdefe32ce75aa0fd3fd3330af5e87c0b07cf91a11fa,,03885705d6cdf04b813177ba7a02f7fe963ffcbf975239cffa72b7cecd37fcb3,True,1000,165.9771752513858,20.858911461659094,72.55913189486337,0.2758746092609291,31.84327625921852,1.3038123331498355,known quoted arrival dates; overtaking allowed,bc4502f55e48fb7701f2dc664e3ae2729bba12d51fb64d3e33c5893b930de545,bc4502f55e48fb7701f2dc664e3ae2729bba12d51fb64d3e33c5893b930de545,0.30589976176971745,True,evaluation/exp_ar_pos08_fixed6/baseline_h50_conditional_pil/test.json
exp_ar_pos08_fixed6,baseline_h50_conditional_pil,conditional_pil,,baseline_extension,cold_start,100,test,0,50,evaluation/exp_ar_pos08_fixed6/baseline_h50_conditional_pil/test.npz,cold_start_h100,4394eb6c96e3bfcbc157dbdefe32ce75aa0fd3fd3330af5e87c0b07cf91a11fa,,03885705d6cdf04b813177ba7a02f7fe963ffcbf975239cffa72b7cecd37fcb3,True,1000,164.13744203616113,22.29806589113451,70.9196880725133,0.29270747587386226,31.446483867676143,1.3038123331498355,known quoted arrival dates; overtaking allowed,bc4502f55e48fb7701f2dc664e3ae2729bba12d51fb64d3e33c5893b930de545,bc4502f55e48fb7701f2dc664e3ae2729bba12d51fb64d3e33c5893b930de545,0.30857497441806186,True,evaluation/exp_ar_pos08_fixed6/baseline_h50_conditional_pil/test.json
exp_ar_pos08_fixed6,baseline_h50_conditional_pil,conditional_pil,,baseline_extension,cold_start,200,test,0,50,evaluation/exp_ar_pos08_fixed6/baseline_h50_conditional_pil/test.npz,cold_start_h200,4394eb6c96e3bfcbc157dbdefe32ce75aa0fd3fd3330af5e87c0b07cf91a11fa,,03885705d6cdf04b813177ba7a02f7fe963ffcbf975239cffa72b7cecd37fcb3,True,1000,162.3650117536788,23.212550992260915,69.57623038070895,0.30227074191573544,31.193044996845273,1.3038123331498355,known quoted arrival dates; overtaking allowed,bc4502f55e48fb7701f2dc664e3ae2729bba12d51fb64d3e33c5893b930de545,bc4502f55e48fb7701f2dc664e3ae2729bba12d51fb64d3e33c5893b930de545,0.3107570166653141,True,evaluation/exp_ar_pos08_fixed6/baseline_h50_conditional_pil/test.json
exp_ar_pos08_fixed6,baseline_h50_conditional_pil,conditional_pil,,baseline_extension,cold_start,500,test,0,50,evaluation/exp_ar_pos08_fixed6/baseline_h50_conditional_pil/test.npz,cold_start_h500,4394eb6c96e3bfcbc157dbdefe32ce75aa0fd3fd3330af5e87c0b07cf91a11fa,,03885705d6cdf04b813177ba7a02f7fe963ffcbf975239cffa72b7cecd37fcb3,True,1000,162.33839916112817,23.540723203035125,69.39883797904653,0.306694793576671,31.121589353667176,1.3038123331498355,known quoted arrival dates; overtaking allowed,bc4502f55e48fb7701f2dc664e3ae2729bba12d51fb64d3e33c5893b930de545,bc4502f55e48fb7701f2dc664e3ae2729bba12d51fb64d3e33c5893b930de545,0.310086879678586,True,evaluation/exp_ar_pos08_fixed6/baseline_h50_conditional_pil/test.json
exp_ar_pos08_fixed6,baseline_h50_constant_order,constant_order,,baseline_extension,steady,50,test,500,50,evaluation/exp_ar_pos08_fixed6/baseline_h50_constant_order/test.npz,steady_h50,4394eb6c96e3bfcbc157dbdefe32ce75aa0fd3fd3330af5e87c0b07cf91a11fa,,a9cc9ac9c271d7112be4b680876d48d6a796dda1799e371750a86829c6e56350,True,1000,172.8692599286782,14.578630595873523,79.14531466640234,0.21858687193293558,22.13008572299902,0.4964289159979671,known quoted arrival dates; overtaking allowed,c4dc7f69e545918138d2e8b81fdc9aa2081948bee145ace51f703716d5d5edbd,c4dc7f69e545918138d2e8b81fdc9aa2081948bee145ace51f703716d5d5edbd,0.2515217068065392,True,evaluation/exp_ar_pos08_fixed6/baseline_h50_constant_order/test.json
exp_ar_pos08_fixed6,baseline_h50_constant_order,constant_order,,baseline_extension,steady,100,test,500,50,evaluation/exp_ar_pos08_fixed6/baseline_h50_constant_order/test.npz,steady_h100,4394eb6c96e3bfcbc157dbdefe32ce75aa0fd3fd3330af5e87c0b07cf91a11fa,,a9cc9ac9c271d7112be4b680876d48d6a796dda1799e371750a86829c6e56350,True,1000,171.49265199718778,14.99332253154639,78.2496647328207,0.22041268901563632,22.13008572299902,0.4964289159979671,known quoted arrival dates; overtaking allowed,c4dc7f69e545918138d2e8b81fdc9aa2081948bee145ace51f703716d5d5edbd,c4dc7f69e545918138d2e8b81fdc9aa2081948bee145ace51f703716d5d5edbd,0.23832005739081047,True,evaluation/exp_ar_pos08_fixed6/baseline_h50_constant_order/test.json
exp_ar_pos08_fixed6,baseline_h50_constant_order,constant_order,,baseline_extension,steady,200,test,500,50,evaluation/exp_ar_pos08_fixed6/baseline_h50_constant_order/test.npz,steady_h200,4394eb6c96e3bfcbc157dbdefe32ce75aa0fd3fd3330af5e87c0b07cf91a11fa,,a9cc9ac9c271d7112be4b680876d48d6a796dda1799e371750a86829c6e56350,True,1000,171.37238809059897,15.097874070093901,78.13725701025255,0.22070029548466624,22.130085722999027,0.4964289159979671,known quoted arrival dates; overtaking allowed,c4dc7f69e545918138d2e8b81fdc9aa2081948bee145ace51f703716d5d5edbd,c4dc7f69e545918138d2e8b81fdc9aa2081948bee145ace51f703716d5d5edbd,0.22982658612349852,True,evaluation/exp_ar_pos08_fixed6/baseline_h50_constant_order/test.json
exp_ar_pos08_fixed6,baseline_h50_constant_order,constant_order,,baseline_extension,steady,500,test,500,50,evaluation/exp_ar_pos08_fixed6/baseline_h50_constant_order/test.npz,steady_h500,4394eb6c96e3bfcbc157dbdefe32ce75aa0fd3fd3330af5e87c0b07cf91a11fa,,a9cc9ac9c271d7112be4b680876d48d6a796dda1799e371750a86829c6e56350,True,1000,170.64013024936872,15.289139147589129,77.67549555088979,0.22174928994820417,22.13008572299901,0.4964289159979671,known quoted arrival dates; overtaking allowed,c4dc7f69e545918138d2e8b81fdc9aa2081948bee145ace51f703716d5d5edbd,c4dc7f69e545918138d2e8b81fdc9aa2081948bee145ace51f703716d5d5edbd,0.22538655800183255,True,evaluation/exp_ar_pos08_fixed6/baseline_h50_constant_order/test.json
exp_ar_pos08_fixed6,baseline_h50_constant_order,constant_order,,baseline_extension,cold_start,50,test,0,50,evaluation/exp_ar_pos08_fixed6/baseline_h50_constant_order/test.npz,cold_start_h50,4394eb6c96e3bfcbc157dbdefe32ce75aa0fd3fd3330af5e87c0b07cf91a11fa,,a9cc9ac9c271d7112be4b680876d48d6a796dda1799e371750a86829c6e56350,True,1000,173.57632950880677,11.499820366532324,81.03825457113722,0.19125468809128268,22.13008572299902,0.4964289159979671,known quoted arrival dates; overtaking allowed,c4dc7f69e545918138d2e8b81fdc9aa2081948bee145ace51f703716d5d5edbd,c4dc7f69e545918138d2e8b81fdc9aa2081948bee145ace51f703716d5d5edbd,0.22252234788818215,True,evaluation/exp_ar_pos08_fixed6/baseline_h50_constant_order/test.json
exp_ar_pos08_fixed6,baseline_h50_constant_order,constant_order,,baseline_extension,cold_start,100,test,0,50,evaluation/exp_ar_pos08_fixed6/baseline_h50_constant_order/test.npz,cold_start_h100,4394eb6c96e3bfcbc157dbdefe32ce75aa0fd3fd3330af5e87c0b07cf91a11fa,,a9cc9ac9c271d7112be4b680876d48d6a796dda1799e371750a86829c6e56350,True,1000,171.83106209390894,12.614472260355424,79.60829491677673,0.20605471649151338,22.13008572299902,0.4964289159979671,known quoted arrival dates; overtaking allowed,c4dc7f69e545918138d2e8b81fdc9aa2081948bee145ace51f703716d5d5edbd,c4dc7f69e545918138d2e8b81fdc9aa2081948bee145ace51f703716d5d5edbd,0.22222679184671926,True,evaluation/exp_ar_pos08_fixed6/baseline_h50_constant_order/test.json
exp_ar_pos08_fixed6,baseline_h50_constant_order,constant_order,,baseline_extension,cold_start,200,test,0,50,evaluation/exp_ar_pos08_fixed6/baseline_h50_constant_order/test.npz,cold_start_h200,4394eb6c96e3bfcbc157dbdefe32ce75aa0fd3fd3330af5e87c0b07cf91a11fa,,a9cc9ac9c271d7112be4b680876d48d6a796dda1799e371750a86829c6e56350,True,1000,170.5269900189129,13.872883500393163,78.3270532592599,0.21451512306043358,22.130085722999027,0.4964289159979671,known quoted arrival dates; overtaking allowed,c4dc7f69e545918138d2e8b81fdc9aa2081948bee145ace51f703716d5d5edbd,c4dc7f69e545918138d2e8b81fdc9aa2081948bee145ace51f703716d5d5edbd,0.22316276665586612,True,evaluation/exp_ar_pos08_fixed6/baseline_h50_constant_order/test.json
exp_ar_pos08_fixed6,baseline_h50_constant_order,constant_order,,baseline_extension,cold_start,500,test,0,50,evaluation/exp_ar_pos08_fixed6/baseline_h50_constant_order/test.npz,cold_start_h500,4394eb6c96e3bfcbc157dbdefe32ce75aa0fd3fd3330af5e87c0b07cf91a11fa,,a9cc9ac9c271d7112be4b680876d48d6a796dda1799e371750a86829c6e56350,True,1000,170.82358403207158,14.291616009703013,78.26598401118427,0.21811062287264252,22.13008572299901,0.4964289159979671,known quoted arrival dates; overtaking allowed,c4dc7f69e545918138d2e8b81fdc9aa2081948bee145ace51f703716d5d5edbd,c4dc7f69e545918138d2e8b81fdc9aa2081948bee145ace51f703716d5d5edbd,0.22160059416600458,True,evaluation/exp_ar_pos08_fixed6/baseline_h50_constant_order/test.json
exp_ar_pos08_fixed6,baseline_h50_forecast_adaptive_pil,forecast_adaptive_pil,,baseline_extension,steady,50,test,500,50,evaluation/exp_ar_pos08_fixed6/baseline_h50_forecast_adaptive_pil/test.npz,steady_h50,4394eb6c96e3bfcbc157dbdefe32ce75aa0fd3fd3330af5e87c0b07cf91a11fa,,e09b61c1e69773934999f788b6c46555ab77143a43fbf3990124a853d4adbb62,True,1000,163.2837937640951,25.129220112264466,69.07728682591532,0.3179899656152578,32.1370385326947,1.3351552500389516,known quoted arrival dates; overtaking allowed,d53362e39ae31cdf9a9483d12abfcde7b2f9604a28122763778b759cddff05ea,d53362e39ae31cdf9a9483d12abfcde7b2f9604a28122763778b759cddff05ea,0.3421403472793837,True,evaluation/exp_ar_pos08_fixed6/baseline_h50_forecast_adaptive_pil/test.json
exp_ar_pos08_fixed6,baseline_h50_forecast_adaptive_pil,forecast_adaptive_pil,,baseline_extension,steady,100,test,500,50,evaluation/exp_ar_pos08_fixed6/baseline_h50_forecast_adaptive_pil/test.npz,steady_h100,4394eb6c96e3bfcbc157dbdefe32ce75aa0fd3fd3330af5e87c0b07cf91a11fa,,e09b61c1e69773934999f788b6c46555ab77143a43fbf3990124a853d4adbb62,True,1000,162.27665586629118,25.468911751788223,68.40387205725148,0.3185045474621188,31.93949574544022,1.3351552500389516,known quoted arrival dates; overtaking allowed,d53362e39ae31cdf9a9483d12abfcde7b2f9604a28122763778b759cddff05ea,d53362e39ae31cdf9a9483d12abfcde7b2f9604a28122763778b759cddff05ea,0.33100265947435137,True,evaluation/exp_ar_pos08_fixed6/baseline_h50_forecast_adaptive_pil/test.json
exp_ar_pos08_fixed6,baseline_h50_forecast_adaptive_pil,forecast_adaptive_pil,,baseline_extension,steady,200,test,500,50,evaluation/exp_ar_pos08_fixed6/baseline_h50_forecast_adaptive_pil/test.npz,steady_h200,4394eb6c96e3bfcbc157dbdefe32ce75aa0fd3fd3330af5e87c0b07cf91a11fa,,e09b61c1e69773934999f788b6c46555ab77143a43fbf3990124a853d4adbb62,True,1000,162.4382590734332,25.72830284189155,68.35497811577083,0.3182635750729927,31.894181931300828,1.3351552500389516,known quoted arrival dates; overtaking allowed,d53362e39ae31cdf9a9483d12abfcde7b2f9604a28122763778b759cddff05ea,d53362e39ae31cdf9a9483d12abfcde7b2f9604a28122763778b759cddff05ea,0.3245083587477035,True,evaluation/exp_ar_pos08_fixed6/baseline_h50_forecast_adaptive_pil/test.json
exp_ar_pos08_fixed6,baseline_h50_forecast_adaptive_pil,forecast_adaptive_pil,,baseline_extension,steady,500,test,500,50,evaluation/exp_ar_pos08_fixed6/baseline_h50_forecast_adaptive_pil/test.npz,steady_h500,4394eb6c96e3bfcbc157dbdefe32ce75aa0fd3fd3330af5e87c0b07cf91a11fa,,e09b61c1e69773934999f788b6c46555ab77143a43fbf3990124a853d4adbb62,True,1000,161.97236240364012,25.973843184049635,67.99925960979525,0.31869797934345695,31.800592798517265,1.3351552500389516,known quoted arrival dates; overtaking allowed,d53362e39ae31cdf9a9483d12abfcde7b2f9604a28122763778b759cddff05ea,d53362e39ae31cdf9a9483d12abfcde7b2f9604a28122763778b759cddff05ea,0.3211621618199556,True,evaluation/exp_ar_pos08_fixed6/baseline_h50_forecast_adaptive_pil/test.json
exp_ar_pos08_fixed6,baseline_h50_forecast_adaptive_pil,forecast_adaptive_pil,,baseline_extension,cold_start,50,test,0,50,evaluation/exp_ar_pos08_fixed6/baseline_h50_forecast_adaptive_pil/test.npz,cold_start_h50,4394eb6c96e3bfcbc157dbdefe32ce75aa0fd3fd3330af5e87c0b07cf91a11fa,,e09b61c1e69773934999f788b6c46555ab77143a43fbf3990124a853d4adbb62,True,1000,165.96635575377763,21.130295058198172,72.41803034778972,0.2772827740258636,32.13679276553357,1.3351552500389516,known quoted arrival dates; overtaking allowed,d53362e39ae31cdf9a9483d12abfcde7b2f9604a28122763778b759cddff05ea,d53362e39ae31cdf9a9483d12abfcde7b2f9604a28122763778b759cddff05ea,0.2968665372359187,True,evaluation/exp_ar_pos08_fixed6/baseline_h50_forecast_adaptive_pil/test.json
exp_ar_pos08_fixed6,baseline_h50_forecast_adaptive_pil,forecast_adaptive_pil,,baseline_extension,cold_start,100,test,0,50,evaluation/exp_ar_pos08_fixed6/baseline_h50_forecast_adaptive_pil/test.npz,cold_start_h100,4394eb6c96e3bfcbc157dbdefe32ce75aa0fd3fd3330af5e87c0b07cf91a11fa,,e09b61c1e69773934999f788b6c46555ab77143a43fbf3990124a853d4adbb62,True,1000,164.07723895656517,23.270506819556743,70.4033660685042,0.2978568314816318,32.03120931200789,1.3351552500389516,known quoted arrival dates; overtaking allowed,d53362e39ae31cdf9a9483d12abfcde7b2f9604a28122763778b759cddff05ea,d53362e39ae31cdf9a9483d12abfcde7b2f9604a28122763778b759cddff05ea,0.30861291045316,True,evaluation/exp_ar_pos08_fixed6/baseline_h50_forecast_adaptive_pil/test.json
exp_ar_pos08_fixed6,baseline_h50_forecast_adaptive_pil,forecast_adaptive_pil,,baseline_extension,cold_start,200,test,0,50,evaluation/exp_ar_pos08_fixed6/baseline_h50_forecast_adaptive_pil/test.npz,cold_start_h200,4394eb6c96e3bfcbc157dbdefe32ce75aa0fd3fd3330af5e87c0b07cf91a11fa,,e09b61c1e69773934999f788b6c46555ab77143a43fbf3990124a853d4adbb62,True,1000,162.2593405853354,24.421628214047235,68.91885618564407,0.3088630681584276,31.879901204336164,1.3351552500389516,known quoted arrival dates; overtaking allowed,d53362e39ae31cdf9a9483d12abfcde7b2f9604a28122763778b759cddff05ea,d53362e39ae31cdf9a9483d12abfcde7b2f9604a28122763778b759cddff05ea,0.3147288717486138,True,evaluation/exp_ar_pos08_fixed6/baseline_h50_forecast_adaptive_pil/test.json
exp_ar_pos08_fixed6,baseline_h50_forecast_adaptive_pil,forecast_adaptive_pil,,baseline_extension,cold_start,500,test,0,50,evaluation/exp_ar_pos08_fixed6/baseline_h50_forecast_adaptive_pil/test.npz,cold_start_h500,4394eb6c96e3bfcbc157dbdefe32ce75aa0fd3fd3330af5e87c0b07cf91a11fa,,e09b61c1e69773934999f788b6c46555ab77143a43fbf3990124a853d4adbb62,True,1000,162.2507469365362,25.010830487408395,68.61995822456393,0.31447592370342553,31.91693051385939,1.3351552500389516,known quoted arrival dates; overtaking allowed,d53362e39ae31cdf9a9483d12abfcde7b2f9604a28122763778b759cddff05ea,d53362e39ae31cdf9a9483d12abfcde7b2f9604a28122763778b759cddff05ea,0.316845502005566,True,evaluation/exp_ar_pos08_fixed6/baseline_h50_forecast_adaptive_pil/test.json
exp_ar_pos08_fixed6,baseline_h50_forecast_capped_base_stock,forecast_capped_base_stock,,baseline_extension,steady,50,test,500,50,evaluation/exp_ar_pos08_fixed6/baseline_h50_forecast_capped_base_stock/test.npz,steady_h50,4394eb6c96e3bfcbc157dbdefe32ce75aa0fd3fd3330af5e87c0b07cf91a11fa,,0c0dc048858e50038c0ce53637d1dff756fb7da9d02f2b51ae08f85d1442f086,True,1000,163.761349988357,25.968325968614973,68.89651200987103,0.31977478149572175,32.311484521418464,0.6465186250861734,known quoted arrival dates; overtaking allowed,a7f461fa0fd302c828557672ed21360cba5ef82c597b199ebf0a35a56e60b827,a7f461fa0fd302c828557672ed21360cba5ef82c597b199ebf0a35a56e60b827,0.3419432885499469,True,evaluation/exp_ar_pos08_fixed6/baseline_h50_forecast_capped_base_stock/test.json
exp_ar_pos08_fixed6,baseline_h50_forecast_capped_base_stock,forecast_capped_base_stock,,baseline_extension,steady,100,test,500,50,evaluation/exp_ar_pos08_fixed6/baseline_h50_forecast_capped_base_stock/test.npz,steady_h100,4394eb6c96e3bfcbc157dbdefe32ce75aa0fd3fd3330af5e87c0b07cf91a11fa,,0c0dc048858e50038c0ce53637d1dff756fb7da9d02f2b51ae08f85d1442f086,True,1000,162.68818775979514,26.258432364951283,68.21487769742194,0.32038746421676306,32.12276819166859,0.6465186250861734,known quoted arrival dates; overtaking allowed,a7f461fa0fd302c828557672ed21360cba5ef82c597b199ebf0a35a56e60b827,a7f461fa0fd302c828557672ed21360cba5ef82c597b199ebf0a35a56e60b827,0.33167337295317895,True,evaluation/exp_ar_pos08_fixed6/baseline_h50_forecast_capped_base_stock/test.json
exp_ar_pos08_fixed6,baseline_h50_forecast_capped_base_stock,forecast_capped_base_stock,,baseline_extension,steady,200,test,500,50,evaluation/exp_ar_pos08_fixed6/baseline_h50_forecast_capped_base_stock/test.npz,steady_h200,4394eb6c96e3bfcbc157dbdefe32ce75aa0fd3fd3330af5e87c0b07cf91a11fa,,0c0dc048858e50038c0ce53637d1dff756fb7da9d02f2b51ae08f85d1442f086,True,1000,162.82160864019409,26.493320777048083,68.16414393157301,0.32016685436698267,32.08114395273476,0.6465186250861734,known quoted arrival dates; overtaking allowed,a7f461fa0fd302c828557672ed21360cba5ef82c597b199ebf0a35a56e60b827,a7f461fa0fd302c828557672ed21360cba5ef82c597b199ebf0a35a56e60b827,0.32577731883532635,True,evaluation/exp_ar_pos08_fixed6/baseline_h50_forecast_capped_base_stock/test.json
exp_ar_pos08_fixed6,baseline_h50_forecast_capped_base_stock,forecast_capped_base_stock,,baseline_extension,steady,500,test,500,50,evaluation/exp_ar_pos08_fixed6/baseline_h50_forecast_capped_base_stock/test.npz,steady_h500,4394eb6c96e3bfcbc157dbdefe32ce75aa0fd3fd3330af5e87c0b07cf91a11fa,,0c0dc048858e50038c0ce53637d1dff756fb7da9d02f2b51ae08f85d1442f086,True,1000,162.31876948233918,26.671999775407798,67.82338485346567,0.3204601136307625,31.976327671667768,0.6465186250861734,known quoted arrival dates; overtaking allowed,a7f461fa0fd302c828557672ed21360cba5ef82c597b199ebf0a35a56e60b827,a7f461fa0fd302c828557672ed21360cba5ef82c597b199ebf0a35a56e60b827,0.32266592057656907,True,evaluation/exp_ar_pos08_fixed6/baseline_h50_forecast_capped_base_stock/test.json
exp_ar_pos08_fixed6,baseline_h50_forecast_capped_base_stock,forecast_capped_base_stock,,baseline_extension,cold_start,50,test,0,50,evaluation/exp_ar_pos08_fixed6/baseline_h50_forecast_capped_base_stock/test.npz,cold_start_h50,4394eb6c96e3bfcbc157dbdefe32ce75aa0fd3fd3330af5e87c0b07cf91a11fa,,0c0dc048858e50038c0ce53637d1dff756fb7da9d02f2b51ae08f85d1442f086,True,1000,166.37138039392173,21.735803134664444,72.31778862962864,0.27828316600184433,32.2780568581104,0.6465186250861734,known quoted arrival dates; overtaking allowed,a7f461fa0fd302c828557672ed21360cba5ef82c597b199ebf0a35a56e60b827,a7f461fa0fd302c828557672ed21360cba5ef82c597b199ebf0a35a56e60b827,0.2953499200102122,True,evaluation/exp_ar_pos08_fixed6/baseline_h50_forecast_capped_base_stock/test.json
exp_ar_pos08_fixed6,baseline_h50_forecast_capped_base_stock,forecast_capped_base_stock,,baseline_extension,cold_start,100,test,0,50,evaluation/exp_ar_pos08_fixed6/baseline_h50_forecast_capped_base_stock/test.npz,cold_start_h100,4394eb6c96e3bfcbc157dbdefe32ce75aa0fd3fd3330af5e87c0b07cf91a11fa,,0c0dc048858e50038c0ce53637d1dff756fb7da9d02f2b51ae08f85d1442f086,True,1000,164.5160406480993,23.982643323937488,70.26669866208091,0.2992198357119389,32.18839792923654,0.6465186250861734,known quoted arrival dates; overtaking allowed,a7f461fa0fd302c828557672ed21360cba5ef82c597b199ebf0a35a56e60b827,a7f461fa0fd302c828557672ed21360cba5ef82c597b199ebf0a35a56e60b827,0.30871643042104285,True,evaluation/exp_ar_pos08_fixed6/baseline_h50_forecast_capped_base_stock/test.json
exp_ar_pos08_fixed6,baseline_h50_forecast_capped_base_stock,forecast_capped_base_stock,,baseline_extension,cold_start,200,test,0,50,evaluation/exp_ar_pos08_fixed6/baseline_h50_forecast_capped_base_stock/test.npz,cold_start_h200,4394eb6c96e3bfcbc157dbdefe32ce75aa0fd3fd3330af5e87c0b07cf91a11fa,,0c0dc048858e50038c0ce53637d1dff756fb7da9d02f2b51ae08f85d1442f086,True,1000,162.66448183403168,25.11634888643609,68.77406647379779,0.3103150585533076,32.0283895034029,0.6465186250861734,known quoted arrival dates; overtaking allowed,a7f461fa0fd302c828557672ed21360cba5ef82c597b199ebf0a35a56e60b827,a7f461fa0fd302c828557672ed21360cba5ef82c597b199ebf0a35a56e60b827,0.31552687847984034,True,evaluation/exp_ar_pos08_fixed6/baseline_h50_forecast_capped_base_stock/test.json
exp_ar_pos08_fixed6,baseline_h50_forecast_capped_base_stock,forecast_capped_base_stock,,baseline_extension,cold_start,500,test,0,50,evaluation/exp_ar_pos08_fixed6/baseline_h50_forecast_capped_base_stock/test.npz,cold_start_h500,4394eb6c96e3bfcbc157dbdefe32ce75aa0fd3fd3330af5e87c0b07cf91a11fa,,0c0dc048858e50038c0ce53637d1dff756fb7da9d02f2b51ae08f85d1442f086,True,1000,162.63186828228118,25.72103014941059,68.45541906643531,0.3161196955346703,32.08565626034294,0.6465186250861734,known quoted arrival dates; overtaking allowed,a7f461fa0fd302c828557672ed21360cba5ef82c597b199ebf0a35a56e60b827,a7f461fa0fd302c828557672ed21360cba5ef82c597b199ebf0a35a56e60b827,0.318236934065519,True,evaluation/exp_ar_pos08_fixed6/baseline_h50_forecast_capped_base_stock/test.json
exp_ar_pos08_fixed6,baseline_h50_pil_cop_continuation,pil_cop_continuation,,baseline_extension,steady,50,test,500,50,evaluation/exp_ar_pos08_fixed6/baseline_h50_pil_cop_continuation/test.npz,steady_h50,4394eb6c96e3bfcbc157dbdefe32ce75aa0fd3fd3330af5e87c0b07cf91a11fa,,f61152b51b7dfa409b4cdb4578d9a70ec02614770b97dabe6aba6d83d43c708b,True,1000,163.1336811588136,23.039056678120506,70.04731224034654,0.3084127645315273,31.226449565491826,1.3471039589494467,known quoted arrival dates; overtaking allowed,bc4502f55e48fb7701f2dc664e3ae2729bba12d51fb64d3e33c5893b930de545,bc4502f55e48fb7701f2dc664e3ae2729bba12d51fb64d3e33c5893b930de545,0.3405904795183109,True,evaluation/exp_ar_pos08_fixed6/baseline_h50_pil_cop_continuation/test.json
exp_ar_pos08_fixed6,baseline_h50_pil_cop_continuation,pil_cop_continuation,,baseline_extension,steady,100,test,500,50,evaluation/exp_ar_pos08_fixed6/baseline_h50_pil_cop_continuation/test.npz,steady_h100,4394eb6c96e3bfcbc157dbdefe32ce75aa0fd3fd3330af5e87c0b07cf91a11fa,,f61152b51b7dfa409b4cdb4578d9a70ec02614770b97dabe6aba6d83d43c708b,True,1000,162.38087911265657,23.77874155588926,69.30106877838367,0.3095659381832211,31.066679661459457,1.3471039589494467,known quoted arrival dates; overtaking allowed,bc4502f55e48fb7701f2dc664e3ae2729bba12d51fb64d3e33c5893b930de545,bc4502f55e48fb7701f2dc664e3ae2729bba12d51fb64d3e33c5893b930de545,0.3268141922943713,True,evaluation/exp_ar_pos08_fixed6/baseline_h50_pil_cop_continuation/test.json
exp_ar_pos08_fixed6,baseline_h50_pil_cop_continuation,pil_cop_continuation,,baseline_extension,steady,200,test,500,50,evaluation/exp_ar_pos08_fixed6/baseline_h50_pil_cop_continuation/test.npz,steady_h200,4394eb6c96e3bfcbc157dbdefe32ce75aa0fd3fd3330af5e87c0b07cf91a11fa,,f61152b51b7dfa409b4cdb4578d9a70ec02614770b97dabe6aba6d83d43c708b,True,1000,162.4246426738918,23.97960968288485,69.22251649550348,0.30961120578272355,31.032730258444882,1.3471039589494467,known quoted arrival dates; overtaking allowed,bc4502f55e48fb7701f2dc664e3ae2729bba12d51fb64d3e33c5893b930de545,bc4502f55e48fb7701f2dc664e3ae2729bba12d51fb64d3e33c5893b930de545,0.3184437199357647,True,evaluation/exp_ar_pos08_fixed6/baseline_h50_pil_cop_continuation/test.json
exp_ar_pos08_fixed6,baseline_h50_pil_cop_continuation,pil_cop_continuation,,baseline_extension,steady,500,test,500,50,evaluation/exp_ar_pos08_fixed6/baseline_h50_pil_cop_continuation/test.npz,steady_h500,4394eb6c96e3bfcbc157dbdefe32ce75aa0fd3fd3330af5e87c0b07cf91a11fa,,f61152b51b7dfa409b4cdb4578d9a70ec02614770b97dabe6aba6d83d43c708b,True,1000,162.052123133997,24.36084454233488,68.84563929583106,0.31021788421230667,30.95900662321025,1.3471039589494467,known quoted arrival dates; overtaking allowed,bc4502f55e48fb7701f2dc664e3ae2729bba12d51fb64d3e33c5893b930de545,bc4502f55e48fb7701f2dc664e3ae2729bba12d51fb64d3e33c5893b930de545,0.3137306154142229,True,evaluation/exp_ar_pos08_fixed6/baseline_h50_pil_cop_continuation/test.json
exp_ar_pos08_fixed6,baseline_h50_pil_cop_continuation,pil_cop_continuation,,baseline_extension,cold_start,50,test,0,50,evaluation/exp_ar_pos08_fixed6/baseline_h50_pil_cop_continuation/test.npz,cold_start_h50,4394eb6c96e3bfcbc157dbdefe32ce75aa0fd3fd3330af5e87c0b07cf91a11fa,,f61152b51b7dfa409b4cdb4578d9a70ec02614770b97dabe6aba6d83d43c708b,True,1000,165.9771752513858,20.858911461659094,72.55913189486337,0.2758746092609291,31.84327625921852,1.3471039589494467,known quoted arrival dates; overtaking allowed,bc4502f55e48fb7701f2dc664e3ae2729bba12d51fb64d3e33c5893b930de545,bc4502f55e48fb7701f2dc664e3ae2729bba12d51fb64d3e33c5893b930de545,0.30589976176971745,True,evaluation/exp_ar_pos08_fixed6/baseline_h50_pil_cop_continuation/test.json
exp_ar_pos08_fixed6,baseline_h50_pil_cop_continuation,pil_cop_continuation,,baseline_extension,cold_start,100,test,0,50,evaluation/exp_ar_pos08_fixed6/baseline_h50_pil_cop_continuation/test.npz,cold_start_h100,4394eb6c96e3bfcbc157dbdefe32ce75aa0fd3fd3330af5e87c0b07cf91a11fa,,f61152b51b7dfa409b4cdb4578d9a70ec02614770b97dabe6aba6d83d43c708b,True,1000,164.13744203616113,22.29806589113451,70.9196880725133,0.29270747587386226,31.446483867676143,1.3471039589494467,known quoted arrival dates; overtaking allowed,bc4502f55e48fb7701f2dc664e3ae2729bba12d51fb64d3e33c5893b930de545,bc4502f55e48fb7701f2dc664e3ae2729bba12d51fb64d3e33c5893b930de545,0.30857497441806186,True,evaluation/exp_ar_pos08_fixed6/baseline_h50_pil_cop_continuation/test.json
exp_ar_pos08_fixed6,baseline_h50_pil_cop_continuation,pil_cop_continuation,,baseline_extension,cold_start,200,test,0,50,evaluation/exp_ar_pos08_fixed6/baseline_h50_pil_cop_continuation/test.npz,cold_start_h200,4394eb6c96e3bfcbc157dbdefe32ce75aa0fd3fd3330af5e87c0b07cf91a11fa,,f61152b51b7dfa409b4cdb4578d9a70ec02614770b97dabe6aba6d83d43c708b,True,1000,162.3650117536788,23.212550992260915,69.57623038070895,0.30227074191573544,31.193044996845273,1.3471039589494467,known quoted arrival dates; overtaking allowed,bc4502f55e48fb7701f2dc664e3ae2729bba12d51fb64d3e33c5893b930de545,bc4502f55e48fb7701f2dc664e3ae2729bba12d51fb64d3e33c5893b930de545,0.3107570166653141,True,evaluation/exp_ar_pos08_fixed6/baseline_h50_pil_cop_continuation/test.json
exp_ar_pos08_fixed6,baseline_h50_pil_cop_continuation,pil_cop_continuation,,baseline_extension,cold_start,500,test,0,50,evaluation/exp_ar_pos08_fixed6/baseline_h50_pil_cop_continuation/test.npz,cold_start_h500,4394eb6c96e3bfcbc157dbdefe32ce75aa0fd3fd3330af5e87c0b07cf91a11fa,,f61152b51b7dfa409b4cdb4578d9a70ec02614770b97dabe6aba6d83d43c708b,True,1000,162.33839916112817,23.540723203035125,69.39883797904653,0.306694793576671,31.121589353667176,1.3471039589494467,known quoted arrival dates; overtaking allowed,bc4502f55e48fb7701f2dc664e3ae2729bba12d51fb64d3e33c5893b930de545,bc4502f55e48fb7701f2dc664e3ae2729bba12d51fb64d3e33c5893b930de545,0.310086879678586,True,evaluation/exp_ar_pos08_fixed6/baseline_h50_pil_cop_continuation/test.json
exp_ar_pos08_fixed6,self_evolve_h100_r1,self_evolve,1,horizon_extension,steady,50,test,500,100,evaluation/exp_ar_pos08_fixed6/self_evolve_h100_r1/test.npz,steady_h50,4394eb6c96e3bfcbc157dbdefe32ce75aa0fd3fd3330af5e87c0b07cf91a11fa,a78680985d0c256ef38cac9b5d19dba213521d8482d4dd16a38930fecc69c6f6,,True,1000,168.18896565369528,25.67083358953237,71.25906603208145,0.2964489442493312,29.996887557419846,0.8266734159551561,known quoted arrival dates; overtaking allowed,366d3d60922377ee3b4632a2c7066175ce19c071851ca4317d0c0aa1a4eafb13,366d3d60922377ee3b4632a2c7066175ce19c071851ca4317d0c0aa1a4eafb13,0.3319906229549711,True,evaluation/exp_ar_pos08_fixed6/self_evolve_h100_r1/test.json
exp_ar_pos08_fixed6,self_evolve_h100_r1,self_evolve,1,horizon_extension,steady,100,test,500,100,evaluation/exp_ar_pos08_fixed6/self_evolve_h100_r1/test.npz,steady_h100,4394eb6c96e3bfcbc157dbdefe32ce75aa0fd3fd3330af5e87c0b07cf91a11fa,a78680985d0c256ef38cac9b5d19dba213521d8482d4dd16a38930fecc69c6f6,,True,1000,167.4576283952492,26.511847537712026,70.47289042876861,0.29789129021512967,29.893568288565426,0.8266734159551561,known quoted arrival dates; overtaking allowed,366d3d60922377ee3b4632a2c7066175ce19c071851ca4317d0c0aa1a4eafb13,366d3d60922377ee3b4632a2c7066175ce19c071851ca4317d0c0aa1a4eafb13,0.317168541691913,True,evaluation/exp_ar_pos08_fixed6/self_evolve_h100_r1/test.json
exp_ar_pos08_fixed6,self_evolve_h100_r1,self_evolve,1,horizon_extension,steady,200,test,500,100,evaluation/exp_ar_pos08_fixed6/self_evolve_h100_r1/test.npz,steady_h200,4394eb6c96e3bfcbc157dbdefe32ce75aa0fd3fd3330af5e87c0b07cf91a11fa,a78680985d0c256ef38cac9b5d19dba213521d8482d4dd16a38930fecc69c6f6,,True,1000,167.53433071828005,26.755697547392526,70.38931658544375,0.2979741583598841,29.873016427174694,0.8266734159551561,known quoted arrival dates; overtaking allowed,366d3d60922377ee3b4632a2c7066175ce19c071851ca4317d0c0aa1a4eafb13,366d3d60922377ee3b4632a2c7066175ce19c071851ca4317d0c0aa1a4eafb13,0.30791970617359443,True,evaluation/exp_ar_pos08_fixed6/self_evolve_h100_r1/test.json
exp_ar_pos08_fixed6,self_evolve_h100_r1,self_evolve,1,horizon_extension,steady,500,test,500,100,evaluation/exp_ar_pos08_fixed6/self_evolve_h100_r1/test.npz,steady_h500,4394eb6c96e3bfcbc157dbdefe32ce75aa0fd3fd3330af5e87c0b07cf91a11fa,a78680985d0c256ef38cac9b5d19dba213521d8482d4dd16a38930fecc69c6f6,,True,1000,167.15643920337067,27.17296664288212,69.99173628024427,0.29873484460526056,29.815077700627803,0.8266734159551561,known quoted arrival dates; overtaking allowed,366d3d60922377ee3b4632a2c7066175ce19c071851ca4317d0c0aa1a4eafb13,366d3d60922377ee3b4632a2c7066175ce19c071851ca4317d0c0aa1a4eafb13,0.3027014721606172,True,evaluation/exp_ar_pos08_fixed6/self_evolve_h100_r1/test.json
exp_ar_pos08_fixed6,self_evolve_h100_r1,self_evolve,1,horizon_extension,cold_start,50,test,0,100,evaluation/exp_ar_pos08_fixed6/self_evolve_h100_r1/test.npz,cold_start_h50,4394eb6c96e3bfcbc157dbdefe32ce75aa0fd3fd3330af5e87c0b07cf91a11fa,a78680985d0c256ef38cac9b5d19dba213521d8482d4dd16a38930fecc69c6f6,,True,1000,178.4558197253225,31.84753377776097,73.30414297378074,0.268439550095562,30.990090474891176,0.8266734159551561,known quoted arrival dates; overtaking allowed,366d3d60922377ee3b4632a2c7066175ce19c071851ca4317d0c0aa1a4eafb13,366d3d60922377ee3b4632a2c7066175ce19c071851ca4317d0c0aa1a4eafb13,0.3025948305231301,True,evaluation/exp_ar_pos08_fixed6/self_evolve_h100_r1/test.json
exp_ar_pos08_fixed6,self_evolve_h100_r1,self_evolve,1,horizon_extension,cold_start,100,test,0,100,evaluation/exp_ar_pos08_fixed6/self_evolve_h100_r1/test.npz,cold_start_h100,4394eb6c96e3bfcbc157dbdefe32ce75aa0fd3fd3330af5e87c0b07cf91a11fa,a78680985d0c256ef38cac9b5d19dba213521d8482d4dd16a38930fecc69c6f6,,True,1000,173.03172972976384,29.31609932119753,71.85781520428317,0.28335139542547844,30.46254302221505,0.8266734159551561,known quoted arrival dates; overtaking allowed,366d3d60922377ee3b4632a2c7066175ce19c071851ca4317d0c0aa1a4eafb13,366d3d60922377ee3b4632a2c7066175ce19c071851ca4317d0c0aa1a4eafb13,0.30130366099857053,True,evaluation/exp_ar_pos08_fixed6/self_evolve_h100_r1/test.json
exp_ar_pos08_fixed6,self_evolve_h100_r1,self_evolve,1,horizon_extension,cold_start,200,test,0,100,evaluation/exp_ar_pos08_fixed6/self_evolve_h100_r1/test.npz,cold_start_h200,4394eb6c96e3bfcbc157dbdefe32ce75aa0fd3fd3330af5e87c0b07cf91a11fa,a78680985d0c256ef38cac9b5d19dba213521d8482d4dd16a38930fecc69c6f6,,True,1000,169.43690074874993,28.216407588349302,70.61024658020033,0.29190134777393567,30.141867140716602,0.8266734159551561,known quoted arrival dates; overtaking allowed,366d3d60922377ee3b4632a2c7066175ce19c071851ca4317d0c0aa1a4eafb13,366d3d60922377ee3b4632a2c7066175ce19c071851ca4317d0c0aa1a4eafb13,0.3014613692207234,True,evaluation/exp_ar_pos08_fixed6/self_evolve_h100_r1/test.json
exp_ar_pos08_fixed6,self_evolve_h100_r1,self_evolve,1,horizon_extension,cold_start,500,test,0,100,evaluation/exp_ar_pos08_fixed6/self_evolve_h100_r1/test.npz,cold_start_h500,4394eb6c96e3bfcbc157dbdefe32ce75aa0fd3fd3330af5e87c0b07cf91a11fa,a78680985d0c256ef38cac9b5d19dba213521d8482d4dd16a38930fecc69c6f6,,True,1000,168.27775795347156,27.248737569631345,70.51451019192011,0.29554905430535,29.997839669332805,0.8266734159551561,known quoted arrival dates; overtaking allowed,366d3d60922377ee3b4632a2c7066175ce19c071851ca4317d0c0aa1a4eafb13,366d3d60922377ee3b4632a2c7066175ce19c071851ca4317d0c0aa1a4eafb13,0.2993860338685391,True,evaluation/exp_ar_pos08_fixed6/self_evolve_h100_r1/test.json
exp_ar_pos08_fixed6,self_evolve_h100_r2,self_evolve,2,horizon_extension,steady,50,test,500,100,evaluation/exp_ar_pos08_fixed6/self_evolve_h100_r2/test.npz,steady_h50,4394eb6c96e3bfcbc157dbdefe32ce75aa0fd3fd3330af5e87c0b07cf91a11fa,64187ba72f0634e64454504c0012dbd29fb282042a8426fb12f786b74dbf4fe3,,True,1000,168.20609851150417,25.6635772750701,71.27126061821703,0.29632854533831726,29.98487683921841,0.4709425000473857,known quoted arrival dates; overtaking allowed,c1614d40b993f4332e8ed2c6593a4907819fb39bc3dba4d636e3350710a810f7,c1614d40b993f4332e8ed2c6593a4907819fb39bc3dba4d636e3350710a810f7,0.3319220525789671,True,evaluation/exp_ar_pos08_fixed6/self_evolve_h100_r2/test.json
exp_ar_pos08_fixed6,self_evolve_h100_r2,self_evolve,2,horizon_extension,steady,100,test,500,100,evaluation/exp_ar_pos08_fixed6/self_evolve_h100_r2/test.npz,steady_h100,4394eb6c96e3bfcbc157dbdefe32ce75aa0fd3fd3330af5e87c0b07cf91a11fa,64187ba72f0634e64454504c0012dbd29fb282042a8426fb12f786b74dbf4fe3,,True,1000,167.47463951822104,26.505359416949574,70.48464005063573,0.2977742308494729,29.882047877017452,0.4709425000473857,known quoted arrival dates; overtaking allowed,c1614d40b993f4332e8ed2c6593a4907819fb39bc3dba4d636e3350710a810f7,c1614d40b993f4332e8ed2c6593a4907819fb39bc3dba4d636e3350710a810f7,0.3170795941298959,True,evaluation/exp_ar_pos08_fixed6/self_evolve_h100_r2/test.json
exp_ar_pos08_fixed6,self_evolve_h100_r2,self_evolve,2,horizon_extension,steady,200,test,500,100,evaluation/exp_ar_pos08_fixed6/self_evolve_h100_r2/test.npz,steady_h200,4394eb6c96e3bfcbc157dbdefe32ce75aa0fd3fd3330af5e87c0b07cf91a11fa,64187ba72f0634e64454504c0012dbd29fb282042a8426fb12f786b74dbf4fe3,,True,1000,167.55196731750613,26.749653396516095,70.40115696049502,0.2978560687169676,29.861348214973326,0.4709425000473857,known quoted arrival dates; overtaking allowed,c1614d40b993f4332e8ed2c6593a4907819fb39bc3dba4d636e3350710a810f7,c1614d40b993f4332e8ed2c6593a4907819fb39bc3dba4d636e3350710a810f7,0.3078165980960664,True,evaluation/exp_ar_pos08_fixed6/self_evolve_h100_r2/test.json
exp_ar_pos08_fixed6,self_evolve_h100_r2,self_evolve,2,horizon_extension,steady,500,test,500,100,evaluation/exp_ar_pos08_fixed6/self_evolve_h100_r2/test.npz,steady_h500,4394eb6c96e3bfcbc157dbdefe32ce75aa0fd3fd3330af5e87c0b07cf91a11fa,64187ba72f0634e64454504c0012dbd29fb282042a8426fb12f786b74dbf4fe3,,True,1000,167.17325419625095,27.166767641397232,70.00324327742685,0.2986195530494821,29.803560912515074,0.4709425000473857,known quoted arrival dates; overtaking allowed,c1614d40b993f4332e8ed2c6593a4907819fb39bc3dba4d636e3350710a810f7,c1614d40b993f4332e8ed2c6593a4907819fb39bc3dba4d636e3350710a810f7,0.3025920473627752,True,evaluation/exp_ar_pos08_fixed6/self_evolve_h100_r2/test.json
exp_ar_pos08_fixed6,self_evolve_h100_r2,self_evolve,2,horizon_extension,cold_start,50,test,0,100,evaluation/exp_ar_pos08_fixed6/self_evolve_h100_r2/test.npz,cold_start_h50,4394eb6c96e3bfcbc157dbdefe32ce75aa0fd3fd3330af5e87c0b07cf91a11fa,64187ba72f0634e64454504c0012dbd29fb282042a8426fb12f786b74dbf4fe3,,True,1000,178.50092617626458,31.852127467219958,73.3243993545223,0.26823739553229214,30.967346256042003,0.4709425000473857,known quoted arrival dates; overtaking allowed,c1614d40b993f4332e8ed2c6593a4907819fb39bc3dba4d636e3350710a810f7,c1614d40b993f4332e8ed2c6593a4907819fb39bc3dba4d636e3350710a810f7,0.30244891215516895,True,evaluation/exp_ar_pos08_fixed6/self_evolve_h100_r2/test.json
exp_ar_pos08_fixed6,self_evolve_h100_r2,self_evolve,2,horizon_extension,cold_start,100,test,0,100,evaluation/exp_ar_pos08_fixed6/self_evolve_h100_r2/test.npz,cold_start_h100,4394eb6c96e3bfcbc157dbdefe32ce75aa0fd3fd3330af5e87c0b07cf91a11fa,64187ba72f0634e64454504c0012dbd29fb282042a8426fb12f786b74dbf4fe3,,True,1000,173.0657060878171,29.316897949526787,71.87440406914514,0.2831859522260015,30.444906609799858,0.4709425000473857,known quoted arrival dates; overtaking allowed,c1614d40b993f4332e8ed2c6593a4907819fb39bc3dba4d636e3350710a810f7,c1614d40b993f4332e8ed2c6593a4907819fb39bc3dba4d636e3350710a810f7,0.30116879666702356,True,evaluation/exp_ar_pos08_fixed6/self_evolve_h100_r2/test.json
exp_ar_pos08_fixed6,self_evolve_h100_r2,self_evolve,2,horizon_extension,cold_start,200,test,0,100,evaluation/exp_ar_pos08_fixed6/self_evolve_h100_r2/test.npz,cold_start_h200,4394eb6c96e3bfcbc157dbdefe32ce75aa0fd3fd3330af5e87c0b07cf91a11fa,64187ba72f0634e64454504c0012dbd29fb282042a8426fb12f786b74dbf4fe3,,True,1000,169.46176125192972,28.213419706357694,70.62417077278602,0.291761712204301,30.127640829701125,0.4709425000473857,known quoted arrival dates; overtaking allowed,c1614d40b993f4332e8ed2c6593a4907819fb39bc3dba4d636e3350710a810f7,c1614d40b993f4332e8ed2c6593a4907819fb39bc3dba4d636e3350710a810f7,0.30133763443232614,True,evaluation/exp_ar_pos08_fixed6/self_evolve_h100_r2/test.json
exp_ar_pos08_fixed6,self_evolve_h100_r2,self_evolve,2,horizon_extension,cold_start,500,test,0,100,evaluation/exp_ar_pos08_fixed6/self_evolve_h100_r2/test.npz,cold_start_h500,4394eb6c96e3bfcbc157dbdefe32ce75aa0fd3fd3330af5e87c0b07cf91a11fa,64187ba72f0634e64454504c0012dbd29fb282042a8426fb12f786b74dbf4fe3,,True,1000,168.2985254660773,27.24405174075523,70.52723686266106,0.2954219128813425,29.984947528424843,0.4709425000473857,known quoted arrival dates; overtaking allowed,c1614d40b993f4332e8ed2c6593a4907819fb39bc3dba4d636e3350710a810f7,c1614d40b993f4332e8ed2c6593a4907819fb39bc3dba4d636e3350710a810f7,0.2992650433334645,True,evaluation/exp_ar_pos08_fixed6/self_evolve_h100_r2/test.json
exp_ar_pos08_fixed6,self_evolve_h100_r3,self_evolve,3,horizon_extension,steady,50,test,500,100,evaluation/exp_ar_pos08_fixed6/self_evolve_h100_r3/test.npz,steady_h50,4394eb6c96e3bfcbc157dbdefe32ce75aa0fd3fd3330af5e87c0b07cf91a11fa,27613f7945dd6f4ed93ab38e8491c85b1c837960309360e44732d5518d05b719,,True,1000,165.3921636355553,27.97425369928757,68.70895496813387,0.32162655927047173,32.524143730306456,0.5344489580020308,known quoted arrival dates; overtaking allowed,1f1b226ce70b55ad346af5d6fccafbb9923f866ed14919f7c2b32765373b951e,1f1b226ce70b55ad346af5d6fccafbb9923f866ed14919f7c2b32765373b951e,0.3467677134309158,True,evaluation/exp_ar_pos08_fixed6/self_evolve_h100_r3/test.json
exp_ar_pos08_fixed6,self_evolve_h100_r3,self_evolve,3,horizon_extension,steady,100,test,500,100,evaluation/exp_ar_pos08_fixed6/self_evolve_h100_r3/test.npz,steady_h100,4394eb6c96e3bfcbc157dbdefe32ce75aa0fd3fd3330af5e87c0b07cf91a11fa,27613f7945dd6f4ed93ab38e8491c85b1c837960309360e44732d5518d05b719,,True,1000,164.2620426593155,28.289605769519,67.98621844489826,0.32266555515063855,32.36711654548175,0.5344489580020308,known quoted arrival dates; overtaking allowed,1f1b226ce70b55ad346af5d6fccafbb9923f866ed14919f7c2b32765373b951e,1f1b226ce70b55ad346af5d6fccafbb9923f866ed14919f7c2b32765373b951e,0.33578328877598496,True,evaluation/exp_ar_pos08_fixed6/self_evolve_h100_r3/test.json
exp_ar_pos08_fixed6,self_evolve_h100_r3,self_evolve,3,horizon_extension,steady,200,test,500,100,evaluation/exp_ar_pos08_fixed6/self_evolve_h100_r3/test.npz,steady_h200,4394eb6c96e3bfcbc157dbdefe32ce75aa0fd3fd3330af5e87c0b07cf91a11fa,27613f7945dd6f4ed93ab38e8491c85b1c837960309360e44732d5518d05b719,,True,1000,164.48610521951312,28.640337277078437,67.92288397121735,0.3225730537014676,32.31206245913499,0.5344489580020308,known quoted arrival dates; overtaking allowed,1f1b226ce70b55ad346af5d6fccafbb9923f866ed14919f7c2b32765373b951e,1f1b226ce70b55ad346af5d6fccafbb9923f866ed14919f7c2b32765373b951e,0.3291622621292762,True,evaluation/exp_ar_pos08_fixed6/self_evolve_h100_r3/test.json
exp_ar_pos08_fixed6,self_evolve_h100_r3,self_evolve,3,horizon_extension,steady,500,test,500,100,evaluation/exp_ar_pos08_fixed6/self_evolve_h100_r3/test.npz,steady_h500,4394eb6c96e3bfcbc157dbdefe32ce75aa0fd3fd3330af5e87c0b07cf91a11fa,27613f7945dd6f4ed93ab38e8491c85b1c837960309360e44732d5518d05b719,,True,1000,164.1098793791821,28.947324108358703,67.58127763541171,0.32288584793761,32.21719882921424,0.5344489580020308,known quoted arrival dates; overtaking allowed,1f1b226ce70b55ad346af5d6fccafbb9923f866ed14919f7c2b32765373b951e,1f1b226ce70b55ad346af5d6fccafbb9923f866ed14919f7c2b32765373b951e,0.3254826572018847,True,evaluation/exp_ar_pos08_fixed6/self_evolve_h100_r3/test.json
exp_ar_pos08_fixed6,self_evolve_h100_r3,self_evolve,3,horizon_extension,cold_start,50,test,0,100,evaluation/exp_ar_pos08_fixed6/self_evolve_h100_r3/test.npz,cold_start_h50,4394eb6c96e3bfcbc157dbdefe32ce75aa0fd3fd3330af5e87c0b07cf91a11fa,27613f7945dd6f4ed93ab38e8491c85b1c837960309360e44732d5518d05b719,,True,1000,168.19941971569256,26.589703262032575,70.80485822682998,0.29338190396187186,33.83278168374934,0.5344489580020308,known quoted arrival dates; overtaking allowed,1f1b226ce70b55ad346af5d6fccafbb9923f866ed14919f7c2b32765373b951e,1f1b226ce70b55ad346af5d6fccafbb9923f866ed14919f7c2b32765373b951e,0.3163148372428267,True,evaluation/exp_ar_pos08_fixed6/self_evolve_h100_r3/test.json
exp_ar_pos08_fixed6,self_evolve_h100_r3,self_evolve,3,horizon_extension,cold_start,100,test,0,100,evaluation/exp_ar_pos08_fixed6/self_evolve_h100_r3/test.npz,cold_start_h100,4394eb6c96e3bfcbc157dbdefe32ce75aa0fd3fd3330af5e87c0b07cf91a11fa,27613f7945dd6f4ed93ab38e8491c85b1c837960309360e44732d5518d05b719,,True,1000,166.34415106164212,27.533988403707006,69.40508132896757,0.3078128726376718,33.08515254172781,0.5344489580020308,known quoted arrival dates; overtaking allowed,1f1b226ce70b55ad346af5d6fccafbb9923f866ed14919f7c2b32765373b951e,1f1b226ce70b55ad346af5d6fccafbb9923f866ed14919f7c2b32765373b951e,0.3196964457216023,True,evaluation/exp_ar_pos08_fixed6/self_evolve_h100_r3/test.json
exp_ar_pos08_fixed6,self_evolve_h100_r3,self_evolve,3,horizon_extension,cold_start,200,test,0,100,evaluation/exp_ar_pos08_fixed6/self_evolve_h100_r3/test.npz,cold_start_h200,4394eb6c96e3bfcbc157dbdefe32ce75aa0fd3fd3330af5e87c0b07cf91a11fa,27613f7945dd6f4ed93ab38e8491c85b1c837960309360e44732d5518d05b719,,True,1000,164.45596442552025,28.0754825415357,68.19024094199227,0.31616981890649654,32.63318875618958,0.5344489580020308,known quoted arrival dates; overtaking allowed,1f1b226ce70b55ad346af5d6fccafbb9923f866ed14919f7c2b32765373b951e,1f1b226ce70b55ad346af5d6fccafbb9923f866ed14919f7c2b32765373b951e,0.32249894464917167,True,evaluation/exp_ar_pos08_fixed6/self_evolve_h100_r3/test.json
exp_ar_pos08_fixed6,self_evolve_h100_r3,self_evolve,3,horizon_extension,cold_start,500,test,0,100,evaluation/exp_ar_pos08_fixed6/self_evolve_h100_r3/test.npz,cold_start_h500,4394eb6c96e3bfcbc157dbdefe32ce75aa0fd3fd3330af5e87c0b07cf91a11fa,27613f7945dd6f4ed93ab38e8491c85b1c837960309360e44732d5518d05b719,,True,1000,164.37893630504036,28.221299254123753,68.0788185254583,0.3198819936279039,32.46935399804786,0.5344489580020308,known quoted arrival dates; overtaking allowed,1f1b226ce70b55ad346af5d6fccafbb9923f866ed14919f7c2b32765373b951e,1f1b226ce70b55ad346af5d6fccafbb9923f866ed14919f7c2b32765373b951e,0.3223843954964797,True,evaluation/exp_ar_pos08_fixed6/self_evolve_h100_r3/test.json
exp_ar_pos08_fixed6,self_evolve_h200_r1,self_evolve,1,primary,steady,50,test,500,200,evaluation/exp_ar_pos08_fixed6/self_evolve_h200_r1/test.npz,steady_h50,4394eb6c96e3bfcbc157dbdefe32ce75aa0fd3fd3330af5e87c0b07cf91a11fa,70b2dad127c439a94f9cf9a6c52a350f7c735a279733640bf28652c17ab32220,,True,1000,168.26008070273488,26.050379817492743,71.10485044262107,0.29797153704796825,30.150636391115157,0.46717354096472263,known quoted arrival dates; overtaking allowed,406f42c4d0faf2a4703d7ab1f03fb5e5a40228de50a4ef91c371f643acebe657,406f42c4d0faf2a4703d7ab1f03fb5e5a40228de50a4ef91c371f643acebe657,0.3322608745434958,True,evaluation/exp_ar_pos08_fixed6/self_evolve_h200_r1/test.json
exp_ar_pos08_fixed6,self_evolve_h200_r1,self_evolve,1,primary,steady,100,test,500,200,evaluation/exp_ar_pos08_fixed6/self_evolve_h200_r1/test.npz,steady_h100,4394eb6c96e3bfcbc157dbdefe32ce75aa0fd3fd3330af5e87c0b07cf91a11fa,70b2dad127c439a94f9cf9a6c52a350f7c735a279733640bf28652c17ab32220,,True,1000,167.54355741767478,26.876044181818035,70.33375661792837,0.2992774553038915,30.030696954231008,0.46717354096472263,known quoted arrival dates; overtaking allowed,406f42c4d0faf2a4703d7ab1f03fb5e5a40228de50a4ef91c371f643acebe657,406f42c4d0faf2a4703d7ab1f03fb5e5a40228de50a4ef91c371f643acebe657,0.31786191196022273,True,evaluation/exp_ar_pos08_fixed6/self_evolve_h200_r1/test.json
exp_ar_pos08_fixed6,self_evolve_h200_r1,self_evolve,1,primary,steady,200,test,500,200,evaluation/exp_ar_pos08_fixed6/self_evolve_h200_r1/test.npz,steady_h200,4394eb6c96e3bfcbc157dbdefe32ce75aa0fd3fd3330af5e87c0b07cf91a11fa,70b2dad127c439a94f9cf9a6c52a350f7c735a279733640bf28652c17ab32220,,True,1000,167.59157249078183,27.100530478226933,70.24552100627744,0.2994082994680139,30.016371352438725,0.46717354096472263,known quoted arrival dates; overtaking allowed,406f42c4d0faf2a4703d7ab1f03fb5e5a40228de50a4ef91c371f643acebe657,406f42c4d0faf2a4703d7ab1f03fb5e5a40228de50a4ef91c371f643acebe657,0.3089830517525421,True,evaluation/exp_ar_pos08_fixed6/self_evolve_h200_r1/test.json
exp_ar_pos08_fixed6,self_evolve_h200_r1,self_evolve,1,primary,steady,500,test,500,200,evaluation/exp_ar_pos08_fixed6/self_evolve_h200_r1/test.npz,steady_h500,4394eb6c96e3bfcbc157dbdefe32ce75aa0fd3fd3330af5e87c0b07cf91a11fa,70b2dad127c439a94f9cf9a6c52a350f7c735a279733640bf28652c17ab32220,,True,1000,167.2080546832798,27.503370837083512,69.85234192309815,0.3001314724176328,29.954858918169798,0.46717354096472263,known quoted arrival dates; overtaking allowed,406f42c4d0faf2a4703d7ab1f03fb5e5a40228de50a4ef91c371f643acebe657,406f42c4d0faf2a4703d7ab1f03fb5e5a40228de50a4ef91c371f643acebe657,0.3039505306176068,True,evaluation/exp_ar_pos08_fixed6/self_evolve_h200_r1/test.json
exp_ar_pos08_fixed6,self_evolve_h200_r1,self_evolve,1,primary,cold_start,50,test,0,200,evaluation/exp_ar_pos08_fixed6/self_evolve_h200_r1/test.npz,cold_start_h50,4394eb6c96e3bfcbc157dbdefe32ce75aa0fd3fd3330af5e87c0b07cf91a11fa,70b2dad127c439a94f9cf9a6c52a350f7c735a279733640bf28652c17ab32220,,True,1000,177.75883787070143,31.818384192221252,72.9702268392401,0.2717719652593581,31.37462162734191,0.46717354096472263,known quoted arrival dates; overtaking allowed,406f42c4d0faf2a4703d7ab1f03fb5e5a40228de50a4ef91c371f643acebe657,406f42c4d0faf2a4703d7ab1f03fb5e5a40228de50a4ef91c371f643acebe657,0.30463694684448117,True,evaluation/exp_ar_pos08_fixed6/self_evolve_h200_r1/test.json
exp_ar_pos08_fixed6,self_evolve_h200_r1,self_evolve,1,primary,cold_start,100,test,0,200,evaluation/exp_ar_pos08_fixed6/self_evolve_h200_r1/test.npz,cold_start_h100,4394eb6c96e3bfcbc157dbdefe32ce75aa0fd3fd3330af5e87c0b07cf91a11fa,70b2dad127c439a94f9cf9a6c52a350f7c735a279733640bf28652c17ab32220,,True,1000,172.64263149207153,29.42833779732432,71.60714684737358,0.28585134797315237,30.7280468621624,0.46717354096472263,known quoted arrival dates; overtaking allowed,406f42c4d0faf2a4703d7ab1f03fb5e5a40228de50a4ef91c371f643acebe657,406f42c4d0faf2a4703d7ab1f03fb5e5a40228de50a4ef91c371f643acebe657,0.30309212435333316,True,evaluation/exp_ar_pos08_fixed6/self_evolve_h200_r1/test.json
exp_ar_pos08_fixed6,self_evolve_h200_r1,self_evolve,1,primary,cold_start,200,test,0,200,evaluation/exp_ar_pos08_fixed6/self_evolve_h200_r1/test.npz,cold_start_h200,4394eb6c96e3bfcbc157dbdefe32ce75aa0fd3fd3330af5e87c0b07cf91a11fa,70b2dad127c439a94f9cf9a6c52a350f7c735a279733640bf28652c17ab32220,,True,1000,169.28365997889912,28.4445117575376,70.41957411068076,0.2938134628736906,30.338064298100385,0.46717354096472263,known quoted arrival dates; overtaking allowed,406f42c4d0faf2a4703d7ab1f03fb5e5a40228de50a4ef91c371f643acebe657,406f42c4d0faf2a4703d7ab1f03fb5e5a40228de50a4ef91c371f643acebe657,0.3029952405844245,True,evaluation/exp_ar_pos08_fixed6/self_evolve_h200_r1/test.json
exp_ar_pos08_fixed6,self_evolve_h200_r1,self_evolve,1,primary,cold_start,500,test,0,200,evaluation/exp_ar_pos08_fixed6/self_evolve_h200_r1/test.npz,cold_start_h500,4394eb6c96e3bfcbc157dbdefe32ce75aa0fd3fd3330af5e87c0b07cf91a11fa,70b2dad127c439a94f9cf9a6c52a350f7c735a279733640bf28652c17ab32220,,True,1000,168.23771275237436,27.53888164534186,70.34941555351624,0.29719837547110983,30.165004840350843,0.46717354096472263,known quoted arrival dates; overtaking allowed,406f42c4d0faf2a4703d7ab1f03fb5e5a40228de50a4ef91c371f643acebe657,406f42c4d0faf2a4703d7ab1f03fb5e5a40228de50a4ef91c371f643acebe657,0.3008875337457473,True,evaluation/exp_ar_pos08_fixed6/self_evolve_h200_r1/test.json
exp_ar_pos08_fixed6,self_evolve_h200_r2,self_evolve,2,primary,steady,50,test,500,200,evaluation/exp_ar_pos08_fixed6/self_evolve_h200_r2/test.npz,steady_h50,4394eb6c96e3bfcbc157dbdefe32ce75aa0fd3fd3330af5e87c0b07cf91a11fa,f532720639dd828a4175b9b83fc9c60438484e3356b63ceaea9227dc80b2367c,,True,1000,164.0058360853378,22.50968175684694,70.74807716424544,0.3014940111785134,30.55414505854148,0.4601678338367492,known quoted arrival dates; overtaking allowed,ca5eb144ebc5c1a75f7db8db9b4b26a65ca94dbcedcedbc508a759791246cf55,ca5eb144ebc5c1a75f7db8db9b4b26a65ca94dbcedcedbc508a759791246cf55,0.33238447261093923,True,evaluation/exp_ar_pos08_fixed6/self_evolve_h200_r2/test.json
exp_ar_pos08_fixed6,self_evolve_h200_r2,self_evolve,2,primary,steady,100,test,500,200,evaluation/exp_ar_pos08_fixed6/self_evolve_h200_r2/test.npz,steady_h100,4394eb6c96e3bfcbc157dbdefe32ce75aa0fd3fd3330af5e87c0b07cf91a11fa,f532720639dd828a4175b9b83fc9c60438484e3356b63ceaea9227dc80b2367c,,True,1000,163.28168519726643,23.322970436812444,69.97935738022699,0.3028082710547051,30.40835210876005,0.4601678338367492,known quoted arrival dates; overtaking allowed,ca5eb144ebc5c1a75f7db8db9b4b26a65ca94dbcedcedbc508a759791246cf55,ca5eb144ebc5c1a75f7db8db9b4b26a65ca94dbcedcedbc508a759791246cf55,0.3192712829111922,True,evaluation/exp_ar_pos08_fixed6/self_evolve_h200_r2/test.json
exp_ar_pos08_fixed6,self_evolve_h200_r2,self_evolve,2,primary,steady,200,test,500,200,evaluation/exp_ar_pos08_fixed6/self_evolve_h200_r2/test.npz,steady_h200,4394eb6c96e3bfcbc157dbdefe32ce75aa0fd3fd3330af5e87c0b07cf91a11fa,f532720639dd828a4175b9b83fc9c60438484e3356b63ceaea9227dc80b2367c,,True,1000,163.33086580009984,23.557551986120593,69.88665690698964,0.3029874203283668,30.371964447176456,0.4601678338367492,known quoted arrival dates; overtaking allowed,ca5eb144ebc5c1a75f7db8db9b4b26a65ca94dbcedcedbc508a759791246cf55,ca5eb144ebc5c1a75f7db8db9b4b26a65ca94dbcedcedbc508a759791246cf55,0.3113985968291634,True,evaluation/exp_ar_pos08_fixed6/self_evolve_h200_r2/test.json
exp_ar_pos08_fixed6,self_evolve_h200_r2,self_evolve,2,primary,steady,500,test,500,200,evaluation/exp_ar_pos08_fixed6/self_evolve_h200_r2/test.npz,steady_h500,4394eb6c96e3bfcbc157dbdefe32ce75aa0fd3fd3330af5e87c0b07cf91a11fa,f532720639dd828a4175b9b83fc9c60438484e3356b63ceaea9227dc80b2367c,,True,1000,163.03903113992328,24.015774825046137,69.51162815743858,0.303545171012903,30.295988631332577,0.4601678338367492,known quoted arrival dates; overtaking allowed,ca5eb144ebc5c1a75f7db8db9b4b26a65ca94dbcedcedbc508a759791246cf55,ca5eb144ebc5c1a75f7db8db9b4b26a65ca94dbcedcedbc508a759791246cf55,0.3068858533442812,True,evaluation/exp_ar_pos08_fixed6/self_evolve_h200_r2/test.json
exp_ar_pos08_fixed6,self_evolve_h200_r2,self_evolve,2,primary,cold_start,50,test,0,200,evaluation/exp_ar_pos08_fixed6/self_evolve_h200_r2/test.npz,cold_start_h50,4394eb6c96e3bfcbc157dbdefe32ce75aa0fd3fd3330af5e87c0b07cf91a11fa,f532720639dd828a4175b9b83fc9c60438484e3356b63ceaea9227dc80b2367c,,True,1000,167.95476530963202,23.057141603849036,72.44881185289148,0.2769755808604101,31.87373750070157,0.4601678338367492,known quoted arrival dates; overtaking allowed,ca5eb144ebc5c1a75f7db8db9b4b26a65ca94dbcedcedbc508a759791246cf55,ca5eb144ebc5c1a75f7db8db9b4b26a65ca94dbcedcedbc508a759791246cf55,0.30642802602316316,True,evaluation/exp_ar_pos08_fixed6/self_evolve_h200_r2/test.json
exp_ar_pos08_fixed6,self_evolve_h200_r2,self_evolve,2,primary,cold_start,100,test,0,200,evaluation/exp_ar_pos08_fixed6/self_evolve_h200_r2/test.npz,cold_start_h100,4394eb6c96e3bfcbc157dbdefe32ce75aa0fd3fd3330af5e87c0b07cf91a11fa,f532720639dd828a4175b9b83fc9c60438484e3356b63ceaea9227dc80b2367c,,True,1000,165.64835127941612,23.260513764729797,71.19391875734317,0.28997253274963647,31.12553868695188,0.4601678338367492,known quoted arrival dates; overtaking allowed,ca5eb144ebc5c1a75f7db8db9b4b26a65ca94dbcedcedbc508a759791246cf55,ca5eb144ebc5c1a75f7db8db9b4b26a65ca94dbcedcedbc508a759791246cf55,0.3051609284632375,True,evaluation/exp_ar_pos08_fixed6/self_evolve_h200_r2/test.json
exp_ar_pos08_fixed6,self_evolve_h200_r2,self_evolve,2,primary,cold_start,200,test,0,200,evaluation/exp_ar_pos08_fixed6/self_evolve_h200_r2/test.npz,cold_start_h200,4394eb6c96e3bfcbc157dbdefe32ce75aa0fd3fd3330af5e87c0b07cf91a11fa,f532720639dd828a4175b9b83fc9c60438484e3356b63ceaea9227dc80b2367c,,True,1000,163.5986361863685,23.515476010619782,70.04158008787437,0.29760408917882186,30.70164326547457,0.4601678338367492,known quoted arrival dates; overtaking allowed,ca5eb144ebc5c1a75f7db8db9b4b26a65ca94dbcedcedbc508a759791246cf55,ca5eb144ebc5c1a75f7db8db9b4b26a65ca94dbcedcedbc508a759791246cf55,0.3057259132091462,True,evaluation/exp_ar_pos08_fixed6/self_evolve_h200_r2/test.json
exp_ar_pos08_fixed6,self_evolve_h200_r2,self_evolve,2,primary,cold_start,500,test,0,200,evaluation/exp_ar_pos08_fixed6/self_evolve_h200_r2/test.npz,cold_start_h500,4394eb6c96e3bfcbc157dbdefe32ce75aa0fd3fd3330af5e87c0b07cf91a11fa,f532720639dd828a4175b9b83fc9c60438484e3356b63ceaea9227dc80b2367c,,True,1000,163.39584357037555,23.422273383510902,69.98678509343233,0.3008211102791448,30.52260176049033,0.4601678338367492,known quoted arrival dates; overtaking allowed,ca5eb144ebc5c1a75f7db8db9b4b26a65ca94dbcedcedbc508a759791246cf55,ca5eb144ebc5c1a75f7db8db9b4b26a65ca94dbcedcedbc508a759791246cf55,0.3040521559977606,True,evaluation/exp_ar_pos08_fixed6/self_evolve_h200_r2/test.json
exp_ar_pos08_fixed6,self_evolve_h200_r3,self_evolve,3,primary,steady,50,test,500,200,evaluation/exp_ar_pos08_fixed6/self_evolve_h200_r3/test.npz,steady_h50,4394eb6c96e3bfcbc157dbdefe32ce75aa0fd3fd3330af5e87c0b07cf91a11fa,87d97e37c31a954bf74a1043eda5ae449e9c93b9fcef93ea1284f75a7ce0ad26,,True,1000,168.25488067055556,26.049587748013465,71.10264646127105,0.2979932972743088,30.15337383088589,0.4707373329438269,known quoted arrival dates; overtaking allowed,3f35e229f4ad2cf1f845e54aca4847d4a27f0f5de2dcac0d858ae650eacd13c3,3f35e229f4ad2cf1f845e54aca4847d4a27f0f5de2dcac0d858ae650eacd13c3,0.3322802502125952,True,evaluation/exp_ar_pos08_fixed6/self_evolve_h200_r3/test.json
exp_ar_pos08_fixed6,self_evolve_h200_r3,self_evolve,3,primary,steady,100,test,500,200,evaluation/exp_ar_pos08_fixed6/self_evolve_h200_r3/test.npz,steady_h100,4394eb6c96e3bfcbc157dbdefe32ce75aa0fd3fd3330af5e87c0b07cf91a11fa,87d97e37c31a954bf74a1043eda5ae449e9c93b9fcef93ea1284f75a7ce0ad26,,True,1000,167.53963806706918,26.876610931314534,70.33151356787732,0.29929980240740517,30.033265423165588,0.4707373329438269,known quoted arrival dates; overtaking allowed,3f35e229f4ad2cf1f845e54aca4847d4a27f0f5de2dcac0d858ae650eacd13c3,3f35e229f4ad2cf1f845e54aca4847d4a27f0f5de2dcac0d858ae650eacd13c3,0.3178827521914637,True,evaluation/exp_ar_pos08_fixed6/self_evolve_h200_r3/test.json
exp_ar_pos08_fixed6,self_evolve_h200_r3,self_evolve,3,primary,steady,200,test,500,200,evaluation/exp_ar_pos08_fixed6/self_evolve_h200_r3/test.npz,steady_h200,4394eb6c96e3bfcbc157dbdefe32ce75aa0fd3fd3330af5e87c0b07cf91a11fa,87d97e37c31a954bf74a1043eda5ae449e9c93b9fcef93ea1284f75a7ce0ad26,,True,1000,167.58962636979638,27.103637255694462,70.24299455705096,0.2994334969373263,30.018907190216993,0.4707373329438269,known quoted arrival dates; overtaking allowed,3f35e229f4ad2cf1f845e54aca4847d4a27f0f5de2dcac0d858ae650eacd13c3,3f35e229f4ad2cf1f845e54aca4847d4a27f0f5de2dcac0d858ae650eacd13c3,0.30900615845023605,True,evaluation/exp_ar_pos08_fixed6/self_evolve_h200_r3/test.json
exp_ar_pos08_fixed6,self_evolve_h200_r3,self_evolve,3,primary,steady,500,test,500,200,evaluation/exp_ar_pos08_fixed6/self_evolve_h200_r3/test.npz,steady_h500,4394eb6c96e3bfcbc157dbdefe32ce75aa0fd3fd3330af5e87c0b07cf91a11fa,87d97e37c31a954bf74a1043eda5ae449e9c93b9fcef93ea1284f75a7ce0ad26,,True,1000,167.20422589596345,27.504661316718188,69.84978228962262,0.3001571180418502,29.9573951507919,0.4707373329438269,known quoted arrival dates; overtaking allowed,3f35e229f4ad2cf1f845e54aca4847d4a27f0f5de2dcac0d858ae650eacd13c3,3f35e229f4ad2cf1f845e54aca4847d4a27f0f5de2dcac0d858ae650eacd13c3,0.3039755170783842,True,evaluation/exp_ar_pos08_fixed6/self_evolve_h200_r3/test.json
exp_ar_pos08_fixed6,self_evolve_h200_r3,self_evolve,3,primary,cold_start,50,test,0,200,evaluation/exp_ar_pos08_fixed6/self_evolve_h200_r3/test.npz,cold_start_h50,4394eb6c96e3bfcbc157dbdefe32ce75aa0fd3fd3330af5e87c0b07cf91a11fa,87d97e37c31a954bf74a1043eda5ae449e9c93b9fcef93ea1284f75a7ce0ad26,,True,1000,177.7143391943364,31.835794393114774,72.93927240061079,0.27208088426627286,31.406972058540433,0.4707373329438269,known quoted arrival dates; overtaking allowed,3f35e229f4ad2cf1f845e54aca4847d4a27f0f5de2dcac0d858ae650eacd13c3,3f35e229f4ad2cf1f845e54aca4847d4a27f0f5de2dcac0d858ae650eacd13c3,0.3049665389818542,True,evaluation/exp_ar_pos08_fixed6/self_evolve_h200_r3/test.json
exp_ar_pos08_fixed6,self_evolve_h200_r3,self_evolve,3,primary,cold_start,100,test,0,200,evaluation/exp_ar_pos08_fixed6/self_evolve_h200_r3/test.npz,cold_start_h100,4394eb6c96e3bfcbc157dbdefe32ce75aa0fd3fd3330af5e87c0b07cf91a11fa,87d97e37c31a954bf74a1043eda5ae449e9c93b9fcef93ea1284f75a7ce0ad26,,True,1000,172.6176972743725,29.436452901887463,71.59062218624251,0.28601615085933796,30.744533041053806,0.4707373329438269,known quoted arrival dates; overtaking allowed,3f35e229f4ad2cf1f845e54aca4847d4a27f0f5de2dcac0d858ae650eacd13c3,3f35e229f4ad2cf1f845e54aca4847d4a27f0f5de2dcac0d858ae650eacd13c3,0.30326325513257507,True,evaluation/exp_ar_pos08_fixed6/self_evolve_h200_r3/test.json
exp_ar_pos08_fixed6,self_evolve_h200_r3,self_evolve,3,primary,cold_start,200,test,0,200,evaluation/exp_ar_pos08_fixed6/self_evolve_h200_r3/test.npz,cold_start_h200,4394eb6c96e3bfcbc157dbdefe32ce75aa0fd3fd3330af5e87c0b07cf91a11fa,87d97e37c31a954bf74a1043eda5ae449e9c93b9fcef93ea1284f75a7ce0ad26,,True,1000,169.27042114306215,28.449943741517803,70.41023870077218,0.2939070808894091,30.34760717568418,0.4707373329438269,known quoted arrival dates; overtaking allowed,3f35e229f4ad2cf1f845e54aca4847d4a27f0f5de2dcac0d858ae650eacd13c3,3f35e229f4ad2cf1f845e54aca4847d4a27f0f5de2dcac0d858ae650eacd13c3,0.30309063568195677,True,evaluation/exp_ar_pos08_fixed6/self_evolve_h200_r3/test.json
exp_ar_pos08_fixed6,self_evolve_h200_r3,self_evolve,3,primary,cold_start,500,test,0,200,evaluation/exp_ar_pos08_fixed6/self_evolve_h200_r3/test.npz,cold_start_h500,4394eb6c96e3bfcbc157dbdefe32ce75aa0fd3fd3330af5e87c0b07cf91a11fa,87d97e37c31a954bf74a1043eda5ae449e9c93b9fcef93ea1284f75a7ce0ad26,,True,1000,168.22996598822783,27.541531934989397,70.3442170266192,0.2972503095649419,30.1702231669148,0.4707373329438269,known quoted arrival dates; overtaking allowed,3f35e229f4ad2cf1f845e54aca4847d4a27f0f5de2dcac0d858ae650eacd13c3,3f35e229f4ad2cf1f845e54aca4847d4a27f0f5de2dcac0d858ae650eacd13c3,0.3009395283258951,True,evaluation/exp_ar_pos08_fixed6/self_evolve_h200_r3/test.json
exp_ar_pos08_fixed6,self_evolve_h500_r1,self_evolve,1,horizon_extension,steady,50,test,500,500,evaluation/exp_ar_pos08_fixed6/self_evolve_h500_r1/test.npz,steady_h50,4394eb6c96e3bfcbc157dbdefe32ce75aa0fd3fd3330af5e87c0b07cf91a11fa,902ae78cc750d3991056cef49191814fe4a11796fab03ccb22db67a3a8c78c75,,True,1000,168.1850536038021,23.2915443623712,72.44675462071544,0.2847227231947321,28.809337299359857,0.49615704198367894,known quoted arrival dates; overtaking allowed,a0cec3e38a2b2d1fb2df994394528103b3aff933e9b1024ac42972acf546b4bf,a0cec3e38a2b2d1fb2df994394528103b3aff933e9b1024ac42972acf546b4bf,0.3186888408786603,True,evaluation/exp_ar_pos08_fixed6/self_evolve_h500_r1/test.json
exp_ar_pos08_fixed6,self_evolve_h500_r1,self_evolve,1,horizon_extension,steady,100,test,500,500,evaluation/exp_ar_pos08_fixed6/self_evolve_h500_r1/test.npz,steady_h100,4394eb6c96e3bfcbc157dbdefe32ce75aa0fd3fd3330af5e87c0b07cf91a11fa,902ae78cc750d3991056cef49191814fe4a11796fab03ccb22db67a3a8c78c75,,True,1000,167.36993410200026,24.060564793964364,71.65468465401796,0.2861172872804876,28.709660596415446,0.49615704198367894,known quoted arrival dates; overtaking allowed,a0cec3e38a2b2d1fb2df994394528103b3aff933e9b1024ac42972acf546b4bf,a0cec3e38a2b2d1fb2df994394528103b3aff933e9b1024ac42972acf546b4bf,0.304509767529418,True,evaluation/exp_ar_pos08_fixed6/self_evolve_h500_r1/test.json
exp_ar_pos08_fixed6,self_evolve_h500_r1,self_evolve,1,horizon_extension,steady,200,test,500,500,evaluation/exp_ar_pos08_fixed6/self_evolve_h500_r1/test.npz,steady_h200,4394eb6c96e3bfcbc157dbdefe32ce75aa0fd3fd3330af5e87c0b07cf91a11fa,902ae78cc750d3991056cef49191814fe4a11796fab03ccb22db67a3a8c78c75,,True,1000,167.41579347518126,24.278641602297213,71.56857593644204,0.2862128488521888,28.693605679895395,0.49615704198367894,known quoted arrival dates; overtaking allowed,a0cec3e38a2b2d1fb2df994394528103b3aff933e9b1024ac42972acf546b4bf,a0cec3e38a2b2d1fb2df994394528103b3aff933e9b1024ac42972acf546b4bf,0.2956995983070789,True,evaluation/exp_ar_pos08_fixed6/self_evolve_h500_r1/test.json
exp_ar_pos08_fixed6,self_evolve_h500_r1,self_evolve,1,horizon_extension,steady,500,test,500,500,evaluation/exp_ar_pos08_fixed6/self_evolve_h500_r1/test.npz,steady_h500,4394eb6c96e3bfcbc157dbdefe32ce75aa0fd3fd3330af5e87c0b07cf91a11fa,902ae78cc750d3991056cef49191814fe4a11796fab03ccb22db67a3a8c78c75,,True,1000,167.00030484764696,24.662845116748414,71.16872986544931,0.2869422440313498,28.638034125326854,0.49615704198367894,known quoted arrival dates; overtaking allowed,a0cec3e38a2b2d1fb2df994394528103b3aff933e9b1024ac42972acf546b4bf,a0cec3e38a2b2d1fb2df994394528103b3aff933e9b1024ac42972acf546b4bf,0.29072359224571664,True,evaluation/exp_ar_pos08_fixed6/self_evolve_h500_r1/test.json
exp_ar_pos08_fixed6,self_evolve_h500_r1,self_evolve,1,horizon_extension,cold_start,50,test,0,500,evaluation/exp_ar_pos08_fixed6/self_evolve_h500_r1/test.npz,cold_start_h50,4394eb6c96e3bfcbc157dbdefe32ce75aa0fd3fd3330af5e87c0b07cf91a11fa,902ae78cc750d3991056cef49191814fe4a11796fab03ccb22db67a3a8c78c75,,True,1000,177.59621792116627,29.075338300333637,74.26043981041632,0.25889590200596446,29.848607727054095,0.49615704198367894,known quoted arrival dates; overtaking allowed,a0cec3e38a2b2d1fb2df994394528103b3aff933e9b1024ac42972acf546b4bf,a0cec3e38a2b2d1fb2df994394528103b3aff933e9b1024ac42972acf546b4bf,0.2915140289345575,True,evaluation/exp_ar_pos08_fixed6/self_evolve_h500_r1/test.json
exp_ar_pos08_fixed6,self_evolve_h500_r1,self_evolve,1,horizon_extension,cold_start,100,test,0,500,evaluation/exp_ar_pos08_fixed6/self_evolve_h500_r1/test.npz,cold_start_h100,4394eb6c96e3bfcbc157dbdefe32ce75aa0fd3fd3330af5e87c0b07cf91a11fa,902ae78cc750d3991056cef49191814fe4a11796fab03ccb22db67a3a8c78c75,,True,1000,172.511339343339,26.67292893222678,72.91920520555607,0.2727659961733697,29.306170358756717,0.49615704198367894,known quoted arrival dates; overtaking allowed,a0cec3e38a2b2d1fb2df994394528103b3aff933e9b1024ac42972acf546b4bf,a0cec3e38a2b2d1fb2df994394528103b3aff933e9b1024ac42972acf546b4bf,0.2898609724100089,True,evaluation/exp_ar_pos08_fixed6/self_evolve_h500_r1/test.json
exp_ar_pos08_fixed6,self_evolve_h500_r1,self_evolve,1,horizon_extension,cold_start,200,test,0,500,evaluation/exp_ar_pos08_fixed6/self_evolve_h500_r1/test.npz,cold_start_h200,4394eb6c96e3bfcbc157dbdefe32ce75aa0fd3fd3330af5e87c0b07cf91a11fa,902ae78cc750d3991056cef49191814fe4a11796fab03ccb22db67a3a8c78c75,,True,1000,169.09641597293088,25.636032808029054,71.73019158245089,0.2806702363549973,28.97350854468614,0.49615704198367894,known quoted arrival dates; overtaking allowed,a0cec3e38a2b2d1fb2df994394528103b3aff933e9b1024ac42972acf546b4bf,a0cec3e38a2b2d1fb2df994394528103b3aff933e9b1024ac42972acf546b4bf,0.2897704333134166,True,evaluation/exp_ar_pos08_fixed6/self_evolve_h500_r1/test.json
exp_ar_pos08_fixed6,self_evolve_h500_r1,self_evolve,1,horizon_extension,cold_start,500,test,0,500,evaluation/exp_ar_pos08_fixed6/self_evolve_h500_r1/test.npz,cold_start_h500,4394eb6c96e3bfcbc157dbdefe32ce75aa0fd3fd3330af5e87c0b07cf91a11fa,902ae78cc750d3991056cef49191814fe4a11796fab03ccb22db67a3a8c78c75,,True,1000,168.05090818650515,24.716147172186087,71.6673805071595,0.2840317001944972,28.825732749222993,0.49615704198367894,known quoted arrival dates; overtaking allowed,a0cec3e38a2b2d1fb2df994394528103b3aff933e9b1024ac42972acf546b4bf,a0cec3e38a2b2d1fb2df994394528103b3aff933e9b1024ac42972acf546b4bf,0.28768639913790356,True,evaluation/exp_ar_pos08_fixed6/self_evolve_h500_r1/test.json
exp_ar_pos08_fixed6,self_evolve_h500_r2,self_evolve,2,horizon_extension,steady,50,test,500,500,evaluation/exp_ar_pos08_fixed6/self_evolve_h500_r2/test.npz,steady_h50,4394eb6c96e3bfcbc157dbdefe32ce75aa0fd3fd3330af5e87c0b07cf91a11fa,f9859de65fdf880bbf0e697287cddc41ddeb511f627d890b36b13e127428710a,,True,1000,168.18490770158408,23.295165918548655,72.44487089151772,0.28474132152529674,28.8112271539552,0.47211337508633733,known quoted arrival dates; overtaking allowed,ffa586906289e063d54c3f30123e882bcdf165972b673fd5015cbfebc1ed26d5,ffa586906289e063d54c3f30123e882bcdf165972b673fd5015cbfebc1ed26d5,0.3187090673509853,True,evaluation/exp_ar_pos08_fixed6/self_evolve_h500_r2/test.json
exp_ar_pos08_fixed6,self_evolve_h500_r2,self_evolve,2,horizon_extension,steady,100,test,500,500,evaluation/exp_ar_pos08_fixed6/self_evolve_h500_r2/test.npz,steady_h100,4394eb6c96e3bfcbc157dbdefe32ce75aa0fd3fd3330af5e87c0b07cf91a11fa,f9859de65fdf880bbf0e697287cddc41ddeb511f627d890b36b13e127428710a,,True,1000,167.36990004672234,24.06427372228357,71.65281316221939,0.286135932616078,28.711532793589736,0.47211337508633733,known quoted arrival dates; overtaking allowed,ffa586906289e063d54c3f30123e882bcdf165972b673fd5015cbfebc1ed26d5,ffa586906289e063d54c3f30123e882bcdf165972b673fd5015cbfebc1ed26d5,0.3045293379577275,True,evaluation/exp_ar_pos08_fixed6/self_evolve_h500_r2/test.json
exp_ar_pos08_fixed6,self_evolve_h500_r2,self_evolve,2,horizon_extension,steady,200,test,500,500,evaluation/exp_ar_pos08_fixed6/self_evolve_h500_r2/test.npz,steady_h200,4394eb6c96e3bfcbc157dbdefe32ce75aa0fd3fd3330af5e87c0b07cf91a11fa,f9859de65fdf880bbf0e697287cddc41ddeb511f627d890b36b13e127428710a,,True,1000,167.41577987308324,24.282368700943433,71.5667055860699,0.28623150273828757,28.695476625469112,0.47211337508633733,known quoted arrival dates; overtaking allowed,ffa586906289e063d54c3f30123e882bcdf165972b673fd5015cbfebc1ed26d5,ffa586906289e063d54c3f30123e882bcdf165972b673fd5015cbfebc1ed26d5,0.29571872833528035,True,evaluation/exp_ar_pos08_fixed6/self_evolve_h500_r2/test.json
exp_ar_pos08_fixed6,self_evolve_h500_r2,self_evolve,2,horizon_extension,steady,500,test,500,500,evaluation/exp_ar_pos08_fixed6/self_evolve_h500_r2/test.npz,steady_h500,4394eb6c96e3bfcbc157dbdefe32ce75aa0fd3fd3330af5e87c0b07cf91a11fa,f9859de65fdf880bbf0e697287cddc41ddeb511f627d890b36b13e127428710a,,True,1000,167.00034282744784,24.66661343757288,71.16686469493747,0.2869609316530366,28.6398998073503,0.47211337508633733,known quoted arrival dates; overtaking allowed,ffa586906289e063d54c3f30123e882bcdf165972b673fd5015cbfebc1ed26d5,ffa586906289e063d54c3f30123e882bcdf165972b673fd5015cbfebc1ed26d5,0.2907424746730375,True,evaluation/exp_ar_pos08_fixed6/self_evolve_h500_r2/test.json
exp_ar_pos08_fixed6,self_evolve_h500_r2,self_evolve,2,horizon_extension,cold_start,50,test,0,500,evaluation/exp_ar_pos08_fixed6/self_evolve_h500_r2/test.npz,cold_start_h50,4394eb6c96e3bfcbc157dbdefe32ce75aa0fd3fd3330af5e87c0b07cf91a11fa,f9859de65fdf880bbf0e697287cddc41ddeb511f627d890b36b13e127428710a,,True,1000,177.59685069403648,29.07929422524402,74.25877823439623,0.25891248419697704,29.850574408034486,0.47211337508633733,known quoted arrival dates; overtaking allowed,ffa586906289e063d54c3f30123e882bcdf165972b673fd5015cbfebc1ed26d5,ffa586906289e063d54c3f30123e882bcdf165972b673fd5015cbfebc1ed26d5,0.29153215800557103,True,evaluation/exp_ar_pos08_fixed6/self_evolve_h500_r2/test.json
exp_ar_pos08_fixed6,self_evolve_h500_r2,self_evolve,2,horizon_extension,cold_start,100,test,0,500,evaluation/exp_ar_pos08_fixed6/self_evolve_h500_r2/test.npz,cold_start_h100,4394eb6c96e3bfcbc157dbdefe32ce75aa0fd3fd3330af5e87c0b07cf91a11fa,f9859de65fdf880bbf0e697287cddc41ddeb511f627d890b36b13e127428710a,,True,1000,172.5116505536655,26.676769346174886,72.9174406037453,0.2727835948078638,29.30808650276633,0.47211337508633733,known quoted arrival dates; overtaking allowed,ffa586906289e063d54c3f30123e882bcdf165972b673fd5015cbfebc1ed26d5,ffa586906289e063d54c3f30123e882bcdf165972b673fd5015cbfebc1ed26d5,0.28987943789329834,True,evaluation/exp_ar_pos08_fixed6/self_evolve_h500_r2/test.json
exp_ar_pos08_fixed6,self_evolve_h500_r2,self_evolve,2,horizon_extension,cold_start,200,test,0,500,evaluation/exp_ar_pos08_fixed6/self_evolve_h500_r2/test.npz,cold_start_h200,4394eb6c96e3bfcbc157dbdefe32ce75aa0fd3fd3330af5e87c0b07cf91a11fa,f9859de65fdf880bbf0e697287cddc41ddeb511f627d890b36b13e127428710a,,True,1000,169.09660246267558,25.63984736348956,71.72837754959302,0.28068842796717774,28.975398011882984,0.47211337508633733,known quoted arrival dates; overtaking allowed,ffa586906289e063d54c3f30123e882bcdf165972b673fd5015cbfebc1ed26d5,ffa586906289e063d54c3f30123e882bcdf165972b673fd5015cbfebc1ed26d5,0.2897890912238193,True,evaluation/exp_ar_pos08_fixed6/self_evolve_h500_r2/test.json
exp_ar_pos08_fixed6,self_evolve_h500_r2,self_evolve,2,horizon_extension,cold_start,500,test,0,500,evaluation/exp_ar_pos08_fixed6/self_evolve_h500_r2/test.npz,cold_start_h500,4394eb6c96e3bfcbc157dbdefe32ce75aa0fd3fd3330af5e87c0b07cf91a11fa,f9859de65fdf880bbf0e697287cddc41ddeb511f627d890b36b13e127428710a,,True,1000,168.0509848491575,24.71991873139159,71.66553305888294,0.28405015649068377,28.827609725019347,0.47211337508633733,known quoted arrival dates; overtaking allowed,ffa586906289e063d54c3f30123e882bcdf165972b673fd5015cbfebc1ed26d5,ffa586906289e063d54c3f30123e882bcdf165972b673fd5015cbfebc1ed26d5,0.28770504194295715,True,evaluation/exp_ar_pos08_fixed6/self_evolve_h500_r2/test.json
exp_ar_pos08_fixed6,self_evolve_h500_r3,self_evolve,3,horizon_extension,steady,50,test,500,500,evaluation/exp_ar_pos08_fixed6/self_evolve_h500_r3/test.npz,steady_h50,4394eb6c96e3bfcbc157dbdefe32ce75aa0fd3fd3330af5e87c0b07cf91a11fa,a4ab68ef3baebb7563b01db2e0b5c2e2a60f117b27003fd44f4bfbb6332a5989,,True,1000,163.79048673654887,22.993419438980204,70.39853364878434,0.30494510481511444,30.89585652811744,0.47672254079952836,known quoted arrival dates; overtaking allowed,0b0c0d845e84ea9aa93e46f2830f8a26fa86574800e7f57f15a99620b00a5889,0b0c0d845e84ea9aa93e46f2830f8a26fa86574800e7f57f15a99620b00a5889,0.33518312833160735,True,evaluation/exp_ar_pos08_fixed6/self_evolve_h500_r3/test.json
exp_ar_pos08_fixed6,self_evolve_h500_r3,self_evolve,3,horizon_extension,steady,100,test,500,500,evaluation/exp_ar_pos08_fixed6/self_evolve_h500_r3/test.npz,steady_h100,4394eb6c96e3bfcbc157dbdefe32ce75aa0fd3fd3330af5e87c0b07cf91a11fa,a4ab68ef3baebb7563b01db2e0b5c2e2a60f117b27003fd44f4bfbb6332a5989,,True,1000,163.0357758840235,23.75692351095238,69.63942618653556,0.3061949442898486,30.74000994092522,0.47672254079952836,known quoted arrival dates; overtaking allowed,0b0c0d845e84ea9aa93e46f2830f8a26fa86574800e7f57f15a99620b00a5889,0b0c0d845e84ea9aa93e46f2830f8a26fa86574800e7f57f15a99620b00a5889,0.322285539869274,True,evaluation/exp_ar_pos08_fixed6/self_evolve_h500_r3/test.json
exp_ar_pos08_fixed6,self_evolve_h500_r3,self_evolve,3,horizon_extension,steady,200,test,500,500,evaluation/exp_ar_pos08_fixed6/self_evolve_h500_r3/test.npz,steady_h200,4394eb6c96e3bfcbc157dbdefe32ce75aa0fd3fd3330af5e87c0b07cf91a11fa,a4ab68ef3baebb7563b01db2e0b5c2e2a60f117b27003fd44f4bfbb6332a5989,,True,1000,163.1140317266382,24.003112241439926,69.55545974259913,0.3062906058025123,30.696619487167222,0.47672254079952836,known quoted arrival dates; overtaking allowed,0b0c0d845e84ea9aa93e46f2830f8a26fa86574800e7f57f15a99620b00a5889,0b0c0d845e84ea9aa93e46f2830f8a26fa86574800e7f57f15a99620b00a5889,0.314501036665291,True,evaluation/exp_ar_pos08_fixed6/self_evolve_h500_r3/test.json
exp_ar_pos08_fixed6,self_evolve_h500_r3,self_evolve,3,horizon_extension,steady,500,test,500,500,evaluation/exp_ar_pos08_fixed6/self_evolve_h500_r3/test.npz,steady_h500,4394eb6c96e3bfcbc157dbdefe32ce75aa0fd3fd3330af5e87c0b07cf91a11fa,a4ab68ef3baebb7563b01db2e0b5c2e2a60f117b27003fd44f4bfbb6332a5989,,True,1000,162.798135989565,24.421500655124955,69.18831766722002,0.3067845017284044,30.61691881202633,0.47672254079952836,known quoted arrival dates; overtaking allowed,0b0c0d845e84ea9aa93e46f2830f8a26fa86574800e7f57f15a99620b00a5889,0b0c0d845e84ea9aa93e46f2830f8a26fa86574800e7f57f15a99620b00a5889,0.3100422002772872,True,evaluation/exp_ar_pos08_fixed6/self_evolve_h500_r3/test.json
exp_ar_pos08_fixed6,self_evolve_h500_r3,self_evolve,3,horizon_extension,cold_start,50,test,0,500,evaluation/exp_ar_pos08_fixed6/self_evolve_h500_r3/test.npz,cold_start_h50,4394eb6c96e3bfcbc157dbdefe32ce75aa0fd3fd3330af5e87c0b07cf91a11fa,a4ab68ef3baebb7563b01db2e0b5c2e2a60f117b27003fd44f4bfbb6332a5989,,True,1000,167.45273064457058,23.104142502465287,72.17429407105266,0.2797152125352612,32.188949672241954,0.47672254079952836,known quoted arrival dates; overtaking allowed,0b0c0d845e84ea9aa93e46f2830f8a26fa86574800e7f57f15a99620b00a5889,0b0c0d845e84ea9aa93e46f2830f8a26fa86574800e7f57f15a99620b00a5889,0.3083896771971828,True,evaluation/exp_ar_pos08_fixed6/self_evolve_h500_r3/test.json
exp_ar_pos08_fixed6,self_evolve_h500_r3,self_evolve,3,horizon_extension,cold_start,100,test,0,500,evaluation/exp_ar_pos08_fixed6/self_evolve_h500_r3/test.npz,cold_start_h100,4394eb6c96e3bfcbc157dbdefe32ce75aa0fd3fd3330af5e87c0b07cf91a11fa,a4ab68ef3baebb7563b01db2e0b5c2e2a60f117b27003fd44f4bfbb6332a5989,,True,1000,165.28406258716802,23.493996616271538,70.89503298544824,0.2929533646987675,31.451420946960894,0.47672254079952836,known quoted arrival dates; overtaking allowed,0b0c0d845e84ea9aa93e46f2830f8a26fa86574800e7f57f15a99620b00a5889,0b0c0d845e84ea9aa93e46f2830f8a26fa86574800e7f57f15a99620b00a5889,0.3078016062752762,True,evaluation/exp_ar_pos08_fixed6/self_evolve_h500_r3/test.json
exp_ar_pos08_fixed6,self_evolve_h500_r3,self_evolve,3,horizon_extension,cold_start,200,test,0,500,evaluation/exp_ar_pos08_fixed6/self_evolve_h500_r3/test.npz,cold_start_h200,4394eb6c96e3bfcbc157dbdefe32ce75aa0fd3fd3330af5e87c0b07cf91a11fa,a4ab68ef3baebb7563b01db2e0b5c2e2a60f117b27003fd44f4bfbb6332a5989,,True,1000,163.25869720865106,23.808944998254532,69.72487610519825,0.30078008238305,31.02937345549658,0.47672254079952836,known quoted arrival dates; overtaking allowed,0b0c0d845e84ea9aa93e46f2830f8a26fa86574800e7f57f15a99620b00a5889,0b0c0d845e84ea9aa93e46f2830f8a26fa86574800e7f57f15a99620b00a5889,0.3087223466149741,True,evaluation/exp_ar_pos08_fixed6/self_evolve_h500_r3/test.json
exp_ar_pos08_fixed6,self_evolve_h500_r3,self_evolve,3,horizon_extension,cold_start,500,test,0,500,evaluation/exp_ar_pos08_fixed6/self_evolve_h500_r3/test.npz,cold_start_h500,4394eb6c96e3bfcbc157dbdefe32ce75aa0fd3fd3330af5e87c0b07cf91a11fa,a4ab68ef3baebb7563b01db2e0b5c2e2a60f117b27003fd44f4bfbb6332a5989,,True,1000,163.09623861375667,23.77774153494599,69.65924853940535,0.3040932514966885,30.85610861874996,0.47672254079952836,known quoted arrival dates; overtaking allowed,0b0c0d845e84ea9aa93e46f2830f8a26fa86574800e7f57f15a99620b00a5889,0b0c0d845e84ea9aa93e46f2830f8a26fa86574800e7f57f15a99620b00a5889,0.30724715327553165,True,evaluation/exp_ar_pos08_fixed6/self_evolve_h500_r3/test.json
exp_ar_pos08_fixed6,self_evolve_h50_r1,self_evolve,1,horizon_extension,steady,50,test,500,50,evaluation/exp_ar_pos08_fixed6/self_evolve_h50_r1/test.npz,steady_h50,4394eb6c96e3bfcbc157dbdefe32ce75aa0fd3fd3330af5e87c0b07cf91a11fa,cc37dc3c0124103545667be5b98a6d98dca17957062d85ce31a70c10781b4939,,True,1000,164.67744296712542,25.08612337408173,69.79565979652185,0.310897365472766,31.51862759609975,0.4660701658576727,known quoted arrival dates; overtaking allowed,21fc631dcd1cfc9d41dfd0466063307dd2dd949a241bb1c3ae326b86ea721348,21fc631dcd1cfc9d41dfd0466063307dd2dd949a241bb1c3ae326b86ea721348,0.3442648771030752,True,evaluation/exp_ar_pos08_fixed6/self_evolve_h50_r1/test.json
exp_ar_pos08_fixed6,self_evolve_h50_r1,self_evolve,1,horizon_extension,steady,100,test,500,50,evaluation/exp_ar_pos08_fixed6/self_evolve_h50_r1/test.npz,steady_h100,4394eb6c96e3bfcbc157dbdefe32ce75aa0fd3fd3330af5e87c0b07cf91a11fa,cc37dc3c0124103545667be5b98a6d98dca17957062d85ce31a70c10781b4939,,True,1000,164.12882175275575,26.054883440423993,69.03696915616588,0.31219711513483794,31.35282926594725,0.4660701658576727,known quoted arrival dates; overtaking allowed,21fc631dcd1cfc9d41dfd0466063307dd2dd949a241bb1c3ae326b86ea721348,21fc631dcd1cfc9d41dfd0466063307dd2dd949a241bb1c3ae326b86ea721348,0.330125274191966,True,evaluation/exp_ar_pos08_fixed6/self_evolve_h50_r1/test.json
exp_ar_pos08_fixed6,self_evolve_h50_r1,self_evolve,1,horizon_extension,steady,200,test,500,50,evaluation/exp_ar_pos08_fixed6/self_evolve_h50_r1/test.npz,steady_h200,4394eb6c96e3bfcbc157dbdefe32ce75aa0fd3fd3330af5e87c0b07cf91a11fa,cc37dc3c0124103545667be5b98a6d98dca17957062d85ce31a70c10781b4939,,True,1000,164.19120247061764,26.304181722075658,68.94351037427097,0.31239386537628894,31.31676903454015,0.4660701658576727,known quoted arrival dates; overtaking allowed,21fc631dcd1cfc9d41dfd0466063307dd2dd949a241bb1c3ae326b86ea721348,21fc631dcd1cfc9d41dfd0466063307dd2dd949a241bb1c3ae326b86ea721348,0.32159442137367383,True,evaluation/exp_ar_pos08_fixed6/self_evolve_h50_r1/test.json
exp_ar_pos08_fixed6,self_evolve_h50_r1,self_evolve,1,horizon_extension,steady,500,test,500,50,evaluation/exp_ar_pos08_fixed6/self_evolve_h50_r1/test.npz,steady_h500,4394eb6c96e3bfcbc157dbdefe32ce75aa0fd3fd3330af5e87c0b07cf91a11fa,cc37dc3c0124103545667be5b98a6d98dca17957062d85ce31a70c10781b4939,,True,1000,163.95933105733903,26.810405525289855,68.57446276602461,0.31293487140851955,31.235495545269785,0.4660701658576727,known quoted arrival dates; overtaking allowed,21fc631dcd1cfc9d41dfd0466063307dd2dd949a241bb1c3ae326b86ea721348,21fc631dcd1cfc9d41dfd0466063307dd2dd949a241bb1c3ae326b86ea721348,0.31659207415494156,True,evaluation/exp_ar_pos08_fixed6/self_evolve_h50_r1/test.json
exp_ar_pos08_fixed6,self_evolve_h50_r1,self_evolve,1,horizon_extension,cold_start,50,test,0,50,evaluation/exp_ar_pos08_fixed6/self_evolve_h50_r1/test.npz,cold_start_h50,4394eb6c96e3bfcbc157dbdefe32ce75aa0fd3fd3330af5e87c0b07cf91a11fa,cc37dc3c0124103545667be5b98a6d98dca17957062d85ce31a70c10781b4939,,True,1000,170.56779834174395,27.495153649913988,71.53632234591498,0.28608204070259896,32.95626545154434,0.4660701658576727,known quoted arrival dates; overtaking allowed,21fc631dcd1cfc9d41dfd0466063307dd2dd949a241bb1c3ae326b86ea721348,21fc631dcd1cfc9d41dfd0466063307dd2dd949a241bb1c3ae326b86ea721348,0.317883218120769,True,evaluation/exp_ar_pos08_fixed6/self_evolve_h50_r1/test.json
exp_ar_pos08_fixed6,self_evolve_h50_r1,self_evolve,1,horizon_extension,cold_start,100,test,0,50,evaluation/exp_ar_pos08_fixed6/self_evolve_h50_r1/test.npz,cold_start_h100,4394eb6c96e3bfcbc157dbdefe32ce75aa0fd3fd3330af5e87c0b07cf91a11fa,cc37dc3c0124103545667be5b98a6d98dca17957062d85ce31a70c10781b4939,,True,1000,167.40239484714056,26.871425399363176,70.26548472388869,0.299231942496831,32.133917119262065,0.4660701658576727,known quoted arrival dates; overtaking allowed,21fc631dcd1cfc9d41dfd0466063307dd2dd949a241bb1c3ae326b86ea721348,21fc631dcd1cfc9d41dfd0466063307dd2dd949a241bb1c3ae326b86ea721348,0.3158255445620847,True,evaluation/exp_ar_pos08_fixed6/self_evolve_h50_r1/test.json
exp_ar_pos08_fixed6,self_evolve_h50_r1,self_evolve,1,horizon_extension,cold_start,200,test,0,50,evaluation/exp_ar_pos08_fixed6/self_evolve_h50_r1/test.npz,cold_start_h200,4394eb6c96e3bfcbc157dbdefe32ce75aa0fd3fd3330af5e87c0b07cf91a11fa,cc37dc3c0124103545667be5b98a6d98dca17957062d85ce31a70c10781b4939,,True,1000,164.97766548338663,26.763958985847022,69.10685324876981,0.30697778275766663,31.682019175564193,0.4660701658576727,known quoted arrival dates; overtaking allowed,21fc631dcd1cfc9d41dfd0466063307dd2dd949a241bb1c3ae326b86ea721348,21fc631dcd1cfc9d41dfd0466063307dd2dd949a241bb1c3ae326b86ea721348,0.31585083787049,True,evaluation/exp_ar_pos08_fixed6/self_evolve_h50_r1/test.json
exp_ar_pos08_fixed6,self_evolve_h50_r1,self_evolve,1,horizon_extension,cold_start,500,test,0,50,evaluation/exp_ar_pos08_fixed6/self_evolve_h50_r1/test.npz,cold_start_h500,4394eb6c96e3bfcbc157dbdefe32ce75aa0fd3fd3330af5e87c0b07cf91a11fa,cc37dc3c0124103545667be5b98a6d98dca17957062d85ce31a70c10781b4939,,True,1000,164.4890904540555,26.395316819461033,69.04688681729723,0.31021084053009684,31.478899553901698,0.4660701658576727,known quoted arrival dates; overtaking allowed,21fc631dcd1cfc9d41dfd0466063307dd2dd949a241bb1c3ae326b86ea721348,21fc631dcd1cfc9d41dfd0466063307dd2dd949a241bb1c3ae326b86ea721348,0.31375516782378315,True,evaluation/exp_ar_pos08_fixed6/self_evolve_h50_r1/test.json
exp_ar_pos08_fixed6,self_evolve_h50_r2,self_evolve,2,horizon_extension,steady,50,test,500,50,evaluation/exp_ar_pos08_fixed6/self_evolve_h50_r2/test.npz,steady_h50,4394eb6c96e3bfcbc157dbdefe32ce75aa0fd3fd3330af5e87c0b07cf91a11fa,570aec1cf3e675ce55a23e7ace2019b19e97f15c25b3bea4f9a10c7daba837c7,,True,1000,168.4403058152409,21.681583102629457,73.37936135630571,0.27551496213413484,27.885038739393934,0.4586629578843713,known quoted arrival dates; overtaking allowed,64ac6c5300621192e314f5f12b0ea88e64ec55c222b9c9ca84db1677845b3899,64ac6c5300621192e314f5f12b0ea88e64ec55c222b9c9ca84db1677845b3899,0.30567900496866435,True,evaluation/exp_ar_pos08_fixed6/self_evolve_h50_r2/test.json
exp_ar_pos08_fixed6,self_evolve_h50_r2,self_evolve,2,horizon_extension,steady,100,test,500,50,evaluation/exp_ar_pos08_fixed6/self_evolve_h50_r2/test.npz,steady_h100,4394eb6c96e3bfcbc157dbdefe32ce75aa0fd3fd3330af5e87c0b07cf91a11fa,570aec1cf3e675ce55a23e7ace2019b19e97f15c25b3bea4f9a10c7daba837c7,,True,1000,167.33033781178702,22.201908535971725,72.56421463790765,0.2770558039269006,27.821543502566133,0.4586629578843713,known quoted arrival dates; overtaking allowed,64ac6c5300621192e314f5f12b0ea88e64ec55c222b9c9ca84db1677845b3899,64ac6c5300621192e314f5f12b0ea88e64ec55c222b9c9ca84db1677845b3899,0.2931996572490251,True,evaluation/exp_ar_pos08_fixed6/self_evolve_h50_r2/test.json
exp_ar_pos08_fixed6,self_evolve_h50_r2,self_evolve,2,horizon_extension,steady,200,test,500,50,evaluation/exp_ar_pos08_fixed6/self_evolve_h50_r2/test.npz,steady_h200,4394eb6c96e3bfcbc157dbdefe32ce75aa0fd3fd3330af5e87c0b07cf91a11fa,570aec1cf3e675ce55a23e7ace2019b19e97f15c25b3bea4f9a10c7daba837c7,,True,1000,167.40075520337254,22.466704500480404,72.46702535144607,0.277252189233145,27.789489997733412,0.4586629578843713,known quoted arrival dates; overtaking allowed,64ac6c5300621192e314f5f12b0ea88e64ec55c222b9c9ca84db1677845b3899,64ac6c5300621192e314f5f12b0ea88e64ec55c222b9c9ca84db1677845b3899,0.2854104478431444,True,evaluation/exp_ar_pos08_fixed6/self_evolve_h50_r2/test.json
exp_ar_pos08_fixed6,self_evolve_h50_r2,self_evolve,2,horizon_extension,steady,500,test,500,50,evaluation/exp_ar_pos08_fixed6/self_evolve_h50_r2/test.npz,steady_h500,4394eb6c96e3bfcbc157dbdefe32ce75aa0fd3fd3330af5e87c0b07cf91a11fa,570aec1cf3e675ce55a23e7ace2019b19e97f15c25b3bea4f9a10c7daba837c7,,True,1000,167.03777052625293,22.931104634499647,72.05333294587663,0.2780791789092798,27.751485004771755,0.4586629578843713,known quoted arrival dates; overtaking allowed,64ac6c5300621192e314f5f12b0ea88e64ec55c222b9c9ca84db1677845b3899,64ac6c5300621192e314f5f12b0ea88e64ec55c222b9c9ca84db1677845b3899,0.28134125132877164,True,evaluation/exp_ar_pos08_fixed6/self_evolve_h50_r2/test.json
exp_ar_pos08_fixed6,self_evolve_h50_r2,self_evolve,2,horizon_extension,cold_start,50,test,0,50,evaluation/exp_ar_pos08_fixed6/self_evolve_h50_r2/test.npz,cold_start_h50,4394eb6c96e3bfcbc157dbdefe32ce75aa0fd3fd3330af5e87c0b07cf91a11fa,570aec1cf3e675ce55a23e7ace2019b19e97f15c25b3bea4f9a10c7daba837c7,,True,1000,173.79469182989288,26.191603182897882,73.8015443234975,0.26347558570801,30.188947606362234,0.4586629578843713,known quoted arrival dates; overtaking allowed,64ac6c5300621192e314f5f12b0ea88e64ec55c222b9c9ca84db1677845b3899,64ac6c5300621192e314f5f12b0ea88e64ec55c222b9c9ca84db1677845b3899,0.294447369102607,True,evaluation/exp_ar_pos08_fixed6/self_evolve_h50_r2/test.json
exp_ar_pos08_fixed6,self_evolve_h50_r2,self_evolve,2,horizon_extension,cold_start,100,test,0,50,evaluation/exp_ar_pos08_fixed6/self_evolve_h50_r2/test.npz,cold_start_h100,4394eb6c96e3bfcbc157dbdefe32ce75aa0fd3fd3330af5e87c0b07cf91a11fa,570aec1cf3e675ce55a23e7ace2019b19e97f15c25b3bea4f9a10c7daba837c7,,True,1000,170.2811525281013,23.949491884777398,73.16583032166196,0.27030636746342557,28.987252051095478,0.4586629578843713,known quoted arrival dates; overtaking allowed,64ac6c5300621192e314f5f12b0ea88e64ec55c222b9c9ca84db1677845b3899,64ac6c5300621192e314f5f12b0ea88e64ec55c222b9c9ca84db1677845b3899,0.2854711290610866,True,evaluation/exp_ar_pos08_fixed6/self_evolve_h50_r2/test.json
exp_ar_pos08_fixed6,self_evolve_h50_r2,self_evolve,2,horizon_extension,cold_start,200,test,0,50,evaluation/exp_ar_pos08_fixed6/self_evolve_h50_r2/test.npz,cold_start_h200,4394eb6c96e3bfcbc157dbdefe32ce75aa0fd3fd3330af5e87c0b07cf91a11fa,570aec1cf3e675ce55a23e7ace2019b19e97f15c25b3bea4f9a10c7daba837c7,,True,1000,167.9959365416518,23.40138232685174,72.29727710740002,0.27498334931860535,28.36197111581832,0.4586629578843713,known quoted arrival dates; overtaking allowed,64ac6c5300621192e314f5f12b0ea88e64ec55c222b9c9ca84db1677845b3899,64ac6c5300621192e314f5f12b0ea88e64ec55c222b9c9ca84db1677845b3899,0.2829419021846331,True,evaluation/exp_ar_pos08_fixed6/self_evolve_h50_r2/test.json
exp_ar_pos08_fixed6,self_evolve_h50_r2,self_evolve,2,horizon_extension,cold_start,500,test,0,50,evaluation/exp_ar_pos08_fixed6/self_evolve_h50_r2/test.npz,cold_start_h500,4394eb6c96e3bfcbc157dbdefe32ce75aa0fd3fd3330af5e87c0b07cf91a11fa,570aec1cf3e675ce55a23e7ace2019b19e97f15c25b3bea4f9a10c7daba837c7,,True,1000,167.51752595935704,22.605479814038567,72.4560230726592,0.27615303806425984,28.02278600655924,0.4586629578843713,known quoted arrival dates; overtaking allowed,64ac6c5300621192e314f5f12b0ea88e64ec55c222b9c9ca84db1677845b3899,64ac6c5300621192e314f5f12b0ea88e64ec55c222b9c9ca84db1677845b3899,0.2793105443794022,True,evaluation/exp_ar_pos08_fixed6/self_evolve_h50_r2/test.json
exp_ar_pos08_fixed6,self_evolve_h50_r3,self_evolve,3,horizon_extension,steady,50,test,500,50,evaluation/exp_ar_pos08_fixed6/self_evolve_h50_r3/test.npz,steady_h50,4394eb6c96e3bfcbc157dbdefe32ce75aa0fd3fd3330af5e87c0b07cf91a11fa,c0a5d8d30cf71c94d890bec46330b18ef6f3e8d1c68847af8b6aae4e2c834362,,True,1000,163.90853452060543,22.454955298416316,70.72678961109456,0.30170418626678774,30.576018248406807,0.47891649999655783,known quoted arrival dates; overtaking allowed,726612f053110d0c9fbc47d474a295a3533596e0611c376bcb2dc1df11833fd6,726612f053110d0c9fbc47d474a295a3533596e0611c376bcb2dc1df11833fd6,0.3323430754897662,True,evaluation/exp_ar_pos08_fixed6/self_evolve_h50_r3/test.json
exp_ar_pos08_fixed6,self_evolve_h50_r3,self_evolve,3,horizon_extension,steady,100,test,500,50,evaluation/exp_ar_pos08_fixed6/self_evolve_h50_r3/test.npz,steady_h100,4394eb6c96e3bfcbc157dbdefe32ce75aa0fd3fd3330af5e87c0b07cf91a11fa,c0a5d8d30cf71c94d890bec46330b18ef6f3e8d1c68847af8b6aae4e2c834362,,True,1000,163.19646624183542,23.27016965809714,69.96314829186915,0.3029697592815178,30.424272318116568,0.47891649999655783,known quoted arrival dates; overtaking allowed,726612f053110d0c9fbc47d474a295a3533596e0611c376bcb2dc1df11833fd6,726612f053110d0c9fbc47d474a295a3533596e0611c376bcb2dc1df11833fd6,0.31929013594057776,True,evaluation/exp_ar_pos08_fixed6/self_evolve_h50_r3/test.json
exp_ar_pos08_fixed6,self_evolve_h50_r3,self_evolve,3,horizon_extension,steady,200,test,500,50,evaluation/exp_ar_pos08_fixed6/self_evolve_h50_r3/test.npz,steady_h200,4394eb6c96e3bfcbc157dbdefe32ce75aa0fd3fd3330af5e87c0b07cf91a11fa,c0a5d8d30cf71c94d890bec46330b18ef6f3e8d1c68847af8b6aae4e2c834362,,True,1000,163.2502978861526,23.506275014129123,69.87201143601173,0.3031334865155132,30.385473280915946,0.47891649999655783,known quoted arrival dates; overtaking allowed,726612f053110d0c9fbc47d474a295a3533596e0611c376bcb2dc1df11833fd6,726612f053110d0c9fbc47d474a295a3533596e0611c376bcb2dc1df11833fd6,0.31147267421833785,True,evaluation/exp_ar_pos08_fixed6/self_evolve_h50_r3/test.json
exp_ar_pos08_fixed6,self_evolve_h50_r3,self_evolve,3,horizon_extension,steady,500,test,500,50,evaluation/exp_ar_pos08_fixed6/self_evolve_h50_r3/test.npz,steady_h500,4394eb6c96e3bfcbc157dbdefe32ce75aa0fd3fd3330af5e87c0b07cf91a11fa,c0a5d8d30cf71c94d890bec46330b18ef6f3e8d1c68847af8b6aae4e2c834362,,True,1000,162.960323063425,23.959582767443887,69.50037014799055,0.303657967896715,30.307136011513748,0.47891649999655783,known quoted arrival dates; overtaking allowed,726612f053110d0c9fbc47d474a295a3533596e0611c376bcb2dc1df11833fd6,726612f053110d0c9fbc47d474a295a3533596e0611c376bcb2dc1df11833fd6,0.306968425705497,True,evaluation/exp_ar_pos08_fixed6/self_evolve_h50_r3/test.json
exp_ar_pos08_fixed6,self_evolve_h50_r3,self_evolve,3,horizon_extension,cold_start,50,test,0,50,evaluation/exp_ar_pos08_fixed6/self_evolve_h50_r3/test.npz,cold_start_h50,4394eb6c96e3bfcbc157dbdefe32ce75aa0fd3fd3330af5e87c0b07cf91a11fa,c0a5d8d30cf71c94d890bec46330b18ef6f3e8d1c68847af8b6aae4e2c834362,,True,1000,167.87895987771296,23.029899967945294,72.42452995488382,0.2772179092679241,31.896997974235713,0.47891649999655783,known quoted arrival dates; overtaking allowed,726612f053110d0c9fbc47d474a295a3533596e0611c376bcb2dc1df11833fd6,726612f053110d0c9fbc47d474a295a3533596e0611c376bcb2dc1df11833fd6,0.30639396379445105,True,evaluation/exp_ar_pos08_fixed6/self_evolve_h50_r3/test.json
exp_ar_pos08_fixed6,self_evolve_h50_r3,self_evolve,3,horizon_extension,cold_start,100,test,0,50,evaluation/exp_ar_pos08_fixed6/self_evolve_h50_r3/test.npz,cold_start_h100,4394eb6c96e3bfcbc157dbdefe32ce75aa0fd3fd3330af5e87c0b07cf91a11fa,c0a5d8d30cf71c94d890bec46330b18ef6f3e8d1c68847af8b6aae4e2c834362,,True,1000,165.5891665025911,23.234733679841966,71.17721641137456,0.290139107712951,31.142923440419022,0.47891649999655783,known quoted arrival dates; overtaking allowed,726612f053110d0c9fbc47d474a295a3533596e0611c376bcb2dc1df11833fd6,726612f053110d0c9fbc47d474a295a3533596e0611c376bcb2dc1df11833fd6,0.3051960104298608,True,evaluation/exp_ar_pos08_fixed6/self_evolve_h50_r3/test.json
exp_ar_pos08_fixed6,self_evolve_h50_r3,self_evolve,3,horizon_extension,cold_start,200,test,0,50,evaluation/exp_ar_pos08_fixed6/self_evolve_h50_r3/test.npz,cold_start_h200,4394eb6c96e3bfcbc157dbdefe32ce75aa0fd3fd3330af5e87c0b07cf91a11fa,c0a5d8d30cf71c94d890bec46330b18ef6f3e8d1c68847af8b6aae4e2c834362,,True,1000,163.5218512006715,23.469550063818474,70.02615056842652,0.2977588205734094,30.716873344391004,0.47891649999655783,known quoted arrival dates; overtaking allowed,726612f053110d0c9fbc47d474a295a3533596e0611c376bcb2dc1df11833fd6,726612f053110d0c9fbc47d474a295a3533596e0611c376bcb2dc1df11833fd6,0.3058117318400747,True,evaluation/exp_ar_pos08_fixed6/self_evolve_h50_r3/test.json
exp_ar_pos08_fixed6,self_evolve_h50_r3,self_evolve,3,horizon_extension,cold_start,500,test,0,50,evaluation/exp_ar_pos08_fixed6/self_evolve_h50_r3/test.npz,cold_start_h500,4394eb6c96e3bfcbc157dbdefe32ce75aa0fd3fd3330af5e87c0b07cf91a11fa,c0a5d8d30cf71c94d890bec46330b18ef6f3e8d1c68847af8b6aae4e2c834362,,True,1000,163.31592665830107,23.372992911473855,69.97146687341362,0.3009741416843006,30.537978055958146,0.47891649999655783,known quoted arrival dates; overtaking allowed,726612f053110d0c9fbc47d474a295a3533596e0611c376bcb2dc1df11833fd6,726612f053110d0c9fbc47d474a295a3533596e0611c376bcb2dc1df11833fd6,0.30417681316363643,True,evaluation/exp_ar_pos08_fixed6/self_evolve_h50_r3/test.json
exp_iid_fixed6,baseline_h200_base_stock,base_stock,,baseline,steady,50,test,500,200,evaluation/exp_iid_fixed6/baseline_h200_base_stock/test.npz,steady_h50,cc7fff86d4386c1514b070b2e12b0e98fd39e011008abadb61955785019bc782,,bf3402e4e212b1222bc06edaf41c879ab8e2ccf3bae5c961b37f32d09558abcb,True,1000,136.2776301214329,39.79128538690943,48.24317236726172,0.5183330070110119,51.87516119911145,0.4458359170239419,known quoted arrival dates; overtaking allowed,2c67f78c2d4a7ae8d2810823aec0728255204fd00136c208729af4dc0bf446eb,2c67f78c2d4a7ae8d2810823aec0728255204fd00136c208729af4dc0bf446eb,0.5271061738811653,True,evaluation/exp_iid_fixed6/baseline_h200_base_stock/test.json
exp_iid_fixed6,baseline_h200_base_stock,base_stock,,baseline,steady,100,test,500,200,evaluation/exp_iid_fixed6/baseline_h200_base_stock/test.npz,steady_h100,cc7fff86d4386c1514b070b2e12b0e98fd39e011008abadb61955785019bc782,,bf3402e4e212b1222bc06edaf41c879ab8e2ccf3bae5c961b37f32d09558abcb,True,1000,136.75742640296704,40.178736807962956,48.289344797502046,0.5176662311926391,51.81577467015687,0.4458359170239419,known quoted arrival dates; overtaking allowed,2c67f78c2d4a7ae8d2810823aec0728255204fd00136c208729af4dc0bf446eb,2c67f78c2d4a7ae8d2810823aec0728255204fd00136c208729af4dc0bf446eb,0.5223568895199437,True,evaluation/exp_iid_fixed6/baseline_h200_base_stock/test.json
exp_iid_fixed6,baseline_h200_base_stock,base_stock,,baseline,steady,200,test,500,200,evaluation/exp_iid_fixed6/baseline_h200_base_stock/test.npz,steady_h200,cc7fff86d4386c1514b070b2e12b0e98fd39e011008abadb61955785019bc782,,bf3402e4e212b1222bc06edaf41c879ab8e2ccf3bae5c961b37f32d09558abcb,True,1000,136.47422890223856,40.215104214560064,48.12956234383924,0.5184089684756922,51.817229926738435,0.4458359170239419,known quoted arrival dates; overtaking allowed,2c67f78c2d4a7ae8d2810823aec0728255204fd00136c208729af4dc0bf446eb,2c67f78c2d4a7ae8d2810823aec0728255204fd00136c208729af4dc0bf446eb,0.5206463342955342,True,evaluation/exp_iid_fixed6/baseline_h200_base_stock/test.json
exp_iid_fixed6,baseline_h200_base_stock,base_stock,,baseline,steady,500,test,500,200,evaluation/exp_iid_fixed6/baseline_h200_base_stock/test.npz,steady_h500,cc7fff86d4386c1514b070b2e12b0e98fd39e011008abadb61955785019bc782,,bf3402e4e212b1222bc06edaf41c879ab8e2ccf3bae5c961b37f32d09558abcb,True,1000,136.54929640476988,40.11681164450615,48.216242380131874,0.5180877653446764,51.83746026272546,0.4458359170239419,known quoted arrival dates; overtaking allowed,2c67f78c2d4a7ae8d2810823aec0728255204fd00136c208729af4dc0bf446eb,2c67f78c2d4a7ae8d2810823aec0728255204fd00136c208729af4dc0bf446eb,0.5189197366597553,True,evaluation/exp_iid_fixed6/baseline_h200_base_stock/test.json
exp_iid_fixed6,baseline_h200_base_stock,base_stock,,baseline,cold_start,50,test,0,200,evaluation/exp_iid_fixed6/baseline_h200_base_stock/test.npz,cold_start_h50,cc7fff86d4386c1514b070b2e12b0e98fd39e011008abadb61955785019bc782,,bf3402e4e212b1222bc06edaf41c879ab8e2ccf3bae5c961b37f32d09558abcb,True,1000,157.29822244292112,50.15648855070026,53.57086694611043,0.46518816655068324,53.656806177009386,0.4458359170239419,known quoted arrival dates; overtaking allowed,2c67f78c2d4a7ae8d2810823aec0728255204fd00136c208729af4dc0bf446eb,2c67f78c2d4a7ae8d2810823aec0728255204fd00136c208729af4dc0bf446eb,0.47240395629395404,True,evaluation/exp_iid_fixed6/baseline_h200_base_stock/test.json
exp_iid_fixed6,baseline_h200_base_stock,base_stock,,baseline,cold_start,100,test,0,200,evaluation/exp_iid_fixed6/baseline_h200_base_stock/test.npz,cold_start_h100,cc7fff86d4386c1514b070b2e12b0e98fd39e011008abadb61955785019bc782,,bf3402e4e212b1222bc06edaf41c879ab8e2ccf3bae5c961b37f32d09558abcb,True,1000,146.54083603593097,44.9813590656627,50.77973848513413,0.4922693830386295,52.74987037112909,0.4458359170239419,known quoted arrival dates; overtaking allowed,2c67f78c2d4a7ae8d2810823aec0728255204fd00136c208729af4dc0bf446eb,2c67f78c2d4a7ae8d2810823aec0728255204fd00136c208729af4dc0bf446eb,0.4965521118445424,True,evaluation/exp_iid_fixed6/baseline_h200_base_stock/test.json
exp_iid_fixed6,baseline_h200_base_stock,base_stock,,baseline,cold_start,200,test,0,200,evaluation/exp_iid_fixed6/baseline_h200_base_stock/test.npz,cold_start_h200,cc7fff86d4386c1514b070b2e12b0e98fd39e011008abadb61955785019bc782,,bf3402e4e212b1222bc06edaf41c879ab8e2ccf3bae5c961b37f32d09558abcb,True,1000,141.29635239448217,42.508359762177705,49.39399631615222,0.5058430067087869,52.30787081668278,0.4458359170239419,known quoted arrival dates; overtaking allowed,2c67f78c2d4a7ae8d2810823aec0728255204fd00136c208729af4dc0bf446eb,2c67f78c2d4a7ae8d2810823aec0728255204fd00136c208729af4dc0bf446eb,0.5080170939671776,True,evaluation/exp_iid_fixed6/baseline_h200_base_stock/test.json
exp_iid_fixed6,baseline_h200_base_stock,base_stock,,baseline,cold_start,500,test,0,200,evaluation/exp_iid_fixed6/baseline_h200_base_stock/test.npz,cold_start_h500,cc7fff86d4386c1514b070b2e12b0e98fd39e011008abadb61955785019bc782,,bf3402e4e212b1222bc06edaf41c879ab8e2ccf3bae5c961b37f32d09558abcb,True,1000,138.32958009894386,41.2352410041489,48.54716954739747,0.5137894762919238,52.00253463526049,0.4458359170239419,known quoted arrival dates; overtaking allowed,2c67f78c2d4a7ae8d2810823aec0728255204fd00136c208729af4dc0bf446eb,2c67f78c2d4a7ae8d2810823aec0728255204fd00136c208729af4dc0bf446eb,0.5147262771869564,True,evaluation/exp_iid_fixed6/baseline_h200_base_stock/test.json
exp_iid_fixed6,baseline_h200_capped_base_stock,capped_base_stock,,baseline,steady,50,test,500,200,evaluation/exp_iid_fixed6/baseline_h200_capped_base_stock/test.npz,steady_h50,cc7fff86d4386c1514b070b2e12b0e98fd39e011008abadb61955785019bc782,,e9f05bbd5a41e4ee7a4b1f1e51fba40d253aa3b4af516ef949ad832c9cd93fe6,True,1000,123.66156875501007,39.571360212049555,42.045104271480255,0.58021543877377,58.11643289392016,0.44602174987085164,known quoted arrival dates; overtaking allowed,2771895083f17f492a3b5b57737a497994306f54af800fe4307d2f716ee6b42c,2771895083f17f492a3b5b57737a497994306f54af800fe4307d2f716ee6b42c,0.5910162654312638,True,evaluation/exp_iid_fixed6/baseline_h200_capped_base_stock/test.json
exp_iid_fixed6,baseline_h200_capped_base_stock,capped_base_stock,,baseline,steady,100,test,500,200,evaluation/exp_iid_fixed6/baseline_h200_capped_base_stock/test.npz,steady_h100,cc7fff86d4386c1514b070b2e12b0e98fd39e011008abadb61955785019bc782,,e9f05bbd5a41e4ee7a4b1f1e51fba40d253aa3b4af516ef949ad832c9cd93fe6,True,1000,123.92814550709463,39.892285191302726,42.01793015789596,0.5803076911577645,58.09688183934019,0.44602174987085164,known quoted arrival dates; overtaking allowed,2771895083f17f492a3b5b57737a497994306f54af800fe4307d2f716ee6b42c,2771895083f17f492a3b5b57737a497994306f54af800fe4307d2f716ee6b42c,0.5860734188141273,True,evaluation/exp_iid_fixed6/baseline_h200_capped_base_stock/test.json
exp_iid_fixed6,baseline_h200_capped_base_stock,capped_base_stock,,baseline,steady,200,test,500,200,evaluation/exp_iid_fixed6/baseline_h200_capped_base_stock/test.npz,steady_h200,cc7fff86d4386c1514b070b2e12b0e98fd39e011008abadb61955785019bc782,,e9f05bbd5a41e4ee7a4b1f1e51fba40d253aa3b4af516ef949ad832c9cd93fe6,True,1000,123.7530778594238,40.01222199381385,41.87042793280496,0.5810387297007106,58.0803169740177,0.44602174987085164,known quoted arrival dates; overtaking allowed,2771895083f17f492a3b5b57737a497994306f54af800fe4307d2f716ee6b42c,2771895083f17f492a3b5b57737a497994306f54af800fe4307d2f716ee6b42c,0.5837833767896152,True,evaluation/exp_iid_fixed6/baseline_h200_capped_base_stock/test.json
exp_iid_fixed6,baseline_h200_capped_base_stock,capped_base_stock,,baseline,steady,500,test,500,200,evaluation/exp_iid_fixed6/baseline_h200_capped_base_stock/test.npz,steady_h500,cc7fff86d4386c1514b070b2e12b0e98fd39e011008abadb61955785019bc782,,e9f05bbd5a41e4ee7a4b1f1e51fba40d253aa3b4af516ef949ad832c9cd93fe6,True,1000,123.83765614788815,39.920582571927234,41.958536787980464,0.5806323506724507,58.09058332963088,0.44602174987085164,known quoted arrival dates; overtaking allowed,2771895083f17f492a3b5b57737a497994306f54af800fe4307d2f716ee6b42c,2771895083f17f492a3b5b57737a497994306f54af800fe4307d2f716ee6b42c,0.5816593552036834,True,evaluation/exp_iid_fixed6/baseline_h200_capped_base_stock/test.json
exp_iid_fixed6,baseline_h200_capped_base_stock,capped_base_stock,,baseline,cold_start,50,test,0,200,evaluation/exp_iid_fixed6/baseline_h200_capped_base_stock/test.npz,cold_start_h50,cc7fff86d4386c1514b070b2e12b0e98fd39e011008abadb61955785019bc782,,e9f05bbd5a41e4ee7a4b1f1e51fba40d253aa3b4af516ef949ad832c9cd93fe6,True,1000,132.38042354642556,33.07697234560423,49.65172560041067,0.5043139692140821,58.29202003796994,0.44602174987085164,known quoted arrival dates; overtaking allowed,2771895083f17f492a3b5b57737a497994306f54af800fe4307d2f716ee6b42c,2771895083f17f492a3b5b57737a497994306f54af800fe4307d2f716ee6b42c,0.5130699819657957,True,evaluation/exp_iid_fixed6/baseline_h200_capped_base_stock/test.json
exp_iid_fixed6,baseline_h200_capped_base_stock,capped_base_stock,,baseline,cold_start,100,test,0,200,evaluation/exp_iid_fixed6/baseline_h200_capped_base_stock/test.npz,cold_start_h100,cc7fff86d4386c1514b070b2e12b0e98fd39e011008abadb61955785019bc782,,e9f05bbd5a41e4ee7a4b1f1e51fba40d253aa3b4af516ef949ad832c9cd93fe6,True,1000,127.74942990126166,36.342200664629985,45.70361461831584,0.543023947350269,58.21314227284723,0.44602174987085164,known quoted arrival dates; overtaking allowed,2771895083f17f492a3b5b57737a497994306f54af800fe4307d2f716ee6b42c,2771895083f17f492a3b5b57737a497994306f54af800fe4307d2f716ee6b42c,0.5482510916380834,True,evaluation/exp_iid_fixed6/baseline_h200_capped_base_stock/test.json
exp_iid_fixed6,baseline_h200_capped_base_stock,capped_base_stock,,baseline,cold_start,200,test,0,200,evaluation/exp_iid_fixed6/baseline_h200_capped_base_stock/test.npz,cold_start_h200,cc7fff86d4386c1514b070b2e12b0e98fd39e011008abadb61955785019bc782,,e9f05bbd5a41e4ee7a4b1f1e51fba40d253aa3b4af516ef949ad832c9cd93fe6,True,1000,125.63635796977158,38.18193101820724,43.72721347578217,0.5625357341428656,58.15141938613314,0.44602174987085164,known quoted arrival dates; overtaking allowed,2771895083f17f492a3b5b57737a497994306f54af800fe4307d2f716ee6b42c,2771895083f17f492a3b5b57737a497994306f54af800fe4307d2f716ee6b42c,0.5652250138153815,True,evaluation/exp_iid_fixed6/baseline_h200_capped_base_stock/test.json
exp_iid_fixed6,baseline_h200_capped_base_stock,capped_base_stock,,baseline,cold_start,500,test,0,200,evaluation/exp_iid_fixed6/baseline_h200_capped_base_stock/test.npz,cold_start_h500,cc7fff86d4386c1514b070b2e12b0e98fd39e011008abadb61955785019bc782,,e9f05bbd5a41e4ee7a4b1f1e51fba40d253aa3b4af516ef949ad832c9cd93fe6,True,1000,124.42841591014947,39.38822530353982,42.520095303304835,0.5741519433928475,58.10350002528983,0.44602174987085164,known quoted arrival dates; overtaking allowed,2771895083f17f492a3b5b57737a497994306f54af800fe4307d2f716ee6b42c,2771895083f17f492a3b5b57737a497994306f54af800fe4307d2f716ee6b42c,0.5753028053870042,True,evaluation/exp_iid_fixed6/baseline_h200_capped_base_stock/test.json
exp_iid_fixed6,baseline_h200_conditional_pil,conditional_pil,,baseline,steady,50,test,500,200,evaluation/exp_iid_fixed6/baseline_h200_conditional_pil/test.npz,steady_h50,cc7fff86d4386c1514b070b2e12b0e98fd39e011008abadb61955785019bc782,,8573ebdb8cab7464c86b5316023abfc8a9fe15f3f9e132b8ac4c65e0378fe13e,True,1000,123.34309708082888,38.777829827494664,42.28263362666712,0.5778439104383508,57.86955094443435,0.9797464578878134,known quoted arrival dates; overtaking allowed,93ffdaafe051ac988f90903b7db11148af7daa5cebb5d59d8328b26a790ec8d2,93ffdaafe051ac988f90903b7db11148af7daa5cebb5d59d8328b26a790ec8d2,0.5882387749544561,True,evaluation/exp_iid_fixed6/baseline_h200_conditional_pil/test.json
exp_iid_fixed6,baseline_h200_conditional_pil,conditional_pil,,baseline,steady,100,test,500,200,evaluation/exp_iid_fixed6/baseline_h200_conditional_pil/test.npz,steady_h100,cc7fff86d4386c1514b070b2e12b0e98fd39e011008abadb61955785019bc782,,8573ebdb8cab7464c86b5316023abfc8a9fe15f3f9e132b8ac4c65e0378fe13e,True,1000,123.62369713351934,39.097454306192446,42.26312141366345,0.5778586203954903,57.84740668047892,0.9797464578878134,known quoted arrival dates; overtaking allowed,93ffdaafe051ac988f90903b7db11148af7daa5cebb5d59d8328b26a790ec8d2,93ffdaafe051ac988f90903b7db11148af7daa5cebb5d59d8328b26a790ec8d2,0.5833978601012895,True,evaluation/exp_iid_fixed6/baseline_h200_conditional_pil/test.json
exp_iid_fixed6,baseline_h200_conditional_pil,conditional_pil,,baseline,steady,200,test,500,200,evaluation/exp_iid_fixed6/baseline_h200_conditional_pil/test.npz,steady_h200,cc7fff86d4386c1514b070b2e12b0e98fd39e011008abadb61955785019bc782,,8573ebdb8cab7464c86b5316023abfc8a9fe15f3f9e132b8ac4c65e0378fe13e,True,1000,123.48107258002206,39.249682503341376,42.11569503834035,0.5785845532527736,57.83282226898754,0.9797464578878134,known quoted arrival dates; overtaking allowed,93ffdaafe051ac988f90903b7db11148af7daa5cebb5d59d8328b26a790ec8d2,93ffdaafe051ac988f90903b7db11148af7daa5cebb5d59d8328b26a790ec8d2,0.5812267928733008,True,evaluation/exp_iid_fixed6/baseline_h200_conditional_pil/test.json
exp_iid_fixed6,baseline_h200_conditional_pil,conditional_pil,,baseline,steady,500,test,500,200,evaluation/exp_iid_fixed6/baseline_h200_conditional_pil/test.npz,steady_h500,cc7fff86d4386c1514b070b2e12b0e98fd39e011008abadb61955785019bc782,,8573ebdb8cab7464c86b5316023abfc8a9fe15f3f9e132b8ac4c65e0378fe13e,True,1000,123.59052360477737,39.16735885728734,42.211582373745024,0.5781032078424462,57.83937034784613,0.9797464578878134,known quoted arrival dates; overtaking allowed,93ffdaafe051ac988f90903b7db11148af7daa5cebb5d59d8328b26a790ec8d2,93ffdaafe051ac988f90903b7db11148af7daa5cebb5d59d8328b26a790ec8d2,0.579090070182726,True,evaluation/exp_iid_fixed6/baseline_h200_conditional_pil/test.json
exp_iid_fixed6,baseline_h200_conditional_pil,conditional_pil,,baseline,cold_start,50,test,0,200,evaluation/exp_iid_fixed6/baseline_h200_conditional_pil/test.npz,cold_start_h50,cc7fff86d4386c1514b070b2e12b0e98fd39e011008abadb61955785019bc782,,8573ebdb8cab7464c86b5316023abfc8a9fe15f3f9e132b8ac4c65e0378fe13e,True,1000,132.30595214712463,34.18109195085355,49.06243009813554,0.5101970587734173,58.83189425255088,0.9797464578878134,known quoted arrival dates; overtaking allowed,93ffdaafe051ac988f90903b7db11148af7daa5cebb5d59d8328b26a790ec8d2,93ffdaafe051ac988f90903b7db11148af7daa5cebb5d59d8328b26a790ec8d2,0.5187040656313323,True,evaluation/exp_iid_fixed6/baseline_h200_conditional_pil/test.json
exp_iid_fixed6,baseline_h200_conditional_pil,conditional_pil,,baseline,cold_start,100,test,0,200,evaluation/exp_iid_fixed6/baseline_h200_conditional_pil/test.npz,cold_start_h100,cc7fff86d4386c1514b070b2e12b0e98fd39e011008abadb61955785019bc782,,8573ebdb8cab7464c86b5316023abfc8a9fe15f3f9e132b8ac4c65e0378fe13e,True,1000,127.57228005077839,36.49869507005363,45.53679249036239,0.5446919492832334,58.354354136917884,0.9797464578878134,known quoted arrival dates; overtaking allowed,93ffdaafe051ac988f90903b7db11148af7daa5cebb5d59d8328b26a790ec8d2,93ffdaafe051ac988f90903b7db11148af7daa5cebb5d59d8328b26a790ec8d2,0.5497345722264142,True,evaluation/exp_iid_fixed6/baseline_h200_conditional_pil/test.json
exp_iid_fixed6,baseline_h200_conditional_pil,conditional_pil,,baseline,cold_start,200,test,0,200,evaluation/exp_iid_fixed6/baseline_h200_conditional_pil/test.npz,cold_start_h200,cc7fff86d4386c1514b070b2e12b0e98fd39e011008abadb61955785019bc782,,8573ebdb8cab7464c86b5316023abfc8a9fe15f3f9e132b8ac4c65e0378fe13e,True,1000,125.45735385381028,37.90738991693373,43.77498196843829,0.5620578393284045,58.09281823079096,0.9797464578878134,known quoted arrival dates; overtaking allowed,93ffdaafe051ac988f90903b7db11148af7daa5cebb5d59d8328b26a790ec8d2,93ffdaafe051ac988f90903b7db11148af7daa5cebb5d59d8328b26a790ec8d2,0.5646463659590177,True,evaluation/exp_iid_fixed6/baseline_h200_conditional_pil/test.json
exp_iid_fixed6,baseline_h200_conditional_pil,conditional_pil,,baseline,cold_start,500,test,0,200,evaluation/exp_iid_fixed6/baseline_h200_conditional_pil/test.npz,cold_start_h500,cc7fff86d4386c1514b070b2e12b0e98fd39e011008abadb61955785019bc782,,8573ebdb8cab7464c86b5316023abfc8a9fe15f3f9e132b8ac4c65e0378fe13e,True,1000,124.20147391044411,38.818797129436234,42.691338390503944,0.5724369064116044,57.92771671572977,0.9797464578878134,known quoted arrival dates; overtaking allowed,93ffdaafe051ac988f90903b7db11148af7daa5cebb5d59d8328b26a790ec8d2,93ffdaafe051ac988f90903b7db11148af7daa5cebb5d59d8328b26a790ec8d2,0.5735422061267902,True,evaluation/exp_iid_fixed6/baseline_h200_conditional_pil/test.json
exp_iid_fixed6,baseline_h200_constant_order,constant_order,,baseline,steady,50,test,500,200,evaluation/exp_iid_fixed6/baseline_h200_constant_order/test.npz,steady_h50,cc7fff86d4386c1514b070b2e12b0e98fd39e011008abadb61955785019bc782,,88b7db9510fd8e6238b769872ea0bbe303630689298f1a3829ec94c9774f491b,True,1000,123.86642429734788,38.959890673630916,42.453266811858484,0.5761402833926503,57.67367659682229,0.661284500034526,known quoted arrival dates; overtaking allowed,041c75d82fd73422b3aaa5020eb0e058d63bcdf5057f95e44e27a2fe9984a102,041c75d82fd73422b3aaa5020eb0e058d63bcdf5057f95e44e27a2fe9984a102,0.5872744405803242,True,evaluation/exp_iid_fixed6/baseline_h200_constant_order/test.json
exp_iid_fixed6,baseline_h200_constant_order,constant_order,,baseline,steady,100,test,500,200,evaluation/exp_iid_fixed6/baseline_h200_constant_order/test.npz,steady_h100,cc7fff86d4386c1514b070b2e12b0e98fd39e011008abadb61955785019bc782,,88b7db9510fd8e6238b769872ea0bbe303630689298f1a3829ec94c9774f491b,True,1000,124.05533304361253,39.187432927534246,42.43395005803914,0.5761523138757498,57.673676596822304,0.661284500034526,known quoted arrival dates; overtaking allowed,041c75d82fd73422b3aaa5020eb0e058d63bcdf5057f95e44e27a2fe9984a102,041c75d82fd73422b3aaa5020eb0e058d63bcdf5057f95e44e27a2fe9984a102,0.5821370895501746,True,evaluation/exp_iid_fixed6/baseline_h200_constant_order/test.json
exp_iid_fixed6,baseline_h200_constant_order,constant_order,,baseline,steady,200,test,500,200,evaluation/exp_iid_fixed6/baseline_h200_constant_order/test.npz,steady_h200,cc7fff86d4386c1514b070b2e12b0e98fd39e011008abadb61955785019bc782,,88b7db9510fd8e6238b769872ea0bbe303630689298f1a3829ec94c9774f491b,True,1000,124.04517296705299,39.508144620593484,42.268514173229754,0.577055423935489,57.67367659682229,0.661284500034526,known quoted arrival dates; overtaking allowed,041c75d82fd73422b3aaa5020eb0e058d63bcdf5057f95e44e27a2fe9984a102,041c75d82fd73422b3aaa5020eb0e058d63bcdf5057f95e44e27a2fe9984a102,0.579908477759423,True,evaluation/exp_iid_fixed6/baseline_h200_constant_order/test.json
exp_iid_fixed6,baseline_h200_constant_order,constant_order,,baseline,steady,500,test,500,200,evaluation/exp_iid_fixed6/baseline_h200_constant_order/test.npz,steady_h500,cc7fff86d4386c1514b070b2e12b0e98fd39e011008abadb61955785019bc782,,88b7db9510fd8e6238b769872ea0bbe303630689298f1a3829ec94c9774f491b,True,1000,124.13586249041813,39.3922107553986,42.37182586750977,0.5765016043918844,57.673676596822304,0.661284500034526,known quoted arrival dates; overtaking allowed,041c75d82fd73422b3aaa5020eb0e058d63bcdf5057f95e44e27a2fe9984a102,041c75d82fd73422b3aaa5020eb0e058d63bcdf5057f95e44e27a2fe9984a102,0.5775746849032739,True,evaluation/exp_iid_fixed6/baseline_h200_constant_order/test.json
exp_iid_fixed6,baseline_h200_constant_order,constant_order,,baseline,cold_start,50,test,0,200,evaluation/exp_iid_fixed6/baseline_h200_constant_order/test.npz,cold_start_h50,cc7fff86d4386c1514b070b2e12b0e98fd39e011008abadb61955785019bc782,,88b7db9510fd8e6238b769872ea0bbe303630689298f1a3829ec94c9774f491b,True,1000,132.4082936783403,32.01984454038585,50.19422456897721,0.49889806156570854,57.67367659682229,0.661284500034526,known quoted arrival dates; overtaking allowed,041c75d82fd73422b3aaa5020eb0e058d63bcdf5057f95e44e27a2fe9984a102,041c75d82fd73422b3aaa5020eb0e058d63bcdf5057f95e44e27a2fe9984a102,0.5078539177714303,True,evaluation/exp_iid_fixed6/baseline_h200_constant_order/test.json
exp_iid_fixed6,baseline_h200_constant_order,constant_order,,baseline,cold_start,100,test,0,200,evaluation/exp_iid_fixed6/baseline_h200_constant_order/test.npz,cold_start_h100,cc7fff86d4386c1514b070b2e12b0e98fd39e011008abadb61955785019bc782,,88b7db9510fd8e6238b769872ea0bbe303630689298f1a3829ec94c9774f491b,True,1000,127.86974534511033,35.45091030336174,46.2094175208743,0.5379665833811333,57.673676596822304,0.661284500034526,known quoted arrival dates; overtaking allowed,041c75d82fd73422b3aaa5020eb0e058d63bcdf5057f95e44e27a2fe9984a102,041c75d82fd73422b3aaa5020eb0e058d63bcdf5057f95e44e27a2fe9984a102,0.5433836626538875,True,evaluation/exp_iid_fixed6/baseline_h200_constant_order/test.json
exp_iid_fixed6,baseline_h200_constant_order,constant_order,,baseline,cold_start,200,test,0,200,evaluation/exp_iid_fixed6/baseline_h200_constant_order/test.npz,cold_start_h200,cc7fff86d4386c1514b070b2e12b0e98fd39e011008abadb61955785019bc782,,88b7db9510fd8e6238b769872ea0bbe303630689298f1a3829ec94c9774f491b,True,1000,125.82796307260678,37.4605342683799,44.18371440211344,0.5579687190800098,57.67367659682229,0.661284500034526,known quoted arrival dates; overtaking allowed,041c75d82fd73422b3aaa5020eb0e058d63bcdf5057f95e44e27a2fe9984a102,041c75d82fd73422b3aaa5020eb0e058d63bcdf5057f95e44e27a2fe9984a102,0.560781167652174,True,evaluation/exp_iid_fixed6/baseline_h200_constant_order/test.json
exp_iid_fixed6,baseline_h200_constant_order,constant_order,,baseline,cold_start,500,test,0,200,evaluation/exp_iid_fixed6/baseline_h200_constant_order/test.npz,cold_start_h500,cc7fff86d4386c1514b070b2e12b0e98fd39e011008abadb61955785019bc782,,88b7db9510fd8e6238b769872ea0bbe303630689298f1a3829ec94c9774f491b,True,1000,124.6428307355851,38.750823393877965,42.946003670853564,0.5698863779156398,57.673676596822304,0.661284500034526,known quoted arrival dates; overtaking allowed,041c75d82fd73422b3aaa5020eb0e058d63bcdf5057f95e44e27a2fe9984a102,041c75d82fd73422b3aaa5020eb0e058d63bcdf5057f95e44e27a2fe9984a102,0.5710898435727115,True,evaluation/exp_iid_fixed6/baseline_h200_constant_order/test.json
exp_iid_fixed6,baseline_h200_forecast_adaptive_pil,forecast_adaptive_pil,,baseline,steady,50,test,500,200,evaluation/exp_iid_fixed6/baseline_h200_forecast_adaptive_pil/test.npz,steady_h50,cc7fff86d4386c1514b070b2e12b0e98fd39e011008abadb61955785019bc782,,4f2d75087adbe5d832435d26e083aebf508e8d304908493d91812a5a8b7474a2,True,1000,123.5314890177921,39.57438612283981,41.97855144747615,0.5808799120461523,58.166299075164524,0.9890759999398142,known quoted arrival dates; overtaking allowed,57310e46b0145bf1079f5fff6be5e72b84691829a9ad00cf2e720a587d606088,57310e46b0145bf1079f5fff6be5e72b84691829a9ad00cf2e720a587d606088,0.5916287789257716,True,evaluation/exp_iid_fixed6/baseline_h200_forecast_adaptive_pil/test.json
exp_iid_fixed6,baseline_h200_forecast_adaptive_pil,forecast_adaptive_pil,,baseline,steady,100,test,500,200,evaluation/exp_iid_fixed6/baseline_h200_forecast_adaptive_pil/test.npz,steady_h100,cc7fff86d4386c1514b070b2e12b0e98fd39e011008abadb61955785019bc782,,4f2d75087adbe5d832435d26e083aebf508e8d304908493d91812a5a8b7474a2,True,1000,123.76633763846297,39.859133600751875,41.95360201885555,0.5809502269774953,58.1559175779426,0.9890759999398142,known quoted arrival dates; overtaking allowed,57310e46b0145bf1079f5fff6be5e72b84691829a9ad00cf2e720a587d606088,57310e46b0145bf1079f5fff6be5e72b84691829a9ad00cf2e720a587d606088,0.5866965203498926,True,evaluation/exp_iid_fixed6/baseline_h200_forecast_adaptive_pil/test.json
exp_iid_fixed6,baseline_h200_forecast_adaptive_pil,forecast_adaptive_pil,,baseline,steady,200,test,500,200,evaluation/exp_iid_fixed6/baseline_h200_forecast_adaptive_pil/test.npz,steady_h200,cc7fff86d4386c1514b070b2e12b0e98fd39e011008abadb61955785019bc782,,4f2d75087adbe5d832435d26e083aebf508e8d304908493d91812a5a8b7474a2,True,1000,123.64475659144759,40.04010734976716,41.80232462084022,0.5817201808226845,58.1447501181357,0.9890759999398142,known quoted arrival dates; overtaking allowed,57310e46b0145bf1079f5fff6be5e72b84691829a9ad00cf2e720a587d606088,57310e46b0145bf1079f5fff6be5e72b84691829a9ad00cf2e720a587d606088,0.5844584537265507,True,evaluation/exp_iid_fixed6/baseline_h200_forecast_adaptive_pil/test.json
exp_iid_fixed6,baseline_h200_forecast_adaptive_pil,forecast_adaptive_pil,,baseline,steady,500,test,500,200,evaluation/exp_iid_fixed6/baseline_h200_forecast_adaptive_pil/test.npz,steady_h500,cc7fff86d4386c1514b070b2e12b0e98fd39e011008abadb61955785019bc782,,4f2d75087adbe5d832435d26e083aebf508e8d304908493d91812a5a8b7474a2,True,1000,123.73704093285677,39.93885705466,41.899091939098405,0.5812264907080357,58.14957256081906,0.9890759999398142,known quoted arrival dates; overtaking allowed,57310e46b0145bf1079f5fff6be5e72b84691829a9ad00cf2e720a587d606088,57310e46b0145bf1079f5fff6be5e72b84691829a9ad00cf2e720a587d606088,0.5822525691249548,True,evaluation/exp_iid_fixed6/baseline_h200_forecast_adaptive_pil/test.json
exp_iid_fixed6,baseline_h200_forecast_adaptive_pil,forecast_adaptive_pil,,baseline,cold_start,50,test,0,200,evaluation/exp_iid_fixed6/baseline_h200_forecast_adaptive_pil/test.npz,cold_start_h50,cc7fff86d4386c1514b070b2e12b0e98fd39e011008abadb61955785019bc782,,4f2d75087adbe5d832435d26e083aebf508e8d304908493d91812a5a8b7474a2,True,1000,132.2894461293466,33.382812552848094,49.45331678824926,0.5062947357510748,58.491115210476465,0.9890759999398142,known quoted arrival dates; overtaking allowed,57310e46b0145bf1079f5fff6be5e72b84691829a9ad00cf2e720a587d606088,57310e46b0145bf1079f5fff6be5e72b84691829a9ad00cf2e720a587d606088,0.5150205381334869,True,evaluation/exp_iid_fixed6/baseline_h200_forecast_adaptive_pil/test.json
exp_iid_fixed6,baseline_h200_forecast_adaptive_pil,forecast_adaptive_pil,,baseline,cold_start,100,test,0,200,evaluation/exp_iid_fixed6/baseline_h200_forecast_adaptive_pil/test.npz,cold_start_h100,cc7fff86d4386c1514b070b2e12b0e98fd39e011008abadb61955785019bc782,,4f2d75087adbe5d832435d26e083aebf508e8d304908493d91812a5a8b7474a2,True,1000,127.6272300530386,36.45859769018255,45.58431618142802,0.5442167748592434,58.333094991079754,0.9890759999398142,known quoted arrival dates; overtaking allowed,57310e46b0145bf1079f5fff6be5e72b84691829a9ad00cf2e720a587d606088,57310e46b0145bf1079f5fff6be5e72b84691829a9ad00cf2e720a587d606088,0.5494311073454274,True,evaluation/exp_iid_fixed6/baseline_h200_forecast_adaptive_pil/test.json
exp_iid_fixed6,baseline_h200_forecast_adaptive_pil,forecast_adaptive_pil,,baseline,cold_start,200,test,0,200,evaluation/exp_iid_fixed6/baseline_h200_forecast_adaptive_pil/test.npz,cold_start_h200,cc7fff86d4386c1514b070b2e12b0e98fd39e011008abadb61955785019bc782,,4f2d75087adbe5d832435d26e083aebf508e8d304908493d91812a5a8b7474a2,True,1000,125.53683885554503,38.257090243317045,43.63987430611399,0.5634095095953221,58.239038992814585,0.9890759999398142,known quoted arrival dates; overtaking allowed,57310e46b0145bf1079f5fff6be5e72b84691829a9ad00cf2e720a587d606088,57310e46b0145bf1079f5fff6be5e72b84691829a9ad00cf2e720a587d606088,0.566100384371866,True,evaluation/exp_iid_fixed6/baseline_h200_forecast_adaptive_pil/test.json
exp_iid_fixed6,baseline_h200_forecast_adaptive_pil,forecast_adaptive_pil,,baseline,cold_start,500,test,0,200,evaluation/exp_iid_fixed6/baseline_h200_forecast_adaptive_pil/test.npz,cold_start_h500,cc7fff86d4386c1514b070b2e12b0e98fd39e011008abadb61955785019bc782,,4f2d75087adbe5d832435d26e083aebf508e8d304908493d91812a5a8b7474a2,True,1000,124.3062761082149,39.41456876269163,42.44585367276164,0.5748954895646197,58.179175276768746,0.9890759999398142,known quoted arrival dates; overtaking allowed,57310e46b0145bf1079f5fff6be5e72b84691829a9ad00cf2e720a587d606088,57310e46b0145bf1079f5fff6be5e72b84691829a9ad00cf2e720a587d606088,0.5760449207007403,True,evaluation/exp_iid_fixed6/baseline_h200_forecast_adaptive_pil/test.json
exp_iid_fixed6,baseline_h200_forecast_capped_base_stock,forecast_capped_base_stock,,baseline,steady,50,test,500,200,evaluation/exp_iid_fixed6/baseline_h200_forecast_capped_base_stock/test.npz,steady_h50,cc7fff86d4386c1514b070b2e12b0e98fd39e011008abadb61955785019bc782,,f24275b1f3d17311985fe85f824feb7d9725e1df685cfb880057cbe6f9ad1baf,True,1000,123.66295876886954,39.58395908735001,42.039499840759774,0.5802713942418722,58.12205972060645,0.49452545889653265,known quoted arrival dates; overtaking allowed,77ab062b55bec50a2d1c6839fe2113de479eb392dcbfdf9d84d73602cb08f41c,77ab062b55bec50a2d1c6839fe2113de479eb392dcbfdf9d84d73602cb08f41c,0.591072847346315,True,evaluation/exp_iid_fixed6/baseline_h200_forecast_capped_base_stock/test.json
exp_iid_fixed6,baseline_h200_forecast_capped_base_stock,forecast_capped_base_stock,,baseline,steady,100,test,500,200,evaluation/exp_iid_fixed6/baseline_h200_forecast_capped_base_stock/test.npz,steady_h100,cc7fff86d4386c1514b070b2e12b0e98fd39e011008abadb61955785019bc782,,f24275b1f3d17311985fe85f824feb7d9725e1df685cfb880057cbe6f9ad1baf,True,1000,123.92965949531728,39.90502444477545,42.012317525270916,0.5803637524329448,58.10250280783318,0.49452545889653265,known quoted arrival dates; overtaking allowed,77ab062b55bec50a2d1c6839fe2113de479eb392dcbfdf9d84d73602cb08f41c,77ab062b55bec50a2d1c6839fe2113de479eb392dcbfdf9d84d73602cb08f41c,0.5861298429265032,True,evaluation/exp_iid_fixed6/baseline_h200_forecast_capped_base_stock/test.json
exp_iid_fixed6,baseline_h200_forecast_capped_base_stock,forecast_capped_base_stock,,baseline,steady,200,test,500,200,evaluation/exp_iid_fixed6/baseline_h200_forecast_capped_base_stock/test.npz,steady_h200,cc7fff86d4386c1514b070b2e12b0e98fd39e011008abadb61955785019bc782,,f24275b1f3d17311985fe85f824feb7d9725e1df685cfb880057cbe6f9ad1baf,True,1000,123.75461009156237,40.02497491297194,41.86481758929521,0.5810948675707948,58.08593330920169,0.49452545889653265,known quoted arrival dates; overtaking allowed,77ab062b55bec50a2d1c6839fe2113de479eb392dcbfdf9d84d73602cb08f41c,77ab062b55bec50a2d1c6839fe2113de479eb392dcbfdf9d84d73602cb08f41c,0.5838396957046808,True,evaluation/exp_iid_fixed6/baseline_h200_forecast_capped_base_stock/test.json
exp_iid_fixed6,baseline_h200_forecast_capped_base_stock,forecast_capped_base_stock,,baseline,steady,500,test,500,200,evaluation/exp_iid_fixed6/baseline_h200_forecast_capped_base_stock/test.npz,steady_h500,cc7fff86d4386c1514b070b2e12b0e98fd39e011008abadb61955785019bc782,,f24275b1f3d17311985fe85f824feb7d9725e1df685cfb880057cbe6f9ad1baf,True,1000,123.83915202659242,39.933301868754235,41.952925078919094,0.5806884386444805,58.096196429941365,0.49452545889653265,known quoted arrival dates; overtaking allowed,77ab062b55bec50a2d1c6839fe2113de479eb392dcbfdf9d84d73602cb08f41c,77ab062b55bec50a2d1c6839fe2113de479eb392dcbfdf9d84d73602cb08f41c,0.5817155111326031,True,evaluation/exp_iid_fixed6/baseline_h200_forecast_capped_base_stock/test.json
exp_iid_fixed6,baseline_h200_forecast_capped_base_stock,forecast_capped_base_stock,,baseline,cold_start,50,test,0,200,evaluation/exp_iid_fixed6/baseline_h200_forecast_capped_base_stock/test.npz,cold_start_h50,cc7fff86d4386c1514b070b2e12b0e98fd39e011008abadb61955785019bc782,,f24275b1f3d17311985fe85f824feb7d9725e1df685cfb880057cbe6f9ad1baf,True,1000,132.38106471338438,33.08724102271693,49.646911845333726,0.504362026177227,58.29775877430504,0.49452545889653265,known quoted arrival dates; overtaking allowed,77ab062b55bec50a2d1c6839fe2113de479eb392dcbfdf9d84d73602cb08f41c,77ab062b55bec50a2d1c6839fe2113de479eb392dcbfdf9d84d73602cb08f41c,0.513118585440591,True,evaluation/exp_iid_fixed6/baseline_h200_forecast_capped_base_stock/test.json
exp_iid_fixed6,baseline_h200_forecast_capped_base_stock,forecast_capped_base_stock,,baseline,cold_start,100,test,0,200,evaluation/exp_iid_fixed6/baseline_h200_forecast_capped_base_stock/test.npz,cold_start_h100,cc7fff86d4386c1514b070b2e12b0e98fd39e011008abadb61955785019bc782,,f24275b1f3d17311985fe85f824feb7d9725e1df685cfb880057cbe6f9ad1baf,True,1000,127.75046672337831,36.35367047791443,45.69839812273193,0.5430761054471834,58.2188274678161,0.49452545889653265,known quoted arrival dates; overtaking allowed,77ab062b55bec50a2d1c6839fe2113de479eb392dcbfdf9d84d73602cb08f41c,77ab062b55bec50a2d1c6839fe2113de479eb392dcbfdf9d84d73602cb08f41c,0.5483035807942472,True,evaluation/exp_iid_fixed6/baseline_h200_forecast_capped_base_stock/test.json
exp_iid_fixed6,baseline_h200_forecast_capped_base_stock,forecast_capped_base_stock,,baseline,cold_start,200,test,0,200,evaluation/exp_iid_fixed6/baseline_h200_forecast_capped_base_stock/test.npz,cold_start_h200,cc7fff86d4386c1514b070b2e12b0e98fd39e011008abadb61955785019bc782,,f24275b1f3d17311985fe85f824feb7d9725e1df685cfb880057cbe6f9ad1baf,True,1000,125.63760214888467,38.194022507183085,43.72178982085079,0.5625899945229406,58.157075463018344,0.49452545889653265,known quoted arrival dates; overtaking allowed,77ab062b55bec50a2d1c6839fe2113de479eb392dcbfdf9d84d73602cb08f41c,77ab062b55bec50a2d1c6839fe2113de479eb392dcbfdf9d84d73602cb08f41c,0.565279447773076,True,evaluation/exp_iid_fixed6/baseline_h200_forecast_capped_base_stock/test.json
exp_iid_fixed6,baseline_h200_forecast_capped_base_stock,forecast_capped_base_stock,,baseline,cold_start,500,test,0,200,evaluation/exp_iid_fixed6/baseline_h200_forecast_capped_base_stock/test.npz,cold_start_h500,cc7fff86d4386c1514b070b2e12b0e98fd39e011008abadb61955785019bc782,,f24275b1f3d17311985fe85f824feb7d9725e1df685cfb880057cbe6f9ad1baf,True,1000,124.42985999963547,39.4007448834426,42.514557558096435,0.574207405122605,58.10912913206229,0.49452545889653265,known quoted arrival dates; overtaking allowed,77ab062b55bec50a2d1c6839fe2113de479eb392dcbfdf9d84d73602cb08f41c,77ab062b55bec50a2d1c6839fe2113de479eb392dcbfdf9d84d73602cb08f41c,0.5753583410153988,True,evaluation/exp_iid_fixed6/baseline_h200_forecast_capped_base_stock/test.json
exp_iid_fixed6,baseline_h200_pil_cop_continuation,pil_cop_continuation,,baseline,steady,50,test,500,200,evaluation/exp_iid_fixed6/baseline_h200_pil_cop_continuation/test.npz,steady_h50,cc7fff86d4386c1514b070b2e12b0e98fd39e011008abadb61955785019bc782,,1030362c6bde4d7ca247c72f99699581f697b50dc4601506a9e42940ffd78e39,True,1000,123.34309708082888,38.777829827494664,42.28263362666712,0.5778439104383508,57.86955094443435,0.9773560001049191,known quoted arrival dates; overtaking allowed,93ffdaafe051ac988f90903b7db11148af7daa5cebb5d59d8328b26a790ec8d2,93ffdaafe051ac988f90903b7db11148af7daa5cebb5d59d8328b26a790ec8d2,0.5882387749544561,True,evaluation/exp_iid_fixed6/baseline_h200_pil_cop_continuation/test.json
exp_iid_fixed6,baseline_h200_pil_cop_continuation,pil_cop_continuation,,baseline,steady,100,test,500,200,evaluation/exp_iid_fixed6/baseline_h200_pil_cop_continuation/test.npz,steady_h100,cc7fff86d4386c1514b070b2e12b0e98fd39e011008abadb61955785019bc782,,1030362c6bde4d7ca247c72f99699581f697b50dc4601506a9e42940ffd78e39,True,1000,123.62369713351934,39.097454306192446,42.26312141366345,0.5778586203954903,57.84740668047892,0.9773560001049191,known quoted arrival dates; overtaking allowed,93ffdaafe051ac988f90903b7db11148af7daa5cebb5d59d8328b26a790ec8d2,93ffdaafe051ac988f90903b7db11148af7daa5cebb5d59d8328b26a790ec8d2,0.5833978601012895,True,evaluation/exp_iid_fixed6/baseline_h200_pil_cop_continuation/test.json
exp_iid_fixed6,baseline_h200_pil_cop_continuation,pil_cop_continuation,,baseline,steady,200,test,500,200,evaluation/exp_iid_fixed6/baseline_h200_pil_cop_continuation/test.npz,steady_h200,cc7fff86d4386c1514b070b2e12b0e98fd39e011008abadb61955785019bc782,,1030362c6bde4d7ca247c72f99699581f697b50dc4601506a9e42940ffd78e39,True,1000,123.48107258002206,39.249682503341376,42.11569503834035,0.5785845532527736,57.83282226898754,0.9773560001049191,known quoted arrival dates; overtaking allowed,93ffdaafe051ac988f90903b7db11148af7daa5cebb5d59d8328b26a790ec8d2,93ffdaafe051ac988f90903b7db11148af7daa5cebb5d59d8328b26a790ec8d2,0.5812267928733008,True,evaluation/exp_iid_fixed6/baseline_h200_pil_cop_continuation/test.json
exp_iid_fixed6,baseline_h200_pil_cop_continuation,pil_cop_continuation,,baseline,steady,500,test,500,200,evaluation/exp_iid_fixed6/baseline_h200_pil_cop_continuation/test.npz,steady_h500,cc7fff86d4386c1514b070b2e12b0e98fd39e011008abadb61955785019bc782,,1030362c6bde4d7ca247c72f99699581f697b50dc4601506a9e42940ffd78e39,True,1000,123.59052360477737,39.16735885728734,42.211582373745024,0.5781032078424462,57.83937034784613,0.9773560001049191,known quoted arrival dates; overtaking allowed,93ffdaafe051ac988f90903b7db11148af7daa5cebb5d59d8328b26a790ec8d2,93ffdaafe051ac988f90903b7db11148af7daa5cebb5d59d8328b26a790ec8d2,0.579090070182726,True,evaluation/exp_iid_fixed6/baseline_h200_pil_cop_continuation/test.json
exp_iid_fixed6,baseline_h200_pil_cop_continuation,pil_cop_continuation,,baseline,cold_start,50,test,0,200,evaluation/exp_iid_fixed6/baseline_h200_pil_cop_continuation/test.npz,cold_start_h50,cc7fff86d4386c1514b070b2e12b0e98fd39e011008abadb61955785019bc782,,1030362c6bde4d7ca247c72f99699581f697b50dc4601506a9e42940ffd78e39,True,1000,132.30595214712463,34.18109195085355,49.06243009813554,0.5101970587734173,58.83189425255088,0.9773560001049191,known quoted arrival dates; overtaking allowed,93ffdaafe051ac988f90903b7db11148af7daa5cebb5d59d8328b26a790ec8d2,93ffdaafe051ac988f90903b7db11148af7daa5cebb5d59d8328b26a790ec8d2,0.5187040656313323,True,evaluation/exp_iid_fixed6/baseline_h200_pil_cop_continuation/test.json
exp_iid_fixed6,baseline_h200_pil_cop_continuation,pil_cop_continuation,,baseline,cold_start,100,test,0,200,evaluation/exp_iid_fixed6/baseline_h200_pil_cop_continuation/test.npz,cold_start_h100,cc7fff86d4386c1514b070b2e12b0e98fd39e011008abadb61955785019bc782,,1030362c6bde4d7ca247c72f99699581f697b50dc4601506a9e42940ffd78e39,True,1000,127.57228005077839,36.49869507005363,45.53679249036239,0.5446919492832334,58.354354136917884,0.9773560001049191,known quoted arrival dates; overtaking allowed,93ffdaafe051ac988f90903b7db11148af7daa5cebb5d59d8328b26a790ec8d2,93ffdaafe051ac988f90903b7db11148af7daa5cebb5d59d8328b26a790ec8d2,0.5497345722264142,True,evaluation/exp_iid_fixed6/baseline_h200_pil_cop_continuation/test.json
exp_iid_fixed6,baseline_h200_pil_cop_continuation,pil_cop_continuation,,baseline,cold_start,200,test,0,200,evaluation/exp_iid_fixed6/baseline_h200_pil_cop_continuation/test.npz,cold_start_h200,cc7fff86d4386c1514b070b2e12b0e98fd39e011008abadb61955785019bc782,,1030362c6bde4d7ca247c72f99699581f697b50dc4601506a9e42940ffd78e39,True,1000,125.45735385381028,37.90738991693373,43.77498196843829,0.5620578393284045,58.09281823079096,0.9773560001049191,known quoted arrival dates; overtaking allowed,93ffdaafe051ac988f90903b7db11148af7daa5cebb5d59d8328b26a790ec8d2,93ffdaafe051ac988f90903b7db11148af7daa5cebb5d59d8328b26a790ec8d2,0.5646463659590177,True,evaluation/exp_iid_fixed6/baseline_h200_pil_cop_continuation/test.json
exp_iid_fixed6,baseline_h200_pil_cop_continuation,pil_cop_continuation,,baseline,cold_start,500,test,0,200,evaluation/exp_iid_fixed6/baseline_h200_pil_cop_continuation/test.npz,cold_start_h500,cc7fff86d4386c1514b070b2e12b0e98fd39e011008abadb61955785019bc782,,1030362c6bde4d7ca247c72f99699581f697b50dc4601506a9e42940ffd78e39,True,1000,124.20147391044411,38.818797129436234,42.691338390503944,0.5724369064116044,57.92771671572977,0.9773560001049191,known quoted arrival dates; overtaking allowed,93ffdaafe051ac988f90903b7db11148af7daa5cebb5d59d8328b26a790ec8d2,93ffdaafe051ac988f90903b7db11148af7daa5cebb5d59d8328b26a790ec8d2,0.5735422061267902,True,evaluation/exp_iid_fixed6/baseline_h200_pil_cop_continuation/test.json
exp_iid_fixed6,self_evolve_h200_r1,self_evolve,1,primary,steady,50,test,500,200,evaluation/exp_iid_fixed6/self_evolve_h200_r1/test.npz,steady_h50,cc7fff86d4386c1514b070b2e12b0e98fd39e011008abadb61955785019bc782,5a9c2559938f19f639982944be23b3b66f63311346d54d9a04d49b248f6f7566,,True,1000,126.08884374164336,37.87812196070278,44.10536089047028,0.5596455309140618,56.042740755665584,0.7883133329451084,known quoted arrival dates; overtaking allowed,f29bafe930a14cf98f8e41574399e3459841d34f805642e4a9bd4804ff1fc63b,f29bafe930a14cf98f8e41574399e3459841d34f805642e4a9bd4804ff1fc63b,0.5692641379316934,True,evaluation/exp_iid_fixed6/self_evolve_h200_r1/test.json
exp_iid_fixed6,self_evolve_h200_r1,self_evolve,1,primary,steady,100,test,500,200,evaluation/exp_iid_fixed6/self_evolve_h200_r1/test.npz,steady_h100,cc7fff86d4386c1514b070b2e12b0e98fd39e011008abadb61955785019bc782,5a9c2559938f19f639982944be23b3b66f63311346d54d9a04d49b248f6f7566,,True,1000,126.42106092401055,38.21296176776321,44.104049578123664,0.5594706753241451,56.00710484170593,0.7883133329451084,known quoted arrival dates; overtaking allowed,f29bafe930a14cf98f8e41574399e3459841d34f805642e4a9bd4804ff1fc63b,f29bafe930a14cf98f8e41574399e3459841d34f805642e4a9bd4804ff1fc63b,0.5646028250995742,True,evaluation/exp_iid_fixed6/self_evolve_h200_r1/test.json
exp_iid_fixed6,self_evolve_h200_r1,self_evolve,1,primary,steady,200,test,500,200,evaluation/exp_iid_fixed6/self_evolve_h200_r1/test.npz,steady_h200,cc7fff86d4386c1514b070b2e12b0e98fd39e011008abadb61955785019bc782,5a9c2559938f19f639982944be23b3b66f63311346d54d9a04d49b248f6f7566,,True,1000,126.25511595949058,38.34745812765705,43.953828915916766,0.5601919324377805,55.99580979738884,0.7883133329451084,known quoted arrival dates; overtaking allowed,f29bafe930a14cf98f8e41574399e3459841d34f805642e4a9bd4804ff1fc63b,f29bafe930a14cf98f8e41574399e3459841d34f805642e4a9bd4804ff1fc63b,0.5626355368300533,True,evaluation/exp_iid_fixed6/self_evolve_h200_r1/test.json
exp_iid_fixed6,self_evolve_h200_r1,self_evolve,1,primary,steady,500,test,500,200,evaluation/exp_iid_fixed6/self_evolve_h200_r1/test.npz,steady_h500,cc7fff86d4386c1514b070b2e12b0e98fd39e011008abadb61955785019bc782,5a9c2559938f19f639982944be23b3b66f63311346d54d9a04d49b248f6f7566,,True,1000,126.38018361401653,38.28167671309024,44.04925345046314,0.5597360325623667,56.00439039433129,0.7883133329451084,known quoted arrival dates; overtaking allowed,f29bafe930a14cf98f8e41574399e3459841d34f805642e4a9bd4804ff1fc63b,f29bafe930a14cf98f8e41574399e3459841d34f805642e4a9bd4804ff1fc63b,0.5606467105649743,True,evaluation/exp_iid_fixed6/self_evolve_h200_r1/test.json
exp_iid_fixed6,self_evolve_h200_r1,self_evolve,1,primary,cold_start,50,test,0,200,evaluation/exp_iid_fixed6/self_evolve_h200_r1/test.npz,cold_start_h50,cc7fff86d4386c1514b070b2e12b0e98fd39e011008abadb61955785019bc782,5a9c2559938f19f639982944be23b3b66f63311346d54d9a04d49b248f6f7566,,True,1000,144.0436365904824,45.309533573092864,49.36705150869478,0.5071559443697063,58.299579669945516,0.7883133329451084,known quoted arrival dates; overtaking allowed,f29bafe930a14cf98f8e41574399e3459841d34f805642e4a9bd4804ff1fc63b,f29bafe930a14cf98f8e41574399e3459841d34f805642e4a9bd4804ff1fc63b,0.5150342371124023,True,evaluation/exp_iid_fixed6/self_evolve_h200_r1/test.json
exp_iid_fixed6,self_evolve_h200_r1,self_evolve,1,primary,cold_start,100,test,0,200,evaluation/exp_iid_fixed6/self_evolve_h200_r1/test.npz,cold_start_h100,cc7fff86d4386c1514b070b2e12b0e98fd39e011008abadb61955785019bc782,5a9c2559938f19f639982944be23b3b66f63311346d54d9a04d49b248f6f7566,,True,1000,134.78823460529648,41.58910063235394,46.59956698647127,0.5340656017143472,57.168990698073586,0.7883133329451084,known quoted arrival dates; overtaking allowed,f29bafe930a14cf98f8e41574399e3459841d34f805642e4a9bd4804ff1fc63b,f29bafe930a14cf98f8e41574399e3459841d34f805642e4a9bd4804ff1fc63b,0.5387415615675909,True,evaluation/exp_iid_fixed6/self_evolve_h200_r1/test.json
exp_iid_fixed6,self_evolve_h200_r1,self_evolve,1,primary,cold_start,200,test,0,200,evaluation/exp_iid_fixed6/self_evolve_h200_r1/test.npz,cold_start_h200,cc7fff86d4386c1514b070b2e12b0e98fd39e011008abadb61955785019bc782,5a9c2559938f19f639982944be23b3b66f63311346d54d9a04d49b248f6f7566,,True,1000,130.42125727214298,39.97203972443186,45.22460877385557,0.5475552018221314,56.58495448636167,0.7883133329451084,known quoted arrival dates; overtaking allowed,f29bafe930a14cf98f8e41574399e3459841d34f805642e4a9bd4804ff1fc63b,f29bafe930a14cf98f8e41574399e3459841d34f805642e4a9bd4804ff1fc63b,0.5499470154566898,True,evaluation/exp_iid_fixed6/self_evolve_h200_r1/test.json
exp_iid_fixed6,self_evolve_h200_r1,self_evolve,1,primary,cold_start,500,test,0,200,evaluation/exp_iid_fixed6/self_evolve_h200_r1/test.npz,cold_start_h500,cc7fff86d4386c1514b070b2e12b0e98fd39e011008abadb61955785019bc782,5a9c2559938f19f639982944be23b3b66f63311346d54d9a04d49b248f6f7566,,True,1000,127.8603647467339,39.11071715286853,44.37482379693267,0.5555764317691955,56.21925639800655,0.7883133329451084,known quoted arrival dates; overtaking allowed,f29bafe930a14cf98f8e41574399e3459841d34f805642e4a9bd4804ff1fc63b,f29bafe930a14cf98f8e41574399e3459841d34f805642e4a9bd4804ff1fc63b,0.5566013254075454,True,evaluation/exp_iid_fixed6/self_evolve_h200_r1/test.json
exp_iid_fixed6,self_evolve_h200_r2,self_evolve,2,primary,steady,50,test,500,200,evaluation/exp_iid_fixed6/self_evolve_h200_r2/test.npz,steady_h50,cc7fff86d4386c1514b070b2e12b0e98fd39e011008abadb61955785019bc782,53c8c8dc17081e41a02015bf56580c624f62e56cc5094182f482bc5936ebac9f,,True,1000,123.94775360554141,32.733325019526575,45.60721429300742,0.5446508036435717,54.51039576564953,0.4846600419841707,known quoted arrival dates; overtaking allowed,29a15bd57fd500f695b8585ddfc06ccd4de461f33bfafff741667cb3ce0b6cf3,29a15bd57fd500f695b8585ddfc06ccd4de461f33bfafff741667cb3ce0b6cf3,0.5548716976402264,True,evaluation/exp_iid_fixed6/self_evolve_h200_r2/test.json
exp_iid_fixed6,self_evolve_h200_r2,self_evolve,2,primary,steady,100,test,500,200,evaluation/exp_iid_fixed6/self_evolve_h200_r2/test.npz,steady_h100,cc7fff86d4386c1514b070b2e12b0e98fd39e011008abadb61955785019bc782,53c8c8dc17081e41a02015bf56580c624f62e56cc5094182f482bc5936ebac9f,,True,1000,124.23459627156106,33.00662980338823,45.61398323408641,0.5443888390726153,54.492659814716156,0.4846600419841707,known quoted arrival dates; overtaking allowed,29a15bd57fd500f695b8585ddfc06ccd4de461f33bfafff741667cb3ce0b6cf3,29a15bd57fd500f695b8585ddfc06ccd4de461f33bfafff741667cb3ce0b6cf3,0.5498560903399662,True,evaluation/exp_iid_fixed6/self_evolve_h200_r2/test.json
exp_iid_fixed6,self_evolve_h200_r2,self_evolve,2,primary,steady,200,test,500,200,evaluation/exp_iid_fixed6/self_evolve_h200_r2/test.npz,steady_h200,cc7fff86d4386c1514b070b2e12b0e98fd39e011008abadb61955785019bc782,53c8c8dc17081e41a02015bf56580c624f62e56cc5094182f482bc5936ebac9f,,True,1000,124.09515814852715,33.21022373271203,45.44246720790755,0.5452964126014529,54.498138716361574,0.4846600419841707,known quoted arrival dates; overtaking allowed,29a15bd57fd500f695b8585ddfc06ccd4de461f33bfafff741667cb3ce0b6cf3,29a15bd57fd500f695b8585ddfc06ccd4de461f33bfafff741667cb3ce0b6cf3,0.547898854039096,True,evaluation/exp_iid_fixed6/self_evolve_h200_r2/test.json
exp_iid_fixed6,self_evolve_h200_r2,self_evolve,2,primary,steady,500,test,500,200,evaluation/exp_iid_fixed6/self_evolve_h200_r2/test.npz,steady_h500,cc7fff86d4386c1514b070b2e12b0e98fd39e011008abadb61955785019bc782,53c8c8dc17081e41a02015bf56580c624f62e56cc5094182f482bc5936ebac9f,,True,1000,124.22256855477278,33.12600274157091,45.54828290660094,0.5447535163113866,54.4997750688978,0.4846600419841707,known quoted arrival dates; overtaking allowed,29a15bd57fd500f695b8585ddfc06ccd4de461f33bfafff741667cb3ce0b6cf3,29a15bd57fd500f695b8585ddfc06ccd4de461f33bfafff741667cb3ce0b6cf3,0.5457276032408134,True,evaluation/exp_iid_fixed6/self_evolve_h200_r2/test.json
exp_iid_fixed6,self_evolve_h200_r2,self_evolve,2,primary,cold_start,50,test,0,200,evaluation/exp_iid_fixed6/self_evolve_h200_r2/test.npz,cold_start_h50,cc7fff86d4386c1514b070b2e12b0e98fd39e011008abadb61955785019bc782,53c8c8dc17081e41a02015bf56580c624f62e56cc5094182f482bc5936ebac9f,,True,1000,149.28649332767264,55.331970412378,46.97726145764733,0.531013837131556,60.39582999807381,0.4846600419841707,known quoted arrival dates; overtaking allowed,29a15bd57fd500f695b8585ddfc06ccd4de461f33bfafff741667cb3ce0b6cf3,29a15bd57fd500f695b8585ddfc06ccd4de461f33bfafff741667cb3ce0b6cf3,0.5401584658680688,True,evaluation/exp_iid_fixed6/self_evolve_h200_r2/test.json
exp_iid_fixed6,self_evolve_h200_r2,self_evolve,2,primary,cold_start,100,test,0,200,evaluation/exp_iid_fixed6/self_evolve_h200_r2/test.npz,cold_start_h100,cc7fff86d4386c1514b070b2e12b0e98fd39e011008abadb61955785019bc782,53c8c8dc17081e41a02015bf56580c624f62e56cc5094182f482bc5936ebac9f,,True,1000,136.36391577370304,44.01865941014534,46.17262818177885,0.5383344283995161,57.45515139547479,0.4846600419841707,known quoted arrival dates; overtaking allowed,29a15bd57fd500f695b8585ddfc06ccd4de461f33bfafff741667cb3ce0b6cf3,29a15bd57fd500f695b8585ddfc06ccd4de461f33bfafff741667cb3ce0b6cf3,0.5435342086421274,True,evaluation/exp_iid_fixed6/self_evolve_h200_r2/test.json
exp_iid_fixed6,self_evolve_h200_r2,self_evolve,2,primary,cold_start,200,test,0,200,evaluation/exp_iid_fixed6/self_evolve_h200_r2/test.npz,cold_start_h200,cc7fff86d4386c1514b070b2e12b0e98fd39e011008abadb61955785019bc782,53c8c8dc17081e41a02015bf56580c624f62e56cc5094182f482bc5936ebac9f,,True,1000,130.10143848189307,38.58843379229042,45.75650234480132,0.5422339290486722,55.979198509228354,0.4846600419841707,known quoted arrival dates; overtaking allowed,29a15bd57fd500f695b8585ddfc06ccd4de461f33bfafff741667cb3ce0b6cf3,29a15bd57fd500f695b8585ddfc06ccd4de461f33bfafff741667cb3ce0b6cf3,0.5448536074998271,True,evaluation/exp_iid_fixed6/self_evolve_h200_r2/test.json
exp_iid_fixed6,self_evolve_h200_r2,self_evolve,2,primary,cold_start,500,test,0,200,evaluation/exp_iid_fixed6/self_evolve_h200_r2/test.npz,cold_start_h500,cc7fff86d4386c1514b070b2e12b0e98fd39e011008abadb61955785019bc782,53c8c8dc17081e41a02015bf56580c624f62e56cc5094182f482bc5936ebac9f,,True,1000,126.39677397667113,35.436178963959,45.48029750635607,0.5445048707242309,55.0884330884297,0.4846600419841707,known quoted arrival dates; overtaking allowed,29a15bd57fd500f695b8585ddfc06ccd4de461f33bfafff741667cb3ce0b6cf3,29a15bd57fd500f695b8585ddfc06ccd4de461f33bfafff741667cb3ce0b6cf3,0.5456099882250884,True,evaluation/exp_iid_fixed6/self_evolve_h200_r2/test.json
exp_iid_fixed6,self_evolve_h200_r3,self_evolve,3,primary,steady,50,test,500,200,evaluation/exp_iid_fixed6/self_evolve_h200_r3/test.npz,steady_h50,cc7fff86d4386c1514b070b2e12b0e98fd39e011008abadb61955785019bc782,cc0efaec3c91bb18e629516b76b8d39e75df6c4b141af44eab330dca2f1dcac1,,True,1000,124.41929890327908,40.43589822894362,41.99170033716773,0.5807486315799618,58.139534172454695,0.5354509581811726,known quoted arrival dates; overtaking allowed,e81c8f3af86d7521a566ffe97314e9a2f3b82e835132d8355f462ab6b46183af,e81c8f3af86d7521a566ffe97314e9a2f3b82e835132d8355f462ab6b46183af,0.5915686167253417,True,evaluation/exp_iid_fixed6/self_evolve_h200_r3/test.json
exp_iid_fixed6,self_evolve_h200_r3,self_evolve,3,primary,steady,100,test,500,200,evaluation/exp_iid_fixed6/self_evolve_h200_r3/test.npz,steady_h100,cc7fff86d4386c1514b070b2e12b0e98fd39e011008abadb61955785019bc782,cc0efaec3c91bb18e629516b76b8d39e75df6c4b141af44eab330dca2f1dcac1,,True,1000,124.5527142405177,40.62666913610329,41.96302255220721,0.5808561308290647,58.15216373828791,0.5354509581811726,known quoted arrival dates; overtaking allowed,e81c8f3af86d7521a566ffe97314e9a2f3b82e835132d8355f462ab6b46183af,e81c8f3af86d7521a566ffe97314e9a2f3b82e835132d8355f462ab6b46183af,0.586634617000465,True,evaluation/exp_iid_fixed6/self_evolve_h200_r3/test.json
exp_iid_fixed6,self_evolve_h200_r3,self_evolve,3,primary,steady,200,test,500,200,evaluation/exp_iid_fixed6/self_evolve_h200_r3/test.npz,steady_h200,cc7fff86d4386c1514b070b2e12b0e98fd39e011008abadb61955785019bc782,cc0efaec3c91bb18e629516b76b8d39e75df6c4b141af44eab330dca2f1dcac1,,True,1000,124.57429921986368,40.95227578541188,41.8110117172259,0.5816332565394458,58.12647460245082,0.5354509581811726,known quoted arrival dates; overtaking allowed,e81c8f3af86d7521a566ffe97314e9a2f3b82e835132d8355f462ab6b46183af,e81c8f3af86d7521a566ffe97314e9a2f3b82e835132d8355f462ab6b46183af,0.5843775337292024,True,evaluation/exp_iid_fixed6/self_evolve_h200_r3/test.json
exp_iid_fixed6,self_evolve_h200_r3,self_evolve,3,primary,steady,500,test,500,200,evaluation/exp_iid_fixed6/self_evolve_h200_r3/test.npz,steady_h500,cc7fff86d4386c1514b070b2e12b0e98fd39e011008abadb61955785019bc782,cc0efaec3c91bb18e629516b76b8d39e75df6c4b141af44eab330dca2f1dcac1,,True,1000,124.6947457879677,40.84017557219692,41.927285107885396,0.5809447053116324,58.11917415251407,0.5354509581811726,known quoted arrival dates; overtaking allowed,e81c8f3af86d7521a566ffe97314e9a2f3b82e835132d8355f462ab6b46183af,e81c8f3af86d7521a566ffe97314e9a2f3b82e835132d8355f462ab6b46183af,0.5819818778561104,True,evaluation/exp_iid_fixed6/self_evolve_h200_r3/test.json
exp_iid_fixed6,self_evolve_h200_r3,self_evolve,3,primary,cold_start,50,test,0,200,evaluation/exp_iid_fixed6/self_evolve_h200_r3/test.npz,cold_start_h50,cc7fff86d4386c1514b070b2e12b0e98fd39e011008abadb61955785019bc782,cc0efaec3c91bb18e629516b76b8d39e75df6c4b141af44eab330dca2f1dcac1,,True,1000,142.3232656838053,51.59861822148338,45.36232373116095,0.5471361785391997,62.581203597402855,0.5354509581811726,known quoted arrival dates; overtaking allowed,e81c8f3af86d7521a566ffe97314e9a2f3b82e835132d8355f462ab6b46183af,e81c8f3af86d7521a566ffe97314e9a2f3b82e835132d8355f462ab6b46183af,0.5565567679525603,True,evaluation/exp_iid_fixed6/self_evolve_h200_r3/test.json
exp_iid_fixed6,self_evolve_h200_r3,self_evolve,3,primary,cold_start,100,test,0,200,evaluation/exp_iid_fixed6/self_evolve_h200_r3/test.npz,cold_start_h100,cc7fff86d4386c1514b070b2e12b0e98fd39e011008abadb61955785019bc782,cc0efaec3c91bb18e629516b76b8d39e75df6c4b141af44eab330dca2f1dcac1,,True,1000,133.14441696152218,45.992974415657216,43.57572127293247,0.5643000829372176,60.34077517486221,0.5354509581811726,known quoted arrival dates; overtaking allowed,e81c8f3af86d7521a566ffe97314e9a2f3b82e835132d8355f462ab6b46183af,e81c8f3af86d7521a566ffe97314e9a2f3b82e835132d8355f462ab6b46183af,0.5697613718334421,True,evaluation/exp_iid_fixed6/self_evolve_h200_r3/test.json
exp_iid_fixed6,self_evolve_h200_r3,self_evolve,3,primary,cold_start,200,test,0,200,evaluation/exp_iid_fixed6/self_evolve_h200_r3/test.npz,cold_start_h200,cc7fff86d4386c1514b070b2e12b0e98fd39e011008abadb61955785019bc782,cc0efaec3c91bb18e629516b76b8d39e75df6c4b141af44eab330dca2f1dcac1,,True,1000,128.83809955993388,43.58383661552256,42.62713147220566,0.5735413877810461,59.2497386431394,0.5354509581811726,known quoted arrival dates; overtaking allowed,e81c8f3af86d7521a566ffe97314e9a2f3b82e835132d8355f462ab6b46183af,e81c8f3af86d7521a566ffe97314e9a2f3b82e835132d8355f462ab6b46183af,0.5763152760874548,True,evaluation/exp_iid_fixed6/self_evolve_h200_r3/test.json
exp_iid_fixed6,self_evolve_h200_r3,self_evolve,3,primary,cold_start,500,test,0,200,evaluation/exp_iid_fixed6/self_evolve_h200_r3/test.npz,cold_start_h500,cc7fff86d4386c1514b070b2e12b0e98fd39e011008abadb61955785019bc782,cc0efaec3c91bb18e629516b76b8d39e75df6c4b141af44eab330dca2f1dcac1,,True,1000,126.18873519293635,42.063748562572066,42.06249331518213,0.578734927413734,58.56572506694703,0.5354509581811726,known quoted arrival dates; overtaking allowed,e81c8f3af86d7521a566ffe97314e9a2f3b82e835132d8355f462ab6b46183af,e81c8f3af86d7521a566ffe97314e9a2f3b82e835132d8355f462ab6b46183af,0.5799033240140937,True,evaluation/exp_iid_fixed6/self_evolve_h200_r3/test.json
exp_iid_random3_9,baseline_h200_base_stock,base_stock,,baseline,steady,50,test,500,200,evaluation/exp_iid_random3_9/baseline_h200_base_stock/test.npz,steady_h50,8b04251a10d91ba3d3c15d77990badf9f9b94e8a3e1d0c3cd51c8ace0a33509a,,fcbb736900dbfc98698f36acf3d238220a1df3c6664650f0bcd0aa838eeeac14,True,1000,146.73215677983936,41.62743939179838,52.55235869402048,0.4753094511710633,47.59886824627954,0.6019675000570714,known quoted arrival dates; overtaking allowed,7db388c59fb5996ad15ca72f4ee5ae1c78658ea22ba66c9ba0faac5e8ee7082e,7db388c59fb5996ad15ca72f4ee5ae1c78658ea22ba66c9ba0faac5e8ee7082e,0.4834093987349724,True,evaluation/exp_iid_random3_9/baseline_h200_base_stock/test.json
exp_iid_random3_9,baseline_h200_base_stock,base_stock,,baseline,steady,100,test,500,200,evaluation/exp_iid_random3_9/baseline_h200_base_stock/test.npz,steady_h100,8b04251a10d91ba3d3c15d77990badf9f9b94e8a3e1d0c3cd51c8ace0a33509a,,fcbb736900dbfc98698f36acf3d238220a1df3c6664650f0bcd0aa838eeeac14,True,1000,147.21870443387047,41.877701429182565,52.67050150234396,0.4739054422640772,47.44435939405841,0.6019675000570714,known quoted arrival dates; overtaking allowed,7db388c59fb5996ad15ca72f4ee5ae1c78658ea22ba66c9ba0faac5e8ee7082e,7db388c59fb5996ad15ca72f4ee5ae1c78658ea22ba66c9ba0faac5e8ee7082e,0.478234489391986,True,evaluation/exp_iid_random3_9/baseline_h200_base_stock/test.json
exp_iid_random3_9,baseline_h200_base_stock,base_stock,,baseline,steady,200,test,500,200,evaluation/exp_iid_random3_9/baseline_h200_base_stock/test.npz,steady_h200,8b04251a10d91ba3d3c15d77990badf9f9b94e8a3e1d0c3cd51c8ace0a33509a,,fcbb736900dbfc98698f36acf3d238220a1df3c6664650f0bcd0aa838eeeac14,True,1000,147.01894468770547,41.79559520134386,52.611674743180814,0.473560334316377,47.33969271521573,0.6019675000570714,known quoted arrival dates; overtaking allowed,7db388c59fb5996ad15ca72f4ee5ae1c78658ea22ba66c9ba0faac5e8ee7082e,7db388c59fb5996ad15ca72f4ee5ae1c78658ea22ba66c9ba0faac5e8ee7082e,0.4756125073092547,True,evaluation/exp_iid_random3_9/baseline_h200_base_stock/test.json
exp_iid_random3_9,baseline_h200_base_stock,base_stock,,baseline,steady,500,test,500,200,evaluation/exp_iid_random3_9/baseline_h200_base_stock/test.npz,steady_h500,8b04251a10d91ba3d3c15d77990badf9f9b94e8a3e1d0c3cd51c8ace0a33509a,,fcbb736900dbfc98698f36acf3d238220a1df3c6664650f0bcd0aa838eeeac14,True,1000,147.04104784899903,41.77553304358684,52.63275740270609,0.4739455319632843,47.41936798417212,0.6019675000570714,known quoted arrival dates; overtaking allowed,7db388c59fb5996ad15ca72f4ee5ae1c78658ea22ba66c9ba0faac5e8ee7082e,7db388c59fb5996ad15ca72f4ee5ae1c78658ea22ba66c9ba0faac5e8ee7082e,0.4747165869180235,True,evaluation/exp_iid_random3_9/baseline_h200_base_stock/test.json
exp_iid_random3_9,baseline_h200_base_stock,base_stock,,baseline,cold_start,50,test,0,200,evaluation/exp_iid_random3_9/baseline_h200_base_stock/test.npz,cold_start_h50,8b04251a10d91ba3d3c15d77990badf9f9b94e8a3e1d0c3cd51c8ace0a33509a,,fcbb736900dbfc98698f36acf3d238220a1df3c6664650f0bcd0aa838eeeac14,True,1000,160.96089163066847,48.020898754814404,56.46999643792704,0.43624540629098574,50.2140028763216,0.6019675000570714,known quoted arrival dates; overtaking allowed,7db388c59fb5996ad15ca72f4ee5ae1c78658ea22ba66c9ba0faac5e8ee7082e,7db388c59fb5996ad15ca72f4ee5ae1c78658ea22ba66c9ba0faac5e8ee7082e,0.4430974632168843,True,evaluation/exp_iid_random3_9/baseline_h200_base_stock/test.json
exp_iid_random3_9,baseline_h200_base_stock,base_stock,,baseline,cold_start,100,test,0,200,evaluation/exp_iid_random3_9/baseline_h200_base_stock/test.npz,cold_start_h100,8b04251a10d91ba3d3c15d77990badf9f9b94e8a3e1d0c3cd51c8ace0a33509a,,fcbb736900dbfc98698f36acf3d238220a1df3c6664650f0bcd0aa838eeeac14,True,1000,153.8361356847151,45.002890590674916,54.4166225470201,0.45590532438758075,48.87906442821756,0.6019675000570714,known quoted arrival dates; overtaking allowed,7db388c59fb5996ad15ca72f4ee5ae1c78658ea22ba66c9ba0faac5e8ee7082e,7db388c59fb5996ad15ca72f4ee5ae1c78658ea22ba66c9ba0faac5e8ee7082e,0.45979822360436523,True,evaluation/exp_iid_random3_9/baseline_h200_base_stock/test.json
exp_iid_random3_9,baseline_h200_base_stock,base_stock,,baseline,cold_start,200,test,0,200,evaluation/exp_iid_random3_9/baseline_h200_base_stock/test.npz,cold_start_h200,8b04251a10d91ba3d3c15d77990badf9f9b94e8a3e1d0c3cd51c8ace0a33509a,,fcbb736900dbfc98698f36acf3d238220a1df3c6664650f0bcd0aa838eeeac14,True,1000,150.2789912175513,43.41093507946977,53.43402806904077,0.4654249378602943,48.14418190921178,0.6019675000570714,known quoted arrival dates; overtaking allowed,7db388c59fb5996ad15ca72f4ee5ae1c78658ea22ba66c9ba0faac5e8ee7082e,7db388c59fb5996ad15ca72f4ee5ae1c78658ea22ba66c9ba0faac5e8ee7082e,0.4674845079062695,True,evaluation/exp_iid_random3_9/baseline_h200_base_stock/test.json
exp_iid_random3_9,baseline_h200_base_stock,base_stock,,baseline,cold_start,500,test,0,200,evaluation/exp_iid_random3_9/baseline_h200_base_stock/test.npz,cold_start_h500,8b04251a10d91ba3d3c15d77990badf9f9b94e8a3e1d0c3cd51c8ace0a33509a,,fcbb736900dbfc98698f36acf3d238220a1df3c6664650f0bcd0aa838eeeac14,True,1000,148.30602672581148,42.61351998476273,52.846253370524394,0.4707332112903835,47.65135627936041,0.6019675000570714,known quoted arrival dates; overtaking allowed,7db388c59fb5996ad15ca72f4ee5ae1c78658ea22ba66c9ba0faac5e8ee7082e,7db388c59fb5996ad15ca72f4ee5ae1c78658ea22ba66c9ba0faac5e8ee7082e,0.4715962255135338,True,evaluation/exp_iid_random3_9/baseline_h200_base_stock/test.json
exp_iid_random3_9,baseline_h200_capped_base_stock,capped_base_stock,,baseline,steady,50,test,500,200,evaluation/exp_iid_random3_9/baseline_h200_capped_base_stock/test.npz,steady_h50,8b04251a10d91ba3d3c15d77990badf9f9b94e8a3e1d0c3cd51c8ace0a33509a,,3b93617114c4646c9fe18e3bfaaedae4f28e36bb1b91136d01480148e44e1faa,True,1000,136.15804841218548,37.57246081338507,49.292793799400215,0.5078534308515879,50.86776168369609,0.4723576670512557,known quoted arrival dates; overtaking allowed,6ca317df6fd656871074fd33661f41ba84a7c6e5ab2ac88ed18d2ee8081c6bc4,6ca317df6fd656871074fd33661f41ba84a7c6e5ab2ac88ed18d2ee8081c6bc4,0.5169463041598819,True,evaluation/exp_iid_random3_9/baseline_h200_capped_base_stock/test.json
exp_iid_random3_9,baseline_h200_capped_base_stock,capped_base_stock,,baseline,steady,100,test,500,200,evaluation/exp_iid_random3_9/baseline_h200_capped_base_stock/test.npz,steady_h100,8b04251a10d91ba3d3c15d77990badf9f9b94e8a3e1d0c3cd51c8ace0a33509a,,3b93617114c4646c9fe18e3bfaaedae4f28e36bb1b91136d01480148e44e1faa,True,1000,136.4254952036176,37.67231732150478,49.37658894105642,0.506806391044188,50.754998794878766,0.4723576670512557,known quoted arrival dates; overtaking allowed,6ca317df6fd656871074fd33661f41ba84a7c6e5ab2ac88ed18d2ee8081c6bc4,6ca317df6fd656871074fd33661f41ba84a7c6e5ab2ac88ed18d2ee8081c6bc4,0.5116218756470593,True,evaluation/exp_iid_random3_9/baseline_h200_capped_base_stock/test.json
exp_iid_random3_9,baseline_h200_capped_base_stock,capped_base_stock,,baseline,steady,200,test,500,200,evaluation/exp_iid_random3_9/baseline_h200_capped_base_stock/test.npz,steady_h200,8b04251a10d91ba3d3c15d77990badf9f9b94e8a3e1d0c3cd51c8ace0a33509a,,3b93617114c4646c9fe18e3bfaaedae4f28e36bb1b91136d01480148e44e1faa,True,1000,136.05529533557402,37.58851576454744,49.23338978551329,0.5073639190222414,50.727193192995266,0.4723576670512557,known quoted arrival dates; overtaking allowed,6ca317df6fd656871074fd33661f41ba84a7c6e5ab2ac88ed18d2ee8081c6bc4,6ca317df6fd656871074fd33661f41ba84a7c6e5ab2ac88ed18d2ee8081c6bc4,0.5096446803147058,True,evaluation/exp_iid_random3_9/baseline_h200_capped_base_stock/test.json
exp_iid_random3_9,baseline_h200_capped_base_stock,capped_base_stock,,baseline,steady,500,test,500,200,evaluation/exp_iid_random3_9/baseline_h200_capped_base_stock/test.npz,steady_h500,8b04251a10d91ba3d3c15d77990badf9f9b94e8a3e1d0c3cd51c8ace0a33509a,,3b93617114c4646c9fe18e3bfaaedae4f28e36bb1b91136d01480148e44e1faa,True,1000,136.0628418711206,37.47925425299399,49.291793809063336,0.5073378319816265,50.76057069665701,0.4723576670512557,known quoted arrival dates; overtaking allowed,6ca317df6fd656871074fd33661f41ba84a7c6e5ab2ac88ed18d2ee8081c6bc4,6ca317df6fd656871074fd33661f41ba84a7c6e5ab2ac88ed18d2ee8081c6bc4,0.5081921876891277,True,evaluation/exp_iid_random3_9/baseline_h200_capped_base_stock/test.json
exp_iid_random3_9,baseline_h200_capped_base_stock,capped_base_stock,,baseline,cold_start,50,test,0,200,evaluation/exp_iid_random3_9/baseline_h200_capped_base_stock/test.npz,cold_start_h50,8b04251a10d91ba3d3c15d77990badf9f9b94e8a3e1d0c3cd51c8ace0a33509a,,3b93617114c4646c9fe18e3bfaaedae4f28e36bb1b91136d01480148e44e1faa,True,1000,142.24242671309855,31.76253107991041,55.239947816594075,0.4485253001196342,51.807188253529446,0.4723576670512557,known quoted arrival dates; overtaking allowed,6ca317df6fd656871074fd33661f41ba84a7c6e5ab2ac88ed18d2ee8081c6bc4,6ca317df6fd656871074fd33661f41ba84a7c6e5ab2ac88ed18d2ee8081c6bc4,0.4558713467166283,True,evaluation/exp_iid_random3_9/baseline_h200_capped_base_stock/test.json
exp_iid_random3_9,baseline_h200_capped_base_stock,capped_base_stock,,baseline,cold_start,100,test,0,200,evaluation/exp_iid_random3_9/baseline_h200_capped_base_stock/test.npz,cold_start_h100,8b04251a10d91ba3d3c15d77990badf9f9b94e8a3e1d0c3cd51c8ace0a33509a,,3b93617114c4646c9fe18e3bfaaedae4f28e36bb1b91136d01480148e44e1faa,True,1000,138.7179041774349,34.43428672502625,52.141808726204324,0.4786504715500295,51.324735692067236,0.4723576670512557,known quoted arrival dates; overtaking allowed,6ca317df6fd656871074fd33661f41ba84a7c6e5ab2ac88ed18d2ee8081c6bc4,6ca317df6fd656871074fd33661f41ba84a7c6e5ab2ac88ed18d2ee8081c6bc4,0.48300466855494384,True,evaluation/exp_iid_random3_9/baseline_h200_capped_base_stock/test.json
exp_iid_random3_9,baseline_h200_capped_base_stock,capped_base_stock,,baseline,cold_start,200,test,0,200,evaluation/exp_iid_random3_9/baseline_h200_capped_base_stock/test.npz,cold_start_h200,8b04251a10d91ba3d3c15d77990badf9f9b94e8a3e1d0c3cd51c8ace0a33509a,,3b93617114c4646c9fe18e3bfaaedae4f28e36bb1b91136d01480148e44e1faa,True,1000,137.12401365748303,35.93864636778776,50.59268364484764,0.49385086656177263,51.04834752386628,0.4723576670512557,known quoted arrival dates; overtaking allowed,6ca317df6fd656871074fd33661f41ba84a7c6e5ab2ac88ed18d2ee8081c6bc4,6ca317df6fd656871074fd33661f41ba84a7c6e5ab2ac88ed18d2ee8081c6bc4,0.4960826569651629,True,evaluation/exp_iid_random3_9/baseline_h200_capped_base_stock/test.json
exp_iid_random3_9,baseline_h200_capped_base_stock,capped_base_stock,,baseline,cold_start,500,test,0,200,evaluation/exp_iid_random3_9/baseline_h200_capped_base_stock/test.npz,cold_start_h500,8b04251a10d91ba3d3c15d77990badf9f9b94e8a3e1d0c3cd51c8ace0a33509a,,3b93617114c4646c9fe18e3bfaaedae4f28e36bb1b91136d01480148e44e1faa,True,1000,136.27997002778483,36.93089644829017,49.67453678974732,0.5024986467250405,50.85607319020301,0.4723576670512557,known quoted arrival dates; overtaking allowed,6ca317df6fd656871074fd33661f41ba84a7c6e5ab2ac88ed18d2ee8081c6bc4,6ca317df6fd656871074fd33661f41ba84a7c6e5ab2ac88ed18d2ee8081c6bc4,0.5034554151949939,True,evaluation/exp_iid_random3_9/baseline_h200_capped_base_stock/test.json
exp_iid_random3_9,baseline_h200_conditional_pil,conditional_pil,,baseline,steady,50,test,500,200,evaluation/exp_iid_random3_9/baseline_h200_conditional_pil/test.npz,steady_h50,8b04251a10d91ba3d3c15d77990badf9f9b94e8a3e1d0c3cd51c8ace0a33509a,,4c275060cd6b34411d8b4c6e7b509a99ccffa8276146162dc77b080e14540b2b,True,1000,132.19544439691327,39.46165081928825,46.366896788812504,0.537066020856171,53.78942335241588,1.103346916148439,known quoted arrival dates; overtaking allowed,3c301b841cabaa22a43fee953ddde671388b52efaf671925f371222d5e8fabce,3c301b841cabaa22a43fee953ddde671388b52efaf671925f371222d5e8fabce,0.5468115660318535,True,evaluation/exp_iid_random3_9/baseline_h200_conditional_pil/test.json
exp_iid_random3_9,baseline_h200_conditional_pil,conditional_pil,,baseline,steady,100,test,500,200,evaluation/exp_iid_random3_9/baseline_h200_conditional_pil/test.npz,steady_h100,8b04251a10d91ba3d3c15d77990badf9f9b94e8a3e1d0c3cd51c8ace0a33509a,,4c275060cd6b34411d8b4c6e7b509a99ccffa8276146162dc77b080e14540b2b,True,1000,132.34967407175802,39.56889648506513,46.390388793346446,0.536633782111473,53.72381821156737,1.103346916148439,known quoted arrival dates; overtaking allowed,3c301b841cabaa22a43fee953ddde671388b52efaf671925f371222d5e8fabce,3c301b841cabaa22a43fee953ddde671388b52efaf671925f371222d5e8fabce,0.541827302450102,True,evaluation/exp_iid_random3_9/baseline_h200_conditional_pil/test.json
exp_iid_random3_9,baseline_h200_conditional_pil,conditional_pil,,baseline,steady,200,test,500,200,evaluation/exp_iid_random3_9/baseline_h200_conditional_pil/test.npz,steady_h200,8b04251a10d91ba3d3c15d77990badf9f9b94e8a3e1d0c3cd51c8ace0a33509a,,4c275060cd6b34411d8b4c6e7b509a99ccffa8276146162dc77b080e14540b2b,True,1000,132.23273220434578,39.74895729978228,46.24188745228176,0.5372973035017444,53.72376237131993,1.103346916148439,known quoted arrival dates; overtaking allowed,3c301b841cabaa22a43fee953ddde671388b52efaf671925f371222d5e8fabce,3c301b841cabaa22a43fee953ddde671388b52efaf671925f371222d5e8fabce,0.5397537830086544,True,evaluation/exp_iid_random3_9/baseline_h200_conditional_pil/test.json
exp_iid_random3_9,baseline_h200_conditional_pil,conditional_pil,,baseline,steady,500,test,500,200,evaluation/exp_iid_random3_9/baseline_h200_conditional_pil/test.npz,steady_h500,8b04251a10d91ba3d3c15d77990badf9f9b94e8a3e1d0c3cd51c8ace0a33509a,,4c275060cd6b34411d8b4c6e7b509a99ccffa8276146162dc77b080e14540b2b,True,1000,132.3306691027788,39.70689466420217,46.31188721928832,0.5371214354491239,53.73731767497747,1.103346916148439,known quoted arrival dates; overtaking allowed,3c301b841cabaa22a43fee953ddde671388b52efaf671925f371222d5e8fabce,3c301b841cabaa22a43fee953ddde671388b52efaf671925f371222d5e8fabce,0.5380443438027156,True,evaluation/exp_iid_random3_9/baseline_h200_conditional_pil/test.json
exp_iid_random3_9,baseline_h200_conditional_pil,conditional_pil,,baseline,cold_start,50,test,0,200,evaluation/exp_iid_random3_9/baseline_h200_conditional_pil/test.npz,cold_start_h50,8b04251a10d91ba3d3c15d77990badf9f9b94e8a3e1d0c3cd51c8ace0a33509a,,4c275060cd6b34411d8b4c6e7b509a99ccffa8276146162dc77b080e14540b2b,True,1000,138.21721582780307,35.228678801757724,51.49426851302268,0.4859193863096399,57.315790611820056,1.103346916148439,known quoted arrival dates; overtaking allowed,3c301b841cabaa22a43fee953ddde671388b52efaf671925f371222d5e8fabce,3c301b841cabaa22a43fee953ddde671388b52efaf671925f371222d5e8fabce,0.4939655648583715,True,evaluation/exp_iid_random3_9/baseline_h200_conditional_pil/test.json
exp_iid_random3_9,baseline_h200_conditional_pil,conditional_pil,,baseline,cold_start,100,test,0,200,evaluation/exp_iid_random3_9/baseline_h200_conditional_pil/test.npz,cold_start_h100,8b04251a10d91ba3d3c15d77990badf9f9b94e8a3e1d0c3cd51c8ace0a33509a,,4c275060cd6b34411d8b4c6e7b509a99ccffa8276146162dc77b080e14540b2b,True,1000,134.7454018110458,37.284557254271554,48.73042227838715,0.5127598505565981,55.61827964401468,1.103346916148439,known quoted arrival dates; overtaking allowed,3c301b841cabaa22a43fee953ddde671388b52efaf671925f371222d5e8fabce,3c301b841cabaa22a43fee953ddde671388b52efaf671925f371222d5e8fabce,0.5175124655446044,True,evaluation/exp_iid_random3_9/baseline_h200_conditional_pil/test.json
exp_iid_random3_9,baseline_h200_conditional_pil,conditional_pil,,baseline,cold_start,200,test,0,200,evaluation/exp_iid_random3_9/baseline_h200_conditional_pil/test.npz,cold_start_h200,8b04251a10d91ba3d3c15d77990badf9f9b94e8a3e1d0c3cd51c8ace0a33509a,,4c275060cd6b34411d8b4c6e7b509a99ccffa8276146162dc77b080e14540b2b,True,1000,133.34061249322085,38.55690374483633,47.391854374192256,0.5258732232526877,54.6957042894876,1.103346916148439,known quoted arrival dates; overtaking allowed,3c301b841cabaa22a43fee953ddde671388b52efaf671925f371222d5e8fabce,3c301b841cabaa22a43fee953ddde671388b52efaf671925f371222d5e8fabce,0.5282823471826562,True,evaluation/exp_iid_random3_9/baseline_h200_conditional_pil/test.json
exp_iid_random3_9,baseline_h200_conditional_pil,conditional_pil,,baseline,cold_start,500,test,0,200,evaluation/exp_iid_random3_9/baseline_h200_conditional_pil/test.npz,cold_start_h500,8b04251a10d91ba3d3c15d77990badf9f9b94e8a3e1d0c3cd51c8ace0a33509a,,4c275060cd6b34411d8b4c6e7b509a99ccffa8276146162dc77b080e14540b2b,True,1000,132.64190051959096,39.46270543124035,46.58959754417531,0.5333949881632939,54.117693774908155,1.103346916148439,known quoted arrival dates; overtaking allowed,3c301b841cabaa22a43fee953ddde671388b52efaf671925f371222d5e8fabce,3c301b841cabaa22a43fee953ddde671388b52efaf671925f371222d5e8fabce,0.5344354451989399,True,evaluation/exp_iid_random3_9/baseline_h200_conditional_pil/test.json
exp_iid_random3_9,baseline_h200_constant_order,constant_order,,baseline,steady,50,test,500,200,evaluation/exp_iid_random3_9/baseline_h200_constant_order/test.npz,steady_h50,8b04251a10d91ba3d3c15d77990badf9f9b94e8a3e1d0c3cd51c8ace0a33509a,,717e3253209768eebcea1f1f01345f6742553d93caab2c89d45e9a6124d1501a,True,1000,136.55082866601506,36.855515660967775,49.84765650252364,0.5023135992729215,50.2571624382925,0.4673706670291722,known quoted arrival dates; overtaking allowed,f61d614822fd4577436b8680251000f1c003dd9a91f32e548157746b0504b06a,f61d614822fd4577436b8680251000f1c003dd9a91f32e548157746b0504b06a,0.5121334766564392,True,evaluation/exp_iid_random3_9/baseline_h200_constant_order/test.json
exp_iid_random3_9,baseline_h200_constant_order,constant_order,,baseline,steady,100,test,500,200,evaluation/exp_iid_random3_9/baseline_h200_constant_order/test.npz,steady_h100,8b04251a10d91ba3d3c15d77990badf9f9b94e8a3e1d0c3cd51c8ace0a33509a,,717e3253209768eebcea1f1f01345f6742553d93caab2c89d45e9a6124d1501a,True,1000,136.86609906516614,37.130231656130356,49.86793370451789,0.5018986381529872,50.2571624382925,0.4673706670291722,known quoted arrival dates; overtaking allowed,f61d614822fd4577436b8680251000f1c003dd9a91f32e548157746b0504b06a,f61d614822fd4577436b8680251000f1c003dd9a91f32e548157746b0504b06a,0.5071277037877038,True,evaluation/exp_iid_random3_9/baseline_h200_constant_order/test.json
exp_iid_random3_9,baseline_h200_constant_order,constant_order,,baseline,steady,200,test,500,200,evaluation/exp_iid_random3_9/baseline_h200_constant_order/test.npz,steady_h200,8b04251a10d91ba3d3c15d77990badf9f9b94e8a3e1d0c3cd51c8ace0a33509a,,717e3253209768eebcea1f1f01345f6742553d93caab2c89d45e9a6124d1501a,True,1000,136.61189232038956,37.221151876958636,49.69537022171546,0.5027412791314981,50.2571624382925,0.4673706670291722,known quoted arrival dates; overtaking allowed,f61d614822fd4577436b8680251000f1c003dd9a91f32e548157746b0504b06a,f61d614822fd4577436b8680251000f1c003dd9a91f32e548157746b0504b06a,0.5052207239092968,True,evaluation/exp_iid_random3_9/baseline_h200_constant_order/test.json
exp_iid_random3_9,baseline_h200_constant_order,constant_order,,baseline,steady,500,test,500,200,evaluation/exp_iid_random3_9/baseline_h200_constant_order/test.npz,steady_h500,8b04251a10d91ba3d3c15d77990badf9f9b94e8a3e1d0c3cd51c8ace0a33509a,,717e3253209768eebcea1f1f01345f6742553d93caab2c89d45e9a6124d1501a,True,1000,136.63093304948856,37.05068719355164,49.79012292796844,0.5023571265713612,50.25716243829252,0.4673706670291722,known quoted arrival dates; overtaking allowed,f61d614822fd4577436b8680251000f1c003dd9a91f32e548157746b0504b06a,f61d614822fd4577436b8680251000f1c003dd9a91f32e548157746b0504b06a,0.5032959321184753,True,evaluation/exp_iid_random3_9/baseline_h200_constant_order/test.json
exp_iid_random3_9,baseline_h200_constant_order,constant_order,,baseline,cold_start,50,test,0,200,evaluation/exp_iid_random3_9/baseline_h200_constant_order/test.npz,cold_start_h50,8b04251a10d91ba3d3c15d77990badf9f9b94e8a3e1d0c3cd51c8ace0a33509a,,717e3253209768eebcea1f1f01345f6742553d93caab2c89d45e9a6124d1501a,True,1000,142.97257461451917,29.535331874927383,56.71862136979589,0.43376331923072303,50.2571624382925,0.4673706670291722,known quoted arrival dates; overtaking allowed,f61d614822fd4577436b8680251000f1c003dd9a91f32e548157746b0504b06a,f61d614822fd4577436b8680251000f1c003dd9a91f32e548157746b0504b06a,0.441562382979312,True,evaluation/exp_iid_random3_9/baseline_h200_constant_order/test.json
exp_iid_random3_9,baseline_h200_constant_order,constant_order,,baseline,cold_start,100,test,0,200,evaluation/exp_iid_random3_9/baseline_h200_constant_order/test.npz,cold_start_h100,8b04251a10d91ba3d3c15d77990badf9f9b94e8a3e1d0c3cd51c8ace0a33509a,,717e3253209768eebcea1f1f01345f6742553d93caab2c89d45e9a6124d1501a,True,1000,139.12480041874488,32.80303826133625,53.160881078704314,0.46846108795533914,50.2571624382925,0.4673706670291722,known quoted arrival dates; overtaking allowed,f61d614822fd4577436b8680251000f1c003dd9a91f32e548157746b0504b06a,f61d614822fd4577436b8680251000f1c003dd9a91f32e548157746b0504b06a,0.4731832815290426,True,evaluation/exp_iid_random3_9/baseline_h200_constant_order/test.json
exp_iid_random3_9,baseline_h200_constant_order,constant_order,,baseline,cold_start,200,test,0,200,evaluation/exp_iid_random3_9/baseline_h200_constant_order/test.npz,cold_start_h200,8b04251a10d91ba3d3c15d77990badf9f9b94e8a3e1d0c3cd51c8ace0a33509a,,717e3253209768eebcea1f1f01345f6742553d93caab2c89d45e9a6124d1501a,True,1000,137.64304225982536,34.91310655293077,51.36496785344729,0.4861246311698189,50.2571624382925,0.4673706670291722,known quoted arrival dates; overtaking allowed,f61d614822fd4577436b8680251000f1c003dd9a91f32e548157746b0504b06a,f61d614822fd4577436b8680251000f1c003dd9a91f32e548157746b0504b06a,0.4885792982252515,True,evaluation/exp_iid_random3_9/baseline_h200_constant_order/test.json
exp_iid_random3_9,baseline_h200_constant_order,constant_order,,baseline,cold_start,500,test,0,200,evaluation/exp_iid_random3_9/baseline_h200_constant_order/test.npz,cold_start_h500,8b04251a10d91ba3d3c15d77990badf9f9b94e8a3e1d0c3cd51c8ace0a33509a,,717e3253209768eebcea1f1f01345f6742553d93caab2c89d45e9a6124d1501a,True,1000,136.86676917425575,36.3276644419189,50.269552366168426,0.49653943555529945,50.25716243829252,0.4673706670291722,known quoted arrival dates; overtaking allowed,f61d614822fd4577436b8680251000f1c003dd9a91f32e548157746b0504b06a,f61d614822fd4577436b8680251000f1c003dd9a91f32e548157746b0504b06a,0.4975879268843791,True,evaluation/exp_iid_random3_9/baseline_h200_constant_order/test.json
exp_iid_random3_9,baseline_h200_forecast_adaptive_pil,forecast_adaptive_pil,,baseline,steady,50,test,500,200,evaluation/exp_iid_random3_9/baseline_h200_forecast_adaptive_pil/test.npz,steady_h50,8b04251a10d91ba3d3c15d77990badf9f9b94e8a3e1d0c3cd51c8ace0a33509a,,da79e82cc3873dd67f8c7c54406046c9bb5b8193aee63272ff05bc39f774a853,True,1000,131.8681000072974,39.66623773330485,46.100931136996266,0.5397214613975484,54.05288390858941,1.095802707830444,known quoted arrival dates; overtaking allowed,8c90095c5413064dab31cdcc9f81f07dc17324f8caf96b6dd1730333eb554574,8c90095c5413064dab31cdcc9f81f07dc17324f8caf96b6dd1730333eb554574,0.5494975862755146,True,evaluation/exp_iid_random3_9/baseline_h200_forecast_adaptive_pil/test.json
exp_iid_random3_9,baseline_h200_forecast_adaptive_pil,forecast_adaptive_pil,,baseline,steady,100,test,500,200,evaluation/exp_iid_random3_9/baseline_h200_forecast_adaptive_pil/test.npz,steady_h100,8b04251a10d91ba3d3c15d77990badf9f9b94e8a3e1d0c3cd51c8ace0a33509a,,da79e82cc3873dd67f8c7c54406046c9bb5b8193aee63272ff05bc39f774a853,True,1000,132.1337832548984,39.86600137168065,46.13389094160886,0.5391957877886752,53.98525123265874,1.095802707830444,known quoted arrival dates; overtaking allowed,8c90095c5413064dab31cdcc9f81f07dc17324f8caf96b6dd1730333eb554574,8c90095c5413064dab31cdcc9f81f07dc17324f8caf96b6dd1730333eb554574,0.5444035283366551,True,evaluation/exp_iid_random3_9/baseline_h200_forecast_adaptive_pil/test.json
exp_iid_random3_9,baseline_h200_forecast_adaptive_pil,forecast_adaptive_pil,,baseline,steady,200,test,500,200,evaluation/exp_iid_random3_9/baseline_h200_forecast_adaptive_pil/test.npz,steady_h200,8b04251a10d91ba3d3c15d77990badf9f9b94e8a3e1d0c3cd51c8ace0a33509a,,da79e82cc3873dd67f8c7c54406046c9bb5b8193aee63272ff05bc39f774a853,True,1000,131.99172911276656,40.018240968542784,45.98674407211189,0.5398503033143084,53.979995087336604,1.095802707830444,known quoted arrival dates; overtaking allowed,8c90095c5413064dab31cdcc9f81f07dc17324f8caf96b6dd1730333eb554574,8c90095c5413064dab31cdcc9f81f07dc17324f8caf96b6dd1730333eb554574,0.5423157295102579,True,evaluation/exp_iid_random3_9/baseline_h200_forecast_adaptive_pil/test.json
exp_iid_random3_9,baseline_h200_forecast_adaptive_pil,forecast_adaptive_pil,,baseline,steady,500,test,500,200,evaluation/exp_iid_random3_9/baseline_h200_forecast_adaptive_pil/test.npz,steady_h500,8b04251a10d91ba3d3c15d77990badf9f9b94e8a3e1d0c3cd51c8ace0a33509a,,da79e82cc3873dd67f8c7c54406046c9bb5b8193aee63272ff05bc39f774a853,True,1000,132.08643188865676,39.957169404028186,46.06463124231428,0.5395927122329105,53.98479654477214,1.095802707830444,known quoted arrival dates; overtaking allowed,8c90095c5413064dab31cdcc9f81f07dc17324f8caf96b6dd1730333eb554574,8c90095c5413064dab31cdcc9f81f07dc17324f8caf96b6dd1730333eb554574,0.5405179831477842,True,evaluation/exp_iid_random3_9/baseline_h200_forecast_adaptive_pil/test.json
exp_iid_random3_9,baseline_h200_forecast_adaptive_pil,forecast_adaptive_pil,,baseline,cold_start,50,test,0,200,evaluation/exp_iid_random3_9/baseline_h200_forecast_adaptive_pil/test.npz,cold_start_h50,8b04251a10d91ba3d3c15d77990badf9f9b94e8a3e1d0c3cd51c8ace0a33509a,,da79e82cc3873dd67f8c7c54406046c9bb5b8193aee63272ff05bc39f774a853,True,1000,138.0755971798406,34.818826923482014,51.62838512817929,0.4845804654196703,57.06798471581409,1.095802707830444,known quoted arrival dates; overtaking allowed,8c90095c5413064dab31cdcc9f81f07dc17324f8caf96b6dd1730333eb554574,8c90095c5413064dab31cdcc9f81f07dc17324f8caf96b6dd1730333eb554574,0.4926278669961826,True,evaluation/exp_iid_random3_9/baseline_h200_forecast_adaptive_pil/test.json
exp_iid_random3_9,baseline_h200_forecast_adaptive_pil,forecast_adaptive_pil,,baseline,cold_start,100,test,0,200,evaluation/exp_iid_random3_9/baseline_h200_forecast_adaptive_pil/test.npz,cold_start_h100,8b04251a10d91ba3d3c15d77990badf9f9b94e8a3e1d0c3cd51c8ace0a33509a,,da79e82cc3873dd67f8c7c54406046c9bb5b8193aee63272ff05bc39f774a853,True,1000,134.57312147961233,37.196929029278245,48.688096225167044,0.5131830554362623,55.602123841459736,1.095802707830444,known quoted arrival dates; overtaking allowed,8c90095c5413064dab31cdcc9f81f07dc17324f8caf96b6dd1730333eb554574,8c90095c5413064dab31cdcc9f81f07dc17324f8caf96b6dd1730333eb554574,0.5179651285546597,True,evaluation/exp_iid_random3_9/baseline_h200_forecast_adaptive_pil/test.json
exp_iid_random3_9,baseline_h200_forecast_adaptive_pil,forecast_adaptive_pil,,baseline,cold_start,200,test,0,200,evaluation/exp_iid_random3_9/baseline_h200_forecast_adaptive_pil/test.npz,cold_start_h200,8b04251a10d91ba3d3c15d77990badf9f9b94e8a3e1d0c3cd51c8ace0a33509a,,da79e82cc3873dd67f8c7c54406046c9bb5b8193aee63272ff05bc39f774a853,True,1000,133.12453290857442,38.61410108623245,47.25521591117099,0.5272402082526936,54.800575886183516,1.095802707830444,known quoted arrival dates; overtaking allowed,8c90095c5413064dab31cdcc9f81f07dc17324f8caf96b6dd1730333eb554574,8c90095c5413064dab31cdcc9f81f07dc17324f8caf96b6dd1730333eb554574,0.5296656537576225,True,evaluation/exp_iid_random3_9/baseline_h200_forecast_adaptive_pil/test.json
exp_iid_random3_9,baseline_h200_forecast_adaptive_pil,forecast_adaptive_pil,,baseline,cold_start,500,test,0,200,evaluation/exp_iid_random3_9/baseline_h200_forecast_adaptive_pil/test.npz,cold_start_h500,8b04251a10d91ba3d3c15d77990badf9f9b94e8a3e1d0c3cd51c8ace0a33509a,,da79e82cc3873dd67f8c7c54406046c9bb5b8193aee63272ff05bc39f774a853,True,1000,132.40098316786856,39.610666007023106,46.39515858042273,0.5353423369227946,54.3002342960104,1.095802707830444,known quoted arrival dates; overtaking allowed,8c90095c5413064dab31cdcc9f81f07dc17324f8caf96b6dd1730333eb554574,8c90095c5413064dab31cdcc9f81f07dc17324f8caf96b6dd1730333eb554574,0.5363874844554903,True,evaluation/exp_iid_random3_9/baseline_h200_forecast_adaptive_pil/test.json
exp_iid_random3_9,baseline_h200_forecast_capped_base_stock,forecast_capped_base_stock,,baseline,steady,50,test,500,200,evaluation/exp_iid_random3_9/baseline_h200_forecast_capped_base_stock/test.npz,steady_h50,8b04251a10d91ba3d3c15d77990badf9f9b94e8a3e1d0c3cd51c8ace0a33509a,,6f3a9222262bc78ab7e52ce62d041e2a736799463452ac30850856ade45d9f74,True,1000,135.16021966926687,38.71503983063774,48.22258991931457,0.5185385052260877,51.93766370232797,0.5136580420657992,known quoted arrival dates; overtaking allowed,a5defddbdd0fa5cf256be6f7bf370faf99caea26af08a1e5a1e8fc52d7f701ef,a5defddbdd0fa5cf256be6f7bf370faf99caea26af08a1e5a1e8fc52d7f701ef,0.5276077190500873,True,evaluation/exp_iid_random3_9/baseline_h200_forecast_capped_base_stock/test.json
exp_iid_random3_9,baseline_h200_forecast_capped_base_stock,forecast_capped_base_stock,,baseline,steady,100,test,500,200,evaluation/exp_iid_random3_9/baseline_h200_forecast_capped_base_stock/test.npz,steady_h100,8b04251a10d91ba3d3c15d77990badf9f9b94e8a3e1d0c3cd51c8ace0a33509a,,6f3a9222262bc78ab7e52ce62d041e2a736799463452ac30850856ade45d9f74,True,1000,135.36481105762695,38.79886661181791,48.28297222290452,0.5177298830797277,51.84632319855277,0.5136580420657992,known quoted arrival dates; overtaking allowed,a5defddbdd0fa5cf256be6f7bf370faf99caea26af08a1e5a1e8fc52d7f701ef,a5defddbdd0fa5cf256be6f7bf370faf99caea26af08a1e5a1e8fc52d7f701ef,0.5225659113872129,True,evaluation/exp_iid_random3_9/baseline_h200_forecast_capped_base_stock/test.json
exp_iid_random3_9,baseline_h200_forecast_capped_base_stock,forecast_capped_base_stock,,baseline,steady,200,test,500,200,evaluation/exp_iid_random3_9/baseline_h200_forecast_capped_base_stock/test.npz,steady_h200,8b04251a10d91ba3d3c15d77990badf9f9b94e8a3e1d0c3cd51c8ace0a33509a,,6f3a9222262bc78ab7e52ce62d041e2a736799463452ac30850856ade45d9f74,True,1000,135.10383132911315,38.81536111052218,48.14423510929548,0.5182621507631,51.8216618998635,0.5136580420657992,known quoted arrival dates; overtaking allowed,a5defddbdd0fa5cf256be6f7bf370faf99caea26af08a1e5a1e8fc52d7f701ef,a5defddbdd0fa5cf256be6f7bf370faf99caea26af08a1e5a1e8fc52d7f701ef,0.5205638937137513,True,evaluation/exp_iid_random3_9/baseline_h200_forecast_capped_base_stock/test.json
exp_iid_random3_9,baseline_h200_forecast_capped_base_stock,forecast_capped_base_stock,,baseline,steady,500,test,500,200,evaluation/exp_iid_random3_9/baseline_h200_forecast_capped_base_stock/test.npz,steady_h500,8b04251a10d91ba3d3c15d77990badf9f9b94e8a3e1d0c3cd51c8ace0a33509a,,6f3a9222262bc78ab7e52ce62d041e2a736799463452ac30850856ade45d9f74,True,1000,135.12094971172226,38.70911921132459,48.20591525019883,0.5181909830575868,51.84595059509359,0.5136580420657992,known quoted arrival dates; overtaking allowed,a5defddbdd0fa5cf256be6f7bf370faf99caea26af08a1e5a1e8fc52d7f701ef,a5defddbdd0fa5cf256be6f7bf370faf99caea26af08a1e5a1e8fc52d7f701ef,0.5190538962200135,True,evaluation/exp_iid_random3_9/baseline_h200_forecast_capped_base_stock/test.json
exp_iid_random3_9,baseline_h200_forecast_capped_base_stock,forecast_capped_base_stock,,baseline,cold_start,50,test,0,200,evaluation/exp_iid_random3_9/baseline_h200_forecast_capped_base_stock/test.npz,cold_start_h50,8b04251a10d91ba3d3c15d77990badf9f9b94e8a3e1d0c3cd51c8ace0a33509a,,6f3a9222262bc78ab7e52ce62d041e2a736799463452ac30850856ade45d9f74,True,1000,141.52125202071144,32.71238530327606,54.4044333587177,0.45686645725527986,53.25336876208632,0.5136580420657992,known quoted arrival dates; overtaking allowed,a5defddbdd0fa5cf256be6f7bf370faf99caea26af08a1e5a1e8fc52d7f701ef,a5defddbdd0fa5cf256be6f7bf370faf99caea26af08a1e5a1e8fc52d7f701ef,0.46424122790219247,True,evaluation/exp_iid_random3_9/baseline_h200_forecast_capped_base_stock/test.json
exp_iid_random3_9,baseline_h200_forecast_capped_base_stock,forecast_capped_base_stock,,baseline,cold_start,100,test,0,200,evaluation/exp_iid_random3_9/baseline_h200_forecast_capped_base_stock/test.npz,cold_start_h100,8b04251a10d91ba3d3c15d77990badf9f9b94e8a3e1d0c3cd51c8ace0a33509a,,6f3a9222262bc78ab7e52ce62d041e2a736799463452ac30850856ade45d9f74,True,1000,137.93510150242008,35.56375985369106,51.185670824364514,0.4882105933876674,52.588214681766324,0.5136580420657992,known quoted arrival dates; overtaking allowed,a5defddbdd0fa5cf256be6f7bf370faf99caea26af08a1e5a1e8fc52d7f701ef,a5defddbdd0fa5cf256be6f7bf370faf99caea26af08a1e5a1e8fc52d7f701ef,0.49258051686988097,True,evaluation/exp_iid_random3_9/baseline_h200_forecast_capped_base_stock/test.json
exp_iid_random3_9,baseline_h200_forecast_capped_base_stock,forecast_capped_base_stock,,baseline,cold_start,200,test,0,200,evaluation/exp_iid_random3_9/baseline_h200_forecast_capped_base_stock/test.npz,cold_start_h200,8b04251a10d91ba3d3c15d77990badf9f9b94e8a3e1d0c3cd51c8ace0a33509a,,6f3a9222262bc78ab7e52ce62d041e2a736799463452ac30850856ade45d9f74,True,1000,136.2878295665031,37.14447079762076,49.57167938444117,0.5040653953120003,52.23404497749643,0.5136580420657992,known quoted arrival dates; overtaking allowed,a5defddbdd0fa5cf256be6f7bf370faf99caea26af08a1e5a1e8fc52d7f701ef,a5defddbdd0fa5cf256be6f7bf370faf99caea26af08a1e5a1e8fc52d7f701ef,0.506308843070451,True,evaluation/exp_iid_random3_9/baseline_h200_forecast_capped_base_stock/test.json
exp_iid_random3_9,baseline_h200_forecast_capped_base_stock,forecast_capped_base_stock,,baseline,cold_start,500,test,0,200,evaluation/exp_iid_random3_9/baseline_h200_forecast_capped_base_stock/test.npz,cold_start_h500,8b04251a10d91ba3d3c15d77990badf9f9b94e8a3e1d0c3cd51c8ace0a33509a,,6f3a9222262bc78ab7e52ce62d041e2a736799463452ac30850856ade45d9f74,True,1000,135.38932230049232,38.17177651428857,48.60877289310187,0.5131725053076966,51.982574665348885,0.5136580420657992,known quoted arrival dates; overtaking allowed,a5defddbdd0fa5cf256be6f7bf370faf99caea26af08a1e5a1e8fc52d7f701ef,a5defddbdd0fa5cf256be6f7bf370faf99caea26af08a1e5a1e8fc52d7f701ef,0.5141418445003081,True,evaluation/exp_iid_random3_9/baseline_h200_forecast_capped_base_stock/test.json
exp_iid_random3_9,baseline_h200_pil_cop_continuation,pil_cop_continuation,,baseline,steady,50,test,500,200,evaluation/exp_iid_random3_9/baseline_h200_pil_cop_continuation/test.npz,steady_h50,8b04251a10d91ba3d3c15d77990badf9f9b94e8a3e1d0c3cd51c8ace0a33509a,,f282903072f645ac65ec165bf7460c681a9c23a5acd7f75a09879b1cd5154134,True,1000,132.75153522358184,40.14512551486947,46.30320485435618,0.5377019305827057,53.82505111626417,1.0411091251298785,known quoted arrival dates; overtaking allowed,5e3423d30230f801cd2689652a0bae32625eff5fbe1e24674b971a4a1acd9d9c,5e3423d30230f801cd2689652a0bae32625eff5fbe1e24674b971a4a1acd9d9c,0.5472809259251826,True,evaluation/exp_iid_random3_9/baseline_h200_pil_cop_continuation/test.json
exp_iid_random3_9,baseline_h200_pil_cop_continuation,pil_cop_continuation,,baseline,steady,100,test,500,200,evaluation/exp_iid_random3_9/baseline_h200_pil_cop_continuation/test.npz,steady_h100,8b04251a10d91ba3d3c15d77990badf9f9b94e8a3e1d0c3cd51c8ace0a33509a,,f282903072f645ac65ec165bf7460c681a9c23a5acd7f75a09879b1cd5154134,True,1000,132.98880730520779,40.19879961560169,46.39500384480305,0.5365876850858943,53.68519236819867,1.0411091251298785,known quoted arrival dates; overtaking allowed,5e3423d30230f801cd2689652a0bae32625eff5fbe1e24674b971a4a1acd9d9c,5e3423d30230f801cd2689652a0bae32625eff5fbe1e24674b971a4a1acd9d9c,0.5417238050025285,True,evaluation/exp_iid_random3_9/baseline_h200_pil_cop_continuation/test.json
exp_iid_random3_9,baseline_h200_pil_cop_continuation,pil_cop_continuation,,baseline,steady,200,test,500,200,evaluation/exp_iid_random3_9/baseline_h200_pil_cop_continuation/test.npz,steady_h200,8b04251a10d91ba3d3c15d77990badf9f9b94e8a3e1d0c3cd51c8ace0a33509a,,f282903072f645ac65ec165bf7460c681a9c23a5acd7f75a09879b1cd5154134,True,1000,132.73272289874996,40.20493084559938,46.26389602657528,0.5370770826752869,53.68327551095156,1.0411091251298785,known quoted arrival dates; overtaking allowed,5e3423d30230f801cd2689652a0bae32625eff5fbe1e24674b971a4a1acd9d9c,5e3423d30230f801cd2689652a0bae32625eff5fbe1e24674b971a4a1acd9d9c,0.5395032179203457,True,evaluation/exp_iid_random3_9/baseline_h200_pil_cop_continuation/test.json
exp_iid_random3_9,baseline_h200_pil_cop_continuation,pil_cop_continuation,,baseline,steady,500,test,500,200,evaluation/exp_iid_random3_9/baseline_h200_pil_cop_continuation/test.npz,steady_h500,8b04251a10d91ba3d3c15d77990badf9f9b94e8a3e1d0c3cd51c8ace0a33509a,,f282903072f645ac65ec165bf7460c681a9c23a5acd7f75a09879b1cd5154134,True,1000,132.84721785758853,40.18460777595078,46.33130504081887,0.5369273579909067,53.71513160211997,1.0411091251298785,known quoted arrival dates; overtaking allowed,5e3423d30230f801cd2689652a0bae32625eff5fbe1e24674b971a4a1acd9d9c,5e3423d30230f801cd2689652a0bae32625eff5fbe1e24674b971a4a1acd9d9c,0.5378348772354619,True,evaluation/exp_iid_random3_9/baseline_h200_pil_cop_continuation/test.json
exp_iid_random3_9,baseline_h200_pil_cop_continuation,pil_cop_continuation,,baseline,cold_start,50,test,0,200,evaluation/exp_iid_random3_9/baseline_h200_pil_cop_continuation/test.npz,cold_start_h50,8b04251a10d91ba3d3c15d77990badf9f9b94e8a3e1d0c3cd51c8ace0a33509a,,f282903072f645ac65ec165bf7460c681a9c23a5acd7f75a09879b1cd5154134,True,1000,138.4222266997561,36.6598877366015,50.8811694815773,0.4920401126630727,56.60914410931977,1.0411091251298785,known quoted arrival dates; overtaking allowed,5e3423d30230f801cd2689652a0bae32625eff5fbe1e24674b971a4a1acd9d9c,5e3423d30230f801cd2689652a0bae32625eff5fbe1e24674b971a4a1acd9d9c,0.49992966283795204,True,evaluation/exp_iid_random3_9/baseline_h200_pil_cop_continuation/test.json
exp_iid_random3_9,baseline_h200_pil_cop_continuation,pil_cop_continuation,,baseline,cold_start,100,test,0,200,evaluation/exp_iid_random3_9/baseline_h200_pil_cop_continuation/test.npz,cold_start_h100,8b04251a10d91ba3d3c15d77990badf9f9b94e8a3e1d0c3cd51c8ace0a33509a,,f282903072f645ac65ec165bf7460c681a9c23a5acd7f75a09879b1cd5154134,True,1000,135.12127310966144,38.21227704022183,48.45449803471979,0.5155187301934602,55.23863520942323,1.0411091251298785,known quoted arrival dates; overtaking allowed,5e3423d30230f801cd2689652a0bae32625eff5fbe1e24674b971a4a1acd9d9c,5e3423d30230f801cd2689652a0bae32625eff5fbe1e24674b971a4a1acd9d9c,0.5201848154422367,True,evaluation/exp_iid_random3_9/baseline_h200_pil_cop_continuation/test.json
exp_iid_random3_9,baseline_h200_pil_cop_continuation,pil_cop_continuation,,baseline,cold_start,200,test,0,200,evaluation/exp_iid_random3_9/baseline_h200_pil_cop_continuation/test.npz,cold_start_h200,8b04251a10d91ba3d3c15d77990badf9f9b94e8a3e1d0c3cd51c8ace0a33509a,,f282903072f645ac65ec165bf7460c681a9c23a5acd7f75a09879b1cd5154134,True,1000,133.8931717123404,39.31616365446751,47.28850402893646,0.5269071808118276,54.46864876659846,1.0411091251298785,known quoted arrival dates; overtaking allowed,5e3423d30230f801cd2689652a0bae32625eff5fbe1e24674b971a4a1acd9d9c,5e3423d30230f801cd2689652a0bae32625eff5fbe1e24674b971a4a1acd9d9c,0.5292756646161679,True,evaluation/exp_iid_random3_9/baseline_h200_pil_cop_continuation/test.json
exp_iid_random3_9,baseline_h200_pil_cop_continuation,pil_cop_continuation,,baseline,cold_start,500,test,0,200,evaluation/exp_iid_random3_9/baseline_h200_pil_cop_continuation/test.npz,cold_start_h500,8b04251a10d91ba3d3c15d77990badf9f9b94e8a3e1d0c3cd51c8ace0a33509a,,f282903072f645ac65ec165bf7460c681a9c23a5acd7f75a09879b1cd5154134,True,1000,133.13155992723378,39.9694734892918,46.58104321897099,0.5334806616016495,53.99930764358242,1.0411091251298785,known quoted arrival dates; overtaking allowed,5e3423d30230f801cd2689652a0bae32625eff5fbe1e24674b971a4a1acd9d9c,5e3423d30230f801cd2689652a0bae32625eff5fbe1e24674b971a4a1acd9d9c,0.5344966666006037,True,evaluation/exp_iid_random3_9/baseline_h200_pil_cop_continuation/test.json
exp_iid_random3_9,self_evolve_h200_r1,self_evolve,1,primary,steady,50,test,500,200,evaluation/exp_iid_random3_9/self_evolve_h200_r1/test.npz,steady_h50,8b04251a10d91ba3d3c15d77990badf9f9b94e8a3e1d0c3cd51c8ace0a33509a,2df85190498a25e291515dfa3e561bb1736f5cbac9d94f38ff70f0b42389a048,,True,1000,136.2752930399172,37.63434595854582,49.32047354068568,0.5075770722064683,50.80845026023206,0.8164280001074076,known quoted arrival dates; overtaking allowed,0e1eb90440e2010d47ce8fa4499cb095538684f41293499325da6fc8ac24fdfd,0e1eb90440e2010d47ce8fa4499cb095538684f41293499325da6fc8ac24fdfd,0.5169813739978044,True,evaluation/exp_iid_random3_9/self_evolve_h200_r1/test.json
exp_iid_random3_9,self_evolve_h200_r1,self_evolve,1,primary,steady,100,test,500,200,evaluation/exp_iid_random3_9/self_evolve_h200_r1/test.npz,steady_h100,8b04251a10d91ba3d3c15d77990badf9f9b94e8a3e1d0c3cd51c8ace0a33509a,2df85190498a25e291515dfa3e561bb1736f5cbac9d94f38ff70f0b42389a048,,True,1000,136.64619407338532,38.02766772283564,49.309263175274836,0.5074788683884853,50.827033158096064,0.8164280001074076,known quoted arrival dates; overtaking allowed,0e1eb90440e2010d47ce8fa4499cb095538684f41293499325da6fc8ac24fdfd,0e1eb90440e2010d47ce8fa4499cb095538684f41293499325da6fc8ac24fdfd,0.5124874016306892,True,evaluation/exp_iid_random3_9/self_evolve_h200_r1/test.json
exp_iid_random3_9,self_evolve_h200_r1,self_evolve,1,primary,steady,200,test,500,200,evaluation/exp_iid_random3_9/self_evolve_h200_r1/test.npz,steady_h200,8b04251a10d91ba3d3c15d77990badf9f9b94e8a3e1d0c3cd51c8ace0a33509a,2df85190498a25e291515dfa3e561bb1736f5cbac9d94f38ff70f0b42389a048,,True,1000,136.37898654092484,38.10213540469396,49.13842556811545,0.5083141440645513,50.82214554440146,0.8164280001074076,known quoted arrival dates; overtaking allowed,0e1eb90440e2010d47ce8fa4499cb095538684f41293499325da6fc8ac24fdfd,0e1eb90440e2010d47ce8fa4499cb095538684f41293499325da6fc8ac24fdfd,0.5106795665830086,True,evaluation/exp_iid_random3_9/self_evolve_h200_r1/test.json
exp_iid_random3_9,self_evolve_h200_r1,self_evolve,1,primary,steady,500,test,500,200,evaluation/exp_iid_random3_9/self_evolve_h200_r1/test.npz,steady_h500,8b04251a10d91ba3d3c15d77990badf9f9b94e8a3e1d0c3cd51c8ace0a33509a,2df85190498a25e291515dfa3e561bb1736f5cbac9d94f38ff70f0b42389a048,,True,1000,136.3783355475139,37.94279383120805,49.217770858152946,0.5080776773932156,50.834931820050194,0.8164280001074076,known quoted arrival dates; overtaking allowed,0e1eb90440e2010d47ce8fa4499cb095538684f41293499325da6fc8ac24fdfd,0e1eb90440e2010d47ce8fa4499cb095538684f41293499325da6fc8ac24fdfd,0.5089710370220196,True,evaluation/exp_iid_random3_9/self_evolve_h200_r1/test.json
exp_iid_random3_9,self_evolve_h200_r1,self_evolve,1,primary,cold_start,50,test,0,200,evaluation/exp_iid_random3_9/self_evolve_h200_r1/test.npz,cold_start_h50,8b04251a10d91ba3d3c15d77990badf9f9b94e8a3e1d0c3cd51c8ace0a33509a,2df85190498a25e291515dfa3e561bb1736f5cbac9d94f38ff70f0b42389a048,,True,1000,148.98681138316948,46.75813659565812,51.11433739375568,0.48971233703197986,55.936311053301736,0.8164280001074076,known quoted arrival dates; overtaking allowed,0e1eb90440e2010d47ce8fa4499cb095538684f41293499325da6fc8ac24fdfd,0e1eb90440e2010d47ce8fa4499cb095538684f41293499325da6fc8ac24fdfd,0.49800402904288343,True,evaluation/exp_iid_random3_9/self_evolve_h200_r1/test.json
exp_iid_random3_9,self_evolve_h200_r1,self_evolve,1,primary,cold_start,100,test,0,200,evaluation/exp_iid_random3_9/self_evolve_h200_r1/test.npz,cold_start_h100,8b04251a10d91ba3d3c15d77990badf9f9b94e8a3e1d0c3cd51c8ace0a33509a,2df85190498a25e291515dfa3e561bb1736f5cbac9d94f38ff70f0b42389a048,,True,1000,142.07246416516884,41.96698925722101,50.052737453973904,0.4995384374507666,53.4051923256871,0.8164280001074076,known quoted arrival dates; overtaking allowed,0e1eb90440e2010d47ce8fa4499cb095538684f41293499325da6fc8ac24fdfd,0e1eb90440e2010d47ce8fa4499cb095538684f41293499325da6fc8ac24fdfd,0.5042933346525126,True,evaluation/exp_iid_random3_9/self_evolve_h200_r1/test.json
exp_iid_random3_9,self_evolve_h200_r1,self_evolve,1,primary,cold_start,200,test,0,200,evaluation/exp_iid_random3_9/self_evolve_h200_r1/test.npz,cold_start_h200,8b04251a10d91ba3d3c15d77990badf9f9b94e8a3e1d0c3cd51c8ace0a33509a,2df85190498a25e291515dfa3e561bb1736f5cbac9d94f38ff70f0b42389a048,,True,1000,138.9725164970756,39.93731739432618,49.51759955137471,0.5046064312616889,52.12754603305073,0.8164280001074076,known quoted arrival dates; overtaking allowed,0e1eb90440e2010d47ce8fa4499cb095538684f41293499325da6fc8ac24fdfd,0e1eb90440e2010d47ce8fa4499cb095538684f41293499325da6fc8ac24fdfd,0.507015871417473,True,evaluation/exp_iid_random3_9/self_evolve_h200_r1/test.json
exp_iid_random3_9,self_evolve_h200_r1,self_evolve,1,primary,cold_start,500,test,0,200,evaluation/exp_iid_random3_9/self_evolve_h200_r1/test.npz,cold_start_h500,8b04251a10d91ba3d3c15d77990badf9f9b94e8a3e1d0c3cd51c8ace0a33509a,2df85190498a25e291515dfa3e561bb1736f5cbac9d94f38ff70f0b42389a048,,True,1000,137.251725271797,38.87630616970314,49.18770955104693,0.5073743280240869,51.343877952380716,0.8164280001074076,known quoted arrival dates; overtaking allowed,0e1eb90440e2010d47ce8fa4499cb095538684f41293499325da6fc8ac24fdfd,0e1eb90440e2010d47ce8fa4499cb095538684f41293499325da6fc8ac24fdfd,0.5083793103637173,True,evaluation/exp_iid_random3_9/self_evolve_h200_r1/test.json
exp_iid_random3_9,self_evolve_h200_r2,self_evolve,2,primary,steady,50,test,500,200,evaluation/exp_iid_random3_9/self_evolve_h200_r2/test.npz,steady_h50,8b04251a10d91ba3d3c15d77990badf9f9b94e8a3e1d0c3cd51c8ace0a33509a,c748eabf164f317fcaf7da7f33eee8259344bd382b33d14bb5a2eec29e447867,,True,1000,136.54535188915813,37.04006565656521,49.75264311629644,0.5032622270225513,50.35617781358122,0.4787619160488248,known quoted arrival dates; overtaking allowed,9420ca5c66fc7f1d13672073f934c3bc04b407cde6ded84c57cd2975e37e04b0,9420ca5c66fc7f1d13672073f934c3bc04b407cde6ded84c57cd2975e37e04b0,0.5127646773631843,True,evaluation/exp_iid_random3_9/self_evolve_h200_r2/test.json
exp_iid_random3_9,self_evolve_h200_r2,self_evolve,2,primary,steady,100,test,500,200,evaluation/exp_iid_random3_9/self_evolve_h200_r2/test.npz,steady_h100,8b04251a10d91ba3d3c15d77990badf9f9b94e8a3e1d0c3cd51c8ace0a33509a,c748eabf164f317fcaf7da7f33eee8259344bd382b33d14bb5a2eec29e447867,,True,1000,136.88986600225698,37.35805446295297,49.76590576965201,0.5029177349859191,50.37397048848165,0.4787619160488248,known quoted arrival dates; overtaking allowed,9420ca5c66fc7f1d13672073f934c3bc04b407cde6ded84c57cd2975e37e04b0,9420ca5c66fc7f1d13672073f934c3bc04b407cde6ded84c57cd2975e37e04b0,0.5079407820050924,True,evaluation/exp_iid_random3_9/self_evolve_h200_r2/test.json
exp_iid_random3_9,self_evolve_h200_r2,self_evolve,2,primary,steady,200,test,500,200,evaluation/exp_iid_random3_9/self_evolve_h200_r2/test.npz,steady_h200,8b04251a10d91ba3d3c15d77990badf9f9b94e8a3e1d0c3cd51c8ace0a33509a,c748eabf164f317fcaf7da7f33eee8259344bd382b33d14bb5a2eec29e447867,,True,1000,136.6780910208119,37.49132045907219,49.593385280869846,0.503761754499857,50.36262481810845,0.4787619160488248,known quoted arrival dates; overtaking allowed,9420ca5c66fc7f1d13672073f934c3bc04b407cde6ded84c57cd2975e37e04b0,9420ca5c66fc7f1d13672073f934c3bc04b407cde6ded84c57cd2975e37e04b0,0.5061309708906115,True,evaluation/exp_iid_random3_9/self_evolve_h200_r2/test.json
exp_iid_random3_9,self_evolve_h200_r2,self_evolve,2,primary,steady,500,test,500,200,evaluation/exp_iid_random3_9/self_evolve_h200_r2/test.npz,steady_h500,8b04251a10d91ba3d3c15d77990badf9f9b94e8a3e1d0c3cd51c8ace0a33509a,c748eabf164f317fcaf7da7f33eee8259344bd382b33d14bb5a2eec29e447867,,True,1000,136.66022968953985,37.28110172492612,49.68956398230686,0.5033621942379018,50.360165310854974,0.4787619160488248,known quoted arrival dates; overtaking allowed,9420ca5c66fc7f1d13672073f934c3bc04b407cde6ded84c57cd2975e37e04b0,9420ca5c66fc7f1d13672073f934c3bc04b407cde6ded84c57cd2975e37e04b0,0.5042590450508189,True,evaluation/exp_iid_random3_9/self_evolve_h200_r2/test.json
exp_iid_random3_9,self_evolve_h200_r2,self_evolve,2,primary,cold_start,50,test,0,200,evaluation/exp_iid_random3_9/self_evolve_h200_r2/test.npz,cold_start_h50,8b04251a10d91ba3d3c15d77990badf9f9b94e8a3e1d0c3cd51c8ace0a33509a,c748eabf164f317fcaf7da7f33eee8259344bd382b33d14bb5a2eec29e447867,,True,1000,144.64664044894482,38.434736482153525,53.10595198339564,0.46982953298325625,53.876451519056346,0.4787619160488248,known quoted arrival dates; overtaking allowed,9420ca5c66fc7f1d13672073f934c3bc04b407cde6ded84c57cd2975e37e04b0,9420ca5c66fc7f1d13672073f934c3bc04b407cde6ded84c57cd2975e37e04b0,0.47783486328363334,True,evaluation/exp_iid_random3_9/self_evolve_h200_r2/test.json
exp_iid_random3_9,self_evolve_h200_r2,self_evolve,2,primary,cold_start,100,test,0,200,evaluation/exp_iid_random3_9/self_evolve_h200_r2/test.npz,cold_start_h100,8b04251a10d91ba3d3c15d77990badf9f9b94e8a3e1d0c3cd51c8ace0a33509a,c748eabf164f317fcaf7da7f33eee8259344bd382b33d14bb5a2eec29e447867,,True,1000,140.02048147180219,37.42324502787868,51.29861822196174,0.48708126792091627,52.1236329321523,0.4787619160488248,known quoted arrival dates; overtaking allowed,9420ca5c66fc7f1d13672073f934c3bc04b407cde6ded84c57cd2975e37e04b0,9420ca5c66fc7f1d13672073f934c3bc04b407cde6ded84c57cd2975e37e04b0,0.4917782572012867,True,evaluation/exp_iid_random3_9/self_evolve_h200_r2/test.json
exp_iid_random3_9,self_evolve_h200_r2,self_evolve,2,primary,cold_start,200,test,0,200,evaluation/exp_iid_random3_9/self_evolve_h200_r2/test.npz,cold_start_h200,8b04251a10d91ba3d3c15d77990badf9f9b94e8a3e1d0c3cd51c8ace0a33509a,c748eabf164f317fcaf7da7f33eee8259344bd382b33d14bb5a2eec29e447867,,True,1000,138.09920358559424,37.34042134834968,50.37939111862229,0.4959847290007699,51.24209754766839,0.4787619160488248,known quoted arrival dates; overtaking allowed,9420ca5c66fc7f1d13672073f934c3bc04b407cde6ded84c57cd2975e37e04b0,9420ca5c66fc7f1d13672073f934c3bc04b407cde6ded84c57cd2975e37e04b0,0.4983722411081662,True,evaluation/exp_iid_random3_9/self_evolve_h200_r2/test.json
exp_iid_random3_9,self_evolve_h200_r2,self_evolve,2,primary,cold_start,500,test,0,200,evaluation/exp_iid_random3_9/self_evolve_h200_r2/test.npz,cold_start_h500,8b04251a10d91ba3d3c15d77990badf9f9b94e8a3e1d0c3cd51c8ace0a33509a,c748eabf164f317fcaf7da7f33eee8259344bd382b33d14bb5a2eec29e447867,,True,1000,137.0352475150612,37.37768107543105,49.82878321981507,0.5009538349833359,50.69751198577258,0.4787619160488248,known quoted arrival dates; overtaking allowed,9420ca5c66fc7f1d13672073f934c3bc04b407cde6ded84c57cd2975e37e04b0,9420ca5c66fc7f1d13672073f934c3bc04b407cde6ded84c57cd2975e37e04b0,0.5019569972007019,True,evaluation/exp_iid_random3_9/self_evolve_h200_r2/test.json
exp_iid_random3_9,self_evolve_h200_r3,self_evolve,3,primary,steady,50,test,500,200,evaluation/exp_iid_random3_9/self_evolve_h200_r3/test.npz,steady_h50,8b04251a10d91ba3d3c15d77990badf9f9b94e8a3e1d0c3cd51c8ace0a33509a,5201ae627f86e5dbe6503af5b5b559837299324760b5eea0cfbcb8dc4c6f658e,,True,1000,146.53737918148374,42.193171286384384,52.17210394754969,0.47910597099583907,47.967466937836335,0.4704147910233587,known quoted arrival dates; overtaking allowed,998b9c58b860752c17c5501c514a5ed905be2b2a72b91aae660789a4a25ac4a6,998b9c58b860752c17c5501c514a5ed905be2b2a72b91aae660789a4a25ac4a6,0.4872065249360022,True,evaluation/exp_iid_random3_9/self_evolve_h200_r3/test.json
exp_iid_random3_9,self_evolve_h200_r3,self_evolve,3,primary,steady,100,test,500,200,evaluation/exp_iid_random3_9/self_evolve_h200_r3/test.npz,steady_h100,8b04251a10d91ba3d3c15d77990badf9f9b94e8a3e1d0c3cd51c8ace0a33509a,5201ae627f86e5dbe6503af5b5b559837299324760b5eea0cfbcb8dc4c6f658e,,True,1000,146.94428267377293,42.38894964010271,52.277666516835104,0.4778292391156277,47.83799749045523,0.4704147910233587,known quoted arrival dates; overtaking allowed,998b9c58b860752c17c5501c514a5ed905be2b2a72b91aae660789a4a25ac4a6,998b9c58b860752c17c5501c514a5ed905be2b2a72b91aae660789a4a25ac4a6,0.4821256496473357,True,evaluation/exp_iid_random3_9/self_evolve_h200_r3/test.json
exp_iid_random3_9,self_evolve_h200_r3,self_evolve,3,primary,steady,200,test,500,200,evaluation/exp_iid_random3_9/self_evolve_h200_r3/test.npz,steady_h200,8b04251a10d91ba3d3c15d77990badf9f9b94e8a3e1d0c3cd51c8ace0a33509a,5201ae627f86e5dbe6503af5b5b559837299324760b5eea0cfbcb8dc4c6f658e,,True,1000,146.78096002955908,42.35301775426732,52.21397113764588,0.477539811384176,47.7391497926231,0.4704147910233587,known quoted arrival dates; overtaking allowed,998b9c58b860752c17c5501c514a5ed905be2b2a72b91aae660789a4a25ac4a6,998b9c58b860752c17c5501c514a5ed905be2b2a72b91aae660789a4a25ac4a6,0.4795841233030328,True,evaluation/exp_iid_random3_9/self_evolve_h200_r3/test.json
exp_iid_random3_9,self_evolve_h200_r3,self_evolve,3,primary,steady,500,test,500,200,evaluation/exp_iid_random3_9/self_evolve_h200_r3/test.npz,steady_h500,8b04251a10d91ba3d3c15d77990badf9f9b94e8a3e1d0c3cd51c8ace0a33509a,5201ae627f86e5dbe6503af5b5b559837299324760b5eea0cfbcb8dc4c6f658e,,True,1000,146.74706804453177,42.26405195544228,52.24150804454474,0.47785599539202905,47.8099075886393,0.4704147910233587,known quoted arrival dates; overtaking allowed,998b9c58b860752c17c5501c514a5ed905be2b2a72b91aae660789a4a25ac4a6,998b9c58b860752c17c5501c514a5ed905be2b2a72b91aae660789a4a25ac4a6,0.47862364157764775,True,evaluation/exp_iid_random3_9/self_evolve_h200_r3/test.json
exp_iid_random3_9,self_evolve_h200_r3,self_evolve,3,primary,cold_start,50,test,0,200,evaluation/exp_iid_random3_9/self_evolve_h200_r3/test.npz,cold_start_h50,8b04251a10d91ba3d3c15d77990badf9f9b94e8a3e1d0c3cd51c8ace0a33509a,5201ae627f86e5dbe6503af5b5b559837299324760b5eea0cfbcb8dc4c6f658e,,True,1000,161.7542180556921,49.83580092627858,55.959208564706756,0.4413447338649713,51.12065422577076,0.4704147910233587,known quoted arrival dates; overtaking allowed,998b9c58b860752c17c5501c514a5ed905be2b2a72b91aae660789a4a25ac4a6,998b9c58b860752c17c5501c514a5ed905be2b2a72b91aae660789a4a25ac4a6,0.4481759320080167,True,evaluation/exp_iid_random3_9/self_evolve_h200_r3/test.json
exp_iid_random3_9,self_evolve_h200_r3,self_evolve,3,primary,cold_start,100,test,0,200,evaluation/exp_iid_random3_9/self_evolve_h200_r3/test.npz,cold_start_h100,8b04251a10d91ba3d3c15d77990badf9f9b94e8a3e1d0c3cd51c8ace0a33509a,5201ae627f86e5dbe6503af5b5b559837299324760b5eea0cfbcb8dc4c6f658e,,True,1000,154.12095081182753,46.16137320929254,53.979788801267496,0.4602730874729586,49.51470933798046,0.4704147910233587,known quoted arrival dates; overtaking allowed,998b9c58b860752c17c5501c514a5ed905be2b2a72b91aae660789a4a25ac4a6,998b9c58b860752c17c5501c514a5ed905be2b2a72b91aae660789a4a25ac4a6,0.4641625255033264,True,evaluation/exp_iid_random3_9/self_evolve_h200_r3/test.json
exp_iid_random3_9,self_evolve_h200_r3,self_evolve,3,primary,cold_start,200,test,0,200,evaluation/exp_iid_random3_9/self_evolve_h200_r3/test.npz,cold_start_h200,8b04251a10d91ba3d3c15d77990badf9f9b94e8a3e1d0c3cd51c8ace0a33509a,5201ae627f86e5dbe6503af5b5b559837299324760b5eea0cfbcb8dc4c6f658e,,True,1000,150.25560311793052,44.23235991601146,53.01162160095952,0.46965085853449423,48.6663188142202,0.4704147910233587,known quoted arrival dates; overtaking allowed,998b9c58b860752c17c5501c514a5ed905be2b2a72b91aae660789a4a25ac4a6,998b9c58b860752c17c5501c514a5ed905be2b2a72b91aae660789a4a25ac4a6,0.47169619006572633,True,evaluation/exp_iid_random3_9/self_evolve_h200_r3/test.json
exp_iid_random3_9,self_evolve_h200_r3,self_evolve,3,primary,cold_start,500,test,0,200,evaluation/exp_iid_random3_9/self_evolve_h200_r3/test.npz,cold_start_h500,8b04251a10d91ba3d3c15d77990badf9f9b94e8a3e1d0c3cd51c8ace0a33509a,5201ae627f86e5dbe6503af5b5b559837299324760b5eea0cfbcb8dc4c6f658e,,True,1000,148.12709088047313,43.24351162288386,52.441789628794645,0.4747840041485615,48.09568043446346,0.4704147910233587,known quoted arrival dates; overtaking allowed,998b9c58b860752c17c5501c514a5ed905be2b2a72b91aae660789a4a25ac4a6,998b9c58b860752c17c5501c514a5ed905be2b2a72b91aae660789a4a25ac4a6,0.4756437025674452,True,evaluation/exp_iid_random3_9/self_evolve_h200_r3/test.json
exp_regime095_fixed6,baseline_h200_base_stock,base_stock,,baseline,steady,50,test,500,200,evaluation/exp_regime095_fixed6/baseline_h200_base_stock/test.npz,steady_h50,54b419b9dd894753ce00d5337698b8d9bbc8a7b39e764503cac4fac771f0779e,,49469ae7d9eb0c5b59ecec5e75a96a81f725c031b0e5c34a5de96da79430b537,True,1000,156.27093964250042,17.74239781428132,69.26427091410956,0.2963650143534389,29.17086850063984,0.543701791903004,known quoted arrival dates; overtaking allowed,3a7b353e5bda7030f02a2aa1c7ce6dbe7953587301cb1e77c31a67e0b28952de,3a7b353e5bda7030f02a2aa1c7ce6dbe7953587301cb1e77c31a67e0b28952de,0.35790479274076814,True,evaluation/exp_regime095_fixed6/baseline_h200_base_stock/test.json
exp_regime095_fixed6,baseline_h200_base_stock,base_stock,,baseline,steady,100,test,500,200,evaluation/exp_regime095_fixed6/baseline_h200_base_stock/test.npz,steady_h100,54b419b9dd894753ce00d5337698b8d9bbc8a7b39e764503cac4fac771f0779e,,49469ae7d9eb0c5b59ecec5e75a96a81f725c031b0e5c34a5de96da79430b537,True,1000,156.51044565054002,17.8003337332396,69.35505595865023,0.29595541279603976,29.16078701963865,0.543701791903004,known quoted arrival dates; overtaking allowed,3a7b353e5bda7030f02a2aa1c7ce6dbe7953587301cb1e77c31a67e0b28952de,3a7b353e5bda7030f02a2aa1c7ce6dbe7953587301cb1e77c31a67e0b28952de,0.3257439078242318,True,evaluation/exp_regime095_fixed6/baseline_h200_base_stock/test.json
exp_regime095_fixed6,baseline_h200_base_stock,base_stock,,baseline,steady,200,test,500,200,evaluation/exp_regime095_fixed6/baseline_h200_base_stock/test.npz,steady_h200,54b419b9dd894753ce00d5337698b8d9bbc8a7b39e764503cac4fac771f0779e,,49469ae7d9eb0c5b59ecec5e75a96a81f725c031b0e5c34a5de96da79430b537,True,1000,157.10290725261046,17.647233010915166,69.72783712084764,0.29497519251164084,29.176765557507398,0.543701791903004,known quoted arrival dates; overtaking allowed,3a7b353e5bda7030f02a2aa1c7ce6dbe7953587301cb1e77c31a67e0b28952de,3a7b353e5bda7030f02a2aa1c7ce6dbe7953587301cb1e77c31a67e0b28952de,0.3092069534309778,True,evaluation/exp_regime095_fixed6/baseline_h200_base_stock/test.json
exp_regime095_fixed6,baseline_h200_base_stock,base_stock,,baseline,steady,500,test,500,200,evaluation/exp_regime095_fixed6/baseline_h200_base_stock/test.npz,steady_h500,54b419b9dd894753ce00d5337698b8d9bbc8a7b39e764503cac4fac771f0779e,,49469ae7d9eb0c5b59ecec5e75a96a81f725c031b0e5c34a5de96da79430b537,True,1000,158.26345305230527,17.47968602815133,70.39188351207699,0.2932132412762766,29.2029592202037,0.543701791903004,known quoted arrival dates; overtaking allowed,3a7b353e5bda7030f02a2aa1c7ce6dbe7953587301cb1e77c31a67e0b28952de,3a7b353e5bda7030f02a2aa1c7ce6dbe7953587301cb1e77c31a67e0b28952de,0.29817862056713,True,evaluation/exp_regime095_fixed6/baseline_h200_base_stock/test.json
exp_regime095_fixed6,baseline_h200_base_stock,base_stock,,baseline,cold_start,50,test,0,200,evaluation/exp_regime095_fixed6/baseline_h200_base_stock/test.npz,cold_start_h50,54b419b9dd894753ce00d5337698b8d9bbc8a7b39e764503cac4fac771f0779e,,49469ae7d9eb0c5b59ecec5e75a96a81f725c031b0e5c34a5de96da79430b537,True,1000,169.61862432716515,23.344222786718447,73.13720077022334,0.26470845988706965,30.114098285716327,0.543701791903004,known quoted arrival dates; overtaking allowed,3a7b353e5bda7030f02a2aa1c7ce6dbe7953587301cb1e77c31a67e0b28952de,3a7b353e5bda7030f02a2aa1c7ce6dbe7953587301cb1e77c31a67e0b28952de,0.31980283820066474,True,evaluation/exp_regime095_fixed6/baseline_h200_base_stock/test.json
exp_regime095_fixed6,baseline_h200_base_stock,base_stock,,baseline,cold_start,100,test,0,200,evaluation/exp_regime095_fixed6/baseline_h200_base_stock/test.npz,cold_start_h100,54b419b9dd894753ce00d5337698b8d9bbc8a7b39e764503cac4fac771f0779e,,49469ae7d9eb0c5b59ecec5e75a96a81f725c031b0e5c34a5de96da79430b537,True,1000,164.50072760372535,20.618046436242352,71.94134058374149,0.27822883111244995,29.648990252946863,0.543701791903004,known quoted arrival dates; overtaking allowed,3a7b353e5bda7030f02a2aa1c7ce6dbe7953587301cb1e77c31a67e0b28952de,3a7b353e5bda7030f02a2aa1c7ce6dbe7953587301cb1e77c31a67e0b28952de,0.30499028930260585,True,evaluation/exp_regime095_fixed6/baseline_h200_base_stock/test.json
exp_regime095_fixed6,baseline_h200_base_stock,base_stock,,baseline,cold_start,200,test,0,200,evaluation/exp_regime095_fixed6/baseline_h200_base_stock/test.npz,cold_start_h200,54b419b9dd894753ce00d5337698b8d9bbc8a7b39e764503cac4fac771f0779e,,49469ae7d9eb0c5b59ecec5e75a96a81f725c031b0e5c34a5de96da79430b537,True,1000,161.3940675618446,19.020057354954503,71.18700510344506,0.2856529661355703,29.43107273480007,0.543701791903004,known quoted arrival dates; overtaking allowed,3a7b353e5bda7030f02a2aa1c7ce6dbe7953587301cb1e77c31a67e0b28952de,3a7b353e5bda7030f02a2aa1c7ce6dbe7953587301cb1e77c31a67e0b28952de,0.29912125582514476,True,evaluation/exp_regime095_fixed6/baseline_h200_base_stock/test.json
exp_regime095_fixed6,baseline_h200_base_stock,base_stock,,baseline,cold_start,500,test,0,200,evaluation/exp_regime095_fixed6/baseline_h200_base_stock/test.npz,cold_start_h500,54b419b9dd894753ce00d5337698b8d9bbc8a7b39e764503cac4fac771f0779e,,49469ae7d9eb0c5b59ecec5e75a96a81f725c031b0e5c34a5de96da79430b537,True,1000,159.84452234486196,18.06771802562387,70.88840215961903,0.28971829725705256,29.300587638183348,0.543701791903004,known quoted arrival dates; overtaking allowed,3a7b353e5bda7030f02a2aa1c7ce6dbe7953587301cb1e77c31a67e0b28952de,3a7b353e5bda7030f02a2aa1c7ce6dbe7953587301cb1e77c31a67e0b28952de,0.29509687144678837,True,evaluation/exp_regime095_fixed6/baseline_h200_base_stock/test.json
exp_regime095_fixed6,baseline_h200_capped_base_stock,capped_base_stock,,baseline,steady,50,test,500,200,evaluation/exp_regime095_fixed6/baseline_h200_capped_base_stock/test.npz,steady_h50,54b419b9dd894753ce00d5337698b8d9bbc8a7b39e764503cac4fac771f0779e,,e58b014e30d65af7274ff99aaf80012703c5565e1b36882e58a8ed2ec9e0c300,True,1000,153.19844754556328,13.670540808365564,69.76395336859886,0.29128888993817714,28.667840082948924,0.49369070888496935,known quoted arrival dates; overtaking allowed,13e10f50302592c18edec83c8c2c5a44df15e773175b3ceb4bacaf58961841a8,13e10f50302592c18edec83c8c2c5a44df15e773175b3ceb4bacaf58961841a8,0.3515289583853449,True,evaluation/exp_regime095_fixed6/baseline_h200_capped_base_stock/test.json
exp_regime095_fixed6,baseline_h200_capped_base_stock,capped_base_stock,,baseline,steady,100,test,500,200,evaluation/exp_regime095_fixed6/baseline_h200_capped_base_stock/test.npz,steady_h100,54b419b9dd894753ce00d5337698b8d9bbc8a7b39e764503cac4fac771f0779e,,e58b014e30d65af7274ff99aaf80012703c5565e1b36882e58a8ed2ec9e0c300,True,1000,153.39044454729282,13.697451867287189,69.8464963400028,0.29096664974708436,28.655570644111034,0.49369070888496935,known quoted arrival dates; overtaking allowed,13e10f50302592c18edec83c8c2c5a44df15e773175b3ceb4bacaf58961841a8,13e10f50302592c18edec83c8c2c5a44df15e773175b3ceb4bacaf58961841a8,0.3200572991901191,True,evaluation/exp_regime095_fixed6/baseline_h200_capped_base_stock/test.json
exp_regime095_fixed6,baseline_h200_capped_base_stock,capped_base_stock,,baseline,steady,200,test,500,200,evaluation/exp_regime095_fixed6/baseline_h200_capped_base_stock/test.npz,steady_h200,54b419b9dd894753ce00d5337698b8d9bbc8a7b39e764503cac4fac771f0779e,,e58b014e30d65af7274ff99aaf80012703c5565e1b36882e58a8ed2ec9e0c300,True,1000,154.05479818545834,13.616276268489168,70.2192609584846,0.29000635924746393,28.68072411212193,0.49369070888496935,known quoted arrival dates; overtaking allowed,13e10f50302592c18edec83c8c2c5a44df15e773175b3ceb4bacaf58961841a8,13e10f50302592c18edec83c8c2c5a44df15e773175b3ceb4bacaf58961841a8,0.30386009349805393,True,evaluation/exp_regime095_fixed6/baseline_h200_capped_base_stock/test.json
exp_regime095_fixed6,baseline_h200_capped_base_stock,capped_base_stock,,baseline,steady,500,test,500,200,evaluation/exp_regime095_fixed6/baseline_h200_capped_base_stock/test.npz,steady_h500,54b419b9dd894753ce00d5337698b8d9bbc8a7b39e764503cac4fac771f0779e,,e58b014e30d65af7274ff99aaf80012703c5565e1b36882e58a8ed2ec9e0c300,True,1000,155.21717833215789,13.436586830461279,70.89029575084831,0.2882088124533288,28.70357980348225,0.49369070888496935,known quoted arrival dates; overtaking allowed,13e10f50302592c18edec83c8c2c5a44df15e773175b3ceb4bacaf58961841a8,13e10f50302592c18edec83c8c2c5a44df15e773175b3ceb4bacaf58961841a8,0.2930264418250717,True,evaluation/exp_regime095_fixed6/baseline_h200_capped_base_stock/test.json
exp_regime095_fixed6,baseline_h200_capped_base_stock,capped_base_stock,,baseline,cold_start,50,test,0,200,evaluation/exp_regime095_fixed6/baseline_h200_capped_base_stock/test.npz,cold_start_h50,54b419b9dd894753ce00d5337698b8d9bbc8a7b39e764503cac4fac771f0779e,,e58b014e30d65af7274ff99aaf80012703c5565e1b36882e58a8ed2ec9e0c300,True,1000,159.6998611628535,11.439063874539313,74.13039864415708,0.25472325418230113,29.058468314486323,0.49369070888496935,known quoted arrival dates; overtaking allowed,13e10f50302592c18edec83c8c2c5a44df15e773175b3ceb4bacaf58961841a8,13e10f50302592c18edec83c8c2c5a44df15e773175b3ceb4bacaf58961841a8,0.30825239988931036,True,evaluation/exp_regime095_fixed6/baseline_h200_capped_base_stock/test.json
exp_regime095_fixed6,baseline_h200_capped_base_stock,capped_base_stock,,baseline,cold_start,100,test,0,200,evaluation/exp_regime095_fixed6/baseline_h200_capped_base_stock/test.npz,cold_start_h100,54b419b9dd894753ce00d5337698b8d9bbc8a7b39e764503cac4fac771f0779e,,e58b014e30d65af7274ff99aaf80012703c5565e1b36882e58a8ed2ec9e0c300,True,1000,157.7301087674242,12.418384353477078,72.65586220697357,0.27106019757002486,28.877827336682735,0.49369070888496935,known quoted arrival dates; overtaking allowed,13e10f50302592c18edec83c8c2c5a44df15e773175b3ceb4bacaf58961841a8,13e10f50302592c18edec83c8c2c5a44df15e773175b3ceb4bacaf58961841a8,0.296984015291405,True,evaluation/exp_regime095_fixed6/baseline_h200_capped_base_stock/test.json
exp_regime095_fixed6,baseline_h200_capped_base_stock,capped_base_stock,,baseline,cold_start,200,test,0,200,evaluation/exp_regime095_fixed6/baseline_h200_capped_base_stock/test.npz,cold_start_h200,54b419b9dd894753ce00d5337698b8d9bbc8a7b39e764503cac4fac771f0779e,,e58b014e30d65af7274ff99aaf80012703c5565e1b36882e58a8ed2ec9e0c300,True,1000,156.47405455487564,12.890218277337475,71.79191813876906,0.2795827875699498,28.794126436224293,0.49369070888496935,known quoted arrival dates; overtaking allowed,13e10f50302592c18edec83c8c2c5a44df15e773175b3ceb4bacaf58961841a8,13e10f50302592c18edec83c8c2c5a44df15e773175b3ceb4bacaf58961841a8,0.292647848018157,True,evaluation/exp_regime095_fixed6/baseline_h200_capped_base_stock/test.json
exp_regime095_fixed6,baseline_h200_capped_base_stock,capped_base_stock,,baseline,cold_start,500,test,0,200,evaluation/exp_regime095_fixed6/baseline_h200_capped_base_stock/test.npz,cold_start_h500,54b419b9dd894753ce00d5337698b8d9bbc8a7b39e764503cac4fac771f0779e,,e58b014e30d65af7274ff99aaf80012703c5565e1b36882e58a8ed2ec9e0c300,True,1000,156.04266093262638,13.182650431553276,71.43000525053652,0.2842915877543962,28.745841056379323,0.49369070888496935,known quoted arrival dates; overtaking allowed,13e10f50302592c18edec83c8c2c5a44df15e773175b3ceb4bacaf58961841a8,13e10f50302592c18edec83c8c2c5a44df15e773175b3ceb4bacaf58961841a8,0.2895138574541203,True,evaluation/exp_regime095_fixed6/baseline_h200_capped_base_stock/test.json
exp_regime095_fixed6,baseline_h200_conditional_pil,conditional_pil,,baseline,steady,50,test,500,200,evaluation/exp_regime095_fixed6/baseline_h200_conditional_pil/test.npz,steady_h50,54b419b9dd894753ce00d5337698b8d9bbc8a7b39e764503cac4fac771f0779e,,62375276ee304a5319c2682793bc00f95208a76f3941c3922b5327d96d344d2e,True,1000,149.54506016809725,20.072190993291418,64.7364345874029,0.3423619476453942,33.71260535052159,4.553203416988254,known quoted arrival dates; overtaking allowed,986e0b989c08dc350ef2bd94474b0996b2a8c9f02e995be1399e26c311c2ea38,986e0b989c08dc350ef2bd94474b0996b2a8c9f02e995be1399e26c311c2ea38,0.39998358414051255,True,evaluation/exp_regime095_fixed6/baseline_h200_conditional_pil/test.json
exp_regime095_fixed6,baseline_h200_conditional_pil,conditional_pil,,baseline,steady,100,test,500,200,evaluation/exp_regime095_fixed6/baseline_h200_conditional_pil/test.npz,steady_h100,54b419b9dd894753ce00d5337698b8d9bbc8a7b39e764503cac4fac771f0779e,,62375276ee304a5319c2682793bc00f95208a76f3941c3922b5327d96d344d2e,True,1000,149.76653792443423,20.103758454930706,64.83138973475175,0.3418765453685795,33.69177963103355,4.553203416988254,known quoted arrival dates; overtaking allowed,986e0b989c08dc350ef2bd94474b0996b2a8c9f02e995be1399e26c311c2ea38,986e0b989c08dc350ef2bd94474b0996b2a8c9f02e995be1399e26c311c2ea38,0.36962157269462953,True,evaluation/exp_regime095_fixed6/baseline_h200_conditional_pil/test.json
exp_regime095_fixed6,baseline_h200_conditional_pil,conditional_pil,,baseline,steady,200,test,500,200,evaluation/exp_regime095_fixed6/baseline_h200_conditional_pil/test.npz,steady_h200,54b419b9dd894753ce00d5337698b8d9bbc8a7b39e764503cac4fac771f0779e,,62375276ee304a5319c2682793bc00f95208a76f3941c3922b5327d96d344d2e,True,1000,150.404058237885,20.057262734387642,65.17339775174867,0.3410255630953623,33.73916582472755,4.553203416988254,known quoted arrival dates; overtaking allowed,986e0b989c08dc350ef2bd94474b0996b2a8c9f02e995be1399e26c311c2ea38,986e0b989c08dc350ef2bd94474b0996b2a8c9f02e995be1399e26c311c2ea38,0.3542173088257238,True,evaluation/exp_regime095_fixed6/baseline_h200_conditional_pil/test.json
exp_regime095_fixed6,baseline_h200_conditional_pil,conditional_pil,,baseline,steady,500,test,500,200,evaluation/exp_regime095_fixed6/baseline_h200_conditional_pil/test.npz,steady_h500,54b419b9dd894753ce00d5337698b8d9bbc8a7b39e764503cac4fac771f0779e,,62375276ee304a5319c2682793bc00f95208a76f3941c3922b5327d96d344d2e,True,1000,151.4570790230042,19.875875787401615,65.7906016178013,0.3394135267888997,33.808236753164685,4.553203416988254,known quoted arrival dates; overtaking allowed,986e0b989c08dc350ef2bd94474b0996b2a8c9f02e995be1399e26c311c2ea38,986e0b989c08dc350ef2bd94474b0996b2a8c9f02e995be1399e26c311c2ea38,0.3439598507302627,True,evaluation/exp_regime095_fixed6/baseline_h200_conditional_pil/test.json
exp_regime095_fixed6,baseline_h200_conditional_pil,conditional_pil,,baseline,cold_start,50,test,0,200,evaluation/exp_regime095_fixed6/baseline_h200_conditional_pil/test.npz,cold_start_h50,54b419b9dd894753ce00d5337698b8d9bbc8a7b39e764503cac4fac771f0779e,,62375276ee304a5319c2682793bc00f95208a76f3941c3922b5327d96d344d2e,True,1000,155.86113898479357,16.974637267932682,69.44325085843043,0.30184592332753624,34.483729261501665,4.553203416988254,known quoted arrival dates; overtaking allowed,986e0b989c08dc350ef2bd94474b0996b2a8c9f02e995be1399e26c311c2ea38,986e0b989c08dc350ef2bd94474b0996b2a8c9f02e995be1399e26c311c2ea38,0.352677735008112,True,evaluation/exp_regime095_fixed6/baseline_h200_conditional_pil/test.json
exp_regime095_fixed6,baseline_h200_conditional_pil,conditional_pil,,baseline,cold_start,100,test,0,200,evaluation/exp_regime095_fixed6/baseline_h200_conditional_pil/test.npz,cold_start_h100,54b419b9dd894753ce00d5337698b8d9bbc8a7b39e764503cac4fac771f0779e,,62375276ee304a5319c2682793bc00f95208a76f3941c3922b5327d96d344d2e,True,1000,153.9435848732392,18.4052340131435,67.76917543004784,0.3200872187285118,34.140406917410324,4.553203416988254,known quoted arrival dates; overtaking allowed,986e0b989c08dc350ef2bd94474b0996b2a8c9f02e995be1399e26c311c2ea38,986e0b989c08dc350ef2bd94474b0996b2a8c9f02e995be1399e26c311c2ea38,0.3445234366622288,True,evaluation/exp_regime095_fixed6/baseline_h200_conditional_pil/test.json
exp_regime095_fixed6,baseline_h200_conditional_pil,conditional_pil,,baseline,cold_start,200,test,0,200,evaluation/exp_regime095_fixed6/baseline_h200_conditional_pil/test.npz,cold_start_h200,54b419b9dd894753ce00d5337698b8d9bbc8a7b39e764503cac4fac771f0779e,,62375276ee304a5319c2682793bc00f95208a76f3941c3922b5327d96d344d2e,True,1000,152.82221582468165,19.206548884650882,66.80783347001538,0.3295970576530872,33.96629589336922,4.553203416988254,known quoted arrival dates; overtaking allowed,986e0b989c08dc350ef2bd94474b0996b2a8c9f02e995be1399e26c311c2ea38,986e0b989c08dc350ef2bd94474b0996b2a8c9f02e995be1399e26c311c2ea38,0.34193799171049694,True,evaluation/exp_regime095_fixed6/baseline_h200_conditional_pil/test.json
exp_regime095_fixed6,baseline_h200_conditional_pil,conditional_pil,,baseline,cold_start,500,test,0,200,evaluation/exp_regime095_fixed6/baseline_h200_conditional_pil/test.npz,cold_start_h500,54b419b9dd894753ce00d5337698b8d9bbc8a7b39e764503cac4fac771f0779e,,62375276ee304a5319c2682793bc00f95208a76f3941c3922b5327d96d344d2e,True,1000,152.3826686139565,19.63721784405721,66.37272538494963,0.33496409897969365,33.872569341866495,4.553203416988254,known quoted arrival dates; overtaking allowed,986e0b989c08dc350ef2bd94474b0996b2a8c9f02e995be1399e26c311c2ea38,986e0b989c08dc350ef2bd94474b0996b2a8c9f02e995be1399e26c311c2ea38,0.3398859559948892,True,evaluation/exp_regime095_fixed6/baseline_h200_conditional_pil/test.json
exp_regime095_fixed6,baseline_h200_constant_order,constant_order,,baseline,steady,50,test,500,200,evaluation/exp_regime095_fixed6/baseline_h200_constant_order/test.npz,steady_h50,54b419b9dd894753ce00d5337698b8d9bbc8a7b39e764503cac4fac771f0779e,,a68b1f67553d8c80c4a658cd593aff8e96745b9a4486b4e1d4723fe4b79f9d50,True,1000,156.3362700966708,10.813432886158878,72.76141860525597,0.26083853824983433,25.685934101572734,0.560300457989797,known quoted arrival dates; overtaking allowed,34254fad6d9c5310fe11a402edbfea45fb55b67a816e238094b7eef1d8ee8084,34254fad6d9c5310fe11a402edbfea45fb55b67a816e238094b7eef1d8ee8084,0.32253919624737154,True,evaluation/exp_regime095_fixed6/baseline_h200_constant_order/test.json
exp_regime095_fixed6,baseline_h200_constant_order,constant_order,,baseline,steady,100,test,500,200,evaluation/exp_regime095_fixed6/baseline_h200_constant_order/test.npz,steady_h100,54b419b9dd894753ce00d5337698b8d9bbc8a7b39e764503cac4fac771f0779e,,a68b1f67553d8c80c4a658cd593aff8e96745b9a4486b4e1d4723fe4b79f9d50,True,1000,156.55121254432888,10.910137090629362,72.82053772684975,0.2607762373598677,25.68593410157275,0.560300457989797,known quoted arrival dates; overtaking allowed,34254fad6d9c5310fe11a402edbfea45fb55b67a816e238094b7eef1d8ee8084,34254fad6d9c5310fe11a402edbfea45fb55b67a816e238094b7eef1d8ee8084,0.2908188978897515,True,evaluation/exp_regime095_fixed6/baseline_h200_constant_order/test.json
exp_regime095_fixed6,baseline_h200_constant_order,constant_order,,baseline,steady,200,test,500,200,evaluation/exp_regime095_fixed6/baseline_h200_constant_order/test.npz,steady_h200,54b419b9dd894753ce00d5337698b8d9bbc8a7b39e764503cac4fac771f0779e,,a68b1f67553d8c80c4a658cd593aff8e96745b9a4486b4e1d4723fe4b79f9d50,True,1000,157.27838118769444,10.842716125678376,73.21783253100803,0.25968751625805003,25.68593410157275,0.560300457989797,known quoted arrival dates; overtaking allowed,34254fad6d9c5310fe11a402edbfea45fb55b67a816e238094b7eef1d8ee8084,34254fad6d9c5310fe11a402edbfea45fb55b67a816e238094b7eef1d8ee8084,0.27396407988263616,True,evaluation/exp_regime095_fixed6/baseline_h200_constant_order/test.json
exp_regime095_fixed6,baseline_h200_constant_order,constant_order,,baseline,steady,500,test,500,200,evaluation/exp_regime095_fixed6/baseline_h200_constant_order/test.npz,steady_h500,54b419b9dd894753ce00d5337698b8d9bbc8a7b39e764503cac4fac771f0779e,,a68b1f67553d8c80c4a658cd593aff8e96745b9a4486b4e1d4723fe4b79f9d50,True,1000,158.47880309291435,10.66365456177227,73.90757426557106,0.25791309659538136,25.68593410157274,0.560300457989797,known quoted arrival dates; overtaking allowed,34254fad6d9c5310fe11a402edbfea45fb55b67a816e238094b7eef1d8ee8084,34254fad6d9c5310fe11a402edbfea45fb55b67a816e238094b7eef1d8ee8084,0.26290309037773885,True,evaluation/exp_regime095_fixed6/baseline_h200_constant_order/test.json
exp_regime095_fixed6,baseline_h200_constant_order,constant_order,,baseline,cold_start,50,test,0,200,evaluation/exp_regime095_fixed6/baseline_h200_constant_order/test.npz,cold_start_h50,54b419b9dd894753ce00d5337698b8d9bbc8a7b39e764503cac4fac771f0779e,,a68b1f67553d8c80c4a658cd593aff8e96745b9a4486b4e1d4723fe4b79f9d50,True,1000,162.41136427729143,8.277924851009754,77.06671971314084,0.2252026816372534,25.685934101572734,0.560300457989797,known quoted arrival dates; overtaking allowed,34254fad6d9c5310fe11a402edbfea45fb55b67a816e238094b7eef1d8ee8084,34254fad6d9c5310fe11a402edbfea45fb55b67a816e238094b7eef1d8ee8084,0.2790289532377405,True,evaluation/exp_regime095_fixed6/baseline_h200_constant_order/test.json
exp_regime095_fixed6,baseline_h200_constant_order,constant_order,,baseline,cold_start,100,test,0,200,evaluation/exp_regime095_fixed6/baseline_h200_constant_order/test.npz,cold_start_h100,54b419b9dd894753ce00d5337698b8d9bbc8a7b39e764503cac4fac771f0779e,,a68b1f67553d8c80c4a658cd593aff8e96745b9a4486b4e1d4723fe4b79f9d50,True,1000,160.6489090321355,9.369437125032489,75.6397359535515,0.24112366838659247,25.68593410157275,0.560300457989797,known quoted arrival dates; overtaking allowed,34254fad6d9c5310fe11a402edbfea45fb55b67a816e238094b7eef1d8ee8084,34254fad6d9c5310fe11a402edbfea45fb55b67a816e238094b7eef1d8ee8084,0.26775263857277876,True,evaluation/exp_regime095_fixed6/baseline_h200_constant_order/test.json
exp_regime095_fixed6,baseline_h200_constant_order,constant_order,,baseline,cold_start,200,test,0,200,evaluation/exp_regime095_fixed6/baseline_h200_constant_order/test.npz,cold_start_h200,54b419b9dd894753ce00d5337698b8d9bbc8a7b39e764503cac4fac771f0779e,,a68b1f67553d8c80c4a658cd593aff8e96745b9a4486b4e1d4723fe4b79f9d50,True,1000,159.42550477127813,9.846436723578561,74.7895340238498,0.24950232536957168,25.68593410157275,0.560300457989797,known quoted arrival dates; overtaking allowed,34254fad6d9c5310fe11a402edbfea45fb55b67a816e238094b7eef1d8ee8084,34254fad6d9c5310fe11a402edbfea45fb55b67a816e238094b7eef1d8ee8084,0.2629267484207933,True,evaluation/exp_regime095_fixed6/baseline_h200_constant_order/test.json
exp_regime095_fixed6,baseline_h200_constant_order,constant_order,,baseline,cold_start,500,test,0,200,evaluation/exp_regime095_fixed6/baseline_h200_constant_order/test.npz,cold_start_h500,54b419b9dd894753ce00d5337698b8d9bbc8a7b39e764503cac4fac771f0779e,,a68b1f67553d8c80c4a658cd593aff8e96745b9a4486b4e1d4723fe4b79f9d50,True,1000,159.1911648810862,10.298239192811204,74.4464628441375,0.2540675374081853,25.68593410157274,0.560300457989797,known quoted arrival dates; overtaking allowed,34254fad6d9c5310fe11a402edbfea45fb55b67a816e238094b7eef1d8ee8084,34254fad6d9c5310fe11a402edbfea45fb55b67a816e238094b7eef1d8ee8084,0.25945412702374065,True,evaluation/exp_regime095_fixed6/baseline_h200_constant_order/test.json
exp_regime095_fixed6,baseline_h200_forecast_adaptive_pil,forecast_adaptive_pil,,baseline,steady,50,test,500,200,evaluation/exp_regime095_fixed6/baseline_h200_forecast_adaptive_pil/test.npz,steady_h50,54b419b9dd894753ce00d5337698b8d9bbc8a7b39e764503cac4fac771f0779e,,17272eeae6c23272bd28add0a3555a9ea25053634b22dbb8a395a7d2bb3dcd11,True,1000,146.72104944338335,23.90233552519574,61.40935695909381,0.3761607329115128,37.09534797457521,1.4900146250147372,known quoted arrival dates; overtaking allowed,2b39f970389afd80cc6f042b487c286e7d1c7e9b7d56e09fc74d309f818afc60,2b39f970389afd80cc6f042b487c286e7d1c7e9b7d56e09fc74d309f818afc60,0.41716883691211554,True,evaluation/exp_regime095_fixed6/baseline_h200_forecast_adaptive_pil/test.json
exp_regime095_fixed6,baseline_h200_forecast_adaptive_pil,forecast_adaptive_pil,,baseline,steady,100,test,500,200,evaluation/exp_regime095_fixed6/baseline_h200_forecast_adaptive_pil/test.npz,steady_h100,54b419b9dd894753ce00d5337698b8d9bbc8a7b39e764503cac4fac771f0779e,,17272eeae6c23272bd28add0a3555a9ea25053634b22dbb8a395a7d2bb3dcd11,True,1000,146.98599621990755,23.970867539736396,61.50756434008557,0.37561772321898723,37.067698494264015,1.4900146250147372,known quoted arrival dates; overtaking allowed,2b39f970389afd80cc6f042b487c286e7d1c7e9b7d56e09fc74d309f818afc60,2b39f970389afd80cc6f042b487c286e7d1c7e9b7d56e09fc74d309f818afc60,0.3948667666532082,True,evaluation/exp_regime095_fixed6/baseline_h200_forecast_adaptive_pil/test.json
exp_regime095_fixed6,baseline_h200_forecast_adaptive_pil,forecast_adaptive_pil,,baseline,steady,200,test,500,200,evaluation/exp_regime095_fixed6/baseline_h200_forecast_adaptive_pil/test.npz,steady_h200,54b419b9dd894753ce00d5337698b8d9bbc8a7b39e764503cac4fac771f0779e,,17272eeae6c23272bd28add0a3555a9ea25053634b22dbb8a395a7d2bb3dcd11,True,1000,147.73312395515933,24.14511752607093,61.7940032145442,0.3751949433801761,37.13785076907207,1.4900146250147372,known quoted arrival dates; overtaking allowed,2b39f970389afd80cc6f042b487c286e7d1c7e9b7d56e09fc74d309f818afc60,2b39f970389afd80cc6f042b487c286e7d1c7e9b7d56e09fc74d309f818afc60,0.38426826053241736,True,evaluation/exp_regime095_fixed6/baseline_h200_forecast_adaptive_pil/test.json
exp_regime095_fixed6,baseline_h200_forecast_adaptive_pil,forecast_adaptive_pil,,baseline,steady,500,test,500,200,evaluation/exp_regime095_fixed6/baseline_h200_forecast_adaptive_pil/test.npz,steady_h500,54b419b9dd894753ce00d5337698b8d9bbc8a7b39e764503cac4fac771f0779e,,17272eeae6c23272bd28add0a3555a9ea25053634b22dbb8a395a7d2bb3dcd11,True,1000,148.9084124609371,24.263076989039995,62.322667735948535,0.3742341570310549,37.287986355009224,1.4900146250147372,known quoted arrival dates; overtaking allowed,2b39f970389afd80cc6f042b487c286e7d1c7e9b7d56e09fc74d309f818afc60,2b39f970389afd80cc6f042b487c286e7d1c7e9b7d56e09fc74d309f818afc60,0.3772991206245363,True,evaluation/exp_regime095_fixed6/baseline_h200_forecast_adaptive_pil/test.json
exp_regime095_fixed6,baseline_h200_forecast_adaptive_pil,forecast_adaptive_pil,,baseline,cold_start,50,test,0,200,evaluation/exp_regime095_fixed6/baseline_h200_forecast_adaptive_pil/test.npz,cold_start_h50,54b419b9dd894753ce00d5337698b8d9bbc8a7b39e764503cac4fac771f0779e,,17272eeae6c23272bd28add0a3555a9ea25053634b22dbb8a395a7d2bb3dcd11,True,1000,152.82795956046598,20.222187647806507,66.30288595632973,0.3334178692191586,38.14521854758365,1.4900146250147372,known quoted arrival dates; overtaking allowed,2b39f970389afd80cc6f042b487c286e7d1c7e9b7d56e09fc74d309f818afc60,2b39f970389afd80cc6f042b487c286e7d1c7e9b7d56e09fc74d309f818afc60,0.36788019316857196,True,evaluation/exp_regime095_fixed6/baseline_h200_forecast_adaptive_pil/test.json
exp_regime095_fixed6,baseline_h200_forecast_adaptive_pil,forecast_adaptive_pil,,baseline,cold_start,100,test,0,200,evaluation/exp_regime095_fixed6/baseline_h200_forecast_adaptive_pil/test.npz,cold_start_h100,54b419b9dd894753ce00d5337698b8d9bbc8a7b39e764503cac4fac771f0779e,,17272eeae6c23272bd28add0a3555a9ea25053634b22dbb8a395a7d2bb3dcd11,True,1000,151.35391625085148,22.438748443409352,64.45758390372107,0.35331166613858916,37.70213843472148,1.4900146250147372,known quoted arrival dates; overtaking allowed,2b39f970389afd80cc6f042b487c286e7d1c7e9b7d56e09fc74d309f818afc60,2b39f970389afd80cc6f042b487c286e7d1c7e9b7d56e09fc74d309f818afc60,0.36952106924823047,True,evaluation/exp_regime095_fixed6/baseline_h200_forecast_adaptive_pil/test.json
exp_regime095_fixed6,baseline_h200_forecast_adaptive_pil,forecast_adaptive_pil,,baseline,cold_start,200,test,0,200,evaluation/exp_regime095_fixed6/baseline_h200_forecast_adaptive_pil/test.npz,cold_start_h200,54b419b9dd894753ce00d5337698b8d9bbc8a7b39e764503cac4fac771f0779e,,17272eeae6c23272bd28add0a3555a9ea25053634b22dbb8a395a7d2bb3dcd11,True,1000,150.42978253038748,23.564857568869858,63.43246248075882,0.36346821504850885,37.47371692075534,1.4900146250147372,known quoted arrival dates; overtaking allowed,2b39f970389afd80cc6f042b487c286e7d1c7e9b7d56e09fc74d309f818afc60,2b39f970389afd80cc6f042b487c286e7d1c7e9b7d56e09fc74d309f818afc60,0.37175800476868925,True,evaluation/exp_regime095_fixed6/baseline_h200_forecast_adaptive_pil/test.json
exp_regime095_fixed6,baseline_h200_forecast_adaptive_pil,forecast_adaptive_pil,,baseline,cold_start,500,test,0,200,evaluation/exp_regime095_fixed6/baseline_h200_forecast_adaptive_pil/test.npz,cold_start_h500,54b419b9dd894753ce00d5337698b8d9bbc8a7b39e764503cac4fac771f0779e,,17272eeae6c23272bd28add0a3555a9ea25053634b22dbb8a395a7d2bb3dcd11,True,1000,150.07116326955432,24.188668047434053,62.94124761106013,0.3693465339325189,37.34529945300809,1.4900146250147372,known quoted arrival dates; overtaking allowed,2b39f970389afd80cc6f042b487c286e7d1c7e9b7d56e09fc74d309f818afc60,2b39f970389afd80cc6f042b487c286e7d1c7e9b7d56e09fc74d309f818afc60,0.37265483026862967,True,evaluation/exp_regime095_fixed6/baseline_h200_forecast_adaptive_pil/test.json
exp_regime095_fixed6,baseline_h200_forecast_capped_base_stock,forecast_capped_base_stock,,baseline,steady,50,test,500,200,evaluation/exp_regime095_fixed6/baseline_h200_forecast_capped_base_stock/test.npz,steady_h50,54b419b9dd894753ce00d5337698b8d9bbc8a7b39e764503cac4fac771f0779e,,148857b44d9c298fd701f87e500f9d09253ae492f58690a551b51b83c569e4ba,True,1000,146.6480239803272,21.758982295052828,62.44452084263718,0.365644813019104,36.04593382964819,0.7867755410261452,known quoted arrival dates; overtaking allowed,8bfb77b8845e0ea6eb86cb4ea7ec49eb53a9d5a832a6e4680fc442d161a98cf0,8bfb77b8845e0ea6eb86cb4ea7ec49eb53a9d5a832a6e4680fc442d161a98cf0,0.4080339795123302,True,evaluation/exp_regime095_fixed6/baseline_h200_forecast_capped_base_stock/test.json
exp_regime095_fixed6,baseline_h200_forecast_capped_base_stock,forecast_capped_base_stock,,baseline,steady,100,test,500,200,evaluation/exp_regime095_fixed6/baseline_h200_forecast_capped_base_stock/test.npz,steady_h100,54b419b9dd894753ce00d5337698b8d9bbc8a7b39e764503cac4fac771f0779e,,148857b44d9c298fd701f87e500f9d09253ae492f58690a551b51b83c569e4ba,True,1000,146.95032823672216,21.841370259853797,62.55447898843418,0.36499016937671475,36.004469353813256,0.7867755410261452,known quoted arrival dates; overtaking allowed,8bfb77b8845e0ea6eb86cb4ea7ec49eb53a9d5a832a6e4680fc442d161a98cf0,8bfb77b8845e0ea6eb86cb4ea7ec49eb53a9d5a832a6e4680fc442d161a98cf0,0.38476559128252197,True,evaluation/exp_regime095_fixed6/baseline_h200_forecast_capped_base_stock/test.json
exp_regime095_fixed6,baseline_h200_forecast_capped_base_stock,forecast_capped_base_stock,,baseline,steady,200,test,500,200,evaluation/exp_regime095_fixed6/baseline_h200_forecast_capped_base_stock/test.npz,steady_h200,54b419b9dd894753ce00d5337698b8d9bbc8a7b39e764503cac4fac771f0779e,,148857b44d9c298fd701f87e500f9d09253ae492f58690a551b51b83c569e4ba,True,1000,147.73654700208047,22.03682388175167,62.849861560164406,0.36451905900467607,36.0782310578023,0.7867755410261452,known quoted arrival dates; overtaking allowed,8bfb77b8845e0ea6eb86cb4ea7ec49eb53a9d5a832a6e4680fc442d161a98cf0,8bfb77b8845e0ea6eb86cb4ea7ec49eb53a9d5a832a6e4680fc442d161a98cf0,0.3737773644450914,True,evaluation/exp_regime095_fixed6/baseline_h200_forecast_capped_base_stock/test.json
exp_regime095_fixed6,baseline_h200_forecast_capped_base_stock,forecast_capped_base_stock,,baseline,steady,500,test,500,200,evaluation/exp_regime095_fixed6/baseline_h200_forecast_capped_base_stock/test.npz,steady_h500,54b419b9dd894753ce00d5337698b8d9bbc8a7b39e764503cac4fac771f0779e,,148857b44d9c298fd701f87e500f9d09253ae492f58690a551b51b83c569e4ba,True,1000,148.9305125708728,22.137177971501835,63.396667299685475,0.363450404236685,36.2123004631471,0.7867755410261452,known quoted arrival dates; overtaking allowed,8bfb77b8845e0ea6eb86cb4ea7ec49eb53a9d5a832a6e4680fc442d161a98cf0,8bfb77b8845e0ea6eb86cb4ea7ec49eb53a9d5a832a6e4680fc442d161a98cf0,0.366560758575062,True,evaluation/exp_regime095_fixed6/baseline_h200_forecast_capped_base_stock/test.json
exp_regime095_fixed6,baseline_h200_forecast_capped_base_stock,forecast_capped_base_stock,,baseline,cold_start,50,test,0,200,evaluation/exp_regime095_fixed6/baseline_h200_forecast_capped_base_stock/test.npz,cold_start_h50,54b419b9dd894753ce00d5337698b8d9bbc8a7b39e764503cac4fac771f0779e,,148857b44d9c298fd701f87e500f9d09253ae492f58690a551b51b83c569e4ba,True,1000,153.09896230050776,17.767714478856803,67.6656239108255,0.3197174585009584,36.61329969760365,0.7867755410261452,known quoted arrival dates; overtaking allowed,8bfb77b8845e0ea6eb86cb4ea7ec49eb53a9d5a832a6e4680fc442d161a98cf0,8bfb77b8845e0ea6eb86cb4ea7ec49eb53a9d5a832a6e4680fc442d161a98cf0,0.35486488544951394,True,evaluation/exp_regime095_fixed6/baseline_h200_forecast_capped_base_stock/test.json
exp_regime095_fixed6,baseline_h200_forecast_capped_base_stock,forecast_capped_base_stock,,baseline,cold_start,100,test,0,200,evaluation/exp_regime095_fixed6/baseline_h200_forecast_capped_base_stock/test.npz,cold_start_h100,54b419b9dd894753ce00d5337698b8d9bbc8a7b39e764503cac4fac771f0779e,,148857b44d9c298fd701f87e500f9d09253ae492f58690a551b51b83c569e4ba,True,1000,151.43916539912115,20.082715121030855,65.67822513904515,0.34106524920969317,36.39766806956341,0.7867755410261452,known quoted arrival dates; overtaking allowed,8bfb77b8845e0ea6eb86cb4ea7ec49eb53a9d5a832a6e4680fc442d161a98cf0,8bfb77b8845e0ea6eb86cb4ea7ec49eb53a9d5a832a6e4680fc442d161a98cf0,0.3576323692005675,True,evaluation/exp_regime095_fixed6/baseline_h200_forecast_capped_base_stock/test.json
exp_regime095_fixed6,baseline_h200_forecast_capped_base_stock,forecast_capped_base_stock,,baseline,cold_start,200,test,0,200,evaluation/exp_regime095_fixed6/baseline_h200_forecast_capped_base_stock/test.npz,cold_start_h200,54b419b9dd894753ce00d5337698b8d9bbc8a7b39e764503cac4fac771f0779e,,148857b44d9c298fd701f87e500f9d09253ae492f58690a551b51b83c569e4ba,True,1000,150.45369132053557,21.29915608949123,64.57726761552217,0.3519803297078823,36.28576734060725,0.7867755410261452,known quoted arrival dates; overtaking allowed,8bfb77b8845e0ea6eb86cb4ea7ec49eb53a9d5a832a6e4680fc442d161a98cf0,8bfb77b8845e0ea6eb86cb4ea7ec49eb53a9d5a832a6e4680fc442d161a98cf0,0.3603963449028123,True,evaluation/exp_regime095_fixed6/baseline_h200_forecast_capped_base_stock/test.json
exp_regime095_fixed6,baseline_h200_forecast_capped_base_stock,forecast_capped_base_stock,,baseline,cold_start,500,test,0,200,evaluation/exp_regime095_fixed6/baseline_h200_forecast_capped_base_stock/test.npz,cold_start_h500,54b419b9dd894753ce00d5337698b8d9bbc8a7b39e764503cac4fac771f0779e,,148857b44d9c298fd701f87e500f9d09253ae492f58690a551b51b83c569e4ba,True,1000,150.07616496624166,21.98324713510731,64.04645891556716,0.3582726298333913,36.22504302882997,0.7867755410261452,known quoted arrival dates; overtaking allowed,8bfb77b8845e0ea6eb86cb4ea7ec49eb53a9d5a832a6e4680fc442d161a98cf0,8bfb77b8845e0ea6eb86cb4ea7ec49eb53a9d5a832a6e4680fc442d161a98cf0,0.3616309268918934,True,evaluation/exp_regime095_fixed6/baseline_h200_forecast_capped_base_stock/test.json
exp_regime095_fixed6,baseline_h200_pil_cop_continuation,pil_cop_continuation,,baseline,steady,50,test,500,200,evaluation/exp_regime095_fixed6/baseline_h200_pil_cop_continuation/test.npz,steady_h50,54b419b9dd894753ce00d5337698b8d9bbc8a7b39e764503cac4fac771f0779e,,c39b9dd7e3997a6dc7ae399a58962adae6b5bef52d0b56f410671d30856a6226,True,1000,149.54506016809725,20.072190993291418,64.7364345874029,0.3423619476453942,33.71260535052159,4.27859791694209,known quoted arrival dates; overtaking allowed,986e0b989c08dc350ef2bd94474b0996b2a8c9f02e995be1399e26c311c2ea38,986e0b989c08dc350ef2bd94474b0996b2a8c9f02e995be1399e26c311c2ea38,0.39998358414051255,True,evaluation/exp_regime095_fixed6/baseline_h200_pil_cop_continuation/test.json
exp_regime095_fixed6,baseline_h200_pil_cop_continuation,pil_cop_continuation,,baseline,steady,100,test,500,200,evaluation/exp_regime095_fixed6/baseline_h200_pil_cop_continuation/test.npz,steady_h100,54b419b9dd894753ce00d5337698b8d9bbc8a7b39e764503cac4fac771f0779e,,c39b9dd7e3997a6dc7ae399a58962adae6b5bef52d0b56f410671d30856a6226,True,1000,149.76653792443423,20.103758454930706,64.83138973475175,0.3418765453685795,33.69177963103355,4.27859791694209,known quoted arrival dates; overtaking allowed,986e0b989c08dc350ef2bd94474b0996b2a8c9f02e995be1399e26c311c2ea38,986e0b989c08dc350ef2bd94474b0996b2a8c9f02e995be1399e26c311c2ea38,0.36962157269462953,True,evaluation/exp_regime095_fixed6/baseline_h200_pil_cop_continuation/test.json
exp_regime095_fixed6,baseline_h200_pil_cop_continuation,pil_cop_continuation,,baseline,steady,200,test,500,200,evaluation/exp_regime095_fixed6/baseline_h200_pil_cop_continuation/test.npz,steady_h200,54b419b9dd894753ce00d5337698b8d9bbc8a7b39e764503cac4fac771f0779e,,c39b9dd7e3997a6dc7ae399a58962adae6b5bef52d0b56f410671d30856a6226,True,1000,150.404058237885,20.057262734387642,65.17339775174867,0.3410255630953623,33.73916582472755,4.27859791694209,known quoted arrival dates; overtaking allowed,986e0b989c08dc350ef2bd94474b0996b2a8c9f02e995be1399e26c311c2ea38,986e0b989c08dc350ef2bd94474b0996b2a8c9f02e995be1399e26c311c2ea38,0.3542173088257238,True,evaluation/exp_regime095_fixed6/baseline_h200_pil_cop_continuation/test.json
exp_regime095_fixed6,baseline_h200_pil_cop_continuation,pil_cop_continuation,,baseline,steady,500,test,500,200,evaluation/exp_regime095_fixed6/baseline_h200_pil_cop_continuation/test.npz,steady_h500,54b419b9dd894753ce00d5337698b8d9bbc8a7b39e764503cac4fac771f0779e,,c39b9dd7e3997a6dc7ae399a58962adae6b5bef52d0b56f410671d30856a6226,True,1000,151.4570790230042,19.875875787401615,65.7906016178013,0.3394135267888997,33.808236753164685,4.27859791694209,known quoted arrival dates; overtaking allowed,986e0b989c08dc350ef2bd94474b0996b2a8c9f02e995be1399e26c311c2ea38,986e0b989c08dc350ef2bd94474b0996b2a8c9f02e995be1399e26c311c2ea38,0.3439598507302627,True,evaluation/exp_regime095_fixed6/baseline_h200_pil_cop_continuation/test.json
exp_regime095_fixed6,baseline_h200_pil_cop_continuation,pil_cop_continuation,,baseline,cold_start,50,test,0,200,evaluation/exp_regime095_fixed6/baseline_h200_pil_cop_continuation/test.npz,cold_start_h50,54b419b9dd894753ce00d5337698b8d9bbc8a7b39e764503cac4fac771f0779e,,c39b9dd7e3997a6dc7ae399a58962adae6b5bef52d0b56f410671d30856a6226,True,1000,155.86113898479357,16.974637267932682,69.44325085843043,0.30184592332753624,34.483729261501665,4.27859791694209,known quoted arrival dates; overtaking allowed,986e0b989c08dc350ef2bd94474b0996b2a8c9f02e995be1399e26c311c2ea38,986e0b989c08dc350ef2bd94474b0996b2a8c9f02e995be1399e26c311c2ea38,0.352677735008112,True,evaluation/exp_regime095_fixed6/baseline_h200_pil_cop_continuation/test.json
exp_regime095_fixed6,baseline_h200_pil_cop_continuation,pil_cop_continuation,,baseline,cold_start,100,test,0,200,evaluation/exp_regime095_fixed6/baseline_h200_pil_cop_continuation/test.npz,cold_start_h100,54b419b9dd894753ce00d5337698b8d9bbc8a7b39e764503cac4fac771f0779e,,c39b9dd7e3997a6dc7ae399a58962adae6b5bef52d0b56f410671d30856a6226,True,1000,153.9435848732392,18.4052340131435,67.76917543004784,0.3200872187285118,34.140406917410324,4.27859791694209,known quoted arrival dates; overtaking allowed,986e0b989c08dc350ef2bd94474b0996b2a8c9f02e995be1399e26c311c2ea38,986e0b989c08dc350ef2bd94474b0996b2a8c9f02e995be1399e26c311c2ea38,0.3445234366622288,True,evaluation/exp_regime095_fixed6/baseline_h200_pil_cop_continuation/test.json
exp_regime095_fixed6,baseline_h200_pil_cop_continuation,pil_cop_continuation,,baseline,cold_start,200,test,0,200,evaluation/exp_regime095_fixed6/baseline_h200_pil_cop_continuation/test.npz,cold_start_h200,54b419b9dd894753ce00d5337698b8d9bbc8a7b39e764503cac4fac771f0779e,,c39b9dd7e3997a6dc7ae399a58962adae6b5bef52d0b56f410671d30856a6226,True,1000,152.82221582468165,19.206548884650882,66.80783347001538,0.3295970576530872,33.96629589336922,4.27859791694209,known quoted arrival dates; overtaking allowed,986e0b989c08dc350ef2bd94474b0996b2a8c9f02e995be1399e26c311c2ea38,986e0b989c08dc350ef2bd94474b0996b2a8c9f02e995be1399e26c311c2ea38,0.34193799171049694,True,evaluation/exp_regime095_fixed6/baseline_h200_pil_cop_continuation/test.json
exp_regime095_fixed6,baseline_h200_pil_cop_continuation,pil_cop_continuation,,baseline,cold_start,500,test,0,200,evaluation/exp_regime095_fixed6/baseline_h200_pil_cop_continuation/test.npz,cold_start_h500,54b419b9dd894753ce00d5337698b8d9bbc8a7b39e764503cac4fac771f0779e,,c39b9dd7e3997a6dc7ae399a58962adae6b5bef52d0b56f410671d30856a6226,True,1000,152.3826686139565,19.63721784405721,66.37272538494963,0.33496409897969365,33.872569341866495,4.27859791694209,known quoted arrival dates; overtaking allowed,986e0b989c08dc350ef2bd94474b0996b2a8c9f02e995be1399e26c311c2ea38,986e0b989c08dc350ef2bd94474b0996b2a8c9f02e995be1399e26c311c2ea38,0.3398859559948892,True,evaluation/exp_regime095_fixed6/baseline_h200_pil_cop_continuation/test.json
exp_regime095_fixed6,self_evolve_h200_r1,self_evolve,1,primary,steady,50,test,500,200,evaluation/exp_regime095_fixed6/self_evolve_h200_r1/test.npz,steady_h50,54b419b9dd894753ce00d5337698b8d9bbc8a7b39e764503cac4fac771f0779e,35c373998b491ac02bed563eadbbeb12f52b13b366d17f19d5cd06895ac12db9,,True,1000,154.48132066228536,23.653873863915454,65.41372339918496,0.33548157343416773,33.02381371171336,0.7832141669932753,known quoted arrival dates; overtaking allowed,136b2851c8fa42d6f0004c833cc535c2434a42dceb93a9d578c50578e6ca36be,136b2851c8fa42d6f0004c833cc535c2434a42dceb93a9d578c50578e6ca36be,0.38805673885037345,True,evaluation/exp_regime095_fixed6/self_evolve_h200_r1/test.json
exp_regime095_fixed6,self_evolve_h200_r1,self_evolve,1,primary,steady,100,test,500,200,evaluation/exp_regime095_fixed6/self_evolve_h200_r1/test.npz,steady_h100,54b419b9dd894753ce00d5337698b8d9bbc8a7b39e764503cac4fac771f0779e,35c373998b491ac02bed563eadbbeb12f52b13b366d17f19d5cd06895ac12db9,,True,1000,154.7928668649719,23.777287487725744,65.50778968862306,0.33501020059060077,33.0259265595957,0.7832141669932753,known quoted arrival dates; overtaking allowed,136b2851c8fa42d6f0004c833cc535c2434a42dceb93a9d578c50578e6ca36be,136b2851c8fa42d6f0004c833cc535c2434a42dceb93a9d578c50578e6ca36be,0.36026792394323764,True,evaluation/exp_regime095_fixed6/self_evolve_h200_r1/test.json
exp_regime095_fixed6,self_evolve_h200_r1,self_evolve,1,primary,steady,200,test,500,200,evaluation/exp_regime095_fixed6/self_evolve_h200_r1/test.npz,steady_h200,54b419b9dd894753ce00d5337698b8d9bbc8a7b39e764503cac4fac771f0779e,35c373998b491ac02bed563eadbbeb12f52b13b366d17f19d5cd06895ac12db9,,True,1000,155.3417185089362,23.65589279290481,65.8429128580157,0.33425603203865706,33.078617425501605,0.7832141669932753,known quoted arrival dates; overtaking allowed,136b2851c8fa42d6f0004c833cc535c2434a42dceb93a9d578c50578e6ca36be,136b2851c8fa42d6f0004c833cc535c2434a42dceb93a9d578c50578e6ca36be,0.3463300487948896,True,evaluation/exp_regime095_fixed6/self_evolve_h200_r1/test.json
exp_regime095_fixed6,self_evolve_h200_r1,self_evolve,1,primary,steady,500,test,500,200,evaluation/exp_regime095_fixed6/self_evolve_h200_r1/test.npz,steady_h500,54b419b9dd894753ce00d5337698b8d9bbc8a7b39e764503cac4fac771f0779e,35c373998b491ac02bed563eadbbeb12f52b13b366d17f19d5cd06895ac12db9,,True,1000,156.56530028943573,23.673013184712783,66.44614355236146,0.3328313991909677,33.1527142803331,0.7832141669932753,known quoted arrival dates; overtaking allowed,136b2851c8fa42d6f0004c833cc535c2434a42dceb93a9d578c50578e6ca36be,136b2851c8fa42d6f0004c833cc535c2434a42dceb93a9d578c50578e6ca36be,0.33701452734655535,True,evaluation/exp_regime095_fixed6/self_evolve_h200_r1/test.json
exp_regime095_fixed6,self_evolve_h200_r1,self_evolve,1,primary,cold_start,50,test,0,200,evaluation/exp_regime095_fixed6/self_evolve_h200_r1/test.npz,cold_start_h50,54b419b9dd894753ce00d5337698b8d9bbc8a7b39e764503cac4fac771f0779e,35c373998b491ac02bed563eadbbeb12f52b13b366d17f19d5cd06895ac12db9,,True,1000,168.18337079236338,29.412564242041622,69.38540327516088,0.3024274992990821,34.52859448168894,0.7832141669932753,known quoted arrival dates; overtaking allowed,136b2851c8fa42d6f0004c833cc535c2434a42dceb93a9d578c50578e6ca36be,136b2851c8fa42d6f0004c833cc535c2434a42dceb93a9d578c50578e6ca36be,0.3489488273736382,True,evaluation/exp_regime095_fixed6/self_evolve_h200_r1/test.json
exp_regime095_fixed6,self_evolve_h200_r1,self_evolve,1,primary,cold_start,100,test,0,200,evaluation/exp_regime095_fixed6/self_evolve_h200_r1/test.npz,cold_start_h100,54b419b9dd894753ce00d5337698b8d9bbc8a7b39e764503cac4fac771f0779e,35c373998b491ac02bed563eadbbeb12f52b13b366d17f19d5cd06895ac12db9,,True,1000,163.0304147008921,26.882009744241547,68.07420247832528,0.31702695146922655,33.812289144479,0.7832141669932753,known quoted arrival dates; overtaking allowed,136b2851c8fa42d6f0004c833cc535c2434a42dceb93a9d578c50578e6ca36be,136b2851c8fa42d6f0004c833cc535c2434a42dceb93a9d578c50578e6ca36be,0.3394135332351407,True,evaluation/exp_regime095_fixed6/self_evolve_h200_r1/test.json
exp_regime095_fixed6,self_evolve_h200_r1,self_evolve,1,primary,cold_start,200,test,0,200,evaluation/exp_regime095_fixed6/self_evolve_h200_r1/test.npz,cold_start_h200,54b419b9dd894753ce00d5337698b8d9bbc8a7b39e764503cac4fac771f0779e,35c373998b491ac02bed563eadbbeb12f52b13b366d17f19d5cd06895ac12db9,,True,1000,159.91181680928713,25.312933867759043,67.29944147076404,0.3246638719312197,33.467895177711114,0.7832141669932753,known quoted arrival dates; overtaking allowed,136b2851c8fa42d6f0004c833cc535c2434a42dceb93a9d578c50578e6ca36be,136b2851c8fa42d6f0004c833cc535c2434a42dceb93a9d578c50578e6ca36be,0.3359729798892117,True,evaluation/exp_regime095_fixed6/self_evolve_h200_r1/test.json
exp_regime095_fixed6,self_evolve_h200_r1,self_evolve,1,primary,cold_start,500,test,0,200,evaluation/exp_regime095_fixed6/self_evolve_h200_r1/test.npz,cold_start_h500,54b419b9dd894753ce00d5337698b8d9bbc8a7b39e764503cac4fac771f0779e,35c373998b491ac02bed563eadbbeb12f52b13b366d17f19d5cd06895ac12db9,,True,1000,158.39385071405178,24.46185423211856,66.96599824096661,0.3290196730718552,33.27789257113938,0.7832141669932753,known quoted arrival dates; overtaking allowed,136b2851c8fa42d6f0004c833cc535c2434a42dceb93a9d578c50578e6ca36be,136b2851c8fa42d6f0004c833cc535c2434a42dceb93a9d578c50578e6ca36be,0.33353674991841686,True,evaluation/exp_regime095_fixed6/self_evolve_h200_r1/test.json
exp_regime095_fixed6,self_evolve_h200_r2,self_evolve,2,primary,steady,50,test,500,200,evaluation/exp_regime095_fixed6/self_evolve_h200_r2/test.npz,steady_h50,54b419b9dd894753ce00d5337698b8d9bbc8a7b39e764503cac4fac771f0779e,2996f31d357f870fd69bf3c674b01d7e5c0f0b5de2d7e7a672e49f467f873496,,True,1000,151.3603203442232,20.172822900015078,65.59374872210407,0.3336527500908126,32.858387515324814,0.502283584093675,known quoted arrival dates; overtaking allowed,bf6089a2d9b7655b8b568422b31ec419d16765e2f655141c83c7f4a55953c5a3,bf6089a2d9b7655b8b568422b31ec419d16765e2f655141c83c7f4a55953c5a3,0.3890888786715976,True,evaluation/exp_regime095_fixed6/self_evolve_h200_r2/test.json
exp_regime095_fixed6,self_evolve_h200_r2,self_evolve,2,primary,steady,100,test,500,200,evaluation/exp_regime095_fixed6/self_evolve_h200_r2/test.npz,steady_h100,54b419b9dd894753ce00d5337698b8d9bbc8a7b39e764503cac4fac771f0779e,2996f31d357f870fd69bf3c674b01d7e5c0f0b5de2d7e7a672e49f467f873496,,True,1000,151.5633973626469,20.2151833849946,65.67410698882615,0.3333218623238683,32.85576905877255,0.502283584093675,known quoted arrival dates; overtaking allowed,bf6089a2d9b7655b8b568422b31ec419d16765e2f655141c83c7f4a55953c5a3,bf6089a2d9b7655b8b568422b31ec419d16765e2f655141c83c7f4a55953c5a3,0.3599708987003227,True,evaluation/exp_regime095_fixed6/self_evolve_h200_r2/test.json
exp_regime095_fixed6,self_evolve_h200_r2,self_evolve,2,primary,steady,200,test,500,200,evaluation/exp_regime095_fixed6/self_evolve_h200_r2/test.npz,steady_h200,54b419b9dd894753ce00d5337698b8d9bbc8a7b39e764503cac4fac771f0779e,2996f31d357f870fd69bf3c674b01d7e5c0f0b5de2d7e7a672e49f467f873496,,True,1000,152.21430807026843,20.15564092702043,66.029333571624,0.3323711144340032,32.891409216150144,0.502283584093675,known quoted arrival dates; overtaking allowed,bf6089a2d9b7655b8b568422b31ec419d16765e2f655141c83c7f4a55953c5a3,bf6089a2d9b7655b8b568422b31ec419d16765e2f655141c83c7f4a55953c5a3,0.34497606273811343,True,evaluation/exp_regime095_fixed6/self_evolve_h200_r2/test.json
exp_regime095_fixed6,self_evolve_h200_r2,self_evolve,2,primary,steady,500,test,500,200,evaluation/exp_regime095_fixed6/self_evolve_h200_r2/test.npz,steady_h500,54b419b9dd894753ce00d5337698b8d9bbc8a7b39e764503cac4fac771f0779e,2996f31d357f870fd69bf3c674b01d7e5c0f0b5de2d7e7a672e49f467f873496,,True,1000,153.31890422991182,20.023401467104883,66.6477513814035,0.33080710694429855,32.95544004613156,0.502283584093675,known quoted arrival dates; overtaking allowed,bf6089a2d9b7655b8b568422b31ec419d16765e2f655141c83c7f4a55953c5a3,bf6089a2d9b7655b8b568422b31ec419d16765e2f655141c83c7f4a55953c5a3,0.33519510966280186,True,evaluation/exp_regime095_fixed6/self_evolve_h200_r2/test.json
exp_regime095_fixed6,self_evolve_h200_r2,self_evolve,2,primary,cold_start,50,test,0,200,evaluation/exp_regime095_fixed6/self_evolve_h200_r2/test.npz,cold_start_h50,54b419b9dd894753ce00d5337698b8d9bbc8a7b39e764503cac4fac771f0779e,2996f31d357f870fd69bf3c674b01d7e5c0f0b5de2d7e7a672e49f467f873496,,True,1000,159.9904845829368,21.225035737638272,69.38272442264925,0.3024544313879268,34.43875279903253,0.502283584093675,known quoted arrival dates; overtaking allowed,bf6089a2d9b7655b8b568422b31ec419d16765e2f655141c83c7f4a55953c5a3,bf6089a2d9b7655b8b568422b31ec419d16765e2f655141c83c7f4a55953c5a3,0.3514107612867441,True,evaluation/exp_regime095_fixed6/self_evolve_h200_r2/test.json
exp_regime095_fixed6,self_evolve_h200_r2,self_evolve,2,primary,cold_start,100,test,0,200,evaluation/exp_regime095_fixed6/self_evolve_h200_r2/test.npz,cold_start_h100,54b419b9dd894753ce00d5337698b8d9bbc8a7b39e764503cac4fac771f0779e,2996f31d357f870fd69bf3c674b01d7e5c0f0b5de2d7e7a672e49f467f873496,,True,1000,157.06296936124753,20.731748594725854,68.16561038326084,0.3161098766711262,33.69577811504473,0.502283584093675,known quoted arrival dates; overtaking allowed,bf6089a2d9b7655b8b568422b31ec419d16765e2f655141c83c7f4a55953c5a3,bf6089a2d9b7655b8b568422b31ec419d16765e2f655141c83c7f4a55953c5a3,0.33960854473600854,True,evaluation/exp_regime095_fixed6/self_evolve_h200_r2/test.json
exp_regime095_fixed6,self_evolve_h200_r2,self_evolve,2,primary,cold_start,200,test,0,200,evaluation/exp_regime095_fixed6/self_evolve_h200_r2/test.npz,cold_start_h200,54b419b9dd894753ce00d5337698b8d9bbc8a7b39e764503cac4fac771f0779e,2996f31d357f870fd69bf3c674b01d7e5c0f0b5de2d7e7a672e49f467f873496,,True,1000,155.20829797200363,20.370495359370306,67.41890130631667,0.32346511691871493,33.32557473619697,0.502283584093675,known quoted arrival dates; overtaking allowed,bf6089a2d9b7655b8b568422b31ec419d16765e2f655141c83c7f4a55953c5a3,bf6089a2d9b7655b8b568422b31ec419d16765e2f655141c83c7f4a55953c5a3,0.3353465541283459,True,evaluation/exp_regime095_fixed6/self_evolve_h200_r2/test.json
exp_regime095_fixed6,self_evolve_h200_r2,self_evolve,2,primary,cold_start,500,test,0,200,evaluation/exp_regime095_fixed6/self_evolve_h200_r2/test.npz,cold_start_h500,54b419b9dd894753ce00d5337698b8d9bbc8a7b39e764503cac4fac771f0779e,2996f31d357f870fd69bf3c674b01d7e5c0f0b5de2d7e7a672e49f467f873496,,True,1000,154.47356094084648,20.222356499166263,67.1256022208401,0.32742048641881377,33.10708076699685,0.502283584093675,known quoted arrival dates; overtaking allowed,bf6089a2d9b7655b8b568422b31ec419d16765e2f655141c83c7f4a55953c5a3,bf6089a2d9b7655b8b568422b31ec419d16765e2f655141c83c7f4a55953c5a3,0.33216468602551225,True,evaluation/exp_regime095_fixed6/self_evolve_h200_r2/test.json
exp_regime095_fixed6,self_evolve_h200_r3,self_evolve,3,primary,steady,50,test,500,200,evaluation/exp_regime095_fixed6/self_evolve_h200_r3/test.npz,steady_h50,54b419b9dd894753ce00d5337698b8d9bbc8a7b39e764503cac4fac771f0779e,571fd4a53a9536a8ff49d38cabe539cfb0a29af1502764e3ec11450670f6c230,,True,1000,149.2043995184107,28.704318695296735,60.25004041155697,0.3879378825374355,38.243607567471415,0.4895088749472052,known quoted arrival dates; overtaking allowed,be65fff84ee12823e0c2ac7f9ad953362226d4dece3321824fd9af3d41fdcd85,be65fff84ee12823e0c2ac7f9ad953362226d4dece3321824fd9af3d41fdcd85,0.43516009960975227,True,evaluation/exp_regime095_fixed6/self_evolve_h200_r3/test.json
exp_regime095_fixed6,self_evolve_h200_r3,self_evolve,3,primary,steady,100,test,500,200,evaluation/exp_regime095_fixed6/self_evolve_h200_r3/test.npz,steady_h100,54b419b9dd894753ce00d5337698b8d9bbc8a7b39e764503cac4fac771f0779e,571fd4a53a9536a8ff49d38cabe539cfb0a29af1502764e3ec11450670f6c230,,True,1000,149.4590144585901,28.78587626373413,60.33656909742798,0.3875048574853944,38.23500814278606,0.4895088749472052,known quoted arrival dates; overtaking allowed,be65fff84ee12823e0c2ac7f9ad953362226d4dece3321824fd9af3d41fdcd85,be65fff84ee12823e0c2ac7f9ad953362226d4dece3321824fd9af3d41fdcd85,0.4100066423503012,True,evaluation/exp_regime095_fixed6/self_evolve_h200_r3/test.json
exp_regime095_fixed6,self_evolve_h200_r3,self_evolve,3,primary,steady,200,test,500,200,evaluation/exp_regime095_fixed6/self_evolve_h200_r3/test.npz,steady_h200,54b419b9dd894753ce00d5337698b8d9bbc8a7b39e764503cac4fac771f0779e,571fd4a53a9536a8ff49d38cabe539cfb0a29af1502764e3ec11450670f6c230,,True,1000,150.12364131808386,28.848337887172583,60.63765171545563,0.38688692360926086,38.29476587321572,0.4895088749472052,known quoted arrival dates; overtaking allowed,be65fff84ee12823e0c2ac7f9ad953362226d4dece3321824fd9af3d41fdcd85,be65fff84ee12823e0c2ac7f9ad953362226d4dece3321824fd9af3d41fdcd85,0.3974417802360374,True,evaluation/exp_regime095_fixed6/self_evolve_h200_r3/test.json
exp_regime095_fixed6,self_evolve_h200_r3,self_evolve,3,primary,steady,500,test,500,200,evaluation/exp_regime095_fixed6/self_evolve_h200_r3/test.npz,steady_h500,54b419b9dd894753ce00d5337698b8d9bbc8a7b39e764503cac4fac771f0779e,571fd4a53a9536a8ff49d38cabe539cfb0a29af1502764e3ec11450670f6c230,,True,1000,151.17569006189865,28.81713138749198,61.17927933720332,0.38571462523265937,38.43224802382542,0.4895088749472052,known quoted arrival dates; overtaking allowed,be65fff84ee12823e0c2ac7f9ad953362226d4dece3321824fd9af3d41fdcd85,be65fff84ee12823e0c2ac7f9ad953362226d4dece3321824fd9af3d41fdcd85,0.38935388218308675,True,evaluation/exp_regime095_fixed6/self_evolve_h200_r3/test.json
exp_regime095_fixed6,self_evolve_h200_r3,self_evolve,3,primary,cold_start,50,test,0,200,evaluation/exp_regime095_fixed6/self_evolve_h200_r3/test.npz,cold_start_h50,54b419b9dd894753ce00d5337698b8d9bbc8a7b39e764503cac4fac771f0779e,571fd4a53a9536a8ff49d38cabe539cfb0a29af1502764e3ec11450670f6c230,,True,1000,156.56101623555708,27.35738219672291,64.6018170194171,0.3505197214269067,40.05470731700056,0.4895088749472052,known quoted arrival dates; overtaking allowed,be65fff84ee12823e0c2ac7f9ad953362226d4dece3321824fd9af3d41fdcd85,be65fff84ee12823e0c2ac7f9ad953362226d4dece3321824fd9af3d41fdcd85,0.3913007295405644,True,evaluation/exp_regime095_fixed6/self_evolve_h200_r3/test.json
exp_regime095_fixed6,self_evolve_h200_r3,self_evolve,3,primary,cold_start,100,test,0,200,evaluation/exp_regime095_fixed6/self_evolve_h200_r3/test.npz,cold_start_h100,54b419b9dd894753ce00d5337698b8d9bbc8a7b39e764503cac4fac771f0779e,571fd4a53a9536a8ff49d38cabe539cfb0a29af1502764e3ec11450670f6c230,,True,1000,154.48151208649725,28.40364149018908,63.038935298154094,0.36754464614664006,39.23895626877324,0.4895088749472052,known quoted arrival dates; overtaking allowed,be65fff84ee12823e0c2ac7f9ad953362226d4dece3321824fd9af3d41fdcd85,be65fff84ee12823e0c2ac7f9ad953362226d4dece3321824fd9af3d41fdcd85,0.38688910223786727,True,evaluation/exp_regime095_fixed6/self_evolve_h200_r3/test.json
exp_regime095_fixed6,self_evolve_h200_r3,self_evolve,3,primary,cold_start,200,test,0,200,evaluation/exp_regime095_fixed6/self_evolve_h200_r3/test.npz,cold_start_h200,54b419b9dd894753ce00d5337698b8d9bbc8a7b39e764503cac4fac771f0779e,571fd4a53a9536a8ff49d38cabe539cfb0a29af1502764e3ec11450670f6c230,,True,1000,152.96831251038327,28.706523873585407,62.13089431839893,0.3765291853028841,38.825758788846144,0.4895088749472052,known quoted arrival dates; overtaking allowed,be65fff84ee12823e0c2ac7f9ad953362226d4dece3321824fd9af3d41fdcd85,be65fff84ee12823e0c2ac7f9ad953362226d4dece3321824fd9af3d41fdcd85,0.3863470928635212,True,evaluation/exp_regime095_fixed6/self_evolve_h200_r3/test.json
exp_regime095_fixed6,self_evolve_h200_r3,self_evolve,3,primary,cold_start,500,test,0,200,evaluation/exp_regime095_fixed6/self_evolve_h200_r3/test.npz,cold_start_h500,54b419b9dd894753ce00d5337698b8d9bbc8a7b39e764503cac4fac771f0779e,571fd4a53a9536a8ff49d38cabe539cfb0a29af1502764e3ec11450670f6c230,,True,1000,152.43714039781253,28.992269283288866,61.72243555726184,0.38155868534970255,38.587155299997725,0.4895088749472052,known quoted arrival dates; overtaking allowed,be65fff84ee12823e0c2ac7f9ad953362226d4dece3321824fd9af3d41fdcd85,be65fff84ee12823e0c2ac7f9ad953362226d4dece3321824fd9af3d41fdcd85,0.3854788833639594,True,evaluation/exp_regime095_fixed6/self_evolve_h200_r3/test.json
exp_regime095_random3_9,baseline_h200_base_stock,base_stock,,baseline,steady,50,test,500,200,evaluation/exp_regime095_random3_9/baseline_h200_base_stock/test.npz,steady_h50,0403e2693cb0ae0103e8f9c82970dd97dad708f18b504c86cf6e8fdebfc31f98,,1fad0b7ce95ff47b497ab0956fe3aed1826280c1cdea580257f004c02236999a,True,1000,162.18527091459745,21.207430056984098,70.48892042880667,0.28392416667939757,27.964075324441556,0.47230112506076694,known quoted arrival dates; overtaking allowed,4339ef4a2c4720546b2da46817873db96583bdf7215e535243dcf397025345c3,4339ef4a2c4720546b2da46817873db96583bdf7215e535243dcf397025345c3,0.3421323455435208,True,evaluation/exp_regime095_random3_9/baseline_h200_base_stock/test.json
exp_regime095_random3_9,baseline_h200_base_stock,base_stock,,baseline,steady,100,test,500,200,evaluation/exp_regime095_random3_9/baseline_h200_base_stock/test.npz,steady_h100,0403e2693cb0ae0103e8f9c82970dd97dad708f18b504c86cf6e8fdebfc31f98,,1fad0b7ce95ff47b497ab0956fe3aed1826280c1cdea580257f004c02236999a,True,1000,162.24210970905378,21.183584827664493,70.52926244069464,0.28403568024710985,27.980021034727528,0.47230112506076694,known quoted arrival dates; overtaking allowed,4339ef4a2c4720546b2da46817873db96583bdf7215e535243dcf397025345c3,4339ef4a2c4720546b2da46817873db96583bdf7215e535243dcf397025345c3,0.31239283495809034,True,evaluation/exp_regime095_random3_9/baseline_h200_base_stock/test.json
exp_regime095_random3_9,baseline_h200_base_stock,base_stock,,baseline,steady,200,test,500,200,evaluation/exp_regime095_random3_9/baseline_h200_base_stock/test.npz,steady_h200,0403e2693cb0ae0103e8f9c82970dd97dad708f18b504c86cf6e8fdebfc31f98,,1fad0b7ce95ff47b497ab0956fe3aed1826280c1cdea580257f004c02236999a,True,1000,162.92142239216227,20.986715338964114,70.96735352659907,0.2824423239841257,27.934717083645545,0.47230112506076694,known quoted arrival dates; overtaking allowed,4339ef4a2c4720546b2da46817873db96583bdf7215e535243dcf397025345c3,4339ef4a2c4720546b2da46817873db96583bdf7215e535243dcf397025345c3,0.2958800361512907,True,evaluation/exp_regime095_random3_9/baseline_h200_base_stock/test.json
exp_regime095_random3_9,baseline_h200_base_stock,base_stock,,baseline,steady,500,test,500,200,evaluation/exp_regime095_random3_9/baseline_h200_base_stock/test.npz,steady_h500,0403e2693cb0ae0103e8f9c82970dd97dad708f18b504c86cf6e8fdebfc31f98,,1fad0b7ce95ff47b497ab0956fe3aed1826280c1cdea580257f004c02236999a,True,1000,163.98894596627395,20.72111680705119,71.63391457961139,0.2807423274626662,27.96096397388389,0.47230112506076694,known quoted arrival dates; overtaking allowed,4339ef4a2c4720546b2da46817873db96583bdf7215e535243dcf397025345c3,4339ef4a2c4720546b2da46817873db96583bdf7215e535243dcf397025345c3,0.2853965808474483,True,evaluation/exp_regime095_random3_9/baseline_h200_base_stock/test.json
exp_regime095_random3_9,baseline_h200_base_stock,base_stock,,baseline,cold_start,50,test,0,200,evaluation/exp_regime095_random3_9/baseline_h200_base_stock/test.npz,cold_start_h50,0403e2693cb0ae0103e8f9c82970dd97dad708f18b504c86cf6e8fdebfc31f98,,1fad0b7ce95ff47b497ab0956fe3aed1826280c1cdea580257f004c02236999a,True,1000,171.73537898515045,24.29979134460325,73.71779382027363,0.2588714145332073,29.532327773602987,0.47230112506076694,known quoted arrival dates; overtaking allowed,4339ef4a2c4720546b2da46817873db96583bdf7215e535243dcf397025345c3,4339ef4a2c4720546b2da46817873db96583bdf7215e535243dcf397025345c3,0.31091153092897555,True,evaluation/exp_regime095_random3_9/baseline_h200_base_stock/test.json
exp_regime095_random3_9,baseline_h200_base_stock,base_stock,,baseline,cold_start,100,test,0,200,evaluation/exp_regime095_random3_9/baseline_h200_base_stock/test.npz,cold_start_h100,0403e2693cb0ae0103e8f9c82970dd97dad708f18b504c86cf6e8fdebfc31f98,,1fad0b7ce95ff47b497ab0956fe3aed1826280c1cdea580257f004c02236999a,True,1000,168.20990458682792,22.651921054338697,72.7789917662446,0.2698248666017866,28.776838222276133,0.47230112506076694,known quoted arrival dates; overtaking allowed,4339ef4a2c4720546b2da46817873db96583bdf7215e535243dcf397025345c3,4339ef4a2c4720546b2da46817873db96583bdf7215e535243dcf397025345c3,0.2954943169177326,True,evaluation/exp_regime095_random3_9/baseline_h200_base_stock/test.json
exp_regime095_random3_9,baseline_h200_base_stock,base_stock,,baseline,cold_start,200,test,0,200,evaluation/exp_regime095_random3_9/baseline_h200_base_stock/test.npz,cold_start_h200,0403e2693cb0ae0103e8f9c82970dd97dad708f18b504c86cf6e8fdebfc31f98,,1fad0b7ce95ff47b497ab0956fe3aed1826280c1cdea580257f004c02236999a,True,1000,166.11692760824045,21.661082242401122,72.22792268291965,0.27520757116053934,28.36991883379593,0.47230112506076694,known quoted arrival dates; overtaking allowed,4339ef4a2c4720546b2da46817873db96583bdf7215e535243dcf397025345c3,4339ef4a2c4720546b2da46817873db96583bdf7215e535243dcf397025345c3,0.28808438174762,True,evaluation/exp_regime095_random3_9/baseline_h200_base_stock/test.json
exp_regime095_random3_9,baseline_h200_base_stock,base_stock,,baseline,cold_start,500,test,0,200,evaluation/exp_regime095_random3_9/baseline_h200_base_stock/test.npz,cold_start_h500,0403e2693cb0ae0103e8f9c82970dd97dad708f18b504c86cf6e8fdebfc31f98,,1fad0b7ce95ff47b497ab0956fe3aed1826280c1cdea580257f004c02236999a,True,1000,165.34964545524713,21.184009973228715,72.08281774100921,0.277750591580428,28.09622667102164,0.47230112506076694,known quoted arrival dates; overtaking allowed,4339ef4a2c4720546b2da46817873db96583bdf7215e535243dcf397025345c3,4339ef4a2c4720546b2da46817873db96583bdf7215e535243dcf397025345c3,0.2829264708117996,True,evaluation/exp_regime095_random3_9/baseline_h200_base_stock/test.json
exp_regime095_random3_9,baseline_h200_capped_base_stock,capped_base_stock,,baseline,steady,50,test,500,200,evaluation/exp_regime095_random3_9/baseline_h200_capped_base_stock/test.npz,steady_h50,0403e2693cb0ae0103e8f9c82970dd97dad708f18b504c86cf6e8fdebfc31f98,,ac3ea575a594ba7d514a7fe2126ffa8041510fe8cfe718d75fbfbc0369f785ee,True,1000,159.40209489556386,17.657030648925687,70.87253212331908,0.2800271703550328,27.55911210301485,0.539371290942654,known quoted arrival dates; overtaking allowed,3b570e2ed03b68ef999bbf6e7d2a994bd69593b658df25b419cbc2044b00e1fd,3b570e2ed03b68ef999bbf6e7d2a994bd69593b658df25b419cbc2044b00e1fd,0.33963907754164907,True,evaluation/exp_regime095_random3_9/baseline_h200_capped_base_stock/test.json
exp_regime095_random3_9,baseline_h200_capped_base_stock,capped_base_stock,,baseline,steady,100,test,500,200,evaluation/exp_regime095_random3_9/baseline_h200_capped_base_stock/test.npz,steady_h100,0403e2693cb0ae0103e8f9c82970dd97dad708f18b504c86cf6e8fdebfc31f98,,ac3ea575a594ba7d514a7fe2126ffa8041510fe8cfe718d75fbfbc0369f785ee,True,1000,159.46407943815026,17.564545930997934,70.94976675357617,0.2797670111315278,27.55646458002353,0.539371290942654,known quoted arrival dates; overtaking allowed,3b570e2ed03b68ef999bbf6e7d2a994bd69593b658df25b419cbc2044b00e1fd,3b570e2ed03b68ef999bbf6e7d2a994bd69593b658df25b419cbc2044b00e1fd,0.30866485932715365,True,evaluation/exp_regime095_random3_9/baseline_h200_capped_base_stock/test.json
exp_regime095_random3_9,baseline_h200_capped_base_stock,capped_base_stock,,baseline,steady,200,test,500,200,evaluation/exp_regime095_random3_9/baseline_h200_capped_base_stock/test.npz,steady_h200,0403e2693cb0ae0103e8f9c82970dd97dad708f18b504c86cf6e8fdebfc31f98,,ac3ea575a594ba7d514a7fe2126ffa8041510fe8cfe718d75fbfbc0369f785ee,True,1000,160.12465431328886,17.41236312792178,71.35614559268355,0.2785112103448322,27.53971264242962,0.539371290942654,known quoted arrival dates; overtaking allowed,3b570e2ed03b68ef999bbf6e7d2a994bd69593b658df25b419cbc2044b00e1fd,3b570e2ed03b68ef999bbf6e7d2a994bd69593b658df25b419cbc2044b00e1fd,0.29218098202111975,True,evaluation/exp_regime095_random3_9/baseline_h200_capped_base_stock/test.json
exp_regime095_random3_9,baseline_h200_capped_base_stock,capped_base_stock,,baseline,steady,500,test,500,200,evaluation/exp_regime095_random3_9/baseline_h200_capped_base_stock/test.npz,steady_h500,0403e2693cb0ae0103e8f9c82970dd97dad708f18b504c86cf6e8fdebfc31f98,,ac3ea575a594ba7d514a7fe2126ffa8041510fe8cfe718d75fbfbc0369f785ee,True,1000,161.26977023601137,17.161747382543002,72.05401142673419,0.27652424330134345,27.53879541393789,0.539371290942654,known quoted arrival dates; overtaking allowed,3b570e2ed03b68ef999bbf6e7d2a994bd69593b658df25b419cbc2044b00e1fd,3b570e2ed03b68ef999bbf6e7d2a994bd69593b658df25b419cbc2044b00e1fd,0.2812747519653817,True,evaluation/exp_regime095_random3_9/baseline_h200_capped_base_stock/test.json
exp_regime095_random3_9,baseline_h200_capped_base_stock,capped_base_stock,,baseline,cold_start,50,test,0,200,evaluation/exp_regime095_random3_9/baseline_h200_capped_base_stock/test.npz,cold_start_h50,0403e2693cb0ae0103e8f9c82970dd97dad708f18b504c86cf6e8fdebfc31f98,,ac3ea575a594ba7d514a7fe2126ffa8041510fe8cfe718d75fbfbc0369f785ee,True,1000,163.86866302493326,14.688671005919481,74.5899960095069,0.2501026500158714,28.539932810250566,0.539371290942654,known quoted arrival dates; overtaking allowed,3b570e2ed03b68ef999bbf6e7d2a994bd69593b658df25b419cbc2044b00e1fd,3b570e2ed03b68ef999bbf6e7d2a994bd69593b658df25b419cbc2044b00e1fd,0.30397982818537994,True,evaluation/exp_regime095_random3_9/baseline_h200_capped_base_stock/test.json
exp_regime095_random3_9,baseline_h200_capped_base_stock,capped_base_stock,,baseline,cold_start,100,test,0,200,evaluation/exp_regime095_random3_9/baseline_h200_capped_base_stock/test.npz,cold_start_h100,0403e2693cb0ae0103e8f9c82970dd97dad708f18b504c86cf6e8fdebfc31f98,,ac3ea575a594ba7d514a7fe2126ffa8041510fe8cfe718d75fbfbc0369f785ee,True,1000,162.93514442685168,16.091472703284918,73.42183586178338,0.26337535745329654,28.078449935939016,0.539371290942654,known quoted arrival dates; overtaking allowed,3b570e2ed03b68ef999bbf6e7d2a994bd69593b658df25b419cbc2044b00e1fd,3b570e2ed03b68ef999bbf6e7d2a994bd69593b658df25b419cbc2044b00e1fd,0.28966777944993843,True,evaluation/exp_regime095_random3_9/baseline_h200_capped_base_stock/test.json
exp_regime095_random3_9,baseline_h200_capped_base_stock,capped_base_stock,,baseline,cold_start,200,test,0,200,evaluation/exp_regime095_random3_9/baseline_h200_capped_base_stock/test.npz,cold_start_h200,0403e2693cb0ae0103e8f9c82970dd97dad708f18b504c86cf6e8fdebfc31f98,,ac3ea575a594ba7d514a7fe2126ffa8041510fe8cfe718d75fbfbc0369f785ee,True,1000,162.10928711845784,16.587610824393415,72.7608381470322,0.26985987349386414,27.808049896022872,0.539371290942654,known quoted arrival dates; overtaking allowed,3b570e2ed03b68ef999bbf6e7d2a994bd69593b658df25b419cbc2044b00e1fd,3b570e2ed03b68ef999bbf6e7d2a994bd69593b658df25b419cbc2044b00e1fd,0.2829850023027397,True,evaluation/exp_regime095_random3_9/baseline_h200_capped_base_stock/test.json
exp_regime095_random3_9,baseline_h200_capped_base_stock,capped_base_stock,,baseline,cold_start,500,test,0,200,evaluation/exp_regime095_random3_9/baseline_h200_capped_base_stock/test.npz,cold_start_h500,0403e2693cb0ae0103e8f9c82970dd97dad708f18b504c86cf6e8fdebfc31f98,,ac3ea575a594ba7d514a7fe2126ffa8041510fe8cfe718d75fbfbc0369f785ee,True,1000,162.00837361962564,16.981922671272503,72.51322547417658,0.2734380280541761,27.65713570372677,0.539371290942654,known quoted arrival dates; overtaking allowed,3b570e2ed03b68ef999bbf6e7d2a994bd69593b658df25b419cbc2044b00e1fd,3b570e2ed03b68ef999bbf6e7d2a994bd69593b658df25b419cbc2044b00e1fd,0.278672299625956,True,evaluation/exp_regime095_random3_9/baseline_h200_capped_base_stock/test.json
exp_regime095_random3_9,baseline_h200_conditional_pil,conditional_pil,,baseline,steady,50,test,500,200,evaluation/exp_regime095_random3_9/baseline_h200_conditional_pil/test.npz,steady_h50,0403e2693cb0ae0103e8f9c82970dd97dad708f18b504c86cf6e8fdebfc31f98,,9d551a93c50f63b8823a86e14dd1e4396c8716452ac32c24fcb9a79b3bd5059c,True,1000,153.6403417902594,20.934773855165016,66.3527839675472,0.325941938340626,32.155462230229666,4.499473459087312,known quoted arrival dates; overtaking allowed,90c9231d695cb82cbdae46d429af7c526a3f629f04f7f81088e4a9735628880d,90c9231d695cb82cbdae46d429af7c526a3f629f04f7f81088e4a9735628880d,0.38380148738459224,True,evaluation/exp_regime095_random3_9/baseline_h200_conditional_pil/test.json
exp_regime095_random3_9,baseline_h200_conditional_pil,conditional_pil,,baseline,steady,100,test,500,200,evaluation/exp_regime095_random3_9/baseline_h200_conditional_pil/test.npz,steady_h100,0403e2693cb0ae0103e8f9c82970dd97dad708f18b504c86cf6e8fdebfc31f98,,9d551a93c50f63b8823a86e14dd1e4396c8716452ac32c24fcb9a79b3bd5059c,True,1000,153.701170948347,20.89280670596885,66.40418212118907,0.32591064423619515,32.17284087382481,4.499473459087312,known quoted arrival dates; overtaking allowed,90c9231d695cb82cbdae46d429af7c526a3f629f04f7f81088e4a9735628880d,90c9231d695cb82cbdae46d429af7c526a3f629f04f7f81088e4a9735628880d,0.35410891916636844,True,evaluation/exp_regime095_random3_9/baseline_h200_conditional_pil/test.json
exp_regime095_random3_9,baseline_h200_conditional_pil,conditional_pil,,baseline,steady,200,test,500,200,evaluation/exp_regime095_random3_9/baseline_h200_conditional_pil/test.npz,steady_h200,0403e2693cb0ae0103e8f9c82970dd97dad708f18b504c86cf6e8fdebfc31f98,,9d551a93c50f63b8823a86e14dd1e4396c8716452ac32c24fcb9a79b3bd5059c,True,1000,154.42645486171227,20.950849666700698,66.73780259750579,0.32520771658304004,32.17817708503961,4.499473459087312,known quoted arrival dates; overtaking allowed,90c9231d695cb82cbdae46d429af7c526a3f629f04f7f81088e4a9735628880d,90c9231d695cb82cbdae46d429af7c526a3f629f04f7f81088e4a9735628880d,0.33865026835993867,True,evaluation/exp_regime095_random3_9/baseline_h200_conditional_pil/test.json
exp_regime095_random3_9,baseline_h200_conditional_pil,conditional_pil,,baseline,steady,500,test,500,200,evaluation/exp_regime095_random3_9/baseline_h200_conditional_pil/test.npz,steady_h500,0403e2693cb0ae0103e8f9c82970dd97dad708f18b504c86cf6e8fdebfc31f98,,9d551a93c50f63b8823a86e14dd1e4396c8716452ac32c24fcb9a79b3bd5059c,True,1000,155.45239581139987,20.692424647644476,67.37998558187769,0.3234549320718783,32.22317860804614,4.499473459087312,known quoted arrival dates; overtaking allowed,90c9231d695cb82cbdae46d429af7c526a3f629f04f7f81088e4a9735628880d,90c9231d695cb82cbdae46d429af7c526a3f629f04f7f81088e4a9735628880d,0.3280874114228491,True,evaluation/exp_regime095_random3_9/baseline_h200_conditional_pil/test.json
exp_regime095_random3_9,baseline_h200_conditional_pil,conditional_pil,,baseline,cold_start,50,test,0,200,evaluation/exp_regime095_random3_9/baseline_h200_conditional_pil/test.npz,cold_start_h50,0403e2693cb0ae0103e8f9c82970dd97dad708f18b504c86cf6e8fdebfc31f98,,9d551a93c50f63b8823a86e14dd1e4396c8716452ac32c24fcb9a79b3bd5059c,True,1000,158.1063419873669,17.6846202619694,70.21086086269872,0.294128685912096,34.23045265815856,4.499473459087312,known quoted arrival dates; overtaking allowed,90c9231d695cb82cbdae46d429af7c526a3f629f04f7f81088e4a9735628880d,90c9231d695cb82cbdae46d429af7c526a3f629f04f7f81088e4a9735628880d,0.3468805247231166,True,evaluation/exp_regime095_random3_9/baseline_h200_conditional_pil/test.json
exp_regime095_random3_9,baseline_h200_conditional_pil,conditional_pil,,baseline,cold_start,100,test,0,200,evaluation/exp_regime095_random3_9/baseline_h200_conditional_pil/test.npz,cold_start_h100,0403e2693cb0ae0103e8f9c82970dd97dad708f18b504c86cf6e8fdebfc31f98,,9d551a93c50f63b8823a86e14dd1e4396c8716452ac32c24fcb9a79b3bd5059c,True,1000,157.107579950786,19.203620152711295,68.95197989903735,0.3082204095028172,33.215227611638376,4.499473459087312,known quoted arrival dates; overtaking allowed,90c9231d695cb82cbdae46d429af7c526a3f629f04f7f81088e4a9735628880d,90c9231d695cb82cbdae46d429af7c526a3f629f04f7f81088e4a9735628880d,0.33377708048946175,True,evaluation/exp_regime095_random3_9/baseline_h200_conditional_pil/test.json
exp_regime095_random3_9,baseline_h200_conditional_pil,conditional_pil,,baseline,cold_start,200,test,0,200,evaluation/exp_regime095_random3_9/baseline_h200_conditional_pil/test.npz,cold_start_h200,0403e2693cb0ae0103e8f9c82970dd97dad708f18b504c86cf6e8fdebfc31f98,,9d551a93c50f63b8823a86e14dd1e4396c8716452ac32c24fcb9a79b3bd5059c,True,1000,156.32343123077015,19.941080511268538,68.1911753597508,0.3157155047725167,32.71073678068839,4.499473459087312,known quoted arrival dates; overtaking allowed,90c9231d695cb82cbdae46d429af7c526a3f629f04f7f81088e4a9735628880d,90c9231d695cb82cbdae46d429af7c526a3f629f04f7f81088e4a9735628880d,0.32847706019294826,True,evaluation/exp_regime095_random3_9/baseline_h200_conditional_pil/test.json
exp_regime095_random3_9,baseline_h200_conditional_pil,conditional_pil,,baseline,cold_start,500,test,0,200,evaluation/exp_regime095_random3_9/baseline_h200_conditional_pil/test.npz,cold_start_h500,0403e2693cb0ae0103e8f9c82970dd97dad708f18b504c86cf6e8fdebfc31f98,,9d551a93c50f63b8823a86e14dd1e4396c8716452ac32c24fcb9a79b3bd5059c,True,1000,156.13233300058036,20.36723226173253,67.88255036942392,0.31983608045839124,32.41197767082424,4.499473459087312,known quoted arrival dates; overtaking allowed,90c9231d695cb82cbdae46d429af7c526a3f629f04f7f81088e4a9735628880d,90c9231d695cb82cbdae46d429af7c526a3f629f04f7f81088e4a9735628880d,0.3249400283769791,True,evaluation/exp_regime095_random3_9/baseline_h200_conditional_pil/test.json
exp_regime095_random3_9,baseline_h200_constant_order,constant_order,,baseline,steady,50,test,500,200,evaluation/exp_regime095_random3_9/baseline_h200_constant_order/test.npz,steady_h50,0403e2693cb0ae0103e8f9c82970dd97dad708f18b504c86cf6e8fdebfc31f98,,c990d4ea9bd2fc492a80a2361beebaa4da981db1ceeea01151dd5dd23e3fc29d,True,1000,161.77768800090746,13.395289898942215,74.19119905098263,0.24631382687801967,24.249677889019303,0.4401050000451505,known quoted arrival dates; overtaking allowed,321acbb247effce9d661d554fc1652b36ad72cbbf5c417b4ccae0c6476861471,321acbb247effce9d661d554fc1652b36ad72cbbf5c417b4ccae0c6476861471,0.3049733334087462,True,evaluation/exp_regime095_random3_9/baseline_h200_constant_order/test.json
exp_regime095_random3_9,baseline_h200_constant_order,constant_order,,baseline,steady,100,test,500,200,evaluation/exp_regime095_random3_9/baseline_h200_constant_order/test.npz,steady_h100,0403e2693cb0ae0103e8f9c82970dd97dad708f18b504c86cf6e8fdebfc31f98,,c990d4ea9bd2fc492a80a2361beebaa4da981db1ceeea01151dd5dd23e3fc29d,True,1000,161.77254717402192,13.261348244763855,74.25559946462904,0.24620848256792593,24.24967788901932,0.4401050000451505,known quoted arrival dates; overtaking allowed,321acbb247effce9d661d554fc1652b36ad72cbbf5c417b4ccae0c6476861471,321acbb247effce9d661d554fc1652b36ad72cbbf5c417b4ccae0c6476861471,0.27458290501121924,True,evaluation/exp_regime095_random3_9/baseline_h200_constant_order/test.json
exp_regime095_random3_9,baseline_h200_constant_order,constant_order,,baseline,steady,200,test,500,200,evaluation/exp_regime095_random3_9/baseline_h200_constant_order/test.npz,steady_h200,0403e2693cb0ae0103e8f9c82970dd97dad708f18b504c86cf6e8fdebfc31f98,,c990d4ea9bd2fc492a80a2361beebaa4da981db1ceeea01151dd5dd23e3fc29d,True,1000,162.6852460141071,13.380211243567663,74.65251738526972,0.2451812809444654,24.24967788901932,0.4401050000451505,known quoted arrival dates; overtaking allowed,321acbb247effce9d661d554fc1652b36ad72cbbf5c417b4ccae0c6476861471,321acbb247effce9d661d554fc1652b36ad72cbbf5c417b4ccae0c6476861471,0.25865922756735427,True,evaluation/exp_regime095_random3_9/baseline_h200_constant_order/test.json
exp_regime095_random3_9,baseline_h200_constant_order,constant_order,,baseline,steady,500,test,500,200,evaluation/exp_regime095_random3_9/baseline_h200_constant_order/test.npz,steady_h500,0403e2693cb0ae0103e8f9c82970dd97dad708f18b504c86cf6e8fdebfc31f98,,c990d4ea9bd2fc492a80a2361beebaa4da981db1ceeea01151dd5dd23e3fc29d,True,1000,163.8680956960145,13.179732954575439,75.34418137071953,0.24348849494037447,24.24967788901931,0.4401050000451505,known quoted arrival dates; overtaking allowed,321acbb247effce9d661d554fc1652b36ad72cbbf5c417b4ccae0c6476861471,321acbb247effce9d661d554fc1652b36ad72cbbf5c417b4ccae0c6476861471,0.2482009922708774,True,evaluation/exp_regime095_random3_9/baseline_h200_constant_order/test.json
exp_regime095_random3_9,baseline_h200_constant_order,constant_order,,baseline,cold_start,50,test,0,200,evaluation/exp_regime095_random3_9/baseline_h200_constant_order/test.npz,cold_start_h50,0403e2693cb0ae0103e8f9c82970dd97dad708f18b504c86cf6e8fdebfc31f98,,c990d4ea9bd2fc492a80a2361beebaa4da981db1ceeea01151dd5dd23e3fc29d,True,1000,166.90774436460836,10.143943825356324,78.38190026962602,0.21198039357152954,24.249677889019303,0.4401050000451505,known quoted arrival dates; overtaking allowed,321acbb247effce9d661d554fc1652b36ad72cbbf5c417b4ccae0c6476861471,321acbb247effce9d661d554fc1652b36ad72cbbf5c417b4ccae0c6476861471,0.26254783642317087,True,evaluation/exp_regime095_random3_9/baseline_h200_constant_order/test.json
exp_regime095_random3_9,baseline_h200_constant_order,constant_order,,baseline,cold_start,100,test,0,200,evaluation/exp_regime095_random3_9/baseline_h200_constant_order/test.npz,cold_start_h100,0403e2693cb0ae0103e8f9c82970dd97dad708f18b504c86cf6e8fdebfc31f98,,c990d4ea9bd2fc492a80a2361beebaa4da981db1ceeea01151dd5dd23e3fc29d,True,1000,165.6918543787498,11.656236991941753,77.01780869340402,0.22729777684516891,24.24967788901932,0.4401050000451505,known quoted arrival dates; overtaking allowed,321acbb247effce9d661d554fc1652b36ad72cbbf5c417b4ccae0c6476861471,321acbb247effce9d661d554fc1652b36ad72cbbf5c417b4ccae0c6476861471,0.25249741787772,True,evaluation/exp_regime095_random3_9/baseline_h200_constant_order/test.json
exp_regime095_random3_9,baseline_h200_constant_order,constant_order,,baseline,cold_start,200,test,0,200,evaluation/exp_regime095_random3_9/baseline_h200_constant_order/test.npz,cold_start_h200,0403e2693cb0ae0103e8f9c82970dd97dad708f18b504c86cf6e8fdebfc31f98,,c990d4ea9bd2fc492a80a2361beebaa4da981db1ceeea01151dd5dd23e3fc29d,True,1000,164.71274416948054,12.312685141117846,76.20002951418134,0.23534829166168725,24.24967788901932,0.4401050000451505,known quoted arrival dates; overtaking allowed,321acbb247effce9d661d554fc1652b36ad72cbbf5c417b4ccae0c6476861471,321acbb247effce9d661d554fc1652b36ad72cbbf5c417b4ccae0c6476861471,0.24799590157116147,True,evaluation/exp_regime095_random3_9/baseline_h200_constant_order/test.json
exp_regime095_random3_9,baseline_h200_constant_order,constant_order,,baseline,cold_start,500,test,0,200,evaluation/exp_regime095_random3_9/baseline_h200_constant_order/test.npz,cold_start_h500,0403e2693cb0ae0103e8f9c82970dd97dad708f18b504c86cf6e8fdebfc31f98,,c990d4ea9bd2fc492a80a2361beebaa4da981db1ceeea01151dd5dd23e3fc29d,True,1000,164.60068680617147,12.858048970323338,75.87131891792406,0.23979088329523277,24.24967788901931,0.4401050000451505,known quoted arrival dates; overtaking allowed,321acbb247effce9d661d554fc1652b36ad72cbbf5c417b4ccae0c6476861471,321acbb247effce9d661d554fc1652b36ad72cbbf5c417b4ccae0c6476861471,0.24487153021182764,True,evaluation/exp_regime095_random3_9/baseline_h200_constant_order/test.json
exp_regime095_random3_9,baseline_h200_forecast_adaptive_pil,forecast_adaptive_pil,,baseline,steady,50,test,500,200,evaluation/exp_regime095_random3_9/baseline_h200_forecast_adaptive_pil/test.npz,steady_h50,0403e2693cb0ae0103e8f9c82970dd97dad708f18b504c86cf6e8fdebfc31f98,,af81b2853e62bab0ca8108b439223ff56c113edb2b982c8adaaddb0992c19dfe,True,1000,147.29158479929168,25.76773244226284,60.761926178514415,0.38273778832533556,37.74508793706024,1.5388810420408845,known quoted arrival dates; overtaking allowed,8e69309b80a3aa4c820fb2dea8aaf38e1b43ed929ca49a6fe0656dd8cb517bbf,8e69309b80a3aa4c820fb2dea8aaf38e1b43ed929ca49a6fe0656dd8cb517bbf,0.4161818107388434,True,evaluation/exp_regime095_random3_9/baseline_h200_forecast_adaptive_pil/test.json
exp_regime095_random3_9,baseline_h200_forecast_adaptive_pil,forecast_adaptive_pil,,baseline,steady,100,test,500,200,evaluation/exp_regime095_random3_9/baseline_h200_forecast_adaptive_pil/test.npz,steady_h100,0403e2693cb0ae0103e8f9c82970dd97dad708f18b504c86cf6e8fdebfc31f98,,af81b2853e62bab0ca8108b439223ff56c113edb2b982c8adaaddb0992c19dfe,True,1000,147.07528823781612,25.46001005211688,60.80763909284961,0.38272288051361425,37.78466683338912,1.5388810420408845,known quoted arrival dates; overtaking allowed,8e69309b80a3aa4c820fb2dea8aaf38e1b43ed929ca49a6fe0656dd8cb517bbf,8e69309b80a3aa4c820fb2dea8aaf38e1b43ed929ca49a6fe0656dd8cb517bbf,0.3983264936442009,True,evaluation/exp_regime095_random3_9/baseline_h200_forecast_adaptive_pil/test.json
exp_regime095_random3_9,baseline_h200_forecast_adaptive_pil,forecast_adaptive_pil,,baseline,steady,200,test,500,200,evaluation/exp_regime095_random3_9/baseline_h200_forecast_adaptive_pil/test.npz,steady_h200,0403e2693cb0ae0103e8f9c82970dd97dad708f18b504c86cf6e8fdebfc31f98,,af81b2853e62bab0ca8108b439223ff56c113edb2b982c8adaaddb0992c19dfe,True,1000,147.79132070207473,25.755671589104626,61.017824556485046,0.3830429597760712,37.90288543548028,1.5388810420408845,known quoted arrival dates; overtaking allowed,8e69309b80a3aa4c820fb2dea8aaf38e1b43ed929ca49a6fe0656dd8cb517bbf,8e69309b80a3aa4c820fb2dea8aaf38e1b43ed929ca49a6fe0656dd8cb517bbf,0.3905089682701456,True,evaluation/exp_regime095_random3_9/baseline_h200_forecast_adaptive_pil/test.json
exp_regime095_random3_9,baseline_h200_forecast_adaptive_pil,forecast_adaptive_pil,,baseline,steady,500,test,500,200,evaluation/exp_regime095_random3_9/baseline_h200_forecast_adaptive_pil/test.npz,steady_h500,0403e2693cb0ae0103e8f9c82970dd97dad708f18b504c86cf6e8fdebfc31f98,,af81b2853e62bab0ca8108b439223ff56c113edb2b982c8adaaddb0992c19dfe,True,1000,149.00905596579383,25.930167798388904,61.53944408370246,0.3820983038461033,38.07273763176723,1.5388810420408845,known quoted arrival dates; overtaking allowed,8e69309b80a3aa4c820fb2dea8aaf38e1b43ed929ca49a6fe0656dd8cb517bbf,8e69309b80a3aa4c820fb2dea8aaf38e1b43ed929ca49a6fe0656dd8cb517bbf,0.38457837397994477,True,evaluation/exp_regime095_random3_9/baseline_h200_forecast_adaptive_pil/test.json
exp_regime095_random3_9,baseline_h200_forecast_adaptive_pil,forecast_adaptive_pil,,baseline,cold_start,50,test,0,200,evaluation/exp_regime095_random3_9/baseline_h200_forecast_adaptive_pil/test.npz,cold_start_h50,0403e2693cb0ae0103e8f9c82970dd97dad708f18b504c86cf6e8fdebfc31f98,,af81b2853e62bab0ca8108b439223ff56c113edb2b982c8adaaddb0992c19dfe,True,1000,151.47178884000834,20.406449866882344,65.532669486563,0.3411613109739831,39.357163377648405,1.5388810420408845,known quoted arrival dates; overtaking allowed,8e69309b80a3aa4c820fb2dea8aaf38e1b43ed929ca49a6fe0656dd8cb517bbf,8e69309b80a3aa4c820fb2dea8aaf38e1b43ed929ca49a6fe0656dd8cb517bbf,0.3678850847708759,True,evaluation/exp_regime095_random3_9/baseline_h200_forecast_adaptive_pil/test.json
exp_regime095_random3_9,baseline_h200_forecast_adaptive_pil,forecast_adaptive_pil,,baseline,cold_start,100,test,0,200,evaluation/exp_regime095_random3_9/baseline_h200_forecast_adaptive_pil/test.npz,cold_start_h100,0403e2693cb0ae0103e8f9c82970dd97dad708f18b504c86cf6e8fdebfc31f98,,af81b2853e62bab0ca8108b439223ff56c113edb2b982c8adaaddb0992c19dfe,True,1000,150.5213225333459,23.172885434115738,63.67421854961509,0.36117099323357066,38.70922428791925,1.5388810420408845,known quoted arrival dates; overtaking allowed,8e69309b80a3aa4c820fb2dea8aaf38e1b43ed929ca49a6fe0656dd8cb517bbf,8e69309b80a3aa4c820fb2dea8aaf38e1b43ed929ca49a6fe0656dd8cb517bbf,0.37429314477484105,True,evaluation/exp_regime095_random3_9/baseline_h200_forecast_adaptive_pil/test.json
exp_regime095_random3_9,baseline_h200_forecast_adaptive_pil,forecast_adaptive_pil,,baseline,cold_start,200,test,0,200,evaluation/exp_regime095_random3_9/baseline_h200_forecast_adaptive_pil/test.npz,cold_start_h200,0403e2693cb0ae0103e8f9c82970dd97dad708f18b504c86cf6e8fdebfc31f98,,af81b2853e62bab0ca8108b439223ff56c113edb2b982c8adaaddb0992c19dfe,True,1000,149.94966487818658,24.653760730609303,62.647952073788645,0.3713406164993152,38.36530899202604,1.5388810420408845,known quoted arrival dates; overtaking allowed,8e69309b80a3aa4c820fb2dea8aaf38e1b43ed929ca49a6fe0656dd8cb517bbf,8e69309b80a3aa4c820fb2dea8aaf38e1b43ed929ca49a6fe0656dd8cb517bbf,0.37807024885184237,True,evaluation/exp_regime095_random3_9/baseline_h200_forecast_adaptive_pil/test.json
exp_regime095_random3_9,baseline_h200_forecast_adaptive_pil,forecast_adaptive_pil,,baseline,cold_start,500,test,0,200,evaluation/exp_regime095_random3_9/baseline_h200_forecast_adaptive_pil/test.npz,cold_start_h500,0403e2693cb0ae0103e8f9c82970dd97dad708f18b504c86cf6e8fdebfc31f98,,af81b2853e62bab0ca8108b439223ff56c113edb2b982c8adaaddb0992c19dfe,True,1000,149.97187503813169,25.69104050371473,62.14041726720849,0.3773706270550916,38.19130943076547,1.5388810420408845,known quoted arrival dates; overtaking allowed,8e69309b80a3aa4c820fb2dea8aaf38e1b43ed929ca49a6fe0656dd8cb517bbf,8e69309b80a3aa4c820fb2dea8aaf38e1b43ed929ca49a6fe0656dd8cb517bbf,0.38011448320502517,True,evaluation/exp_regime095_random3_9/baseline_h200_forecast_adaptive_pil/test.json
exp_regime095_random3_9,baseline_h200_forecast_capped_base_stock,forecast_capped_base_stock,,baseline,steady,50,test,500,200,evaluation/exp_regime095_random3_9/baseline_h200_forecast_capped_base_stock/test.npz,steady_h50,0403e2693cb0ae0103e8f9c82970dd97dad708f18b504c86cf6e8fdebfc31f98,,51b408b60f4eb4ebe5d18e942e1d5276d2985e34ea7eda388e16138354b96d38,True,1000,148.77317265741274,22.96054608893496,62.906313284238884,0.36095360189784587,35.555296718824714,0.4925563749857247,known quoted arrival dates; overtaking allowed,28be4cdd851bd6f0790afd49ef06d26339696e0d44e9c8140070e95906c75ba1,28be4cdd851bd6f0790afd49ef06d26339696e0d44e9c8140070e95906c75ba1,0.3951324425339618,True,evaluation/exp_regime095_random3_9/baseline_h200_forecast_capped_base_stock/test.json
exp_regime095_random3_9,baseline_h200_forecast_capped_base_stock,forecast_capped_base_stock,,baseline,steady,100,test,500,200,evaluation/exp_regime095_random3_9/baseline_h200_forecast_capped_base_stock/test.npz,steady_h100,0403e2693cb0ae0103e8f9c82970dd97dad708f18b504c86cf6e8fdebfc31f98,,51b408b60f4eb4ebe5d18e942e1d5276d2985e34ea7eda388e16138354b96d38,True,1000,148.51948448108345,22.549709348731945,62.98488756617576,0.360620959010483,35.572273662937704,0.4925563749857247,known quoted arrival dates; overtaking allowed,28be4cdd851bd6f0790afd49ef06d26339696e0d44e9c8140070e95906c75ba1,28be4cdd851bd6f0790afd49ef06d26339696e0d44e9c8140070e95906c75ba1,0.37619650016417905,True,evaluation/exp_regime095_random3_9/baseline_h200_forecast_capped_base_stock/test.json
exp_regime095_random3_9,baseline_h200_forecast_capped_base_stock,forecast_capped_base_stock,,baseline,steady,200,test,500,200,evaluation/exp_regime095_random3_9/baseline_h200_forecast_capped_base_stock/test.npz,steady_h200,0403e2693cb0ae0103e8f9c82970dd97dad708f18b504c86cf6e8fdebfc31f98,,51b408b60f4eb4ebe5d18e942e1d5276d2985e34ea7eda388e16138354b96d38,True,1000,149.17524820040833,22.72520809003752,63.225020055185404,0.36072579570193813,35.6836592015242,0.4925563749857247,known quoted arrival dates; overtaking allowed,28be4cdd851bd6f0790afd49ef06d26339696e0d44e9c8140070e95906c75ba1,28be4cdd851bd6f0790afd49ef06d26339696e0d44e9c8140070e95906c75ba1,0.36806372900843076,True,evaluation/exp_regime095_random3_9/baseline_h200_forecast_capped_base_stock/test.json
exp_regime095_random3_9,baseline_h200_forecast_capped_base_stock,forecast_capped_base_stock,,baseline,steady,500,test,500,200,evaluation/exp_regime095_random3_9/baseline_h200_forecast_capped_base_stock/test.npz,steady_h500,0403e2693cb0ae0103e8f9c82970dd97dad708f18b504c86cf6e8fdebfc31f98,,51b408b60f4eb4ebe5d18e942e1d5276d2985e34ea7eda388e16138354b96d38,True,1000,150.45197659283804,22.964530463671217,63.743723064583406,0.35996570675552564,35.863994864643516,0.4925563749857247,known quoted arrival dates; overtaking allowed,28be4cdd851bd6f0790afd49ef06d26339696e0d44e9c8140070e95906c75ba1,28be4cdd851bd6f0790afd49ef06d26339696e0d44e9c8140070e95906c75ba1,0.3624038723886141,True,evaluation/exp_regime095_random3_9/baseline_h200_forecast_capped_base_stock/test.json
exp_regime095_random3_9,baseline_h200_forecast_capped_base_stock,forecast_capped_base_stock,,baseline,cold_start,50,test,0,200,evaluation/exp_regime095_random3_9/baseline_h200_forecast_capped_base_stock/test.npz,cold_start_h50,0403e2693cb0ae0103e8f9c82970dd97dad708f18b504c86cf6e8fdebfc31f98,,51b408b60f4eb4ebe5d18e942e1d5276d2985e34ea7eda388e16138354b96d38,True,1000,153.84032594944642,17.57040017017879,68.13496288963381,0.3149989161322504,36.23608748901901,0.4925563749857247,known quoted arrival dates; overtaking allowed,28be4cdd851bd6f0790afd49ef06d26339696e0d44e9c8140070e95906c75ba1,28be4cdd851bd6f0790afd49ef06d26339696e0d44e9c8140070e95906c75ba1,0.3414181659700112,True,evaluation/exp_regime095_random3_9/baseline_h200_forecast_capped_base_stock/test.json
exp_regime095_random3_9,baseline_h200_forecast_capped_base_stock,forecast_capped_base_stock,,baseline,cold_start,100,test,0,200,evaluation/exp_regime095_random3_9/baseline_h200_forecast_capped_base_stock/test.npz,cold_start_h100,0403e2693cb0ae0103e8f9c82970dd97dad708f18b504c86cf6e8fdebfc31f98,,51b408b60f4eb4ebe5d18e942e1d5276d2985e34ea7eda388e16138354b96d38,True,1000,152.2117908098714,20.048151088748767,66.0818198605613,0.33701607481925383,36.04953438463477,0.4925563749857247,known quoted arrival dates; overtaking allowed,28be4cdd851bd6f0790afd49ef06d26339696e0d44e9c8140070e95906c75ba1,28be4cdd851bd6f0790afd49ef06d26339696e0d44e9c8140070e95906c75ba1,0.3498742846588374,True,evaluation/exp_regime095_random3_9/baseline_h200_forecast_capped_base_stock/test.json
exp_regime095_random3_9,baseline_h200_forecast_capped_base_stock,forecast_capped_base_stock,,baseline,cold_start,200,test,0,200,evaluation/exp_regime095_random3_9/baseline_h200_forecast_capped_base_stock/test.npz,cold_start_h200,0403e2693cb0ae0103e8f9c82970dd97dad708f18b504c86cf6e8fdebfc31f98,,51b408b60f4eb4ebe5d18e942e1d5276d2985e34ea7eda388e16138354b96d38,True,1000,151.42488925920142,21.54596754012058,64.9394608595404,0.3483457945961132,35.948685174250265,0.4925563749857247,known quoted arrival dates; overtaking allowed,28be4cdd851bd6f0790afd49ef06d26339696e0d44e9c8140070e95906c75ba1,28be4cdd851bd6f0790afd49ef06d26339696e0d44e9c8140070e95906c75ba1,0.35482748623773647,True,evaluation/exp_regime095_random3_9/baseline_h200_forecast_capped_base_stock/test.json
exp_regime095_random3_9,baseline_h200_forecast_capped_base_stock,forecast_capped_base_stock,,baseline,cold_start,500,test,0,200,evaluation/exp_regime095_random3_9/baseline_h200_forecast_capped_base_stock/test.npz,cold_start_h500,0403e2693cb0ae0103e8f9c82970dd97dad708f18b504c86cf6e8fdebfc31f98,,51b408b60f4eb4ebe5d18e942e1d5276d2985e34ea7eda388e16138354b96d38,True,1000,151.298958220968,22.534124859795735,64.38241668058613,0.3549064282246982,35.90290472233196,0.4925563749857247,known quoted arrival dates; overtaking allowed,28be4cdd851bd6f0790afd49ef06d26339696e0d44e9c8140070e95906c75ba1,28be4cdd851bd6f0790afd49ef06d26339696e0d44e9c8140070e95906c75ba1,0.3575547229306549,True,evaluation/exp_regime095_random3_9/baseline_h200_forecast_capped_base_stock/test.json
exp_regime095_random3_9,baseline_h200_pil_cop_continuation,pil_cop_continuation,,baseline,steady,50,test,500,200,evaluation/exp_regime095_random3_9/baseline_h200_pil_cop_continuation/test.npz,steady_h50,0403e2693cb0ae0103e8f9c82970dd97dad708f18b504c86cf6e8fdebfc31f98,,a93d0ecffc7e7434c43cf962e8017bd09511d1d62a88d3ef5d197a571c979dca,True,1000,151.46078065049383,23.603845756697574,63.92846744689813,0.35056984386387813,34.56891400384979,4.484714082907885,known quoted arrival dates; overtaking allowed,14deb733eb3cde39c2f3f08a7f04894f8f12533b094fef6c24912631b43bb2dc,14deb733eb3cde39c2f3f08a7f04894f8f12533b094fef6c24912631b43bb2dc,0.4067207510810348,True,evaluation/exp_regime095_random3_9/baseline_h200_pil_cop_continuation/test.json
exp_regime095_random3_9,baseline_h200_pil_cop_continuation,pil_cop_continuation,,baseline,steady,100,test,500,200,evaluation/exp_regime095_random3_9/baseline_h200_pil_cop_continuation/test.npz,steady_h100,0403e2693cb0ae0103e8f9c82970dd97dad708f18b504c86cf6e8fdebfc31f98,,a93d0ecffc7e7434c43cf962e8017bd09511d1d62a88d3ef5d197a571c979dca,True,1000,151.55830535534736,23.592406648935693,63.982949353205825,0.35048932564733554,34.584514331456,4.484714082907885,known quoted arrival dates; overtaking allowed,14deb733eb3cde39c2f3f08a7f04894f8f12533b094fef6c24912631b43bb2dc,14deb733eb3cde39c2f3f08a7f04894f8f12533b094fef6c24912631b43bb2dc,0.3777776245450209,True,evaluation/exp_regime095_random3_9/baseline_h200_pil_cop_continuation/test.json
exp_regime095_random3_9,baseline_h200_pil_cop_continuation,pil_cop_continuation,,baseline,steady,200,test,500,200,evaluation/exp_regime095_random3_9/baseline_h200_pil_cop_continuation/test.npz,steady_h200,0403e2693cb0ae0103e8f9c82970dd97dad708f18b504c86cf6e8fdebfc31f98,,a93d0ecffc7e7434c43cf962e8017bd09511d1d62a88d3ef5d197a571c979dca,True,1000,152.14896159791724,23.521523958587235,64.31371881966501,0.34971785872104827,34.603112808099844,4.484714082907885,known quoted arrival dates; overtaking allowed,14deb733eb3cde39c2f3f08a7f04894f8f12533b094fef6c24912631b43bb2dc,14deb733eb3cde39c2f3f08a7f04894f8f12533b094fef6c24912631b43bb2dc,0.3626562030268585,True,evaluation/exp_regime095_random3_9/baseline_h200_pil_cop_continuation/test.json
exp_regime095_random3_9,baseline_h200_pil_cop_continuation,pil_cop_continuation,,baseline,steady,500,test,500,200,evaluation/exp_regime095_random3_9/baseline_h200_pil_cop_continuation/test.npz,steady_h500,0403e2693cb0ae0103e8f9c82970dd97dad708f18b504c86cf6e8fdebfc31f98,,a93d0ecffc7e7434c43cf962e8017bd09511d1d62a88d3ef5d197a571c979dca,True,1000,153.21374751577116,23.3148159114681,64.94946580215154,0.34785915470973133,34.654465505018756,4.484714082907885,known quoted arrival dates; overtaking allowed,14deb733eb3cde39c2f3f08a7f04894f8f12533b094fef6c24912631b43bb2dc,14deb733eb3cde39c2f3f08a7f04894f8f12533b094fef6c24912631b43bb2dc,0.3522967785593692,True,evaluation/exp_regime095_random3_9/baseline_h200_pil_cop_continuation/test.json
exp_regime095_random3_9,baseline_h200_pil_cop_continuation,pil_cop_continuation,,baseline,cold_start,50,test,0,200,evaluation/exp_regime095_random3_9/baseline_h200_pil_cop_continuation/test.npz,cold_start_h50,0403e2693cb0ae0103e8f9c82970dd97dad708f18b504c86cf6e8fdebfc31f98,,a93d0ecffc7e7434c43cf962e8017bd09511d1d62a88d3ef5d197a571c979dca,True,1000,156.00994326140088,20.71923016660534,67.64535654739775,0.319921218293675,36.566764065240655,4.484714082907885,known quoted arrival dates; overtaking allowed,14deb733eb3cde39c2f3f08a7f04894f8f12533b094fef6c24912631b43bb2dc,14deb733eb3cde39c2f3f08a7f04894f8f12533b094fef6c24912631b43bb2dc,0.37125291756738477,True,evaluation/exp_regime095_random3_9/baseline_h200_pil_cop_continuation/test.json
exp_regime095_random3_9,baseline_h200_pil_cop_continuation,pil_cop_continuation,,baseline,cold_start,100,test,0,200,evaluation/exp_regime095_random3_9/baseline_h200_pil_cop_continuation/test.npz,cold_start_h100,0403e2693cb0ae0103e8f9c82970dd97dad708f18b504c86cf6e8fdebfc31f98,,a93d0ecffc7e7434c43cf962e8017bd09511d1d62a88d3ef5d197a571c979dca,True,1000,154.97484342239122,22.106327616388825,66.4342579030012,0.3334801437983942,35.61499709651527,4.484714082907885,known quoted arrival dates; overtaking allowed,14deb733eb3cde39c2f3f08a7f04894f8f12533b094fef6c24912631b43bb2dc,14deb733eb3cde39c2f3f08a7f04894f8f12533b094fef6c24912631b43bb2dc,0.35820981445115263,True,evaluation/exp_regime095_random3_9/baseline_h200_pil_cop_continuation/test.json
exp_regime095_random3_9,baseline_h200_pil_cop_continuation,pil_cop_continuation,,baseline,cold_start,200,test,0,200,evaluation/exp_regime095_random3_9/baseline_h200_pil_cop_continuation/test.npz,cold_start_h200,0403e2693cb0ae0103e8f9c82970dd97dad708f18b504c86cf6e8fdebfc31f98,,a93d0ecffc7e7434c43cf962e8017bd09511d1d62a88d3ef5d197a571c979dca,True,1000,154.20432891342492,22.741232727089674,65.73154809316762,0.3403973612397547,35.1111991414936,4.484714082907885,known quoted arrival dates; overtaking allowed,14deb733eb3cde39c2f3f08a7f04894f8f12533b094fef6c24912631b43bb2dc,14deb733eb3cde39c2f3f08a7f04894f8f12533b094fef6c24912631b43bb2dc,0.3527440181061695,True,evaluation/exp_regime095_random3_9/baseline_h200_pil_cop_continuation/test.json
exp_regime095_random3_9,baseline_h200_pil_cop_continuation,pil_cop_continuation,,baseline,cold_start,500,test,0,200,evaluation/exp_regime095_random3_9/baseline_h200_pil_cop_continuation/test.npz,cold_start_h500,0403e2693cb0ae0103e8f9c82970dd97dad708f18b504c86cf6e8fdebfc31f98,,a93d0ecffc7e7434c43cf962e8017bd09511d1d62a88d3ef5d197a571c979dca,True,1000,153.9722282772461,23.11341432389085,65.42940697667761,0.34441588213242336,34.84025564676037,4.484714082907885,known quoted arrival dates; overtaking allowed,14deb733eb3cde39c2f3f08a7f04894f8f12533b094fef6c24912631b43bb2dc,14deb733eb3cde39c2f3f08a7f04894f8f12533b094fef6c24912631b43bb2dc,0.3493481400604864,True,evaluation/exp_regime095_random3_9/baseline_h200_pil_cop_continuation/test.json
exp_regime095_random3_9,self_evolve_h200_r1,self_evolve,1,primary,steady,50,test,500,200,evaluation/exp_regime095_random3_9/self_evolve_h200_r1/test.npz,steady_h50,0403e2693cb0ae0103e8f9c82970dd97dad708f18b504c86cf6e8fdebfc31f98,36c32606430a0a8dd7f896e151b3e447751e0200975536c57c274b4054359396,,True,1000,151.75046761952336,24.479343224175462,63.635562197673956,0.35354538057441715,34.85050307792647,0.7985821671318263,known quoted arrival dates; overtaking allowed,7d6a206a9139d6bc527d71906ee8839fac732c0a3bdab0f98b4c4aaddaecbd29,7d6a206a9139d6bc527d71906ee8839fac732c0a3bdab0f98b4c4aaddaecbd29,0.3940237221763364,True,evaluation/exp_regime095_random3_9/self_evolve_h200_r1/test.json
exp_regime095_random3_9,self_evolve_h200_r1,self_evolve,1,primary,steady,100,test,500,200,evaluation/exp_regime095_random3_9/self_evolve_h200_r1/test.npz,steady_h100,0403e2693cb0ae0103e8f9c82970dd97dad708f18b504c86cf6e8fdebfc31f98,36c32606430a0a8dd7f896e151b3e447751e0200975536c57c274b4054359396,,True,1000,151.78157926837795,24.304318716689313,63.73863027584432,0.3529694840379448,34.835345419372786,0.7985821671318263,known quoted arrival dates; overtaking allowed,7d6a206a9139d6bc527d71906ee8839fac732c0a3bdab0f98b4c4aaddaecbd29,7d6a206a9139d6bc527d71906ee8839fac732c0a3bdab0f98b4c4aaddaecbd29,0.3720097995331679,True,evaluation/exp_regime095_random3_9/self_evolve_h200_r1/test.json
exp_regime095_random3_9,self_evolve_h200_r1,self_evolve,1,primary,steady,200,test,500,200,evaluation/exp_regime095_random3_9/self_evolve_h200_r1/test.npz,steady_h200,0403e2693cb0ae0103e8f9c82970dd97dad708f18b504c86cf6e8fdebfc31f98,36c32606430a0a8dd7f896e151b3e447751e0200975536c57c274b4054359396,,True,1000,152.4448975512328,24.391702501082555,64.02659752507512,0.3526209694986449,34.88455783366051,0.7985821671318263,known quoted arrival dates; overtaking allowed,7d6a206a9139d6bc527d71906ee8839fac732c0a3bdab0f98b4c4aaddaecbd29,7d6a206a9139d6bc527d71906ee8839fac732c0a3bdab0f98b4c4aaddaecbd29,0.36146884386333056,True,evaluation/exp_regime095_random3_9/self_evolve_h200_r1/test.json
exp_regime095_random3_9,self_evolve_h200_r1,self_evolve,1,primary,steady,500,test,500,200,evaluation/exp_regime095_random3_9/self_evolve_h200_r1/test.npz,steady_h500,0403e2693cb0ae0103e8f9c82970dd97dad708f18b504c86cf6e8fdebfc31f98,36c32606430a0a8dd7f896e151b3e447751e0200975536c57c274b4054359396,,True,1000,153.6590087012093,24.453281470601087,64.6028636153041,0.3513392979305961,35.00511172195382,0.7985821671318263,known quoted arrival dates; overtaking allowed,7d6a206a9139d6bc527d71906ee8839fac732c0a3bdab0f98b4c4aaddaecbd29,7d6a206a9139d6bc527d71906ee8839fac732c0a3bdab0f98b4c4aaddaecbd29,0.3543498167339501,True,evaluation/exp_regime095_random3_9/self_evolve_h200_r1/test.json
exp_regime095_random3_9,self_evolve_h200_r1,self_evolve,1,primary,cold_start,50,test,0,200,evaluation/exp_regime095_random3_9/self_evolve_h200_r1/test.npz,cold_start_h50,0403e2693cb0ae0103e8f9c82970dd97dad708f18b504c86cf6e8fdebfc31f98,36c32606430a0a8dd7f896e151b3e447751e0200975536c57c274b4054359396,,True,1000,156.36359220740505,20.66996942818011,67.84681138961247,0.31789587360403276,36.34150329346566,0.7985821671318263,known quoted arrival dates; overtaking allowed,7d6a206a9139d6bc527d71906ee8839fac732c0a3bdab0f98b4c4aaddaecbd29,7d6a206a9139d6bc527d71906ee8839fac732c0a3bdab0f98b4c4aaddaecbd29,0.35260162017900093,True,evaluation/exp_regime095_random3_9/self_evolve_h200_r1/test.json
exp_regime095_random3_9,self_evolve_h200_r1,self_evolve,1,primary,cold_start,100,test,0,200,evaluation/exp_regime095_random3_9/self_evolve_h200_r1/test.npz,cold_start_h100,0403e2693cb0ae0103e8f9c82970dd97dad708f18b504c86cf6e8fdebfc31f98,36c32606430a0a8dd7f896e151b3e447751e0200975536c57c274b4054359396,,True,1000,155.39736367483988,22.725436416778212,66.33596362903084,0.3344663079766382,35.68815306517085,0.7985821671318263,known quoted arrival dates; overtaking allowed,7d6a206a9139d6bc527d71906ee8839fac732c0a3bdab0f98b4c4aaddaecbd29,7d6a206a9139d6bc527d71906ee8839fac732c0a3bdab0f98b4c4aaddaecbd29,0.35121106332398255,True,evaluation/exp_regime095_random3_9/self_evolve_h200_r1/test.json
exp_regime095_random3_9,self_evolve_h200_r1,self_evolve,1,primary,cold_start,200,test,0,200,evaluation/exp_regime095_random3_9/self_evolve_h200_r1/test.npz,cold_start_h200,0403e2693cb0ae0103e8f9c82970dd97dad708f18b504c86cf6e8fdebfc31f98,36c32606430a0a8dd7f896e151b3e447751e0200975536c57c274b4054359396,,True,1000,154.57270811255577,23.58555754858388,65.49357528198594,0.3427853697191251,35.33344085050901,0.7985821671318263,known quoted arrival dates; overtaking allowed,7d6a206a9139d6bc527d71906ee8839fac732c0a3bdab0f98b4c4aaddaecbd29,7d6a206a9139d6bc527d71906ee8839fac732c0a3bdab0f98b4c4aaddaecbd29,0.35109678487865986,True,evaluation/exp_regime095_random3_9/self_evolve_h200_r1/test.json
exp_regime095_random3_9,self_evolve_h200_r1,self_evolve,1,primary,cold_start,500,test,0,200,evaluation/exp_regime095_random3_9/self_evolve_h200_r1/test.npz,cold_start_h500,0403e2693cb0ae0103e8f9c82970dd97dad708f18b504c86cf6e8fdebfc31f98,36c32606430a0a8dd7f896e151b3e447751e0200975536c57c274b4054359396,,True,1000,154.5508826440683,24.30449593623286,65.12319335391771,0.3474840558639633,35.141440693174005,0.7985821671318263,known quoted arrival dates; overtaking allowed,7d6a206a9139d6bc527d71906ee8839fac732c0a3bdab0f98b4c4aaddaecbd29,7d6a206a9139d6bc527d71906ee8839fac732c0a3bdab0f98b4c4aaddaecbd29,0.3507965276778304,True,evaluation/exp_regime095_random3_9/self_evolve_h200_r1/test.json
exp_regime095_random3_9,self_evolve_h200_r2,self_evolve,2,primary,steady,50,test,500,200,evaluation/exp_regime095_random3_9/self_evolve_h200_r2/test.npz,steady_h50,0403e2693cb0ae0103e8f9c82970dd97dad708f18b504c86cf6e8fdebfc31f98,4557e78a897e2d8a070c764df595ee416a138892ca6b285c3afa679558dd05ad,,True,1000,150.70585003259205,26.789338709008824,61.95825566179162,0.3705846353694898,36.558706947437365,0.47334170900285244,known quoted arrival dates; overtaking allowed,4ab655368eac04697c13816ee83c90e51c7d626954ec86b2ddbe4df69ae50108,4ab655368eac04697c13816ee83c90e51c7d626954ec86b2ddbe4df69ae50108,0.4007554941238417,True,evaluation/exp_regime095_random3_9/self_evolve_h200_r2/test.json
exp_regime095_random3_9,self_evolve_h200_r2,self_evolve,2,primary,steady,100,test,500,200,evaluation/exp_regime095_random3_9/self_evolve_h200_r2/test.npz,steady_h100,0403e2693cb0ae0103e8f9c82970dd97dad708f18b504c86cf6e8fdebfc31f98,4557e78a897e2d8a070c764df595ee416a138892ca6b285c3afa679558dd05ad,,True,1000,150.5259391319091,26.46409322578826,62.03092295306042,0.37030494834571487,36.56713396990497,0.47334170900285244,known quoted arrival dates; overtaking allowed,4ab655368eac04697c13816ee83c90e51c7d626954ec86b2ddbe4df69ae50108,4ab655368eac04697c13816ee83c90e51c7d626954ec86b2ddbe4df69ae50108,0.38411473799397167,True,evaluation/exp_regime095_random3_9/self_evolve_h200_r2/test.json
exp_regime095_random3_9,self_evolve_h200_r2,self_evolve,2,primary,steady,200,test,500,200,evaluation/exp_regime095_random3_9/self_evolve_h200_r2/test.npz,steady_h200,0403e2693cb0ae0103e8f9c82970dd97dad708f18b504c86cf6e8fdebfc31f98,4557e78a897e2d8a070c764df595ee416a138892ca6b285c3afa679558dd05ad,,True,1000,151.21958497191193,26.693443425940487,62.26307077298572,0.3704521565859132,36.65623818140988,0.47334170900285244,known quoted arrival dates; overtaking allowed,4ab655368eac04697c13816ee83c90e51c7d626954ec86b2ddbe4df69ae50108,4ab655368eac04697c13816ee83c90e51c7d626954ec86b2ddbe4df69ae50108,0.3768976118641558,True,evaluation/exp_regime095_random3_9/self_evolve_h200_r2/test.json
exp_regime095_random3_9,self_evolve_h200_r2,self_evolve,2,primary,steady,500,test,500,200,evaluation/exp_regime095_random3_9/self_evolve_h200_r2/test.npz,steady_h500,0403e2693cb0ae0103e8f9c82970dd97dad708f18b504c86cf6e8fdebfc31f98,4557e78a897e2d8a070c764df595ee416a138892ca6b285c3afa679558dd05ad,,True,1000,152.46015591738316,26.91750486429943,62.771325526541844,0.36972929979797364,36.84123035159194,0.47334170900285244,known quoted arrival dates; overtaking allowed,4ab655368eac04697c13816ee83c90e51c7d626954ec86b2ddbe4df69ae50108,4ab655368eac04697c13816ee83c90e51c7d626954ec86b2ddbe4df69ae50108,0.3718758357065884,True,evaluation/exp_regime095_random3_9/self_evolve_h200_r2/test.json
exp_regime095_random3_9,self_evolve_h200_r2,self_evolve,2,primary,cold_start,50,test,0,200,evaluation/exp_regime095_random3_9/self_evolve_h200_r2/test.npz,cold_start_h50,0403e2693cb0ae0103e8f9c82970dd97dad708f18b504c86cf6e8fdebfc31f98,4557e78a897e2d8a070c764df595ee416a138892ca6b285c3afa679558dd05ad,,True,1000,154.95292410593822,22.2675316883013,66.34269620881848,0.3330176332030621,38.36226135926692,0.47334170900285244,known quoted arrival dates; overtaking allowed,4ab655368eac04697c13816ee83c90e51c7d626954ec86b2ddbe4df69ae50108,4ab655368eac04697c13816ee83c90e51c7d626954ec86b2ddbe4df69ae50108,0.35729642020136854,True,evaluation/exp_regime095_random3_9/self_evolve_h200_r2/test.json
exp_regime095_random3_9,self_evolve_h200_r2,self_evolve,2,primary,cold_start,100,test,0,200,evaluation/exp_regime095_random3_9/self_evolve_h200_r2/test.npz,cold_start_h100,0403e2693cb0ae0103e8f9c82970dd97dad708f18b504c86cf6e8fdebfc31f98,4557e78a897e2d8a070c764df595ee416a138892ca6b285c3afa679558dd05ad,,True,1000,153.95008526588882,24.624209582844433,64.6629378415222,0.3512513966117814,37.62483539148386,0.47334170900285244,known quoted arrival dates; overtaking allowed,4ab655368eac04697c13816ee83c90e51c7d626954ec86b2ddbe4df69ae50108,4ab655368eac04697c13816ee83c90e51c7d626954ec86b2ddbe4df69ae50108,0.3628729779455025,True,evaluation/exp_regime095_random3_9/self_evolve_h200_r2/test.json
exp_regime095_random3_9,self_evolve_h200_r2,self_evolve,2,primary,cold_start,200,test,0,200,evaluation/exp_regime095_random3_9/self_evolve_h200_r2/test.npz,cold_start_h200,0403e2693cb0ae0103e8f9c82970dd97dad708f18b504c86cf6e8fdebfc31f98,4557e78a897e2d8a070c764df595ee416a138892ca6b285c3afa679558dd05ad,,True,1000,153.29768876238364,25.806008183507007,63.74584028943831,0.3603235328444489,37.219427884058284,0.47334170900285244,known quoted arrival dates; overtaking allowed,4ab655368eac04697c13816ee83c90e51c7d626954ec86b2ddbe4df69ae50108,4ab655368eac04697c13816ee83c90e51c7d626954ec86b2ddbe4df69ae50108,0.36617961148062916,True,evaluation/exp_regime095_random3_9/self_evolve_h200_r2/test.json
exp_regime095_random3_9,self_evolve_h200_r2,self_evolve,2,primary,cold_start,500,test,0,200,evaluation/exp_regime095_random3_9/self_evolve_h200_r2/test.npz,cold_start_h500,0403e2693cb0ae0103e8f9c82970dd97dad708f18b504c86cf6e8fdebfc31f98,4557e78a897e2d8a070c764df595ee416a138892ca6b285c3afa679558dd05ad,,True,1000,153.42125656002642,26.790812972685256,63.315221793670595,0.365599418591869,36.996572381055756,0.47334170900285244,known quoted arrival dates; overtaking allowed,4ab655368eac04697c13816ee83c90e51c7d626954ec86b2ddbe4df69ae50108,4ab655368eac04697c13816ee83c90e51c7d626954ec86b2ddbe4df69ae50108,0.36795776647095696,True,evaluation/exp_regime095_random3_9/self_evolve_h200_r2/test.json
exp_regime095_random3_9,self_evolve_h200_r3,self_evolve,3,primary,steady,50,test,500,200,evaluation/exp_regime095_random3_9/self_evolve_h200_r3/test.npz,steady_h50,0403e2693cb0ae0103e8f9c82970dd97dad708f18b504c86cf6e8fdebfc31f98,339addad22195e2fb57b81fdf5ccd59812353617bbfb9bf41fdc026ecb53d2a5,,True,1000,154.85929293460347,25.324052469865197,64.76762023236914,0.3420451420173467,33.726737860782336,0.48494850005954504,known quoted arrival dates; overtaking allowed,61bcd2761635eb4f2c285c3e9fab6248c96a7941660694a5e611bd3e8ec8ab27,61bcd2761635eb4f2c285c3e9fab6248c96a7941660694a5e611bd3e8ec8ab27,0.37861039693061355,True,evaluation/exp_regime095_random3_9/self_evolve_h200_r3/test.json
exp_regime095_random3_9,self_evolve_h200_r3,self_evolve,3,primary,steady,100,test,500,200,evaluation/exp_regime095_random3_9/self_evolve_h200_r3/test.npz,steady_h100,0403e2693cb0ae0103e8f9c82970dd97dad708f18b504c86cf6e8fdebfc31f98,339addad22195e2fb57b81fdf5ccd59812353617bbfb9bf41fdc026ecb53d2a5,,True,1000,154.94614610127724,25.263937996394084,64.8411040524416,0.3417779323303033,33.735858312295775,0.48494850005954504,known quoted arrival dates; overtaking allowed,61bcd2761635eb4f2c285c3e9fab6248c96a7941660694a5e611bd3e8ec8ab27,61bcd2761635eb4f2c285c3e9fab6248c96a7941660694a5e611bd3e8ec8ab27,0.3591947391846893,True,evaluation/exp_regime095_random3_9/self_evolve_h200_r3/test.json
exp_regime095_random3_9,self_evolve_h200_r3,self_evolve,3,primary,steady,200,test,500,200,evaluation/exp_regime095_random3_9/self_evolve_h200_r3/test.npz,steady_h200,0403e2693cb0ae0103e8f9c82970dd97dad708f18b504c86cf6e8fdebfc31f98,339addad22195e2fb57b81fdf5ccd59812353617bbfb9bf41fdc026ecb53d2a5,,True,1000,155.71310663548223,25.39942800463423,65.15683931542401,0.341192987023368,33.78514701187839,0.48494850005954504,known quoted arrival dates; overtaking allowed,61bcd2761635eb4f2c285c3e9fab6248c96a7941660694a5e611bd3e8ec8ab27,61bcd2761635eb4f2c285c3e9fab6248c96a7941660694a5e611bd3e8ec8ab27,0.34953745275365156,True,evaluation/exp_regime095_random3_9/self_evolve_h200_r3/test.json
exp_regime095_random3_9,self_evolve_h200_r3,self_evolve,3,primary,steady,500,test,500,200,evaluation/exp_regime095_random3_9/self_evolve_h200_r3/test.npz,steady_h500,0403e2693cb0ae0103e8f9c82970dd97dad708f18b504c86cf6e8fdebfc31f98,339addad22195e2fb57b81fdf5ccd59812353617bbfb9bf41fdc026ecb53d2a5,,True,1000,156.90485647750123,25.51360465086552,65.69562591331784,0.3403671533574778,33.91135314585918,0.48494850005954504,known quoted arrival dates; overtaking allowed,61bcd2761635eb4f2c285c3e9fab6248c96a7941660694a5e611bd3e8ec8ab27,61bcd2761635eb4f2c285c3e9fab6248c96a7941660694a5e611bd3e8ec8ab27,0.34322796806048844,True,evaluation/exp_regime095_random3_9/self_evolve_h200_r3/test.json
exp_regime095_random3_9,self_evolve_h200_r3,self_evolve,3,primary,cold_start,50,test,0,200,evaluation/exp_regime095_random3_9/self_evolve_h200_r3/test.npz,cold_start_h50,0403e2693cb0ae0103e8f9c82970dd97dad708f18b504c86cf6e8fdebfc31f98,339addad22195e2fb57b81fdf5ccd59812353617bbfb9bf41fdc026ecb53d2a5,,True,1000,160.96094069305477,25.948329866650027,67.50630541320237,0.3213191815947069,36.561619990286665,0.48494850005954504,known quoted arrival dates; overtaking allowed,61bcd2761635eb4f2c285c3e9fab6248c96a7941660694a5e611bd3e8ec8ab27,61bcd2761635eb4f2c285c3e9fab6248c96a7941660694a5e611bd3e8ec8ab27,0.3540411306757556,True,evaluation/exp_regime095_random3_9/self_evolve_h200_r3/test.json
exp_regime095_random3_9,self_evolve_h200_r3,self_evolve,3,primary,cold_start,100,test,0,200,evaluation/exp_regime095_random3_9/self_evolve_h200_r3/test.npz,cold_start_h100,0403e2693cb0ae0103e8f9c82970dd97dad708f18b504c86cf6e8fdebfc31f98,339addad22195e2fb57b81fdf5ccd59812353617bbfb9bf41fdc026ecb53d2a5,,True,1000,159.34771720782615,25.9844722792716,66.68162246427727,0.33099839120545,35.27398366891852,0.48494850005954504,known quoted arrival dates; overtaking allowed,61bcd2761635eb4f2c285c3e9fab6248c96a7941660694a5e611bd3e8ec8ab27,61bcd2761635eb4f2c285c3e9fab6248c96a7941660694a5e611bd3e8ec8ab27,0.3467203079792425,True,evaluation/exp_regime095_random3_9/self_evolve_h200_r3/test.json
exp_regime095_random3_9,self_evolve_h200_r3,self_evolve,3,primary,cold_start,200,test,0,200,evaluation/exp_regime095_random3_9/self_evolve_h200_r3/test.npz,cold_start_h200,0403e2693cb0ae0103e8f9c82970dd97dad708f18b504c86cf6e8fdebfc31f98,339addad22195e2fb57b81fdf5ccd59812353617bbfb9bf41fdc026ecb53d2a5,,True,1000,158.23011450466439,25.761390189721848,66.23436215747127,0.3353517249624779,34.574160127627025,0.48494850005954504,known quoted arrival dates; overtaking allowed,61bcd2761635eb4f2c285c3e9fab6248c96a7941660694a5e611bd3e8ec8ab27,61bcd2761635eb4f2c285c3e9fab6248c96a7941660694a5e611bd3e8ec8ab27,0.3433305738438248,True,evaluation/exp_regime095_random3_9/self_evolve_h200_r3/test.json
exp_regime095_random3_9,self_evolve_h200_r3,self_evolve,3,primary,cold_start,500,test,0,200,evaluation/exp_regime095_random3_9/self_evolve_h200_r3/test.npz,cold_start_h500,0403e2693cb0ae0103e8f9c82970dd97dad708f18b504c86cf6e8fdebfc31f98,339addad22195e2fb57b81fdf5ccd59812353617bbfb9bf41fdc026ecb53d2a5,,True,1000,158.05749908210373,25.89578821362654,66.08085543423857,0.3378885531817188,34.167218372733494,0.48494850005954504,known quoted arrival dates; overtaking allowed,61bcd2761635eb4f2c285c3e9fab6248c96a7941660694a5e611bd3e8ec8ab27,61bcd2761635eb4f2c285c3e9fab6248c96a7941660694a5e611bd3e8ec8ab27,0.3410674695082221,True,evaluation/exp_regime095_random3_9/self_evolve_h200_r3/test.json
