scenario_id,source_training_horizon,reference_training_horizon,mode,reference_family,aggregate,candidate_policy_id,reference_policy_id,repeat,n_repeats,scope,horizon,pairing_provenance_verified,n_paths,candidate_mean_cost,reference_mean_cost,mean_cost_difference,cost_difference_ci,improvement_pct,improvement_pct_ci,confidence,bootstrap_seed,bootstrap_replicates,significant_outcome,sign_convention,uncertainty_scope
exp_ar_pos08_fixed6,100,100,steady,base_stock,single_repeat,self_evolve_h100_r1,baseline_h100_base_stock,1,1,horizon_extension,100,True,1000,167.45762839524923,167.5331854666231,-0.07555707137389321,"[-0.09263785098783157, -0.05862423057980379]",0.0450997640637186,"[0.03507700761268829, 0.05514847483511652]",0.95,2026091603,5000,win,candidate_minus_reference; negative difference favors candidate,"paired demand-path sampling, excluding generation variation"
exp_ar_pos08_fixed6,100,100,steady,capped_base_stock,single_repeat,self_evolve_h100_r1,baseline_h100_capped_base_stock,1,1,horizon_extension,100,True,1000,167.45762839524923,164.59136462346004,2.866263771789183,"[2.6724504367099757, 3.065389758155078]",-1.7414423766073142,"[-1.8654799929927228, -1.6202402800861728]",0.95,2026091603,5000,loss,candidate_minus_reference; negative difference favors candidate,"paired demand-path sampling, excluding generation variation"
exp_ar_pos08_fixed6,100,100,steady,conditional_pil,single_repeat,self_evolve_h100_r1,baseline_h100_conditional_pil,1,1,horizon_extension,100,True,1000,167.45762839524923,162.44720079461723,5.010427600631994,"[4.732586229912647, 5.28003929635741]",-3.0843422208097673,"[-3.238576744696696, -2.927760102319855]",0.95,2026091603,5000,loss,candidate_minus_reference; negative difference favors candidate,"paired demand-path sampling, excluding generation variation"
exp_ar_pos08_fixed6,100,100,steady,constant_order,single_repeat,self_evolve_h100_r1,baseline_h100_constant_order,1,1,horizon_extension,100,True,1000,167.45762839524923,171.36206240107043,-3.9044340058212077,"[-4.648514932016281, -3.2114214688550256]",2.27847048005464,"[1.8913110987637896, 2.6917764731321263]",0.95,2026091603,5000,win,candidate_minus_reference; negative difference favors candidate,"paired demand-path sampling, excluding generation variation"
exp_ar_pos08_fixed6,100,100,steady,forecast_adaptive_pil,single_repeat,self_evolve_h100_r1,baseline_h100_forecast_adaptive_pil,1,1,horizon_extension,100,True,1000,167.45762839524923,161.93011891898007,5.527509476269163,"[5.031837818778172, 6.0210537111399995]",-3.41351535660564,"[-3.715806689180649, -3.108882159600412]",0.95,2026091603,5000,loss,candidate_minus_reference; negative difference favors candidate,"paired demand-path sampling, excluding generation variation"
exp_ar_pos08_fixed6,100,100,steady,forecast_capped_base_stock,single_repeat,self_evolve_h100_r1,baseline_h100_forecast_capped_base_stock,1,1,horizon_extension,100,True,1000,167.45762839524923,162.37204964181683,5.085578753432429,"[4.652682880744298, 5.522391044156764]",-3.132053062488826,"[-3.3968250572394583, -2.8688200410308125]",0.95,2026091603,5000,loss,candidate_minus_reference; negative difference favors candidate,"paired demand-path sampling, excluding generation variation"
exp_ar_pos08_fixed6,100,100,steady,pil_cop_continuation,single_repeat,self_evolve_h100_r1,baseline_h100_pil_cop_continuation,1,1,horizon_extension,100,True,1000,167.45762839524923,162.44720079461723,5.010427600631994,"[4.732586229912647, 5.28003929635741]",-3.0843422208097673,"[-3.238576744696696, -2.927760102319855]",0.95,2026091603,5000,loss,candidate_minus_reference; negative difference favors candidate,"paired demand-path sampling, excluding generation variation"
exp_ar_pos08_fixed6,100,100,cold_start,base_stock,single_repeat,self_evolve_h100_r1,baseline_h100_base_stock,1,1,horizon_extension,100,True,1000,173.03172972976387,173.167823014312,-0.13609328454815692,"[-0.15277667019382316, -0.11916637660867406]",0.0785903998671224,"[0.06924491022378566, 0.08768993763836629]",0.95,2026091603,5000,win,candidate_minus_reference; negative difference favors candidate,"paired demand-path sampling, excluding generation variation"
exp_ar_pos08_fixed6,100,100,cold_start,capped_base_stock,single_repeat,self_evolve_h100_r1,baseline_h100_capped_base_stock,1,1,horizon_extension,100,True,1000,173.03172972976387,166.09071762431034,6.941012105453481,"[6.715583583274683, 7.166190272739525]",-4.179048778122434,"[-4.342607899477425, -4.024499820866842]",0.95,2026091603,5000,loss,candidate_minus_reference; negative difference favors candidate,"paired demand-path sampling, excluding generation variation"
exp_ar_pos08_fixed6,100,100,cold_start,conditional_pil,single_repeat,self_evolve_h100_r1,baseline_h100_conditional_pil,1,1,horizon_extension,100,True,1000,173.03172972976387,164.16289708278552,8.86883264697832,"[8.582792618695594, 9.1543767906211]",-5.402458658186261,"[-5.571223004058256, -5.234209089794924]",0.95,2026091603,5000,loss,candidate_minus_reference; negative difference favors candidate,"paired demand-path sampling, excluding generation variation"
exp_ar_pos08_fixed6,100,100,cold_start,constant_order,single_repeat,self_evolve_h100_r1,baseline_h100_constant_order,1,1,horizon_extension,100,True,1000,173.03172972976387,171.51269185186376,1.5190378779000784,"[0.9652825599683592, 2.0710275271417684]",-0.8856708279129005,"[-1.2208179515006594, -0.5545926185726643]",0.95,2026091603,5000,loss,candidate_minus_reference; negative difference favors candidate,"paired demand-path sampling, excluding generation variation"
exp_ar_pos08_fixed6,100,100,cold_start,forecast_adaptive_pil,single_repeat,self_evolve_h100_r1,baseline_h100_forecast_adaptive_pil,1,1,horizon_extension,100,True,1000,173.03172972976387,163.8817158452961,9.150013884467768,"[8.636536886327914, 9.648234657291024]",-5.583303687828944,"[-5.887427482492393, -5.274202315959044]",0.95,2026091603,5000,loss,candidate_minus_reference; negative difference favors candidate,"paired demand-path sampling, excluding generation variation"
exp_ar_pos08_fixed6,100,100,cold_start,forecast_capped_base_stock,single_repeat,self_evolve_h100_r1,baseline_h100_forecast_capped_base_stock,1,1,horizon_extension,100,True,1000,173.03172972976387,164.11141667416058,8.920313055603263,"[8.46170440673054, 9.368286919339019]",-5.435522547047634,"[-5.716557994208626, -5.150206634440225]",0.95,2026091603,5000,loss,candidate_minus_reference; negative difference favors candidate,"paired demand-path sampling, excluding generation variation"
exp_ar_pos08_fixed6,100,100,cold_start,pil_cop_continuation,single_repeat,self_evolve_h100_r1,baseline_h100_pil_cop_continuation,1,1,horizon_extension,100,True,1000,173.03172972976387,164.16289708278552,8.86883264697832,"[8.582792618695594, 9.1543767906211]",-5.402458658186261,"[-5.571223004058256, -5.234209089794924]",0.95,2026091603,5000,loss,candidate_minus_reference; negative difference favors candidate,"paired demand-path sampling, excluding generation variation"
exp_ar_pos08_fixed6,100,100,steady,base_stock,single_repeat,self_evolve_h100_r2,baseline_h100_base_stock,2,1,horizon_extension,100,True,1000,167.47463951822104,167.5331854666231,-0.05854594840207811,"[-0.071025058764951, -0.04607241446236506]",0.034945881461636824,"[0.02765431691521336, 0.04227834911643914]",0.95,2026091603,5000,win,candidate_minus_reference; negative difference favors candidate,"paired demand-path sampling, excluding generation variation"
exp_ar_pos08_fixed6,100,100,steady,capped_base_stock,single_repeat,self_evolve_h100_r2,baseline_h100_capped_base_stock,2,1,horizon_extension,100,True,1000,167.47463951822104,164.59136462346004,2.8832748947609983,"[2.690298168287249, 3.08039398663163]",-1.751777744450412,"[-1.875884403559339, -1.6313116088233373]",0.95,2026091603,5000,loss,candidate_minus_reference; negative difference favors candidate,"paired demand-path sampling, excluding generation variation"
exp_ar_pos08_fixed6,100,100,steady,conditional_pil,single_repeat,self_evolve_h100_r2,baseline_h100_conditional_pil,2,1,horizon_extension,100,True,1000,167.47463951822104,162.44720079461723,5.027438723603808,"[4.748320022910134, 5.297352900850357]",-3.094814006650704,"[-3.2484401226362305, -2.9374640936025496]",0.95,2026091603,5000,loss,candidate_minus_reference; negative difference favors candidate,"paired demand-path sampling, excluding generation variation"
exp_ar_pos08_fixed6,100,100,steady,constant_order,single_repeat,self_evolve_h100_r2,baseline_h100_constant_order,2,1,horizon_extension,100,True,1000,167.47463951822104,171.36206240107043,-3.887422882849393,"[-4.632040578866616, -3.1937270557644526]",2.2685434736137426,"[1.882060150480176, 2.680014044312644]",0.95,2026091603,5000,win,candidate_minus_reference; negative difference favors candidate,"paired demand-path sampling, excluding generation variation"
exp_ar_pos08_fixed6,100,100,steady,forecast_adaptive_pil,single_repeat,self_evolve_h100_r2,baseline_h100_forecast_adaptive_pil,2,1,horizon_extension,100,True,1000,167.47463951822104,161.93011891898007,5.544520599240978,"[5.047043812368803, 6.039218103047231]",-3.4240205813812237,"[-3.7275025879545556, -3.1183685863091313]",0.95,2026091603,5000,loss,candidate_minus_reference; negative difference favors candidate,"paired demand-path sampling, excluding generation variation"
exp_ar_pos08_fixed6,100,100,steady,forecast_capped_base_stock,single_repeat,self_evolve_h100_r2,baseline_h100_forecast_capped_base_stock,2,1,horizon_extension,100,True,1000,167.47463951822104,162.37204964181683,5.102589876404244,"[4.667149320302821, 5.537852392169611]",-3.1425296950184607,"[-3.407644797083733, -2.8788387791212386]",0.95,2026091603,5000,loss,candidate_minus_reference; negative difference favors candidate,"paired demand-path sampling, excluding generation variation"
exp_ar_pos08_fixed6,100,100,steady,pil_cop_continuation,single_repeat,self_evolve_h100_r2,baseline_h100_pil_cop_continuation,2,1,horizon_extension,100,True,1000,167.47463951822104,162.44720079461723,5.027438723603808,"[4.748320022910134, 5.297352900850357]",-3.094814006650704,"[-3.2484401226362305, -2.9374640936025496]",0.95,2026091603,5000,loss,candidate_minus_reference; negative difference favors candidate,"paired demand-path sampling, excluding generation variation"
exp_ar_pos08_fixed6,100,100,cold_start,base_stock,single_repeat,self_evolve_h100_r2,baseline_h100_base_stock,2,1,horizon_extension,100,True,1000,173.0657060878171,173.167823014312,-0.10211692649491899,"[-0.1140617005324088, -0.09001838297346071]",0.05896991988313864,"[0.052211043383486935, 0.0655501377475214]",0.95,2026091603,5000,win,candidate_minus_reference; negative difference favors candidate,"paired demand-path sampling, excluding generation variation"
exp_ar_pos08_fixed6,100,100,cold_start,capped_base_stock,single_repeat,self_evolve_h100_r2,baseline_h100_capped_base_stock,2,1,horizon_extension,100,True,1000,173.0657060878171,166.09071762431034,6.974988463506719,"[6.751345683353907, 7.199340874801065]",-4.199505284385522,"[-4.3622259758698965, -4.044879047098659]",0.95,2026091603,5000,loss,candidate_minus_reference; negative difference favors candidate,"paired demand-path sampling, excluding generation variation"
exp_ar_pos08_fixed6,100,100,cold_start,conditional_pil,single_repeat,self_evolve_h100_r2,baseline_h100_conditional_pil,2,1,horizon_extension,100,True,1000,173.0657060878171,164.16289708278552,8.902809005031555,"[8.615474200156495, 9.190198324973252]",-5.423155392135888,"[-5.591647915918703, -5.2549073099056915]",0.95,2026091603,5000,loss,candidate_minus_reference; negative difference favors candidate,"paired demand-path sampling, excluding generation variation"
exp_ar_pos08_fixed6,100,100,cold_start,constant_order,single_repeat,self_evolve_h100_r2,baseline_h100_constant_order,2,1,horizon_extension,100,True,1000,173.0657060878171,171.51269185186376,1.5530142359533163,"[0.9998162268192021, 2.1037181528066453]",-0.9054806493823047,"[-1.2406834694951414, -0.5750625212355976]",0.95,2026091603,5000,loss,candidate_minus_reference; negative difference favors candidate,"paired demand-path sampling, excluding generation variation"
exp_ar_pos08_fixed6,100,100,cold_start,forecast_adaptive_pil,single_repeat,self_evolve_h100_r2,baseline_h100_forecast_adaptive_pil,2,1,horizon_extension,100,True,1000,173.0657060878171,163.8817158452961,9.183990242521006,"[8.669881980111587, 9.68540690340572]",-5.604035932349313,"[-5.908748645577373, -5.293975000698627]",0.95,2026091603,5000,loss,candidate_minus_reference; negative difference favors candidate,"paired demand-path sampling, excluding generation variation"
exp_ar_pos08_fixed6,100,100,cold_start,forecast_capped_base_stock,single_repeat,self_evolve_h100_r2,baseline_h100_forecast_capped_base_stock,2,1,horizon_extension,100,True,1000,173.0657060878171,164.11141667416058,8.9542894136565,"[8.497337510758248, 9.403521796385931]",-5.456225773393356,"[-5.736969569413587, -5.170710656465425]",0.95,2026091603,5000,loss,candidate_minus_reference; negative difference favors candidate,"paired demand-path sampling, excluding generation variation"
exp_ar_pos08_fixed6,100,100,cold_start,pil_cop_continuation,single_repeat,self_evolve_h100_r2,baseline_h100_pil_cop_continuation,2,1,horizon_extension,100,True,1000,173.0657060878171,164.16289708278552,8.902809005031555,"[8.615474200156495, 9.190198324973252]",-5.423155392135888,"[-5.591647915918703, -5.2549073099056915]",0.95,2026091603,5000,loss,candidate_minus_reference; negative difference favors candidate,"paired demand-path sampling, excluding generation variation"
exp_ar_pos08_fixed6,100,100,steady,base_stock,single_repeat,self_evolve_h100_r3,baseline_h100_base_stock,3,1,horizon_extension,100,True,1000,164.2620426593155,167.5331854666231,-3.27114280730762,"[-3.8749873686432044, -2.6642019267308497]",1.9525342386325562,"[1.5989448991556443, 2.303928725096093]",0.95,2026091603,5000,win,candidate_minus_reference; negative difference favors candidate,"paired demand-path sampling, excluding generation variation"
exp_ar_pos08_fixed6,100,100,steady,capped_base_stock,single_repeat,self_evolve_h100_r3,baseline_h100_capped_base_stock,3,1,horizon_extension,100,True,1000,164.2620426593155,164.59136462346004,-0.32932196414454334,"[-0.9282383753728594, 0.2694521687068514]",0.2000845942907908,"[-0.163374147801392, 0.5611873471431105]",0.95,2026091603,5000,inconclusive,candidate_minus_reference; negative difference favors candidate,"paired demand-path sampling, excluding generation variation"
exp_ar_pos08_fixed6,100,100,steady,conditional_pil,single_repeat,self_evolve_h100_r3,baseline_h100_conditional_pil,3,1,horizon_extension,100,True,1000,164.2620426593155,162.44720079461723,1.814841864698267,"[1.3678599321716827, 2.2515057733661963]",-1.1171887578369502,"[-1.3897530855305178, -0.8439574672269073]",0.95,2026091603,5000,loss,candidate_minus_reference; negative difference favors candidate,"paired demand-path sampling, excluding generation variation"
exp_ar_pos08_fixed6,100,100,steady,constant_order,single_repeat,self_evolve_h100_r3,baseline_h100_constant_order,3,1,horizon_extension,100,True,1000,164.2620426593155,171.36206240107043,-7.100019741754935,"[-8.180155553227275, -6.058850218833105]",4.143285650436108,"[3.5738532549716835, 4.7323019788867295]",0.95,2026091603,5000,win,candidate_minus_reference; negative difference favors candidate,"paired demand-path sampling, excluding generation variation"
exp_ar_pos08_fixed6,100,100,steady,forecast_adaptive_pil,single_repeat,self_evolve_h100_r3,baseline_h100_forecast_adaptive_pil,3,1,horizon_extension,100,True,1000,164.2620426593155,161.93011891898007,2.3319237403354363,"[2.079188040495533, 2.580956796461783]",-1.4400802987751726,"[-1.5995976435340307, -1.2823867104379978]",0.95,2026091603,5000,loss,candidate_minus_reference; negative difference favors candidate,"paired demand-path sampling, excluding generation variation"
exp_ar_pos08_fixed6,100,100,steady,forecast_capped_base_stock,single_repeat,self_evolve_h100_r3,baseline_h100_forecast_capped_base_stock,3,1,horizon_extension,100,True,1000,164.2620426593155,162.37204964181683,1.8899930174987023,"[1.5659107912165413, 2.225083473414824]",-1.1639891358567531,"[-1.3732489163441375, -0.9584066594718137]",0.95,2026091603,5000,loss,candidate_minus_reference; negative difference favors candidate,"paired demand-path sampling, excluding generation variation"
exp_ar_pos08_fixed6,100,100,steady,pil_cop_continuation,single_repeat,self_evolve_h100_r3,baseline_h100_pil_cop_continuation,3,1,horizon_extension,100,True,1000,164.2620426593155,162.44720079461723,1.814841864698267,"[1.3678599321716827, 2.2515057733661963]",-1.1171887578369502,"[-1.3897530855305178, -0.8439574672269073]",0.95,2026091603,5000,loss,candidate_minus_reference; negative difference favors candidate,"paired demand-path sampling, excluding generation variation"
exp_ar_pos08_fixed6,100,100,cold_start,base_stock,single_repeat,self_evolve_h100_r3,baseline_h100_base_stock,3,1,horizon_extension,100,True,1000,166.34415106164215,173.167823014312,-6.823671952669864,"[-7.439510810023843, -6.188418107486433]",3.940496469777697,"[3.5897573121899526, 4.278463380047136]",0.95,2026091603,5000,win,candidate_minus_reference; negative difference favors candidate,"paired demand-path sampling, excluding generation variation"
exp_ar_pos08_fixed6,100,100,cold_start,capped_base_stock,single_repeat,self_evolve_h100_r3,baseline_h100_capped_base_stock,3,1,horizon_extension,100,True,1000,166.34415106164215,166.09071762431034,0.25343343733177404,"[-0.34853096399942296, 0.8622457504937159]",-0.15258735765418413,"[-0.5218034018893845, 0.20825765550134323]",0.95,2026091603,5000,inconclusive,candidate_minus_reference; negative difference favors candidate,"paired demand-path sampling, excluding generation variation"
exp_ar_pos08_fixed6,100,100,cold_start,conditional_pil,single_repeat,self_evolve_h100_r3,baseline_h100_conditional_pil,3,1,horizon_extension,100,True,1000,166.34415106164215,164.16289708278552,2.1812539788566108,"[1.7276589547250158, 2.6373369942832827]",-1.3287131365357479,"[-1.6080701250551102, -1.0502150480296002]",0.95,2026091603,5000,loss,candidate_minus_reference; negative difference favors candidate,"paired demand-path sampling, excluding generation variation"
exp_ar_pos08_fixed6,100,100,cold_start,constant_order,single_repeat,self_evolve_h100_r3,baseline_h100_constant_order,3,1,horizon_extension,100,True,1000,166.34415106164215,171.51269185186376,-5.168540790221629,"[-6.092582631907857, -4.270377683101444]",3.013503394072844,"[2.5112054866601388, 3.523670950056787]",0.95,2026091603,5000,win,candidate_minus_reference; negative difference favors candidate,"paired demand-path sampling, excluding generation variation"
exp_ar_pos08_fixed6,100,100,cold_start,forecast_adaptive_pil,single_repeat,self_evolve_h100_r3,baseline_h100_forecast_adaptive_pil,3,1,horizon_extension,100,True,1000,166.34415106164215,163.8817158452961,2.4624352163460608,"[2.146304465053071, 2.788794328363839]",-1.5025686078797122,"[-1.7031892851408996, -1.3073503951046783]",0.95,2026091603,5000,loss,candidate_minus_reference; negative difference favors candidate,"paired demand-path sampling, excluding generation variation"
exp_ar_pos08_fixed6,100,100,cold_start,forecast_capped_base_stock,single_repeat,self_evolve_h100_r3,baseline_h100_forecast_capped_base_stock,3,1,horizon_extension,100,True,1000,166.34415106164215,164.11141667416058,2.232734387481556,"[1.8468024720008414, 2.6225647868176845]",-1.3604991247590126,"[-1.603050145763577, -1.1224106446295181]",0.95,2026091603,5000,loss,candidate_minus_reference; negative difference favors candidate,"paired demand-path sampling, excluding generation variation"
exp_ar_pos08_fixed6,100,100,cold_start,pil_cop_continuation,single_repeat,self_evolve_h100_r3,baseline_h100_pil_cop_continuation,3,1,horizon_extension,100,True,1000,166.34415106164215,164.16289708278552,2.1812539788566108,"[1.7276589547250158, 2.6373369942832827]",-1.3287131365357479,"[-1.6080701250551102, -1.0502150480296002]",0.95,2026091603,5000,loss,candidate_minus_reference; negative difference favors candidate,"paired demand-path sampling, excluding generation variation"
exp_ar_pos08_fixed6,200,200,steady,base_stock,single_repeat,self_evolve_h200_r1,baseline_h200_base_stock,1,1,primary,200,True,1000,167.59157249078183,167.61434851404042,-0.022776023258614983,"[-0.10086888034362555, 0.05524349407479921]",0.013588349362989445,"[-0.03322269682255356, 0.06012438322057333]",0.95,2026091603,5000,inconclusive,candidate_minus_reference; negative difference favors candidate,"paired demand-path sampling, excluding generation variation"
exp_ar_pos08_fixed6,200,200,steady,capped_base_stock,single_repeat,self_evolve_h200_r1,baseline_h200_capped_base_stock,1,1,primary,200,True,1000,167.59157249078183,164.60430686398055,2.9872656268012796,"[2.827854156384988, 3.149162404165889]",-1.8148161999611454,"[-1.9185719204560816, -1.7135817050797126]",0.95,2026091603,5000,loss,candidate_minus_reference; negative difference favors candidate,"paired demand-path sampling, excluding generation variation"
exp_ar_pos08_fixed6,200,200,steady,conditional_pil,single_repeat,self_evolve_h200_r1,baseline_h200_conditional_pil,1,1,primary,200,True,1000,167.59157249078183,162.47453944886703,5.117033041914803,"[4.941855616061853, 5.297613405173175]",-3.1494368651681546,"[-3.257186133596267, -3.0434326007167893]",0.95,2026091603,5000,loss,candidate_minus_reference; negative difference favors candidate,"paired demand-path sampling, excluding generation variation"
exp_ar_pos08_fixed6,200,200,steady,constant_order,single_repeat,self_evolve_h200_r1,baseline_h200_constant_order,1,1,primary,200,True,1000,167.59157249078183,171.2400363094039,-3.648463818622077,"[-4.227827217608059, -3.1004572588689028]",2.1306137847517586,"[1.8210728169605532, 2.4550601427916168]",0.95,2026091603,5000,win,candidate_minus_reference; negative difference favors candidate,"paired demand-path sampling, excluding generation variation"
exp_ar_pos08_fixed6,200,200,steady,forecast_adaptive_pil,single_repeat,self_evolve_h200_r1,baseline_h200_forecast_adaptive_pil,1,1,primary,200,True,1000,167.59157249078183,161.81033978872654,5.781232702055283,"[5.523617960791504, 6.035836178396064]",-3.572845041672717,"[-3.7267448924784, -3.4184455308741843]",0.95,2026091603,5000,loss,candidate_minus_reference; negative difference favors candidate,"paired demand-path sampling, excluding generation variation"
exp_ar_pos08_fixed6,200,200,steady,forecast_capped_base_stock,single_repeat,self_evolve_h200_r1,baseline_h200_forecast_capped_base_stock,1,1,primary,200,True,1000,167.59157249078183,162.45013042599842,5.141442064783405,"[4.851520731790776, 5.435545148427101]",-3.164935633662361,"[-3.350435915552112, -2.985406214483268]",0.95,2026091603,5000,loss,candidate_minus_reference; negative difference favors candidate,"paired demand-path sampling, excluding generation variation"
exp_ar_pos08_fixed6,200,200,steady,pil_cop_continuation,single_repeat,self_evolve_h200_r1,baseline_h200_pil_cop_continuation,1,1,primary,200,True,1000,167.59157249078183,162.47453944886703,5.117033041914803,"[4.941855616061853, 5.297613405173175]",-3.1494368651681546,"[-3.257186133596267, -3.0434326007167893]",0.95,2026091603,5000,loss,candidate_minus_reference; negative difference favors candidate,"paired demand-path sampling, excluding generation variation"
exp_ar_pos08_fixed6,200,200,cold_start,base_stock,single_repeat,self_evolve_h200_r1,baseline_h200_base_stock,1,1,primary,200,True,1000,169.28365997889912,169.54384283395945,-0.2601828550603076,"[-0.3407747791069829, -0.17996114469922317]",0.15346051541082992,"[0.10680234372043482, 0.20012154108149519]",0.95,2026091603,5000,win,candidate_minus_reference; negative difference favors candidate,"paired demand-path sampling, excluding generation variation"
exp_ar_pos08_fixed6,200,200,cold_start,capped_base_stock,single_repeat,self_evolve_h200_r1,baseline_h200_capped_base_stock,1,1,primary,200,True,1000,169.28365997889912,164.34588365903193,4.937776319867162,"[4.765616708166022, 5.1056344845089425]",-3.004502583168795,"[-3.1198536654938462, -2.886474834482245]",0.95,2026091603,5000,loss,candidate_minus_reference; negative difference favors candidate,"paired demand-path sampling, excluding generation variation"
exp_ar_pos08_fixed6,200,200,cold_start,conditional_pil,single_repeat,self_evolve_h200_r1,baseline_h200_conditional_pil,1,1,primary,200,True,1000,169.28365997889912,162.41724593078268,6.866414048116422,"[6.683792755178783, 7.046654281962265]",-4.2276385175517,"[-4.34001768113804, -4.113220049198116]",0.95,2026091603,5000,loss,candidate_minus_reference; negative difference favors candidate,"paired demand-path sampling, excluding generation variation"
exp_ar_pos08_fixed6,200,200,cold_start,constant_order,single_repeat,self_evolve_h200_r1,baseline_h200_constant_order,1,1,primary,200,True,1000,169.28365997889912,170.2320475167392,-0.9483875378400847,"[-1.4295388000074207, -0.4841085599357414]",0.5571145690101661,"[0.286661901106582, 0.8350597153943136]",0.95,2026091603,5000,win,candidate_minus_reference; negative difference favors candidate,"paired demand-path sampling, excluding generation variation"
exp_ar_pos08_fixed6,200,200,cold_start,forecast_adaptive_pil,single_repeat,self_evolve_h200_r1,baseline_h200_forecast_adaptive_pil,1,1,primary,200,True,1000,169.28365997889912,161.793616976742,7.490043002157113,"[7.240399873713399, 7.7442408195768495]",-4.6293810238718125,"[-4.7879564840246305, -4.474085117885704]",0.95,2026091603,5000,loss,candidate_minus_reference; negative difference favors candidate,"paired demand-path sampling, excluding generation variation"
exp_ar_pos08_fixed6,200,200,cold_start,forecast_capped_base_stock,single_repeat,self_evolve_h200_r1,baseline_h200_forecast_capped_base_stock,1,1,primary,200,True,1000,169.28365997889912,162.3282206613965,6.955439317502598,"[6.672709594967059, 7.250730300160336]",-4.284799826649431,"[-4.471196261928564, -4.104020911850026]",0.95,2026091603,5000,loss,candidate_minus_reference; negative difference favors candidate,"paired demand-path sampling, excluding generation variation"
exp_ar_pos08_fixed6,200,200,cold_start,pil_cop_continuation,single_repeat,self_evolve_h200_r1,baseline_h200_pil_cop_continuation,1,1,primary,200,True,1000,169.28365997889912,162.41724593078268,6.866414048116422,"[6.683792755178783, 7.046654281962265]",-4.2276385175517,"[-4.34001768113804, -4.113220049198116]",0.95,2026091603,5000,loss,candidate_minus_reference; negative difference favors candidate,"paired demand-path sampling, excluding generation variation"
exp_ar_pos08_fixed6,200,200,steady,base_stock,single_repeat,self_evolve_h200_r2,baseline_h200_base_stock,2,1,primary,200,True,1000,163.33086580009984,167.61434851404042,-4.283482713940572,"[-4.482523803102967, -4.074894334818193]",2.555558490018986,"[2.435389265449728, 2.672066506466341]",0.95,2026091603,5000,win,candidate_minus_reference; negative difference favors candidate,"paired demand-path sampling, excluding generation variation"
exp_ar_pos08_fixed6,200,200,steady,capped_base_stock,single_repeat,self_evolve_h200_r2,baseline_h200_capped_base_stock,2,1,primary,200,True,1000,163.33086580009984,164.60430686398055,-1.2734410638806763,"[-1.4673317135774608, -1.0828101634380458]",0.7736377547721205,"[0.6600693053428105, 0.8879195108850348]",0.95,2026091603,5000,win,candidate_minus_reference; negative difference favors candidate,"paired demand-path sampling, excluding generation variation"
exp_ar_pos08_fixed6,200,200,steady,conditional_pil,single_repeat,self_evolve_h200_r2,baseline_h200_conditional_pil,2,1,primary,200,True,1000,163.33086580009984,162.47453944886703,0.8563263512328472,"[0.6964831807803796, 1.0178415742600753]",-0.527052641070761,"[-0.6264005546038232, -0.4298823686700203]",0.95,2026091603,5000,loss,candidate_minus_reference; negative difference favors candidate,"paired demand-path sampling, excluding generation variation"
exp_ar_pos08_fixed6,200,200,steady,constant_order,single_repeat,self_evolve_h200_r2,baseline_h200_constant_order,2,1,primary,200,True,1000,163.33086580009984,171.2400363094039,-7.909170509304032,"[-8.471778896344407, -7.363157431294738]",4.618762457520991,"[4.3306818914965985, 4.924086103261962]",0.95,2026091603,5000,win,candidate_minus_reference; negative difference favors candidate,"paired demand-path sampling, excluding generation variation"
exp_ar_pos08_fixed6,200,200,steady,forecast_adaptive_pil,single_repeat,self_evolve_h200_r2,baseline_h200_forecast_adaptive_pil,2,1,primary,200,True,1000,163.33086580009984,161.81033978872654,1.5205260113733263,"[1.3473909981206154, 1.6998567718857454]",-0.9396964454549909,"[-1.0500484256846505, -0.8335009133583259]",0.95,2026091603,5000,loss,candidate_minus_reference; negative difference favors candidate,"paired demand-path sampling, excluding generation variation"
exp_ar_pos08_fixed6,200,200,steady,forecast_capped_base_stock,single_repeat,self_evolve_h200_r2,baseline_h200_forecast_capped_base_stock,2,1,primary,200,True,1000,163.33086580009984,162.45013042599842,0.880735374101449,"[0.6509992411286373, 1.1231562599527192]",-0.5421573819558272,"[-0.6920716926100701, -0.40034767558794127]",0.95,2026091603,5000,loss,candidate_minus_reference; negative difference favors candidate,"paired demand-path sampling, excluding generation variation"
exp_ar_pos08_fixed6,200,200,steady,pil_cop_continuation,single_repeat,self_evolve_h200_r2,baseline_h200_pil_cop_continuation,2,1,primary,200,True,1000,163.33086580009984,162.47453944886703,0.8563263512328472,"[0.6964831807803796, 1.0178415742600753]",-0.527052641070761,"[-0.6264005546038232, -0.4298823686700203]",0.95,2026091603,5000,loss,candidate_minus_reference; negative difference favors candidate,"paired demand-path sampling, excluding generation variation"
exp_ar_pos08_fixed6,200,200,cold_start,base_stock,single_repeat,self_evolve_h200_r2,baseline_h200_base_stock,2,1,primary,200,True,1000,163.59863618636854,169.54384283395945,-5.9452066475909,"[-6.157204935917168, -5.736092605289853]",3.506589533548127,"[3.386346902264097, 3.634157523291224]",0.95,2026091603,5000,win,candidate_minus_reference; negative difference favors candidate,"paired demand-path sampling, excluding generation variation"
exp_ar_pos08_fixed6,200,200,cold_start,capped_base_stock,single_repeat,self_evolve_h200_r2,baseline_h200_capped_base_stock,2,1,primary,200,True,1000,163.59863618636854,164.34588365903193,-0.7472474726634291,"[-0.9505613899352964, -0.5481215994168118]",0.4546797619913024,"[0.3342570354789405, 0.5780239855243633]",0.95,2026091603,5000,win,candidate_minus_reference; negative difference favors candidate,"paired demand-path sampling, excluding generation variation"
exp_ar_pos08_fixed6,200,200,cold_start,conditional_pil,single_repeat,self_evolve_h200_r2,baseline_h200_conditional_pil,2,1,primary,200,True,1000,163.59863618636854,162.41724593078268,1.1813902555858298,"[1.0156979272787705, 1.3500691921303234]",-0.7273798104477933,"[-0.8302233511801987, -0.6263288580567327]",0.95,2026091603,5000,loss,candidate_minus_reference; negative difference favors candidate,"paired demand-path sampling, excluding generation variation"
exp_ar_pos08_fixed6,200,200,cold_start,constant_order,single_repeat,self_evolve_h200_r2,baseline_h200_constant_order,2,1,primary,200,True,1000,163.59863618636854,170.2320475167392,-6.633411330370676,"[-7.114906667354115, -6.1820208945237365]",3.8966877430751543,"[3.6551153930602727, 4.153837551486528]",0.95,2026091603,5000,win,candidate_minus_reference; negative difference favors candidate,"paired demand-path sampling, excluding generation variation"
exp_ar_pos08_fixed6,200,200,cold_start,forecast_adaptive_pil,single_repeat,self_evolve_h200_r2,baseline_h200_forecast_adaptive_pil,2,1,primary,200,True,1000,163.59863618636854,161.793616976742,1.8050192096265214,"[1.6242850461231602, 1.9930676691292133]",-1.115630667856337,"[-1.2287268115511012, -1.0064662369506234]",0.95,2026091603,5000,loss,candidate_minus_reference; negative difference favors candidate,"paired demand-path sampling, excluding generation variation"
exp_ar_pos08_fixed6,200,200,cold_start,forecast_capped_base_stock,single_repeat,self_evolve_h200_r2,baseline_h200_forecast_capped_base_stock,2,1,primary,200,True,1000,163.59863618636854,162.3282206613965,1.2704155249720066,"[1.040391112773023, 1.513221319266097]",-0.7826214812161473,"[-0.931468492444394, -0.6417612214267304]",0.95,2026091603,5000,loss,candidate_minus_reference; negative difference favors candidate,"paired demand-path sampling, excluding generation variation"
exp_ar_pos08_fixed6,200,200,cold_start,pil_cop_continuation,single_repeat,self_evolve_h200_r2,baseline_h200_pil_cop_continuation,2,1,primary,200,True,1000,163.59863618636854,162.41724593078268,1.1813902555858298,"[1.0156979272787705, 1.3500691921303234]",-0.7273798104477933,"[-0.8302233511801987, -0.6263288580567327]",0.95,2026091603,5000,loss,candidate_minus_reference; negative difference favors candidate,"paired demand-path sampling, excluding generation variation"
exp_ar_pos08_fixed6,200,200,steady,base_stock,single_repeat,self_evolve_h200_r3,baseline_h200_base_stock,3,1,primary,200,True,1000,167.5896263697964,167.61434851404042,-0.024722144244056096,"[-0.10280433850988151, 0.05345763629546149]",0.014749420000841059,"[-0.03203538080827838, 0.06113675003892391]",0.95,2026091603,5000,inconclusive,candidate_minus_reference; negative difference favors candidate,"paired demand-path sampling, excluding generation variation"
exp_ar_pos08_fixed6,200,200,steady,capped_base_stock,single_repeat,self_evolve_h200_r3,baseline_h200_capped_base_stock,3,1,primary,200,True,1000,167.5896263697964,164.60430686398055,2.985319505815839,"[2.825609768945363, 3.1467164099177327]",-1.8136338973698585,"[-1.917251616461417, -1.7125894363846197]",0.95,2026091603,5000,loss,candidate_minus_reference; negative difference favors candidate,"paired demand-path sampling, excluding generation variation"
exp_ar_pos08_fixed6,200,200,steady,conditional_pil,single_repeat,self_evolve_h200_r3,baseline_h200_conditional_pil,3,1,primary,200,True,1000,167.5896263697964,162.47453944886703,5.115086920929363,"[4.940597589359966, 5.29505386446156]",-3.1482390645822753,"[-3.256057811394354, -3.0423350801036673]",0.95,2026091603,5000,loss,candidate_minus_reference; negative difference favors candidate,"paired demand-path sampling, excluding generation variation"
exp_ar_pos08_fixed6,200,200,steady,constant_order,single_repeat,self_evolve_h200_r3,baseline_h200_constant_order,3,1,primary,200,True,1000,167.5896263697964,171.2400363094039,-3.650409939607518,"[-4.230730446130023, -3.1025323069068955]",2.131750271888392,"[1.8228957883531602, 2.4545819499940142]",0.95,2026091603,5000,win,candidate_minus_reference; negative difference favors candidate,"paired demand-path sampling, excluding generation variation"
exp_ar_pos08_fixed6,200,200,steady,forecast_adaptive_pil,single_repeat,self_evolve_h200_r3,baseline_h200_forecast_adaptive_pil,3,1,primary,200,True,1000,167.5896263697964,161.81033978872654,5.779286581069842,"[5.522145414017854, 6.0333933040391]",-3.571642324350719,"[-3.7260949331481323, -3.41806081404615]",0.95,2026091603,5000,loss,candidate_minus_reference; negative difference favors candidate,"paired demand-path sampling, excluding generation variation"
exp_ar_pos08_fixed6,200,200,steady,forecast_capped_base_stock,single_repeat,self_evolve_h200_r3,baseline_h200_forecast_capped_base_stock,3,1,primary,200,True,1000,167.5896263697964,162.45013042599842,5.1394959437979635,"[4.850487605476023, 5.432757459300817]",-3.163737653100376,"[-3.3494454076517624, -2.9833927672320453]",0.95,2026091603,5000,loss,candidate_minus_reference; negative difference favors candidate,"paired demand-path sampling, excluding generation variation"
exp_ar_pos08_fixed6,200,200,steady,pil_cop_continuation,single_repeat,self_evolve_h200_r3,baseline_h200_pil_cop_continuation,3,1,primary,200,True,1000,167.5896263697964,162.47453944886703,5.115086920929363,"[4.940597589359966, 5.29505386446156]",-3.1482390645822753,"[-3.256057811394354, -3.0423350801036673]",0.95,2026091603,5000,loss,candidate_minus_reference; negative difference favors candidate,"paired demand-path sampling, excluding generation variation"
exp_ar_pos08_fixed6,200,200,cold_start,base_stock,single_repeat,self_evolve_h200_r3,baseline_h200_base_stock,3,1,primary,200,True,1000,169.27042114306218,169.54384283395945,-0.2734216908972485,"[-0.35430428412698134, -0.19289243234153708]",0.1612690182828034,"[0.11414870810180246, 0.20814620807803738]",0.95,2026091603,5000,win,candidate_minus_reference; negative difference favors candidate,"paired demand-path sampling, excluding generation variation"
exp_ar_pos08_fixed6,200,200,cold_start,capped_base_stock,single_repeat,self_evolve_h200_r3,baseline_h200_capped_base_stock,3,1,primary,200,True,1000,169.27042114306218,164.34588365903193,4.924537484030221,"[4.7515247791198, 5.093411681967577]",-2.9964471116582274,"[-3.1125227334163785, -2.8775412184537186]",0.95,2026091603,5000,loss,candidate_minus_reference; negative difference favors candidate,"paired demand-path sampling, excluding generation variation"
exp_ar_pos08_fixed6,200,200,cold_start,conditional_pil,single_repeat,self_evolve_h200_r3,baseline_h200_conditional_pil,3,1,primary,200,True,1000,169.27042114306218,162.41724593078268,6.8531752122794805,"[6.671284288786619, 7.034700712885918]",-4.219487390643301,"[-4.332841955169201, -4.10417333848652]",0.95,2026091603,5000,loss,candidate_minus_reference; negative difference favors candidate,"paired demand-path sampling, excluding generation variation"
exp_ar_pos08_fixed6,200,200,cold_start,constant_order,single_repeat,self_evolve_h200_r3,baseline_h200_constant_order,3,1,primary,200,True,1000,169.27042114306218,170.2320475167392,-0.9616263736770255,"[-1.4435675445211078, -0.49722609620317254]",0.5648915040996898,"[0.2948709733157331, 0.8436384113584057]",0.95,2026091603,5000,win,candidate_minus_reference; negative difference favors candidate,"paired demand-path sampling, excluding generation variation"
exp_ar_pos08_fixed6,200,200,cold_start,forecast_adaptive_pil,single_repeat,self_evolve_h200_r3,baseline_h200_forecast_adaptive_pil,3,1,primary,200,True,1000,169.27042114306218,161.793616976742,7.476804166320172,"[7.22945425018273, 7.730383183607601]",-4.6211984786736,"[-4.779955563235072, -4.466297440618514]",0.95,2026091603,5000,loss,candidate_minus_reference; negative difference favors candidate,"paired demand-path sampling, excluding generation variation"
exp_ar_pos08_fixed6,200,200,cold_start,forecast_capped_base_stock,single_repeat,self_evolve_h200_r3,baseline_h200_forecast_capped_base_stock,3,1,primary,200,True,1000,169.27042114306218,162.3282206613965,6.942200481665657,"[6.660163346880634, 7.2389243188296515]",-4.27664422943842,"[-4.463865061130138, -4.0958504829038045]",0.95,2026091603,5000,loss,candidate_minus_reference; negative difference favors candidate,"paired demand-path sampling, excluding generation variation"
exp_ar_pos08_fixed6,200,200,cold_start,pil_cop_continuation,single_repeat,self_evolve_h200_r3,baseline_h200_pil_cop_continuation,3,1,primary,200,True,1000,169.27042114306218,162.41724593078268,6.8531752122794805,"[6.671284288786619, 7.034700712885918]",-4.219487390643301,"[-4.332841955169201, -4.10417333848652]",0.95,2026091603,5000,loss,candidate_minus_reference; negative difference favors candidate,"paired demand-path sampling, excluding generation variation"
exp_ar_pos08_fixed6,500,500,steady,base_stock,single_repeat,self_evolve_h500_r1,baseline_h500_base_stock,1,1,horizon_extension,500,True,1000,167.000304847647,167.12310344595136,-0.12279859830433729,"[-0.14797191825442702, -0.09741951004137298]",0.0734779308021196,"[0.058402627845755825, 0.0886084743109379]",0.95,2026091603,5000,win,candidate_minus_reference; negative difference favors candidate,"paired demand-path sampling, excluding generation variation"
exp_ar_pos08_fixed6,500,500,steady,capped_base_stock,single_repeat,self_evolve_h500_r1,baseline_h500_capped_base_stock,1,1,horizon_extension,500,True,1000,167.000304847647,164.17304242421042,2.8272624234365464,"[2.734701635811167, 2.9201797203684507]",-1.7221234264095187,"[-1.7799077416869833, -1.6650455932915975]",0.95,2026091603,5000,loss,candidate_minus_reference; negative difference favors candidate,"paired demand-path sampling, excluding generation variation"
exp_ar_pos08_fixed6,500,500,steady,conditional_pil,single_repeat,self_evolve_h500_r1,baseline_h500_conditional_pil,1,1,horizon_extension,500,True,1000,167.000304847647,162.05094393179968,4.9493609158473335,"[4.840173948447983, 5.062572378673683]",-3.05420060862483,"[-3.1188283861974218, -2.990412995170006]",0.95,2026091603,5000,loss,candidate_minus_reference; negative difference favors candidate,"paired demand-path sampling, excluding generation variation"
exp_ar_pos08_fixed6,500,500,steady,constant_order,single_repeat,self_evolve_h500_r1,baseline_h500_constant_order,1,1,horizon_extension,500,True,1000,167.000304847647,170.54737390043294,-3.5470690527859214,"[-3.844452460144784, -3.254225878401904]",2.0798145240610784,"[1.9151696651814165, 2.2473201862822356]",0.95,2026091603,5000,win,candidate_minus_reference; negative difference favors candidate,"paired demand-path sampling, excluding generation variation"
exp_ar_pos08_fixed6,500,500,steady,forecast_adaptive_pil,single_repeat,self_evolve_h500_r1,baseline_h500_forecast_adaptive_pil,1,1,horizon_extension,500,True,1000,167.000304847647,161.39472251414594,5.605582333501021,"[5.423512428427614, 5.786287594502233]",-3.4732129069522264,"[-3.5806263882666154, -3.3646223058534868]",0.95,2026091603,5000,loss,candidate_minus_reference; negative difference favors candidate,"paired demand-path sampling, excluding generation variation"
exp_ar_pos08_fixed6,500,500,steady,forecast_capped_base_stock,single_repeat,self_evolve_h500_r1,baseline_h500_forecast_capped_base_stock,1,1,horizon_extension,500,True,1000,167.000304847647,161.66927757175628,5.33102727589071,"[5.141786943188384, 5.526767506910627]",-3.2974893906633245,"[-3.412688511341296, -3.1851442841221873]",0.95,2026091603,5000,loss,candidate_minus_reference; negative difference favors candidate,"paired demand-path sampling, excluding generation variation"
exp_ar_pos08_fixed6,500,500,steady,pil_cop_continuation,single_repeat,self_evolve_h500_r1,baseline_h500_pil_cop_continuation,1,1,horizon_extension,500,True,1000,167.000304847647,162.05094393179968,4.9493609158473335,"[4.840173948447983, 5.062572378673683]",-3.05420060862483,"[-3.1188283861974218, -2.990412995170006]",0.95,2026091603,5000,loss,candidate_minus_reference; negative difference favors candidate,"paired demand-path sampling, excluding generation variation"
exp_ar_pos08_fixed6,500,500,cold_start,base_stock,single_repeat,self_evolve_h500_r1,baseline_h500_base_stock,1,1,horizon_extension,500,True,1000,168.05090818650515,168.23246006479187,-0.18155187828676234,"[-0.2087604989962452, -0.15478563783102917]",0.10791727007783752,"[0.09228156092316551, 0.1239160935956462]",0.95,2026091603,5000,win,candidate_minus_reference; negative difference favors candidate,"paired demand-path sampling, excluding generation variation"
exp_ar_pos08_fixed6,500,500,cold_start,capped_base_stock,single_repeat,self_evolve_h500_r1,baseline_h500_capped_base_stock,1,1,horizon_extension,500,True,1000,168.05090818650515,164.42417839918306,3.6267297873220663,"[3.5366259798260224, 3.7200280656212565]",-2.2057156207995443,"[-2.264962108812237, -2.1489065870914783]",0.95,2026091603,5000,loss,candidate_minus_reference; negative difference favors candidate,"paired demand-path sampling, excluding generation variation"
exp_ar_pos08_fixed6,500,500,cold_start,conditional_pil,single_repeat,self_evolve_h500_r1,baseline_h500_conditional_pil,1,1,horizon_extension,500,True,1000,168.05090818650515,162.32876588249084,5.722142304014267,"[5.61368232385677, 5.836379331688171]",-3.525032838700042,"[-3.5886594133829357, -3.4623430036467897]",0.95,2026091603,5000,loss,candidate_minus_reference; negative difference favors candidate,"paired demand-path sampling, excluding generation variation"
exp_ar_pos08_fixed6,500,500,cold_start,constant_order,single_repeat,self_evolve_h500_r1,baseline_h500_constant_order,1,1,horizon_extension,500,True,1000,168.05090818650515,170.67403762920154,-2.6231294426964498,"[-2.8899591243344838, -2.3545526234228684]",1.5369235292805754,"[1.3837599956615358, 1.6875916322866715]",0.95,2026091603,5000,win,candidate_minus_reference; negative difference favors candidate,"paired demand-path sampling, excluding generation variation"
exp_ar_pos08_fixed6,500,500,cold_start,forecast_adaptive_pil,single_repeat,self_evolve_h500_r1,baseline_h500_forecast_adaptive_pil,1,1,horizon_extension,500,True,1000,168.05090818650515,161.69933318137242,6.351575005132686,"[6.17903165858606, 6.526516727765468]",-3.9280155830997727,"[-4.029995770330678, -3.823361300112133]",0.95,2026091603,5000,loss,candidate_minus_reference; negative difference favors candidate,"paired demand-path sampling, excluding generation variation"
exp_ar_pos08_fixed6,500,500,cold_start,forecast_capped_base_stock,single_repeat,self_evolve_h500_r1,baseline_h500_forecast_capped_base_stock,1,1,horizon_extension,500,True,1000,168.05090818650515,161.99077054741483,6.060137639090279,"[5.878415500741645, 6.241155571911031]",-3.7410388373432184,"[-3.849361811395582, -3.631690314390724]",0.95,2026091603,5000,loss,candidate_minus_reference; negative difference favors candidate,"paired demand-path sampling, excluding generation variation"
exp_ar_pos08_fixed6,500,500,cold_start,pil_cop_continuation,single_repeat,self_evolve_h500_r1,baseline_h500_pil_cop_continuation,1,1,horizon_extension,500,True,1000,168.05090818650515,162.32876588249084,5.722142304014267,"[5.61368232385677, 5.836379331688171]",-3.525032838700042,"[-3.5886594133829357, -3.4623430036467897]",0.95,2026091603,5000,loss,candidate_minus_reference; negative difference favors candidate,"paired demand-path sampling, excluding generation variation"
exp_ar_pos08_fixed6,500,500,steady,base_stock,single_repeat,self_evolve_h500_r2,baseline_h500_base_stock,2,1,horizon_extension,500,True,1000,167.00034282744787,167.12310344595136,-0.12276061850349691,"[-0.1479016686762486, -0.09738873272322082]",0.07345520515850944,"[0.05836807977999248, 0.08854308925966647]",0.95,2026091603,5000,win,candidate_minus_reference; negative difference favors candidate,"paired demand-path sampling, excluding generation variation"
exp_ar_pos08_fixed6,500,500,steady,capped_base_stock,single_repeat,self_evolve_h500_r2,baseline_h500_capped_base_stock,2,1,horizon_extension,500,True,1000,167.00034282744787,164.17304242421042,2.8273004032373863,"[2.7347922150686537, 2.9201764780378725]",-1.7221465604151498,"[-1.7799256853676664, -1.6650799923049537]",0.95,2026091603,5000,loss,candidate_minus_reference; negative difference favors candidate,"paired demand-path sampling, excluding generation variation"
exp_ar_pos08_fixed6,500,500,steady,conditional_pil,single_repeat,self_evolve_h500_r2,baseline_h500_conditional_pil,2,1,horizon_extension,500,True,1000,167.00034282744787,162.05094393179968,4.949398895648176,"[4.840195156171897, 5.062498620710254]",-3.0542240455761727,"[-3.118865808496159, -2.9904696035259284]",0.95,2026091603,5000,loss,candidate_minus_reference; negative difference favors candidate,"paired demand-path sampling, excluding generation variation"
exp_ar_pos08_fixed6,500,500,steady,constant_order,single_repeat,self_evolve_h500_r2,baseline_h500_constant_order,2,1,horizon_extension,500,True,1000,167.00034282744787,170.54737390043294,-3.547031072985081,"[-3.8444381072212015, -3.254186117300516]",2.079792254705643,"[1.9151325399660832, 2.247297278704968]",0.95,2026091603,5000,win,candidate_minus_reference; negative difference favors candidate,"paired demand-path sampling, excluding generation variation"
exp_ar_pos08_fixed6,500,500,steady,forecast_adaptive_pil,single_repeat,self_evolve_h500_r2,baseline_h500_forecast_adaptive_pil,2,1,horizon_extension,500,True,1000,167.00034282744787,161.39472251414594,5.605620313301862,"[5.423535781296397, 5.786349486461573]",-3.47323643919683,"[-3.5806256193384867, -3.364663995643568]",0.95,2026091603,5000,loss,candidate_minus_reference; negative difference favors candidate,"paired demand-path sampling, excluding generation variation"
exp_ar_pos08_fixed6,500,500,steady,forecast_capped_base_stock,single_repeat,self_evolve_h500_r2,baseline_h500_forecast_capped_base_stock,2,1,horizon_extension,500,True,1000,167.00034282744787,161.66927757175628,5.331065255691552,"[5.1418638605008775, 5.526803083685571]",-3.2975128829442633,"[-3.412714315978747, -3.18516528740061]",0.95,2026091603,5000,loss,candidate_minus_reference; negative difference favors candidate,"paired demand-path sampling, excluding generation variation"
exp_ar_pos08_fixed6,500,500,steady,pil_cop_continuation,single_repeat,self_evolve_h500_r2,baseline_h500_pil_cop_continuation,2,1,horizon_extension,500,True,1000,167.00034282744787,162.05094393179968,4.949398895648176,"[4.840195156171897, 5.062498620710254]",-3.0542240455761727,"[-3.118865808496159, -2.9904696035259284]",0.95,2026091603,5000,loss,candidate_minus_reference; negative difference favors candidate,"paired demand-path sampling, excluding generation variation"
exp_ar_pos08_fixed6,500,500,cold_start,base_stock,single_repeat,self_evolve_h500_r2,baseline_h500_base_stock,2,1,horizon_extension,500,True,1000,168.0509848491575,168.23246006479187,-0.18147521563440164,"[-0.20864380064705393, -0.15470775008647653]",0.10787170060075596,"[0.09222804291255182, 0.12384898755052692]",0.95,2026091603,5000,win,candidate_minus_reference; negative difference favors candidate,"paired demand-path sampling, excluding generation variation"
exp_ar_pos08_fixed6,500,500,cold_start,capped_base_stock,single_repeat,self_evolve_h500_r2,baseline_h500_capped_base_stock,2,1,horizon_extension,500,True,1000,168.0509848491575,164.42417839918306,3.6268064499744272,"[3.53673975526745, 3.72008039986475]",-2.205762245726048,"[-2.264993518632028, -2.1489792313071057]",0.95,2026091603,5000,loss,candidate_minus_reference; negative difference favors candidate,"paired demand-path sampling, excluding generation variation"
exp_ar_pos08_fixed6,500,500,cold_start,conditional_pil,single_repeat,self_evolve_h500_r2,baseline_h500_conditional_pil,2,1,horizon_extension,500,True,1000,168.0509848491575,162.32876588249084,5.722218966666629,"[5.6138216945459245, 5.8364367267449015]",-3.525080065482009,"[-3.588677739725558, -3.4623954658257525]",0.95,2026091603,5000,loss,candidate_minus_reference; negative difference favors candidate,"paired demand-path sampling, excluding generation variation"
exp_ar_pos08_fixed6,500,500,cold_start,constant_order,single_repeat,self_evolve_h500_r2,baseline_h500_constant_order,2,1,horizon_extension,500,True,1000,168.0509848491575,170.67403762920154,-2.623052780044089,"[-2.8898397612800393, -2.354434108589704]",1.53687861169768,"[1.3837036897231627, 1.6875380281580707]",0.95,2026091603,5000,win,candidate_minus_reference; negative difference favors candidate,"paired demand-path sampling, excluding generation variation"
exp_ar_pos08_fixed6,500,500,cold_start,forecast_adaptive_pil,single_repeat,self_evolve_h500_r2,baseline_h500_forecast_adaptive_pil,2,1,horizon_extension,500,True,1000,168.0509848491575,161.69933318137242,6.351651667785047,"[6.179143375845766, 6.526561063562002]",-3.9280629937172593,"[-4.030019149136809, -3.82342788883249]",0.95,2026091603,5000,loss,candidate_minus_reference; negative difference favors candidate,"paired demand-path sampling, excluding generation variation"
exp_ar_pos08_fixed6,500,500,cold_start,forecast_capped_base_stock,single_repeat,self_evolve_h500_r2,baseline_h500_forecast_capped_base_stock,2,1,horizon_extension,500,True,1000,168.0509848491575,161.99077054741483,6.06021430174264,"[5.878515186248328, 6.241259283893044]",-3.74108616266433,"[-3.849406339143042, -3.631761959330521]",0.95,2026091603,5000,loss,candidate_minus_reference; negative difference favors candidate,"paired demand-path sampling, excluding generation variation"
exp_ar_pos08_fixed6,500,500,cold_start,pil_cop_continuation,single_repeat,self_evolve_h500_r2,baseline_h500_pil_cop_continuation,2,1,horizon_extension,500,True,1000,168.0509848491575,162.32876588249084,5.722218966666629,"[5.6138216945459245, 5.8364367267449015]",-3.525080065482009,"[-3.588677739725558, -3.4623954658257525]",0.95,2026091603,5000,loss,candidate_minus_reference; negative difference favors candidate,"paired demand-path sampling, excluding generation variation"
exp_ar_pos08_fixed6,500,500,steady,base_stock,single_repeat,self_evolve_h500_r3,baseline_h500_base_stock,3,1,horizon_extension,500,True,1000,162.79813598956497,167.12310344595136,-4.324967456386343,"[-4.471066512419364, -4.17734886199182]",2.5878932159640695,"[2.5054718613109337, 2.6685803239917263]",0.95,2026091603,5000,win,candidate_minus_reference; negative difference favors candidate,"paired demand-path sampling, excluding generation variation"
exp_ar_pos08_fixed6,500,500,steady,capped_base_stock,single_repeat,self_evolve_h500_r3,baseline_h500_capped_base_stock,3,1,horizon_extension,500,True,1000,162.79813598956497,164.17304242421042,-1.3749064346454585,"[-1.5066031470131118, -1.2369302707456578]",0.8374739325916867,"[0.7562070638056451, 0.9152638043894713]",0.95,2026091603,5000,win,candidate_minus_reference; negative difference favors candidate,"paired demand-path sampling, excluding generation variation"
exp_ar_pos08_fixed6,500,500,steady,conditional_pil,single_repeat,self_evolve_h500_r3,baseline_h500_conditional_pil,3,1,horizon_extension,500,True,1000,162.79813598956497,162.05094393179968,0.7471920577653293,"[0.6687536268110661, 0.8283443862958543]",-0.4610846685840662,"[-0.5117968627907596, -0.4130848732807415]",0.95,2026091603,5000,loss,candidate_minus_reference; negative difference favors candidate,"paired demand-path sampling, excluding generation variation"
exp_ar_pos08_fixed6,500,500,steady,constant_order,single_repeat,self_evolve_h500_r3,baseline_h500_constant_order,3,1,horizon_extension,500,True,1000,162.79813598956497,170.54737390043294,-7.749237910867927,"[-8.094516829117143, -7.404573038866428]",4.543745080116008,"[4.362745427035062, 4.72591843885816]",0.95,2026091603,5000,win,candidate_minus_reference; negative difference favors candidate,"paired demand-path sampling, excluding generation variation"
exp_ar_pos08_fixed6,500,500,steady,forecast_adaptive_pil,single_repeat,self_evolve_h500_r3,baseline_h500_forecast_adaptive_pil,3,1,horizon_extension,500,True,1000,162.79813598956497,161.39472251414594,1.4034134754190164,"[1.3116408969598439, 1.4987957090165098]",-0.86955351052202,"[-0.9286080584373483, -0.813128573745794]",0.95,2026091603,5000,loss,candidate_minus_reference; negative difference favors candidate,"paired demand-path sampling, excluding generation variation"
exp_ar_pos08_fixed6,500,500,steady,forecast_capped_base_stock,single_repeat,self_evolve_h500_r3,baseline_h500_forecast_capped_base_stock,3,1,horizon_extension,500,True,1000,162.79813598956497,161.66927757175628,1.1288584178087058,"[1.0294291696602893, 1.231214428937825]",-0.6982516621363927,"[-0.761477671425197, -0.6373887378895512]",0.95,2026091603,5000,loss,candidate_minus_reference; negative difference favors candidate,"paired demand-path sampling, excluding generation variation"
exp_ar_pos08_fixed6,500,500,steady,pil_cop_continuation,single_repeat,self_evolve_h500_r3,baseline_h500_pil_cop_continuation,3,1,horizon_extension,500,True,1000,162.79813598956497,162.05094393179968,0.7471920577653293,"[0.6687536268110661, 0.8283443862958543]",-0.4610846685840662,"[-0.5117968627907596, -0.4130848732807415]",0.95,2026091603,5000,loss,candidate_minus_reference; negative difference favors candidate,"paired demand-path sampling, excluding generation variation"
exp_ar_pos08_fixed6,500,500,cold_start,base_stock,single_repeat,self_evolve_h500_r3,baseline_h500_base_stock,3,1,horizon_extension,500,True,1000,163.09623861375667,168.23246006479187,-5.136221451035224,"[-5.288569964902934, -4.986931109939603]",3.0530501955788254,"[2.9697181763798604, 3.138090342866561]",0.95,2026091603,5000,win,candidate_minus_reference; negative difference favors candidate,"paired demand-path sampling, excluding generation variation"
exp_ar_pos08_fixed6,500,500,cold_start,capped_base_stock,single_repeat,self_evolve_h500_r3,baseline_h500_capped_base_stock,3,1,horizon_extension,500,True,1000,163.09623861375667,164.42417839918306,-1.3279397854263961,"[-1.4667889332323534, -1.1878840053223858]",0.807630482545256,"[0.7245614956000181, 0.8900929031611249]",0.95,2026091603,5000,win,candidate_minus_reference; negative difference favors candidate,"paired demand-path sampling, excluding generation variation"
exp_ar_pos08_fixed6,500,500,cold_start,conditional_pil,single_repeat,self_evolve_h500_r3,baseline_h500_conditional_pil,3,1,horizon_extension,500,True,1000,163.09623861375667,162.32876588249084,0.7674727312658052,"[0.6822620004307448, 0.853307906547326]",-0.4727891123261522,"[-0.5265393831125117, -0.4194704781980019]",0.95,2026091603,5000,loss,candidate_minus_reference; negative difference favors candidate,"paired demand-path sampling, excluding generation variation"
exp_ar_pos08_fixed6,500,500,cold_start,constant_order,single_repeat,self_evolve_h500_r3,baseline_h500_constant_order,3,1,horizon_extension,500,True,1000,163.09623861375667,170.67403762920154,-7.577799015444913,"[-7.898596399519801, -7.258543073149852]",4.439924853660544,"[4.270597112046378, 4.609996921548929]",0.95,2026091603,5000,win,candidate_minus_reference; negative difference favors candidate,"paired demand-path sampling, excluding generation variation"
exp_ar_pos08_fixed6,500,500,cold_start,forecast_adaptive_pil,single_repeat,self_evolve_h500_r3,baseline_h500_forecast_adaptive_pil,3,1,horizon_extension,500,True,1000,163.09623861375667,161.69933318137242,1.396905432384223,"[1.3042808545839077, 1.4888936578509342]",-0.8638906573704821,"[-0.9217618061166551, -0.8070691861344126]",0.95,2026091603,5000,loss,candidate_minus_reference; negative difference favors candidate,"paired demand-path sampling, excluding generation variation"
exp_ar_pos08_fixed6,500,500,cold_start,forecast_capped_base_stock,single_repeat,self_evolve_h500_r3,baseline_h500_forecast_capped_base_stock,3,1,horizon_extension,500,True,1000,163.09623861375667,161.99077054741483,1.1054680663418166,"[0.9993278378471022, 1.2100954652564067]",-0.6824265744314556,"[-0.7463175271426018, -0.6162930875471901]",0.95,2026091603,5000,loss,candidate_minus_reference; negative difference favors candidate,"paired demand-path sampling, excluding generation variation"
exp_ar_pos08_fixed6,500,500,cold_start,pil_cop_continuation,single_repeat,self_evolve_h500_r3,baseline_h500_pil_cop_continuation,3,1,horizon_extension,500,True,1000,163.09623861375667,162.32876588249084,0.7674727312658052,"[0.6822620004307448, 0.853307906547326]",-0.4727891123261522,"[-0.5265393831125117, -0.4194704781980019]",0.95,2026091603,5000,loss,candidate_minus_reference; negative difference favors candidate,"paired demand-path sampling, excluding generation variation"
exp_ar_pos08_fixed6,50,50,steady,base_stock,single_repeat,self_evolve_h50_r1,baseline_h50_base_stock,1,1,horizon_extension,50,True,1000,164.67744296712544,168.27406694847446,-3.596623981349026,"[-3.942265028112662, -3.2353083545160417]",2.1373608224791396,"[1.9387997876219993, 2.32292043551897]",0.95,2026091603,5000,win,candidate_minus_reference; negative difference favors candidate,"paired demand-path sampling, excluding generation variation"
exp_ar_pos08_fixed6,50,50,steady,capped_base_stock,single_repeat,self_evolve_h50_r1,baseline_h50_capped_base_stock,1,1,horizon_extension,50,True,1000,164.67744296712544,165.32411596238947,-0.6466729952640681,"[-0.9634678368401184, -0.3190460256261984]",0.391154667000392,"[0.19417764168106308, 0.5769058965789333]",0.95,2026091603,5000,win,candidate_minus_reference; negative difference favors candidate,"paired demand-path sampling, excluding generation variation"
exp_ar_pos08_fixed6,50,50,steady,conditional_pil,single_repeat,self_evolve_h50_r1,baseline_h50_conditional_pil,1,1,horizon_extension,50,True,1000,164.67744296712544,163.1336811588136,1.5437618083118323,"[1.2821319120107404, 1.8212586071937402]",-0.9463170311279632,"[-1.1226655187778312, -0.7833676462123529]",0.95,2026091603,5000,loss,candidate_minus_reference; negative difference favors candidate,"paired demand-path sampling, excluding generation variation"
exp_ar_pos08_fixed6,50,50,steady,constant_order,single_repeat,self_evolve_h50_r1,baseline_h50_constant_order,1,1,horizon_extension,50,True,1000,164.67744296712544,172.86925992867822,-8.191816961552773,"[-9.267146444786711, -7.134419119282092]",4.73873548422231,"[4.192241162396276, 5.3000462460557]",0.95,2026091603,5000,win,candidate_minus_reference; negative difference favors candidate,"paired demand-path sampling, excluding generation variation"
exp_ar_pos08_fixed6,50,50,steady,forecast_adaptive_pil,single_repeat,self_evolve_h50_r1,baseline_h50_forecast_adaptive_pil,1,1,horizon_extension,50,True,1000,164.67744296712544,163.2837937640951,1.3936492030303371,"[0.7318059472483831, 2.0405835920071778]",-0.8535134877156455,"[-1.249160230177379, -0.4480664182713077]",0.95,2026091603,5000,loss,candidate_minus_reference; negative difference favors candidate,"paired demand-path sampling, excluding generation variation"
exp_ar_pos08_fixed6,50,50,steady,forecast_capped_base_stock,single_repeat,self_evolve_h50_r1,baseline_h50_forecast_capped_base_stock,1,1,horizon_extension,50,True,1000,164.67744296712544,163.761349988357,0.9160929787683985,"[0.15086744014148026, 1.6679279924870947]",-0.5594073197574179,"[-1.022790712421229, -0.09199452320239668]",0.95,2026091603,5000,loss,candidate_minus_reference; negative difference favors candidate,"paired demand-path sampling, excluding generation variation"
exp_ar_pos08_fixed6,50,50,steady,pil_cop_continuation,single_repeat,self_evolve_h50_r1,baseline_h50_pil_cop_continuation,1,1,horizon_extension,50,True,1000,164.67744296712544,163.1336811588136,1.5437618083118323,"[1.2821319120107404, 1.8212586071937402]",-0.9463170311279632,"[-1.1226655187778312, -0.7833676462123529]",0.95,2026091603,5000,loss,candidate_minus_reference; negative difference favors candidate,"paired demand-path sampling, excluding generation variation"
exp_ar_pos08_fixed6,50,50,cold_start,base_stock,single_repeat,self_evolve_h50_r1,baseline_h50_base_stock,1,1,horizon_extension,50,True,1000,170.56779834174395,178.23733965296753,-7.669541311223566,"[-8.119492037696746, -7.20287499776647]",4.3029935961546375,"[4.064082100893177, 4.5383695430008055]",0.95,2026091603,5000,win,candidate_minus_reference; negative difference favors candidate,"paired demand-path sampling, excluding generation variation"
exp_ar_pos08_fixed6,50,50,cold_start,capped_base_stock,single_repeat,self_evolve_h50_r1,baseline_h50_capped_base_stock,1,1,horizon_extension,50,True,1000,170.56779834174395,167.98153837971228,2.586259962031696,"[2.0695194353774404, 3.101286406236373]",-1.539609642212937,"[-1.8634876334497152, -1.2139264902031854]",0.95,2026091603,5000,loss,candidate_minus_reference; negative difference favors candidate,"paired demand-path sampling, excluding generation variation"
exp_ar_pos08_fixed6,50,50,cold_start,conditional_pil,single_repeat,self_evolve_h50_r1,baseline_h50_conditional_pil,1,1,horizon_extension,50,True,1000,170.56779834174395,165.97717525138583,4.5906230903581235,"[4.1502958967135815, 5.0303171771290405]",-2.765815892097966,"[-3.054507998639814, -2.4785338805808887]",0.95,2026091603,5000,loss,candidate_minus_reference; negative difference favors candidate,"paired demand-path sampling, excluding generation variation"
exp_ar_pos08_fixed6,50,50,cold_start,constant_order,single_repeat,self_evolve_h50_r1,baseline_h50_constant_order,1,1,horizon_extension,50,True,1000,170.56779834174395,173.57632950880677,-3.0085311670628045,"[-4.047945713144944, -2.0384355388244138]",1.7332611972937062,"[1.1965536189677646, 2.2953311390850115]",0.95,2026091603,5000,win,candidate_minus_reference; negative difference favors candidate,"paired demand-path sampling, excluding generation variation"
exp_ar_pos08_fixed6,50,50,cold_start,forecast_adaptive_pil,single_repeat,self_evolve_h50_r1,baseline_h50_forecast_adaptive_pil,1,1,horizon_extension,50,True,1000,170.56779834174395,165.96635575377763,4.601442587966314,"[3.8327819592532624, 5.343113080142087]",-2.772515289058266,"[-3.233174936921287, -2.296006281298792]",0.95,2026091603,5000,loss,candidate_minus_reference; negative difference favors candidate,"paired demand-path sampling, excluding generation variation"
exp_ar_pos08_fixed6,50,50,cold_start,forecast_capped_base_stock,single_repeat,self_evolve_h50_r1,baseline_h50_forecast_capped_base_stock,1,1,horizon_extension,50,True,1000,170.56779834174395,166.37138039392175,4.196417947822212,"[3.3382659997627817, 5.005267108410929]",-2.5223196068255445,"[-3.020394697315579, -2.01039579423663]",0.95,2026091603,5000,loss,candidate_minus_reference; negative difference favors candidate,"paired demand-path sampling, excluding generation variation"
exp_ar_pos08_fixed6,50,50,cold_start,pil_cop_continuation,single_repeat,self_evolve_h50_r1,baseline_h50_pil_cop_continuation,1,1,horizon_extension,50,True,1000,170.56779834174395,165.97717525138583,4.5906230903581235,"[4.1502958967135815, 5.0303171771290405]",-2.765815892097966,"[-3.054507998639814, -2.4785338805808887]",0.95,2026091603,5000,loss,candidate_minus_reference; negative difference favors candidate,"paired demand-path sampling, excluding generation variation"
exp_ar_pos08_fixed6,50,50,steady,base_stock,single_repeat,self_evolve_h50_r2,baseline_h50_base_stock,2,1,horizon_extension,50,True,1000,168.44030581524086,168.27406694847446,0.1662388667664264,"[-0.5955709612784356, 1.0163737672518298]",-0.09879054436671365,"[-0.6046745136644435, 0.3558187224109707]",0.95,2026091603,5000,inconclusive,candidate_minus_reference; negative difference favors candidate,"paired demand-path sampling, excluding generation variation"
exp_ar_pos08_fixed6,50,50,steady,capped_base_stock,single_repeat,self_evolve_h50_r2,baseline_h50_capped_base_stock,2,1,horizon_extension,50,True,1000,168.44030581524086,165.32411596238947,3.116189852851385,"[2.3747506186546574, 3.9018446992700166]",-1.884897333163609,"[-2.369052426227857, -1.4382081879367796]",0.95,2026091603,5000,loss,candidate_minus_reference; negative difference favors candidate,"paired demand-path sampling, excluding generation variation"
exp_ar_pos08_fixed6,50,50,steady,conditional_pil,single_repeat,self_evolve_h50_r2,baseline_h50_conditional_pil,2,1,horizon_extension,50,True,1000,168.44030581524086,163.1336811588136,5.306624656427285,"[4.543782408089584, 6.138463842874491]",-3.25293012376835,"[-3.7557985619884358, -2.7880489511664712]",0.95,2026091603,5000,loss,candidate_minus_reference; negative difference favors candidate,"paired demand-path sampling, excluding generation variation"
exp_ar_pos08_fixed6,50,50,steady,constant_order,single_repeat,self_evolve_h50_r2,baseline_h50_constant_order,2,1,horizon_extension,50,True,1000,168.44030581524086,172.86925992867822,-4.42895411343732,"[-5.049438485817745, -3.786992487649684]",2.562025264216807,"[2.215907281869351, 2.8828372381065854]",0.95,2026091603,5000,win,candidate_minus_reference; negative difference favors candidate,"paired demand-path sampling, excluding generation variation"
exp_ar_pos08_fixed6,50,50,steady,forecast_adaptive_pil,single_repeat,self_evolve_h50_r2,baseline_h50_forecast_adaptive_pil,2,1,horizon_extension,50,True,1000,168.44030581524086,163.2837937640951,5.15651205114579,"[4.2116395513190445, 6.172508256324266]",-3.1580060288136487,"[-3.7700038709040737, -2.5777066690531885]",0.95,2026091603,5000,loss,candidate_minus_reference; negative difference favors candidate,"paired demand-path sampling, excluding generation variation"
exp_ar_pos08_fixed6,50,50,steady,forecast_capped_base_stock,single_repeat,self_evolve_h50_r2,baseline_h50_forecast_capped_base_stock,2,1,horizon_extension,50,True,1000,168.44030581524086,163.761349988357,4.678955826883851,"[3.636091799330936, 5.762615898309805]",-2.857179564785288,"[-3.516742784634847, -2.2214495194341706]",0.95,2026091603,5000,loss,candidate_minus_reference; negative difference favors candidate,"paired demand-path sampling, excluding generation variation"
exp_ar_pos08_fixed6,50,50,steady,pil_cop_continuation,single_repeat,self_evolve_h50_r2,baseline_h50_pil_cop_continuation,2,1,horizon_extension,50,True,1000,168.44030581524086,163.1336811588136,5.306624656427285,"[4.543782408089584, 6.138463842874491]",-3.25293012376835,"[-3.7557985619884358, -2.7880489511664712]",0.95,2026091603,5000,loss,candidate_minus_reference; negative difference favors candidate,"paired demand-path sampling, excluding generation variation"
exp_ar_pos08_fixed6,50,50,cold_start,base_stock,single_repeat,self_evolve_h50_r2,baseline_h50_base_stock,2,1,horizon_extension,50,True,1000,173.79469182989288,178.23733965296753,-4.442647823074632,"[-5.306694384331255, -3.532330812756529]",2.492546080257142,"[1.9768123156567106, 2.984856023862962]",0.95,2026091603,5000,win,candidate_minus_reference; negative difference favors candidate,"paired demand-path sampling, excluding generation variation"
exp_ar_pos08_fixed6,50,50,cold_start,capped_base_stock,single_repeat,self_evolve_h50_r2,baseline_h50_capped_base_stock,2,1,horizon_extension,50,True,1000,173.79469182989288,167.98153837971228,5.813153450180631,"[4.944179834356452, 6.721060262852348]",-3.4605906733871667,"[-4.022141818477678, -2.936981978674554]",0.95,2026091603,5000,loss,candidate_minus_reference; negative difference favors candidate,"paired demand-path sampling, excluding generation variation"
exp_ar_pos08_fixed6,50,50,cold_start,conditional_pil,single_repeat,self_evolve_h50_r2,baseline_h50_conditional_pil,2,1,horizon_extension,50,True,1000,173.79469182989288,165.97717525138583,7.817516578507059,"[6.936057074382465, 8.75695748746643]",-4.709994953623468,"[-5.277754345080236, -4.172177695803676]",0.95,2026091603,5000,loss,candidate_minus_reference; negative difference favors candidate,"paired demand-path sampling, excluding generation variation"
exp_ar_pos08_fixed6,50,50,cold_start,constant_order,single_repeat,self_evolve_h50_r2,baseline_h50_constant_order,2,1,horizon_extension,50,True,1000,173.79469182989288,173.57632950880677,0.21836232108612996,"[-0.8127234391658514, 1.2708412810332577]",-0.12580190035360753,"[-0.7416213548451123, 0.46197452725809174]",0.95,2026091603,5000,inconclusive,candidate_minus_reference; negative difference favors candidate,"paired demand-path sampling, excluding generation variation"
exp_ar_pos08_fixed6,50,50,cold_start,forecast_adaptive_pil,single_repeat,self_evolve_h50_r2,baseline_h50_forecast_adaptive_pil,2,1,horizon_extension,50,True,1000,173.79469182989288,165.96635575377763,7.8283360761152485,"[6.741100240756794, 9.019655165341325]",-4.716821093384202,"[-5.43942293007548, -4.053038128398127]",0.95,2026091603,5000,loss,candidate_minus_reference; negative difference favors candidate,"paired demand-path sampling, excluding generation variation"
exp_ar_pos08_fixed6,50,50,cold_start,forecast_capped_base_stock,single_repeat,self_evolve_h50_r2,baseline_h50_forecast_capped_base_stock,2,1,horizon_extension,50,True,1000,173.79469182989288,166.37138039392175,7.423311435971146,"[6.2896806083486245, 8.639270700109769]",-4.4618920744630275,"[-5.2098828092055225, -3.778310737218605]",0.95,2026091603,5000,loss,candidate_minus_reference; negative difference favors candidate,"paired demand-path sampling, excluding generation variation"
exp_ar_pos08_fixed6,50,50,cold_start,pil_cop_continuation,single_repeat,self_evolve_h50_r2,baseline_h50_pil_cop_continuation,2,1,horizon_extension,50,True,1000,173.79469182989288,165.97717525138583,7.817516578507059,"[6.936057074382465, 8.75695748746643]",-4.709994953623468,"[-5.277754345080236, -4.172177695803676]",0.95,2026091603,5000,loss,candidate_minus_reference; negative difference favors candidate,"paired demand-path sampling, excluding generation variation"
exp_ar_pos08_fixed6,50,50,steady,base_stock,single_repeat,self_evolve_h50_r3,baseline_h50_base_stock,3,1,horizon_extension,50,True,1000,163.90853452060546,168.27406694847446,-4.365532427869011,"[-4.75708757404786, -3.9550075482993448]",2.594298995106433,"[2.3641449633913565, 2.80556210725413]",0.95,2026091603,5000,win,candidate_minus_reference; negative difference favors candidate,"paired demand-path sampling, excluding generation variation"
exp_ar_pos08_fixed6,50,50,steady,capped_base_stock,single_repeat,self_evolve_h50_r3,baseline_h50_capped_base_stock,3,1,horizon_extension,50,True,1000,163.90853452060546,165.32411596238947,-1.4155814417840535,"[-1.7814917407785917, -1.0343405361709619]",0.8562461886117402,"[0.6306855467358772, 1.068438667695347]",0.95,2026091603,5000,win,candidate_minus_reference; negative difference favors candidate,"paired demand-path sampling, excluding generation variation"
exp_ar_pos08_fixed6,50,50,steady,conditional_pil,single_repeat,self_evolve_h50_r3,baseline_h50_conditional_pil,3,1,horizon_extension,50,True,1000,163.90853452060546,163.1336811588136,0.7748533617918467,"[0.5335383889540753, 1.0236052669835278]",-0.4749806148477221,"[-0.6291610633872148, -0.32540896860473567]",0.95,2026091603,5000,loss,candidate_minus_reference; negative difference favors candidate,"paired demand-path sampling, excluding generation variation"
exp_ar_pos08_fixed6,50,50,steady,constant_order,single_repeat,self_evolve_h50_r3,baseline_h50_constant_order,3,1,horizon_extension,50,True,1000,163.90853452060546,172.86925992867822,-8.960725408072758,"[-9.997796370860534, -7.9674623789034476]",5.183527373096724,"[4.673085156786524, 5.712679429643165]",0.95,2026091603,5000,win,candidate_minus_reference; negative difference favors candidate,"paired demand-path sampling, excluding generation variation"
exp_ar_pos08_fixed6,50,50,steady,forecast_adaptive_pil,single_repeat,self_evolve_h50_r3,baseline_h50_forecast_adaptive_pil,3,1,horizon_extension,50,True,1000,163.90853452060546,163.2837937640951,0.6247407565103518,"[0.060345432801417055, 1.172849844800074]",-0.38261038778469314,"[-0.7173582839986566, -0.037249846975283774]",0.95,2026091603,5000,loss,candidate_minus_reference; negative difference favors candidate,"paired demand-path sampling, excluding generation variation"
exp_ar_pos08_fixed6,50,50,steady,forecast_capped_base_stock,single_repeat,self_evolve_h50_r3,baseline_h50_forecast_capped_base_stock,3,1,horizon_extension,50,True,1000,163.90853452060546,163.761349988357,0.14718453224841288,"[-0.5158497064797188, 0.7974348408633791]",-0.08987745414831395,"[-0.4874563217749343, 0.31520593211726033]",0.95,2026091603,5000,inconclusive,candidate_minus_reference; negative difference favors candidate,"paired demand-path sampling, excluding generation variation"
exp_ar_pos08_fixed6,50,50,steady,pil_cop_continuation,single_repeat,self_evolve_h50_r3,baseline_h50_pil_cop_continuation,3,1,horizon_extension,50,True,1000,163.90853452060546,163.1336811588136,0.7748533617918467,"[0.5335383889540753, 1.0236052669835278]",-0.4749806148477221,"[-0.6291610633872148, -0.32540896860473567]",0.95,2026091603,5000,loss,candidate_minus_reference; negative difference favors candidate,"paired demand-path sampling, excluding generation variation"
exp_ar_pos08_fixed6,50,50,cold_start,base_stock,single_repeat,self_evolve_h50_r3,baseline_h50_base_stock,3,1,horizon_extension,50,True,1000,167.87895987771293,178.23733965296753,-10.358379775254573,"[-10.826637117871009, -9.887751653211991]",5.811565520122003,"[5.551737343039326, 6.068627104099752]",0.95,2026091603,5000,win,candidate_minus_reference; negative difference favors candidate,"paired demand-path sampling, excluding generation variation"
exp_ar_pos08_fixed6,50,50,cold_start,capped_base_stock,single_repeat,self_evolve_h50_r3,baseline_h50_capped_base_stock,3,1,horizon_extension,50,True,1000,167.87895987771293,167.98153837971228,-0.10257850199930993,"[-0.5776306162222937, 0.3820009554433576]",0.06106534264942483,"[-0.23018523181501377, 0.3410111188779261]",0.95,2026091603,5000,inconclusive,candidate_minus_reference; negative difference favors candidate,"paired demand-path sampling, excluding generation variation"
exp_ar_pos08_fixed6,50,50,cold_start,conditional_pil,single_repeat,self_evolve_h50_r3,baseline_h50_conditional_pil,3,1,horizon_extension,50,True,1000,167.87895987771293,165.97717525138583,1.9017846263271172,"[1.539382002259078, 2.2703446694993383]",-1.1458109366222755,"[-1.3698711803296866, -0.9209053856672078]",0.95,2026091603,5000,loss,candidate_minus_reference; negative difference favors candidate,"paired demand-path sampling, excluding generation variation"
exp_ar_pos08_fixed6,50,50,cold_start,constant_order,single_repeat,self_evolve_h50_r3,baseline_h50_constant_order,3,1,horizon_extension,50,True,1000,167.87895987771293,173.57632950880677,-5.69736963109381,"[-6.651294422149724, -4.811949725839973]",3.282342498667001,"[2.814013197606134, 3.776733740159602]",0.95,2026091603,5000,win,candidate_minus_reference; negative difference favors candidate,"paired demand-path sampling, excluding generation variation"
exp_ar_pos08_fixed6,50,50,cold_start,forecast_adaptive_pil,single_repeat,self_evolve_h50_r3,baseline_h50_forecast_adaptive_pil,3,1,horizon_extension,50,True,1000,167.87895987771293,165.96635575377763,1.912604123935308,"[1.2750650108337114, 2.5457021114726155]",-1.1524047239868145,"[-1.537631884868604, -0.7660776361075438]",0.95,2026091603,5000,loss,candidate_minus_reference; negative difference favors candidate,"paired demand-path sampling, excluding generation variation"
exp_ar_pos08_fixed6,50,50,cold_start,forecast_capped_base_stock,single_repeat,self_evolve_h50_r3,baseline_h50_forecast_capped_base_stock,3,1,horizon_extension,50,True,1000,167.87895987771293,166.37138039392175,1.5075794837912055,"[0.7925726680029926, 2.21497529282132]",-0.9061531377702352,"[-1.329229191600243, -0.47742204569715013]",0.95,2026091603,5000,loss,candidate_minus_reference; negative difference favors candidate,"paired demand-path sampling, excluding generation variation"
exp_ar_pos08_fixed6,50,50,cold_start,pil_cop_continuation,single_repeat,self_evolve_h50_r3,baseline_h50_pil_cop_continuation,3,1,horizon_extension,50,True,1000,167.87895987771293,165.97717525138583,1.9017846263271172,"[1.539382002259078, 2.2703446694993383]",-1.1458109366222755,"[-1.3698711803296866, -0.9209053856672078]",0.95,2026091603,5000,loss,candidate_minus_reference; negative difference favors candidate,"paired demand-path sampling, excluding generation variation"
exp_ar_pos08_fixed6,50,50,steady,base_stock,mean_of_available_repeats,self_evolve_h50_mean_of_available_repeats,baseline_h50_base_stock,,3,horizon_extension,50,True,1000,165.67542776765725,168.27406694847446,-2.5986391808172034,"[-3.010863511479099, -2.157289486700445]",1.5442897577396197,"[1.285538927163536, 1.7808654888255322]",0.95,2026091603,5000,win,candidate_minus_reference; negative difference favors candidate,"paired demand-path sampling, excluding generation variation"
exp_ar_pos08_fixed6,50,50,steady,capped_base_stock,mean_of_available_repeats,self_evolve_h50_mean_of_available_repeats,baseline_h50_capped_base_stock,,3,horizon_extension,50,True,1000,165.67542776765725,165.32411596238947,0.35131180526775474,"[-0.03045794159965779, 0.742803287437916]",-0.2124988258504923,"[-0.44999091829043175, 0.018233584118910868]",0.95,2026091603,5000,inconclusive,candidate_minus_reference; negative difference favors candidate,"paired demand-path sampling, excluding generation variation"
exp_ar_pos08_fixed6,50,50,steady,conditional_pil,mean_of_available_repeats,self_evolve_h50_mean_of_available_repeats,baseline_h50_conditional_pil,,3,horizon_extension,50,True,1000,165.67542776765725,163.1336811588136,2.541746608843655,"[2.2047746380381668, 2.899310413549976]",-1.5580759232480117,"[-1.7826657680554543, -1.3457679094530748]",0.95,2026091603,5000,loss,candidate_minus_reference; negative difference favors candidate,"paired demand-path sampling, excluding generation variation"
exp_ar_pos08_fixed6,50,50,steady,constant_order,mean_of_available_repeats,self_evolve_h50_mean_of_available_repeats,baseline_h50_constant_order,,3,horizon_extension,50,True,1000,165.67542776765725,172.86925992867822,-7.19383216102095,"[-8.042246314865912, -6.342852088534264]",4.16142937384528,"[3.7226917406411473, 4.591291580917431]",0.95,2026091603,5000,win,candidate_minus_reference; negative difference favors candidate,"paired demand-path sampling, excluding generation variation"
exp_ar_pos08_fixed6,50,50,steady,forecast_adaptive_pil,mean_of_available_repeats,self_evolve_h50_mean_of_available_repeats,baseline_h50_forecast_adaptive_pil,,3,horizon_extension,50,True,1000,165.67542776765725,163.2837937640951,2.3916340035621597,"[1.723273190709711, 3.0467408831814193]",-1.4647099681046625,"[-1.8679993713248102, -1.0609265414927458]",0.95,2026091603,5000,loss,candidate_minus_reference; negative difference favors candidate,"paired demand-path sampling, excluding generation variation"
exp_ar_pos08_fixed6,50,50,steady,forecast_capped_base_stock,mean_of_available_repeats,self_evolve_h50_mean_of_available_repeats,baseline_h50_forecast_capped_base_stock,,3,horizon_extension,50,True,1000,165.67542776765725,163.761349988357,1.9140777793002213,"[1.1581359925796453, 2.6600668377276175]",-1.16882144623034,"[-1.6227785365526146, -0.7030568028179829]",0.95,2026091603,5000,loss,candidate_minus_reference; negative difference favors candidate,"paired demand-path sampling, excluding generation variation"
exp_ar_pos08_fixed6,50,50,steady,pil_cop_continuation,mean_of_available_repeats,self_evolve_h50_mean_of_available_repeats,baseline_h50_pil_cop_continuation,,3,horizon_extension,50,True,1000,165.67542776765725,163.1336811588136,2.541746608843655,"[2.2047746380381668, 2.899310413549976]",-1.5580759232480117,"[-1.7826657680554543, -1.3457679094530748]",0.95,2026091603,5000,loss,candidate_minus_reference; negative difference favors candidate,"paired demand-path sampling, excluding generation variation"
exp_ar_pos08_fixed6,100,100,steady,base_stock,mean_of_available_repeats,self_evolve_h100_mean_of_available_repeats,baseline_h100_base_stock,,3,horizon_extension,100,True,1000,166.3981035242619,167.5331854666231,-1.1350819423611964,"[-1.3378682228471568, -0.9333738782429771]",0.6775266280526542,"[0.5599334303869068, 0.7954279668659302]",0.95,2026091603,5000,win,candidate_minus_reference; negative difference favors candidate,"paired demand-path sampling, excluding generation variation"
exp_ar_pos08_fixed6,100,100,steady,capped_base_stock,mean_of_available_repeats,self_evolve_h100_mean_of_available_repeats,baseline_h100_capped_base_stock,,3,horizon_extension,100,True,1000,166.3981035242619,164.59136462346004,1.80673890080188,"[1.5630484377585043, 2.056432908820441]",-1.0977118422556278,"[-1.2557525029794514, -0.9453532129758695]",0.95,2026091603,5000,loss,candidate_minus_reference; negative difference favors candidate,"paired demand-path sampling, excluding generation variation"
exp_ar_pos08_fixed6,100,100,steady,conditional_pil,mean_of_available_repeats,self_evolve_h100_mean_of_available_repeats,baseline_h100_conditional_pil,,3,horizon_extension,100,True,1000,166.3981035242619,162.44720079461723,3.9509027296446906,"[3.7676464080609353, 4.12951021317264]",-2.432114995099123,"[-2.536750908082961, -2.326798375232742]",0.95,2026091603,5000,loss,candidate_minus_reference; negative difference favors candidate,"paired demand-path sampling, excluding generation variation"
exp_ar_pos08_fixed6,100,100,steady,constant_order,mean_of_available_repeats,self_evolve_h100_mean_of_available_repeats,baseline_h100_constant_order,,3,horizon_extension,100,True,1000,166.3981035242619,171.36206240107043,-4.96395887680851,"[-5.792696693142497, -4.201123249282859]",2.8967665347015137,"[2.480372365627071, 3.3470586382109953]",0.95,2026091603,5000,win,candidate_minus_reference; negative difference favors candidate,"paired demand-path sampling, excluding generation variation"
exp_ar_pos08_fixed6,100,100,steady,forecast_adaptive_pil,mean_of_available_repeats,self_evolve_h100_mean_of_available_repeats,baseline_h100_forecast_adaptive_pil,,3,horizon_extension,100,True,1000,166.3981035242619,161.93011891898007,4.46798460528186,"[4.139125840143635, 4.791425901040163]",-2.7592054122539946,"[-2.957135259688629, -2.5607162891633926]",0.95,2026091603,5000,loss,candidate_minus_reference; negative difference favors candidate,"paired demand-path sampling, excluding generation variation"
exp_ar_pos08_fixed6,100,100,steady,forecast_capped_base_stock,mean_of_available_repeats,self_evolve_h100_mean_of_available_repeats,baseline_h100_forecast_capped_base_stock,,3,horizon_extension,100,True,1000,166.3981035242619,162.37204964181683,4.026053882445126,"[3.7409241843331733, 4.3111767027328]",-2.4795239644546623,"[-2.6553904174379297, -2.3051466053863057]",0.95,2026091603,5000,loss,candidate_minus_reference; negative difference favors candidate,"paired demand-path sampling, excluding generation variation"
exp_ar_pos08_fixed6,100,100,steady,pil_cop_continuation,mean_of_available_repeats,self_evolve_h100_mean_of_available_repeats,baseline_h100_pil_cop_continuation,,3,horizon_extension,100,True,1000,166.3981035242619,162.44720079461723,3.9509027296446906,"[3.7676464080609353, 4.12951021317264]",-2.432114995099123,"[-2.536750908082961, -2.326798375232742]",0.95,2026091603,5000,loss,candidate_minus_reference; negative difference favors candidate,"paired demand-path sampling, excluding generation variation"
exp_ar_pos08_fixed6,200,200,steady,base_stock,mean_of_available_repeats,self_evolve_h200_mean_of_available_repeats,baseline_h200_base_stock,,3,primary,200,True,1000,166.17068822022603,167.61434851404042,-1.4436602938144143,"[-1.5385419255296207, -1.344827011687913]",0.8612987531276055,"[0.8046887246028223, 0.9172498723813604]",0.95,2026091603,5000,win,candidate_minus_reference; negative difference favors candidate,"paired demand-path sampling, excluding generation variation"
exp_ar_pos08_fixed6,200,200,steady,capped_base_stock,mean_of_available_repeats,self_evolve_h200_mean_of_available_repeats,baseline_h200_capped_base_stock,,3,primary,200,True,1000,166.17068822022603,164.60430686398055,1.5663813562454805,"[1.4210163153561248, 1.710453759358535]",-0.9516041141862944,"[-1.042455783566738, -0.8603401954531571]",0.95,2026091603,5000,loss,candidate_minus_reference; negative difference favors candidate,"paired demand-path sampling, excluding generation variation"
exp_ar_pos08_fixed6,200,200,steady,conditional_pil,mean_of_available_repeats,self_evolve_h200_mean_of_available_repeats,baseline_h200_conditional_pil,,3,primary,200,True,1000,166.17068822022603,162.47453944886703,3.696148771359004,"[3.5499865331269516, 3.8485333994133883]",-2.2749095236070636,"[-2.3648518975962807, -2.187240584226738]",0.95,2026091603,5000,loss,candidate_minus_reference; negative difference favors candidate,"paired demand-path sampling, excluding generation variation"
exp_ar_pos08_fixed6,200,200,steady,constant_order,mean_of_available_repeats,self_evolve_h200_mean_of_available_repeats,baseline_h200_constant_order,,3,primary,200,True,1000,166.17068822022603,171.2400363094039,-5.069348089177876,"[-5.630484846495962, -4.528454181655115]",2.9603755047203806,"[2.6620502931325154, 3.272319622336113]",0.95,2026091603,5000,win,candidate_minus_reference; negative difference favors candidate,"paired demand-path sampling, excluding generation variation"
exp_ar_pos08_fixed6,200,200,steady,forecast_adaptive_pil,mean_of_available_repeats,self_evolve_h200_mean_of_available_repeats,baseline_h200_forecast_adaptive_pil,,3,primary,200,True,1000,166.17068822022603,161.81033978872654,4.360348431499484,"[4.142319805737888, 4.577011160272308]",-2.6947279371594757,"[-2.822510810154226, -2.5647777523824504]",0.95,2026091603,5000,loss,candidate_minus_reference; negative difference favors candidate,"paired demand-path sampling, excluding generation variation"
exp_ar_pos08_fixed6,200,200,steady,forecast_capped_base_stock,mean_of_available_repeats,self_evolve_h200_mean_of_available_repeats,baseline_h200_forecast_capped_base_stock,,3,primary,200,True,1000,166.17068822022603,162.45013042599842,3.720557794227606,"[3.4631459155065185, 3.984581654378876]",-2.2902768895728545,"[-2.454456117121277, -2.1310900984567454]",0.95,2026091603,5000,loss,candidate_minus_reference; negative difference favors candidate,"paired demand-path sampling, excluding generation variation"
exp_ar_pos08_fixed6,200,200,steady,pil_cop_continuation,mean_of_available_repeats,self_evolve_h200_mean_of_available_repeats,baseline_h200_pil_cop_continuation,,3,primary,200,True,1000,166.17068822022603,162.47453944886703,3.696148771359004,"[3.5499865331269516, 3.8485333994133883]",-2.2749095236070636,"[-2.3648518975962807, -2.187240584226738]",0.95,2026091603,5000,loss,candidate_minus_reference; negative difference favors candidate,"paired demand-path sampling, excluding generation variation"
exp_ar_pos08_fixed6,500,500,steady,base_stock,mean_of_available_repeats,self_evolve_h500_mean_of_available_repeats,baseline_h500_base_stock,,3,horizon_extension,500,True,1000,165.5995945548866,167.12310344595136,-1.5235088910647256,"[-1.5760376554875557, -1.4698148081939972]",0.9116087839748995,"[0.8821781493569765, 0.9405774383312656]",0.95,2026091603,5000,win,candidate_minus_reference; negative difference favors candidate,"paired demand-path sampling, excluding generation variation"
exp_ar_pos08_fixed6,500,500,steady,capped_base_stock,mean_of_available_repeats,self_evolve_h500_mean_of_available_repeats,baseline_h500_capped_base_stock,,3,horizon_extension,500,True,1000,165.5995945548866,164.17304242421042,1.426552130676158,"[1.3437989776950918, 1.5103625420244078]",-0.8689320180776606,"[-0.9218831341275067, -0.8169366551061779]",0.95,2026091603,5000,loss,candidate_minus_reference; negative difference favors candidate,"paired demand-path sampling, excluding generation variation"
exp_ar_pos08_fixed6,500,500,steady,conditional_pil,mean_of_available_repeats,self_evolve_h500_mean_of_available_repeats,baseline_h500_conditional_pil,,3,horizon_extension,500,True,1000,165.5995945548866,162.05094393179968,3.548650623086946,"[3.475997189061383, 3.6244448062957435]",-2.189836440928356,"[-2.2340248435420795, -2.1464851609397027]",0.95,2026091603,5000,loss,candidate_minus_reference; negative difference favors candidate,"paired demand-path sampling, excluding generation variation"
exp_ar_pos08_fixed6,500,500,steady,constant_order,mean_of_available_repeats,self_evolve_h500_mean_of_available_repeats,baseline_h500_constant_order,,3,horizon_extension,500,True,1000,165.5995945548866,170.54737390043294,-4.9477793455463095,"[-5.257691831591161, -4.647736928558955]",2.9011172862942436,"[2.7350608466113586, 3.069664517095347]",0.95,2026091603,5000,win,candidate_minus_reference; negative difference favors candidate,"paired demand-path sampling, excluding generation variation"
exp_ar_pos08_fixed6,500,500,steady,forecast_adaptive_pil,mean_of_available_repeats,self_evolve_h500_mean_of_available_repeats,baseline_h500_forecast_adaptive_pil,,3,horizon_extension,500,True,1000,165.5995945548866,161.39472251414594,4.204872040740633,"[4.06026234320101, 4.348301248253137]",-2.605334285557025,"[-2.6901812552949598, -2.5206008778033593]",0.95,2026091603,5000,loss,candidate_minus_reference; negative difference favors candidate,"paired demand-path sampling, excluding generation variation"
exp_ar_pos08_fixed6,500,500,steady,forecast_capped_base_stock,mean_of_available_repeats,self_evolve_h500_mean_of_available_repeats,baseline_h500_forecast_capped_base_stock,,3,horizon_extension,500,True,1000,165.5995945548866,161.66927757175628,3.930316983130322,"[3.7814835713705723, 4.085457625354683]",-2.4310846452479935,"[-2.523605189214407, -2.341737178291202]",0.95,2026091603,5000,loss,candidate_minus_reference; negative difference favors candidate,"paired demand-path sampling, excluding generation variation"
exp_ar_pos08_fixed6,500,500,steady,pil_cop_continuation,mean_of_available_repeats,self_evolve_h500_mean_of_available_repeats,baseline_h500_pil_cop_continuation,,3,horizon_extension,500,True,1000,165.5995945548866,162.05094393179968,3.548650623086946,"[3.475997189061383, 3.6244448062957435]",-2.189836440928356,"[-2.2340248435420795, -2.1464851609397027]",0.95,2026091603,5000,loss,candidate_minus_reference; negative difference favors candidate,"paired demand-path sampling, excluding generation variation"
exp_ar_pos08_fixed6,50,50,cold_start,base_stock,mean_of_available_repeats,self_evolve_h50_mean_of_available_repeats,baseline_h50_base_stock,,3,horizon_extension,50,True,1000,170.74715001644995,178.23733965296753,-7.49018963651759,"[-8.017974722063475, -6.937799166284337]",4.202368398844579,"[3.9065613602340448, 4.492758056135785]",0.95,2026091603,5000,win,candidate_minus_reference; negative difference favors candidate,"paired demand-path sampling, excluding generation variation"
exp_ar_pos08_fixed6,50,50,cold_start,capped_base_stock,mean_of_available_repeats,self_evolve_h50_mean_of_available_repeats,baseline_h50_capped_base_stock,,3,horizon_extension,50,True,1000,170.74715001644995,167.98153837971228,2.7656116367376726,"[2.212779069472067, 3.3184482161952986]",-1.64637832431691,"[-1.9928903094877382, -1.306615625457907]",0.95,2026091603,5000,loss,candidate_minus_reference; negative difference favors candidate,"paired demand-path sampling, excluding generation variation"
exp_ar_pos08_fixed6,50,50,cold_start,conditional_pil,mean_of_available_repeats,self_evolve_h50_mean_of_available_repeats,baseline_h50_conditional_pil,,3,horizon_extension,50,True,1000,170.74715001644995,165.97717525138583,4.7699747650641005,"[4.269470549163771, 5.27840668668576]",-2.8738739274479204,"[-3.1952838216412025, -2.5626332775006335]",0.95,2026091603,5000,loss,candidate_minus_reference; negative difference favors candidate,"paired demand-path sampling, excluding generation variation"
exp_ar_pos08_fixed6,50,50,cold_start,constant_order,mean_of_available_repeats,self_evolve_h50_mean_of_available_repeats,baseline_h50_constant_order,,3,horizon_extension,50,True,1000,170.74715001644995,173.57632950880677,-2.829179492356828,"[-3.778808554720412, -1.9307503887573254]",1.629933931869017,"[1.128774343582863, 2.1489196394821986]",0.95,2026091603,5000,win,candidate_minus_reference; negative difference favors candidate,"paired demand-path sampling, excluding generation variation"
exp_ar_pos08_fixed6,50,50,cold_start,forecast_adaptive_pil,mean_of_available_repeats,self_evolve_h50_mean_of_available_repeats,baseline_h50_forecast_adaptive_pil,,3,horizon_extension,50,True,1000,170.74715001644995,165.96635575377763,4.78079426267229,"[3.988228991767058, 5.584724507616416]",-2.880580368809778,"[-3.3716670662050205, -2.3987894524551368]",0.95,2026091603,5000,loss,candidate_minus_reference; negative difference favors candidate,"paired demand-path sampling, excluding generation variation"
exp_ar_pos08_fixed6,50,50,cold_start,forecast_capped_base_stock,mean_of_available_repeats,self_evolve_h50_mean_of_available_repeats,baseline_h50_forecast_capped_base_stock,,3,horizon_extension,50,True,1000,170.74715001644995,166.37138039392175,4.375769622528188,"[3.5217190802335367, 5.248444049367048]",-2.6301216063529527,"[-3.1554454713310878, -2.1125054012398827]",0.95,2026091603,5000,loss,candidate_minus_reference; negative difference favors candidate,"paired demand-path sampling, excluding generation variation"
exp_ar_pos08_fixed6,50,50,cold_start,pil_cop_continuation,mean_of_available_repeats,self_evolve_h50_mean_of_available_repeats,baseline_h50_pil_cop_continuation,,3,horizon_extension,50,True,1000,170.74715001644995,165.97717525138583,4.7699747650641005,"[4.269470549163771, 5.27840668668576]",-2.8738739274479204,"[-3.1952838216412025, -2.5626332775006335]",0.95,2026091603,5000,loss,candidate_minus_reference; negative difference favors candidate,"paired demand-path sampling, excluding generation variation"
exp_ar_pos08_fixed6,100,100,cold_start,base_stock,mean_of_available_repeats,self_evolve_h100_mean_of_available_repeats,baseline_h100_base_stock,,3,horizon_extension,100,True,1000,170.81386229307438,173.167823014312,-2.3539607212376468,"[-2.5625946733910707, -2.139783649250026]",1.3593522631759805,"[1.2417897132577522, 1.4732010843594403]",0.95,2026091603,5000,win,candidate_minus_reference; negative difference favors candidate,"paired demand-path sampling, excluding generation variation"
exp_ar_pos08_fixed6,100,100,cold_start,capped_base_stock,mean_of_available_repeats,self_evolve_h100_mean_of_available_repeats,baseline_h100_capped_base_stock,,3,horizon_extension,100,True,1000,170.81386229307438,166.09071762431034,4.723144668763991,"[4.45906504729088, 4.9889765226587945]",-2.843713806720719,"[-3.026573653745524, -2.6613419517811585]",0.95,2026091603,5000,loss,candidate_minus_reference; negative difference favors candidate,"paired demand-path sampling, excluding generation variation"
exp_ar_pos08_fixed6,100,100,cold_start,conditional_pil,mean_of_available_repeats,self_evolve_h100_mean_of_available_repeats,baseline_h100_conditional_pil,,3,horizon_extension,100,True,1000,170.81386229307438,164.16289708278552,6.650965210288828,"[6.457498225495564, 6.8455359886195275]",-4.051442395619305,"[-4.176358305651742, -3.924589424023339]",0.95,2026091603,5000,loss,candidate_minus_reference; negative difference favors candidate,"paired demand-path sampling, excluding generation variation"
exp_ar_pos08_fixed6,100,100,cold_start,constant_order,mean_of_available_repeats,self_evolve_h100_mean_of_available_repeats,baseline_h100_constant_order,,3,horizon_extension,100,True,1000,170.81386229307438,171.51269185186376,-0.6988295587894114,"[-1.3458198980869225, -0.08425272669576295]",0.4074506389258741,"[0.04986560295958957, 0.7779755302440752]",0.95,2026091603,5000,win,candidate_minus_reference; negative difference favors candidate,"paired demand-path sampling, excluding generation variation"
exp_ar_pos08_fixed6,100,100,cold_start,forecast_adaptive_pil,mean_of_available_repeats,self_evolve_h100_mean_of_available_repeats,baseline_h100_forecast_adaptive_pil,,3,horizon_extension,100,True,1000,170.81386229307438,163.8817158452961,6.932146447778277,"[6.580707381596106, 7.274838338582965]",-4.2299694093526625,"[-4.442443334184131, -4.019989885702679]",0.95,2026091603,5000,loss,candidate_minus_reference; negative difference favors candidate,"paired demand-path sampling, excluding generation variation"
exp_ar_pos08_fixed6,100,100,cold_start,forecast_capped_base_stock,mean_of_available_repeats,self_evolve_h100_mean_of_available_repeats,baseline_h100_forecast_capped_base_stock,,3,horizon_extension,100,True,1000,170.81386229307438,164.11141667416058,6.7024456189137736,"[6.3782561858977695, 7.019557527703645]",-4.08408248173334,"[-4.284056272414421, -3.880177504296947]",0.95,2026091603,5000,loss,candidate_minus_reference; negative difference favors candidate,"paired demand-path sampling, excluding generation variation"
exp_ar_pos08_fixed6,100,100,cold_start,pil_cop_continuation,mean_of_available_repeats,self_evolve_h100_mean_of_available_repeats,baseline_h100_pil_cop_continuation,,3,horizon_extension,100,True,1000,170.81386229307438,164.16289708278552,6.650965210288828,"[6.457498225495564, 6.8455359886195275]",-4.051442395619305,"[-4.176358305651742, -3.924589424023339]",0.95,2026091603,5000,loss,candidate_minus_reference; negative difference favors candidate,"paired demand-path sampling, excluding generation variation"
exp_ar_pos08_fixed6,200,200,cold_start,base_stock,mean_of_available_repeats,self_evolve_h200_mean_of_available_repeats,baseline_h200_base_stock,,3,primary,200,True,1000,167.38423910277663,169.54384283395945,-2.159603731182817,"[-2.2629150022892635, -2.056329516205893]",1.2737730224139088,"[1.217339771052759, 1.33285874374231]",0.95,2026091603,5000,win,candidate_minus_reference; negative difference favors candidate,"paired demand-path sampling, excluding generation variation"
exp_ar_pos08_fixed6,200,200,cold_start,capped_base_stock,mean_of_available_repeats,self_evolve_h200_mean_of_available_repeats,baseline_h200_capped_base_stock,,3,primary,200,True,1000,167.38423910277663,164.34588365903193,3.0383554437446527,"[2.8799511948790806, 3.194197901316194]",-1.848756644278585,"[-1.9511766079272426, -1.7437281021831288]",0.95,2026091603,5000,loss,candidate_minus_reference; negative difference favors candidate,"paired demand-path sampling, excluding generation variation"
exp_ar_pos08_fixed6,200,200,cold_start,conditional_pil,mean_of_available_repeats,self_evolve_h200_mean_of_available_repeats,baseline_h200_conditional_pil,,3,primary,200,True,1000,167.38423910277663,162.41724593078268,4.966993171993911,"[4.815035318231587, 5.119279401332355]",-3.058168572880943,"[-3.150207255753342, -2.964562676127197]",0.95,2026091603,5000,loss,candidate_minus_reference; negative difference favors candidate,"paired demand-path sampling, excluding generation variation"
exp_ar_pos08_fixed6,200,200,cold_start,constant_order,mean_of_available_repeats,self_evolve_h200_mean_of_available_repeats,baseline_h200_constant_order,,3,primary,200,True,1000,167.38423910277663,170.2320475167392,-2.8478084139625945,"[-3.315531068622175, -2.3924603927296384]",1.6728979387283256,"[1.4162660816394803, 1.93575959522256]",0.95,2026091603,5000,win,candidate_minus_reference; negative difference favors candidate,"paired demand-path sampling, excluding generation variation"
exp_ar_pos08_fixed6,200,200,cold_start,forecast_adaptive_pil,mean_of_available_repeats,self_evolve_h200_mean_of_available_repeats,baseline_h200_forecast_adaptive_pil,,3,primary,200,True,1000,167.38423910277663,161.793616976742,5.590622126034603,"[5.378680511018237, 5.805532353549266]",-3.4554033901339283,"[-3.587328748347651, -3.3257682580162924]",0.95,2026091603,5000,loss,candidate_minus_reference; negative difference favors candidate,"paired demand-path sampling, excluding generation variation"
exp_ar_pos08_fixed6,200,200,cold_start,forecast_capped_base_stock,mean_of_available_repeats,self_evolve_h200_mean_of_available_repeats,baseline_h200_forecast_capped_base_stock,,3,primary,200,True,1000,167.38423910277663,162.3282206613965,5.056018441380088,"[4.8042437853581585, 5.322109068311636]",-3.114688512434678,"[-3.279713302608048, -2.9579390119508635]",0.95,2026091603,5000,loss,candidate_minus_reference; negative difference favors candidate,"paired demand-path sampling, excluding generation variation"
exp_ar_pos08_fixed6,200,200,cold_start,pil_cop_continuation,mean_of_available_repeats,self_evolve_h200_mean_of_available_repeats,baseline_h200_pil_cop_continuation,,3,primary,200,True,1000,167.38423910277663,162.41724593078268,4.966993171993911,"[4.815035318231587, 5.119279401332355]",-3.058168572880943,"[-3.150207255753342, -2.964562676127197]",0.95,2026091603,5000,loss,candidate_minus_reference; negative difference favors candidate,"paired demand-path sampling, excluding generation variation"
exp_ar_pos08_fixed6,500,500,cold_start,base_stock,mean_of_available_repeats,self_evolve_h500_mean_of_available_repeats,baseline_h500_base_stock,,3,horizon_extension,500,True,1000,166.39937721647308,168.23246006479187,-1.8330828483187966,"[-1.8916073602398724, -1.7758386738078153]",1.089613055419151,"[1.0582964025531716, 1.1218882854604202]",0.95,2026091603,5000,win,candidate_minus_reference; negative difference favors candidate,"paired demand-path sampling, excluding generation variation"
exp_ar_pos08_fixed6,500,500,cold_start,capped_base_stock,mean_of_available_repeats,self_evolve_h500_mean_of_available_repeats,baseline_h500_capped_base_stock,,3,horizon_extension,500,True,1000,166.39937721647308,164.42417839918306,1.9751988172900323,"[1.890140697072905, 2.0609674145119534]",-1.2012824613267674,"[-1.255804647385885, -1.1467902255395488]",0.95,2026091603,5000,loss,candidate_minus_reference; negative difference favors candidate,"paired demand-path sampling, excluding generation variation"
exp_ar_pos08_fixed6,500,500,cold_start,conditional_pil,mean_of_available_repeats,self_evolve_h500_mean_of_available_repeats,baseline_h500_conditional_pil,,3,horizon_extension,500,True,1000,166.39937721647308,162.32876588249084,4.070611333982233,"[3.9947697663674515, 4.148825871316964]",-2.5076340055027226,"[-2.5522278488681214, -2.4645218841718375]",0.95,2026091603,5000,loss,candidate_minus_reference; negative difference favors candidate,"paired demand-path sampling, excluding generation variation"
exp_ar_pos08_fixed6,500,500,cold_start,constant_order,mean_of_available_repeats,self_evolve_h500_mean_of_available_repeats,baseline_h500_constant_order,,3,horizon_extension,500,True,1000,166.39937721647308,170.67403762920154,-4.274660412728483,"[-4.556595375913219, -3.9952830990555785]",2.504575664879611,"[2.352117568182806, 2.6583814977478384]",0.95,2026091603,5000,win,candidate_minus_reference; negative difference favors candidate,"paired demand-path sampling, excluding generation variation"
exp_ar_pos08_fixed6,500,500,cold_start,forecast_adaptive_pil,mean_of_available_repeats,self_evolve_h500_mean_of_available_repeats,baseline_h500_forecast_adaptive_pil,,3,horizon_extension,500,True,1000,166.39937721647308,161.69933318137242,4.700044035100651,"[4.565213758670839, 4.834346025798136]",-2.906656411395826,"[-2.9876971011803732, -2.826119774160804]",0.95,2026091603,5000,loss,candidate_minus_reference; negative difference favors candidate,"paired demand-path sampling, excluding generation variation"
exp_ar_pos08_fixed6,500,500,cold_start,forecast_capped_base_stock,mean_of_available_repeats,self_evolve_h500_mean_of_available_repeats,baseline_h500_forecast_capped_base_stock,,3,horizon_extension,500,True,1000,166.39937721647308,161.99077054741483,4.408606669058245,"[4.263555992348816, 4.555274615741462]",-2.7215171914796565,"[-2.8082973949696917, -2.633483238096706]",0.95,2026091603,5000,loss,candidate_minus_reference; negative difference favors candidate,"paired demand-path sampling, excluding generation variation"
exp_ar_pos08_fixed6,500,500,cold_start,pil_cop_continuation,mean_of_available_repeats,self_evolve_h500_mean_of_available_repeats,baseline_h500_pil_cop_continuation,,3,horizon_extension,500,True,1000,166.39937721647308,162.32876588249084,4.070611333982233,"[3.9947697663674515, 4.148825871316964]",-2.5076340055027226,"[-2.5522278488681214, -2.4645218841718375]",0.95,2026091603,5000,loss,candidate_minus_reference; negative difference favors candidate,"paired demand-path sampling, excluding generation variation"
