scenario_id,candidate_policy_id,reference_family,mode,horizon,aggregate,reference_policy_id,repeat,n_repeats,scope,source_training_horizon,reference_training_horizon,pairing_provenance_verified,n_paths,candidate_mean_cost,reference_mean_cost,mean_cost_difference,cost_difference_ci,improvement_pct,improvement_pct_ci,confidence,bootstrap_seed,bootstrap_replicates,significant_outcome,sign_convention,uncertainty_scope
exp_ar_neg06_fixed6,self_evolve_h200_r1,base_stock,steady,50,single_repeat,baseline_h200_base_stock,1,1,primary,200,200,True,1000,99.43546723913317,113.77042747029778,-14.334960231164604,"[-14.887351890530415, -13.78143411679964]",12.599900123348883,"[12.155274385468774, 13.051524320867966]",0.95,2026091603,5000,win,candidate_minus_reference; negative difference favors candidate,"paired demand-path sampling, excluding generation variation"
exp_ar_neg06_fixed6,self_evolve_h200_r1,capped_base_stock,steady,50,single_repeat,baseline_h200_capped_base_stock,1,1,primary,200,200,True,1000,99.43546723913317,99.61654846041658,-0.18108122128341092,"[-0.28376619311025475, -0.08202838639511256]",0.1817782527923667,"[0.08276261340302578, 0.2852334137200983]",0.95,2026091603,5000,win,candidate_minus_reference; negative difference favors candidate,"paired demand-path sampling, excluding generation variation"
exp_ar_neg06_fixed6,self_evolve_h200_r1,conditional_pil,steady,50,single_repeat,baseline_h200_conditional_pil,1,1,primary,200,200,True,1000,99.43546723913317,99.4147817946614,0.02068544447178045,"[-0.01695011544572339, 0.05913807254173652]",-0.02080721206480722,"[-0.059659058593269226, 0.01700247014344833]",0.95,2026091603,5000,inconclusive,candidate_minus_reference; negative difference favors candidate,"paired demand-path sampling, excluding generation variation"
exp_ar_neg06_fixed6,self_evolve_h200_r1,constant_order,steady,50,single_repeat,baseline_h200_constant_order,1,1,primary,200,200,True,1000,99.43546723913317,99.75658301308833,-0.32111577395517305,"[-0.48578043058256065, -0.16442164887446817]",0.3218993316090482,"[0.1644492965152059, 0.48712016259485946]",0.95,2026091603,5000,win,candidate_minus_reference; negative difference favors candidate,"paired demand-path sampling, excluding generation variation"
exp_ar_neg06_fixed6,self_evolve_h200_r1,forecast_adaptive_pil,steady,50,single_repeat,baseline_h200_forecast_adaptive_pil,1,1,primary,200,200,True,1000,99.43546723913317,99.53698139860502,-0.1015141594718567,"[-0.20546182045766076, 0.004204410211409825]",0.10198637536065551,"[-0.004257579407872666, 0.20642600734200464]",0.95,2026091603,5000,inconclusive,candidate_minus_reference; negative difference favors candidate,"paired demand-path sampling, excluding generation variation"
exp_ar_neg06_fixed6,self_evolve_h200_r1,forecast_capped_base_stock,steady,50,single_repeat,baseline_h200_forecast_capped_base_stock,1,1,primary,200,200,True,1000,99.43546723913317,99.74774096075981,-0.3122737216266551,"[-0.4542136219929381, -0.1754802244608343]",0.3130634524840872,"[0.1762993933586865, 0.4547699467311729]",0.95,2026091603,5000,win,candidate_minus_reference; negative difference favors candidate,"paired demand-path sampling, excluding generation variation"
exp_ar_neg06_fixed6,self_evolve_h200_r1,pil_cop_continuation,steady,50,single_repeat,baseline_h200_pil_cop_continuation,1,1,primary,200,200,True,1000,99.43546723913317,99.4147817946614,0.02068544447178045,"[-0.01695011544572339, 0.05913807254173652]",-0.02080721206480722,"[-0.059659058593269226, 0.01700247014344833]",0.95,2026091603,5000,inconclusive,candidate_minus_reference; negative difference favors candidate,"paired demand-path sampling, excluding generation variation"
exp_ar_neg06_fixed6,self_evolve_h200_r1,base_stock,steady,100,single_repeat,baseline_h200_base_stock,1,1,primary,200,200,True,1000,99.74156700071454,114.11247785822843,-14.37091085751391,"[-14.74801727098534, -13.98909419467953]",12.593636670801319,"[12.277107252236414, 12.900180119354198]",0.95,2026091603,5000,win,candidate_minus_reference; negative difference favors candidate,"paired demand-path sampling, excluding generation variation"
exp_ar_neg06_fixed6,self_evolve_h200_r1,capped_base_stock,steady,100,single_repeat,baseline_h200_capped_base_stock,1,1,primary,200,200,True,1000,99.74156700071454,99.82715368404747,-0.08558668333295379,"[-0.1552364429065166, -0.016509203647739747]",0.08573487290223249,"[0.016591175834956635, 0.15563632641584027]",0.95,2026091603,5000,win,candidate_minus_reference; negative difference favors candidate,"paired demand-path sampling, excluding generation variation"
exp_ar_neg06_fixed6,self_evolve_h200_r1,conditional_pil,steady,100,single_repeat,baseline_h200_conditional_pil,1,1,primary,200,200,True,1000,99.74156700071454,99.69645678722863,0.045110213485895875,"[0.018993114827232416, 0.07189992309600228]",-0.04524755938135952,"[-0.07213933350418898, -0.019119175613384384]",0.95,2026091603,5000,loss,candidate_minus_reference; negative difference favors candidate,"paired demand-path sampling, excluding generation variation"
exp_ar_neg06_fixed6,self_evolve_h200_r1,constant_order,steady,100,single_repeat,baseline_h200_constant_order,1,1,primary,200,200,True,1000,99.74156700071454,99.94015708919437,-0.1985900884798419,"[-0.3306761484824301, -0.07549577971925245]",0.19870900173050096,"[0.0755648922953687, 0.33055771098608555]",0.95,2026091603,5000,win,candidate_minus_reference; negative difference favors candidate,"paired demand-path sampling, excluding generation variation"
exp_ar_neg06_fixed6,self_evolve_h200_r1,forecast_adaptive_pil,steady,100,single_repeat,baseline_h200_forecast_adaptive_pil,1,1,primary,200,200,True,1000,99.74156700071454,99.75381860324258,-0.012251602528058214,"[-0.08734285676357745, 0.06194975859127349]",0.012281838128691729,"[-0.062335414598218425, 0.08746329759552678]",0.95,2026091603,5000,inconclusive,candidate_minus_reference; negative difference favors candidate,"paired demand-path sampling, excluding generation variation"
exp_ar_neg06_fixed6,self_evolve_h200_r1,forecast_capped_base_stock,steady,100,single_repeat,baseline_h200_forecast_capped_base_stock,1,1,primary,200,200,True,1000,99.74156700071454,99.91702879836946,-0.17546179765492817,"[-0.2750651369080044, -0.08019169721911566]",0.1756075013089078,"[0.08006922496458817, 0.2751939901780175]",0.95,2026091603,5000,win,candidate_minus_reference; negative difference favors candidate,"paired demand-path sampling, excluding generation variation"
exp_ar_neg06_fixed6,self_evolve_h200_r1,pil_cop_continuation,steady,100,single_repeat,baseline_h200_pil_cop_continuation,1,1,primary,200,200,True,1000,99.74156700071454,99.69645678722863,0.045110213485895875,"[0.018993114827232416, 0.07189992309600228]",-0.04524755938135952,"[-0.07213933350418898, -0.019119175613384384]",0.95,2026091603,5000,loss,candidate_minus_reference; negative difference favors candidate,"paired demand-path sampling, excluding generation variation"
exp_ar_neg06_fixed6,self_evolve_h200_r1,base_stock,steady,200,single_repeat,baseline_h200_base_stock,1,1,primary,200,200,True,1000,99.99617321448883,114.44989326263787,-14.453720048149021,"[-14.720821881819163, -14.180076733951713]",12.628862846539192,"[12.40859799789458, 12.84554748309454]",0.95,2026091603,5000,win,candidate_minus_reference; negative difference favors candidate,"paired demand-path sampling, excluding generation variation"
exp_ar_neg06_fixed6,self_evolve_h200_r1,capped_base_stock,steady,200,single_repeat,baseline_h200_capped_base_stock,1,1,primary,200,200,True,1000,99.99617321448883,100.08275837371052,-0.0865851592216784,"[-0.1346182935491443, -0.03813412118482141]",0.08651356200473004,"[0.03819223716471646, 0.13459744426373224]",0.95,2026091603,5000,win,candidate_minus_reference; negative difference favors candidate,"paired demand-path sampling, excluding generation variation"
exp_ar_neg06_fixed6,self_evolve_h200_r1,conditional_pil,steady,200,single_repeat,baseline_h200_conditional_pil,1,1,primary,200,200,True,1000,99.99617321448883,99.95988235996779,0.03629085452104073,"[0.0176807523462919, 0.05558610738927128]",-0.036305419398508114,"[-0.055506323407592255, -0.017677354891339106]",0.95,2026091603,5000,loss,candidate_minus_reference; negative difference favors candidate,"paired demand-path sampling, excluding generation variation"
exp_ar_neg06_fixed6,self_evolve_h200_r1,constant_order,steady,200,single_repeat,baseline_h200_constant_order,1,1,primary,200,200,True,1000,99.99617321448883,100.16736838768296,-0.1711951731941147,"[-0.25838519938874677, -0.08730028617570727]",0.17090912534662556,"[0.08716871867191099, 0.25759075988149027]",0.95,2026091603,5000,win,candidate_minus_reference; negative difference favors candidate,"paired demand-path sampling, excluding generation variation"
exp_ar_neg06_fixed6,self_evolve_h200_r1,forecast_adaptive_pil,steady,200,single_repeat,baseline_h200_forecast_adaptive_pil,1,1,primary,200,200,True,1000,99.99617321448883,100.00697023518077,-0.01079702069192743,"[-0.06317916710783561, 0.04082002595427421]",0.010796268166657033,"[-0.04091026637284708, 0.06320299638453415]",0.95,2026091603,5000,inconclusive,candidate_minus_reference; negative difference favors candidate,"paired demand-path sampling, excluding generation variation"
exp_ar_neg06_fixed6,self_evolve_h200_r1,forecast_capped_base_stock,steady,200,single_repeat,baseline_h200_forecast_capped_base_stock,1,1,primary,200,200,True,1000,99.99617321448883,100.18818673621573,-0.19201352172686553,"[-0.2606874285085831, -0.12394846858610767]",0.19165285647143432,"[0.12367276341500344, 0.25993278019629645]",0.95,2026091603,5000,win,candidate_minus_reference; negative difference favors candidate,"paired demand-path sampling, excluding generation variation"
exp_ar_neg06_fixed6,self_evolve_h200_r1,pil_cop_continuation,steady,200,single_repeat,baseline_h200_pil_cop_continuation,1,1,primary,200,200,True,1000,99.99617321448883,99.95988235996779,0.03629085452104073,"[0.0176807523462919, 0.05558610738927128]",-0.036305419398508114,"[-0.055506323407592255, -0.017677354891339106]",0.95,2026091603,5000,loss,candidate_minus_reference; negative difference favors candidate,"paired demand-path sampling, excluding generation variation"
exp_ar_neg06_fixed6,self_evolve_h200_r1,base_stock,steady,500,single_repeat,baseline_h200_base_stock,1,1,primary,200,200,True,1000,100.29211082925978,114.7566955791135,-14.46458474985374,"[-14.629456041121495, -14.29109838914245]",12.604567146918063,"[12.463259631083767, 12.738024196980094]",0.95,2026091603,5000,win,candidate_minus_reference; negative difference favors candidate,"paired demand-path sampling, excluding generation variation"
exp_ar_neg06_fixed6,self_evolve_h200_r1,capped_base_stock,steady,500,single_repeat,baseline_h200_capped_base_stock,1,1,primary,200,200,True,1000,100.29211082925978,100.34110764325132,-0.04899681399155037,"[-0.07994456035182818, -0.01796401777111417]",0.048830250275627304,"[0.017890902891743308, 0.07978034573075693]",0.95,2026091603,5000,win,candidate_minus_reference; negative difference favors candidate,"paired demand-path sampling, excluding generation variation"
exp_ar_neg06_fixed6,self_evolve_h200_r1,conditional_pil,steady,500,single_repeat,baseline_h200_conditional_pil,1,1,primary,200,200,True,1000,100.29211082925978,100.24756750197959,0.04454332728017978,"[0.032387566485916564, 0.05679396873340736]",-0.0444333248079215,"[-0.05662671357146766, -0.03229561236797545]",0.95,2026091603,5000,loss,candidate_minus_reference; negative difference favors candidate,"paired demand-path sampling, excluding generation variation"
exp_ar_neg06_fixed6,self_evolve_h200_r1,constant_order,steady,500,single_repeat,baseline_h200_constant_order,1,1,primary,200,200,True,1000,100.29211082925978,100.37913749208191,-0.08702666282213202,"[-0.13332830886375396, -0.040664782043744824]",0.08669795835712447,"[0.04055437093768977, 0.1327752391692142]",0.95,2026091603,5000,win,candidate_minus_reference; negative difference favors candidate,"paired demand-path sampling, excluding generation variation"
exp_ar_neg06_fixed6,self_evolve_h200_r1,forecast_adaptive_pil,steady,500,single_repeat,baseline_h200_forecast_adaptive_pil,1,1,primary,200,200,True,1000,100.29211082925978,100.24771874869364,0.04439208056612118,"[0.011742090327258748, 0.07617073897677976]",-0.044282384796630714,"[-0.07598797685711237, -0.011682182650204742]",0.95,2026091603,5000,loss,candidate_minus_reference; negative difference favors candidate,"paired demand-path sampling, excluding generation variation"
exp_ar_neg06_fixed6,self_evolve_h200_r1,forecast_capped_base_stock,steady,500,single_repeat,baseline_h200_forecast_capped_base_stock,1,1,primary,200,200,True,1000,100.29211082925978,100.42643834500446,-0.13432751574468488,"[-0.17802696868596085, -0.0913090876080017]",0.13375712407842702,"[0.09082405357408872, 0.17738977581309584]",0.95,2026091603,5000,win,candidate_minus_reference; negative difference favors candidate,"paired demand-path sampling, excluding generation variation"
exp_ar_neg06_fixed6,self_evolve_h200_r1,pil_cop_continuation,steady,500,single_repeat,baseline_h200_pil_cop_continuation,1,1,primary,200,200,True,1000,100.29211082925978,100.24756750197959,0.04454332728017978,"[0.032387566485916564, 0.05679396873340736]",-0.0444333248079215,"[-0.05662671357146766, -0.03229561236797545]",0.95,2026091603,5000,loss,candidate_minus_reference; negative difference favors candidate,"paired demand-path sampling, excluding generation variation"
exp_ar_neg06_fixed6,self_evolve_h200_r1,base_stock,cold_start,50,single_repeat,baseline_h200_base_stock,1,1,primary,200,200,True,1000,112.94668897804415,142.71679516884777,-29.770106190803634,"[-30.37631812584234, -29.166543768432494]",20.859567478083225,"[20.47316937661914, 21.24253912789399]",0.95,2026091603,5000,win,candidate_minus_reference; negative difference favors candidate,"paired demand-path sampling, excluding generation variation"
exp_ar_neg06_fixed6,self_evolve_h200_r1,capped_base_stock,cold_start,50,single_repeat,baseline_h200_capped_base_stock,1,1,primary,200,200,True,1000,112.94668897804415,111.91290993933622,1.0337790387079506,"[0.6992441890147789, 1.390869039518621]",-0.9237352860079382,"[-1.2433333250794316, -0.6245926366608263]",0.95,2026091603,5000,loss,candidate_minus_reference; negative difference favors candidate,"paired demand-path sampling, excluding generation variation"
exp_ar_neg06_fixed6,self_evolve_h200_r1,conditional_pil,cold_start,50,single_repeat,baseline_h200_conditional_pil,1,1,primary,200,200,True,1000,112.94668897804415,111.6357114512477,1.3109775267964487,"[1.0539743005447286, 1.58651353474639]",-1.174335264006415,"[-1.4256711414868701, -0.9441896787935632]",0.95,2026091603,5000,loss,candidate_minus_reference; negative difference favors candidate,"paired demand-path sampling, excluding generation variation"
exp_ar_neg06_fixed6,self_evolve_h200_r1,constant_order,cold_start,50,single_repeat,baseline_h200_constant_order,1,1,primary,200,200,True,1000,112.94668897804415,111.98230859386217,0.9643803841819842,"[0.5923592238251787, 1.3567667062795128]",-0.8611899471367366,"[-1.2153486912991436, -0.5264085550694148]",0.95,2026091603,5000,loss,candidate_minus_reference; negative difference favors candidate,"paired demand-path sampling, excluding generation variation"
exp_ar_neg06_fixed6,self_evolve_h200_r1,forecast_adaptive_pil,cold_start,50,single_repeat,baseline_h200_forecast_adaptive_pil,1,1,primary,200,200,True,1000,112.94668897804415,111.6743775207906,1.272311457253563,"[0.9755911329799007, 1.5909477447720994]",-1.139304722801506,"[-1.4275630326833846, -0.8730247828419299]",0.95,2026091603,5000,loss,candidate_minus_reference; negative difference favors candidate,"paired demand-path sampling, excluding generation variation"
exp_ar_neg06_fixed6,self_evolve_h200_r1,forecast_capped_base_stock,cold_start,50,single_repeat,baseline_h200_forecast_capped_base_stock,1,1,primary,200,200,True,1000,112.94668897804415,111.93022266933292,1.0164663087112458,"[0.6808855213498907, 1.3810443537370292]",-0.9081249768564301,"[-1.2351920082354078, -0.6062814886009387]",0.95,2026091603,5000,loss,candidate_minus_reference; negative difference favors candidate,"paired demand-path sampling, excluding generation variation"
exp_ar_neg06_fixed6,self_evolve_h200_r1,pil_cop_continuation,cold_start,50,single_repeat,baseline_h200_pil_cop_continuation,1,1,primary,200,200,True,1000,112.94668897804415,111.6357114512477,1.3109775267964487,"[1.0539743005447286, 1.58651353474639]",-1.174335264006415,"[-1.4256711414868701, -0.9441896787935632]",0.95,2026091603,5000,loss,candidate_minus_reference; negative difference favors candidate,"paired demand-path sampling, excluding generation variation"
exp_ar_neg06_fixed6,self_evolve_h200_r1,base_stock,cold_start,100,single_repeat,baseline_h200_base_stock,1,1,primary,200,200,True,1000,106.93314682337508,128.96403225555528,-22.030885432180206,"[-22.447211557381337, -21.616019992545354]",17.08296883004074,"[16.790407965752397, 17.37662874168156]",0.95,2026091603,5000,win,candidate_minus_reference; negative difference favors candidate,"paired demand-path sampling, excluding generation variation"
exp_ar_neg06_fixed6,self_evolve_h200_r1,capped_base_stock,cold_start,100,single_repeat,baseline_h200_capped_base_stock,1,1,primary,200,200,True,1000,106.93314682337508,106.37595590142259,0.5571909219524845,"[0.38574058102260006, 0.7385977902128119]",-0.5237940446512551,"[-0.6965874846319626, -0.36107942734292137]",0.95,2026091603,5000,loss,candidate_minus_reference; negative difference favors candidate,"paired demand-path sampling, excluding generation variation"
exp_ar_neg06_fixed6,self_evolve_h200_r1,conditional_pil,cold_start,100,single_repeat,baseline_h200_conditional_pil,1,1,primary,200,200,True,1000,106.93314682337508,106.23840544871483,0.694741374660257,"[0.5640727206210842, 0.8325174235459011]",-0.6539455969109312,"[-0.7853636566834237, -0.5301110207884824]",0.95,2026091603,5000,loss,candidate_minus_reference; negative difference favors candidate,"paired demand-path sampling, excluding generation variation"
exp_ar_neg06_fixed6,self_evolve_h200_r1,constant_order,cold_start,100,single_repeat,baseline_h200_constant_order,1,1,primary,200,200,True,1000,106.93314682337508,106.42171599839264,0.5114308249824406,"[0.31688201948791206, 0.7155807300335523]",-0.4805699853497616,"[-0.6749984596525576, -0.2972207405776996]",0.95,2026091603,5000,loss,candidate_minus_reference; negative difference favors candidate,"paired demand-path sampling, excluding generation variation"
exp_ar_neg06_fixed6,self_evolve_h200_r1,forecast_adaptive_pil,cold_start,100,single_repeat,baseline_h200_forecast_adaptive_pil,1,1,primary,200,200,True,1000,106.93314682337508,106.24468155063727,0.6884652727377952,"[0.5323500734738632, 0.8556740177253401]",-0.6479997517896329,"[-0.8079014581102592, -0.5001513800741902]",0.95,2026091603,5000,loss,candidate_minus_reference; negative difference favors candidate,"paired demand-path sampling, excluding generation variation"
exp_ar_neg06_fixed6,self_evolve_h200_r1,forecast_capped_base_stock,cold_start,100,single_repeat,baseline_h200_forecast_capped_base_stock,1,1,primary,200,200,True,1000,106.93314682337508,106.4347421127444,0.4984047106306681,"[0.3173880859079164, 0.6913911704041192]",-0.46827257786064747,"[-0.6500573316837546, -0.29795600940316436]",0.95,2026091603,5000,loss,candidate_minus_reference; negative difference favors candidate,"paired demand-path sampling, excluding generation variation"
exp_ar_neg06_fixed6,self_evolve_h200_r1,pil_cop_continuation,cold_start,100,single_repeat,baseline_h200_pil_cop_continuation,1,1,primary,200,200,True,1000,106.93314682337508,106.23840544871483,0.694741374660257,"[0.5640727206210842, 0.8325174235459011]",-0.6539455969109312,"[-0.7853636566834237, -0.5301110207884824]",0.95,2026091603,5000,loss,candidate_minus_reference; negative difference favors candidate,"paired demand-path sampling, excluding generation variation"
exp_ar_neg06_fixed6,self_evolve_h200_r1,base_stock,cold_start,200,single_repeat,baseline_h200_base_stock,1,1,primary,200,200,True,1000,103.37445320352158,121.7064202583732,-18.331967054851614,"[-18.621207606535823, -18.05231871174888]",15.062448649737858,"[14.854724918759754, 15.27610486671856]",0.95,2026091603,5000,win,candidate_minus_reference; negative difference favors candidate,"paired demand-path sampling, excluding generation variation"
exp_ar_neg06_fixed6,self_evolve_h200_r1,capped_base_stock,cold_start,200,single_repeat,baseline_h200_capped_base_stock,1,1,primary,200,200,True,1000,103.37445320352158,103.0843088549301,0.29014434859147703,"[0.1956468338624316, 0.3892247800060653]",-0.2814631555611445,"[-0.3782477369996433, -0.18937599585445494]",0.95,2026091603,5000,loss,candidate_minus_reference; negative difference favors candidate,"paired demand-path sampling, excluding generation variation"
exp_ar_neg06_fixed6,self_evolve_h200_r1,conditional_pil,cold_start,200,single_repeat,baseline_h200_conditional_pil,1,1,primary,200,200,True,1000,103.37445320352158,102.99627789176343,0.3781753117581491,"[0.3115333972930291, 0.44804779819697793]",-0.36717376540108776,"[-0.4355579911270755, -0.30230701719652725]",0.95,2026091603,5000,loss,candidate_minus_reference; negative difference favors candidate,"paired demand-path sampling, excluding generation variation"
exp_ar_neg06_fixed6,self_evolve_h200_r1,constant_order,cold_start,200,single_repeat,baseline_h200_constant_order,1,1,primary,200,200,True,1000,103.37445320352158,103.11352449995049,0.26092870357109754,"[0.1491075379639685, 0.37474566368923595]",-0.25304993194294473,"[-0.3639405900740581, -0.1442677249957765]",0.95,2026091603,5000,loss,candidate_minus_reference; negative difference favors candidate,"paired demand-path sampling, excluding generation variation"
exp_ar_neg06_fixed6,self_evolve_h200_r1,forecast_adaptive_pil,cold_start,200,single_repeat,baseline_h200_forecast_adaptive_pil,1,1,primary,200,200,True,1000,103.37445320352158,102.99853425795096,0.37591894557061956,"[0.28847291668233704, 0.46927588995844827]",-0.3649750438478679,"[-0.45626352540934423, -0.27981739360278335]",0.95,2026091603,5000,loss,candidate_minus_reference; negative difference favors candidate,"paired demand-path sampling, excluding generation variation"
exp_ar_neg06_fixed6,self_evolve_h200_r1,forecast_capped_base_stock,cold_start,200,single_repeat,baseline_h200_forecast_capped_base_stock,1,1,primary,200,200,True,1000,103.37445320352158,103.17994168897471,0.19451151454685725,"[0.08914304961007485, 0.303475078879261]",-0.188516790533968,"[-0.2942105290567273, -0.0864792721875708]",0.95,2026091603,5000,loss,candidate_minus_reference; negative difference favors candidate,"paired demand-path sampling, excluding generation variation"
exp_ar_neg06_fixed6,self_evolve_h200_r1,pil_cop_continuation,cold_start,200,single_repeat,baseline_h200_pil_cop_continuation,1,1,primary,200,200,True,1000,103.37445320352158,102.99627789176343,0.3781753117581491,"[0.3115333972930291, 0.44804779819697793]",-0.36717376540108776,"[-0.4355579911270755, -0.30230701719652725]",0.95,2026091603,5000,loss,candidate_minus_reference; negative difference favors candidate,"paired demand-path sampling, excluding generation variation"
exp_ar_neg06_fixed6,self_evolve_h200_r1,base_stock,cold_start,500,single_repeat,baseline_h200_base_stock,1,1,primary,200,200,True,1000,101.3550579110759,117.40727186422637,-16.0522139531505,"[-16.228110853525862, -15.884971619566196]",13.67224848875952,"[13.53942202346171, 13.807299698590187]",0.95,2026091603,5000,win,candidate_minus_reference; negative difference favors candidate,"paired demand-path sampling, excluding generation variation"
exp_ar_neg06_fixed6,self_evolve_h200_r1,capped_base_stock,cold_start,500,single_repeat,baseline_h200_capped_base_stock,1,1,primary,200,200,True,1000,101.3550579110759,101.23970705662552,0.11535085445037173,"[0.07231005540618304, 0.16091786874229058]",-0.11393835265234957,"[-0.1590333861840153, -0.07146349004198957]",0.95,2026091603,5000,loss,candidate_minus_reference; negative difference favors candidate,"paired demand-path sampling, excluding generation variation"
exp_ar_neg06_fixed6,self_evolve_h200_r1,conditional_pil,cold_start,500,single_repeat,baseline_h200_conditional_pil,1,1,primary,200,200,True,1000,101.3550579110759,101.17521618746983,0.17984172360605333,"[0.15181564251848012, 0.21013558054063464]",-0.17775274457812035,"[-0.2077656355100081, -0.14998270960223412]",0.95,2026091603,5000,loss,candidate_minus_reference; negative difference favors candidate,"paired demand-path sampling, excluding generation variation"
exp_ar_neg06_fixed6,self_evolve_h200_r1,constant_order,cold_start,500,single_repeat,baseline_h200_constant_order,1,1,primary,200,200,True,1000,101.3550579110759,101.3005848351659,0.05447307590997933,"[-0.0046692914171497435, 0.11297109644206513]",-0.05377370327983168,"[-0.11157290894511174, 0.00458626744345871]",0.95,2026091603,5000,inconclusive,candidate_minus_reference; negative difference favors candidate,"paired demand-path sampling, excluding generation variation"
exp_ar_neg06_fixed6,self_evolve_h200_r1,forecast_adaptive_pil,cold_start,500,single_repeat,baseline_h200_forecast_adaptive_pil,1,1,primary,200,200,True,1000,101.3550579110759,101.15440741710435,0.20065049397154397,"[0.15859393856699736, 0.24545196093056434]",-0.19836060444126818,"[-0.2426786859795518, -0.15648776477882004]",0.95,2026091603,5000,loss,candidate_minus_reference; negative difference favors candidate,"paired demand-path sampling, excluding generation variation"
exp_ar_neg06_fixed6,self_evolve_h200_r1,forecast_capped_base_stock,cold_start,500,single_repeat,baseline_h200_forecast_capped_base_stock,1,1,primary,200,200,True,1000,101.3550579110759,101.3239345283472,0.031123382728699994,"[-0.020837949049478492, 0.08566576974109935]",-0.030716713552019603,"[-0.08448909254816912, 0.02060899812272194]",0.95,2026091603,5000,inconclusive,candidate_minus_reference; negative difference favors candidate,"paired demand-path sampling, excluding generation variation"
exp_ar_neg06_fixed6,self_evolve_h200_r1,pil_cop_continuation,cold_start,500,single_repeat,baseline_h200_pil_cop_continuation,1,1,primary,200,200,True,1000,101.3550579110759,101.17521618746983,0.17984172360605333,"[0.15181564251848012, 0.21013558054063464]",-0.17775274457812035,"[-0.2077656355100081, -0.14998270960223412]",0.95,2026091603,5000,loss,candidate_minus_reference; negative difference favors candidate,"paired demand-path sampling, excluding generation variation"
exp_ar_neg06_fixed6,self_evolve_h200_r2,base_stock,steady,50,single_repeat,baseline_h200_base_stock,2,1,primary,200,200,True,1000,104.8298709355155,113.77042747029778,-8.940556534782278,"[-9.451154510556378, -8.435607548555097]",7.858418688913162,"[7.439269236244987, 8.267522314687428]",0.95,2026091603,5000,win,candidate_minus_reference; negative difference favors candidate,"paired demand-path sampling, excluding generation variation"
exp_ar_neg06_fixed6,self_evolve_h200_r2,capped_base_stock,steady,50,single_repeat,baseline_h200_capped_base_stock,2,1,primary,200,200,True,1000,104.8298709355155,99.61654846041658,5.2133224750989156,"[4.831721071117317, 5.588149519600016]",-5.233389989586393,"[-5.623428120246762, -4.828603503279603]",0.95,2026091603,5000,loss,candidate_minus_reference; negative difference favors candidate,"paired demand-path sampling, excluding generation variation"
exp_ar_neg06_fixed6,self_evolve_h200_r2,conditional_pil,steady,50,single_repeat,baseline_h200_conditional_pil,2,1,primary,200,200,True,1000,104.8298709355155,99.4147817946614,5.415089140854107,"[5.058403861904552, 5.767662226434191]",-5.44696577621508,"[-5.816404177978563, -5.069406215358122]",0.95,2026091603,5000,loss,candidate_minus_reference; negative difference favors candidate,"paired demand-path sampling, excluding generation variation"
exp_ar_neg06_fixed6,self_evolve_h200_r2,constant_order,steady,50,single_repeat,baseline_h200_constant_order,2,1,primary,200,200,True,1000,104.8298709355155,99.75658301308833,5.073287922427155,"[4.639155973675643, 5.492510872320148]",-5.085667300534483,"[-5.520672099489935, -4.636085925604158]",0.95,2026091603,5000,loss,candidate_minus_reference; negative difference favors candidate,"paired demand-path sampling, excluding generation variation"
exp_ar_neg06_fixed6,self_evolve_h200_r2,forecast_adaptive_pil,steady,50,single_repeat,baseline_h200_forecast_adaptive_pil,2,1,primary,200,200,True,1000,104.8298709355155,99.53698139860502,5.2928895369104705,"[4.915942358790707, 5.666358314397563]",-5.317510600120186,"[-5.700455788482663, -4.92190568494431]",0.95,2026091603,5000,loss,candidate_minus_reference; negative difference favors candidate,"paired demand-path sampling, excluding generation variation"
exp_ar_neg06_fixed6,self_evolve_h200_r2,forecast_capped_base_stock,steady,50,single_repeat,baseline_h200_forecast_capped_base_stock,2,1,primary,200,200,True,1000,104.8298709355155,99.74774096075981,5.082129974755671,"[4.701484689313905, 5.456707767557018]",-5.094982528732123,"[-5.4896458947655455, -4.69525630711487]",0.95,2026091603,5000,loss,candidate_minus_reference; negative difference favors candidate,"paired demand-path sampling, excluding generation variation"
exp_ar_neg06_fixed6,self_evolve_h200_r2,pil_cop_continuation,steady,50,single_repeat,baseline_h200_pil_cop_continuation,2,1,primary,200,200,True,1000,104.8298709355155,99.4147817946614,5.415089140854107,"[5.058403861904552, 5.767662226434191]",-5.44696577621508,"[-5.816404177978563, -5.069406215358122]",0.95,2026091603,5000,loss,candidate_minus_reference; negative difference favors candidate,"paired demand-path sampling, excluding generation variation"
exp_ar_neg06_fixed6,self_evolve_h200_r2,base_stock,steady,100,single_repeat,baseline_h200_base_stock,2,1,primary,200,200,True,1000,105.26913539982799,114.11247785822843,-8.843342458400453,"[-9.202080230436477, -8.489294844735873]",7.749671748769907,"[7.449521907503154, 8.05240344374218]",0.95,2026091603,5000,win,candidate_minus_reference; negative difference favors candidate,"paired demand-path sampling, excluding generation variation"
exp_ar_neg06_fixed6,self_evolve_h200_r2,capped_base_stock,steady,100,single_repeat,baseline_h200_capped_base_stock,2,1,primary,200,200,True,1000,105.26913539982799,99.82715368404747,5.441981715780504,"[5.167102176857684, 5.726766797874748]",-5.45140426722409,"[-5.74184160344467, -5.165959645089777]",0.95,2026091603,5000,loss,candidate_minus_reference; negative difference favors candidate,"paired demand-path sampling, excluding generation variation"
exp_ar_neg06_fixed6,self_evolve_h200_r2,conditional_pil,steady,100,single_repeat,baseline_h200_conditional_pil,2,1,primary,200,200,True,1000,105.26913539982799,99.69645678722863,5.572678612599355,"[5.30885974986099, 5.83995234039208]",-5.589645602443552,"[-5.864359097921065, -5.317054819295281]",0.95,2026091603,5000,loss,candidate_minus_reference; negative difference favors candidate,"paired demand-path sampling, excluding generation variation"
exp_ar_neg06_fixed6,self_evolve_h200_r2,constant_order,steady,100,single_repeat,baseline_h200_constant_order,2,1,primary,200,200,True,1000,105.26913539982799,99.94015708919437,5.328978310633617,"[5.018906697813425, 5.650596771916622]",-5.332169235913468,"[-5.6637446255166966, -5.005328837128775]",0.95,2026091603,5000,loss,candidate_minus_reference; negative difference favors candidate,"paired demand-path sampling, excluding generation variation"
exp_ar_neg06_fixed6,self_evolve_h200_r2,forecast_adaptive_pil,steady,100,single_repeat,baseline_h200_forecast_adaptive_pil,2,1,primary,200,200,True,1000,105.26913539982799,99.75381860324258,5.5153167965854,"[5.23735048120283, 5.796817405659609]",-5.528927988733787,"[-5.8189928246919225, -5.246142214778042]",0.95,2026091603,5000,loss,candidate_minus_reference; negative difference favors candidate,"paired demand-path sampling, excluding generation variation"
exp_ar_neg06_fixed6,self_evolve_h200_r2,forecast_capped_base_stock,steady,100,single_repeat,baseline_h200_forecast_capped_base_stock,2,1,primary,200,200,True,1000,105.26913539982799,99.91702879836946,5.35210660145853,"[5.070107065557833, 5.635171599646067]",-5.3565509961860185,"[-5.649776260693132, -5.071341821687735]",0.95,2026091603,5000,loss,candidate_minus_reference; negative difference favors candidate,"paired demand-path sampling, excluding generation variation"
exp_ar_neg06_fixed6,self_evolve_h200_r2,pil_cop_continuation,steady,100,single_repeat,baseline_h200_pil_cop_continuation,2,1,primary,200,200,True,1000,105.26913539982799,99.69645678722863,5.572678612599355,"[5.30885974986099, 5.83995234039208]",-5.589645602443552,"[-5.864359097921065, -5.317054819295281]",0.95,2026091603,5000,loss,candidate_minus_reference; negative difference favors candidate,"paired demand-path sampling, excluding generation variation"
exp_ar_neg06_fixed6,self_evolve_h200_r2,base_stock,steady,200,single_repeat,baseline_h200_base_stock,2,1,primary,200,200,True,1000,105.46983254146328,114.44989326263787,-8.9800607211746,"[-9.232814330734424, -8.7238319862269]",7.846281429522428,"[7.630378223191597, 8.055965010542431]",0.95,2026091603,5000,win,candidate_minus_reference; negative difference favors candidate,"paired demand-path sampling, excluding generation variation"
exp_ar_neg06_fixed6,self_evolve_h200_r2,capped_base_stock,steady,200,single_repeat,baseline_h200_capped_base_stock,2,1,primary,200,200,True,1000,105.46983254146328,100.08275837371052,5.387074167752744,"[5.1856400417555495, 5.589270995119796]",-5.382619599309345,"[-5.595768035242562, -5.177622085945632]",0.95,2026091603,5000,loss,candidate_minus_reference; negative difference favors candidate,"paired demand-path sampling, excluding generation variation"
exp_ar_neg06_fixed6,self_evolve_h200_r2,conditional_pil,steady,200,single_repeat,baseline_h200_conditional_pil,2,1,primary,200,200,True,1000,105.46983254146328,99.95988235996779,5.509950181495463,"[5.319064897700516, 5.706025936344456]",-5.512161530616329,"[-5.7127352096236645, -5.320414322943575]",0.95,2026091603,5000,loss,candidate_minus_reference; negative difference favors candidate,"paired demand-path sampling, excluding generation variation"
exp_ar_neg06_fixed6,self_evolve_h200_r2,constant_order,steady,200,single_repeat,baseline_h200_constant_order,2,1,primary,200,200,True,1000,105.46983254146328,100.16736838768296,5.302464153780307,"[5.080190549442805, 5.532324377392865]",-5.293604333556931,"[-5.527369793858785, -5.062349925862477]",0.95,2026091603,5000,loss,candidate_minus_reference; negative difference favors candidate,"paired demand-path sampling, excluding generation variation"
exp_ar_neg06_fixed6,self_evolve_h200_r2,forecast_adaptive_pil,steady,200,single_repeat,baseline_h200_forecast_adaptive_pil,2,1,primary,200,200,True,1000,105.46983254146328,100.00697023518077,5.462862306282495,"[5.263765000241309, 5.66608485102709]",-5.46248155847117,"[-5.667888137524985, -5.259647099480237]",0.95,2026091603,5000,loss,candidate_minus_reference; negative difference favors candidate,"paired demand-path sampling, excluding generation variation"
exp_ar_neg06_fixed6,self_evolve_h200_r2,forecast_capped_base_stock,steady,200,single_repeat,baseline_h200_forecast_capped_base_stock,2,1,primary,200,200,True,1000,105.46983254146328,100.18818673621573,5.281645805247557,"[5.081966348773823, 5.484137393466727]",-5.271725117806085,"[-5.482447806926262, -5.06713270552637]",0.95,2026091603,5000,loss,candidate_minus_reference; negative difference favors candidate,"paired demand-path sampling, excluding generation variation"
exp_ar_neg06_fixed6,self_evolve_h200_r2,pil_cop_continuation,steady,200,single_repeat,baseline_h200_pil_cop_continuation,2,1,primary,200,200,True,1000,105.46983254146328,99.95988235996779,5.509950181495463,"[5.319064897700516, 5.706025936344456]",-5.512161530616329,"[-5.7127352096236645, -5.320414322943575]",0.95,2026091603,5000,loss,candidate_minus_reference; negative difference favors candidate,"paired demand-path sampling, excluding generation variation"
exp_ar_neg06_fixed6,self_evolve_h200_r2,base_stock,steady,500,single_repeat,baseline_h200_base_stock,2,1,primary,200,200,True,1000,105.86628103962035,114.7566955791135,-8.89041453949317,"[-9.043260280972904, -8.73232309591256]",7.7471859002458645,"[7.617162208042309, 7.873756843669876]",0.95,2026091603,5000,win,candidate_minus_reference; negative difference favors candidate,"paired demand-path sampling, excluding generation variation"
exp_ar_neg06_fixed6,self_evolve_h200_r2,capped_base_stock,steady,500,single_repeat,baseline_h200_capped_base_stock,2,1,primary,200,200,True,1000,105.86628103962035,100.34110764325132,5.525173396369022,"[5.403722949813109, 5.654047697258359]",-5.506390676902834,"[-5.638981922140445, -5.381028770142038]",0.95,2026091603,5000,loss,candidate_minus_reference; negative difference favors candidate,"paired demand-path sampling, excluding generation variation"
exp_ar_neg06_fixed6,self_evolve_h200_r2,conditional_pil,steady,500,single_repeat,baseline_h200_conditional_pil,2,1,primary,200,200,True,1000,105.86628103962035,100.24756750197959,5.618713537640753,"[5.504887812254327, 5.740084648654872]",-5.60483778075693,"[-5.729693420777147, -5.487314658318439]",0.95,2026091603,5000,loss,candidate_minus_reference; negative difference favors candidate,"paired demand-path sampling, excluding generation variation"
exp_ar_neg06_fixed6,self_evolve_h200_r2,constant_order,steady,500,single_repeat,baseline_h200_constant_order,2,1,primary,200,200,True,1000,105.86628103962035,100.37913749208191,5.487143547538441,"[5.35335361062425, 5.624580273178902]",-5.466418306265356,"[-5.610001398957766, -5.3281177743155475]",0.95,2026091603,5000,loss,candidate_minus_reference; negative difference favors candidate,"paired demand-path sampling, excluding generation variation"
exp_ar_neg06_fixed6,self_evolve_h200_r2,forecast_adaptive_pil,steady,500,single_repeat,baseline_h200_forecast_adaptive_pil,2,1,primary,200,200,True,1000,105.86628103962035,100.24771874869364,5.618562290926694,"[5.496655434515813, 5.74268449095091]",-5.604678451598104,"[-5.731694646518762, -5.479025653996308]",0.95,2026091603,5000,loss,candidate_minus_reference; negative difference favors candidate,"paired demand-path sampling, excluding generation variation"
exp_ar_neg06_fixed6,self_evolve_h200_r2,forecast_capped_base_stock,steady,500,single_repeat,baseline_h200_forecast_capped_base_stock,2,1,primary,200,200,True,1000,105.86628103962035,100.42643834500446,5.439842694615887,"[5.316404296100908, 5.567701887577073]",-5.416743622757868,"[-5.548190856825397, -5.289244089740474]",0.95,2026091603,5000,loss,candidate_minus_reference; negative difference favors candidate,"paired demand-path sampling, excluding generation variation"
exp_ar_neg06_fixed6,self_evolve_h200_r2,pil_cop_continuation,steady,500,single_repeat,baseline_h200_pil_cop_continuation,2,1,primary,200,200,True,1000,105.86628103962035,100.24756750197959,5.618713537640753,"[5.504887812254327, 5.740084648654872]",-5.60483778075693,"[-5.729693420777147, -5.487314658318439]",0.95,2026091603,5000,loss,candidate_minus_reference; negative difference favors candidate,"paired demand-path sampling, excluding generation variation"
exp_ar_neg06_fixed6,self_evolve_h200_r2,base_stock,cold_start,50,single_repeat,baseline_h200_base_stock,2,1,primary,200,200,True,1000,138.61266481695742,142.71679516884777,-4.104130351890344,"[-4.535811707851735, -3.6774212959200905]",2.8757164474123487,"[2.5857995844324906, 3.16871477607822]",0.95,2026091603,5000,win,candidate_minus_reference; negative difference favors candidate,"paired demand-path sampling, excluding generation variation"
exp_ar_neg06_fixed6,self_evolve_h200_r2,capped_base_stock,cold_start,50,single_repeat,baseline_h200_capped_base_stock,2,1,primary,200,200,True,1000,138.61266481695742,111.91290993933622,26.69975487762124,"[26.103273648191834, 27.30344898892174]",-23.857618296311067,"[-24.498976490764413, -23.23075027659299]",0.95,2026091603,5000,loss,candidate_minus_reference; negative difference favors candidate,"paired demand-path sampling, excluding generation variation"
exp_ar_neg06_fixed6,self_evolve_h200_r2,conditional_pil,cold_start,50,single_repeat,baseline_h200_conditional_pil,2,1,primary,200,200,True,1000,138.61266481695742,111.6357114512477,26.97695336570974,"[26.44396302620076, 27.520419108211915]",-24.165164547270155,"[-24.75960850756078, -23.59606075468513]",0.95,2026091603,5000,loss,candidate_minus_reference; negative difference favors candidate,"paired demand-path sampling, excluding generation variation"
exp_ar_neg06_fixed6,self_evolve_h200_r2,constant_order,cold_start,50,single_repeat,baseline_h200_constant_order,2,1,primary,200,200,True,1000,138.61266481695742,111.98230859386217,26.630356223095273,"[26.002461532715127, 27.268898322160496]",-23.780860171117137,"[-24.451508887150123, -23.11492766119718]",0.95,2026091603,5000,loss,candidate_minus_reference; negative difference favors candidate,"paired demand-path sampling, excluding generation variation"
exp_ar_neg06_fixed6,self_evolve_h200_r2,forecast_adaptive_pil,cold_start,50,single_repeat,baseline_h200_forecast_adaptive_pil,2,1,primary,200,200,True,1000,138.61266481695742,111.6743775207906,26.938287296166852,"[26.364627444690626, 27.524000956931484]",-24.12217367511332,"[-24.76234413629701, -23.506865615979773]",0.95,2026091603,5000,loss,candidate_minus_reference; negative difference favors candidate,"paired demand-path sampling, excluding generation variation"
exp_ar_neg06_fixed6,self_evolve_h200_r2,forecast_capped_base_stock,cold_start,50,single_repeat,baseline_h200_forecast_capped_base_stock,2,1,primary,200,200,True,1000,138.61266481695742,111.93022266933292,26.682442147624535,"[26.08435889577958, 27.290437499911366]",-23.8384607046217,"[-24.47861505609321, -23.20560181860363]",0.95,2026091603,5000,loss,candidate_minus_reference; negative difference favors candidate,"paired demand-path sampling, excluding generation variation"
exp_ar_neg06_fixed6,self_evolve_h200_r2,pil_cop_continuation,cold_start,50,single_repeat,baseline_h200_pil_cop_continuation,2,1,primary,200,200,True,1000,138.61266481695742,111.6357114512477,26.97695336570974,"[26.44396302620076, 27.520419108211915]",-24.165164547270155,"[-24.75960850756078, -23.59606075468513]",0.95,2026091603,5000,loss,candidate_minus_reference; negative difference favors candidate,"paired demand-path sampling, excluding generation variation"
exp_ar_neg06_fixed6,self_evolve_h200_r2,base_stock,cold_start,100,single_repeat,baseline_h200_base_stock,2,1,primary,200,200,True,1000,122.83151667098558,128.96403225555528,-6.132515584569698,"[-6.470536440670478, -5.801013835363753]",4.755213897482286,"[4.507537047758955, 5.007904422099152]",0.95,2026091603,5000,win,candidate_minus_reference; negative difference favors candidate,"paired demand-path sampling, excluding generation variation"
exp_ar_neg06_fixed6,self_evolve_h200_r2,capped_base_stock,cold_start,100,single_repeat,baseline_h200_capped_base_stock,2,1,primary,200,200,True,1000,122.83151667098558,106.37595590142259,16.455560769562997,"[16.10277656185362, 16.82107380885674]",-15.469248318494246,"[-15.85066568575656, -15.097538319100748]",0.95,2026091603,5000,loss,candidate_minus_reference; negative difference favors candidate,"paired demand-path sampling, excluding generation variation"
exp_ar_neg06_fixed6,self_evolve_h200_r2,conditional_pil,cold_start,100,single_repeat,baseline_h200_conditional_pil,2,1,primary,200,200,True,1000,122.83151667098558,106.23840544871483,16.593111222270764,"[16.270927685219576, 16.93146057530192]",-15.618750255321606,"[-15.972796444072113, -15.278817242205971]",0.95,2026091603,5000,loss,candidate_minus_reference; negative difference favors candidate,"paired demand-path sampling, excluding generation variation"
exp_ar_neg06_fixed6,self_evolve_h200_r2,constant_order,cold_start,100,single_repeat,baseline_h200_constant_order,2,1,primary,200,200,True,1000,122.83151667098558,106.42171599839264,16.40980067259295,"[16.03634264761048, 16.803594190694202]",-15.419597888123496,"[-15.831046695531759, -15.02816241854111]",0.95,2026091603,5000,loss,candidate_minus_reference; negative difference favors candidate,"paired demand-path sampling, excluding generation variation"
exp_ar_neg06_fixed6,self_evolve_h200_r2,forecast_adaptive_pil,cold_start,100,single_repeat,baseline_h200_forecast_adaptive_pil,2,1,primary,200,200,True,1000,122.83151667098558,106.24468155063727,16.586835120348304,"[16.234607495272883, 16.953843754074185]",-15.611920406992667,"[-15.992810227091805, -15.248278754736786]",0.95,2026091603,5000,loss,candidate_minus_reference; negative difference favors candidate,"paired demand-path sampling, excluding generation variation"
exp_ar_neg06_fixed6,self_evolve_h200_r2,forecast_capped_base_stock,cold_start,100,single_repeat,baseline_h200_forecast_capped_base_stock,2,1,primary,200,200,True,1000,122.83151667098558,106.4347421127444,16.396774558241177,"[16.03787713248252, 16.772663563493584]",-15.405472153887844,"[-15.794720557111289, -15.033143025379106]",0.95,2026091603,5000,loss,candidate_minus_reference; negative difference favors candidate,"paired demand-path sampling, excluding generation variation"
exp_ar_neg06_fixed6,self_evolve_h200_r2,pil_cop_continuation,cold_start,100,single_repeat,baseline_h200_pil_cop_continuation,2,1,primary,200,200,True,1000,122.83151667098558,106.23840544871483,16.593111222270764,"[16.270927685219576, 16.93146057530192]",-15.618750255321606,"[-15.972796444072113, -15.278817242205971]",0.95,2026091603,5000,loss,candidate_minus_reference; negative difference favors candidate,"paired demand-path sampling, excluding generation variation"
exp_ar_neg06_fixed6,self_evolve_h200_r2,base_stock,cold_start,200,single_repeat,baseline_h200_base_stock,2,1,primary,200,200,True,1000,114.31697944576584,121.7064202583732,-7.389440812607349,"[-7.628608029720045, -7.1535742489338245]",6.071529173991115,"[5.8881045835217645, 6.260320839375049]",0.95,2026091603,5000,win,candidate_minus_reference; negative difference favors candidate,"paired demand-path sampling, excluding generation variation"
exp_ar_neg06_fixed6,self_evolve_h200_r2,capped_base_stock,cold_start,200,single_repeat,baseline_h200_capped_base_stock,2,1,primary,200,200,True,1000,114.31697944576584,103.0843088549301,11.232670590835742,"[11.007844399231786, 11.462966280832559]",-10.896586217251942,"[-11.13615577470855, -10.664418005637184]",0.95,2026091603,5000,loss,candidate_minus_reference; negative difference favors candidate,"paired demand-path sampling, excluding generation variation"
exp_ar_neg06_fixed6,self_evolve_h200_r2,conditional_pil,cold_start,200,single_repeat,baseline_h200_conditional_pil,2,1,primary,200,200,True,1000,114.31697944576584,102.99627789176343,11.320701554002415,"[11.114352926678375, 11.531231211363176]",-10.991369577354138,"[-11.213004795358296, -10.776156378042293]",0.95,2026091603,5000,loss,candidate_minus_reference; negative difference favors candidate,"paired demand-path sampling, excluding generation variation"
exp_ar_neg06_fixed6,self_evolve_h200_r2,constant_order,cold_start,200,single_repeat,baseline_h200_constant_order,2,1,primary,200,200,True,1000,114.31697944576584,103.11352449995049,11.203454945815363,"[10.960552773850635, 11.45067750742096]",-10.865165360360397,"[-11.125640969384165, -10.612033809672809]",0.95,2026091603,5000,loss,candidate_minus_reference; negative difference favors candidate,"paired demand-path sampling, excluding generation variation"
exp_ar_neg06_fixed6,self_evolve_h200_r2,forecast_adaptive_pil,cold_start,200,single_repeat,baseline_h200_forecast_adaptive_pil,2,1,primary,200,200,True,1000,114.31697944576584,102.99853425795096,11.318445187814882,"[11.094938658507422, 11.555403206819038]",-10.988938113885,"[-11.229246453608178, -10.754725577152852]",0.95,2026091603,5000,loss,candidate_minus_reference; negative difference favors candidate,"paired demand-path sampling, excluding generation variation"
exp_ar_neg06_fixed6,self_evolve_h200_r2,forecast_capped_base_stock,cold_start,200,single_repeat,baseline_h200_forecast_capped_base_stock,2,1,primary,200,200,True,1000,114.31697944576584,103.17994168897471,11.137037756791122,"[10.90825819357789, 11.373519855259211]",-10.793801173451504,"[-11.038055476744239, -10.560518787403494]",0.95,2026091603,5000,loss,candidate_minus_reference; negative difference favors candidate,"paired demand-path sampling, excluding generation variation"
exp_ar_neg06_fixed6,self_evolve_h200_r2,pil_cop_continuation,cold_start,200,single_repeat,baseline_h200_pil_cop_continuation,2,1,primary,200,200,True,1000,114.31697944576584,102.99627789176343,11.320701554002415,"[11.114352926678375, 11.531231211363176]",-10.991369577354138,"[-11.213004795358296, -10.776156378042293]",0.95,2026091603,5000,loss,candidate_minus_reference; negative difference favors candidate,"paired demand-path sampling, excluding generation variation"
exp_ar_neg06_fixed6,self_evolve_h200_r2,base_stock,cold_start,500,single_repeat,baseline_h200_base_stock,2,1,primary,200,200,True,1000,109.10075131811905,117.40727186422637,-8.306520546107327,"[-8.462656744048928, -8.15466606557647]",7.074962576179485,"[6.9523427468621435, 7.201867394556541]",0.95,2026091603,5000,win,candidate_minus_reference; negative difference favors candidate,"paired demand-path sampling, excluding generation variation"
exp_ar_neg06_fixed6,self_evolve_h200_r2,capped_base_stock,cold_start,500,single_repeat,baseline_h200_capped_base_stock,2,1,primary,200,200,True,1000,109.10075131811905,101.23970705662552,7.861044261493542,"[7.729571667404959, 7.988254504641327]",-7.764783690154974,"[-7.894485245998155, -7.629533686989589]",0.95,2026091603,5000,loss,candidate_minus_reference; negative difference favors candidate,"paired demand-path sampling, excluding generation variation"
exp_ar_neg06_fixed6,self_evolve_h200_r2,conditional_pil,cold_start,500,single_repeat,baseline_h200_conditional_pil,2,1,primary,200,200,True,1000,109.10075131811905,101.17521618746983,7.925535130649223,"[7.805832956467331, 8.043709693536764]",-7.833474865982812,"[-7.956248279638733, -7.70676312176672]",0.95,2026091603,5000,loss,candidate_minus_reference; negative difference favors candidate,"paired demand-path sampling, excluding generation variation"
exp_ar_neg06_fixed6,self_evolve_h200_r2,constant_order,cold_start,500,single_repeat,baseline_h200_constant_order,2,1,primary,200,200,True,1000,109.10075131811905,101.3005848351659,7.800166482953149,"[7.655885244156985, 7.940079764669629]",-7.700021175243367,"[-7.844661864851471, -7.552890842349875]",0.95,2026091603,5000,loss,candidate_minus_reference; negative difference favors candidate,"paired demand-path sampling, excluding generation variation"
exp_ar_neg06_fixed6,self_evolve_h200_r2,forecast_adaptive_pil,cold_start,500,single_repeat,baseline_h200_forecast_adaptive_pil,2,1,primary,200,200,True,1000,109.10075131811905,101.15440741710435,7.946343901014713,"[7.816903251366643, 8.072110014999911]",-7.8556576069378865,"[-7.9849160418196465, -7.720483805901605]",0.95,2026091603,5000,loss,candidate_minus_reference; negative difference favors candidate,"paired demand-path sampling, excluding generation variation"
exp_ar_neg06_fixed6,self_evolve_h200_r2,forecast_capped_base_stock,cold_start,500,single_repeat,baseline_h200_forecast_capped_base_stock,2,1,primary,200,200,True,1000,109.10075131811905,101.3239345283472,7.77681678977187,"[7.645096632681268, 7.904579012493809]",-7.675202138539293,"[-7.8061094365944275, -7.538862506380661]",0.95,2026091603,5000,loss,candidate_minus_reference; negative difference favors candidate,"paired demand-path sampling, excluding generation variation"
exp_ar_neg06_fixed6,self_evolve_h200_r2,pil_cop_continuation,cold_start,500,single_repeat,baseline_h200_pil_cop_continuation,2,1,primary,200,200,True,1000,109.10075131811905,101.17521618746983,7.925535130649223,"[7.805832956467331, 8.043709693536764]",-7.833474865982812,"[-7.956248279638733, -7.70676312176672]",0.95,2026091603,5000,loss,candidate_minus_reference; negative difference favors candidate,"paired demand-path sampling, excluding generation variation"
exp_ar_neg06_fixed6,self_evolve_h200_r3,base_stock,steady,50,single_repeat,baseline_h200_base_stock,3,1,primary,200,200,True,1000,99.76072012246954,113.77042747029778,-14.009707347828233,"[-14.618586481627382, -13.409147820080545]",12.314014862505264,"[11.811379236918249, 12.81626071781372]",0.95,2026091603,5000,win,candidate_minus_reference; negative difference favors candidate,"paired demand-path sampling, excluding generation variation"
exp_ar_neg06_fixed6,self_evolve_h200_r3,capped_base_stock,steady,50,single_repeat,baseline_h200_capped_base_stock,3,1,primary,200,200,True,1000,99.76072012246954,99.61654846041658,0.1441716620529624,"[-0.010588957509527774, 0.31620369084005995]",-0.14472661849977916,"[-0.31763764355659596, 0.010631856599048566]",0.95,2026091603,5000,inconclusive,candidate_minus_reference; negative difference favors candidate,"paired demand-path sampling, excluding generation variation"
exp_ar_neg06_fixed6,self_evolve_h200_r3,conditional_pil,steady,50,single_repeat,baseline_h200_conditional_pil,3,1,primary,200,200,True,1000,99.76072012246954,99.4147817946614,0.34593832780815376,"[0.19284512988616154, 0.5128278255700107]",-0.3479747393326963,"[-0.5143050471619408, -0.19382008344400747]",0.95,2026091603,5000,loss,candidate_minus_reference; negative difference favors candidate,"paired demand-path sampling, excluding generation variation"
exp_ar_neg06_fixed6,self_evolve_h200_r3,constant_order,steady,50,single_repeat,baseline_h200_constant_order,3,1,primary,200,200,True,1000,99.76072012246954,99.75658301308833,0.004137109381200247,"[-0.007922294030222378, 0.01685134354644848]",-0.0041472043811502605,"[-0.01676307107397452, 0.007971497853437927]",0.95,2026091603,5000,inconclusive,candidate_minus_reference; negative difference favors candidate,"paired demand-path sampling, excluding generation variation"
exp_ar_neg06_fixed6,self_evolve_h200_r3,forecast_adaptive_pil,steady,50,single_repeat,baseline_h200_forecast_adaptive_pil,3,1,primary,200,200,True,1000,99.76072012246954,99.53698139860502,0.2237387238645166,"[0.09902117807214059, 0.36144930578602663]",-0.2247794947372693,"[-0.36381573355162145, -0.09948319855187941]",0.95,2026091603,5000,loss,candidate_minus_reference; negative difference favors candidate,"paired demand-path sampling, excluding generation variation"
exp_ar_neg06_fixed6,self_evolve_h200_r3,forecast_capped_base_stock,steady,50,single_repeat,baseline_h200_forecast_capped_base_stock,3,1,primary,200,200,True,1000,99.76072012246954,99.74774096075981,0.012979161709718185,"[-0.16197752401330748, 0.19725925835079824]",-0.013011985619632732,"[-0.19731711883189623, 0.16259667131857877]",0.95,2026091603,5000,inconclusive,candidate_minus_reference; negative difference favors candidate,"paired demand-path sampling, excluding generation variation"
exp_ar_neg06_fixed6,self_evolve_h200_r3,pil_cop_continuation,steady,50,single_repeat,baseline_h200_pil_cop_continuation,3,1,primary,200,200,True,1000,99.76072012246954,99.4147817946614,0.34593832780815376,"[0.19284512988616154, 0.5128278255700107]",-0.3479747393326963,"[-0.5143050471619408, -0.19382008344400747]",0.95,2026091603,5000,loss,candidate_minus_reference; negative difference favors candidate,"paired demand-path sampling, excluding generation variation"
exp_ar_neg06_fixed6,self_evolve_h200_r3,base_stock,steady,100,single_repeat,baseline_h200_base_stock,3,1,primary,200,200,True,1000,99.97264964104903,114.11247785822843,-14.139828217179405,"[-14.565873784893098, -13.70715594780764]",12.39113240074105,"[12.033170489032832, 12.741329110816693]",0.95,2026091603,5000,win,candidate_minus_reference; negative difference favors candidate,"paired demand-path sampling, excluding generation variation"
exp_ar_neg06_fixed6,self_evolve_h200_r3,capped_base_stock,steady,100,single_repeat,baseline_h200_capped_base_stock,3,1,primary,200,200,True,1000,99.97264964104903,99.82715368404747,0.14549595700155157,"[0.021615771301189957, 0.2813809356893002]",-0.14574787683724968,"[-0.2830219127689982, -0.021502400179720757]",0.95,2026091603,5000,loss,candidate_minus_reference; negative difference favors candidate,"paired demand-path sampling, excluding generation variation"
exp_ar_neg06_fixed6,self_evolve_h200_r3,conditional_pil,steady,100,single_repeat,baseline_h200_conditional_pil,3,1,primary,200,200,True,1000,99.97264964104903,99.69645678722863,0.27619285382040126,"[0.1496456900022121, 0.41130560692309265]",-0.2770337710294491,"[-0.4128543062087057, -0.1500812651560726]",0.95,2026091603,5000,loss,candidate_minus_reference; negative difference favors candidate,"paired demand-path sampling, excluding generation variation"
exp_ar_neg06_fixed6,self_evolve_h200_r3,constant_order,steady,100,single_repeat,baseline_h200_constant_order,3,1,primary,200,200,True,1000,99.97264964104903,99.94015708919437,0.03249255185466346,"[0.00682420281508669, 0.06520323208761107]",-0.03251200798659981,"[-0.06522587364528248, -0.006843118132991676]",0.95,2026091603,5000,loss,candidate_minus_reference; negative difference favors candidate,"paired demand-path sampling, excluding generation variation"
exp_ar_neg06_fixed6,self_evolve_h200_r3,forecast_adaptive_pil,steady,100,single_repeat,baseline_h200_forecast_adaptive_pil,3,1,primary,200,200,True,1000,99.97264964104903,99.75381860324258,0.21883103780644717,"[0.11413035014436103, 0.33235563375474586]",-0.2193710886164909,"[-0.33299923803804327, -0.11431945869168413]",0.95,2026091603,5000,loss,candidate_minus_reference; negative difference favors candidate,"paired demand-path sampling, excluding generation variation"
exp_ar_neg06_fixed6,self_evolve_h200_r3,forecast_capped_base_stock,steady,100,single_repeat,baseline_h200_forecast_capped_base_stock,3,1,primary,200,200,True,1000,99.97264964104903,99.91702879836946,0.0556208426795772,"[-0.08387045548023442, 0.20193086278317815]",-0.05566703028351173,"[-0.20235637980698365, 0.08375928228723656]",0.95,2026091603,5000,inconclusive,candidate_minus_reference; negative difference favors candidate,"paired demand-path sampling, excluding generation variation"
exp_ar_neg06_fixed6,self_evolve_h200_r3,pil_cop_continuation,steady,100,single_repeat,baseline_h200_pil_cop_continuation,3,1,primary,200,200,True,1000,99.97264964104903,99.69645678722863,0.27619285382040126,"[0.1496456900022121, 0.41130560692309265]",-0.2770337710294491,"[-0.4128543062087057, -0.1500812651560726]",0.95,2026091603,5000,loss,candidate_minus_reference; negative difference favors candidate,"paired demand-path sampling, excluding generation variation"
exp_ar_neg06_fixed6,self_evolve_h200_r3,base_stock,steady,200,single_repeat,baseline_h200_base_stock,3,1,primary,200,200,True,1000,100.19184088405369,114.44989326263787,-14.258052378584184,"[-14.556624993186446, -13.95610408493599]",12.457899236188032,"[12.211211347150561, 12.703744364440317]",0.95,2026091603,5000,win,candidate_minus_reference; negative difference favors candidate,"paired demand-path sampling, excluding generation variation"
exp_ar_neg06_fixed6,self_evolve_h200_r3,capped_base_stock,steady,200,single_repeat,baseline_h200_capped_base_stock,3,1,primary,200,200,True,1000,100.19184088405369,100.08275837371052,0.10908251034316062,"[0.026368019171448386, 0.19663724262209661]",-0.10899231007987954,"[-0.19668926627660432, -0.026416084842085585]",0.95,2026091603,5000,loss,candidate_minus_reference; negative difference favors candidate,"paired demand-path sampling, excluding generation variation"
exp_ar_neg06_fixed6,self_evolve_h200_r3,conditional_pil,steady,200,single_repeat,baseline_h200_conditional_pil,3,1,primary,200,200,True,1000,100.19184088405369,99.95988235996779,0.23195852408587975,"[0.14591340658199156, 0.32354756783943656]",-0.23205161771858226,"[-0.32331814656511626, -0.14579369514766383]",0.95,2026091603,5000,loss,candidate_minus_reference; negative difference favors candidate,"paired demand-path sampling, excluding generation variation"
exp_ar_neg06_fixed6,self_evolve_h200_r3,constant_order,steady,200,single_repeat,baseline_h200_constant_order,3,1,primary,200,200,True,1000,100.19184088405369,100.16736838768296,0.02447249637072433,"[0.007754533295440453, 0.044973113451693435]",-0.02443160558637914,"[-0.04492762035174366, -0.007708093754512672]",0.95,2026091603,5000,loss,candidate_minus_reference; negative difference favors candidate,"paired demand-path sampling, excluding generation variation"
exp_ar_neg06_fixed6,self_evolve_h200_r3,forecast_adaptive_pil,steady,200,single_repeat,baseline_h200_forecast_adaptive_pil,3,1,primary,200,200,True,1000,100.19184088405369,100.00697023518077,0.1848706488729116,"[0.11278623232399067, 0.2618357060014601]",-0.18485776385202596,"[-0.26191040971589025, -0.11277236336697222]",0.95,2026091603,5000,loss,candidate_minus_reference; negative difference favors candidate,"paired demand-path sampling, excluding generation variation"
exp_ar_neg06_fixed6,self_evolve_h200_r3,forecast_capped_base_stock,steady,200,single_repeat,baseline_h200_forecast_capped_base_stock,3,1,primary,200,200,True,1000,100.19184088405369,100.18818673621573,0.003654147837973525,"[-0.088863445997599, 0.10066119983060383]",-0.0036472841329928574,"[-0.1006702673707061, 0.08882821568195073]",0.95,2026091603,5000,inconclusive,candidate_minus_reference; negative difference favors candidate,"paired demand-path sampling, excluding generation variation"
exp_ar_neg06_fixed6,self_evolve_h200_r3,pil_cop_continuation,steady,200,single_repeat,baseline_h200_pil_cop_continuation,3,1,primary,200,200,True,1000,100.19184088405369,99.95988235996779,0.23195852408587975,"[0.14591340658199156, 0.32354756783943656]",-0.23205161771858226,"[-0.32331814656511626, -0.14579369514766383]",0.95,2026091603,5000,loss,candidate_minus_reference; negative difference favors candidate,"paired demand-path sampling, excluding generation variation"
exp_ar_neg06_fixed6,self_evolve_h200_r3,base_stock,steady,500,single_repeat,baseline_h200_base_stock,3,1,primary,200,200,True,1000,100.40812466867833,114.7566955791135,-14.348570910435177,"[-14.535824706167096, -14.16005736021186]",12.503471660652025,"[12.347077922203155, 12.654665682419663]",0.95,2026091603,5000,win,candidate_minus_reference; negative difference favors candidate,"paired demand-path sampling, excluding generation variation"
exp_ar_neg06_fixed6,self_evolve_h200_r3,capped_base_stock,steady,500,single_repeat,baseline_h200_capped_base_stock,3,1,primary,200,200,True,1000,100.40812466867833,100.34110764325132,0.06701702542701486,"[0.013044086091550233, 0.12549822449282982]",-0.06678920235291379,"[-0.12497625325650788, -0.013018142041929238]",0.95,2026091603,5000,loss,candidate_minus_reference; negative difference favors candidate,"paired demand-path sampling, excluding generation variation"
exp_ar_neg06_fixed6,self_evolve_h200_r3,conditional_pil,steady,500,single_repeat,baseline_h200_conditional_pil,3,1,primary,200,200,True,1000,100.40812466867833,100.24756750197959,0.16055716669874498,"[0.10665339684238309, 0.21760569646522465]",-0.16016066095126627,"[-0.21682722890111228, -0.10643065408149799]",0.95,2026091603,5000,loss,candidate_minus_reference; negative difference favors candidate,"paired demand-path sampling, excluding generation variation"
exp_ar_neg06_fixed6,self_evolve_h200_r3,constant_order,steady,500,single_repeat,baseline_h200_constant_order,3,1,primary,200,200,True,1000,100.40812466867833,100.37913749208191,0.0289871765964332,"[0.006219987094571772, 0.06600216234361694]",-0.028877690445091777,"[-0.06575541699905069, -0.006200614590363096]",0.95,2026091603,5000,loss,candidate_minus_reference; negative difference favors candidate,"paired demand-path sampling, excluding generation variation"
exp_ar_neg06_fixed6,self_evolve_h200_r3,forecast_adaptive_pil,steady,500,single_repeat,baseline_h200_forecast_adaptive_pil,3,1,primary,200,200,True,1000,100.40812466867833,100.24771874869364,0.16040591998468642,"[0.1139284957756119, 0.21280744292697062]",-0.1600095463387024,"[-0.21204736724436676, -0.1136586531373646]",0.95,2026091603,5000,loss,candidate_minus_reference; negative difference favors candidate,"paired demand-path sampling, excluding generation variation"
exp_ar_neg06_fixed6,self_evolve_h200_r3,forecast_capped_base_stock,steady,500,single_repeat,baseline_h200_forecast_capped_base_stock,3,1,primary,200,200,True,1000,100.40812466867833,100.42643834500446,-0.018313676326119646,"[-0.07720627435833506, 0.04543357342593886]",0.018235911407328345,"[-0.04521519319701381, 0.07670508179805424]",0.95,2026091603,5000,inconclusive,candidate_minus_reference; negative difference favors candidate,"paired demand-path sampling, excluding generation variation"
exp_ar_neg06_fixed6,self_evolve_h200_r3,pil_cop_continuation,steady,500,single_repeat,baseline_h200_pil_cop_continuation,3,1,primary,200,200,True,1000,100.40812466867833,100.24756750197959,0.16055716669874498,"[0.10665339684238309, 0.21760569646522465]",-0.16016066095126627,"[-0.21682722890111228, -0.10643065408149799]",0.95,2026091603,5000,loss,candidate_minus_reference; negative difference favors candidate,"paired demand-path sampling, excluding generation variation"
exp_ar_neg06_fixed6,self_evolve_h200_r3,base_stock,cold_start,50,single_repeat,baseline_h200_base_stock,3,1,primary,200,200,True,1000,115.58762954985671,142.71679516884777,-27.129165618991063,"[-27.87569112080516, -26.34219068536518]",19.009091107248185,"[18.492534070789013, 19.508489132035457]",0.95,2026091603,5000,win,candidate_minus_reference; negative difference favors candidate,"paired demand-path sampling, excluding generation variation"
exp_ar_neg06_fixed6,self_evolve_h200_r3,capped_base_stock,cold_start,50,single_repeat,baseline_h200_capped_base_stock,3,1,primary,200,200,True,1000,115.58762954985671,111.91290993933622,3.6747196105205187,"[3.0342903419953906, 4.351971250782465]",-3.2835529095905245,"[-3.895502065219407, -2.700964506688043]",0.95,2026091603,5000,loss,candidate_minus_reference; negative difference favors candidate,"paired demand-path sampling, excluding generation variation"
exp_ar_neg06_fixed6,self_evolve_h200_r3,conditional_pil,cold_start,50,single_repeat,baseline_h200_conditional_pil,3,1,primary,200,200,True,1000,115.58762954985671,111.6357114512477,3.951918098609017,"[3.37325340386542, 4.5743674219797645]",-3.540012463068192,"[-4.103871986641802, -3.021663990135402]",0.95,2026091603,5000,loss,candidate_minus_reference; negative difference favors candidate,"paired demand-path sampling, excluding generation variation"
exp_ar_neg06_fixed6,self_evolve_h200_r3,constant_order,cold_start,50,single_repeat,baseline_h200_constant_order,3,1,primary,200,200,True,1000,115.58762954985671,111.98230859386217,3.6053209559945523,"[2.975768784930168, 4.2979404118736495]",-3.219545123926971,"[-3.8495912384744937, -2.6585116621979314]",0.95,2026091603,5000,loss,candidate_minus_reference; negative difference favors candidate,"paired demand-path sampling, excluding generation variation"
exp_ar_neg06_fixed6,self_evolve_h200_r3,forecast_adaptive_pil,cold_start,50,single_repeat,baseline_h200_forecast_adaptive_pil,3,1,primary,200,200,True,1000,115.58762954985671,111.6743775207906,3.913252029066131,"[3.3113018561800667, 4.560724979700924]",-3.504162831207703,"[-4.088225063678879, -2.9639527664648524]",0.95,2026091603,5000,loss,candidate_minus_reference; negative difference favors candidate,"paired demand-path sampling, excluding generation variation"
exp_ar_neg06_fixed6,self_evolve_h200_r3,forecast_capped_base_stock,cold_start,50,single_repeat,baseline_h200_forecast_capped_base_stock,3,1,primary,200,200,True,1000,115.58762954985671,111.93022266933292,3.657406880523814,"[3.0120377078770906, 4.339166496909658]",-3.267577597275579,"[-3.885843650399951, -2.687144683322097]",0.95,2026091603,5000,loss,candidate_minus_reference; negative difference favors candidate,"paired demand-path sampling, excluding generation variation"
exp_ar_neg06_fixed6,self_evolve_h200_r3,pil_cop_continuation,cold_start,50,single_repeat,baseline_h200_pil_cop_continuation,3,1,primary,200,200,True,1000,115.58762954985671,111.6357114512477,3.951918098609017,"[3.37325340386542, 4.5743674219797645]",-3.540012463068192,"[-4.103871986641802, -3.021663990135402]",0.95,2026091603,5000,loss,candidate_minus_reference; negative difference favors candidate,"paired demand-path sampling, excluding generation variation"
exp_ar_neg06_fixed6,self_evolve_h200_r3,base_stock,cold_start,100,single_repeat,baseline_h200_base_stock,3,1,primary,200,200,True,1000,108.22212089123869,128.96403225555528,-20.741911364316575,"[-21.24012230624981, -20.252288365063098]",16.08348545059013,"[15.724407760550003, 16.442754016189458]",0.95,2026091603,5000,win,candidate_minus_reference; negative difference favors candidate,"paired demand-path sampling, excluding generation variation"
exp_ar_neg06_fixed6,self_evolve_h200_r3,capped_base_stock,cold_start,100,single_repeat,baseline_h200_capped_base_stock,3,1,primary,200,200,True,1000,108.22212089123869,106.37595590142259,1.846164989816115,"[1.515629720183131, 2.193591495930071]",-1.7355096592757515,"[-2.0638310316380295, -1.4238457810133966]",0.95,2026091603,5000,loss,candidate_minus_reference; negative difference favors candidate,"paired demand-path sampling, excluding generation variation"
exp_ar_neg06_fixed6,self_evolve_h200_r3,conditional_pil,cold_start,100,single_repeat,baseline_h200_conditional_pil,3,1,primary,200,200,True,1000,108.22212089123869,106.23840544871483,1.9837154425238872,"[1.6901183463631617, 2.2979339765212434]",-1.8672300606784535,"[-2.165580942543298, -1.5887533027728296]",0.95,2026091603,5000,loss,candidate_minus_reference; negative difference favors candidate,"paired demand-path sampling, excluding generation variation"
exp_ar_neg06_fixed6,self_evolve_h200_r3,constant_order,cold_start,100,single_repeat,baseline_h200_constant_order,3,1,primary,200,200,True,1000,108.22212089123869,106.42171599839264,1.800404892846071,"[1.48435848697398, 2.146184706335539]",-1.6917645763889384,"[-2.019721597832896, -1.3932932251859373]",0.95,2026091603,5000,loss,candidate_minus_reference; negative difference favors candidate,"paired demand-path sampling, excluding generation variation"
exp_ar_neg06_fixed6,self_evolve_h200_r3,forecast_adaptive_pil,cold_start,100,single_repeat,baseline_h200_forecast_adaptive_pil,3,1,primary,200,200,True,1000,108.22212089123869,106.24468155063727,1.9774393406014255,"[1.6712705544719924, 2.3045232367812964]",-1.861212544233524,"[-2.171235811978999, -1.5717393406209423]",0.95,2026091603,5000,loss,candidate_minus_reference; negative difference favors candidate,"paired demand-path sampling, excluding generation variation"
exp_ar_neg06_fixed6,self_evolve_h200_r3,forecast_capped_base_stock,cold_start,100,single_repeat,baseline_h200_forecast_capped_base_stock,3,1,primary,200,200,True,1000,108.22212089123869,106.4347421127444,1.7873787784942983,"[1.4596518019304192, 2.134181295497413]",-1.6793189357296026,"[-2.00909282839159, -1.368110849300874]",0.95,2026091603,5000,loss,candidate_minus_reference; negative difference favors candidate,"paired demand-path sampling, excluding generation variation"
exp_ar_neg06_fixed6,self_evolve_h200_r3,pil_cop_continuation,cold_start,100,single_repeat,baseline_h200_pil_cop_continuation,3,1,primary,200,200,True,1000,108.22212089123869,106.23840544871483,1.9837154425238872,"[1.6901183463631617, 2.2979339765212434]",-1.8672300606784535,"[-2.165580942543298, -1.5887533027728296]",0.95,2026091603,5000,loss,candidate_minus_reference; negative difference favors candidate,"paired demand-path sampling, excluding generation variation"
exp_ar_neg06_fixed6,self_evolve_h200_r3,base_stock,cold_start,200,single_repeat,baseline_h200_base_stock,3,1,primary,200,200,True,1000,104.02930421193503,121.7064202583732,-17.677116046438154,"[-18.00069527201012, -17.35268284467148]",14.524390750225862,"[14.277961714002972, 14.775328892443035]",0.95,2026091603,5000,win,candidate_minus_reference; negative difference favors candidate,"paired demand-path sampling, excluding generation variation"
exp_ar_neg06_fixed6,self_evolve_h200_r3,capped_base_stock,cold_start,200,single_repeat,baseline_h200_capped_base_stock,3,1,primary,200,200,True,1000,104.02930421193503,103.0843088549301,0.9449953570049394,"[0.7680587554067588, 1.1259692668126482]",-0.9167208545141564,"[-1.0928044568611686, -0.744485850979771]",0.95,2026091603,5000,loss,candidate_minus_reference; negative difference favors candidate,"paired demand-path sampling, excluding generation variation"
exp_ar_neg06_fixed6,self_evolve_h200_r3,conditional_pil,cold_start,200,single_repeat,baseline_h200_conditional_pil,3,1,primary,200,200,True,1000,104.02930421193503,102.99627789176343,1.0330263201716114,"[0.873069722715446, 1.1978018490113542]",-1.0029744193835683,"[-1.1640075320548293, -0.8467560063512951]",0.95,2026091603,5000,loss,candidate_minus_reference; negative difference favors candidate,"paired demand-path sampling, excluding generation variation"
exp_ar_neg06_fixed6,self_evolve_h200_r3,constant_order,cold_start,200,single_repeat,baseline_h200_constant_order,3,1,primary,200,200,True,1000,104.02930421193503,103.11352449995049,0.9157797119845599,"[0.7579292805673172, 1.0891203350443635]",-0.888127640312577,"[-1.0582419934378788, -0.7343250514398267]",0.95,2026091603,5000,loss,candidate_minus_reference; negative difference favors candidate,"paired demand-path sampling, excluding generation variation"
exp_ar_neg06_fixed6,self_evolve_h200_r3,forecast_adaptive_pil,cold_start,200,single_repeat,baseline_h200_forecast_adaptive_pil,3,1,primary,200,200,True,1000,104.02930421193503,102.99853425795096,1.030769953984082,"[0.8681033139566331, 1.2002979601090897]",-1.000761769485562,"[-1.1654596729301019, -0.8425822972587651]",0.95,2026091603,5000,loss,candidate_minus_reference; negative difference favors candidate,"paired demand-path sampling, excluding generation variation"
exp_ar_neg06_fixed6,self_evolve_h200_r3,forecast_capped_base_stock,cold_start,200,single_repeat,baseline_h200_forecast_capped_base_stock,3,1,primary,200,200,True,1000,104.02930421193503,103.17994168897471,0.8493625229603196,"[0.6714787959541327, 1.032698897646838]",-0.8231856977789689,"[-1.0020429819363683, -0.6507401779871298]",0.95,2026091603,5000,loss,candidate_minus_reference; negative difference favors candidate,"paired demand-path sampling, excluding generation variation"
exp_ar_neg06_fixed6,self_evolve_h200_r3,pil_cop_continuation,cold_start,200,single_repeat,baseline_h200_pil_cop_continuation,3,1,primary,200,200,True,1000,104.02930421193503,102.99627789176343,1.0330263201716114,"[0.873069722715446, 1.1978018490113542]",-1.0029744193835683,"[-1.1640075320548293, -0.8467560063512951]",0.95,2026091603,5000,loss,candidate_minus_reference; negative difference favors candidate,"paired demand-path sampling, excluding generation variation"
exp_ar_neg06_fixed6,self_evolve_h200_r3,base_stock,cold_start,500,single_repeat,baseline_h200_base_stock,3,1,primary,200,200,True,1000,101.68163317894562,117.40727186422637,-15.72563868528077,"[-15.917889518037445, -15.53675793365243]",13.394092576707175,"[13.24532055013184, 13.545658301971812]",0.95,2026091603,5000,win,candidate_minus_reference; negative difference favors candidate,"paired demand-path sampling, excluding generation variation"
exp_ar_neg06_fixed6,self_evolve_h200_r3,capped_base_stock,cold_start,500,single_repeat,baseline_h200_capped_base_stock,3,1,primary,200,200,True,1000,101.68163317894562,101.23970705662552,0.4419261223201013,"[0.36082793798433316, 0.524991059352969]",-0.43651461977553824,"[-0.5185372269321247, -0.35680705326671525]",0.95,2026091603,5000,loss,candidate_minus_reference; negative difference favors candidate,"paired demand-path sampling, excluding generation variation"
exp_ar_neg06_fixed6,self_evolve_h200_r3,conditional_pil,cold_start,500,single_repeat,baseline_h200_conditional_pil,3,1,primary,200,200,True,1000,101.68163317894562,101.17521618746983,0.5064169914757829,"[0.43169130155379365, 0.5849147384286714]",-0.500534627509406,"[-0.5788935452931028, -0.42679121023648087]",0.95,2026091603,5000,loss,candidate_minus_reference; negative difference favors candidate,"paired demand-path sampling, excluding generation variation"
exp_ar_neg06_fixed6,self_evolve_h200_r3,constant_order,cold_start,500,single_repeat,baseline_h200_constant_order,3,1,primary,200,200,True,1000,101.68163317894562,101.3005848351659,0.3810483437797089,"[0.3163695790991793, 0.45117697279755287]",-0.3761561143992839,"[-0.4452495412418853, -0.3126290662506853]",0.95,2026091603,5000,loss,candidate_minus_reference; negative difference favors candidate,"paired demand-path sampling, excluding generation variation"
exp_ar_neg06_fixed6,self_evolve_h200_r3,forecast_adaptive_pil,cold_start,500,single_repeat,baseline_h200_forecast_adaptive_pil,3,1,primary,200,200,True,1000,101.68163317894562,101.15440741710435,0.5272257618412736,"[0.4528678866207981, 0.6041971629423757]",-0.5212088877821016,"[-0.5969466098205723, -0.4474668487913915]",0.95,2026091603,5000,loss,candidate_minus_reference; negative difference favors candidate,"paired demand-path sampling, excluding generation variation"
exp_ar_neg06_fixed6,self_evolve_h200_r3,forecast_capped_base_stock,cold_start,500,single_repeat,baseline_h200_forecast_capped_base_stock,3,1,primary,200,200,True,1000,101.68163317894562,101.3239345283472,0.35769865059842954,"[0.2739908158409992, 0.445158202642851]",-0.3530248329414702,"[-0.43914427093888264, -0.27053078973553557]",0.95,2026091603,5000,loss,candidate_minus_reference; negative difference favors candidate,"paired demand-path sampling, excluding generation variation"
exp_ar_neg06_fixed6,self_evolve_h200_r3,pil_cop_continuation,cold_start,500,single_repeat,baseline_h200_pil_cop_continuation,3,1,primary,200,200,True,1000,101.68163317894562,101.17521618746983,0.5064169914757829,"[0.43169130155379365, 0.5849147384286714]",-0.500534627509406,"[-0.5788935452931028, -0.42679121023648087]",0.95,2026091603,5000,loss,candidate_minus_reference; negative difference favors candidate,"paired demand-path sampling, excluding generation variation"
exp_ar_pos08_fixed6,self_evolve_h200_r1,base_stock,steady,50,single_repeat,baseline_h200_base_stock,1,1,primary,200,200,True,1000,168.26008070273488,168.26351428368574,-0.0034335809508494177,"[-0.1576066164718938, 0.15118459898444053]",0.002040597431636838,"[-0.09045321329768007, 0.09313255238255189]",0.95,2026091603,5000,inconclusive,candidate_minus_reference; negative difference favors candidate,"paired demand-path sampling, excluding generation variation"
exp_ar_pos08_fixed6,self_evolve_h200_r1,capped_base_stock,steady,50,single_repeat,baseline_h200_capped_base_stock,1,1,primary,200,200,True,1000,168.26008070273488,165.26387083014717,2.99620987258774,"[2.6728111591711845, 3.3222713578521463]",-1.8129854138943167,"[-2.0218617525125997, -1.6057642092001843]",0.95,2026091603,5000,loss,candidate_minus_reference; negative difference favors candidate,"paired demand-path sampling, excluding generation variation"
exp_ar_pos08_fixed6,self_evolve_h200_r1,conditional_pil,steady,50,single_repeat,baseline_h200_conditional_pil,1,1,primary,200,200,True,1000,168.26008070273488,163.05951597651037,5.200564726224533,"[4.830872031503556, 5.557202555625945]",-3.1893659778639867,"[-3.4014863309512844, -2.9698292926583147]",0.95,2026091603,5000,loss,candidate_minus_reference; negative difference favors candidate,"paired demand-path sampling, excluding generation variation"
exp_ar_pos08_fixed6,self_evolve_h200_r1,constant_order,steady,50,single_repeat,baseline_h200_constant_order,1,1,primary,200,200,True,1000,168.26008070273488,172.65238766331316,-4.392306960578269,"[-5.603010823866941, -3.2993624900613643]",2.544017502464926,"[1.9337481808434316, 3.211770503168138]",0.95,2026091603,5000,win,candidate_minus_reference; negative difference favors candidate,"paired demand-path sampling, excluding generation variation"
exp_ar_pos08_fixed6,self_evolve_h200_r1,forecast_adaptive_pil,steady,50,single_repeat,baseline_h200_forecast_adaptive_pil,1,1,primary,200,200,True,1000,168.26008070273488,162.51993297815463,5.740147724580274,"[5.21931598145127, 6.257538106105291]",-3.5319653530449244,"[-3.8447122729823264, -3.213785532845911]",0.95,2026091603,5000,loss,candidate_minus_reference; negative difference favors candidate,"paired demand-path sampling, excluding generation variation"
exp_ar_pos08_fixed6,self_evolve_h200_r1,forecast_capped_base_stock,steady,50,single_repeat,baseline_h200_forecast_capped_base_stock,1,1,primary,200,200,True,1000,168.26008070273488,163.27300711434353,4.987073588391407,"[4.383128014453114, 5.577650946549512]",-3.054438499377182,"[-3.4151112383881994, -2.6820815080082174]",0.95,2026091603,5000,loss,candidate_minus_reference; negative difference favors candidate,"paired demand-path sampling, excluding generation variation"
exp_ar_pos08_fixed6,self_evolve_h200_r1,pil_cop_continuation,steady,50,single_repeat,baseline_h200_pil_cop_continuation,1,1,primary,200,200,True,1000,168.26008070273488,163.05951597651037,5.200564726224533,"[4.830872031503556, 5.557202555625945]",-3.1893659778639867,"[-3.4014863309512844, -2.9698292926583147]",0.95,2026091603,5000,loss,candidate_minus_reference; negative difference favors candidate,"paired demand-path sampling, excluding generation variation"
exp_ar_pos08_fixed6,self_evolve_h200_r1,base_stock,steady,100,single_repeat,baseline_h200_base_stock,1,1,primary,200,200,True,1000,167.54355741767475,167.53466761862026,0.0088897990544761,"[-0.10045920035731487, 0.11400417582534504]",-0.005306244481126404,"[-0.0683579001514656, 0.0598219272764639]",0.95,2026091603,5000,inconclusive,candidate_minus_reference; negative difference favors candidate,"paired demand-path sampling, excluding generation variation"
exp_ar_pos08_fixed6,self_evolve_h200_r1,capped_base_stock,steady,100,single_repeat,baseline_h200_capped_base_stock,1,1,primary,200,200,True,1000,167.54355741767475,164.57257479983375,2.9709826178410323,"[2.7522360448520238, 3.1938086130487586]",-1.8052720032207967,"[-1.9489499113441247, -1.665678609975556]",0.95,2026091603,5000,loss,candidate_minus_reference; negative difference favors candidate,"paired demand-path sampling, excluding generation variation"
exp_ar_pos08_fixed6,self_evolve_h200_r1,conditional_pil,steady,100,single_repeat,baseline_h200_conditional_pil,1,1,primary,200,200,True,1000,167.54355741767475,162.4022919864621,5.141265431212654,"[4.88388895226733, 5.3968028647613755]",-3.1657591579072184,"[-3.316512070578168, -3.0139539193720264]",0.95,2026091603,5000,loss,candidate_minus_reference; negative difference favors candidate,"paired demand-path sampling, excluding generation variation"
exp_ar_pos08_fixed6,self_evolve_h200_r1,constant_order,steady,100,single_repeat,baseline_h200_constant_order,1,1,primary,200,200,True,1000,167.54355741767475,171.36364400208765,-3.8200865844128877,"[-4.627607600561887, -3.068552062295438]",2.229228146179225,"[1.809150575165931, 2.6901376226814384]",0.95,2026091603,5000,win,candidate_minus_reference; negative difference favors candidate,"paired demand-path sampling, excluding generation variation"
exp_ar_pos08_fixed6,self_evolve_h200_r1,forecast_adaptive_pil,steady,100,single_repeat,baseline_h200_forecast_adaptive_pil,1,1,primary,200,200,True,1000,167.54355741767475,161.70770090808267,5.835856509592089,"[5.467080064072183, 6.20239641023325]",-3.6088921410794614,"[-3.828765128670926, -3.384659654880585]",0.95,2026091603,5000,loss,candidate_minus_reference; negative difference favors candidate,"paired demand-path sampling, excluding generation variation"
exp_ar_pos08_fixed6,self_evolve_h200_r1,forecast_capped_base_stock,steady,100,single_repeat,baseline_h200_forecast_capped_base_stock,1,1,primary,200,200,True,1000,167.54355741767475,162.37147320458706,5.172084213087702,"[4.7548936589777755, 5.593179932894012]",-3.185340448670372,"[-3.4442172341893964, -2.926923143394614]",0.95,2026091603,5000,loss,candidate_minus_reference; negative difference favors candidate,"paired demand-path sampling, excluding generation variation"
exp_ar_pos08_fixed6,self_evolve_h200_r1,pil_cop_continuation,steady,100,single_repeat,baseline_h200_pil_cop_continuation,1,1,primary,200,200,True,1000,167.54355741767475,162.4022919864621,5.141265431212654,"[4.88388895226733, 5.3968028647613755]",-3.1657591579072184,"[-3.316512070578168, -3.0139539193720264]",0.95,2026091603,5000,loss,candidate_minus_reference; negative difference favors candidate,"paired demand-path sampling, excluding generation variation"
exp_ar_pos08_fixed6,self_evolve_h200_r1,base_stock,steady,200,single_repeat,baseline_h200_base_stock,1,1,primary,200,200,True,1000,167.59157249078183,167.61434851404042,-0.022776023258614983,"[-0.10086888034362555, 0.05524349407479921]",0.013588349362989445,"[-0.03322269682255356, 0.06012438322057333]",0.95,2026091603,5000,inconclusive,candidate_minus_reference; negative difference favors candidate,"paired demand-path sampling, excluding generation variation"
exp_ar_pos08_fixed6,self_evolve_h200_r1,capped_base_stock,steady,200,single_repeat,baseline_h200_capped_base_stock,1,1,primary,200,200,True,1000,167.59157249078183,164.60430686398055,2.9872656268012796,"[2.827854156384988, 3.149162404165889]",-1.8148161999611454,"[-1.9185719204560816, -1.7135817050797126]",0.95,2026091603,5000,loss,candidate_minus_reference; negative difference favors candidate,"paired demand-path sampling, excluding generation variation"
exp_ar_pos08_fixed6,self_evolve_h200_r1,conditional_pil,steady,200,single_repeat,baseline_h200_conditional_pil,1,1,primary,200,200,True,1000,167.59157249078183,162.47453944886703,5.117033041914803,"[4.941855616061853, 5.297613405173175]",-3.1494368651681546,"[-3.257186133596267, -3.0434326007167893]",0.95,2026091603,5000,loss,candidate_minus_reference; negative difference favors candidate,"paired demand-path sampling, excluding generation variation"
exp_ar_pos08_fixed6,self_evolve_h200_r1,constant_order,steady,200,single_repeat,baseline_h200_constant_order,1,1,primary,200,200,True,1000,167.59157249078183,171.2400363094039,-3.648463818622077,"[-4.227827217608059, -3.1004572588689028]",2.1306137847517586,"[1.8210728169605532, 2.4550601427916168]",0.95,2026091603,5000,win,candidate_minus_reference; negative difference favors candidate,"paired demand-path sampling, excluding generation variation"
exp_ar_pos08_fixed6,self_evolve_h200_r1,forecast_adaptive_pil,steady,200,single_repeat,baseline_h200_forecast_adaptive_pil,1,1,primary,200,200,True,1000,167.59157249078183,161.81033978872654,5.781232702055283,"[5.523617960791504, 6.035836178396064]",-3.572845041672717,"[-3.7267448924784, -3.4184455308741843]",0.95,2026091603,5000,loss,candidate_minus_reference; negative difference favors candidate,"paired demand-path sampling, excluding generation variation"
exp_ar_pos08_fixed6,self_evolve_h200_r1,forecast_capped_base_stock,steady,200,single_repeat,baseline_h200_forecast_capped_base_stock,1,1,primary,200,200,True,1000,167.59157249078183,162.45013042599842,5.141442064783405,"[4.851520731790776, 5.435545148427101]",-3.164935633662361,"[-3.350435915552112, -2.985406214483268]",0.95,2026091603,5000,loss,candidate_minus_reference; negative difference favors candidate,"paired demand-path sampling, excluding generation variation"
exp_ar_pos08_fixed6,self_evolve_h200_r1,pil_cop_continuation,steady,200,single_repeat,baseline_h200_pil_cop_continuation,1,1,primary,200,200,True,1000,167.59157249078183,162.47453944886703,5.117033041914803,"[4.941855616061853, 5.297613405173175]",-3.1494368651681546,"[-3.257186133596267, -3.0434326007167893]",0.95,2026091603,5000,loss,candidate_minus_reference; negative difference favors candidate,"paired demand-path sampling, excluding generation variation"
exp_ar_pos08_fixed6,self_evolve_h200_r1,base_stock,steady,500,single_repeat,baseline_h200_base_stock,1,1,primary,200,200,True,1000,167.20805468327984,167.23387583067523,-0.025821147395416275,"[-0.07278097479365209, 0.02084802611632459]",0.015440141698046058,"[-0.01245502226363342, 0.043457608894347736]",0.95,2026091603,5000,inconclusive,candidate_minus_reference; negative difference favors candidate,"paired demand-path sampling, excluding generation variation"
exp_ar_pos08_fixed6,self_evolve_h200_r1,capped_base_stock,steady,500,single_repeat,baseline_h200_capped_base_stock,1,1,primary,200,200,True,1000,167.20805468327984,164.2207578263186,2.987296856961238,"[2.886555031645007, 3.090922136161684]",-1.8190738469984677,"[-1.8831673176542687, -1.7538499361703892]",0.95,2026091603,5000,loss,candidate_minus_reference; negative difference favors candidate,"paired demand-path sampling, excluding generation variation"
exp_ar_pos08_fixed6,self_evolve_h200_r1,conditional_pil,steady,500,single_repeat,baseline_h200_conditional_pil,1,1,primary,200,200,True,1000,167.20805468327984,162.1414799004231,5.066574782856722,"[4.952297392333436, 5.184814241468447]",-3.1247863199277033,"[-3.1941082431523817, -3.055159982736066]",0.95,2026091603,5000,loss,candidate_minus_reference; negative difference favors candidate,"paired demand-path sampling, excluding generation variation"
exp_ar_pos08_fixed6,self_evolve_h200_r1,constant_order,steady,500,single_repeat,baseline_h200_constant_order,1,1,primary,200,200,True,1000,167.20805468327984,170.56361848321848,-3.3555637999386683,"[-3.696356108769789, -3.021392295327362]",1.9673385390031377,"[1.7779448368238524, 2.159499417256704]",0.95,2026091603,5000,win,candidate_minus_reference; negative difference favors candidate,"paired demand-path sampling, excluding generation variation"
exp_ar_pos08_fixed6,self_evolve_h200_r1,forecast_adaptive_pil,steady,500,single_repeat,baseline_h200_forecast_adaptive_pil,1,1,primary,200,200,True,1000,167.20805468327984,161.44540336404606,5.762651319233772,"[5.590035120898996, 5.940337410480231]",-3.569411825395536,"[-3.6774325148835927, -3.4641636196344914]",0.95,2026091603,5000,loss,candidate_minus_reference; negative difference favors candidate,"paired demand-path sampling, excluding generation variation"
exp_ar_pos08_fixed6,self_evolve_h200_r1,forecast_capped_base_stock,steady,500,single_repeat,baseline_h200_forecast_capped_base_stock,1,1,primary,200,200,True,1000,167.20805468327984,161.9457944136915,5.262260269588346,"[5.064360667250574, 5.466473634985667]",-3.2493960640594826,"[-3.3795175346846458, -3.1249656306659515]",0.95,2026091603,5000,loss,candidate_minus_reference; negative difference favors candidate,"paired demand-path sampling, excluding generation variation"
exp_ar_pos08_fixed6,self_evolve_h200_r1,pil_cop_continuation,steady,500,single_repeat,baseline_h200_pil_cop_continuation,1,1,primary,200,200,True,1000,167.20805468327984,162.1414799004231,5.066574782856722,"[4.952297392333436, 5.184814241468447]",-3.1247863199277033,"[-3.1941082431523817, -3.055159982736066]",0.95,2026091603,5000,loss,candidate_minus_reference; negative difference favors candidate,"paired demand-path sampling, excluding generation variation"
exp_ar_pos08_fixed6,self_evolve_h200_r1,base_stock,cold_start,50,single_repeat,baseline_h200_base_stock,1,1,primary,200,200,True,1000,177.75883787070146,178.63952681006072,-0.8806889393592752,"[-1.0406415533772633, -0.7194891477069663]",0.49299780126245873,"[0.405181904453182, 0.5778729908229091]",0.95,2026091603,5000,win,candidate_minus_reference; negative difference favors candidate,"paired demand-path sampling, excluding generation variation"
exp_ar_pos08_fixed6,self_evolve_h200_r1,capped_base_stock,cold_start,50,single_repeat,baseline_h200_capped_base_stock,1,1,primary,200,200,True,1000,177.75883787070146,167.94008336307732,9.818754507624144,"[9.423957252768838, 10.220681181966645]",-5.846581894565648,"[-6.159608292498016, -5.544472048384801]",0.95,2026091603,5000,loss,candidate_minus_reference; negative difference favors candidate,"paired demand-path sampling, excluding generation variation"
exp_ar_pos08_fixed6,self_evolve_h200_r1,conditional_pil,cold_start,50,single_repeat,baseline_h200_conditional_pil,1,1,primary,200,200,True,1000,177.75883787070146,165.93039026781847,11.828447602882965,"[11.43927473868022, 12.211720224563955]",-7.128560105108768,"[-7.408298869527599, -6.857427889178024]",0.95,2026091603,5000,loss,candidate_minus_reference; negative difference favors candidate,"paired demand-path sampling, excluding generation variation"
exp_ar_pos08_fixed6,self_evolve_h200_r1,constant_order,cold_start,50,single_repeat,baseline_h200_constant_order,1,1,primary,200,200,True,1000,177.75883787070146,172.96129871413027,4.797539156571177,"[3.9072956503331002, 5.630818000598072]",-2.7737645312784935,"[-3.3100386947599394, -2.2283370033003034]",0.95,2026091603,5000,loss,candidate_minus_reference; negative difference favors candidate,"paired demand-path sampling, excluding generation variation"
exp_ar_pos08_fixed6,self_evolve_h200_r1,forecast_adaptive_pil,cold_start,50,single_repeat,baseline_h200_forecast_adaptive_pil,1,1,primary,200,200,True,1000,177.75883787070146,165.32366464313913,12.435173227562334,"[11.917454727326039, 12.943476032855209]",-7.521713999265856,"[-7.8677991768981075, -7.177227213694548]",0.95,2026091603,5000,loss,candidate_minus_reference; negative difference favors candidate,"paired demand-path sampling, excluding generation variation"
exp_ar_pos08_fixed6,self_evolve_h200_r1,forecast_capped_base_stock,cold_start,50,single_repeat,baseline_h200_forecast_capped_base_stock,1,1,primary,200,200,True,1000,177.75883787070146,165.9115455736047,11.847292297096745,"[11.238706651037376, 12.458414254096017]",-7.140728064546195,"[-7.549912836813218, -6.7357608362415125]",0.95,2026091603,5000,loss,candidate_minus_reference; negative difference favors candidate,"paired demand-path sampling, excluding generation variation"
exp_ar_pos08_fixed6,self_evolve_h200_r1,pil_cop_continuation,cold_start,50,single_repeat,baseline_h200_pil_cop_continuation,1,1,primary,200,200,True,1000,177.75883787070146,165.93039026781847,11.828447602882965,"[11.43927473868022, 12.211720224563955]",-7.128560105108768,"[-7.408298869527599, -6.857427889178024]",0.95,2026091603,5000,loss,candidate_minus_reference; negative difference favors candidate,"paired demand-path sampling, excluding generation variation"
exp_ar_pos08_fixed6,self_evolve_h200_r1,base_stock,cold_start,100,single_repeat,baseline_h200_base_stock,1,1,primary,200,200,True,1000,172.6426314920715,173.17166809328813,-0.5290366012166494,"[-0.6416993368659923, -0.4147544119432493]",0.3054983572322223,"[0.24127953045839737, 0.3689941541088545]",0.95,2026091603,5000,win,candidate_minus_reference; negative difference favors candidate,"paired demand-path sampling, excluding generation variation"
exp_ar_pos08_fixed6,self_evolve_h200_r1,capped_base_stock,cold_start,100,single_repeat,baseline_h200_capped_base_stock,1,1,primary,200,200,True,1000,172.6426314920715,166.0890737110771,6.553557780994395,"[6.301940504170214, 6.811802761874321]",-3.945809097830687,"[-4.131830221341103, -3.768373973346488]",0.95,2026091603,5000,loss,candidate_minus_reference; negative difference favors candidate,"paired demand-path sampling, excluding generation variation"
exp_ar_pos08_fixed6,self_evolve_h200_r1,conditional_pil,cold_start,100,single_repeat,baseline_h200_conditional_pil,1,1,primary,200,200,True,1000,172.6426314920715,164.1285267892381,8.514104702833436,"[8.24251149120662, 8.781141044624764]",-5.187461844318264,"[-5.362405241134736, -5.014352419981561]",0.95,2026091603,5000,loss,candidate_minus_reference; negative difference favors candidate,"paired demand-path sampling, excluding generation variation"
exp_ar_pos08_fixed6,self_evolve_h200_r1,constant_order,cold_start,100,single_repeat,baseline_h200_constant_order,1,1,primary,200,200,True,1000,172.6426314920715,171.31915935193183,1.323472140139681,"[0.7271566968987058, 1.904867213418401]",-0.7725184650369039,"[-1.1250496749302885, -0.4212661084381359]",0.95,2026091603,5000,loss,candidate_minus_reference; negative difference favors candidate,"paired demand-path sampling, excluding generation variation"
exp_ar_pos08_fixed6,self_evolve_h200_r1,forecast_adaptive_pil,cold_start,100,single_repeat,baseline_h200_forecast_adaptive_pil,1,1,primary,200,200,True,1000,172.6426314920715,163.5540955200927,9.088535971978818,"[8.716421177694015, 9.449994092972432]",-5.5568990449782305,"[-5.781729319565682, -5.325514375975219]",0.95,2026091603,5000,loss,candidate_minus_reference; negative difference favors candidate,"paired demand-path sampling, excluding generation variation"
exp_ar_pos08_fixed6,self_evolve_h200_r1,forecast_capped_base_stock,cold_start,100,single_repeat,baseline_h200_forecast_capped_base_stock,1,1,primary,200,200,True,1000,172.6426314920715,164.13802444184182,8.504607050229692,"[8.084453635981934, 8.92618360535349]",-5.1813752962788175,"[-5.447084818692468, -4.913735179517047]",0.95,2026091603,5000,loss,candidate_minus_reference; negative difference favors candidate,"paired demand-path sampling, excluding generation variation"
exp_ar_pos08_fixed6,self_evolve_h200_r1,pil_cop_continuation,cold_start,100,single_repeat,baseline_h200_pil_cop_continuation,1,1,primary,200,200,True,1000,172.6426314920715,164.1285267892381,8.514104702833436,"[8.24251149120662, 8.781141044624764]",-5.187461844318264,"[-5.362405241134736, -5.014352419981561]",0.95,2026091603,5000,loss,candidate_minus_reference; negative difference favors candidate,"paired demand-path sampling, excluding generation variation"
exp_ar_pos08_fixed6,self_evolve_h200_r1,base_stock,cold_start,200,single_repeat,baseline_h200_base_stock,1,1,primary,200,200,True,1000,169.28365997889912,169.54384283395945,-0.2601828550603076,"[-0.3407747791069829, -0.17996114469922317]",0.15346051541082992,"[0.10680234372043482, 0.20012154108149519]",0.95,2026091603,5000,win,candidate_minus_reference; negative difference favors candidate,"paired demand-path sampling, excluding generation variation"
exp_ar_pos08_fixed6,self_evolve_h200_r1,capped_base_stock,cold_start,200,single_repeat,baseline_h200_capped_base_stock,1,1,primary,200,200,True,1000,169.28365997889912,164.34588365903193,4.937776319867162,"[4.765616708166022, 5.1056344845089425]",-3.004502583168795,"[-3.1198536654938462, -2.886474834482245]",0.95,2026091603,5000,loss,candidate_minus_reference; negative difference favors candidate,"paired demand-path sampling, excluding generation variation"
exp_ar_pos08_fixed6,self_evolve_h200_r1,conditional_pil,cold_start,200,single_repeat,baseline_h200_conditional_pil,1,1,primary,200,200,True,1000,169.28365997889912,162.41724593078268,6.866414048116422,"[6.683792755178783, 7.046654281962265]",-4.2276385175517,"[-4.34001768113804, -4.113220049198116]",0.95,2026091603,5000,loss,candidate_minus_reference; negative difference favors candidate,"paired demand-path sampling, excluding generation variation"
exp_ar_pos08_fixed6,self_evolve_h200_r1,constant_order,cold_start,200,single_repeat,baseline_h200_constant_order,1,1,primary,200,200,True,1000,169.28365997889912,170.2320475167392,-0.9483875378400847,"[-1.4295388000074207, -0.4841085599357414]",0.5571145690101661,"[0.286661901106582, 0.8350597153943136]",0.95,2026091603,5000,win,candidate_minus_reference; negative difference favors candidate,"paired demand-path sampling, excluding generation variation"
exp_ar_pos08_fixed6,self_evolve_h200_r1,forecast_adaptive_pil,cold_start,200,single_repeat,baseline_h200_forecast_adaptive_pil,1,1,primary,200,200,True,1000,169.28365997889912,161.793616976742,7.490043002157113,"[7.240399873713399, 7.7442408195768495]",-4.6293810238718125,"[-4.7879564840246305, -4.474085117885704]",0.95,2026091603,5000,loss,candidate_minus_reference; negative difference favors candidate,"paired demand-path sampling, excluding generation variation"
exp_ar_pos08_fixed6,self_evolve_h200_r1,forecast_capped_base_stock,cold_start,200,single_repeat,baseline_h200_forecast_capped_base_stock,1,1,primary,200,200,True,1000,169.28365997889912,162.3282206613965,6.955439317502598,"[6.672709594967059, 7.250730300160336]",-4.284799826649431,"[-4.471196261928564, -4.104020911850026]",0.95,2026091603,5000,loss,candidate_minus_reference; negative difference favors candidate,"paired demand-path sampling, excluding generation variation"
exp_ar_pos08_fixed6,self_evolve_h200_r1,pil_cop_continuation,cold_start,200,single_repeat,baseline_h200_pil_cop_continuation,1,1,primary,200,200,True,1000,169.28365997889912,162.41724593078268,6.866414048116422,"[6.683792755178783, 7.046654281962265]",-4.2276385175517,"[-4.34001768113804, -4.113220049198116]",0.95,2026091603,5000,loss,candidate_minus_reference; negative difference favors candidate,"paired demand-path sampling, excluding generation variation"
exp_ar_pos08_fixed6,self_evolve_h200_r1,base_stock,cold_start,500,single_repeat,baseline_h200_base_stock,1,1,primary,200,200,True,1000,168.23771275237436,168.3681696047755,-0.130456852401143,"[-0.182821544882262, -0.07973648060540607]",0.07748308525735988,"[0.04740192676316442, 0.10836706321567982]",0.95,2026091603,5000,win,candidate_minus_reference; negative difference favors candidate,"paired demand-path sampling, excluding generation variation"
exp_ar_pos08_fixed6,self_evolve_h200_r1,capped_base_stock,cold_start,500,single_repeat,baseline_h200_capped_base_stock,1,1,primary,200,200,True,1000,168.23771275237436,164.44583781455765,3.791874937816693,"[3.695219722798162, 3.8927296355377887]",-2.305850356694791,"[-2.372385514986853, -2.2415011473468494]",0.95,2026091603,5000,loss,candidate_minus_reference; negative difference favors candidate,"paired demand-path sampling, excluding generation variation"
exp_ar_pos08_fixed6,self_evolve_h200_r1,conditional_pil,cold_start,500,single_repeat,baseline_h200_conditional_pil,1,1,primary,200,200,True,1000,168.23771275237436,162.38529535492754,5.852417397446812,"[5.738816913041238, 5.970463865152189]",-3.6040316240797097,"[-3.6733062037963142, -3.536310214467142]",0.95,2026091603,5000,loss,candidate_minus_reference; negative difference favors candidate,"paired demand-path sampling, excluding generation variation"
exp_ar_pos08_fixed6,self_evolve_h200_r1,constant_order,cold_start,500,single_repeat,baseline_h200_constant_order,1,1,primary,200,200,True,1000,168.23771275237436,170.58651214751345,-2.348799395139079,"[-2.653831670687097, -2.0400001464507826]",1.3768963123579048,"[1.2008037955478508, 1.5502936881784177]",0.95,2026091603,5000,win,candidate_minus_reference; negative difference favors candidate,"paired demand-path sampling, excluding generation variation"
exp_ar_pos08_fixed6,self_evolve_h200_r1,forecast_adaptive_pil,cold_start,500,single_repeat,baseline_h200_forecast_adaptive_pil,1,1,primary,200,200,True,1000,168.23771275237436,161.72956780901302,6.508144943361353,"[6.344353981179573, 6.672776158575347]",-4.024090975774346,"[-4.1236288660112255, -3.9238998745106812]",0.95,2026091603,5000,loss,candidate_minus_reference; negative difference favors candidate,"paired demand-path sampling, excluding generation variation"
exp_ar_pos08_fixed6,self_evolve_h200_r1,forecast_capped_base_stock,cold_start,500,single_repeat,baseline_h200_forecast_capped_base_stock,1,1,primary,200,200,True,1000,168.23771275237436,162.2638685044758,5.9738442478985645,"[5.786351581834437, 6.160505943004133]",-3.681561584200607,"[-3.7973159965505334, -3.5643044610310706]",0.95,2026091603,5000,loss,candidate_minus_reference; negative difference favors candidate,"paired demand-path sampling, excluding generation variation"
exp_ar_pos08_fixed6,self_evolve_h200_r1,pil_cop_continuation,cold_start,500,single_repeat,baseline_h200_pil_cop_continuation,1,1,primary,200,200,True,1000,168.23771275237436,162.38529535492754,5.852417397446812,"[5.738816913041238, 5.970463865152189]",-3.6040316240797097,"[-3.6733062037963142, -3.536310214467142]",0.95,2026091603,5000,loss,candidate_minus_reference; negative difference favors candidate,"paired demand-path sampling, excluding generation variation"
exp_ar_pos08_fixed6,self_evolve_h200_r2,base_stock,steady,50,single_repeat,baseline_h200_base_stock,2,1,primary,200,200,True,1000,164.0058360853378,168.26351428368574,-4.257678198347936,"[-4.644898285732493, -3.851933946976751]",2.530363291455845,"[2.295997479243976, 2.752092749465935]",0.95,2026091603,5000,win,candidate_minus_reference; negative difference favors candidate,"paired demand-path sampling, excluding generation variation"
exp_ar_pos08_fixed6,self_evolve_h200_r2,capped_base_stock,steady,50,single_repeat,baseline_h200_capped_base_stock,2,1,primary,200,200,True,1000,164.0058360853378,165.26387083014717,-1.2580347448093467,"[-1.6268669145617853, -0.8727574636122063]",0.7612279311201334,"[0.5317618687062124, 0.978957209602964]",0.95,2026091603,5000,win,candidate_minus_reference; negative difference favors candidate,"paired demand-path sampling, excluding generation variation"
exp_ar_pos08_fixed6,self_evolve_h200_r2,conditional_pil,steady,50,single_repeat,baseline_h200_conditional_pil,2,1,primary,200,200,True,1000,164.0058360853378,163.05951597651037,0.9463201088274469,"[0.6364232335216888, 1.2636708893788793]",-0.5803525805655798,"[-0.7693909179980674, -0.3902337647028023]",0.95,2026091603,5000,loss,candidate_minus_reference; negative difference favors candidate,"paired demand-path sampling, excluding generation variation"
exp_ar_pos08_fixed6,self_evolve_h200_r2,constant_order,steady,50,single_repeat,baseline_h200_constant_order,2,1,primary,200,200,True,1000,164.0058360853378,172.65238766331316,-8.646551577975355,"[-9.820899930074175, -7.567769545863326]",5.008069506016264,"[4.434696090744808, 5.630598832570233]",0.95,2026091603,5000,win,candidate_minus_reference; negative difference favors candidate,"paired demand-path sampling, excluding generation variation"
exp_ar_pos08_fixed6,self_evolve_h200_r2,forecast_adaptive_pil,steady,50,single_repeat,baseline_h200_forecast_adaptive_pil,2,1,primary,200,200,True,1000,164.0058360853378,162.51993297815463,1.4859031071831883,"[1.1327167398507425, 1.8332468969648745]",-0.9142897612337142,"[-1.1231223616901722, -0.6997937620153979]",0.95,2026091603,5000,loss,candidate_minus_reference; negative difference favors candidate,"paired demand-path sampling, excluding generation variation"
exp_ar_pos08_fixed6,self_evolve_h200_r2,forecast_capped_base_stock,steady,50,single_repeat,baseline_h200_forecast_capped_base_stock,2,1,primary,200,200,True,1000,164.0058360853378,163.27300711434353,0.732828970994321,"[0.28021184433640833, 1.1931876310153828]",-0.44883657375223496,"[-0.7321741305340305, -0.17048196082850048]",0.95,2026091603,5000,loss,candidate_minus_reference; negative difference favors candidate,"paired demand-path sampling, excluding generation variation"
exp_ar_pos08_fixed6,self_evolve_h200_r2,pil_cop_continuation,steady,50,single_repeat,baseline_h200_pil_cop_continuation,2,1,primary,200,200,True,1000,164.0058360853378,163.05951597651037,0.9463201088274469,"[0.6364232335216888, 1.2636708893788793]",-0.5803525805655798,"[-0.7693909179980674, -0.3902337647028023]",0.95,2026091603,5000,loss,candidate_minus_reference; negative difference favors candidate,"paired demand-path sampling, excluding generation variation"
exp_ar_pos08_fixed6,self_evolve_h200_r2,base_stock,steady,100,single_repeat,baseline_h200_base_stock,2,1,primary,200,200,True,1000,163.2816851972664,167.53466761862026,-4.2529824213538685,"[-4.534414230647707, -3.971295647462602]",2.5385685731835808,"[2.3742568079803292, 2.7025158371710503]",0.95,2026091603,5000,win,candidate_minus_reference; negative difference favors candidate,"paired demand-path sampling, excluding generation variation"
exp_ar_pos08_fixed6,self_evolve_h200_r2,capped_base_stock,steady,100,single_repeat,baseline_h200_capped_base_stock,2,1,primary,200,200,True,1000,163.2816851972664,164.57257479983375,-1.290889602567313,"[-1.5552728943721346, -1.0198559073349316]",0.7843892605663062,"[0.6228607601452626, 0.9426847838814647]",0.95,2026091603,5000,win,candidate_minus_reference; negative difference favors candidate,"paired demand-path sampling, excluding generation variation"
exp_ar_pos08_fixed6,self_evolve_h200_r2,conditional_pil,steady,100,single_repeat,baseline_h200_conditional_pil,2,1,primary,200,200,True,1000,163.2816851972664,162.4022919864621,0.8793932108043102,"[0.6625321511859895, 1.0977812753991263]",-0.5414906403399785,"[-0.6725882398490597, -0.4099761447881938]",0.95,2026091603,5000,loss,candidate_minus_reference; negative difference favors candidate,"paired demand-path sampling, excluding generation variation"
exp_ar_pos08_fixed6,self_evolve_h200_r2,constant_order,steady,100,single_repeat,baseline_h200_constant_order,2,1,primary,200,200,True,1000,163.2816851972664,171.36364400208765,-8.081958804821232,"[-8.891914475794563, -7.311551573947043]",4.716262222296578,"[4.305721246437566, 5.156463236080605]",0.95,2026091603,5000,win,candidate_minus_reference; negative difference favors candidate,"paired demand-path sampling, excluding generation variation"
exp_ar_pos08_fixed6,self_evolve_h200_r2,forecast_adaptive_pil,steady,100,single_repeat,baseline_h200_forecast_adaptive_pil,2,1,primary,200,200,True,1000,163.2816851972664,161.70770090808267,1.5739842891837452,"[1.3317095893223423, 1.812093236895722]",-0.9733514732723865,"[-1.1189893713592614, -0.8273239767061772]",0.95,2026091603,5000,loss,candidate_minus_reference; negative difference favors candidate,"paired demand-path sampling, excluding generation variation"
exp_ar_pos08_fixed6,self_evolve_h200_r2,forecast_capped_base_stock,steady,100,single_repeat,baseline_h200_forecast_capped_base_stock,2,1,primary,200,200,True,1000,163.2816851972664,162.37147320458706,0.910211992679357,"[0.5929826928001044, 1.2404157315084492]",-0.5605738340086838,"[-0.7638383919080688, -0.3654687791874718]",0.95,2026091603,5000,loss,candidate_minus_reference; negative difference favors candidate,"paired demand-path sampling, excluding generation variation"
exp_ar_pos08_fixed6,self_evolve_h200_r2,pil_cop_continuation,steady,100,single_repeat,baseline_h200_pil_cop_continuation,2,1,primary,200,200,True,1000,163.2816851972664,162.4022919864621,0.8793932108043102,"[0.6625321511859895, 1.0977812753991263]",-0.5414906403399785,"[-0.6725882398490597, -0.4099761447881938]",0.95,2026091603,5000,loss,candidate_minus_reference; negative difference favors candidate,"paired demand-path sampling, excluding generation variation"
exp_ar_pos08_fixed6,self_evolve_h200_r2,base_stock,steady,200,single_repeat,baseline_h200_base_stock,2,1,primary,200,200,True,1000,163.33086580009984,167.61434851404042,-4.283482713940572,"[-4.482523803102967, -4.074894334818193]",2.555558490018986,"[2.435389265449728, 2.672066506466341]",0.95,2026091603,5000,win,candidate_minus_reference; negative difference favors candidate,"paired demand-path sampling, excluding generation variation"
exp_ar_pos08_fixed6,self_evolve_h200_r2,capped_base_stock,steady,200,single_repeat,baseline_h200_capped_base_stock,2,1,primary,200,200,True,1000,163.33086580009984,164.60430686398055,-1.2734410638806763,"[-1.4673317135774608, -1.0828101634380458]",0.7736377547721205,"[0.6600693053428105, 0.8879195108850348]",0.95,2026091603,5000,win,candidate_minus_reference; negative difference favors candidate,"paired demand-path sampling, excluding generation variation"
exp_ar_pos08_fixed6,self_evolve_h200_r2,conditional_pil,steady,200,single_repeat,baseline_h200_conditional_pil,2,1,primary,200,200,True,1000,163.33086580009984,162.47453944886703,0.8563263512328472,"[0.6964831807803796, 1.0178415742600753]",-0.527052641070761,"[-0.6264005546038232, -0.4298823686700203]",0.95,2026091603,5000,loss,candidate_minus_reference; negative difference favors candidate,"paired demand-path sampling, excluding generation variation"
exp_ar_pos08_fixed6,self_evolve_h200_r2,constant_order,steady,200,single_repeat,baseline_h200_constant_order,2,1,primary,200,200,True,1000,163.33086580009984,171.2400363094039,-7.909170509304032,"[-8.471778896344407, -7.363157431294738]",4.618762457520991,"[4.3306818914965985, 4.924086103261962]",0.95,2026091603,5000,win,candidate_minus_reference; negative difference favors candidate,"paired demand-path sampling, excluding generation variation"
exp_ar_pos08_fixed6,self_evolve_h200_r2,forecast_adaptive_pil,steady,200,single_repeat,baseline_h200_forecast_adaptive_pil,2,1,primary,200,200,True,1000,163.33086580009984,161.81033978872654,1.5205260113733263,"[1.3473909981206154, 1.6998567718857454]",-0.9396964454549909,"[-1.0500484256846505, -0.8335009133583259]",0.95,2026091603,5000,loss,candidate_minus_reference; negative difference favors candidate,"paired demand-path sampling, excluding generation variation"
exp_ar_pos08_fixed6,self_evolve_h200_r2,forecast_capped_base_stock,steady,200,single_repeat,baseline_h200_forecast_capped_base_stock,2,1,primary,200,200,True,1000,163.33086580009984,162.45013042599842,0.880735374101449,"[0.6509992411286373, 1.1231562599527192]",-0.5421573819558272,"[-0.6920716926100701, -0.40034767558794127]",0.95,2026091603,5000,loss,candidate_minus_reference; negative difference favors candidate,"paired demand-path sampling, excluding generation variation"
exp_ar_pos08_fixed6,self_evolve_h200_r2,pil_cop_continuation,steady,200,single_repeat,baseline_h200_pil_cop_continuation,2,1,primary,200,200,True,1000,163.33086580009984,162.47453944886703,0.8563263512328472,"[0.6964831807803796, 1.0178415742600753]",-0.527052641070761,"[-0.6264005546038232, -0.4298823686700203]",0.95,2026091603,5000,loss,candidate_minus_reference; negative difference favors candidate,"paired demand-path sampling, excluding generation variation"
exp_ar_pos08_fixed6,self_evolve_h200_r2,base_stock,steady,500,single_repeat,baseline_h200_base_stock,2,1,primary,200,200,True,1000,163.0390311399233,167.23387583067523,-4.194844690751946,"[-4.318275495208126, -4.068415503679991]",2.508370191096458,"[2.4344421157125704, 2.578767492409973]",0.95,2026091603,5000,win,candidate_minus_reference; negative difference favors candidate,"paired demand-path sampling, excluding generation variation"
exp_ar_pos08_fixed6,self_evolve_h200_r2,capped_base_stock,steady,500,single_repeat,baseline_h200_capped_base_stock,2,1,primary,200,200,True,1000,163.0390311399233,164.2207578263186,-1.1817266863952927,"[-1.295823751497523, -1.0613549544927974]",0.7195964152382519,"[0.6481795237211042, 0.78787347949267]",0.95,2026091603,5000,win,candidate_minus_reference; negative difference favors candidate,"paired demand-path sampling, excluding generation variation"
exp_ar_pos08_fixed6,self_evolve_h200_r2,conditional_pil,steady,500,single_repeat,baseline_h200_conditional_pil,2,1,primary,200,200,True,1000,163.0390311399233,162.1414799004231,0.8975512395001907,"[0.8039174341930708, 0.9948190348930437]",-0.5535605324753637,"[-0.6117995052669114, -0.4971162036987412]",0.95,2026091603,5000,loss,candidate_minus_reference; negative difference favors candidate,"paired demand-path sampling, excluding generation variation"
exp_ar_pos08_fixed6,self_evolve_h200_r2,constant_order,steady,500,single_repeat,baseline_h200_constant_order,2,1,primary,200,200,True,1000,163.0390311399233,170.56361848321848,-7.524587343295199,"[-7.868603553864688, -7.192131800557356]",4.411601612471361,"[4.2331614440585685, 4.5938244307001295]",0.95,2026091603,5000,win,candidate_minus_reference; negative difference favors candidate,"paired demand-path sampling, excluding generation variation"
exp_ar_pos08_fixed6,self_evolve_h200_r2,forecast_adaptive_pil,steady,500,single_repeat,baseline_h200_forecast_adaptive_pil,2,1,primary,200,200,True,1000,163.0390311399233,161.44540336404606,1.5936277758772412,"[1.4779747130250405, 1.7141239725512067]",-0.9871001234291897,"[-1.061305268442832, -0.9166630632044417]",0.95,2026091603,5000,loss,candidate_minus_reference; negative difference favors candidate,"paired demand-path sampling, excluding generation variation"
exp_ar_pos08_fixed6,self_evolve_h200_r2,forecast_capped_base_stock,steady,500,single_repeat,baseline_h200_forecast_capped_base_stock,2,1,primary,200,200,True,1000,163.0390311399233,161.9457944136915,1.0932367262318161,"[0.9410727101929462, 1.254364473576266]",-0.6750633631393618,"[-0.7747637648772364, -0.5803209284542039]",0.95,2026091603,5000,loss,candidate_minus_reference; negative difference favors candidate,"paired demand-path sampling, excluding generation variation"
exp_ar_pos08_fixed6,self_evolve_h200_r2,pil_cop_continuation,steady,500,single_repeat,baseline_h200_pil_cop_continuation,2,1,primary,200,200,True,1000,163.0390311399233,162.1414799004231,0.8975512395001907,"[0.8039174341930708, 0.9948190348930437]",-0.5535605324753637,"[-0.6117995052669114, -0.4971162036987412]",0.95,2026091603,5000,loss,candidate_minus_reference; negative difference favors candidate,"paired demand-path sampling, excluding generation variation"
exp_ar_pos08_fixed6,self_evolve_h200_r2,base_stock,cold_start,50,single_repeat,baseline_h200_base_stock,2,1,primary,200,200,True,1000,167.954765309632,178.63952681006072,-10.684761500428724,"[-11.136788167596476, -10.231108126156672]",5.98118551432872,"[5.7223444497553695, 6.243839615549435]",0.95,2026091603,5000,win,candidate_minus_reference; negative difference favors candidate,"paired demand-path sampling, excluding generation variation"
exp_ar_pos08_fixed6,self_evolve_h200_r2,capped_base_stock,cold_start,50,single_repeat,baseline_h200_capped_base_stock,2,1,primary,200,200,True,1000,167.954765309632,167.94008336307732,0.014681946554696935,"[-0.45193982552718986, 0.4912789716737146]",-0.008742371839206828,"[-0.2944329807503341, 0.26780829913721815]",0.95,2026091603,5000,inconclusive,candidate_minus_reference; negative difference favors candidate,"paired demand-path sampling, excluding generation variation"
exp_ar_pos08_fixed6,self_evolve_h200_r2,conditional_pil,cold_start,50,single_repeat,baseline_h200_conditional_pil,2,1,primary,200,200,True,1000,167.954765309632,165.93039026781847,2.0243750418135162,"[1.6631595177742433, 2.3933859757266682]",-1.2200146329711534,"[-1.4456122025338056, -1.002493830266609]",0.95,2026091603,5000,loss,candidate_minus_reference; negative difference favors candidate,"paired demand-path sampling, excluding generation variation"
exp_ar_pos08_fixed6,self_evolve_h200_r2,constant_order,cold_start,50,single_repeat,baseline_h200_constant_order,2,1,primary,200,200,True,1000,167.954765309632,172.96129871413027,-5.0065334044982714,"[-5.942665965607704, -4.157028957882162]",2.8945974860960364,"[2.4356512449850776, 3.3890085471740474]",0.95,2026091603,5000,win,candidate_minus_reference; negative difference favors candidate,"paired demand-path sampling, excluding generation variation"
exp_ar_pos08_fixed6,self_evolve_h200_r2,forecast_adaptive_pil,cold_start,50,single_repeat,baseline_h200_forecast_adaptive_pil,2,1,primary,200,200,True,1000,167.954765309632,165.32366464313913,2.631100666492886,"[2.2200526248053034, 3.0523619394975268]",-1.5914846021422617,"[-1.8503452016655078, -1.3459313685698489]",0.95,2026091603,5000,loss,candidate_minus_reference; negative difference favors candidate,"paired demand-path sampling, excluding generation variation"
exp_ar_pos08_fixed6,self_evolve_h200_r2,forecast_capped_base_stock,cold_start,50,single_repeat,baseline_h200_forecast_capped_base_stock,2,1,primary,200,200,True,1000,167.954765309632,165.9115455736047,2.043219736027298,"[1.5014698146817171, 2.6091741219796614]",-1.2315114834011547,"[-1.5757214710733085, -0.9032659669331329]",0.95,2026091603,5000,loss,candidate_minus_reference; negative difference favors candidate,"paired demand-path sampling, excluding generation variation"
exp_ar_pos08_fixed6,self_evolve_h200_r2,pil_cop_continuation,cold_start,50,single_repeat,baseline_h200_pil_cop_continuation,2,1,primary,200,200,True,1000,167.954765309632,165.93039026781847,2.0243750418135162,"[1.6631595177742433, 2.3933859757266682]",-1.2200146329711534,"[-1.4456122025338056, -1.002493830266609]",0.95,2026091603,5000,loss,candidate_minus_reference; negative difference favors candidate,"paired demand-path sampling, excluding generation variation"
exp_ar_pos08_fixed6,self_evolve_h200_r2,base_stock,cold_start,100,single_repeat,baseline_h200_base_stock,2,1,primary,200,200,True,1000,165.64835127941612,173.17166809328813,-7.523316813872029,"[-7.833875842841795, -7.219066731677499]",4.34442706287219,"[4.171492631951922, 4.515932219613969]",0.95,2026091603,5000,win,candidate_minus_reference; negative difference favors candidate,"paired demand-path sampling, excluding generation variation"
exp_ar_pos08_fixed6,self_evolve_h200_r2,capped_base_stock,cold_start,100,single_repeat,baseline_h200_capped_base_stock,2,1,primary,200,200,True,1000,165.64835127941612,166.0890737110771,-0.44072243166098374,"[-0.7508139643664863, -0.13652720545609717]",0.2653530553296075,"[0.08331595262399097, 0.4472591460584283]",0.95,2026091603,5000,win,candidate_minus_reference; negative difference favors candidate,"paired demand-path sampling, excluding generation variation"
exp_ar_pos08_fixed6,self_evolve_h200_r2,conditional_pil,cold_start,100,single_repeat,baseline_h200_conditional_pil,2,1,primary,200,200,True,1000,165.64835127941612,164.1285267892381,1.5198244901780562,"[1.2870337604434041, 1.7587089831825895]",-0.9259965466756868,"[-1.0720232944656158, -0.7841837748614494]",0.95,2026091603,5000,loss,candidate_minus_reference; negative difference favors candidate,"paired demand-path sampling, excluding generation variation"
exp_ar_pos08_fixed6,self_evolve_h200_r2,constant_order,cold_start,100,single_repeat,baseline_h200_constant_order,2,1,primary,200,200,True,1000,165.64835127941612,171.31915935193183,-5.6708080725156975,"[-6.285775322061912, -5.0823029179030295]",3.3100839940887594,"[2.9990259523846747, 3.634055117330749]",0.95,2026091603,5000,win,candidate_minus_reference; negative difference favors candidate,"paired demand-path sampling, excluding generation variation"
exp_ar_pos08_fixed6,self_evolve_h200_r2,forecast_adaptive_pil,cold_start,100,single_repeat,baseline_h200_forecast_adaptive_pil,2,1,primary,200,200,True,1000,165.64835127941612,163.5540955200927,2.0942557593234383,"[1.8310989754638713, 2.3598995059314025]",-1.280466718160629,"[-1.4436290965388183, -1.1208728542457553]",0.95,2026091603,5000,loss,candidate_minus_reference; negative difference favors candidate,"paired demand-path sampling, excluding generation variation"
exp_ar_pos08_fixed6,self_evolve_h200_r2,forecast_capped_base_stock,cold_start,100,single_repeat,baseline_h200_forecast_capped_base_stock,2,1,primary,200,200,True,1000,165.64835127941612,164.13802444184182,1.5103268375743126,"[1.1661365932175636, 1.8684044131276651]",-0.9201565832842368,"[-1.1379452626684317, -0.7082472183207542]",0.95,2026091603,5000,loss,candidate_minus_reference; negative difference favors candidate,"paired demand-path sampling, excluding generation variation"
exp_ar_pos08_fixed6,self_evolve_h200_r2,pil_cop_continuation,cold_start,100,single_repeat,baseline_h200_pil_cop_continuation,2,1,primary,200,200,True,1000,165.64835127941612,164.1285267892381,1.5198244901780562,"[1.2870337604434041, 1.7587089831825895]",-0.9259965466756868,"[-1.0720232944656158, -0.7841837748614494]",0.95,2026091603,5000,loss,candidate_minus_reference; negative difference favors candidate,"paired demand-path sampling, excluding generation variation"
exp_ar_pos08_fixed6,self_evolve_h200_r2,base_stock,cold_start,200,single_repeat,baseline_h200_base_stock,2,1,primary,200,200,True,1000,163.59863618636854,169.54384283395945,-5.9452066475909,"[-6.157204935917168, -5.736092605289853]",3.506589533548127,"[3.386346902264097, 3.634157523291224]",0.95,2026091603,5000,win,candidate_minus_reference; negative difference favors candidate,"paired demand-path sampling, excluding generation variation"
exp_ar_pos08_fixed6,self_evolve_h200_r2,capped_base_stock,cold_start,200,single_repeat,baseline_h200_capped_base_stock,2,1,primary,200,200,True,1000,163.59863618636854,164.34588365903193,-0.7472474726634291,"[-0.9505613899352964, -0.5481215994168118]",0.4546797619913024,"[0.3342570354789405, 0.5780239855243633]",0.95,2026091603,5000,win,candidate_minus_reference; negative difference favors candidate,"paired demand-path sampling, excluding generation variation"
exp_ar_pos08_fixed6,self_evolve_h200_r2,conditional_pil,cold_start,200,single_repeat,baseline_h200_conditional_pil,2,1,primary,200,200,True,1000,163.59863618636854,162.41724593078268,1.1813902555858298,"[1.0156979272787705, 1.3500691921303234]",-0.7273798104477933,"[-0.8302233511801987, -0.6263288580567327]",0.95,2026091603,5000,loss,candidate_minus_reference; negative difference favors candidate,"paired demand-path sampling, excluding generation variation"
exp_ar_pos08_fixed6,self_evolve_h200_r2,constant_order,cold_start,200,single_repeat,baseline_h200_constant_order,2,1,primary,200,200,True,1000,163.59863618636854,170.2320475167392,-6.633411330370676,"[-7.114906667354115, -6.1820208945237365]",3.8966877430751543,"[3.6551153930602727, 4.153837551486528]",0.95,2026091603,5000,win,candidate_minus_reference; negative difference favors candidate,"paired demand-path sampling, excluding generation variation"
exp_ar_pos08_fixed6,self_evolve_h200_r2,forecast_adaptive_pil,cold_start,200,single_repeat,baseline_h200_forecast_adaptive_pil,2,1,primary,200,200,True,1000,163.59863618636854,161.793616976742,1.8050192096265214,"[1.6242850461231602, 1.9930676691292133]",-1.115630667856337,"[-1.2287268115511012, -1.0064662369506234]",0.95,2026091603,5000,loss,candidate_minus_reference; negative difference favors candidate,"paired demand-path sampling, excluding generation variation"
exp_ar_pos08_fixed6,self_evolve_h200_r2,forecast_capped_base_stock,cold_start,200,single_repeat,baseline_h200_forecast_capped_base_stock,2,1,primary,200,200,True,1000,163.59863618636854,162.3282206613965,1.2704155249720066,"[1.040391112773023, 1.513221319266097]",-0.7826214812161473,"[-0.931468492444394, -0.6417612214267304]",0.95,2026091603,5000,loss,candidate_minus_reference; negative difference favors candidate,"paired demand-path sampling, excluding generation variation"
exp_ar_pos08_fixed6,self_evolve_h200_r2,pil_cop_continuation,cold_start,200,single_repeat,baseline_h200_pil_cop_continuation,2,1,primary,200,200,True,1000,163.59863618636854,162.41724593078268,1.1813902555858298,"[1.0156979272787705, 1.3500691921303234]",-0.7273798104477933,"[-0.8302233511801987, -0.6263288580567327]",0.95,2026091603,5000,loss,candidate_minus_reference; negative difference favors candidate,"paired demand-path sampling, excluding generation variation"
exp_ar_pos08_fixed6,self_evolve_h200_r2,base_stock,cold_start,500,single_repeat,baseline_h200_base_stock,2,1,primary,200,200,True,1000,163.39584357037555,168.3681696047755,-4.97232603439995,"[-5.1037672787168304, -4.839240360914905]",2.953245881375258,"[2.87657647705798, 3.0300806341568123]",0.95,2026091603,5000,win,candidate_minus_reference; negative difference favors candidate,"paired demand-path sampling, excluding generation variation"
exp_ar_pos08_fixed6,self_evolve_h200_r2,capped_base_stock,cold_start,500,single_repeat,baseline_h200_capped_base_stock,2,1,primary,200,200,True,1000,163.39584357037555,164.44583781455765,-1.0499942441821144,"[-1.1791871988144713, -0.9176954140013514]",0.6385046031789262,"[0.5601404284952597, 0.7156030028648126]",0.95,2026091603,5000,win,candidate_minus_reference; negative difference favors candidate,"paired demand-path sampling, excluding generation variation"
exp_ar_pos08_fixed6,self_evolve_h200_r2,conditional_pil,cold_start,500,single_repeat,baseline_h200_conditional_pil,2,1,primary,200,200,True,1000,163.39584357037555,162.38529535492754,1.0105482154480054,"[0.9077054554018844, 1.1142749642174168]",-0.6223151014008035,"[-0.6856680922417322, -0.5597020328995328]",0.95,2026091603,5000,loss,candidate_minus_reference; negative difference favors candidate,"paired demand-path sampling, excluding generation variation"
exp_ar_pos08_fixed6,self_evolve_h200_r2,constant_order,cold_start,500,single_repeat,baseline_h200_constant_order,2,1,primary,200,200,True,1000,163.39584357037555,170.58651214751345,-7.190668577137886,"[-7.502223119129931, -6.872550185719417]",4.215262089959269,"[4.046451285486475, 4.381660051302646]",0.95,2026091603,5000,win,candidate_minus_reference; negative difference favors candidate,"paired demand-path sampling, excluding generation variation"
exp_ar_pos08_fixed6,self_evolve_h200_r2,forecast_adaptive_pil,cold_start,500,single_repeat,baseline_h200_forecast_adaptive_pil,2,1,primary,200,200,True,1000,163.39584357037555,161.72956780901302,1.6662757613625465,"[1.5577280678570138, 1.7775595417542713]",-1.0302851753924416,"[-1.0970314705819288, -0.9644559636229879]",0.95,2026091603,5000,loss,candidate_minus_reference; negative difference favors candidate,"paired demand-path sampling, excluding generation variation"
exp_ar_pos08_fixed6,self_evolve_h200_r2,forecast_capped_base_stock,cold_start,500,single_repeat,baseline_h200_forecast_capped_base_stock,2,1,primary,200,200,True,1000,163.39584357037555,162.2638685044758,1.131975065899757,"[0.9845723902890029, 1.2774046770766465]",-0.6976137548874772,"[-0.7871281046786819, -0.6062088098844638]",0.95,2026091603,5000,loss,candidate_minus_reference; negative difference favors candidate,"paired demand-path sampling, excluding generation variation"
exp_ar_pos08_fixed6,self_evolve_h200_r2,pil_cop_continuation,cold_start,500,single_repeat,baseline_h200_pil_cop_continuation,2,1,primary,200,200,True,1000,163.39584357037555,162.38529535492754,1.0105482154480054,"[0.9077054554018844, 1.1142749642174168]",-0.6223151014008035,"[-0.6856680922417322, -0.5597020328995328]",0.95,2026091603,5000,loss,candidate_minus_reference; negative difference favors candidate,"paired demand-path sampling, excluding generation variation"
exp_ar_pos08_fixed6,self_evolve_h200_r3,base_stock,steady,50,single_repeat,baseline_h200_base_stock,3,1,primary,200,200,True,1000,168.25488067055556,168.26351428368574,-0.008633613130186782,"[-0.16257128175182153, 0.14521470007060946]",0.0051310072578278285,"[-0.08691712276384911, 0.09646056402838062]",0.95,2026091603,5000,inconclusive,candidate_minus_reference; negative difference favors candidate,"paired demand-path sampling, excluding generation variation"
exp_ar_pos08_fixed6,self_evolve_h200_r3,capped_base_stock,steady,50,single_repeat,baseline_h200_capped_base_stock,3,1,primary,200,200,True,1000,168.25488067055556,165.26387083014717,2.991009840408403,"[2.669363806316394, 3.3147304873356496]",-1.8098389111812938,"[-2.019732308639193, -1.6037529715538834]",0.95,2026091603,5000,loss,candidate_minus_reference; negative difference favors candidate,"paired demand-path sampling, excluding generation variation"
exp_ar_pos08_fixed6,self_evolve_h200_r3,conditional_pil,steady,50,single_repeat,baseline_h200_conditional_pil,3,1,primary,200,200,True,1000,168.25488067055556,163.05951597651037,5.195364694045195,"[4.825210597673272, 5.551624057567645]",-3.1861769384827667,"[-3.39765626673136, -2.965692191362681]",0.95,2026091603,5000,loss,candidate_minus_reference; negative difference favors candidate,"paired demand-path sampling, excluding generation variation"
exp_ar_pos08_fixed6,self_evolve_h200_r3,constant_order,steady,50,single_repeat,baseline_h200_constant_order,3,1,primary,200,200,True,1000,168.25488067055556,172.65238766331316,-4.397506992757606,"[-5.610824980946385, -3.3039857652178517]",2.547029353183989,"[1.9373139059000375, 3.214544830282338]",0.95,2026091603,5000,win,candidate_minus_reference; negative difference favors candidate,"paired demand-path sampling, excluding generation variation"
exp_ar_pos08_fixed6,self_evolve_h200_r3,forecast_adaptive_pil,steady,50,single_repeat,baseline_h200_forecast_adaptive_pil,3,1,primary,200,200,True,1000,168.25488067055556,162.51993297815463,5.7349476924009375,"[5.2142620218931945, 6.251205250887642]",-3.5287657257228924,"[-3.8414664243810344, -3.20994337753599]",0.95,2026091603,5000,loss,candidate_minus_reference; negative difference favors candidate,"paired demand-path sampling, excluding generation variation"
exp_ar_pos08_fixed6,self_evolve_h200_r3,forecast_capped_base_stock,steady,50,single_repeat,baseline_h200_forecast_capped_base_stock,3,1,primary,200,200,True,1000,168.25488067055556,163.27300711434353,4.98187355621207,"[4.376922312236073, 5.572195853110074]",-3.051253629893106,"[-3.4118724399108116, -2.6787652253775005]",0.95,2026091603,5000,loss,candidate_minus_reference; negative difference favors candidate,"paired demand-path sampling, excluding generation variation"
exp_ar_pos08_fixed6,self_evolve_h200_r3,pil_cop_continuation,steady,50,single_repeat,baseline_h200_pil_cop_continuation,3,1,primary,200,200,True,1000,168.25488067055556,163.05951597651037,5.195364694045195,"[4.825210597673272, 5.551624057567645]",-3.1861769384827667,"[-3.39765626673136, -2.965692191362681]",0.95,2026091603,5000,loss,candidate_minus_reference; negative difference favors candidate,"paired demand-path sampling, excluding generation variation"
exp_ar_pos08_fixed6,self_evolve_h200_r3,base_stock,steady,100,single_repeat,baseline_h200_base_stock,3,1,primary,200,200,True,1000,167.53963806706918,167.53466761862026,0.004970448448896206,"[-0.10519384987724577, 0.11006384174638983]",-0.0029668178649629212,"[-0.06625080354999675, 0.06219800538784167]",0.95,2026091603,5000,inconclusive,candidate_minus_reference; negative difference favors candidate,"paired demand-path sampling, excluding generation variation"
exp_ar_pos08_fixed6,self_evolve_h200_r3,capped_base_stock,steady,100,single_repeat,baseline_h200_capped_base_stock,3,1,primary,200,200,True,1000,167.53963806706918,164.57257479983375,2.967063267235452,"[2.7487169873546438, 3.1904042845424914]",-1.8028904699608728,"[-1.9476936238822729, -1.6636001822195219]",0.95,2026091603,5000,loss,candidate_minus_reference; negative difference favors candidate,"paired demand-path sampling, excluding generation variation"
exp_ar_pos08_fixed6,self_evolve_h200_r3,conditional_pil,steady,100,single_repeat,baseline_h200_conditional_pil,3,1,primary,200,200,True,1000,167.53963806706918,162.4022919864621,5.137346080607076,"[4.881402058027175, 5.392242238061495]",-3.163345798737449,"[-3.3136284673507017, -3.012643224644236]",0.95,2026091603,5000,loss,candidate_minus_reference; negative difference favors candidate,"paired demand-path sampling, excluding generation variation"
exp_ar_pos08_fixed6,self_evolve_h200_r3,constant_order,steady,100,single_repeat,baseline_h200_constant_order,3,1,primary,200,200,True,1000,167.53963806706918,171.36364400208765,-3.8240059350184676,"[-4.63241603972717, -3.0714418665753636]",2.231515300276814,"[1.8115320714977974, 2.692813525103455]",0.95,2026091603,5000,win,candidate_minus_reference; negative difference favors candidate,"paired demand-path sampling, excluding generation variation"
exp_ar_pos08_fixed6,self_evolve_h200_r3,forecast_adaptive_pil,steady,100,single_repeat,baseline_h200_forecast_adaptive_pil,3,1,primary,200,200,True,1000,167.53963806706918,161.70770090808267,5.831937158986509,"[5.461307774455215, 6.198052100558857]",-3.606468415688796,"[-3.8263652891256825, -3.3823126407460093]",0.95,2026091603,5000,loss,candidate_minus_reference; negative difference favors candidate,"paired demand-path sampling, excluding generation variation"
exp_ar_pos08_fixed6,self_evolve_h200_r3,forecast_capped_base_stock,steady,100,single_repeat,baseline_h200_forecast_capped_base_stock,3,1,primary,200,200,True,1000,167.53963806706918,162.37147320458706,5.168164862482122,"[4.7507470916132455, 5.588870117548538]",-3.1829266314349804,"[-3.4417320390377393, -2.9243257808024805]",0.95,2026091603,5000,loss,candidate_minus_reference; negative difference favors candidate,"paired demand-path sampling, excluding generation variation"
exp_ar_pos08_fixed6,self_evolve_h200_r3,pil_cop_continuation,steady,100,single_repeat,baseline_h200_pil_cop_continuation,3,1,primary,200,200,True,1000,167.53963806706918,162.4022919864621,5.137346080607076,"[4.881402058027175, 5.392242238061495]",-3.163345798737449,"[-3.3136284673507017, -3.012643224644236]",0.95,2026091603,5000,loss,candidate_minus_reference; negative difference favors candidate,"paired demand-path sampling, excluding generation variation"
exp_ar_pos08_fixed6,self_evolve_h200_r3,base_stock,steady,200,single_repeat,baseline_h200_base_stock,3,1,primary,200,200,True,1000,167.5896263697964,167.61434851404042,-0.024722144244056096,"[-0.10280433850988151, 0.05345763629546149]",0.014749420000841059,"[-0.03203538080827838, 0.06113675003892391]",0.95,2026091603,5000,inconclusive,candidate_minus_reference; negative difference favors candidate,"paired demand-path sampling, excluding generation variation"
exp_ar_pos08_fixed6,self_evolve_h200_r3,capped_base_stock,steady,200,single_repeat,baseline_h200_capped_base_stock,3,1,primary,200,200,True,1000,167.5896263697964,164.60430686398055,2.985319505815839,"[2.825609768945363, 3.1467164099177327]",-1.8136338973698585,"[-1.917251616461417, -1.7125894363846197]",0.95,2026091603,5000,loss,candidate_minus_reference; negative difference favors candidate,"paired demand-path sampling, excluding generation variation"
exp_ar_pos08_fixed6,self_evolve_h200_r3,conditional_pil,steady,200,single_repeat,baseline_h200_conditional_pil,3,1,primary,200,200,True,1000,167.5896263697964,162.47453944886703,5.115086920929363,"[4.940597589359966, 5.29505386446156]",-3.1482390645822753,"[-3.256057811394354, -3.0423350801036673]",0.95,2026091603,5000,loss,candidate_minus_reference; negative difference favors candidate,"paired demand-path sampling, excluding generation variation"
exp_ar_pos08_fixed6,self_evolve_h200_r3,constant_order,steady,200,single_repeat,baseline_h200_constant_order,3,1,primary,200,200,True,1000,167.5896263697964,171.2400363094039,-3.650409939607518,"[-4.230730446130023, -3.1025323069068955]",2.131750271888392,"[1.8228957883531602, 2.4545819499940142]",0.95,2026091603,5000,win,candidate_minus_reference; negative difference favors candidate,"paired demand-path sampling, excluding generation variation"
exp_ar_pos08_fixed6,self_evolve_h200_r3,forecast_adaptive_pil,steady,200,single_repeat,baseline_h200_forecast_adaptive_pil,3,1,primary,200,200,True,1000,167.5896263697964,161.81033978872654,5.779286581069842,"[5.522145414017854, 6.0333933040391]",-3.571642324350719,"[-3.7260949331481323, -3.41806081404615]",0.95,2026091603,5000,loss,candidate_minus_reference; negative difference favors candidate,"paired demand-path sampling, excluding generation variation"
exp_ar_pos08_fixed6,self_evolve_h200_r3,forecast_capped_base_stock,steady,200,single_repeat,baseline_h200_forecast_capped_base_stock,3,1,primary,200,200,True,1000,167.5896263697964,162.45013042599842,5.1394959437979635,"[4.850487605476023, 5.432757459300817]",-3.163737653100376,"[-3.3494454076517624, -2.9833927672320453]",0.95,2026091603,5000,loss,candidate_minus_reference; negative difference favors candidate,"paired demand-path sampling, excluding generation variation"
exp_ar_pos08_fixed6,self_evolve_h200_r3,pil_cop_continuation,steady,200,single_repeat,baseline_h200_pil_cop_continuation,3,1,primary,200,200,True,1000,167.5896263697964,162.47453944886703,5.115086920929363,"[4.940597589359966, 5.29505386446156]",-3.1482390645822753,"[-3.256057811394354, -3.0423350801036673]",0.95,2026091603,5000,loss,candidate_minus_reference; negative difference favors candidate,"paired demand-path sampling, excluding generation variation"
exp_ar_pos08_fixed6,self_evolve_h200_r3,base_stock,steady,500,single_repeat,baseline_h200_base_stock,3,1,primary,200,200,True,1000,167.20422589596345,167.23387583067523,-0.029649934711784995,"[-0.07648305809861779, 0.017343903317179832]",0.017729622401268207,"[-0.01038562269899663, 0.045642306715018094]",0.95,2026091603,5000,inconclusive,candidate_minus_reference; negative difference favors candidate,"paired demand-path sampling, excluding generation variation"
exp_ar_pos08_fixed6,self_evolve_h200_r3,capped_base_stock,steady,500,single_repeat,baseline_h200_capped_base_stock,3,1,primary,200,200,True,1000,167.20422589596345,164.2207578263186,2.983468069644869,"[2.881962876251981, 3.086905722223432]",-1.8167423589654854,"[-1.8808748885862743, -1.7521605613124611]",0.95,2026091603,5000,loss,candidate_minus_reference; negative difference favors candidate,"paired demand-path sampling, excluding generation variation"
exp_ar_pos08_fixed6,self_evolve_h200_r3,conditional_pil,steady,500,single_repeat,baseline_h200_conditional_pil,3,1,primary,200,200,True,1000,167.20422589596345,162.1414799004231,5.062745995540353,"[4.94864615685801, 5.180403977825718]",-3.1224249332432192,"[-3.1912884923282183, -3.0527418027443276]",0.95,2026091603,5000,loss,candidate_minus_reference; negative difference favors candidate,"paired demand-path sampling, excluding generation variation"
exp_ar_pos08_fixed6,self_evolve_h200_r3,constant_order,steady,500,single_repeat,baseline_h200_constant_order,3,1,primary,200,200,True,1000,167.20422589596345,170.56361848321848,-3.3593925872550368,"[-3.701958187254704, -3.0251185778427057]",1.969583324468199,"[1.7803381958041675, 2.1620141360492036]",0.95,2026091603,5000,win,candidate_minus_reference; negative difference favors candidate,"paired demand-path sampling, excluding generation variation"
exp_ar_pos08_fixed6,self_evolve_h200_r3,forecast_adaptive_pil,steady,500,single_repeat,baseline_h200_forecast_adaptive_pil,3,1,primary,200,200,True,1000,167.20422589596345,161.44540336404606,5.758822531917404,"[5.585690000239207, 5.93590002472391]",-3.567040257523913,"[-3.6747488437530715, -3.461826285534569]",0.95,2026091603,5000,loss,candidate_minus_reference; negative difference favors candidate,"paired demand-path sampling, excluding generation variation"
exp_ar_pos08_fixed6,self_evolve_h200_r3,forecast_capped_base_stock,steady,500,single_repeat,baseline_h200_forecast_capped_base_stock,3,1,primary,200,200,True,1000,167.20422589596345,161.9457944136915,5.258431482271978,"[5.060105285301768, 5.463043701470117]",-3.24703182401839,"[-3.377177086442731, -3.1227997611320593]",0.95,2026091603,5000,loss,candidate_minus_reference; negative difference favors candidate,"paired demand-path sampling, excluding generation variation"
exp_ar_pos08_fixed6,self_evolve_h200_r3,pil_cop_continuation,steady,500,single_repeat,baseline_h200_pil_cop_continuation,3,1,primary,200,200,True,1000,167.20422589596345,162.1414799004231,5.062745995540353,"[4.94864615685801, 5.180403977825718]",-3.1224249332432192,"[-3.1912884923282183, -3.0527418027443276]",0.95,2026091603,5000,loss,candidate_minus_reference; negative difference favors candidate,"paired demand-path sampling, excluding generation variation"
exp_ar_pos08_fixed6,self_evolve_h200_r3,base_stock,cold_start,50,single_repeat,baseline_h200_base_stock,3,1,primary,200,200,True,1000,177.71433919433636,178.63952681006072,-0.9251876157243681,"[-1.0881896061533975, -0.7584721859350857]",0.517907560686759,"[0.42717678386569563, 0.6040018547310443]",0.95,2026091603,5000,win,candidate_minus_reference; negative difference favors candidate,"paired demand-path sampling, excluding generation variation"
exp_ar_pos08_fixed6,self_evolve_h200_r3,capped_base_stock,cold_start,50,single_repeat,baseline_h200_capped_base_stock,3,1,primary,200,200,True,1000,177.71433919433636,167.94008336307732,9.774255831259051,"[9.376218399198404, 10.17704809772686]",-5.820085137225775,"[-6.137495795813744, -5.516279039142207]",0.95,2026091603,5000,loss,candidate_minus_reference; negative difference favors candidate,"paired demand-path sampling, excluding generation variation"
exp_ar_pos08_fixed6,self_evolve_h200_r3,conditional_pil,cold_start,50,single_repeat,baseline_h200_conditional_pil,3,1,primary,200,200,True,1000,177.71433919433636,165.93039026781847,11.783948926517871,"[11.394643082537222, 12.16882482874494]",-7.101742427953141,"[-7.3845109851452815, -6.827385490264829]",0.95,2026091603,5000,loss,candidate_minus_reference; negative difference favors candidate,"paired demand-path sampling, excluding generation variation"
exp_ar_pos08_fixed6,self_evolve_h200_r3,constant_order,cold_start,50,single_repeat,baseline_h200_constant_order,3,1,primary,200,200,True,1000,177.71433919433636,172.96129871413027,4.753040480206084,"[3.851798367676865, 5.593153648227647]",-2.7480369976071364,"[-3.2817629623425697, -2.199896017819046]",0.95,2026091603,5000,loss,candidate_minus_reference; negative difference favors candidate,"paired demand-path sampling, excluding generation variation"
exp_ar_pos08_fixed6,self_evolve_h200_r3,forecast_adaptive_pil,cold_start,50,single_repeat,baseline_h200_forecast_adaptive_pil,3,1,primary,200,200,True,1000,177.71433919433636,165.32366464313913,12.39067455119724,"[11.866735087137336, 12.901628718567249]",-7.494797903218052,"[-7.845415458742169, -7.147795719144401]",0.95,2026091603,5000,loss,candidate_minus_reference; negative difference favors candidate,"paired demand-path sampling, excluding generation variation"
exp_ar_pos08_fixed6,self_evolve_h200_r3,forecast_capped_base_stock,cold_start,50,single_repeat,baseline_h200_forecast_capped_base_stock,3,1,primary,200,200,True,1000,177.71433919433636,165.9115455736047,11.802793620731652,"[11.190394653949397, 12.417689951090283]",-7.113907341364305,"[-7.523195495398577, -6.707458447738654]",0.95,2026091603,5000,loss,candidate_minus_reference; negative difference favors candidate,"paired demand-path sampling, excluding generation variation"
exp_ar_pos08_fixed6,self_evolve_h200_r3,pil_cop_continuation,cold_start,50,single_repeat,baseline_h200_pil_cop_continuation,3,1,primary,200,200,True,1000,177.71433919433636,165.93039026781847,11.783948926517871,"[11.394643082537222, 12.16882482874494]",-7.101742427953141,"[-7.3845109851452815, -6.827385490264829]",0.95,2026091603,5000,loss,candidate_minus_reference; negative difference favors candidate,"paired demand-path sampling, excluding generation variation"
exp_ar_pos08_fixed6,self_evolve_h200_r3,base_stock,cold_start,100,single_repeat,baseline_h200_base_stock,3,1,primary,200,200,True,1000,172.6176972743725,173.17166809328813,-0.5539708189156652,"[-0.6679255111563964, -0.4372506834230268]",0.3198969121306947,"[0.25405442586264976, 0.38335450385444564]",0.95,2026091603,5000,win,candidate_minus_reference; negative difference favors candidate,"paired demand-path sampling, excluding generation variation"
exp_ar_pos08_fixed6,self_evolve_h200_r3,capped_base_stock,cold_start,100,single_repeat,baseline_h200_capped_base_stock,3,1,primary,200,200,True,1000,172.6176972743725,166.0890737110771,6.52862356329538,"[6.272961263517017, 6.788365188412208]",-3.9307965403265204,"[-4.116783142093847, -3.7489085144195924]",0.95,2026091603,5000,loss,candidate_minus_reference; negative difference favors candidate,"paired demand-path sampling, excluding generation variation"
exp_ar_pos08_fixed6,self_evolve_h200_r3,conditional_pil,cold_start,100,single_repeat,baseline_h200_conditional_pil,3,1,primary,200,200,True,1000,172.6176972743725,164.1285267892381,8.48917048513442,"[8.216077027053336, 8.756926641145169]",-5.17226995891797,"[-5.34854653948873, -4.997512118014023]",0.95,2026091603,5000,loss,candidate_minus_reference; negative difference favors candidate,"paired demand-path sampling, excluding generation variation"
exp_ar_pos08_fixed6,self_evolve_h200_r3,constant_order,cold_start,100,single_repeat,baseline_h200_constant_order,3,1,primary,200,200,True,1000,172.6176972743725,171.31915935193183,1.2985379224406648,"[0.7002554150552821, 1.8830754948362374]",-0.7579642156503589,"[-1.1115568342553195, -0.4052829799747745]",0.95,2026091603,5000,loss,candidate_minus_reference; negative difference favors candidate,"paired demand-path sampling, excluding generation variation"
exp_ar_pos08_fixed6,self_evolve_h200_r3,forecast_adaptive_pil,cold_start,100,single_repeat,baseline_h200_forecast_adaptive_pil,3,1,primary,200,200,True,1000,172.6176972743725,163.5540955200927,9.063601754279802,"[8.69050818708018, 9.426029611767175]",-5.541653802956181,"[-5.768406353511257, -5.3084950655101375]",0.95,2026091603,5000,loss,candidate_minus_reference; negative difference favors candidate,"paired demand-path sampling, excluding generation variation"
exp_ar_pos08_fixed6,self_evolve_h200_r3,forecast_capped_base_stock,cold_start,100,single_repeat,baseline_h200_forecast_capped_base_stock,3,1,primary,200,200,True,1000,172.6176972743725,164.13802444184182,8.479672832530676,"[8.058715895563706, 8.902174037538883]",-5.166184289938999,"[-5.432581542117794, -4.896452186963528]",0.95,2026091603,5000,loss,candidate_minus_reference; negative difference favors candidate,"paired demand-path sampling, excluding generation variation"
exp_ar_pos08_fixed6,self_evolve_h200_r3,pil_cop_continuation,cold_start,100,single_repeat,baseline_h200_pil_cop_continuation,3,1,primary,200,200,True,1000,172.6176972743725,164.1285267892381,8.48917048513442,"[8.216077027053336, 8.756926641145169]",-5.17226995891797,"[-5.34854653948873, -4.997512118014023]",0.95,2026091603,5000,loss,candidate_minus_reference; negative difference favors candidate,"paired demand-path sampling, excluding generation variation"
exp_ar_pos08_fixed6,self_evolve_h200_r3,base_stock,cold_start,200,single_repeat,baseline_h200_base_stock,3,1,primary,200,200,True,1000,169.27042114306218,169.54384283395945,-0.2734216908972485,"[-0.35430428412698134, -0.19289243234153708]",0.1612690182828034,"[0.11414870810180246, 0.20814620807803738]",0.95,2026091603,5000,win,candidate_minus_reference; negative difference favors candidate,"paired demand-path sampling, excluding generation variation"
exp_ar_pos08_fixed6,self_evolve_h200_r3,capped_base_stock,cold_start,200,single_repeat,baseline_h200_capped_base_stock,3,1,primary,200,200,True,1000,169.27042114306218,164.34588365903193,4.924537484030221,"[4.7515247791198, 5.093411681967577]",-2.9964471116582274,"[-3.1125227334163785, -2.8775412184537186]",0.95,2026091603,5000,loss,candidate_minus_reference; negative difference favors candidate,"paired demand-path sampling, excluding generation variation"
exp_ar_pos08_fixed6,self_evolve_h200_r3,conditional_pil,cold_start,200,single_repeat,baseline_h200_conditional_pil,3,1,primary,200,200,True,1000,169.27042114306218,162.41724593078268,6.8531752122794805,"[6.671284288786619, 7.034700712885918]",-4.219487390643301,"[-4.332841955169201, -4.10417333848652]",0.95,2026091603,5000,loss,candidate_minus_reference; negative difference favors candidate,"paired demand-path sampling, excluding generation variation"
exp_ar_pos08_fixed6,self_evolve_h200_r3,constant_order,cold_start,200,single_repeat,baseline_h200_constant_order,3,1,primary,200,200,True,1000,169.27042114306218,170.2320475167392,-0.9616263736770255,"[-1.4435675445211078, -0.49722609620317254]",0.5648915040996898,"[0.2948709733157331, 0.8436384113584057]",0.95,2026091603,5000,win,candidate_minus_reference; negative difference favors candidate,"paired demand-path sampling, excluding generation variation"
exp_ar_pos08_fixed6,self_evolve_h200_r3,forecast_adaptive_pil,cold_start,200,single_repeat,baseline_h200_forecast_adaptive_pil,3,1,primary,200,200,True,1000,169.27042114306218,161.793616976742,7.476804166320172,"[7.22945425018273, 7.730383183607601]",-4.6211984786736,"[-4.779955563235072, -4.466297440618514]",0.95,2026091603,5000,loss,candidate_minus_reference; negative difference favors candidate,"paired demand-path sampling, excluding generation variation"
exp_ar_pos08_fixed6,self_evolve_h200_r3,forecast_capped_base_stock,cold_start,200,single_repeat,baseline_h200_forecast_capped_base_stock,3,1,primary,200,200,True,1000,169.27042114306218,162.3282206613965,6.942200481665657,"[6.660163346880634, 7.2389243188296515]",-4.27664422943842,"[-4.463865061130138, -4.0958504829038045]",0.95,2026091603,5000,loss,candidate_minus_reference; negative difference favors candidate,"paired demand-path sampling, excluding generation variation"
exp_ar_pos08_fixed6,self_evolve_h200_r3,pil_cop_continuation,cold_start,200,single_repeat,baseline_h200_pil_cop_continuation,3,1,primary,200,200,True,1000,169.27042114306218,162.41724593078268,6.8531752122794805,"[6.671284288786619, 7.034700712885918]",-4.219487390643301,"[-4.332841955169201, -4.10417333848652]",0.95,2026091603,5000,loss,candidate_minus_reference; negative difference favors candidate,"paired demand-path sampling, excluding generation variation"
exp_ar_pos08_fixed6,self_evolve_h200_r3,base_stock,cold_start,500,single_repeat,baseline_h200_base_stock,3,1,primary,200,200,True,1000,168.22996598822783,168.3681696047755,-0.1382036165476602,"[-0.1910949414036785, -0.08700314165070883]",0.08208417117800419,"[0.0519009288361951, 0.11341557630305005]",0.95,2026091603,5000,win,candidate_minus_reference; negative difference favors candidate,"paired demand-path sampling, excluding generation variation"
exp_ar_pos08_fixed6,self_evolve_h200_r3,capped_base_stock,cold_start,500,single_repeat,baseline_h200_capped_base_stock,3,1,primary,200,200,True,1000,168.22996598822783,164.44583781455765,3.784128173670176,"[3.68697974323178, 3.8852656554232885]",-2.301139526521474,"[-2.3678616023716526, -2.236040080990335]",0.95,2026091603,5000,loss,candidate_minus_reference; negative difference favors candidate,"paired demand-path sampling, excluding generation variation"
exp_ar_pos08_fixed6,self_evolve_h200_r3,conditional_pil,cold_start,500,single_repeat,baseline_h200_conditional_pil,3,1,primary,200,200,True,1000,168.22996598822783,162.38529535492754,5.844670633300296,"[5.732032365947829, 5.963327346674967]",-3.599261017154003,"[-3.6685320538905497, -3.531354787137654]",0.95,2026091603,5000,loss,candidate_minus_reference; negative difference favors candidate,"paired demand-path sampling, excluding generation variation"
exp_ar_pos08_fixed6,self_evolve_h200_r3,constant_order,cold_start,500,single_repeat,baseline_h200_constant_order,3,1,primary,200,200,True,1000,168.22996598822783,170.58651214751345,-2.3565461592855965,"[-2.6622471044931277, -2.047240403538363]",1.3814375647986799,"[1.2048204727754366, 1.5548649246243207]",0.95,2026091603,5000,win,candidate_minus_reference; negative difference favors candidate,"paired demand-path sampling, excluding generation variation"
exp_ar_pos08_fixed6,self_evolve_h200_r3,forecast_adaptive_pil,cold_start,500,single_repeat,baseline_h200_forecast_adaptive_pil,3,1,primary,200,200,True,1000,168.22996598822783,161.72956780901302,6.500398179214837,"[6.336813687138865, 6.665239175155828]",-4.019301026569956,"[-4.119104675504142, -3.919108786308241]",0.95,2026091603,5000,loss,candidate_minus_reference; negative difference favors candidate,"paired demand-path sampling, excluding generation variation"
exp_ar_pos08_fixed6,self_evolve_h200_r3,forecast_capped_base_stock,cold_start,500,single_repeat,baseline_h200_forecast_capped_base_stock,3,1,primary,200,200,True,1000,168.22996598822783,162.2638685044758,5.966097483752047,"[5.77841370465511, 6.1528454730660975]",-3.676787407288685,"[-3.7927639079669673, -3.5599986962516144]",0.95,2026091603,5000,loss,candidate_minus_reference; negative difference favors candidate,"paired demand-path sampling, excluding generation variation"
exp_ar_pos08_fixed6,self_evolve_h200_r3,pil_cop_continuation,cold_start,500,single_repeat,baseline_h200_pil_cop_continuation,3,1,primary,200,200,True,1000,168.22996598822783,162.38529535492754,5.844670633300296,"[5.732032365947829, 5.963327346674967]",-3.599261017154003,"[-3.6685320538905497, -3.531354787137654]",0.95,2026091603,5000,loss,candidate_minus_reference; negative difference favors candidate,"paired demand-path sampling, excluding generation variation"
exp_iid_fixed6,self_evolve_h200_r1,base_stock,steady,50,single_repeat,baseline_h200_base_stock,1,1,primary,200,200,True,1000,126.08884374164336,136.27763012143288,-10.188786379789525,"[-10.64767840387661, -9.72183292076328]",7.476492195168495,"[7.147355259382459, 7.80094195114077]",0.95,2026091603,5000,win,candidate_minus_reference; negative difference favors candidate,"paired demand-path sampling, excluding generation variation"
exp_iid_fixed6,self_evolve_h200_r1,capped_base_stock,steady,50,single_repeat,baseline_h200_capped_base_stock,1,1,primary,200,200,True,1000,126.08884374164336,123.66156875501007,2.4272749866332908,"[1.9401706919273254, 2.881522123825267]",-1.9628369679201192,"[-2.335766225063756, -1.565989980458712]",0.95,2026091603,5000,loss,candidate_minus_reference; negative difference favors candidate,"paired demand-path sampling, excluding generation variation"
exp_iid_fixed6,self_evolve_h200_r1,conditional_pil,steady,50,single_repeat,baseline_h200_conditional_pil,1,1,primary,200,200,True,1000,126.08884374164336,123.3430970808289,2.745746660814464,"[2.371100658560846, 3.1005486119572074]",-2.2261048455878525,"[-2.5169377977351655, -1.9197469383385064]",0.95,2026091603,5000,loss,candidate_minus_reference; negative difference favors candidate,"paired demand-path sampling, excluding generation variation"
exp_iid_fixed6,self_evolve_h200_r1,constant_order,steady,50,single_repeat,baseline_h200_constant_order,1,1,primary,200,200,True,1000,126.08884374164336,123.86642429734786,2.2224194442954905,"[1.6235236552202, 2.7721132227276124]",-1.7942065066482116,"[-2.246434237598144, -1.3058525017012779]",0.95,2026091603,5000,loss,candidate_minus_reference; negative difference favors candidate,"paired demand-path sampling, excluding generation variation"
exp_iid_fixed6,self_evolve_h200_r1,forecast_adaptive_pil,steady,50,single_repeat,baseline_h200_forecast_adaptive_pil,1,1,primary,200,200,True,1000,126.08884374164336,123.5314890177921,2.5573547238512555,"[2.0843917005860106, 3.007894224302225]",-2.0702047260864225,"[-2.4396520566055626, -1.6813732822686418]",0.95,2026091603,5000,loss,candidate_minus_reference; negative difference favors candidate,"paired demand-path sampling, excluding generation variation"
exp_iid_fixed6,self_evolve_h200_r1,forecast_capped_base_stock,steady,50,single_repeat,baseline_h200_forecast_capped_base_stock,1,1,primary,200,200,True,1000,126.08884374164336,123.66295876886954,2.425884972773807,"[1.9388055121052852, 2.880358887177167]",-1.9616908708353649,"[-2.3347574748247752, -1.5648654006460527]",0.95,2026091603,5000,loss,candidate_minus_reference; negative difference favors candidate,"paired demand-path sampling, excluding generation variation"
exp_iid_fixed6,self_evolve_h200_r1,pil_cop_continuation,steady,50,single_repeat,baseline_h200_pil_cop_continuation,1,1,primary,200,200,True,1000,126.08884374164336,123.3430970808289,2.745746660814464,"[2.371100658560846, 3.1005486119572074]",-2.2261048455878525,"[-2.5169377977351655, -1.9197469383385064]",0.95,2026091603,5000,loss,candidate_minus_reference; negative difference favors candidate,"paired demand-path sampling, excluding generation variation"
exp_iid_fixed6,self_evolve_h200_r1,base_stock,steady,100,single_repeat,baseline_h200_base_stock,1,1,primary,200,200,True,1000,126.42106092401056,136.75742640296707,-10.336365478956496,"[-10.657364769649416, -10.01249117099404]",7.558174901960756,"[7.332525387121584, 7.781660836791662]",0.95,2026091603,5000,win,candidate_minus_reference; negative difference favors candidate,"paired demand-path sampling, excluding generation variation"
exp_iid_fixed6,self_evolve_h200_r1,capped_base_stock,steady,100,single_repeat,baseline_h200_capped_base_stock,1,1,primary,200,200,True,1000,126.42106092401056,123.92814550709465,2.492915416915909,"[2.148132530429102, 2.83526298239374]",-2.011581313280599,"[-2.2933059772582545, -1.729024570289065]",0.95,2026091603,5000,loss,candidate_minus_reference; negative difference favors candidate,"paired demand-path sampling, excluding generation variation"
exp_iid_fixed6,self_evolve_h200_r1,conditional_pil,steady,100,single_repeat,baseline_h200_conditional_pil,1,1,primary,200,200,True,1000,126.42106092401056,123.62369713351934,2.7973637904912154,"[2.5353841978483684, 3.052898617889973]",-2.262805477715114,"[-2.473808582152196, -2.050393036733339]",0.95,2026091603,5000,loss,candidate_minus_reference; negative difference favors candidate,"paired demand-path sampling, excluding generation variation"
exp_iid_fixed6,self_evolve_h200_r1,constant_order,steady,100,single_repeat,baseline_h200_constant_order,1,1,primary,200,200,True,1000,126.42106092401056,124.05533304361252,2.365727880398031,"[1.9467157486055835, 2.762542412264882]",-1.9069940988077894,"[-2.234642334422378, -1.5651633839276067]",0.95,2026091603,5000,loss,candidate_minus_reference; negative difference favors candidate,"paired demand-path sampling, excluding generation variation"
exp_iid_fixed6,self_evolve_h200_r1,forecast_adaptive_pil,steady,100,single_repeat,baseline_h200_forecast_adaptive_pil,1,1,primary,200,200,True,1000,126.42106092401056,123.76633763846299,2.654723285547574,"[2.3177632449199375, 2.9887577439772497]",-2.1449477589797925,"[-2.418817485164643, -1.867831432010651]",0.95,2026091603,5000,loss,candidate_minus_reference; negative difference favors candidate,"paired demand-path sampling, excluding generation variation"
exp_iid_fixed6,self_evolve_h200_r1,forecast_capped_base_stock,steady,100,single_repeat,baseline_h200_forecast_capped_base_stock,1,1,primary,200,200,True,1000,126.42106092401056,123.9296594953173,2.491401428693261,"[2.146332056007817, 2.8337410051839753]",-2.010335087531975,"[-2.291958840561475, -1.7277402898401313]",0.95,2026091603,5000,loss,candidate_minus_reference; negative difference favors candidate,"paired demand-path sampling, excluding generation variation"
exp_iid_fixed6,self_evolve_h200_r1,pil_cop_continuation,steady,100,single_repeat,baseline_h200_pil_cop_continuation,1,1,primary,200,200,True,1000,126.42106092401056,123.62369713351934,2.7973637904912154,"[2.5353841978483684, 3.052898617889973]",-2.262805477715114,"[-2.473808582152196, -2.050393036733339]",0.95,2026091603,5000,loss,candidate_minus_reference; negative difference favors candidate,"paired demand-path sampling, excluding generation variation"
exp_iid_fixed6,self_evolve_h200_r1,base_stock,steady,200,single_repeat,baseline_h200_base_stock,1,1,primary,200,200,True,1000,126.25511595949058,136.47422890223854,-10.219112942747987,"[-10.440736307449182, -9.992408018359416]",7.487943346482124,"[7.330550104040236, 7.6434248567098315]",0.95,2026091603,5000,win,candidate_minus_reference; negative difference favors candidate,"paired demand-path sampling, excluding generation variation"
exp_iid_fixed6,self_evolve_h200_r1,capped_base_stock,steady,200,single_repeat,baseline_h200_capped_base_stock,1,1,primary,200,200,True,1000,126.25511595949058,123.75307785942378,2.502038100066793,"[2.2699499822875104, 2.7438847767686085]",-2.021798684400372,"[-2.2198384624603045, -1.8302628886638639]",0.95,2026091603,5000,loss,candidate_minus_reference; negative difference favors candidate,"paired demand-path sampling, excluding generation variation"
exp_iid_fixed6,self_evolve_h200_r1,conditional_pil,steady,200,single_repeat,baseline_h200_conditional_pil,1,1,primary,200,200,True,1000,126.25511595949058,123.48107258002207,2.774043379468503,"[2.592257170589242, 2.954212606668717]",-2.2465332714621398,"[-2.393873787870622, -2.0979360842912156]",0.95,2026091603,5000,loss,candidate_minus_reference; negative difference favors candidate,"paired demand-path sampling, excluding generation variation"
exp_iid_fixed6,self_evolve_h200_r1,constant_order,steady,200,single_repeat,baseline_h200_constant_order,1,1,primary,200,200,True,1000,126.25511595949058,124.04517296705299,2.2099429924375986,"[1.8882859714000453, 2.5271237374328366]",-1.7815630705957106,"[-2.040299770281208, -1.5180887560935792]",0.95,2026091603,5000,loss,candidate_minus_reference; negative difference favors candidate,"paired demand-path sampling, excluding generation variation"
exp_iid_fixed6,self_evolve_h200_r1,forecast_adaptive_pil,steady,200,single_repeat,baseline_h200_forecast_adaptive_pil,1,1,primary,200,200,True,1000,126.25511595949058,123.6447565914476,2.6103593680429813,"[2.369431604266629, 2.848946449290765]",-2.111176761557501,"[-2.3082801161587923, -1.913447354508681]",0.95,2026091603,5000,loss,candidate_minus_reference; negative difference favors candidate,"paired demand-path sampling, excluding generation variation"
exp_iid_fixed6,self_evolve_h200_r1,forecast_capped_base_stock,steady,200,single_repeat,baseline_h200_forecast_capped_base_stock,1,1,primary,200,200,True,1000,126.25511595949058,123.75461009156236,2.500505867928216,"[2.2683321482960492, 2.74238897656887]",-2.020535530820368,"[-2.2184558281073143, -1.8289400657036607]",0.95,2026091603,5000,loss,candidate_minus_reference; negative difference favors candidate,"paired demand-path sampling, excluding generation variation"
exp_iid_fixed6,self_evolve_h200_r1,pil_cop_continuation,steady,200,single_repeat,baseline_h200_pil_cop_continuation,1,1,primary,200,200,True,1000,126.25511595949058,123.48107258002207,2.774043379468503,"[2.592257170589242, 2.954212606668717]",-2.2465332714621398,"[-2.393873787870622, -2.0979360842912156]",0.95,2026091603,5000,loss,candidate_minus_reference; negative difference favors candidate,"paired demand-path sampling, excluding generation variation"
exp_iid_fixed6,self_evolve_h200_r1,base_stock,steady,500,single_repeat,baseline_h200_base_stock,1,1,primary,200,200,True,1000,126.38018361401652,136.54929640476988,-10.169112790753374,"[-10.307889035689495, -10.031398786127667]",7.447209951642151,"[7.351491637337684, 7.5449357634994545]",0.95,2026091603,5000,win,candidate_minus_reference; negative difference favors candidate,"paired demand-path sampling, excluding generation variation"
exp_iid_fixed6,self_evolve_h200_r1,capped_base_stock,steady,500,single_repeat,baseline_h200_capped_base_stock,1,1,primary,200,200,True,1000,126.38018361401652,123.83765614788817,2.542527466128355,"[2.3883029583910518, 2.702664179047093]",-2.0531133624590217,"[-2.1842726010525313, -1.92642535182108]",0.95,2026091603,5000,loss,candidate_minus_reference; negative difference favors candidate,"paired demand-path sampling, excluding generation variation"
exp_iid_fixed6,self_evolve_h200_r1,conditional_pil,steady,500,single_repeat,baseline_h200_conditional_pil,1,1,primary,200,200,True,1000,126.38018361401652,123.59052360477737,2.7896600092391384,"[2.672514387648173, 2.9082392492217384]",-2.2571795376157047,"[-2.3544498463866868, -2.1605929176352054]",0.95,2026091603,5000,loss,candidate_minus_reference; negative difference favors candidate,"paired demand-path sampling, excluding generation variation"
exp_iid_fixed6,self_evolve_h200_r1,constant_order,steady,500,single_repeat,baseline_h200_constant_order,1,1,primary,200,200,True,1000,126.38018361401652,124.13586249041813,2.244321123598379,"[2.035510469745372, 2.4564878770193923]",-1.8079554760185585,"[-1.9825617586035358, -1.6380603580749085]",0.95,2026091603,5000,loss,candidate_minus_reference; negative difference favors candidate,"paired demand-path sampling, excluding generation variation"
exp_iid_fixed6,self_evolve_h200_r1,forecast_adaptive_pil,steady,500,single_repeat,baseline_h200_forecast_adaptive_pil,1,1,primary,200,200,True,1000,126.38018361401652,123.73704093285679,2.643142681159736,"[2.490411802460985, 2.799925622928774]",-2.1360965651295754,"[-2.2650272382405845, -2.0112262838678694]",0.95,2026091603,5000,loss,candidate_minus_reference; negative difference favors candidate,"paired demand-path sampling, excluding generation variation"
exp_iid_fixed6,self_evolve_h200_r1,forecast_capped_base_stock,steady,500,single_repeat,baseline_h200_forecast_capped_base_stock,1,1,primary,200,200,True,1000,126.38018361401652,123.8391520265924,2.5410315874241003,"[2.3868013518435935, 2.7012691150048456]",-2.0518806418171134,"[-2.1830617353668353, -1.9251699744113997]",0.95,2026091603,5000,loss,candidate_minus_reference; negative difference favors candidate,"paired demand-path sampling, excluding generation variation"
exp_iid_fixed6,self_evolve_h200_r1,pil_cop_continuation,steady,500,single_repeat,baseline_h200_pil_cop_continuation,1,1,primary,200,200,True,1000,126.38018361401652,123.59052360477737,2.7896600092391384,"[2.672514387648173, 2.9082392492217384]",-2.2571795376157047,"[-2.3544498463866868, -2.1605929176352054]",0.95,2026091603,5000,loss,candidate_minus_reference; negative difference favors candidate,"paired demand-path sampling, excluding generation variation"
exp_iid_fixed6,self_evolve_h200_r1,base_stock,cold_start,50,single_repeat,baseline_h200_base_stock,1,1,primary,200,200,True,1000,144.0436365904824,157.29822244292112,-13.2545858524387,"[-13.724838304577306, -12.775604493402563]",8.42640536338445,"[8.127653424428763, 8.71589739451639]",0.95,2026091603,5000,win,candidate_minus_reference; negative difference favors candidate,"paired demand-path sampling, excluding generation variation"
exp_iid_fixed6,self_evolve_h200_r1,capped_base_stock,cold_start,50,single_repeat,baseline_h200_capped_base_stock,1,1,primary,200,200,True,1000,144.0436365904824,132.3804235464256,11.663213044056832,"[10.980008607142896, 12.365625075330051]",-8.81037598430598,"[-9.376007491871137, -8.269579847207867]",0.95,2026091603,5000,loss,candidate_minus_reference; negative difference favors candidate,"paired demand-path sampling, excluding generation variation"
exp_iid_fixed6,self_evolve_h200_r1,conditional_pil,cold_start,50,single_repeat,baseline_h200_conditional_pil,1,1,primary,200,200,True,1000,144.0436365904824,132.30595214712463,11.737684443357772,"[11.177439595439738, 12.312080073815968]",-8.871622366849708,"[-9.327901044748941, -8.431995680417232]",0.95,2026091603,5000,loss,candidate_minus_reference; negative difference favors candidate,"paired demand-path sampling, excluding generation variation"
exp_iid_fixed6,self_evolve_h200_r1,constant_order,cold_start,50,single_repeat,baseline_h200_constant_order,1,1,primary,200,200,True,1000,144.0436365904824,132.40829367834027,11.635342912142132,"[10.93006280631987, 12.365361830568819]",-8.787472890790283,"[-9.360787820558155, -8.227772821980611]",0.95,2026091603,5000,loss,candidate_minus_reference; negative difference favors candidate,"paired demand-path sampling, excluding generation variation"
exp_iid_fixed6,self_evolve_h200_r1,forecast_adaptive_pil,cold_start,50,single_repeat,baseline_h200_forecast_adaptive_pil,1,1,primary,200,200,True,1000,144.0436365904824,132.28944612934663,11.754190461135805,"[11.088186682007558, 12.436604065456244]",-8.885206496097249,"[-9.429983722927199, -8.365495644752206]",0.95,2026091603,5000,loss,candidate_minus_reference; negative difference favors candidate,"paired demand-path sampling, excluding generation variation"
exp_iid_fixed6,self_evolve_h200_r1,forecast_capped_base_stock,cold_start,50,single_repeat,baseline_h200_forecast_capped_base_stock,1,1,primary,200,200,True,1000,144.0436365904824,132.38106471338438,11.662571877098031,"[10.979230310803604, 12.364986667375081]",-8.809848978287366,"[-9.37574827365185, -8.268725248237521]",0.95,2026091603,5000,loss,candidate_minus_reference; negative difference favors candidate,"paired demand-path sampling, excluding generation variation"
exp_iid_fixed6,self_evolve_h200_r1,pil_cop_continuation,cold_start,50,single_repeat,baseline_h200_pil_cop_continuation,1,1,primary,200,200,True,1000,144.0436365904824,132.30595214712463,11.737684443357772,"[11.177439595439738, 12.312080073815968]",-8.871622366849708,"[-9.327901044748941, -8.431995680417232]",0.95,2026091603,5000,loss,candidate_minus_reference; negative difference favors candidate,"paired demand-path sampling, excluding generation variation"
exp_iid_fixed6,self_evolve_h200_r1,base_stock,cold_start,100,single_repeat,baseline_h200_base_stock,1,1,primary,200,200,True,1000,134.78823460529648,146.54083603593097,-11.752601430634465,"[-12.06425811510505, -11.437878603318199]",8.020018002185285,"[7.812609632244395, 8.221233805491053]",0.95,2026091603,5000,win,candidate_minus_reference; negative difference favors candidate,"paired demand-path sampling, excluding generation variation"
exp_iid_fixed6,self_evolve_h200_r1,capped_base_stock,cold_start,100,single_repeat,baseline_h200_capped_base_stock,1,1,primary,200,200,True,1000,134.78823460529648,127.74942990126166,7.038804704034806,"[6.593986389782249, 7.493273908353814]",-5.509852145309105,"[-5.875538087901267, -5.15575442165867]",0.95,2026091603,5000,loss,candidate_minus_reference; negative difference favors candidate,"paired demand-path sampling, excluding generation variation"
exp_iid_fixed6,self_evolve_h200_r1,conditional_pil,cold_start,100,single_repeat,baseline_h200_conditional_pil,1,1,primary,200,200,True,1000,134.78823460529648,127.57228005077839,7.21595455451809,"[6.86430545936874, 7.57175966372115]",-5.6563655926239464,"[-5.940699104999426, -5.373494736877856]",0.95,2026091603,5000,loss,candidate_minus_reference; negative difference favors candidate,"paired demand-path sampling, excluding generation variation"
exp_iid_fixed6,self_evolve_h200_r1,constant_order,cold_start,100,single_repeat,baseline_h200_constant_order,1,1,primary,200,200,True,1000,134.78823460529648,127.8697453451103,6.918489260186169,"[6.4196432117447895, 7.411357486298772]",-5.410575614672355,"[-5.813604054559665, -5.009426900363581]",0.95,2026091603,5000,loss,candidate_minus_reference; negative difference favors candidate,"paired demand-path sampling, excluding generation variation"
exp_iid_fixed6,self_evolve_h200_r1,forecast_adaptive_pil,cold_start,100,single_repeat,baseline_h200_forecast_adaptive_pil,1,1,primary,200,200,True,1000,134.78823460529648,127.6272300530386,7.161004552257891,"[6.725254551881678, 7.603975433884714]",-5.610875162989864,"[-5.961740203420378, -5.259074981750247]",0.95,2026091603,5000,loss,candidate_minus_reference; negative difference favors candidate,"paired demand-path sampling, excluding generation variation"
exp_iid_fixed6,self_evolve_h200_r1,forecast_capped_base_stock,cold_start,100,single_repeat,baseline_h200_forecast_capped_base_stock,1,1,primary,200,200,True,1000,134.78823460529648,127.75046672337828,7.037767881918193,"[6.5927665759743315, 7.492423049948738]",-5.508995827903532,"[-5.87499060821907, -5.154853679750743]",0.95,2026091603,5000,loss,candidate_minus_reference; negative difference favors candidate,"paired demand-path sampling, excluding generation variation"
exp_iid_fixed6,self_evolve_h200_r1,pil_cop_continuation,cold_start,100,single_repeat,baseline_h200_pil_cop_continuation,1,1,primary,200,200,True,1000,134.78823460529648,127.57228005077839,7.21595455451809,"[6.86430545936874, 7.57175966372115]",-5.6563655926239464,"[-5.940699104999426, -5.373494736877856]",0.95,2026091603,5000,loss,candidate_minus_reference; negative difference favors candidate,"paired demand-path sampling, excluding generation variation"
exp_iid_fixed6,self_evolve_h200_r1,base_stock,cold_start,200,single_repeat,baseline_h200_base_stock,1,1,primary,200,200,True,1000,130.42125727214298,141.29635239448217,-10.875095122339173,"[-11.092976087444194, -10.659863763080716]",7.696656663844549,"[7.548406352565958, 7.84647608247307]",0.95,2026091603,5000,win,candidate_minus_reference; negative difference favors candidate,"paired demand-path sampling, excluding generation variation"
exp_iid_fixed6,self_evolve_h200_r1,capped_base_stock,cold_start,200,single_repeat,baseline_h200_capped_base_stock,1,1,primary,200,200,True,1000,130.42125727214298,125.63635796977161,4.784899302371394,"[4.4998349906907205, 5.072555569368134]",-3.8085307308276395,"[-4.043615383745588, -3.5759702299681333]",0.95,2026091603,5000,loss,candidate_minus_reference; negative difference favors candidate,"paired demand-path sampling, excluding generation variation"
exp_iid_fixed6,self_evolve_h200_r1,conditional_pil,cold_start,200,single_repeat,baseline_h200_conditional_pil,1,1,primary,200,200,True,1000,130.42125727214298,125.45735385381029,4.963903418332687,"[4.744208422530265, 5.188528560755271]",-3.9566460361637317,"[-4.13543492068052, -3.777724067646103]",0.95,2026091603,5000,loss,candidate_minus_reference; negative difference favors candidate,"paired demand-path sampling, excluding generation variation"
exp_iid_fixed6,self_evolve_h200_r1,constant_order,cold_start,200,single_repeat,baseline_h200_constant_order,1,1,primary,200,200,True,1000,130.42125727214298,125.82796307260676,4.593294199536211,"[4.2585972749019785, 4.921977877424421]",-3.650455818700442,"[-3.917481309178997, -3.3809988152912647]",0.95,2026091603,5000,loss,candidate_minus_reference; negative difference favors candidate,"paired demand-path sampling, excluding generation variation"
exp_iid_fixed6,self_evolve_h200_r1,forecast_adaptive_pil,cold_start,200,single_repeat,baseline_h200_forecast_adaptive_pil,1,1,primary,200,200,True,1000,130.42125727214298,125.53683885554504,4.884418416597948,"[4.604625691913633, 5.165035650573568]",-3.890824765962466,"[-4.1181860683299805, -3.6645951639427836]",0.95,2026091603,5000,loss,candidate_minus_reference; negative difference favors candidate,"paired demand-path sampling, excluding generation variation"
exp_iid_fixed6,self_evolve_h200_r1,forecast_capped_base_stock,cold_start,200,single_repeat,baseline_h200_forecast_capped_base_stock,1,1,primary,200,200,True,1000,130.42125727214298,125.63760214888465,4.78365512325832,"[4.498430490817124, 5.07153566814909]",-3.80750272326078,"[-4.042620180626439, -3.5749141171123706]",0.95,2026091603,5000,loss,candidate_minus_reference; negative difference favors candidate,"paired demand-path sampling, excluding generation variation"
exp_iid_fixed6,self_evolve_h200_r1,pil_cop_continuation,cold_start,200,single_repeat,baseline_h200_pil_cop_continuation,1,1,primary,200,200,True,1000,130.42125727214298,125.45735385381029,4.963903418332687,"[4.744208422530265, 5.188528560755271]",-3.9566460361637317,"[-4.13543492068052, -3.777724067646103]",0.95,2026091603,5000,loss,candidate_minus_reference; negative difference favors candidate,"paired demand-path sampling, excluding generation variation"
exp_iid_fixed6,self_evolve_h200_r1,base_stock,cold_start,500,single_repeat,baseline_h200_base_stock,1,1,primary,200,200,True,1000,127.8603647467339,138.32958009894386,-10.469215352209984,"[-10.605244910537992, -10.33224428445305]",7.568312825587695,"[7.475080100535723, 7.662896754318938]",0.95,2026091603,5000,win,candidate_minus_reference; negative difference favors candidate,"paired demand-path sampling, excluding generation variation"
exp_iid_fixed6,self_evolve_h200_r1,capped_base_stock,cold_start,500,single_repeat,baseline_h200_capped_base_stock,1,1,primary,200,200,True,1000,127.8603647467339,124.42841591014948,3.431948836584395,"[3.2656790328931287, 3.603938518952017]",-2.758171283850983,"[-2.8989105502888397, -2.6237277757899147]",0.95,2026091603,5000,loss,candidate_minus_reference; negative difference favors candidate,"paired demand-path sampling, excluding generation variation"
exp_iid_fixed6,self_evolve_h200_r1,conditional_pil,cold_start,500,single_repeat,baseline_h200_conditional_pil,1,1,primary,200,200,True,1000,127.8603647467339,124.20147391044412,3.658890836289764,"[3.531698373265377, 3.7884051843065385]",-2.945931896853355,"[-3.05261085496822, -2.841326006543029]",0.95,2026091603,5000,loss,candidate_minus_reference; negative difference favors candidate,"paired demand-path sampling, excluding generation variation"
exp_iid_fixed6,self_evolve_h200_r1,constant_order,cold_start,500,single_repeat,baseline_h200_constant_order,1,1,primary,200,200,True,1000,127.8603647467339,124.6428307355851,3.217534011148777,"[3.0065581761729603, 3.4291726132849587]",-2.5814031919528646,"[-2.754973690759542, -2.4087057321765486]",0.95,2026091603,5000,loss,candidate_minus_reference; negative difference favors candidate,"paired demand-path sampling, excluding generation variation"
exp_iid_fixed6,self_evolve_h200_r1,forecast_adaptive_pil,cold_start,500,single_repeat,baseline_h200_forecast_adaptive_pil,1,1,primary,200,200,True,1000,127.8603647467339,124.3062761082149,3.554088638518963,"[3.389721176900398, 3.7253620473667572]",-2.8591385324945113,"[-2.99860673874312, -2.7255905227967148]",0.95,2026091603,5000,loss,candidate_minus_reference; negative difference favors candidate,"paired demand-path sampling, excluding generation variation"
exp_iid_fixed6,self_evolve_h200_r1,forecast_capped_base_stock,cold_start,500,single_repeat,baseline_h200_forecast_capped_base_stock,1,1,primary,200,200,True,1000,127.8603647467339,124.42985999963545,3.430504747098407,"[3.264171798843924, 3.6025168753407932]",-2.75697870841331,"[-2.897818397356733, -2.622486292896064]",0.95,2026091603,5000,loss,candidate_minus_reference; negative difference favors candidate,"paired demand-path sampling, excluding generation variation"
exp_iid_fixed6,self_evolve_h200_r1,pil_cop_continuation,cold_start,500,single_repeat,baseline_h200_pil_cop_continuation,1,1,primary,200,200,True,1000,127.8603647467339,124.20147391044412,3.658890836289764,"[3.531698373265377, 3.7884051843065385]",-2.945931896853355,"[-3.05261085496822, -2.841326006543029]",0.95,2026091603,5000,loss,candidate_minus_reference; negative difference favors candidate,"paired demand-path sampling, excluding generation variation"
exp_iid_fixed6,self_evolve_h200_r2,base_stock,steady,50,single_repeat,baseline_h200_base_stock,2,1,primary,200,200,True,1000,123.94775360554142,136.27763012143288,-12.329876515891476,"[-12.92061952681043, -11.72241066609441]",9.047615888906106,"[8.609436609434143, 9.472704408682274]",0.95,2026091603,5000,win,candidate_minus_reference; negative difference favors candidate,"paired demand-path sampling, excluding generation variation"
exp_iid_fixed6,self_evolve_h200_r2,capped_base_stock,steady,50,single_repeat,baseline_h200_capped_base_stock,2,1,primary,200,200,True,1000,123.94775360554142,123.66156875501007,0.2861848505313402,"[-0.08179535220765426, 0.6442792732611727]",-0.2314258612538921,"[-0.5205767063677222, 0.0661273596183332]",0.95,2026091603,5000,inconclusive,candidate_minus_reference; negative difference favors candidate,"paired demand-path sampling, excluding generation variation"
exp_iid_fixed6,self_evolve_h200_r2,conditional_pil,steady,50,single_repeat,baseline_h200_conditional_pil,2,1,primary,200,200,True,1000,123.94775360554142,123.3430970808289,0.6046565247125139,"[0.29873746735015927, 0.9104568952633434]",-0.4902232382865191,"[-0.7358735691466041, -0.24231431606370524]",0.95,2026091603,5000,loss,candidate_minus_reference; negative difference favors candidate,"paired demand-path sampling, excluding generation variation"
exp_iid_fixed6,self_evolve_h200_r2,constant_order,steady,50,single_repeat,baseline_h200_constant_order,2,1,primary,200,200,True,1000,123.94775360554142,123.86642429734786,0.08132930819354021,"[-0.32902883132270483, 0.45469725227731933]",-0.06565888105264465,"[-0.36833769039679787, 0.26700901850620956]",0.95,2026091603,5000,inconclusive,candidate_minus_reference; negative difference favors candidate,"paired demand-path sampling, excluding generation variation"
exp_iid_fixed6,self_evolve_h200_r2,forecast_adaptive_pil,steady,50,single_repeat,baseline_h200_forecast_adaptive_pil,2,1,primary,200,200,True,1000,123.94775360554142,123.5314890177921,0.41626458774930575,"[0.0790276162339823, 0.75158822938162]",-0.3369704283977105,"[-0.6073351045780003, -0.06358933068246622]",0.95,2026091603,5000,loss,candidate_minus_reference; negative difference favors candidate,"paired demand-path sampling, excluding generation variation"
exp_iid_fixed6,self_evolve_h200_r2,forecast_capped_base_stock,steady,50,single_repeat,baseline_h200_forecast_capped_base_stock,2,1,primary,200,200,True,1000,123.94775360554142,123.66295876886954,0.28479483667185707,"[-0.0833873142824543, 0.6431105616646308]",-0.2302992258208619,"[-0.5196639188450606, 0.06741352713000107]",0.95,2026091603,5000,inconclusive,candidate_minus_reference; negative difference favors candidate,"paired demand-path sampling, excluding generation variation"
exp_iid_fixed6,self_evolve_h200_r2,pil_cop_continuation,steady,50,single_repeat,baseline_h200_pil_cop_continuation,2,1,primary,200,200,True,1000,123.94775360554142,123.3430970808289,0.6046565247125139,"[0.29873746735015927, 0.9104568952633434]",-0.4902232382865191,"[-0.7358735691466041, -0.24231431606370524]",0.95,2026091603,5000,loss,candidate_minus_reference; negative difference favors candidate,"paired demand-path sampling, excluding generation variation"
exp_iid_fixed6,self_evolve_h200_r2,base_stock,steady,100,single_repeat,baseline_h200_base_stock,2,1,primary,200,200,True,1000,124.23459627156106,136.75742640296707,-12.522830131405982,"[-12.943172480632764, -12.089602982460915]",9.156965336936405,"[8.847480289354323, 9.459595008772446]",0.95,2026091603,5000,win,candidate_minus_reference; negative difference favors candidate,"paired demand-path sampling, excluding generation variation"
exp_iid_fixed6,self_evolve_h200_r2,capped_base_stock,steady,100,single_repeat,baseline_h200_capped_base_stock,2,1,primary,200,200,True,1000,124.23459627156106,123.92814550709465,0.3064507644664226,"[0.03713493856831408, 0.575859490928917]",-0.24728100562826627,"[-0.4650403096040722, -0.030003662159287483]",0.95,2026091603,5000,loss,candidate_minus_reference; negative difference favors candidate,"paired demand-path sampling, excluding generation variation"
exp_iid_fixed6,self_evolve_h200_r2,conditional_pil,steady,100,single_repeat,baseline_h200_conditional_pil,2,1,primary,200,200,True,1000,124.23459627156106,123.62369713351934,0.6108991380417292,"[0.39942670599462426, 0.8330019004895544]",-0.49416022349009436,"[-0.6732859372908604, -0.3231189225027809]",0.95,2026091603,5000,loss,candidate_minus_reference; negative difference favors candidate,"paired demand-path sampling, excluding generation variation"
exp_iid_fixed6,self_evolve_h200_r2,constant_order,steady,100,single_repeat,baseline_h200_constant_order,2,1,primary,200,200,True,1000,124.23459627156106,124.05533304361252,0.1792632279485453,"[-0.10923619651020285, 0.4555771604962519]",-0.1445026372913107,"[-0.3660842148070722, 0.08806667648815344]",0.95,2026091603,5000,inconclusive,candidate_minus_reference; negative difference favors candidate,"paired demand-path sampling, excluding generation variation"
exp_iid_fixed6,self_evolve_h200_r2,forecast_adaptive_pil,steady,100,single_repeat,baseline_h200_forecast_adaptive_pil,2,1,primary,200,200,True,1000,124.23459627156106,123.76633763846299,0.46825863309808824,"[0.22086279174943446, 0.7126143298759419]",-0.3783408655638792,"[-0.5755513326295222, -0.17896487886785578]",0.95,2026091603,5000,loss,candidate_minus_reference; negative difference favors candidate,"paired demand-path sampling, excluding generation variation"
exp_iid_fixed6,self_evolve_h200_r2,forecast_capped_base_stock,steady,100,single_repeat,baseline_h200_forecast_capped_base_stock,2,1,primary,200,200,True,1000,124.23459627156106,123.9296594953173,0.3049367762437751,"[0.03536051531347812, 0.5746245847306555]",-0.24605633347623787,"[-0.4641260180732182, -0.028462062667892668]",0.95,2026091603,5000,loss,candidate_minus_reference; negative difference favors candidate,"paired demand-path sampling, excluding generation variation"
exp_iid_fixed6,self_evolve_h200_r2,pil_cop_continuation,steady,100,single_repeat,baseline_h200_pil_cop_continuation,2,1,primary,200,200,True,1000,124.23459627156106,123.62369713351934,0.6108991380417292,"[0.39942670599462426, 0.8330019004895544]",-0.49416022349009436,"[-0.6732859372908604, -0.3231189225027809]",0.95,2026091603,5000,loss,candidate_minus_reference; negative difference favors candidate,"paired demand-path sampling, excluding generation variation"
exp_iid_fixed6,self_evolve_h200_r2,base_stock,steady,200,single_repeat,baseline_h200_base_stock,2,1,primary,200,200,True,1000,124.09515814852713,136.47422890223854,-12.379070753711424,"[-12.686740415517084, -12.067706175391702]",9.07062883101467,"[8.852002053303652, 9.283158080605993]",0.95,2026091603,5000,win,candidate_minus_reference; negative difference favors candidate,"paired demand-path sampling, excluding generation variation"
exp_iid_fixed6,self_evolve_h200_r2,capped_base_stock,steady,200,single_repeat,baseline_h200_capped_base_stock,2,1,primary,200,200,True,1000,124.09515814852713,123.75307785942378,0.34208028910335236,"[0.16713406313656834, 0.5229439076798966]",-0.27642164140105946,"[-0.42245531528119995, -0.1351557656017817]",0.95,2026091603,5000,loss,candidate_minus_reference; negative difference favors candidate,"paired demand-path sampling, excluding generation variation"
exp_iid_fixed6,self_evolve_h200_r2,conditional_pil,steady,200,single_repeat,baseline_h200_conditional_pil,2,1,primary,200,200,True,1000,124.09515814852713,123.48107258002207,0.6140855685050624,"[0.47338100792543647, 0.7589571940442863]",-0.49731149533634156,"[-0.6142877202081024, -0.38270178492845425]",0.95,2026091603,5000,loss,candidate_minus_reference; negative difference favors candidate,"paired demand-path sampling, excluding generation variation"
exp_iid_fixed6,self_evolve_h200_r2,constant_order,steady,200,single_repeat,baseline_h200_constant_order,2,1,primary,200,200,True,1000,124.09515814852713,124.04517296705299,0.049985181474157814,"[-0.17925572033795803, 0.2625592537588113]",-0.04029595048202173,"[-0.21123316493242117, 0.14387431312789253]",0.95,2026091603,5000,inconclusive,candidate_minus_reference; negative difference favors candidate,"paired demand-path sampling, excluding generation variation"
exp_iid_fixed6,self_evolve_h200_r2,forecast_adaptive_pil,steady,200,single_repeat,baseline_h200_forecast_adaptive_pil,2,1,primary,200,200,True,1000,124.09515814852713,123.6447565914476,0.4504015570795405,"[0.291705275918602, 0.6129353131538444]",-0.36427064882966836,"[-0.4954071495209931, -0.2354582200395901]",0.95,2026091603,5000,loss,candidate_minus_reference; negative difference favors candidate,"paired demand-path sampling, excluding generation variation"
exp_iid_fixed6,self_evolve_h200_r2,forecast_capped_base_stock,steady,200,single_repeat,baseline_h200_forecast_capped_base_stock,2,1,primary,200,200,True,1000,124.09515814852713,123.75461009156236,0.3405480569647753,"[0.1655673196544111, 0.5216351929805688]",-0.27518009770530283,"[-0.4213915037907743, -0.13378414012484177]",0.95,2026091603,5000,loss,candidate_minus_reference; negative difference favors candidate,"paired demand-path sampling, excluding generation variation"
exp_iid_fixed6,self_evolve_h200_r2,pil_cop_continuation,steady,200,single_repeat,baseline_h200_pil_cop_continuation,2,1,primary,200,200,True,1000,124.09515814852713,123.48107258002207,0.6140855685050624,"[0.47338100792543647, 0.7589571940442863]",-0.49731149533634156,"[-0.6142877202081024, -0.38270178492845425]",0.95,2026091603,5000,loss,candidate_minus_reference; negative difference favors candidate,"paired demand-path sampling, excluding generation variation"
exp_iid_fixed6,self_evolve_h200_r2,base_stock,steady,500,single_repeat,baseline_h200_base_stock,2,1,primary,200,200,True,1000,124.22256855477279,136.54929640476988,-12.326727849997114,"[-12.520114706725781, -12.140805111271918]",9.027309678299076,"[8.895210810494598, 9.16433909036535]",0.95,2026091603,5000,win,candidate_minus_reference; negative difference favors candidate,"paired demand-path sampling, excluding generation variation"
exp_iid_fixed6,self_evolve_h200_r2,capped_base_stock,steady,500,single_repeat,baseline_h200_capped_base_stock,2,1,primary,200,200,True,1000,124.22256855477279,123.83765614788817,0.3849124068846149,"[0.2633708009893622, 0.5052649964156879]",-0.3108201647687497,"[-0.4083966123606806, -0.2125768956926339]",0.95,2026091603,5000,loss,candidate_minus_reference; negative difference favors candidate,"paired demand-path sampling, excluding generation variation"
exp_iid_fixed6,self_evolve_h200_r2,conditional_pil,steady,500,single_repeat,baseline_h200_conditional_pil,2,1,primary,200,200,True,1000,124.22256855477279,123.59052360477737,0.632044949995398,"[0.5344851682405738, 0.7304470474782914]",-0.5114024373070836,"[-0.5912751047165058, -0.43212234968310015]",0.95,2026091603,5000,loss,candidate_minus_reference; negative difference favors candidate,"paired demand-path sampling, excluding generation variation"
exp_iid_fixed6,self_evolve_h200_r2,constant_order,steady,500,single_repeat,baseline_h200_constant_order,2,1,primary,200,200,True,1000,124.22256855477279,124.13586249041813,0.08670606435463912,"[-0.05773470541878708, 0.22620703718913626]",-0.06984771573271238,"[-0.18211454468164479, 0.04632077704030524]",0.95,2026091603,5000,inconclusive,candidate_minus_reference; negative difference favors candidate,"paired demand-path sampling, excluding generation variation"
exp_iid_fixed6,self_evolve_h200_r2,forecast_adaptive_pil,steady,500,single_repeat,baseline_h200_forecast_adaptive_pil,2,1,primary,200,200,True,1000,124.22256855477279,123.73704093285679,0.48552762191599563,"[0.3774460495546723, 0.5935551061078175]",-0.392386643688584,"[-0.479387819526851, -0.30529317769251973]",0.95,2026091603,5000,loss,candidate_minus_reference; negative difference favors candidate,"paired demand-path sampling, excluding generation variation"
exp_iid_fixed6,self_evolve_h200_r2,forecast_capped_base_stock,steady,500,single_repeat,baseline_h200_forecast_capped_base_stock,2,1,primary,200,200,True,1000,124.22256855477279,123.8391520265924,0.383416528180361,"[0.2617378438969455, 0.5038521399666045]",-0.3096084896463585,"[-0.40718473012981354, -0.21123709239592703]",0.95,2026091603,5000,loss,candidate_minus_reference; negative difference favors candidate,"paired demand-path sampling, excluding generation variation"
exp_iid_fixed6,self_evolve_h200_r2,pil_cop_continuation,steady,500,single_repeat,baseline_h200_pil_cop_continuation,2,1,primary,200,200,True,1000,124.22256855477279,123.59052360477737,0.632044949995398,"[0.5344851682405738, 0.7304470474782914]",-0.5114024373070836,"[-0.5912751047165058, -0.43212234968310015]",0.95,2026091603,5000,loss,candidate_minus_reference; negative difference favors candidate,"paired demand-path sampling, excluding generation variation"
exp_iid_fixed6,self_evolve_h200_r2,base_stock,cold_start,50,single_repeat,baseline_h200_base_stock,2,1,primary,200,200,True,1000,149.28649332767264,157.29822244292112,-8.011729115248464,"[-9.407844875450628, -6.582331207304667]",5.093337350430448,"[4.186820653205708, 5.9657671571693545]",0.95,2026091603,5000,win,candidate_minus_reference; negative difference favors candidate,"paired demand-path sampling, excluding generation variation"
exp_iid_fixed6,self_evolve_h200_r2,capped_base_stock,cold_start,50,single_repeat,baseline_h200_capped_base_stock,2,1,primary,200,200,True,1000,149.28649332767264,132.3804235464256,16.90606978124707,"[15.500540063067733, 18.36260532437463]",-12.770823153710584,"[-13.905212317547031, -11.672870144284538]",0.95,2026091603,5000,loss,candidate_minus_reference; negative difference favors candidate,"paired demand-path sampling, excluding generation variation"
exp_iid_fixed6,self_evolve_h200_r2,conditional_pil,cold_start,50,single_repeat,baseline_h200_conditional_pil,2,1,primary,200,200,True,1000,149.28649332767264,132.30595214712463,16.980541180548006,"[15.666697083491199, 18.34495903036921]",-12.834298763570063,"[-13.888956475846857, -11.817551297623698]",0.95,2026091603,5000,loss,candidate_minus_reference; negative difference favors candidate,"paired demand-path sampling, excluding generation variation"
exp_iid_fixed6,self_evolve_h200_r2,constant_order,cold_start,50,single_repeat,baseline_h200_constant_order,2,1,primary,200,200,True,1000,149.28649332767264,132.40829367834027,16.878199649332366,"[15.453853403143572, 18.348094308900585]",-12.74708644032119,"[-13.8628532002942, -11.648598768989327]",0.95,2026091603,5000,loss,candidate_minus_reference; negative difference favors candidate,"paired demand-path sampling, excluding generation variation"
exp_iid_fixed6,self_evolve_h200_r2,forecast_adaptive_pil,cold_start,50,single_repeat,baseline_h200_forecast_adaptive_pil,2,1,primary,200,200,True,1000,149.28649332767264,132.28944612934663,16.99704719832604,"[15.608923652333406, 18.429339730490916]",-12.848377323847188,"[-13.964272325078378, -11.772768517478399]",0.95,2026091603,5000,loss,candidate_minus_reference; negative difference favors candidate,"paired demand-path sampling, excluding generation variation"
exp_iid_fixed6,self_evolve_h200_r2,forecast_capped_base_stock,cold_start,50,single_repeat,baseline_h200_forecast_capped_base_stock,2,1,primary,200,200,True,1000,149.28649332767264,132.38106471338438,16.905428614288265,"[15.499866938350918, 18.36200045910823]",-12.77027696588623,"[-13.904557555787617, -11.67245390986554]",0.95,2026091603,5000,loss,candidate_minus_reference; negative difference favors candidate,"paired demand-path sampling, excluding generation variation"
exp_iid_fixed6,self_evolve_h200_r2,pil_cop_continuation,cold_start,50,single_repeat,baseline_h200_pil_cop_continuation,2,1,primary,200,200,True,1000,149.28649332767264,132.30595214712463,16.980541180548006,"[15.666697083491199, 18.34495903036921]",-12.834298763570063,"[-13.888956475846857, -11.817551297623698]",0.95,2026091603,5000,loss,candidate_minus_reference; negative difference favors candidate,"paired demand-path sampling, excluding generation variation"
exp_iid_fixed6,self_evolve_h200_r2,base_stock,cold_start,100,single_repeat,baseline_h200_base_stock,2,1,primary,200,200,True,1000,136.363915773703,146.54083603593097,-10.176920262227911,"[-10.939313862233893, -9.41892510626156]",6.944767436520309,"[6.436711660515746, 7.450306534953652]",0.95,2026091603,5000,win,candidate_minus_reference; negative difference favors candidate,"paired demand-path sampling, excluding generation variation"
exp_iid_fixed6,self_evolve_h200_r2,capped_base_stock,cold_start,100,single_repeat,baseline_h200_capped_base_stock,2,1,primary,200,200,True,1000,136.363915773703,127.74942990126166,8.61448587244136,"[7.894799364826089, 9.368281039208844]",-6.743267566124984,"[-7.344065865821217, -6.166838894577161]",0.95,2026091603,5000,loss,candidate_minus_reference; negative difference favors candidate,"paired demand-path sampling, excluding generation variation"
exp_iid_fixed6,self_evolve_h200_r2,conditional_pil,cold_start,100,single_repeat,baseline_h200_conditional_pil,2,1,primary,200,200,True,1000,136.363915773703,127.57228005077839,8.791635722924644,"[8.128416945094122, 9.487726400004197]",-6.89149376292815,"[-7.444759863348241, -6.366318456114888]",0.95,2026091603,5000,loss,candidate_minus_reference; negative difference favors candidate,"paired demand-path sampling, excluding generation variation"
exp_iid_fixed6,self_evolve_h200_r2,constant_order,cold_start,100,single_repeat,baseline_h200_constant_order,2,1,primary,200,200,True,1000,136.363915773703,127.8697453451103,8.494170428592723,"[7.738373527202995, 9.238170290196607]",-6.642830487905969,"[-7.234656141392446, -6.0464387525203644]",0.95,2026091603,5000,loss,candidate_minus_reference; negative difference favors candidate,"paired demand-path sampling, excluding generation variation"
exp_iid_fixed6,self_evolve_h200_r2,forecast_adaptive_pil,cold_start,100,single_repeat,baseline_h200_forecast_adaptive_pil,2,1,primary,200,200,True,1000,136.363915773703,127.6272300530386,8.736685720664445,"[8.028138794073088, 9.47275566722257]",-6.845471547908443,"[-7.43642743774959, -6.281455903127848]",0.95,2026091603,5000,loss,candidate_minus_reference; negative difference favors candidate,"paired demand-path sampling, excluding generation variation"
exp_iid_fixed6,self_evolve_h200_r2,forecast_capped_base_stock,cold_start,100,single_repeat,baseline_h200_forecast_capped_base_stock,2,1,primary,200,200,True,1000,136.363915773703,127.75046672337828,8.613449050324746,"[7.893644251143114, 9.367687248051794]",-6.7424012383263365,"[-7.343098520564577, -6.165856445141861]",0.95,2026091603,5000,loss,candidate_minus_reference; negative difference favors candidate,"paired demand-path sampling, excluding generation variation"
exp_iid_fixed6,self_evolve_h200_r2,pil_cop_continuation,cold_start,100,single_repeat,baseline_h200_pil_cop_continuation,2,1,primary,200,200,True,1000,136.363915773703,127.57228005077839,8.791635722924644,"[8.128416945094122, 9.487726400004197]",-6.89149376292815,"[-7.444759863348241, -6.366318456114888]",0.95,2026091603,5000,loss,candidate_minus_reference; negative difference favors candidate,"paired demand-path sampling, excluding generation variation"
exp_iid_fixed6,self_evolve_h200_r2,base_stock,cold_start,200,single_repeat,baseline_h200_base_stock,2,1,primary,200,200,True,1000,130.10143848189307,141.29635239448217,-11.194913912589094,"[-11.622431746332612, -10.763129318048968]",7.923002768913855,"[7.625187748353841, 8.217547448433626]",0.95,2026091603,5000,win,candidate_minus_reference; negative difference favors candidate,"paired demand-path sampling, excluding generation variation"
exp_iid_fixed6,self_evolve_h200_r2,capped_base_stock,cold_start,200,single_repeat,baseline_h200_capped_base_stock,2,1,primary,200,200,True,1000,130.10143848189307,125.63635796977161,4.4650805121214745,"[4.084398850899464, 4.868231819138876]",-3.5539716243571537,"[-3.8762508085390635, -3.2452709551515135]",0.95,2026091603,5000,loss,candidate_minus_reference; negative difference favors candidate,"paired demand-path sampling, excluding generation variation"
exp_iid_fixed6,self_evolve_h200_r2,conditional_pil,cold_start,200,single_repeat,baseline_h200_conditional_pil,2,1,primary,200,200,True,1000,130.10143848189307,125.45735385381029,4.6440846280827675,"[4.297419330538101, 5.000931785084559]",-3.7017237215877508,"[-3.9894469642747574, -3.422725287623784]",0.95,2026091603,5000,loss,candidate_minus_reference; negative difference favors candidate,"paired demand-path sampling, excluding generation variation"
exp_iid_fixed6,self_evolve_h200_r2,constant_order,cold_start,200,single_repeat,baseline_h200_constant_order,2,1,primary,200,200,True,1000,130.10143848189307,125.82796307260676,4.2734754092862905,"[3.8695180057160057, 4.675536071714163]",-3.396284343266666,"[-3.7230955178362417, -3.069050218278403]",0.95,2026091603,5000,loss,candidate_minus_reference; negative difference favors candidate,"paired demand-path sampling, excluding generation variation"
exp_iid_fixed6,self_evolve_h200_r2,forecast_adaptive_pil,cold_start,200,single_repeat,baseline_h200_forecast_adaptive_pil,2,1,primary,200,200,True,1000,130.10143848189307,125.53683885554504,4.564599626348028,"[4.193659194986191, 4.9558614540214485]",-3.636063858195841,"[-3.949210662221412, -3.335637566166211]",0.95,2026091603,5000,loss,candidate_minus_reference; negative difference favors candidate,"paired demand-path sampling, excluding generation variation"
exp_iid_fixed6,self_evolve_h200_r2,forecast_capped_base_stock,cold_start,200,single_repeat,baseline_h200_forecast_capped_base_stock,2,1,primary,200,200,True,1000,130.10143848189307,125.63760214888465,4.463836333008402,"[4.082974746941906, 4.867093463330587]",-3.552946137668741,"[-3.8751356729199946, -3.244252861996598]",0.95,2026091603,5000,loss,candidate_minus_reference; negative difference favors candidate,"paired demand-path sampling, excluding generation variation"
exp_iid_fixed6,self_evolve_h200_r2,pil_cop_continuation,cold_start,200,single_repeat,baseline_h200_pil_cop_continuation,2,1,primary,200,200,True,1000,130.10143848189307,125.45735385381029,4.6440846280827675,"[4.297419330538101, 5.000931785084559]",-3.7017237215877508,"[-3.9894469642747574, -3.422725287623784]",0.95,2026091603,5000,loss,candidate_minus_reference; negative difference favors candidate,"paired demand-path sampling, excluding generation variation"
exp_iid_fixed6,self_evolve_h200_r2,base_stock,cold_start,500,single_repeat,baseline_h200_base_stock,2,1,primary,200,200,True,1000,126.39677397667113,138.32958009894386,-11.932806122272726,"[-12.15167985327715, -11.714337612680431]",8.626358956441193,"[8.471334500803144, 8.781844616534313]",0.95,2026091603,5000,win,candidate_minus_reference; negative difference favors candidate,"paired demand-path sampling, excluding generation variation"
exp_iid_fixed6,self_evolve_h200_r2,capped_base_stock,cold_start,500,single_repeat,baseline_h200_capped_base_stock,2,1,primary,200,200,True,1000,126.39677397667113,124.42841591014948,1.9683580665216505,"[1.7851120307993564, 2.1524912452111473]",-1.5819200559002606,"[-1.7307059232657132, -1.4339002891416057]",0.95,2026091603,5000,loss,candidate_minus_reference; negative difference favors candidate,"paired demand-path sampling, excluding generation variation"
exp_iid_fixed6,self_evolve_h200_r2,conditional_pil,cold_start,500,single_repeat,baseline_h200_conditional_pil,2,1,primary,200,200,True,1000,126.39677397667113,124.20147391044412,2.1953000662270195,"[2.032440472182293, 2.358560702901584]",-1.767531412557901,"[-1.8995873109241113, -1.6366168299145936]",0.95,2026091603,5000,loss,candidate_minus_reference; negative difference favors candidate,"paired demand-path sampling, excluding generation variation"
exp_iid_fixed6,self_evolve_h200_r2,constant_order,cold_start,500,single_repeat,baseline_h200_constant_order,2,1,primary,200,200,True,1000,126.39677397667113,124.6428307355851,1.7539432410860327,"[1.5552547220413142, 1.9527843703042618]",-1.4071753912640317,"[-1.5683955086490478, -1.2472177524866634]",0.95,2026091603,5000,loss,candidate_minus_reference; negative difference favors candidate,"paired demand-path sampling, excluding generation variation"
exp_iid_fixed6,self_evolve_h200_r2,forecast_adaptive_pil,cold_start,500,single_repeat,baseline_h200_forecast_adaptive_pil,2,1,primary,200,200,True,1000,126.39677397667113,124.3062761082149,2.090497868456219,"[1.912146943411862, 2.27135496603531]",-1.681731553631565,"[-1.8281255460930512, -1.5381601270681118]",0.95,2026091603,5000,loss,candidate_minus_reference; negative difference favors candidate,"paired demand-path sampling, excluding generation variation"
exp_iid_fixed6,self_evolve_h200_r2,forecast_capped_base_stock,cold_start,500,single_repeat,baseline_h200_forecast_capped_base_stock,2,1,primary,200,200,True,1000,126.39677397667113,124.42985999963545,1.9669139770356627,"[1.7834253874455277, 2.151124069242676]",-1.5807411316234192,"[-1.7295977791042354, -1.432593074532209]",0.95,2026091603,5000,loss,candidate_minus_reference; negative difference favors candidate,"paired demand-path sampling, excluding generation variation"
exp_iid_fixed6,self_evolve_h200_r2,pil_cop_continuation,cold_start,500,single_repeat,baseline_h200_pil_cop_continuation,2,1,primary,200,200,True,1000,126.39677397667113,124.20147391044412,2.1953000662270195,"[2.032440472182293, 2.358560702901584]",-1.767531412557901,"[-1.8995873109241113, -1.6366168299145936]",0.95,2026091603,5000,loss,candidate_minus_reference; negative difference favors candidate,"paired demand-path sampling, excluding generation variation"
exp_iid_fixed6,self_evolve_h200_r3,base_stock,steady,50,single_repeat,baseline_h200_base_stock,3,1,primary,200,200,True,1000,124.41929890327908,136.27763012143288,-11.85833121815381,"[-12.735157135381327, -10.9028571170361]",8.701597765962905,"[8.024858355728895, 9.32710689811166]",0.95,2026091603,5000,win,candidate_minus_reference; negative difference favors candidate,"paired demand-path sampling, excluding generation variation"
exp_iid_fixed6,self_evolve_h200_r3,capped_base_stock,steady,50,single_repeat,baseline_h200_capped_base_stock,3,1,primary,200,200,True,1000,124.41929890327908,123.66156875501007,0.7577301482690043,"[0.38942026641342764, 1.1524265377643081]",-0.6127450556366324,"[-0.9316121020567129, -0.316165230505852]",0.95,2026091603,5000,loss,candidate_minus_reference; negative difference favors candidate,"paired demand-path sampling, excluding generation variation"
exp_iid_fixed6,self_evolve_h200_r3,conditional_pil,steady,50,single_repeat,baseline_h200_conditional_pil,3,1,primary,200,200,True,1000,124.41929890327908,123.3430970808289,1.0762018224501781,"[0.6758296231594936, 1.5253306678566523]",-0.8725269982031774,"[-1.2355010708761833, -0.5490914781049152]",0.95,2026091603,5000,loss,candidate_minus_reference; negative difference favors candidate,"paired demand-path sampling, excluding generation variation"
exp_iid_fixed6,self_evolve_h200_r3,constant_order,steady,50,single_repeat,baseline_h200_constant_order,3,1,primary,200,200,True,1000,124.41929890327908,123.86642429734786,0.5528746059312043,"[0.2809760779879196, 0.8732956831635453]",-0.4463474335902505,"[-0.7044066096450693, -0.227212729700036]",0.95,2026091603,5000,loss,candidate_minus_reference; negative difference favors candidate,"paired demand-path sampling, excluding generation variation"
exp_iid_fixed6,self_evolve_h200_r3,forecast_adaptive_pil,steady,50,single_repeat,baseline_h200_forecast_adaptive_pil,3,1,primary,200,200,True,1000,124.41929890327908,123.5314890177921,0.8878098854869699,"[0.5597098708055771, 1.250662301464683]",-0.7186911552236833,"[-1.0154752996590768, -0.455115499638874]",0.95,2026091603,5000,loss,candidate_minus_reference; negative difference favors candidate,"paired demand-path sampling, excluding generation variation"
exp_iid_fixed6,self_evolve_h200_r3,forecast_capped_base_stock,steady,50,single_repeat,baseline_h200_forecast_capped_base_stock,3,1,primary,200,200,True,1000,124.41929890327908,123.66295876886954,0.7563401344095212,"[0.3878110490807482, 1.1508203761090627]",-0.6116141340457231,"[-0.9302513196245303, -0.31486351150240266]",0.95,2026091603,5000,loss,candidate_minus_reference; negative difference favors candidate,"paired demand-path sampling, excluding generation variation"
exp_iid_fixed6,self_evolve_h200_r3,pil_cop_continuation,steady,50,single_repeat,baseline_h200_pil_cop_continuation,3,1,primary,200,200,True,1000,124.41929890327908,123.3430970808289,1.0762018224501781,"[0.6758296231594936, 1.5253306678566523]",-0.8725269982031774,"[-1.2355010708761833, -0.5490914781049152]",0.95,2026091603,5000,loss,candidate_minus_reference; negative difference favors candidate,"paired demand-path sampling, excluding generation variation"
exp_iid_fixed6,self_evolve_h200_r3,base_stock,steady,100,single_repeat,baseline_h200_base_stock,3,1,primary,200,200,True,1000,124.5527142405177,136.75742640296707,-12.204712162449344,"[-12.817001995785876, -11.54430574813091]",8.92435056980904,"[8.463157232604312, 9.362018726390477]",0.95,2026091603,5000,win,candidate_minus_reference; negative difference favors candidate,"paired demand-path sampling, excluding generation variation"
exp_iid_fixed6,self_evolve_h200_r3,capped_base_stock,steady,100,single_repeat,baseline_h200_capped_base_stock,3,1,primary,200,200,True,1000,124.5527142405177,123.92814550709465,0.6245687334230624,"[0.395587149970343, 0.8790817459134387]",-0.5039765025672004,"[-0.7089436021333575, -0.31895447827674556]",0.95,2026091603,5000,loss,candidate_minus_reference; negative difference favors candidate,"paired demand-path sampling, excluding generation variation"
exp_iid_fixed6,self_evolve_h200_r3,conditional_pil,steady,100,single_repeat,baseline_h200_conditional_pil,3,1,primary,200,200,True,1000,124.5527142405177,123.62369713351934,0.929017106998369,"[0.661639193313581, 1.228810927722299]",-0.7514878850411478,"[-0.9957032220581781, -0.5359567155971044]",0.95,2026091603,5000,loss,candidate_minus_reference; negative difference favors candidate,"paired demand-path sampling, excluding generation variation"
exp_iid_fixed6,self_evolve_h200_r3,constant_order,steady,100,single_repeat,baseline_h200_constant_order,3,1,primary,200,200,True,1000,124.5527142405177,124.05533304361252,0.4973811969051852,"[0.3218753245029061, 0.6945838123615027]",-0.4009349575727817,"[-0.5599954304265169, -0.25899819528933726]",0.95,2026091603,5000,loss,candidate_minus_reference; negative difference favors candidate,"paired demand-path sampling, excluding generation variation"
exp_iid_fixed6,self_evolve_h200_r3,forecast_adaptive_pil,steady,100,single_repeat,baseline_h200_forecast_adaptive_pil,3,1,primary,200,200,True,1000,124.5527142405177,123.76633763846299,0.7863766020547281,"[0.5804671544995355, 1.0168060626139896]",-0.6353719573991281,"[-0.8207910571630469, -0.46908482809628366]",0.95,2026091603,5000,loss,candidate_minus_reference; negative difference favors candidate,"paired demand-path sampling, excluding generation variation"
exp_iid_fixed6,self_evolve_h200_r3,forecast_capped_base_stock,steady,100,single_repeat,baseline_h200_forecast_capped_base_stock,3,1,primary,200,200,True,1000,124.5527142405177,123.9296594953173,0.6230547452004149,"[0.39384663786609375, 0.877384530245828]",-0.5027486944914492,"[-0.7074853130489677, -0.3176149134735186]",0.95,2026091603,5000,loss,candidate_minus_reference; negative difference favors candidate,"paired demand-path sampling, excluding generation variation"
exp_iid_fixed6,self_evolve_h200_r3,pil_cop_continuation,steady,100,single_repeat,baseline_h200_pil_cop_continuation,3,1,primary,200,200,True,1000,124.5527142405177,123.62369713351934,0.929017106998369,"[0.661639193313581, 1.228810927722299]",-0.7514878850411478,"[-0.9957032220581781, -0.5359567155971044]",0.95,2026091603,5000,loss,candidate_minus_reference; negative difference favors candidate,"paired demand-path sampling, excluding generation variation"
exp_iid_fixed6,self_evolve_h200_r3,base_stock,steady,200,single_repeat,baseline_h200_base_stock,3,1,primary,200,200,True,1000,124.57429921986369,136.47422890223854,-11.899929682374877,"[-12.357559128841356, -11.419505651999176]",8.71954344647677,"[8.377777016730477, 9.044847227826185]",0.95,2026091603,5000,win,candidate_minus_reference; negative difference favors candidate,"paired demand-path sampling, excluding generation variation"
exp_iid_fixed6,self_evolve_h200_r3,capped_base_stock,steady,200,single_repeat,baseline_h200_capped_base_stock,3,1,primary,200,200,True,1000,124.57429921986369,123.75307785942378,0.8212213604399012,"[0.6245263947061982, 1.0406436938751924]",-0.6635967158511936,"[-0.8412575362199778, -0.5049373574287408]",0.95,2026091603,5000,loss,candidate_minus_reference; negative difference favors candidate,"paired demand-path sampling, excluding generation variation"
exp_iid_fixed6,self_evolve_h200_r3,conditional_pil,steady,200,single_repeat,baseline_h200_conditional_pil,3,1,primary,200,200,True,1000,124.57429921986369,123.48107258002207,1.0932266398416113,"[0.8760774961351521, 1.3363441937971288]",-0.8853394427175473,"[-1.081062853386254, -0.7092564373653049]",0.95,2026091603,5000,loss,candidate_minus_reference; negative difference favors candidate,"paired demand-path sampling, excluding generation variation"
exp_iid_fixed6,self_evolve_h200_r3,constant_order,steady,200,single_repeat,baseline_h200_constant_order,3,1,primary,200,200,True,1000,124.57429921986369,124.04517296705299,0.5291262528107068,"[0.40285767493036706, 0.6654393461652826]",-0.4265593252477764,"[-0.5362361372867934, -0.3256335936776757]",0.95,2026091603,5000,loss,candidate_minus_reference; negative difference favors candidate,"paired demand-path sampling, excluding generation variation"
exp_iid_fixed6,self_evolve_h200_r3,forecast_adaptive_pil,steady,200,single_repeat,baseline_h200_forecast_adaptive_pil,3,1,primary,200,200,True,1000,124.57429921986369,123.6447565914476,0.9295426284160896,"[0.7550742000587767, 1.1191663438329713]",-0.7517849151400104,"[-0.90287140077425, -0.6111386539788977]",0.95,2026091603,5000,loss,candidate_minus_reference; negative difference favors candidate,"paired demand-path sampling, excluding generation variation"
exp_iid_fixed6,self_evolve_h200_r3,forecast_capped_base_stock,steady,200,single_repeat,baseline_h200_forecast_capped_base_stock,3,1,primary,200,200,True,1000,124.57429921986369,123.75461009156236,0.8196891283013242,"[0.6230085666328163, 1.0390317815887444]",-0.6623503784585243,"[-0.8401740791818937, -0.5035690853105689]",0.95,2026091603,5000,loss,candidate_minus_reference; negative difference favors candidate,"paired demand-path sampling, excluding generation variation"
exp_iid_fixed6,self_evolve_h200_r3,pil_cop_continuation,steady,200,single_repeat,baseline_h200_pil_cop_continuation,3,1,primary,200,200,True,1000,124.57429921986369,123.48107258002207,1.0932266398416113,"[0.8760774961351521, 1.3363441937971288]",-0.8853394427175473,"[-1.081062853386254, -0.7092564373653049]",0.95,2026091603,5000,loss,candidate_minus_reference; negative difference favors candidate,"paired demand-path sampling, excluding generation variation"
exp_iid_fixed6,self_evolve_h200_r3,base_stock,steady,500,single_repeat,baseline_h200_base_stock,3,1,primary,200,200,True,1000,124.69474578796772,136.54929640476988,-11.854550616802182,"[-12.15432048811978, -11.559679484584157]",8.681517172861874,"[8.47277093351995, 8.897839242422013]",0.95,2026091603,5000,win,candidate_minus_reference; negative difference favors candidate,"paired demand-path sampling, excluding generation variation"
exp_iid_fixed6,self_evolve_h200_r3,capped_base_stock,steady,500,single_repeat,baseline_h200_capped_base_stock,3,1,primary,200,200,True,1000,124.69474578796772,123.83765614788817,0.8570896400795466,"[0.7267835241622257, 0.9944964419563562]",-0.692107446749481,"[-0.8023306610277747, -0.5874235665769116]",0.95,2026091603,5000,loss,candidate_minus_reference; negative difference favors candidate,"paired demand-path sampling, excluding generation variation"
exp_iid_fixed6,self_evolve_h200_r3,conditional_pil,steady,500,single_repeat,baseline_h200_conditional_pil,3,1,primary,200,200,True,1000,124.69474578796772,123.59052360477737,1.1042221831903296,"[0.9558187103338983, 1.255847277517626]",-0.8934521442125043,"[-1.0156902851231913, -0.7736706201122975]",0.95,2026091603,5000,loss,candidate_minus_reference; negative difference favors candidate,"paired demand-path sampling, excluding generation variation"
exp_iid_fixed6,self_evolve_h200_r3,constant_order,steady,500,single_repeat,baseline_h200_constant_order,3,1,primary,200,200,True,1000,124.69474578796772,124.13586249041813,0.5588832975495707,"[0.4751066171263246, 0.6445916365508694]",-0.45021904737055674,"[-0.5191122915410777, -0.3826476748797209]",0.95,2026091603,5000,loss,candidate_minus_reference; negative difference favors candidate,"paired demand-path sampling, excluding generation variation"
exp_iid_fixed6,self_evolve_h200_r3,forecast_adaptive_pil,steady,500,single_repeat,baseline_h200_forecast_adaptive_pil,3,1,primary,200,200,True,1000,124.69474578796772,123.73704093285679,0.9577048551109272,"[0.8421415661398901, 1.0757974330876472]",-0.7739839646162304,"[-0.8686435495778354, -0.6815632330688804]",0.95,2026091603,5000,loss,candidate_minus_reference; negative difference favors candidate,"paired demand-path sampling, excluding generation variation"
exp_iid_fixed6,self_evolve_h200_r3,forecast_capped_base_stock,steady,500,single_repeat,baseline_h200_forecast_capped_base_stock,3,1,primary,200,200,True,1000,124.69474578796772,123.8391520265924,0.8555937613752926,"[0.7252780300203046, 0.9929889262586342]",-0.6908911659792315,"[-0.8010801772746992, -0.5862286445229931]",0.95,2026091603,5000,loss,candidate_minus_reference; negative difference favors candidate,"paired demand-path sampling, excluding generation variation"
exp_iid_fixed6,self_evolve_h200_r3,pil_cop_continuation,steady,500,single_repeat,baseline_h200_pil_cop_continuation,3,1,primary,200,200,True,1000,124.69474578796772,123.59052360477737,1.1042221831903296,"[0.9558187103338983, 1.255847277517626]",-0.8934521442125043,"[-1.0156902851231913, -0.7736706201122975]",0.95,2026091603,5000,loss,candidate_minus_reference; negative difference favors candidate,"paired demand-path sampling, excluding generation variation"
exp_iid_fixed6,self_evolve_h200_r3,base_stock,cold_start,50,single_repeat,baseline_h200_base_stock,3,1,primary,200,200,True,1000,142.3232656838053,157.29822244292112,-14.974956759115837,"[-16.3958193725169, -13.51908686222272]",9.520105520931615,"[8.598618235955744, 10.41181813003365]",0.95,2026091603,5000,win,candidate_minus_reference; negative difference favors candidate,"paired demand-path sampling, excluding generation variation"
exp_iid_fixed6,self_evolve_h200_r3,capped_base_stock,cold_start,50,single_repeat,baseline_h200_capped_base_stock,3,1,primary,200,200,True,1000,142.3232656838053,132.3804235464256,9.942842137379696,"[8.620472582584773, 11.33548529548203]",-7.510810035966354,"[-8.584224973416033, -6.504554839430557]",0.95,2026091603,5000,loss,candidate_minus_reference; negative difference favors candidate,"paired demand-path sampling, excluding generation variation"
exp_iid_fixed6,self_evolve_h200_r3,conditional_pil,cold_start,50,single_repeat,baseline_h200_conditional_pil,3,1,primary,200,200,True,1000,142.3232656838053,132.30595214712463,10.017313536680636,"[8.77574216397565, 11.319701421096223]",-7.571324928406378,"[-8.553296099931696, -6.621367851444344]",0.95,2026091603,5000,loss,candidate_minus_reference; negative difference favors candidate,"paired demand-path sampling, excluding generation variation"
exp_iid_fixed6,self_evolve_h200_r3,constant_order,cold_start,50,single_repeat,baseline_h200_constant_order,3,1,primary,200,200,True,1000,142.3232656838053,132.40829367834027,9.914972005465,"[8.587718875172621, 11.304262547829381]",-7.488180483279604,"[-8.545097640876103, -6.476194575879638]",0.95,2026091603,5000,loss,candidate_minus_reference; negative difference favors candidate,"paired demand-path sampling, excluding generation variation"
exp_iid_fixed6,self_evolve_h200_r3,forecast_adaptive_pil,cold_start,50,single_repeat,baseline_h200_forecast_adaptive_pil,3,1,primary,200,200,True,1000,142.3232656838053,132.28944612934663,10.033819554458667,"[8.725850626140318, 11.401952644524124]",-7.584746816951705,"[-8.639762214888323, -6.590795943036081]",0.95,2026091603,5000,loss,candidate_minus_reference; negative difference favors candidate,"paired demand-path sampling, excluding generation variation"
exp_iid_fixed6,self_evolve_h200_r3,forecast_capped_base_stock,cold_start,50,single_repeat,baseline_h200_forecast_capped_base_stock,3,1,primary,200,200,True,1000,142.3232656838053,132.38106471338438,9.942200970420895,"[8.61997478623526, 11.334706665949575]",-7.510289324191927,"[-8.583953335484152, -6.504158591598887]",0.95,2026091603,5000,loss,candidate_minus_reference; negative difference favors candidate,"paired demand-path sampling, excluding generation variation"
exp_iid_fixed6,self_evolve_h200_r3,pil_cop_continuation,cold_start,50,single_repeat,baseline_h200_pil_cop_continuation,3,1,primary,200,200,True,1000,142.3232656838053,132.30595214712463,10.017313536680636,"[8.77574216397565, 11.319701421096223]",-7.571324928406378,"[-8.553296099931696, -6.621367851444344]",0.95,2026091603,5000,loss,candidate_minus_reference; negative difference favors candidate,"paired demand-path sampling, excluding generation variation"
exp_iid_fixed6,self_evolve_h200_r3,base_stock,cold_start,100,single_repeat,baseline_h200_base_stock,3,1,primary,200,200,True,1000,133.14441696152215,146.54083603593097,-13.39641907440878,"[-14.234089021259008, -12.553841153343797]",9.141765146695414,"[8.574321314533071, 9.695965488116215]",0.95,2026091603,5000,win,candidate_minus_reference; negative difference favors candidate,"paired demand-path sampling, excluding generation variation"
exp_iid_fixed6,self_evolve_h200_r3,capped_base_stock,cold_start,100,single_repeat,baseline_h200_capped_base_stock,3,1,primary,200,200,True,1000,133.14441696152215,127.74942990126166,5.394987060260492,"[4.70277572997996, 6.113571726187658]",-4.22310069362369,"[-4.7890615005356345, -3.678331382119373]",0.95,2026091603,5000,loss,candidate_minus_reference; negative difference favors candidate,"paired demand-path sampling, excluding generation variation"
exp_iid_fixed6,self_evolve_h200_r3,conditional_pil,cold_start,100,single_repeat,baseline_h200_conditional_pil,3,1,primary,200,200,True,1000,133.14441696152215,127.57228005077839,5.572136910743776,"[4.924911949160775, 6.257893800144236]",-4.367827327790844,"[-4.9056768808542515, -3.8544940370292164]",0.95,2026091603,5000,loss,candidate_minus_reference; negative difference favors candidate,"paired demand-path sampling, excluding generation variation"
exp_iid_fixed6,self_evolve_h200_r3,constant_order,cold_start,100,single_repeat,baseline_h200_constant_order,3,1,primary,200,200,True,1000,133.14441696152215,127.8697453451103,5.274671616411854,"[4.597019375270012, 5.98596434556348]",-4.125034895608755,"[-4.685203713880183, -3.5934092421206487]",0.95,2026091603,5000,loss,candidate_minus_reference; negative difference favors candidate,"paired demand-path sampling, excluding generation variation"
exp_iid_fixed6,self_evolve_h200_r3,forecast_adaptive_pil,cold_start,100,single_repeat,baseline_h200_forecast_adaptive_pil,3,1,primary,200,200,True,1000,133.14441696152215,127.6272300530386,5.517186908483576,"[4.84233031024923, 6.2142621419838795]",-4.322891679299747,"[-4.879376803022868, -3.7901781914281227]",0.95,2026091603,5000,loss,candidate_minus_reference; negative difference favors candidate,"paired demand-path sampling, excluding generation variation"
exp_iid_fixed6,self_evolve_h200_r3,forecast_capped_base_stock,cold_start,100,single_repeat,baseline_h200_forecast_capped_base_stock,3,1,primary,200,200,True,1000,133.14441696152215,127.75046672337828,5.393950238143879,"[4.701931854124286, 6.112759422307603]",-4.222254819486137,"[-4.788037720337422, -3.677662181288875]",0.95,2026091603,5000,loss,candidate_minus_reference; negative difference favors candidate,"paired demand-path sampling, excluding generation variation"
exp_iid_fixed6,self_evolve_h200_r3,pil_cop_continuation,cold_start,100,single_repeat,baseline_h200_pil_cop_continuation,3,1,primary,200,200,True,1000,133.14441696152215,127.57228005077839,5.572136910743776,"[4.924911949160775, 6.257893800144236]",-4.367827327790844,"[-4.9056768808542515, -3.8544940370292164]",0.95,2026091603,5000,loss,candidate_minus_reference; negative difference favors candidate,"paired demand-path sampling, excluding generation variation"
exp_iid_fixed6,self_evolve_h200_r3,base_stock,cold_start,200,single_repeat,baseline_h200_base_stock,3,1,primary,200,200,True,1000,128.8380995599339,141.29635239448217,-12.458252834548263,"[-12.993625893632935, -11.922003370577302]",8.8171085972314,"[8.446028280021563, 9.189157499969069]",0.95,2026091603,5000,win,candidate_minus_reference; negative difference favors candidate,"paired demand-path sampling, excluding generation variation"
exp_iid_fixed6,self_evolve_h200_r3,capped_base_stock,cold_start,200,single_repeat,baseline_h200_capped_base_stock,3,1,primary,200,200,True,1000,128.8380995599339,125.63635796977161,3.2017415901623054,"[2.8335600374757055, 3.5839982912600505]",-2.5484196150708587,"[-2.852504056770783, -2.251928891368411]",0.95,2026091603,5000,loss,candidate_minus_reference; negative difference favors candidate,"paired demand-path sampling, excluding generation variation"
exp_iid_fixed6,self_evolve_h200_r3,conditional_pil,cold_start,200,single_repeat,baseline_h200_conditional_pil,3,1,primary,200,200,True,1000,128.8380995599339,125.45735385381029,3.3807457061235993,"[3.0154154682163847, 3.758683921532517]",-2.694736978163151,"[-2.995338935645708, -2.407088705036737]",0.95,2026091603,5000,loss,candidate_minus_reference; negative difference favors candidate,"paired demand-path sampling, excluding generation variation"
exp_iid_fixed6,self_evolve_h200_r3,constant_order,cold_start,200,single_repeat,baseline_h200_constant_order,3,1,primary,200,200,True,1000,128.8380995599339,125.82796307260676,3.010136487327122,"[2.6598494095513523, 3.380135967652308]",-2.39226354287417,"[-2.687534743516848, -2.113710238863093]",0.95,2026091603,5000,loss,candidate_minus_reference; negative difference favors candidate,"paired demand-path sampling, excluding generation variation"
exp_iid_fixed6,self_evolve_h200_r3,forecast_adaptive_pil,cold_start,200,single_repeat,baseline_h200_forecast_adaptive_pil,3,1,primary,200,200,True,1000,128.8380995599339,125.53683885554504,3.30126070438886,"[2.939851643966494, 3.679462139975286]",-2.629714699274545,"[-2.9316247158048916, -2.3425726974226744]",0.95,2026091603,5000,loss,candidate_minus_reference; negative difference favors candidate,"paired demand-path sampling, excluding generation variation"
exp_iid_fixed6,self_evolve_h200_r3,forecast_capped_base_stock,cold_start,200,single_repeat,baseline_h200_forecast_capped_base_stock,3,1,primary,200,200,True,1000,128.8380995599339,125.63760214888465,3.2004974110492332,"[2.832100109642963, 3.5828699495593703]",-2.5474040862834695,"[-2.8514056356385495, -2.250999286510976]",0.95,2026091603,5000,loss,candidate_minus_reference; negative difference favors candidate,"paired demand-path sampling, excluding generation variation"
exp_iid_fixed6,self_evolve_h200_r3,pil_cop_continuation,cold_start,200,single_repeat,baseline_h200_pil_cop_continuation,3,1,primary,200,200,True,1000,128.8380995599339,125.45735385381029,3.3807457061235993,"[3.0154154682163847, 3.758683921532517]",-2.694736978163151,"[-2.995338935645708, -2.407088705036737]",0.95,2026091603,5000,loss,candidate_minus_reference; negative difference favors candidate,"paired demand-path sampling, excluding generation variation"
exp_iid_fixed6,self_evolve_h200_r3,base_stock,cold_start,500,single_repeat,baseline_h200_base_stock,3,1,primary,200,200,True,1000,126.18873519293633,138.32958009894386,-12.140844906007526,"[-12.457424326285693, -11.827041215249723]",8.776752519109413,"[8.555273220512639, 9.001845154095484]",0.95,2026091603,5000,win,candidate_minus_reference; negative difference favors candidate,"paired demand-path sampling, excluding generation variation"
exp_iid_fixed6,self_evolve_h200_r3,capped_base_stock,cold_start,500,single_repeat,baseline_h200_capped_base_stock,3,1,primary,200,200,True,1000,126.18873519293633,124.42841591014948,1.7603192827868512,"[1.5831910708700572, 1.949642470529041]",-1.4147244983477005,"[-1.566363605667985, -1.2721157896443167]",0.95,2026091603,5000,loss,candidate_minus_reference; negative difference favors candidate,"paired demand-path sampling, excluding generation variation"
exp_iid_fixed6,self_evolve_h200_r3,conditional_pil,cold_start,500,single_repeat,baseline_h200_conditional_pil,3,1,primary,200,200,True,1000,126.18873519293633,124.20147391044412,1.9872612824922207,"[1.8009048544026003, 2.1815208999799904]",-1.6000303538467942,"[-1.7555250945416485, -1.4497623901458365]",0.95,2026091603,5000,loss,candidate_minus_reference; negative difference favors candidate,"paired demand-path sampling, excluding generation variation"
exp_iid_fixed6,self_evolve_h200_r3,constant_order,cold_start,500,single_repeat,baseline_h200_constant_order,3,1,primary,200,200,True,1000,126.18873519293633,124.6428307355851,1.5459044573512337,"[1.3902000746000693, 1.7115319413623478]",-1.240267449181007,"[-1.372893641835637, -1.1150963933933227]",0.95,2026091603,5000,loss,candidate_minus_reference; negative difference favors candidate,"paired demand-path sampling, excluding generation variation"
exp_iid_fixed6,self_evolve_h200_r3,forecast_adaptive_pil,cold_start,500,single_repeat,baseline_h200_forecast_adaptive_pil,3,1,primary,200,200,True,1000,126.18873519293633,124.3062761082149,1.88245908472142,"[1.7150042385074769, 2.0624015288482456]",-1.5143717144922406,"[-1.657150315331739, -1.379907219170435]",0.95,2026091603,5000,loss,candidate_minus_reference; negative difference favors candidate,"paired demand-path sampling, excluding generation variation"
exp_iid_fixed6,self_evolve_h200_r3,forecast_capped_base_stock,cold_start,500,single_repeat,baseline_h200_forecast_capped_base_stock,3,1,primary,200,200,True,1000,126.18873519293633,124.42985999963545,1.758875193300864,"[1.5816855223727568, 1.9481506664033712]",-1.4135475144840908,"[-1.5651324492052743, -1.2709100964282598]",0.95,2026091603,5000,loss,candidate_minus_reference; negative difference favors candidate,"paired demand-path sampling, excluding generation variation"
exp_iid_fixed6,self_evolve_h200_r3,pil_cop_continuation,cold_start,500,single_repeat,baseline_h200_pil_cop_continuation,3,1,primary,200,200,True,1000,126.18873519293633,124.20147391044412,1.9872612824922207,"[1.8009048544026003, 2.1815208999799904]",-1.6000303538467942,"[-1.7555250945416485, -1.4497623901458365]",0.95,2026091603,5000,loss,candidate_minus_reference; negative difference favors candidate,"paired demand-path sampling, excluding generation variation"
exp_iid_random3_9,self_evolve_h200_r1,base_stock,steady,50,single_repeat,baseline_h200_base_stock,1,1,primary,200,200,True,1000,136.2752930399172,146.73215677983933,-10.456863739922143,"[-11.115338757659723, -9.774051179498079]",7.126497673997859,"[6.672236375083835, 7.560829598745813]",0.95,2026091603,5000,win,candidate_minus_reference; negative difference favors candidate,"paired demand-path sampling, excluding generation variation"
exp_iid_random3_9,self_evolve_h200_r1,capped_base_stock,steady,50,single_repeat,baseline_h200_capped_base_stock,1,1,primary,200,200,True,1000,136.2752930399172,136.1580484121855,0.1172446277316984,"[-0.2713656485868176, 0.5328232553267641]",-0.08610921579659377,"[-0.391004822668907, 0.19930990816402686]",0.95,2026091603,5000,inconclusive,candidate_minus_reference; negative difference favors candidate,"paired demand-path sampling, excluding generation variation"
exp_iid_random3_9,self_evolve_h200_r1,conditional_pil,steady,50,single_repeat,baseline_h200_conditional_pil,1,1,primary,200,200,True,1000,136.2752930399172,132.19544439691327,4.079848643003935,"[3.50500769817334, 4.635958178699975]",-3.086224840512868,"[-3.5119620762272725, -2.6478927677872868]",0.95,2026091603,5000,loss,candidate_minus_reference; negative difference favors candidate,"paired demand-path sampling, excluding generation variation"
exp_iid_random3_9,self_evolve_h200_r1,constant_order,steady,50,single_repeat,baseline_h200_constant_order,1,1,primary,200,200,True,1000,136.2752930399172,136.55082866601506,-0.27553562609786625,"[-0.506839956285614, -0.03392745615892903]",0.20178246356292734,"[0.024773464424450456, 0.37094199670362404]",0.95,2026091603,5000,win,candidate_minus_reference; negative difference favors candidate,"paired demand-path sampling, excluding generation variation"
exp_iid_random3_9,self_evolve_h200_r1,forecast_adaptive_pil,steady,50,single_repeat,baseline_h200_forecast_adaptive_pil,1,1,primary,200,200,True,1000,136.2752930399172,131.8681000072974,4.407193032619814,"[3.886725790940834, 4.924450525138653]",-3.3421221905645973,"[-3.735390812694787, -2.941120806233624]",0.95,2026091603,5000,loss,candidate_minus_reference; negative difference favors candidate,"paired demand-path sampling, excluding generation variation"
exp_iid_random3_9,self_evolve_h200_r1,forecast_capped_base_stock,steady,50,single_repeat,baseline_h200_forecast_capped_base_stock,1,1,primary,200,200,True,1000,136.2752930399172,135.16021966926687,1.1150733706503297,"[0.6997335692734842, 1.5623727725632193]",-0.8250011529863401,"[-1.157858375793654, -0.5170000914459503]",0.95,2026091603,5000,loss,candidate_minus_reference; negative difference favors candidate,"paired demand-path sampling, excluding generation variation"
exp_iid_random3_9,self_evolve_h200_r1,pil_cop_continuation,steady,50,single_repeat,baseline_h200_pil_cop_continuation,1,1,primary,200,200,True,1000,136.2752930399172,132.75153522358184,3.5237578163353658,"[2.9948225382489055, 4.056852898081361]",-2.654400802522238,"[-3.0575138367208714, -2.2550319160357404]",0.95,2026091603,5000,loss,candidate_minus_reference; negative difference favors candidate,"paired demand-path sampling, excluding generation variation"
exp_iid_random3_9,self_evolve_h200_r1,base_stock,steady,100,single_repeat,baseline_h200_base_stock,1,1,primary,200,200,True,1000,136.64619407338526,147.21870443387047,-10.572510360485182,"[-11.056388361651535, -10.066556160125602]",7.1814993897289074,"[6.850679779105279, 7.502291915157846]",0.95,2026091603,5000,win,candidate_minus_reference; negative difference favors candidate,"paired demand-path sampling, excluding generation variation"
exp_iid_random3_9,self_evolve_h200_r1,capped_base_stock,steady,100,single_repeat,baseline_h200_capped_base_stock,1,1,primary,200,200,True,1000,136.64619407338526,136.4254952036176,0.22069886976768385,"[-0.07173922458457757, 0.5294551651173129]",-0.16177245275031774,"[-0.3881645611140939, 0.05234761914968756]",0.95,2026091603,5000,inconclusive,candidate_minus_reference; negative difference favors candidate,"paired demand-path sampling, excluding generation variation"
exp_iid_random3_9,self_evolve_h200_r1,conditional_pil,steady,100,single_repeat,baseline_h200_conditional_pil,1,1,primary,200,200,True,1000,136.64619407338526,132.349674071758,4.296520001627292,"[3.892689505825297, 4.704532215675558]",-3.2463396920023873,"[-3.555249118310489, -2.9396792771631906]",0.95,2026091603,5000,loss,candidate_minus_reference; negative difference favors candidate,"paired demand-path sampling, excluding generation variation"
exp_iid_random3_9,self_evolve_h200_r1,constant_order,steady,100,single_repeat,baseline_h200_constant_order,1,1,primary,200,200,True,1000,136.64619407338526,136.86609906516614,-0.21990499178084605,"[-0.3941122394561973, -0.04134688778271747]",0.16067162963136386,"[0.030188425245655234, 0.2871938441609222]",0.95,2026091603,5000,win,candidate_minus_reference; negative difference favors candidate,"paired demand-path sampling, excluding generation variation"
exp_iid_random3_9,self_evolve_h200_r1,forecast_adaptive_pil,steady,100,single_repeat,baseline_h200_forecast_adaptive_pil,1,1,primary,200,200,True,1000,136.64619407338526,132.13378325489842,4.512410818486902,"[4.146647497692142, 4.886530518034836]",-3.4150318770347927,"[-3.6990163740336333, -3.1367217091292403]",0.95,2026091603,5000,loss,candidate_minus_reference; negative difference favors candidate,"paired demand-path sampling, excluding generation variation"
exp_iid_random3_9,self_evolve_h200_r1,forecast_capped_base_stock,steady,100,single_repeat,baseline_h200_forecast_capped_base_stock,1,1,primary,200,200,True,1000,136.64619407338526,135.36481105762698,1.281383015758345,"[0.9721169957864781, 1.589626348987585]",-0.9466145638195251,"[-1.1748234877814798, -0.717259204171684]",0.95,2026091603,5000,loss,candidate_minus_reference; negative difference favors candidate,"paired demand-path sampling, excluding generation variation"
exp_iid_random3_9,self_evolve_h200_r1,pil_cop_continuation,steady,100,single_repeat,baseline_h200_pil_cop_continuation,1,1,primary,200,200,True,1000,136.64619407338526,132.98880730520776,3.6573867681775165,"[3.2820666196720714, 4.040818034946445]",-2.7501463035034543,"[-3.0427970319413795, -2.467824657613187]",0.95,2026091603,5000,loss,candidate_minus_reference; negative difference favors candidate,"paired demand-path sampling, excluding generation variation"
exp_iid_random3_9,self_evolve_h200_r1,base_stock,steady,200,single_repeat,baseline_h200_base_stock,1,1,primary,200,200,True,1000,136.3789865409248,147.0189446877055,-10.639958146780657,"[-10.985832898391015, -10.280643039842193]",7.23713407777607,"[7.002822639979407, 7.462623569037067]",0.95,2026091603,5000,win,candidate_minus_reference; negative difference favors candidate,"paired demand-path sampling, excluding generation variation"
exp_iid_random3_9,self_evolve_h200_r1,capped_base_stock,steady,200,single_repeat,baseline_h200_capped_base_stock,1,1,primary,200,200,True,1000,136.3789865409248,136.05529533557402,0.3236912053508276,"[0.11933344017114675, 0.5433572556270188]",-0.23791150837049646,"[-0.3993150073115111, -0.0880001518176472]",0.95,2026091603,5000,loss,candidate_minus_reference; negative difference favors candidate,"paired demand-path sampling, excluding generation variation"
exp_iid_random3_9,self_evolve_h200_r1,conditional_pil,steady,200,single_repeat,baseline_h200_conditional_pil,1,1,primary,200,200,True,1000,136.3789865409248,132.2327322043458,4.146254336579038,"[3.870654212195327, 4.438523447646469]",-3.1355733693618255,"[-3.3562105133017908, -2.9236283066208943]",0.95,2026091603,5000,loss,candidate_minus_reference; negative difference favors candidate,"paired demand-path sampling, excluding generation variation"
exp_iid_random3_9,self_evolve_h200_r1,constant_order,steady,200,single_repeat,baseline_h200_constant_order,1,1,primary,200,200,True,1000,136.3789865409248,136.61189232038956,-0.23290577946471389,"[-0.35729295835947356, -0.10573884750722236]",0.1704871922266627,"[0.07748485776956322, 0.260699595200586]",0.95,2026091603,5000,win,candidate_minus_reference; negative difference favors candidate,"paired demand-path sampling, excluding generation variation"
exp_iid_random3_9,self_evolve_h200_r1,forecast_adaptive_pil,steady,200,single_repeat,baseline_h200_forecast_adaptive_pil,1,1,primary,200,200,True,1000,136.3789865409248,131.99172911276656,4.387257428158278,"[4.1300344299209275, 4.654456449273155]",-3.3238881387863444,"[-3.526525903850115, -3.1290894354331247]",0.95,2026091603,5000,loss,candidate_minus_reference; negative difference favors candidate,"paired demand-path sampling, excluding generation variation"
exp_iid_random3_9,self_evolve_h200_r1,forecast_capped_base_stock,steady,200,single_repeat,baseline_h200_forecast_capped_base_stock,1,1,primary,200,200,True,1000,136.3789865409248,135.10383132911318,1.2751552118116942,"[1.0510014042671372, 1.5111173467367909]",-0.9438334940371573,"[-1.1189649880641142, -0.7784867429541934]",0.95,2026091603,5000,loss,candidate_minus_reference; negative difference favors candidate,"paired demand-path sampling, excluding generation variation"
exp_iid_random3_9,self_evolve_h200_r1,pil_cop_continuation,steady,200,single_repeat,baseline_h200_pil_cop_continuation,1,1,primary,200,200,True,1000,136.3789865409248,132.73272289874998,3.646263642174884,"[3.383425302822697, 3.915814779474962]",-2.747072133038543,"[-2.9541659094952286, -2.546837939010986]",0.95,2026091603,5000,loss,candidate_minus_reference; negative difference favors candidate,"paired demand-path sampling, excluding generation variation"
exp_iid_random3_9,self_evolve_h200_r1,base_stock,steady,500,single_repeat,baseline_h200_base_stock,1,1,primary,200,200,True,1000,136.3783355475139,147.041047848999,-10.662712301485094,"[-10.880724476740259, -10.439773362847559]",7.251520889891216,"[7.104709139713659, 7.394190478955606]",0.95,2026091603,5000,win,candidate_minus_reference; negative difference favors candidate,"paired demand-path sampling, excluding generation variation"
exp_iid_random3_9,self_evolve_h200_r1,capped_base_stock,steady,500,single_repeat,baseline_h200_capped_base_stock,1,1,primary,200,200,True,1000,136.3783355475139,136.0628418711206,0.31549367639329357,"[0.1765903934432485, 0.4548926800725257]",-0.23187350201910764,"[-0.33416570514401434, -0.12977386007256264]",0.95,2026091603,5000,loss,candidate_minus_reference; negative difference favors candidate,"paired demand-path sampling, excluding generation variation"
exp_iid_random3_9,self_evolve_h200_r1,conditional_pil,steady,500,single_repeat,baseline_h200_conditional_pil,1,1,primary,200,200,True,1000,136.3783355475139,132.3306691027788,4.0476664447351185,"[3.8628165300723007, 4.232826550778346]",-3.058751589619287,"[-3.2009699623724193, -2.9180529545201592]",0.95,2026091603,5000,loss,candidate_minus_reference; negative difference favors candidate,"paired demand-path sampling, excluding generation variation"
exp_iid_random3_9,self_evolve_h200_r1,constant_order,steady,500,single_repeat,baseline_h200_constant_order,1,1,primary,200,200,True,1000,136.3783355475139,136.63093304948853,-0.2525975019745964,"[-0.3362327763985523, -0.165169802080849]",0.1848757791057035,"[0.12070512288752962, 0.24595411144600193]",0.95,2026091603,5000,win,candidate_minus_reference; negative difference favors candidate,"paired demand-path sampling, excluding generation variation"
exp_iid_random3_9,self_evolve_h200_r1,forecast_adaptive_pil,steady,500,single_repeat,baseline_h200_forecast_adaptive_pil,1,1,primary,200,200,True,1000,136.3783355475139,132.08643188865676,4.2919036588571835,"[4.126699274953452, 4.458382030404247]",-3.2493145567555564,"[-3.3739953442479202, -3.124125181313395]",0.95,2026091603,5000,loss,candidate_minus_reference; negative difference favors candidate,"paired demand-path sampling, excluding generation variation"
exp_iid_random3_9,self_evolve_h200_r1,forecast_capped_base_stock,steady,500,single_repeat,baseline_h200_forecast_capped_base_stock,1,1,primary,200,200,True,1000,136.3783355475139,135.12094971172223,1.2573858357916847,"[1.10802423183107, 1.4040847584685832]",-0.9305632016902435,"[-1.0398314715442878, -0.82050982190671]",0.95,2026091603,5000,loss,candidate_minus_reference; negative difference favors candidate,"paired demand-path sampling, excluding generation variation"
exp_iid_random3_9,self_evolve_h200_r1,pil_cop_continuation,steady,500,single_repeat,baseline_h200_pil_cop_continuation,1,1,primary,200,200,True,1000,136.3783355475139,132.84721785758856,3.531117689925403,"[3.364401719792175, 3.702424185611598]",-2.6580290854947943,"[-2.787759179834562, -2.531158467327293]",0.95,2026091603,5000,loss,candidate_minus_reference; negative difference favors candidate,"paired demand-path sampling, excluding generation variation"
exp_iid_random3_9,self_evolve_h200_r1,base_stock,cold_start,50,single_repeat,baseline_h200_base_stock,1,1,primary,200,200,True,1000,148.98681138316948,160.96089163066847,-11.974080247498998,"[-12.82303873546915, -11.071901779578416]",7.439123955012637,"[6.8944697930602645, 7.946648862620305]",0.95,2026091603,5000,win,candidate_minus_reference; negative difference favors candidate,"paired demand-path sampling, excluding generation variation"
exp_iid_random3_9,self_evolve_h200_r1,capped_base_stock,cold_start,50,single_repeat,baseline_h200_capped_base_stock,1,1,primary,200,200,True,1000,148.98681138316948,142.24242671309855,6.744384670070935,"[5.81744710937651, 7.674577676609082]",-4.7414718842460974,"[-5.399892149570029, -4.080564939637283]",0.95,2026091603,5000,loss,candidate_minus_reference; negative difference favors candidate,"paired demand-path sampling, excluding generation variation"
exp_iid_random3_9,self_evolve_h200_r1,conditional_pil,cold_start,50,single_repeat,baseline_h200_conditional_pil,1,1,primary,200,200,True,1000,148.98681138316948,138.21721582780307,10.769595555366413,"[9.82609535579845, 11.725976949628658]",-7.791790256275768,"[-8.513031447556166, -7.085160468233455]",0.95,2026091603,5000,loss,candidate_minus_reference; negative difference favors candidate,"paired demand-path sampling, excluding generation variation"
exp_iid_random3_9,self_evolve_h200_r1,constant_order,cold_start,50,single_repeat,baseline_h200_constant_order,1,1,primary,200,200,True,1000,148.98681138316948,142.9725746145192,6.014236768650324,"[5.102403584914047, 6.943396925054204]",-4.206566738317321,"[-4.872300136957162, -3.556640833951534]",0.95,2026091603,5000,loss,candidate_minus_reference; negative difference favors candidate,"paired demand-path sampling, excluding generation variation"
exp_iid_random3_9,self_evolve_h200_r1,forecast_adaptive_pil,cold_start,50,single_repeat,baseline_h200_forecast_adaptive_pil,1,1,primary,200,200,True,1000,148.98681138316948,138.0755971798406,10.911214203328884,"[9.967029424542112, 11.856945565718794]",-7.902348008038851,"[-8.604448855297067, -7.204596021475494]",0.95,2026091603,5000,loss,candidate_minus_reference; negative difference favors candidate,"paired demand-path sampling, excluding generation variation"
exp_iid_random3_9,self_evolve_h200_r1,forecast_capped_base_stock,cold_start,50,single_repeat,baseline_h200_forecast_capped_base_stock,1,1,primary,200,200,True,1000,148.98681138316948,141.5212520207115,7.46555936245803,"[6.535436017336278, 8.403823483052141]",-5.2752213931554275,"[-5.9588092451967345, -4.610421374926664]",0.95,2026091603,5000,loss,candidate_minus_reference; negative difference favors candidate,"paired demand-path sampling, excluding generation variation"
exp_iid_random3_9,self_evolve_h200_r1,pil_cop_continuation,cold_start,50,single_repeat,baseline_h200_pil_cop_continuation,1,1,primary,200,200,True,1000,148.98681138316948,138.42222669975607,10.564584683413399,"[9.643470495881978, 11.479486198063881]",-7.632144732311282,"[-8.312620410584943, -6.945703448690355]",0.95,2026091603,5000,loss,candidate_minus_reference; negative difference favors candidate,"paired demand-path sampling, excluding generation variation"
exp_iid_random3_9,self_evolve_h200_r1,base_stock,cold_start,100,single_repeat,baseline_h200_base_stock,1,1,primary,200,200,True,1000,142.0724641651688,153.83613568471512,-11.763671519546264,"[-12.279238584187068, -11.221073683400686]",7.646884437903313,"[7.301888139909626, 7.98067107272214]",0.95,2026091603,5000,win,candidate_minus_reference; negative difference favors candidate,"paired demand-path sampling, excluding generation variation"
exp_iid_random3_9,self_evolve_h200_r1,capped_base_stock,cold_start,100,single_repeat,baseline_h200_capped_base_stock,1,1,primary,200,200,True,1000,142.0724641651688,138.71790417743492,3.3545599877339254,"[2.8710940938933374, 3.8417822761029172]",-2.4182602870376813,"[-2.7731560882701753, -2.0665865377845813]",0.95,2026091603,5000,loss,candidate_minus_reference; negative difference favors candidate,"paired demand-path sampling, excluding generation variation"
exp_iid_random3_9,self_evolve_h200_r1,conditional_pil,cold_start,100,single_repeat,baseline_h200_conditional_pil,1,1,primary,200,200,True,1000,142.0724641651688,134.74540181104584,7.327062354122995,"[6.7782628358390955, 7.8805058484218735]",-5.437708638397731,"[-5.85903250925377, -5.019975929687506]",0.95,2026091603,5000,loss,candidate_minus_reference; negative difference favors candidate,"paired demand-path sampling, excluding generation variation"
exp_iid_random3_9,self_evolve_h200_r1,constant_order,cold_start,100,single_repeat,baseline_h200_constant_order,1,1,primary,200,200,True,1000,142.0724641651688,139.12480041874485,2.9476637464239523,"[2.4749152329213655, 3.425687414934115]",-2.118719119489788,"[-2.464007157583933, -1.7733919126894666]",0.95,2026091603,5000,loss,candidate_minus_reference; negative difference favors candidate,"paired demand-path sampling, excluding generation variation"
exp_iid_random3_9,self_evolve_h200_r1,forecast_adaptive_pil,cold_start,100,single_repeat,baseline_h200_forecast_adaptive_pil,1,1,primary,200,200,True,1000,142.0724641651688,134.5731214796123,7.49934268555649,"[6.963941601862566, 8.02843827980862]",-5.572689852997619,"[-5.9774896647161055, -5.165015460537236]",0.95,2026091603,5000,loss,candidate_minus_reference; negative difference favors candidate,"paired demand-path sampling, excluding generation variation"
exp_iid_random3_9,self_evolve_h200_r1,forecast_capped_base_stock,cold_start,100,single_repeat,baseline_h200_forecast_capped_base_stock,1,1,primary,200,200,True,1000,142.0724641651688,137.93510150242008,4.137362662748728,"[3.644289276317606, 4.631630613852316]",-2.999499487573247,"[-3.3571448162822715, -2.638899445993998]",0.95,2026091603,5000,loss,candidate_minus_reference; negative difference favors candidate,"paired demand-path sampling, excluding generation variation"
exp_iid_random3_9,self_evolve_h200_r1,pil_cop_continuation,cold_start,100,single_repeat,baseline_h200_pil_cop_continuation,1,1,primary,200,200,True,1000,142.0724641651688,135.12127310966142,6.951191055507406,"[6.423145738039166, 7.472293130661803]",-5.144409089356317,"[-5.534991012376957, -4.744761324241093]",0.95,2026091603,5000,loss,candidate_minus_reference; negative difference favors candidate,"paired demand-path sampling, excluding generation variation"
exp_iid_random3_9,self_evolve_h200_r1,base_stock,cold_start,200,single_repeat,baseline_h200_base_stock,1,1,primary,200,200,True,1000,138.9725164970756,150.2789912175513,-11.306474720475732,"[-11.672989883296337, -10.929326643728995]",7.523656253526412,"[7.281087078769369, 7.755916153443877]",0.95,2026091603,5000,win,candidate_minus_reference; negative difference favors candidate,"paired demand-path sampling, excluding generation variation"
exp_iid_random3_9,self_evolve_h200_r1,capped_base_stock,cold_start,200,single_repeat,baseline_h200_capped_base_stock,1,1,primary,200,200,True,1000,138.9725164970756,137.12401365748303,1.848502839592538,"[1.5686832334007994, 2.134711560291812]",-1.3480518767557823,"[-1.5587348047623275, -1.1443530969552422]",0.95,2026091603,5000,loss,candidate_minus_reference; negative difference favors candidate,"paired demand-path sampling, excluding generation variation"
exp_iid_random3_9,self_evolve_h200_r1,conditional_pil,cold_start,200,single_repeat,baseline_h200_conditional_pil,1,1,primary,200,200,True,1000,138.9725164970756,133.34061249322085,5.631904003854727,"[5.289344680672626, 5.983220856974387]",-4.223697415625021,"[-4.490034275752805, -3.9602328661145707]",0.95,2026091603,5000,loss,candidate_minus_reference; negative difference favors candidate,"paired demand-path sampling, excluding generation variation"
exp_iid_random3_9,self_evolve_h200_r1,constant_order,cold_start,200,single_repeat,baseline_h200_constant_order,1,1,primary,200,200,True,1000,138.9725164970756,137.64304225982534,1.3294742372502255,"[1.0764402656298844, 1.587174316996765]",-0.9658855365465094,"[-1.1533971652662414, -0.7811478828366701]",0.95,2026091603,5000,loss,candidate_minus_reference; negative difference favors candidate,"paired demand-path sampling, excluding generation variation"
exp_iid_random3_9,self_evolve_h200_r1,forecast_adaptive_pil,cold_start,200,single_repeat,baseline_h200_forecast_adaptive_pil,1,1,primary,200,200,True,1000,138.9725164970756,133.12453290857442,5.84798358850116,"[5.524220483562586, 6.175686037631912]",-4.392866934990389,"[-4.644626513000207, -4.14285707768418]",0.95,2026091603,5000,loss,candidate_minus_reference; negative difference favors candidate,"paired demand-path sampling, excluding generation variation"
exp_iid_random3_9,self_evolve_h200_r1,forecast_capped_base_stock,cold_start,200,single_repeat,baseline_h200_forecast_capped_base_stock,1,1,primary,200,200,True,1000,138.9725164970756,136.2878295665031,2.684686930572483,"[2.3984678528659735, 2.9795249819069465]",-1.9698654965097049,"[-2.1882701055673714, -1.7584463687262915]",0.95,2026091603,5000,loss,candidate_minus_reference; negative difference favors candidate,"paired demand-path sampling, excluding generation variation"
exp_iid_random3_9,self_evolve_h200_r1,pil_cop_continuation,cold_start,200,single_repeat,baseline_h200_pil_cop_continuation,1,1,primary,200,200,True,1000,138.9725164970756,133.8931717123404,5.07934478473516,"[4.760105820655974, 5.411125155085857]",-3.793580150336405,"[-4.0451115227208, -3.554754443216203]",0.95,2026091603,5000,loss,candidate_minus_reference; negative difference favors candidate,"paired demand-path sampling, excluding generation variation"
exp_iid_random3_9,self_evolve_h200_r1,base_stock,cold_start,500,single_repeat,baseline_h200_base_stock,1,1,primary,200,200,True,1000,137.25172527179697,148.3060267258115,-11.054301454014512,"[-11.268909951915138, -10.836928557347797]",7.453710208588995,"[7.3132712391738375, 7.593420940203478]",0.95,2026091603,5000,win,candidate_minus_reference; negative difference favors candidate,"paired demand-path sampling, excluding generation variation"
exp_iid_random3_9,self_evolve_h200_r1,capped_base_stock,cold_start,500,single_repeat,baseline_h200_capped_base_stock,1,1,primary,200,200,True,1000,137.25172527179697,136.27997002778483,0.9717552440121845,"[0.8242497073638232, 1.1228220561792406]",-0.7130580112499451,"[-0.8248761830784409, -0.6047558517308336]",0.95,2026091603,5000,loss,candidate_minus_reference; negative difference favors candidate,"paired demand-path sampling, excluding generation variation"
exp_iid_random3_9,self_evolve_h200_r1,conditional_pil,cold_start,500,single_repeat,baseline_h200_conditional_pil,1,1,primary,200,200,True,1000,137.25172527179697,132.64190051959096,4.609824752206024,"[4.421068171660438, 4.798301056634431]",-3.475391059799499,"[-3.6182852529796437, -3.331044837040251]",0.95,2026091603,5000,loss,candidate_minus_reference; negative difference favors candidate,"paired demand-path sampling, excluding generation variation"
exp_iid_random3_9,self_evolve_h200_r1,constant_order,cold_start,500,single_repeat,baseline_h200_constant_order,1,1,primary,200,200,True,1000,137.25172527179697,136.86676917425575,0.3849560975412444,"[0.2669479923464811, 0.5024745476652926]",-0.28126337741713087,"[-0.3672613718672923, -0.19483762362928544]",0.95,2026091603,5000,loss,candidate_minus_reference; negative difference favors candidate,"paired demand-path sampling, excluding generation variation"
exp_iid_random3_9,self_evolve_h200_r1,forecast_adaptive_pil,cold_start,500,single_repeat,baseline_h200_forecast_adaptive_pil,1,1,primary,200,200,True,1000,137.25172527179697,132.40098316786853,4.850742103928425,"[4.674050722116828, 5.026746420111197]",-3.6636752899170557,"[-3.797760405287474, -3.529647471636222]",0.95,2026091603,5000,loss,candidate_minus_reference; negative difference favors candidate,"paired demand-path sampling, excluding generation variation"
exp_iid_random3_9,self_evolve_h200_r1,forecast_capped_base_stock,cold_start,500,single_repeat,baseline_h200_forecast_capped_base_stock,1,1,primary,200,200,True,1000,137.25172527179697,135.38932230049232,1.8624029713046937,"[1.7061170474888099, 2.026222860716151]",-1.3755907331976316,"[-1.4958312462259986, -1.2610441850419931]",0.95,2026091603,5000,loss,candidate_minus_reference; negative difference favors candidate,"paired demand-path sampling, excluding generation variation"
exp_iid_random3_9,self_evolve_h200_r1,pil_cop_continuation,cold_start,500,single_repeat,baseline_h200_pil_cop_continuation,1,1,primary,200,200,True,1000,137.25172527179697,133.13155992723378,4.120165344563206,"[3.947103190777377, 4.294661575380843]",-3.09480738212274,"[-3.227293950503719, -2.962304197524599]",0.95,2026091603,5000,loss,candidate_minus_reference; negative difference favors candidate,"paired demand-path sampling, excluding generation variation"
exp_iid_random3_9,self_evolve_h200_r2,base_stock,steady,50,single_repeat,baseline_h200_base_stock,2,1,primary,200,200,True,1000,136.54535188915807,146.73215677983933,-10.186804890681247,"[-10.891766189985347, -9.473974639641941]",6.9424488225616425,"[6.46310702437804, 7.402803698421511]",0.95,2026091603,5000,win,candidate_minus_reference; negative difference favors candidate,"paired demand-path sampling, excluding generation variation"
exp_iid_random3_9,self_evolve_h200_r2,capped_base_stock,steady,50,single_repeat,baseline_h200_capped_base_stock,2,1,primary,200,200,True,1000,136.54535188915807,136.1580484121855,0.3873034769725932,"[-0.003589656251365064, 0.8126595980857134]",-0.2844514015066481,"[-0.5971071611911642, 0.002646982219375845]",0.95,2026091603,5000,inconclusive,candidate_minus_reference; negative difference favors candidate,"paired demand-path sampling, excluding generation variation"
exp_iid_random3_9,self_evolve_h200_r2,conditional_pil,steady,50,single_repeat,baseline_h200_conditional_pil,2,1,primary,200,200,True,1000,136.54535188915807,132.19544439691327,4.34990749224483,"[3.769356513536483, 4.917327097053017]",-3.2905124016106906,"[-3.726774405690586, -2.8470799613823696]",0.95,2026091603,5000,loss,candidate_minus_reference; negative difference favors candidate,"paired demand-path sampling, excluding generation variation"
exp_iid_random3_9,self_evolve_h200_r2,constant_order,steady,50,single_repeat,baseline_h200_constant_order,2,1,primary,200,200,True,1000,136.54535188915807,136.55082866601506,-0.0054767768569713975,"[-0.1416228460667682, 0.14340277050437958]",0.004010797232428377,"[-0.10584641756951459, 0.1033042419346351]",0.95,2026091603,5000,inconclusive,candidate_minus_reference; negative difference favors candidate,"paired demand-path sampling, excluding generation variation"
exp_iid_random3_9,self_evolve_h200_r2,forecast_adaptive_pil,steady,50,single_repeat,baseline_h200_forecast_adaptive_pil,2,1,primary,200,200,True,1000,136.54535188915807,131.8681000072974,4.677251881860708,"[4.147907546497389, 5.199407765478975]",-3.546916867386314,"[-3.9424532388860776, -3.1426673413658706]",0.95,2026091603,5000,loss,candidate_minus_reference; negative difference favors candidate,"paired demand-path sampling, excluding generation variation"
exp_iid_random3_9,self_evolve_h200_r2,forecast_capped_base_stock,steady,50,single_repeat,baseline_h200_forecast_capped_base_stock,2,1,primary,200,200,True,1000,136.54535188915807,135.16021966926687,1.3851322198912246,"[0.9571102415557742, 1.8343111897635285]",-1.0248076122401863,"[-1.3592931303390476, -0.7066662937064566]",0.95,2026091603,5000,loss,candidate_minus_reference; negative difference favors candidate,"paired demand-path sampling, excluding generation variation"
exp_iid_random3_9,self_evolve_h200_r2,pil_cop_continuation,steady,50,single_repeat,baseline_h200_pil_cop_continuation,2,1,primary,200,200,True,1000,136.54535188915807,132.75153522358184,3.7938166655762613,"[3.257215702244135, 4.335034235404939]",-2.8578326112663297,"[-3.270520028614092, -2.4523696036812113]",0.95,2026091603,5000,loss,candidate_minus_reference; negative difference favors candidate,"paired demand-path sampling, excluding generation variation"
exp_iid_random3_9,self_evolve_h200_r2,base_stock,steady,100,single_repeat,baseline_h200_base_stock,2,1,primary,200,200,True,1000,136.88986600225698,147.21870443387047,-10.328838431613487,"[-10.840718158194392, -9.801837036962151]",7.015982426508261,"[6.663047369975203, 7.347972497430946]",0.95,2026091603,5000,win,candidate_minus_reference; negative difference favors candidate,"paired demand-path sampling, excluding generation variation"
exp_iid_random3_9,self_evolve_h200_r2,capped_base_stock,steady,100,single_repeat,baseline_h200_capped_base_stock,2,1,primary,200,200,True,1000,136.88986600225698,136.4254952036176,0.4643707986393787,"[0.17428672400907658, 0.7742013471154652]",-0.3403841766865476,"[-0.5682639757085599, -0.12739381315566228]",0.95,2026091603,5000,loss,candidate_minus_reference; negative difference favors candidate,"paired demand-path sampling, excluding generation variation"
exp_iid_random3_9,self_evolve_h200_r2,conditional_pil,steady,100,single_repeat,baseline_h200_conditional_pil,2,1,primary,200,200,True,1000,136.88986600225698,132.349674071758,4.540191930498988,"[4.1328345590565, 4.946224807594471]",-3.430451916366162,"[-3.738193773294065, -3.118187302555844]",0.95,2026091603,5000,loss,candidate_minus_reference; negative difference favors candidate,"paired demand-path sampling, excluding generation variation"
exp_iid_random3_9,self_evolve_h200_r2,constant_order,steady,100,single_repeat,baseline_h200_constant_order,2,1,primary,200,200,True,1000,136.88986600225698,136.86609906516614,0.0237669370908488,"[-0.08973508922548727, 0.14503001815640923]",-0.017365101550475614,"[-0.1054448804079852, 0.06552335726589593]",0.95,2026091603,5000,inconclusive,candidate_minus_reference; negative difference favors candidate,"paired demand-path sampling, excluding generation variation"
exp_iid_random3_9,self_evolve_h200_r2,forecast_adaptive_pil,steady,100,single_repeat,baseline_h200_forecast_adaptive_pil,2,1,primary,200,200,True,1000,136.88986600225698,132.13378325489842,4.7560827473585965,"[4.387067250008103, 5.130592436324375]",-3.599444918778745,"[-3.8808494027105325, -3.3183127457091897]",0.95,2026091603,5000,loss,candidate_minus_reference; negative difference favors candidate,"paired demand-path sampling, excluding generation variation"
exp_iid_random3_9,self_evolve_h200_r2,forecast_capped_base_stock,steady,100,single_repeat,baseline_h200_forecast_capped_base_stock,2,1,primary,200,200,True,1000,136.88986600225698,135.36481105762698,1.5250549446300397,"[1.218533535577227, 1.8281302631207013]",-1.1266258436845595,"[-1.3511129017721346, -0.9003310865863953]",0.95,2026091603,5000,loss,candidate_minus_reference; negative difference favors candidate,"paired demand-path sampling, excluding generation variation"
exp_iid_random3_9,self_evolve_h200_r2,pil_cop_continuation,steady,100,single_repeat,baseline_h200_pil_cop_continuation,2,1,primary,200,200,True,1000,136.88986600225698,132.98880730520776,3.901058697049211,"[3.520667844219247, 4.290337203769162]",-2.933373699710186,"[-3.225683672181435, -2.646536955719799]",0.95,2026091603,5000,loss,candidate_minus_reference; negative difference favors candidate,"paired demand-path sampling, excluding generation variation"
exp_iid_random3_9,self_evolve_h200_r2,base_stock,steady,200,single_repeat,baseline_h200_base_stock,2,1,primary,200,200,True,1000,136.67809102081188,147.0189446877055,-10.340853666893599,"[-10.716715827774223, -9.96445205838657]",7.033687861696628,"[6.780630649067908, 7.278163217723814]",0.95,2026091603,5000,win,candidate_minus_reference; negative difference favors candidate,"paired demand-path sampling, excluding generation variation"
exp_iid_random3_9,self_evolve_h200_r2,capped_base_stock,steady,200,single_repeat,baseline_h200_capped_base_stock,2,1,primary,200,200,True,1000,136.67809102081188,136.05529533557402,0.6227956852378845,"[0.41266196784081965, 0.8415050951385468]",-0.45775188955473195,"[-0.6180442958097366, -0.3027323087559283]",0.95,2026091603,5000,loss,candidate_minus_reference; negative difference favors candidate,"paired demand-path sampling, excluding generation variation"
exp_iid_random3_9,self_evolve_h200_r2,conditional_pil,steady,200,single_repeat,baseline_h200_conditional_pil,2,1,primary,200,200,True,1000,136.67809102081188,132.2327322043458,4.445358816466095,"[4.160919945928051, 4.74345624957953]",-3.3617688618854484,"[-3.5881719789657986, -3.143006316637013]",0.95,2026091603,5000,loss,candidate_minus_reference; negative difference favors candidate,"paired demand-path sampling, excluding generation variation"
exp_iid_random3_9,self_evolve_h200_r2,constant_order,steady,200,single_repeat,baseline_h200_constant_order,2,1,primary,200,200,True,1000,136.67809102081188,136.61189232038956,0.06619870042234306,"[-0.016200857571318974, 0.15281842776392032]",-0.04845749465724879,"[-0.11187221426471154, 0.011863040284044241]",0.95,2026091603,5000,inconclusive,candidate_minus_reference; negative difference favors candidate,"paired demand-path sampling, excluding generation variation"
exp_iid_random3_9,self_evolve_h200_r2,forecast_adaptive_pil,steady,200,single_repeat,baseline_h200_forecast_adaptive_pil,2,1,primary,200,200,True,1000,136.67809102081188,131.99172911276656,4.686361908045334,"[4.429490506211084, 4.956878159352653]",-3.5504966406202167,"[-3.7548901560751795, -3.3538581777541974]",0.95,2026091603,5000,loss,candidate_minus_reference; negative difference favors candidate,"paired demand-path sampling, excluding generation variation"
exp_iid_random3_9,self_evolve_h200_r2,forecast_capped_base_stock,steady,200,single_repeat,baseline_h200_forecast_capped_base_stock,2,1,primary,200,200,True,1000,136.67809102081188,135.10383132911318,1.5742596916987508,"[1.3479588600665477, 1.807263717318185]",-1.1652220934162854,"[-1.3381643521624345, -0.9977766575318419]",0.95,2026091603,5000,loss,candidate_minus_reference; negative difference favors candidate,"paired demand-path sampling, excluding generation variation"
exp_iid_random3_9,self_evolve_h200_r2,pil_cop_continuation,steady,200,single_repeat,baseline_h200_pil_cop_continuation,2,1,primary,200,200,True,1000,136.67809102081188,132.73272289874998,3.945368122061941,"[3.670555677332125, 4.231408821093288]",-2.9724155701013264,"[-3.1885956461246745, -2.763874391173444]",0.95,2026091603,5000,loss,candidate_minus_reference; negative difference favors candidate,"paired demand-path sampling, excluding generation variation"
exp_iid_random3_9,self_evolve_h200_r2,base_stock,steady,500,single_repeat,baseline_h200_base_stock,2,1,primary,200,200,True,1000,136.66022968953985,147.041047848999,-10.380818159459189,"[-10.613384004977927, -10.151556868503631]",7.059809700295075,"[6.906138961371985, 7.213183857696518]",0.95,2026091603,5000,win,candidate_minus_reference; negative difference favors candidate,"paired demand-path sampling, excluding generation variation"
exp_iid_random3_9,self_evolve_h200_r2,capped_base_stock,steady,500,single_repeat,baseline_h200_capped_base_stock,2,1,primary,200,200,True,1000,136.66022968953985,136.0628418711206,0.5973878184192002,"[0.4592497606425799, 0.7379287766776773]",-0.4390528745424004,"[-0.5430948453432625, -0.33730631713524345]",0.95,2026091603,5000,loss,candidate_minus_reference; negative difference favors candidate,"paired demand-path sampling, excluding generation variation"
exp_iid_random3_9,self_evolve_h200_r2,conditional_pil,steady,500,single_repeat,baseline_h200_conditional_pil,2,1,primary,200,200,True,1000,136.66022968953985,132.3306691027788,4.3295605867610245,"[4.140176391205241, 4.518036545960452]",-3.2717741216878022,"[-3.4143340677014242, -3.128696692350224]",0.95,2026091603,5000,loss,candidate_minus_reference; negative difference favors candidate,"paired demand-path sampling, excluding generation variation"
exp_iid_random3_9,self_evolve_h200_r2,constant_order,steady,500,single_repeat,baseline_h200_constant_order,2,1,primary,200,200,True,1000,136.66022968953985,136.63093304948853,0.02929664005131022,"[-0.021194796877420968, 0.08266522711140842]",-0.021442172279320014,"[-0.06041407919229708, 0.015526785299166077]",0.95,2026091603,5000,inconclusive,candidate_minus_reference; negative difference favors candidate,"paired demand-path sampling, excluding generation variation"
exp_iid_random3_9,self_evolve_h200_r2,forecast_adaptive_pil,steady,500,single_repeat,baseline_h200_forecast_adaptive_pil,2,1,primary,200,200,True,1000,136.66022968953985,132.08643188865676,4.5737978008830895,"[4.4050608116001815, 4.741376138838573]",-3.462730982648242,"[-3.5895365748430152, -3.3341890871564814]",0.95,2026091603,5000,loss,candidate_minus_reference; negative difference favors candidate,"paired demand-path sampling, excluding generation variation"
exp_iid_random3_9,self_evolve_h200_r2,forecast_capped_base_stock,steady,500,single_repeat,baseline_h200_forecast_capped_base_stock,2,1,primary,200,200,True,1000,136.66022968953985,135.12094971172223,1.5392799778175912,"[1.3914601714647552, 1.687673215285503]",-1.139186766450085,"[-1.2498213944399488, -1.0298921731643134]",0.95,2026091603,5000,loss,candidate_minus_reference; negative difference favors candidate,"paired demand-path sampling, excluding generation variation"
exp_iid_random3_9,self_evolve_h200_r2,pil_cop_continuation,steady,500,single_repeat,baseline_h200_pil_cop_continuation,2,1,primary,200,200,True,1000,136.66022968953985,132.84721785758856,3.81301183195131,"[3.6353450178656126, 3.991580872229439]",-2.87022332378749,"[-3.0056827748062847, -2.735418375301216]",0.95,2026091603,5000,loss,candidate_minus_reference; negative difference favors candidate,"paired demand-path sampling, excluding generation variation"
exp_iid_random3_9,self_evolve_h200_r2,base_stock,cold_start,50,single_repeat,baseline_h200_base_stock,2,1,primary,200,200,True,1000,144.64664044894482,160.96089163066847,-16.31425118172366,"[-17.013529780266968, -15.577065425759722]",10.13553728265707,"[9.693596025320609, 10.557335331941616]",0.95,2026091603,5000,win,candidate_minus_reference; negative difference favors candidate,"paired demand-path sampling, excluding generation variation"
exp_iid_random3_9,self_evolve_h200_r2,capped_base_stock,cold_start,50,single_repeat,baseline_h200_capped_base_stock,2,1,primary,200,200,True,1000,144.64664044894482,142.24242671309855,2.404213735846273,"[1.7927238272969641, 3.0168811477440762]",-1.6902226652077181,"[-2.126484002664862, -1.2560032148243834]",0.95,2026091603,5000,loss,candidate_minus_reference; negative difference favors candidate,"paired demand-path sampling, excluding generation variation"
exp_iid_random3_9,self_evolve_h200_r2,conditional_pil,cold_start,50,single_repeat,baseline_h200_conditional_pil,2,1,primary,200,200,True,1000,144.64664044894482,138.21721582780307,6.429424621141752,"[5.729968744361193, 7.130405734053526]",-4.651681472987997,"[-5.1685219440315695, -4.136820279166383]",0.95,2026091603,5000,loss,candidate_minus_reference; negative difference favors candidate,"paired demand-path sampling, excluding generation variation"
exp_iid_random3_9,self_evolve_h200_r2,constant_order,cold_start,50,single_repeat,baseline_h200_constant_order,2,1,primary,200,200,True,1000,144.64664044894482,142.9725746145192,1.6740658344256636,"[1.0952249433379408, 2.2629568112499086]",-1.1708999708085368,"[-1.5832178464677993, -0.7663232544504751]",0.95,2026091603,5000,loss,candidate_minus_reference; negative difference favors candidate,"paired demand-path sampling, excluding generation variation"
exp_iid_random3_9,self_evolve_h200_r2,forecast_adaptive_pil,cold_start,50,single_repeat,baseline_h200_forecast_adaptive_pil,2,1,primary,200,200,True,1000,144.64664044894482,138.0755971798406,6.571043269104225,"[5.890499264814864, 7.232014353184276]",-4.759018540072345,"[-5.246076041497112, -4.260288638898138]",0.95,2026091603,5000,loss,candidate_minus_reference; negative difference favors candidate,"paired demand-path sampling, excluding generation variation"
exp_iid_random3_9,self_evolve_h200_r2,forecast_capped_base_stock,cold_start,50,single_repeat,baseline_h200_forecast_capped_base_stock,2,1,primary,200,200,True,1000,144.64664044894482,141.5212520207115,3.1253884282333693,"[2.500096106786907, 3.7622518158998712]",-2.2084233877297272,"[-2.6611967022544465, -1.7637712555581215]",0.95,2026091603,5000,loss,candidate_minus_reference; negative difference favors candidate,"paired demand-path sampling, excluding generation variation"
exp_iid_random3_9,self_evolve_h200_r2,pil_cop_continuation,cold_start,50,single_repeat,baseline_h200_pil_cop_continuation,2,1,primary,200,200,True,1000,144.64664044894482,138.42222669975607,6.224413749188739,"[5.563706885939888, 6.882030483834307]",-4.496686621498861,"[-4.981591128040224, -4.012732469617451]",0.95,2026091603,5000,loss,candidate_minus_reference; negative difference favors candidate,"paired demand-path sampling, excluding generation variation"
exp_iid_random3_9,self_evolve_h200_r2,base_stock,cold_start,100,single_repeat,baseline_h200_base_stock,2,1,primary,200,200,True,1000,140.02048147180219,153.83613568471512,-13.815654212912909,"[-14.303827296123636, -13.322051697677164]",8.980760047969426,"[8.66491897317978, 9.291597582191853]",0.95,2026091603,5000,win,candidate_minus_reference; negative difference favors candidate,"paired demand-path sampling, excluding generation variation"
exp_iid_random3_9,self_evolve_h200_r2,capped_base_stock,cold_start,100,single_repeat,baseline_h200_capped_base_stock,2,1,primary,200,200,True,1000,140.02048147180219,138.71790417743492,1.3025772943672833,"[0.9574961082647876, 1.649835049601727]",-0.939011659735814,"[-1.1884532119388482, -0.6893269420781689]",0.95,2026091603,5000,loss,candidate_minus_reference; negative difference favors candidate,"paired demand-path sampling, excluding generation variation"
exp_iid_random3_9,self_evolve_h200_r2,conditional_pil,cold_start,100,single_repeat,baseline_h200_conditional_pil,2,1,primary,200,200,True,1000,140.02048147180219,134.74540181104584,5.275079660756353,"[4.826072760276445, 5.704491613306355]",-3.914849478985278,"[-4.238492314642218, -3.582762040901311]",0.95,2026091603,5000,loss,candidate_minus_reference; negative difference favors candidate,"paired demand-path sampling, excluding generation variation"
exp_iid_random3_9,self_evolve_h200_r2,constant_order,cold_start,100,single_repeat,baseline_h200_constant_order,2,1,primary,200,200,True,1000,140.02048147180219,139.12480041874485,0.8956810530573102,"[0.5877833230143146, 1.1929055187403312]",-0.6437968287188658,"[-0.8589136511266448, -0.42360461951420364]",0.95,2026091603,5000,loss,candidate_minus_reference; negative difference favors candidate,"paired demand-path sampling, excluding generation variation"
exp_iid_random3_9,self_evolve_h200_r2,forecast_adaptive_pil,cold_start,100,single_repeat,baseline_h200_forecast_adaptive_pil,2,1,primary,200,200,True,1000,140.02048147180219,134.5731214796123,5.447359992189848,"[5.02412626291243, 5.844643064520207]",-4.04788113131132,"[-4.347924615470035, -3.7294395109065204]",0.95,2026091603,5000,loss,candidate_minus_reference; negative difference favors candidate,"paired demand-path sampling, excluding generation variation"
exp_iid_random3_9,self_evolve_h200_r2,forecast_capped_base_stock,cold_start,100,single_repeat,baseline_h200_forecast_capped_base_stock,2,1,primary,200,200,True,1000,140.02048147180219,137.93510150242008,2.0853799693820867,"[1.7235090570019884, 2.449829621156778]",-1.5118558993814313,"[-1.776409461707135, -1.2494800218834332]",0.95,2026091603,5000,loss,candidate_minus_reference; negative difference favors candidate,"paired demand-path sampling, excluding generation variation"
exp_iid_random3_9,self_evolve_h200_r2,pil_cop_continuation,cold_start,100,single_repeat,baseline_h200_pil_cop_continuation,2,1,primary,200,200,True,1000,140.02048147180219,135.12127310966142,4.899208362140763,"[4.477884981219357, 5.3096447969061735]",-3.625786117456635,"[-3.935721240936713, -3.310542940943794]",0.95,2026091603,5000,loss,candidate_minus_reference; negative difference favors candidate,"paired demand-path sampling, excluding generation variation"
exp_iid_random3_9,self_evolve_h200_r2,base_stock,cold_start,200,single_repeat,baseline_h200_base_stock,2,1,primary,200,200,True,1000,138.09920358559424,150.2789912175513,-12.179787631957057,"[-12.542568226296094, -11.811914711341364]",8.104783997601496,"[7.865195104404217, 8.339073252535666]",0.95,2026091603,5000,win,candidate_minus_reference; negative difference favors candidate,"paired demand-path sampling, excluding generation variation"
exp_iid_random3_9,self_evolve_h200_r2,capped_base_stock,cold_start,200,single_repeat,baseline_h200_capped_base_stock,2,1,primary,200,200,True,1000,138.09920358559424,137.12401365748303,0.9751899281112125,"[0.7482303785222356, 1.2071011163290801]",-0.7111737048093535,"[-0.8815906985288332, -0.5454317323256767]",0.95,2026091603,5000,loss,candidate_minus_reference; negative difference favors candidate,"paired demand-path sampling, excluding generation variation"
exp_iid_random3_9,self_evolve_h200_r2,conditional_pil,cold_start,200,single_repeat,baseline_h200_conditional_pil,2,1,primary,200,200,True,1000,138.09920358559424,133.34061249322085,4.7585910923734005,"[4.454889343291901, 5.06321835075473]",-3.5687484880987212,"[-3.800193060403881, -3.3369330180415187]",0.95,2026091603,5000,loss,candidate_minus_reference; negative difference favors candidate,"paired demand-path sampling, excluding generation variation"
exp_iid_random3_9,self_evolve_h200_r2,constant_order,cold_start,200,single_repeat,baseline_h200_constant_order,2,1,primary,200,200,True,1000,138.09920358559424,137.64304225982534,0.45616132576890006,"[0.29428771914174523, 0.6146109668645425]",-0.33140892433038416,"[-0.44642000523307707, -0.21387918809114767]",0.95,2026091603,5000,loss,candidate_minus_reference; negative difference favors candidate,"paired demand-path sampling, excluding generation variation"
exp_iid_random3_9,self_evolve_h200_r2,forecast_adaptive_pil,cold_start,200,single_repeat,baseline_h200_forecast_adaptive_pil,2,1,primary,200,200,True,1000,138.09920358559424,133.12453290857442,4.974670677019834,"[4.69105234413912, 5.2565315090184415]",-3.736854934496752,"[-3.949942734412926, -3.5201851802383355]",0.95,2026091603,5000,loss,candidate_minus_reference; negative difference favors candidate,"paired demand-path sampling, excluding generation variation"
exp_iid_random3_9,self_evolve_h200_r2,forecast_capped_base_stock,cold_start,200,single_repeat,baseline_h200_forecast_capped_base_stock,2,1,primary,200,200,True,1000,138.09920358559424,136.2878295665031,1.8113740190911571,"[1.5690604703823767, 2.059627000674676]",-1.3290798047431434,"[-1.5115040007462743, -1.149740999089811]",0.95,2026091603,5000,loss,candidate_minus_reference; negative difference favors candidate,"paired demand-path sampling, excluding generation variation"
exp_iid_random3_9,self_evolve_h200_r2,pil_cop_continuation,cold_start,200,single_repeat,baseline_h200_pil_cop_continuation,2,1,primary,200,200,True,1000,138.09920358559424,133.8931717123404,4.206031873253836,"[3.9187775970467857, 4.496421631095279]",-3.1413341094721274,"[-3.3596858932652065, -2.9260535748132335]",0.95,2026091603,5000,loss,candidate_minus_reference; negative difference favors candidate,"paired demand-path sampling, excluding generation variation"
exp_iid_random3_9,self_evolve_h200_r2,base_stock,cold_start,500,single_repeat,baseline_h200_base_stock,2,1,primary,200,200,True,1000,137.0352475150612,148.3060267258115,-11.270779210750302,"[-11.487821201900555, -11.04815002032071]",7.599677140287594,"[7.452682977372799, 7.743011345689804]",0.95,2026091603,5000,win,candidate_minus_reference; negative difference favors candidate,"paired demand-path sampling, excluding generation variation"
exp_iid_random3_9,self_evolve_h200_r2,capped_base_stock,cold_start,500,single_repeat,baseline_h200_capped_base_stock,2,1,primary,200,200,True,1000,137.0352475150612,136.27997002778483,0.7552774872763957,"[0.6207635219661517, 0.8903330949714231]",-0.5542101947354311,"[-0.6533974183370131, -0.4559323487627242]",0.95,2026091603,5000,loss,candidate_minus_reference; negative difference favors candidate,"paired demand-path sampling, excluding generation variation"
exp_iid_random3_9,self_evolve_h200_r2,conditional_pil,cold_start,500,single_repeat,baseline_h200_conditional_pil,2,1,primary,200,200,True,1000,137.0352475150612,132.64190051959096,4.393346995470236,"[4.2126400689731085, 4.568492090330135]",-3.312186404341628,"[-3.445959748288284, -3.174179058538225]",0.95,2026091603,5000,loss,candidate_minus_reference; negative difference favors candidate,"paired demand-path sampling, excluding generation variation"
exp_iid_random3_9,self_evolve_h200_r2,constant_order,cold_start,500,single_repeat,baseline_h200_constant_order,2,1,primary,200,200,True,1000,137.0352475150612,136.86676917425575,0.1684783408054555,"[0.08959995867864208, 0.24437570615456228]",-0.1230966010390346,"[-0.17877063139971994, -0.06534845942558813]",0.95,2026091603,5000,loss,candidate_minus_reference; negative difference favors candidate,"paired demand-path sampling, excluding generation variation"
exp_iid_random3_9,self_evolve_h200_r2,forecast_adaptive_pil,cold_start,500,single_repeat,baseline_h200_forecast_adaptive_pil,2,1,primary,200,200,True,1000,137.0352475150612,132.40098316786853,4.634264347192636,"[4.46899983784026, 4.796983212017098]",-3.5001736666237435,"[-3.6236423232520383, -3.3737965934207956]",0.95,2026091603,5000,loss,candidate_minus_reference; negative difference favors candidate,"paired demand-path sampling, excluding generation variation"
exp_iid_random3_9,self_evolve_h200_r2,forecast_capped_base_stock,cold_start,500,single_repeat,baseline_h200_forecast_capped_base_stock,2,1,primary,200,200,True,1000,137.0352475150612,135.38932230049232,1.6459252145689047,"[1.4961894142744547, 1.7948570861102175]",-1.2156979491453526,"[-1.325641036334675, -1.1046610204060965]",0.95,2026091603,5000,loss,candidate_minus_reference; negative difference favors candidate,"paired demand-path sampling, excluding generation variation"
exp_iid_random3_9,self_evolve_h200_r2,pil_cop_continuation,cold_start,500,single_repeat,baseline_h200_pil_cop_continuation,2,1,primary,200,200,True,1000,137.0352475150612,133.13155992723378,3.9036875878274158,"[3.732159720528276, 4.076140757749194]",-2.9322029952635376,"[-3.061772119132978, -2.8035451256894692]",0.95,2026091603,5000,loss,candidate_minus_reference; negative difference favors candidate,"paired demand-path sampling, excluding generation variation"
exp_iid_random3_9,self_evolve_h200_r3,base_stock,steady,50,single_repeat,baseline_h200_base_stock,3,1,primary,200,200,True,1000,146.53737918148377,146.73215677983933,-0.19477759835559383,"[-0.34575822177329496, -0.041523884310835306]",0.13274363481742218,"[0.02846187191093415, 0.2351856372789798]",0.95,2026091603,5000,win,candidate_minus_reference; negative difference favors candidate,"paired demand-path sampling, excluding generation variation"
exp_iid_random3_9,self_evolve_h200_r3,capped_base_stock,steady,50,single_repeat,baseline_h200_capped_base_stock,3,1,primary,200,200,True,1000,146.53737918148377,136.1580484121855,10.379330769298248,"[9.78947600118012, 10.9794959544552]",-7.62300201151338,"[-8.08463100458609, -7.165815150269703]",0.95,2026091603,5000,loss,candidate_minus_reference; negative difference favors candidate,"paired demand-path sampling, excluding generation variation"
exp_iid_random3_9,self_evolve_h200_r3,conditional_pil,steady,50,single_repeat,baseline_h200_conditional_pil,3,1,primary,200,200,True,1000,146.53737918148377,132.19544439691327,14.341934784570483,"[13.646618945962993, 15.02817210032397]",-10.849038595845425,"[-11.392270898543067, -10.31121480858748]",0.95,2026091603,5000,loss,candidate_minus_reference; negative difference favors candidate,"paired demand-path sampling, excluding generation variation"
exp_iid_random3_9,self_evolve_h200_r3,constant_order,steady,50,single_repeat,baseline_h200_constant_order,3,1,primary,200,200,True,1000,146.53737918148377,136.55082866601506,9.986550515468684,"[9.265941115318265, 10.704605595072325]",-7.31343091289066,"[-7.857957122241921, -6.7685503452816755]",0.95,2026091603,5000,loss,candidate_minus_reference; negative difference favors candidate,"paired demand-path sampling, excluding generation variation"
exp_iid_random3_9,self_evolve_h200_r3,forecast_adaptive_pil,steady,50,single_repeat,baseline_h200_forecast_adaptive_pil,3,1,primary,200,200,True,1000,146.53737918148377,131.8681000072974,14.669279174186364,"[13.980524856730197, 15.351209097186699]",-11.12420606149221,"[-11.659376369222741, -10.590460084528079]",0.95,2026091603,5000,loss,candidate_minus_reference; negative difference favors candidate,"paired demand-path sampling, excluding generation variation"
exp_iid_random3_9,self_evolve_h200_r3,forecast_capped_base_stock,steady,50,single_repeat,baseline_h200_forecast_capped_base_stock,3,1,primary,200,200,True,1000,146.53737918148377,135.16021966926687,11.377159512216878,"[10.787307296747043, 11.978061873154145]",-8.417535529356556,"[-8.87684960415596, -7.9674461624707265]",0.95,2026091603,5000,loss,candidate_minus_reference; negative difference favors candidate,"paired demand-path sampling, excluding generation variation"
exp_iid_random3_9,self_evolve_h200_r3,pil_cop_continuation,steady,50,single_repeat,baseline_h200_pil_cop_continuation,3,1,primary,200,200,True,1000,146.53737918148377,132.75153522358184,13.785843957901914,"[13.11547555335146, 14.451195319140519]",-10.384696444138019,"[-10.901971519307507, -9.86778362849429]",0.95,2026091603,5000,loss,candidate_minus_reference; negative difference favors candidate,"paired demand-path sampling, excluding generation variation"
exp_iid_random3_9,self_evolve_h200_r3,base_stock,steady,100,single_repeat,baseline_h200_base_stock,3,1,primary,200,200,True,1000,146.94428267377293,147.21870443387047,-0.2744217600975596,"[-0.38730090975893006, -0.16069539896332097]",0.18640414012120798,"[0.1090734355264785, 0.26259230745962236]",0.95,2026091603,5000,win,candidate_minus_reference; negative difference favors candidate,"paired demand-path sampling, excluding generation variation"
exp_iid_random3_9,self_evolve_h200_r3,capped_base_stock,steady,100,single_repeat,baseline_h200_capped_base_stock,3,1,primary,200,200,True,1000,146.94428267377293,136.4254952036176,10.518787470155306,"[10.086730745642189, 10.947171265490917]",-7.71027985235153,"[-8.040432445475854, -7.380985036360035]",0.95,2026091603,5000,loss,candidate_minus_reference; negative difference favors candidate,"paired demand-path sampling, excluding generation variation"
exp_iid_random3_9,self_evolve_h200_r3,conditional_pil,steady,100,single_repeat,baseline_h200_conditional_pil,3,1,primary,200,200,True,1000,146.94428267377293,132.349674071758,14.594608602014915,"[14.07514602515262, 15.107475423600194]",-11.027309817251206,"[-11.436064145625277, -10.618725991993681]",0.95,2026091603,5000,loss,candidate_minus_reference; negative difference favors candidate,"paired demand-path sampling, excluding generation variation"
exp_iid_random3_9,self_evolve_h200_r3,constant_order,steady,100,single_repeat,baseline_h200_constant_order,3,1,primary,200,200,True,1000,146.94428267377293,136.86609906516614,10.078183608606777,"[9.552383403316252, 10.597448078429755]",-7.363535365911365,"[-7.756657823474032, -6.961342856280652]",0.95,2026091603,5000,loss,candidate_minus_reference; negative difference favors candidate,"paired demand-path sampling, excluding generation variation"
exp_iid_random3_9,self_evolve_h200_r3,forecast_adaptive_pil,steady,100,single_repeat,baseline_h200_forecast_adaptive_pil,3,1,primary,200,200,True,1000,146.94428267377293,132.13378325489842,14.810499418874524,"[14.305633206466675, 15.306538245235759]",-11.208715177937256,"[-11.605079127908201, -10.803990281769222]",0.95,2026091603,5000,loss,candidate_minus_reference; negative difference favors candidate,"paired demand-path sampling, excluding generation variation"
exp_iid_random3_9,self_evolve_h200_r3,forecast_capped_base_stock,steady,100,single_repeat,baseline_h200_forecast_capped_base_stock,3,1,primary,200,200,True,1000,146.94428267377293,135.36481105762698,11.579471616145968,"[11.142006683046635, 12.005196688137904]",-8.554270142789461,"[-8.879961956283731, -8.227057504829585]",0.95,2026091603,5000,loss,candidate_minus_reference; negative difference favors candidate,"paired demand-path sampling, excluding generation variation"
exp_iid_random3_9,self_evolve_h200_r3,pil_cop_continuation,steady,100,single_repeat,baseline_h200_pil_cop_continuation,3,1,primary,200,200,True,1000,146.94428267377293,132.98880730520776,13.95547536856514,"[13.470580033359775, 14.42122906623245]",-10.493721728429012,"[-10.863522963285979, -10.109348025198813]",0.95,2026091603,5000,loss,candidate_minus_reference; negative difference favors candidate,"paired demand-path sampling, excluding generation variation"
exp_iid_random3_9,self_evolve_h200_r3,base_stock,steady,200,single_repeat,baseline_h200_base_stock,3,1,primary,200,200,True,1000,146.78096002955905,147.0189446877055,-0.23798465814642622,"[-0.3132393555854877, -0.15889377292922482]",0.16187346375799852,"[0.10834793357855468, 0.2133465559608877]",0.95,2026091603,5000,win,candidate_minus_reference; negative difference favors candidate,"paired demand-path sampling, excluding generation variation"
exp_iid_random3_9,self_evolve_h200_r3,capped_base_stock,steady,200,single_repeat,baseline_h200_capped_base_stock,3,1,primary,200,200,True,1000,146.78096002955905,136.05529533557402,10.72566469398506,"[10.415125569224958, 11.033802548675556]",-7.88331293356182,"[-8.113794236081807, -7.644338898002384]",0.95,2026091603,5000,loss,candidate_minus_reference; negative difference favors candidate,"paired demand-path sampling, excluding generation variation"
exp_iid_random3_9,self_evolve_h200_r3,conditional_pil,steady,200,single_repeat,baseline_h200_conditional_pil,3,1,primary,200,200,True,1000,146.78096002955905,132.2327322043458,14.54822782521327,"[14.176107837155625, 14.916812536721165]",-11.001986862625774,"[-11.29043615781296, -10.712451539950283]",0.95,2026091603,5000,loss,candidate_minus_reference; negative difference favors candidate,"paired demand-path sampling, excluding generation variation"
exp_iid_random3_9,self_evolve_h200_r3,constant_order,steady,200,single_repeat,baseline_h200_constant_order,3,1,primary,200,200,True,1000,146.78096002955905,136.61189232038956,10.169067709169518,"[9.77881044959126, 10.55919342319657]",-7.4437646213994695,"[-7.7388576841058185, -7.148331319625977]",0.95,2026091603,5000,loss,candidate_minus_reference; negative difference favors candidate,"paired demand-path sampling, excluding generation variation"
exp_iid_random3_9,self_evolve_h200_r3,forecast_adaptive_pil,steady,200,single_repeat,baseline_h200_forecast_adaptive_pil,3,1,primary,200,200,True,1000,146.78096002955905,131.99172911276656,14.789230916792508,"[14.415336339099738, 15.157430170504322]",-11.20466488029517,"[-11.491325375423028, -10.912832189598875]",0.95,2026091603,5000,loss,candidate_minus_reference; negative difference favors candidate,"paired demand-path sampling, excluding generation variation"
exp_iid_random3_9,self_evolve_h200_r3,forecast_capped_base_stock,steady,200,single_repeat,baseline_h200_forecast_capped_base_stock,3,1,primary,200,200,True,1000,146.78096002955905,135.10383132911318,11.677128700445927,"[11.368015675855311, 11.980936861795971]",-8.643077391343827,"[-8.870941432286049, -8.408912198246659]",0.95,2026091603,5000,loss,candidate_minus_reference; negative difference favors candidate,"paired demand-path sampling, excluding generation variation"
exp_iid_random3_9,self_evolve_h200_r3,pil_cop_continuation,steady,200,single_repeat,baseline_h200_pil_cop_continuation,3,1,primary,200,200,True,1000,146.78096002955905,132.73272289874998,14.048237130809115,"[13.697535852818811, 14.392148123082364]",-10.583853645137095,"[-10.855404043904342, -10.313398576560179]",0.95,2026091603,5000,loss,candidate_minus_reference; negative difference favors candidate,"paired demand-path sampling, excluding generation variation"
exp_iid_random3_9,self_evolve_h200_r3,base_stock,steady,500,single_repeat,baseline_h200_base_stock,3,1,primary,200,200,True,1000,146.7470680445318,147.041047848999,-0.29397980446724875,"[-0.3403513931374976, -0.24372519239814242]",0.1999304335542384,"[0.16570911008703923, 0.23159214099096853]",0.95,2026091603,5000,win,candidate_minus_reference; negative difference favors candidate,"paired demand-path sampling, excluding generation variation"
exp_iid_random3_9,self_evolve_h200_r3,capped_base_stock,steady,500,single_repeat,baseline_h200_capped_base_stock,3,1,primary,200,200,True,1000,146.7470680445318,136.0628418711206,10.68422617341114,"[10.495419266569085, 10.87172799188514]",-7.852420268813245,"[-7.996250691251151, -7.708191184797046]",0.95,2026091603,5000,loss,candidate_minus_reference; negative difference favors candidate,"paired demand-path sampling, excluding generation variation"
exp_iid_random3_9,self_evolve_h200_r3,conditional_pil,steady,500,single_repeat,baseline_h200_conditional_pil,3,1,primary,200,200,True,1000,146.7470680445318,132.3306691027788,14.416398941752963,"[14.196458764458967, 14.647135647987826]",-10.894223568503257,"[-11.07651942017399, -10.718993031682322]",0.95,2026091603,5000,loss,candidate_minus_reference; negative difference favors candidate,"paired demand-path sampling, excluding generation variation"
exp_iid_random3_9,self_evolve_h200_r3,constant_order,steady,500,single_repeat,baseline_h200_constant_order,3,1,primary,200,200,True,1000,146.7470680445318,136.63093304948853,10.116134995043248,"[9.881241458082947, 10.355851006847978]",-7.403985883181479,"[-7.585418812786682, -7.223543406682604]",0.95,2026091603,5000,loss,candidate_minus_reference; negative difference favors candidate,"paired demand-path sampling, excluding generation variation"
exp_iid_random3_9,self_evolve_h200_r3,forecast_adaptive_pil,steady,500,single_repeat,baseline_h200_forecast_adaptive_pil,3,1,primary,200,200,True,1000,146.7470680445318,132.08643188865676,14.660636155875029,"[14.443228904852763, 14.883868736789596]",-11.09927488103648,"[-11.275422297454398, -10.925191352205344]",0.95,2026091603,5000,loss,candidate_minus_reference; negative difference favors candidate,"paired demand-path sampling, excluding generation variation"
exp_iid_random3_9,self_evolve_h200_r3,forecast_capped_base_stock,steady,500,single_repeat,baseline_h200_forecast_capped_base_stock,3,1,primary,200,200,True,1000,146.7470680445318,135.12094971172223,11.626118332809531,"[11.436276834032409, 11.81312189575897]",-8.604230770738107,"[-8.750622109480572, -8.456895438316055]",0.95,2026091603,5000,loss,candidate_minus_reference; negative difference favors candidate,"paired demand-path sampling, excluding generation variation"
exp_iid_random3_9,self_evolve_h200_r3,pil_cop_continuation,steady,500,single_repeat,baseline_h200_pil_cop_continuation,3,1,primary,200,200,True,1000,146.7470680445318,132.84721785758856,13.89985018694325,"[13.689993529247937, 14.109924800270559]",-10.463034462523558,"[-10.630501460041271, -10.297533396614288]",0.95,2026091603,5000,loss,candidate_minus_reference; negative difference favors candidate,"paired demand-path sampling, excluding generation variation"
exp_iid_random3_9,self_evolve_h200_r3,base_stock,cold_start,50,single_repeat,baseline_h200_base_stock,3,1,primary,200,200,True,1000,161.75421805569212,160.96089163066847,0.7933264250236184,"[0.6531735636472136, 0.931577877206189]",-0.49286905470427644,"[-0.5792968394827981, -0.40526390588894584]",0.95,2026091603,5000,loss,candidate_minus_reference; negative difference favors candidate,"paired demand-path sampling, excluding generation variation"
exp_iid_random3_9,self_evolve_h200_r3,capped_base_stock,cold_start,50,single_repeat,baseline_h200_capped_base_stock,3,1,primary,200,200,True,1000,161.75421805569212,142.24242671309855,19.511791342593547,"[18.77364613830623, 20.229283894624867]",-13.717279572253533,"[-14.272559004832125, -13.163752221153]",0.95,2026091603,5000,loss,candidate_minus_reference; negative difference favors candidate,"paired demand-path sampling, excluding generation variation"
exp_iid_random3_9,self_evolve_h200_r3,conditional_pil,cold_start,50,single_repeat,baseline_h200_conditional_pil,3,1,primary,200,200,True,1000,161.75421805569212,138.21721582780307,23.53700222788903,"[22.717265101478223, 24.354197191580695]",-17.028994606006574,"[-17.68017056098376, -16.375655086869273]",0.95,2026091603,5000,loss,candidate_minus_reference; negative difference favors candidate,"paired demand-path sampling, excluding generation variation"
exp_iid_random3_9,self_evolve_h200_r3,constant_order,cold_start,50,single_repeat,baseline_h200_constant_order,3,1,primary,200,200,True,1000,161.75421805569212,142.9725746145192,18.781643441172942,"[17.983700981219783, 19.542018562914592]",-13.136535794932518,"[-13.718913995167226, -12.529709990849659]",0.95,2026091603,5000,loss,candidate_minus_reference; negative difference favors candidate,"paired demand-path sampling, excluding generation variation"
exp_iid_random3_9,self_evolve_h200_r3,forecast_adaptive_pil,cold_start,50,single_repeat,baseline_h200_forecast_adaptive_pil,3,1,primary,200,200,True,1000,161.75421805569212,138.0755971798406,23.6786208758515,"[22.872144423878378, 24.47682015873848]",-17.149026590854145,"[-17.784647850925634, -16.508590413589438]",0.95,2026091603,5000,loss,candidate_minus_reference; negative difference favors candidate,"paired demand-path sampling, excluding generation variation"
exp_iid_random3_9,self_evolve_h200_r3,forecast_capped_base_stock,cold_start,50,single_repeat,baseline_h200_forecast_capped_base_stock,3,1,primary,200,200,True,1000,161.75421805569212,141.5212520207115,20.232966034980645,"[19.49142609613542, 20.956715296709334]",-14.296768680381335,"[-14.854076679949584, -13.72807001110342]",0.95,2026091603,5000,loss,candidate_minus_reference; negative difference favors candidate,"paired demand-path sampling, excluding generation variation"
exp_iid_random3_9,self_evolve_h200_r3,pil_cop_continuation,cold_start,50,single_repeat,baseline_h200_pil_cop_continuation,3,1,primary,200,200,True,1000,161.75421805569212,138.42222669975607,23.331991355936015,"[22.56238781291206, 24.087368898434722]",-16.855668278291876,"[-17.445488419194856, -16.248353560108296]",0.95,2026091603,5000,loss,candidate_minus_reference; negative difference favors candidate,"paired demand-path sampling, excluding generation variation"
exp_iid_random3_9,self_evolve_h200_r3,base_stock,cold_start,100,single_repeat,baseline_h200_base_stock,3,1,primary,200,200,True,1000,154.1209508118275,153.83613568471512,0.28481512711242984,"[0.1795390888209137, 0.3926040210595535]",-0.18514188870169326,"[-0.2552985925930091, -0.11653479263449863]",0.95,2026091603,5000,loss,candidate_minus_reference; negative difference favors candidate,"paired demand-path sampling, excluding generation variation"
exp_iid_random3_9,self_evolve_h200_r3,capped_base_stock,cold_start,100,single_repeat,baseline_h200_capped_base_stock,3,1,primary,200,200,True,1000,154.1209508118275,138.71790417743492,15.40304663439262,"[14.92146033439772, 15.871329386512265]",-11.103863431133194,"[-11.472896218195439, -10.734167776331057]",0.95,2026091603,5000,loss,candidate_minus_reference; negative difference favors candidate,"paired demand-path sampling, excluding generation variation"
exp_iid_random3_9,self_evolve_h200_r3,conditional_pil,cold_start,100,single_repeat,baseline_h200_conditional_pil,3,1,primary,200,200,True,1000,154.1209508118275,134.74540181104584,19.375549000781692,"[18.826658419041422, 19.92031770241881]",-14.37937676563694,"[-14.813226445803785, -13.941792555049147]",0.95,2026091603,5000,loss,candidate_minus_reference; negative difference favors candidate,"paired demand-path sampling, excluding generation variation"
exp_iid_random3_9,self_evolve_h200_r3,constant_order,cold_start,100,single_repeat,baseline_h200_constant_order,3,1,primary,200,200,True,1000,154.1209508118275,139.12480041874485,14.996150393082646,"[14.454404487428597, 15.509782714738746]",-10.778919608830686,"[-11.178127656886517, -10.36552326376591]",0.95,2026091603,5000,loss,candidate_minus_reference; negative difference favors candidate,"paired demand-path sampling, excluding generation variation"
exp_iid_random3_9,self_evolve_h200_r3,forecast_adaptive_pil,cold_start,100,single_repeat,baseline_h200_forecast_adaptive_pil,3,1,primary,200,200,True,1000,154.1209508118275,134.5731214796123,19.547829332215183,"[19.00870166392956, 20.081261011177535]",-14.525805091900674,"[-14.949936102184312, -14.098688750242959]",0.95,2026091603,5000,loss,candidate_minus_reference; negative difference favors candidate,"paired demand-path sampling, excluding generation variation"
exp_iid_random3_9,self_evolve_h200_r3,forecast_capped_base_stock,cold_start,100,single_repeat,baseline_h200_forecast_capped_base_stock,3,1,primary,200,200,True,1000,154.1209508118275,137.93510150242008,16.185849309407423,"[15.694421112996089, 16.66296014406847]",-11.734394750217685,"[-12.110716856151855, -11.361014022875798]",0.95,2026091603,5000,loss,candidate_minus_reference; negative difference favors candidate,"paired demand-path sampling, excluding generation variation"
exp_iid_random3_9,self_evolve_h200_r3,pil_cop_continuation,cold_start,100,single_repeat,baseline_h200_pil_cop_continuation,3,1,primary,200,200,True,1000,154.1209508118275,135.12127310966142,18.999677702166103,"[18.482788672258078, 19.513963203588844]",-14.061203883674457,"[-14.471350076319927, -13.650897663780157]",0.95,2026091603,5000,loss,candidate_minus_reference; negative difference favors candidate,"paired demand-path sampling, excluding generation variation"
exp_iid_random3_9,self_evolve_h200_r3,base_stock,cold_start,200,single_repeat,baseline_h200_base_stock,3,1,primary,200,200,True,1000,150.25560311793052,150.2789912175513,-0.023388099620783122,"[-0.09853616182738385, 0.052332793151806084]",0.015563119922010066,"[-0.034912762128597064, 0.06522640320960907]",0.95,2026091603,5000,inconclusive,candidate_minus_reference; negative difference favors candidate,"paired demand-path sampling, excluding generation variation"
exp_iid_random3_9,self_evolve_h200_r3,capped_base_stock,cold_start,200,single_repeat,baseline_h200_capped_base_stock,3,1,primary,200,200,True,1000,150.25560311793052,137.12401365748303,13.131589460447485,"[12.811443089634055, 13.45464535422659]",-9.576433120786847,"[-9.826447784761745, -9.330995296447377]",0.95,2026091603,5000,loss,candidate_minus_reference; negative difference favors candidate,"paired demand-path sampling, excluding generation variation"
exp_iid_random3_9,self_evolve_h200_r3,conditional_pil,cold_start,200,single_repeat,baseline_h200_conditional_pil,3,1,primary,200,200,True,1000,150.25560311793052,133.34061249322085,16.914990624709674,"[16.531349758296482, 17.296896831479113]",-12.685550417409134,"[-12.986570622459318, -12.383727005742854]",0.95,2026091603,5000,loss,candidate_minus_reference; negative difference favors candidate,"paired demand-path sampling, excluding generation variation"
exp_iid_random3_9,self_evolve_h200_r3,constant_order,cold_start,200,single_repeat,baseline_h200_constant_order,3,1,primary,200,200,True,1000,150.25560311793052,137.64304225982534,12.612560858105173,"[12.225471393969354, 12.994877975379161]",-9.163238948392879,"[-9.457720523739006, -8.8673613839491]",0.95,2026091603,5000,loss,candidate_minus_reference; negative difference favors candidate,"paired demand-path sampling, excluding generation variation"
exp_iid_random3_9,self_evolve_h200_r3,forecast_adaptive_pil,cold_start,200,single_repeat,baseline_h200_forecast_adaptive_pil,3,1,primary,200,200,True,1000,150.25560311793052,133.12453290857442,17.131070209356107,"[16.75485152918707, 17.50950780870783]",-12.86845469806918,"[-13.168131862697448, -12.569270878452425]",0.95,2026091603,5000,loss,candidate_minus_reference; negative difference favors candidate,"paired demand-path sampling, excluding generation variation"
exp_iid_random3_9,self_evolve_h200_r3,forecast_capped_base_stock,cold_start,200,single_repeat,baseline_h200_forecast_capped_base_stock,3,1,primary,200,200,True,1000,150.25560311793052,136.2878295665031,13.967773551427431,"[13.647872553317892, 14.29857682825655]",-10.248731376715998,"[-10.508533352610394, -10.001252103952373]",0.95,2026091603,5000,loss,candidate_minus_reference; negative difference favors candidate,"paired demand-path sampling, excluding generation variation"
exp_iid_random3_9,self_evolve_h200_r3,pil_cop_continuation,cold_start,200,single_repeat,baseline_h200_pil_cop_continuation,3,1,primary,200,200,True,1000,150.25560311793052,133.8931717123404,16.362431405590108,"[15.993002211774481, 16.716581051220476]",-12.22051221606998,"[-12.498374432783397, -11.93512950985631]",0.95,2026091603,5000,loss,candidate_minus_reference; negative difference favors candidate,"paired demand-path sampling, excluding generation variation"
exp_iid_random3_9,self_evolve_h200_r3,base_stock,cold_start,500,single_repeat,baseline_h200_base_stock,3,1,primary,200,200,True,1000,148.12709088047313,148.3060267258115,-0.17893584533837031,"[-0.2254182243131129, -0.13275522001989445]",0.12065311794050668,"[0.08964519262106108, 0.15193780555273467]",0.95,2026091603,5000,win,candidate_minus_reference; negative difference favors candidate,"paired demand-path sampling, excluding generation variation"
exp_iid_random3_9,self_evolve_h200_r3,capped_base_stock,cold_start,500,single_repeat,baseline_h200_capped_base_stock,3,1,primary,200,200,True,1000,148.12709088047313,136.27997002778483,11.847120852688327,"[11.646186282721155, 12.055254710156406]",-8.693222379101572,"[-8.8496573424749, -8.54265208293128]",0.95,2026091603,5000,loss,candidate_minus_reference; negative difference favors candidate,"paired demand-path sampling, excluding generation variation"
exp_iid_random3_9,self_evolve_h200_r3,conditional_pil,cold_start,500,single_repeat,baseline_h200_conditional_pil,3,1,primary,200,200,True,1000,148.12709088047313,132.64190051959096,15.485190360882166,"[15.25138783046377, 15.726677755596109]",-11.674433418265924,"[-11.863771778395968, -11.489008199619258]",0.95,2026091603,5000,loss,candidate_minus_reference; negative difference favors candidate,"paired demand-path sampling, excluding generation variation"
exp_iid_random3_9,self_evolve_h200_r3,constant_order,cold_start,500,single_repeat,baseline_h200_constant_order,3,1,primary,200,200,True,1000,148.12709088047313,136.86676917425575,11.260321706217386,"[11.025474823184899, 11.49950657554304]",-8.227213789112673,"[-8.41107269999919, -8.046158426690532]",0.95,2026091603,5000,loss,candidate_minus_reference; negative difference favors candidate,"paired demand-path sampling, excluding generation variation"
exp_iid_random3_9,self_evolve_h200_r3,forecast_adaptive_pil,cold_start,500,single_repeat,baseline_h200_forecast_adaptive_pil,3,1,primary,200,200,True,1000,148.12709088047313,132.40098316786853,15.726107712604568,"[15.489704600759438, 15.963105952173336]",-11.877636658230694,"[-12.06634138648657, -11.694591624830126]",0.95,2026091603,5000,loss,candidate_minus_reference; negative difference favors candidate,"paired demand-path sampling, excluding generation variation"
exp_iid_random3_9,self_evolve_h200_r3,forecast_capped_base_stock,cold_start,500,single_repeat,baseline_h200_forecast_capped_base_stock,3,1,primary,200,200,True,1000,148.12709088047313,135.38932230049232,12.737768579980838,"[12.535638260677477, 12.941013589771632]",-9.408251968135074,"[-9.564932798725332, -9.256542296461303]",0.95,2026091603,5000,loss,candidate_minus_reference; negative difference favors candidate,"paired demand-path sampling, excluding generation variation"
exp_iid_random3_9,self_evolve_h200_r3,pil_cop_continuation,cold_start,500,single_repeat,baseline_h200_pil_cop_continuation,3,1,primary,200,200,True,1000,148.12709088047313,133.13155992723378,14.995530953239347,"[14.77446941458092, 15.224094199021918]",-11.263693568553931,"[-11.442662389220892, -11.090906422165501]",0.95,2026091603,5000,loss,candidate_minus_reference; negative difference favors candidate,"paired demand-path sampling, excluding generation variation"
exp_regime095_fixed6,self_evolve_h200_r1,base_stock,steady,50,single_repeat,baseline_h200_base_stock,1,1,primary,200,200,True,1000,154.48132066228538,156.27093964250042,-1.7896189802150597,"[-2.367286473048001, -1.2400399237015933]",1.145202674476223,"[0.8050639823992366, 1.4937536360475037]",0.95,2026091603,5000,win,candidate_minus_reference; negative difference favors candidate,"paired demand-path sampling, excluding generation variation"
exp_regime095_fixed6,self_evolve_h200_r1,capped_base_stock,steady,50,single_repeat,baseline_h200_capped_base_stock,1,1,primary,200,200,True,1000,154.48132066228538,153.19844754556328,1.2828731167220881,"[0.5743497355712355, 1.94173611879276]",-0.8373930266757807,"[-1.2926588747869667, -0.3681040205282896]",0.95,2026091603,5000,loss,candidate_minus_reference; negative difference favors candidate,"paired demand-path sampling, excluding generation variation"
exp_regime095_fixed6,self_evolve_h200_r1,conditional_pil,steady,50,single_repeat,baseline_h200_conditional_pil,1,1,primary,200,200,True,1000,154.48132066228538,149.54506016809722,4.9362604941881365,"[4.473711755773988, 5.3794003580078265]",-3.3008515885710445,"[-3.614150067399899, -2.9788237716576447]",0.95,2026091603,5000,loss,candidate_minus_reference; negative difference favors candidate,"paired demand-path sampling, excluding generation variation"
exp_regime095_fixed6,self_evolve_h200_r1,constant_order,steady,50,single_repeat,baseline_h200_constant_order,1,1,primary,200,200,True,1000,154.48132066228538,156.3362700966708,-1.85494943438544,"[-2.8331109116395417, -0.9312655102401405]",1.1865125304821502,"[0.6079463733707327, 1.772325223936695]",0.95,2026091603,5000,win,candidate_minus_reference; negative difference favors candidate,"paired demand-path sampling, excluding generation variation"
exp_regime095_fixed6,self_evolve_h200_r1,forecast_adaptive_pil,steady,50,single_repeat,baseline_h200_forecast_adaptive_pil,1,1,primary,200,200,True,1000,154.48132066228538,146.72104944338335,7.760271218901993,"[7.087502752159209, 8.427416822327283]",-5.289132846542625,"[-5.722544861252034, -4.849244890446392]",0.95,2026091603,5000,loss,candidate_minus_reference; negative difference favors candidate,"paired demand-path sampling, excluding generation variation"
exp_regime095_fixed6,self_evolve_h200_r1,forecast_capped_base_stock,steady,50,single_repeat,baseline_h200_forecast_capped_base_stock,1,1,primary,200,200,True,1000,154.48132066228538,146.6480239803272,7.833296681958169,"[7.224753501338739, 8.434114099084747]",-5.341563063276614,"[-5.743557667446766, -4.939223300575335]",0.95,2026091603,5000,loss,candidate_minus_reference; negative difference favors candidate,"paired demand-path sampling, excluding generation variation"
exp_regime095_fixed6,self_evolve_h200_r1,pil_cop_continuation,steady,50,single_repeat,baseline_h200_pil_cop_continuation,1,1,primary,200,200,True,1000,154.48132066228538,149.54506016809722,4.9362604941881365,"[4.473711755773988, 5.3794003580078265]",-3.3008515885710445,"[-3.614150067399899, -2.9788237716576447]",0.95,2026091603,5000,loss,candidate_minus_reference; negative difference favors candidate,"paired demand-path sampling, excluding generation variation"
exp_regime095_fixed6,self_evolve_h200_r1,base_stock,steady,100,single_repeat,baseline_h200_base_stock,1,1,primary,200,200,True,1000,154.7928668649719,156.51044565054005,-1.7175787855681586,"[-2.12795153219022, -1.331586229064911]",1.0974211838890282,"[0.8571036591744816, 1.3422631539969985]",0.95,2026091603,5000,win,candidate_minus_reference; negative difference favors candidate,"paired demand-path sampling, excluding generation variation"
exp_regime095_fixed6,self_evolve_h200_r1,capped_base_stock,steady,100,single_repeat,baseline_h200_capped_base_stock,1,1,primary,200,200,True,1000,154.7928668649719,153.39044454729284,1.4024223176790664,"[0.9093123992209255, 1.86915012415518]",-0.9142827128626412,"[-1.2388523732292802, -0.5866769032800819]",0.95,2026091603,5000,loss,candidate_minus_reference; negative difference favors candidate,"paired demand-path sampling, excluding generation variation"
exp_regime095_fixed6,self_evolve_h200_r1,conditional_pil,steady,100,single_repeat,baseline_h200_conditional_pil,1,1,primary,200,200,True,1000,154.7928668649719,149.76653792443423,5.026328940537656,"[4.706857774826575, 5.331315104875039]",-3.356109455553908,"[-3.5714923703760317, -3.1278048770893934]",0.95,2026091603,5000,loss,candidate_minus_reference; negative difference favors candidate,"paired demand-path sampling, excluding generation variation"
exp_regime095_fixed6,self_evolve_h200_r1,constant_order,steady,100,single_repeat,baseline_h200_constant_order,1,1,primary,200,200,True,1000,154.7928668649719,156.55121254432888,-1.758345679356988,"[-2.4652311605366686, -1.0994182252074156]",1.1231760206642198,"[0.7125809529498838, 1.5488008852155994]",0.95,2026091603,5000,win,candidate_minus_reference; negative difference favors candidate,"paired demand-path sampling, excluding generation variation"
exp_regime095_fixed6,self_evolve_h200_r1,forecast_adaptive_pil,steady,100,single_repeat,baseline_h200_forecast_adaptive_pil,1,1,primary,200,200,True,1000,154.7928668649719,146.98599621990755,7.806870645064353,"[7.3169364241496675, 8.277935618157748]",-5.3113023320836605,"[-5.609349772530651, -4.9931102863583945]",0.95,2026091603,5000,loss,candidate_minus_reference; negative difference favors candidate,"paired demand-path sampling, excluding generation variation"
exp_regime095_fixed6,self_evolve_h200_r1,forecast_capped_base_stock,steady,100,single_repeat,baseline_h200_forecast_capped_base_stock,1,1,primary,200,200,True,1000,154.7928668649719,146.95032823672216,7.842538628249722,"[7.395658469291763, 8.264300954638133]",-5.3368636343678,"[-5.613755971753074, -5.036627155242168]",0.95,2026091603,5000,loss,candidate_minus_reference; negative difference favors candidate,"paired demand-path sampling, excluding generation variation"
exp_regime095_fixed6,self_evolve_h200_r1,pil_cop_continuation,steady,100,single_repeat,baseline_h200_pil_cop_continuation,1,1,primary,200,200,True,1000,154.7928668649719,149.76653792443423,5.026328940537656,"[4.706857774826575, 5.331315104875039]",-3.356109455553908,"[-3.5714923703760317, -3.1278048770893934]",0.95,2026091603,5000,loss,candidate_minus_reference; negative difference favors candidate,"paired demand-path sampling, excluding generation variation"
exp_regime095_fixed6,self_evolve_h200_r1,base_stock,steady,200,single_repeat,baseline_h200_base_stock,1,1,primary,200,200,True,1000,155.34171850893622,157.10290725261046,-1.7611887436742273,"[-2.055112595548341, -1.4681360181514627]",1.1210414717802588,"[0.9396559366887103, 1.2973780455247421]",0.95,2026091603,5000,win,candidate_minus_reference; negative difference favors candidate,"paired demand-path sampling, excluding generation variation"
exp_regime095_fixed6,self_evolve_h200_r1,capped_base_stock,steady,200,single_repeat,baseline_h200_capped_base_stock,1,1,primary,200,200,True,1000,155.34171850893622,154.05479818545834,1.2869203234778792,"[0.9309335272697978, 1.62887570793302]",-0.8353652976966235,"[-1.0681082459939846, -0.5995544966299886]",0.95,2026091603,5000,loss,candidate_minus_reference; negative difference favors candidate,"paired demand-path sampling, excluding generation variation"
exp_regime095_fixed6,self_evolve_h200_r1,conditional_pil,steady,200,single_repeat,baseline_h200_conditional_pil,1,1,primary,200,200,True,1000,155.34171850893622,150.40405823788498,4.937660271051227,"[4.719964076765724, 5.155662509056166]",-3.2829302140515684,"[-3.4364620847925913, -3.1285310425998927]",0.95,2026091603,5000,loss,candidate_minus_reference; negative difference favors candidate,"paired demand-path sampling, excluding generation variation"
exp_regime095_fixed6,self_evolve_h200_r1,constant_order,steady,200,single_repeat,baseline_h200_constant_order,1,1,primary,200,200,True,1000,155.34171850893622,157.2783811876944,-1.9366626787581995,"[-2.4363078111323504, -1.4560833565289313]",1.2313597483223004,"[0.9350780543486016, 1.5318892052749042]",0.95,2026091603,5000,win,candidate_minus_reference; negative difference favors candidate,"paired demand-path sampling, excluding generation variation"
exp_regime095_fixed6,self_evolve_h200_r1,forecast_adaptive_pil,steady,200,single_repeat,baseline_h200_forecast_adaptive_pil,1,1,primary,200,200,True,1000,155.34171850893622,147.73312395515933,7.608594553776907,"[7.2585724397607905, 7.950114790870733]",-5.150229244516818,"[-5.359904183620739, -4.926248023126323]",0.95,2026091603,5000,loss,candidate_minus_reference; negative difference favors candidate,"paired demand-path sampling, excluding generation variation"
exp_regime095_fixed6,self_evolve_h200_r1,forecast_capped_base_stock,steady,200,single_repeat,baseline_h200_forecast_capped_base_stock,1,1,primary,200,200,True,1000,155.34171850893622,147.73654700208047,7.605171506855737,"[7.288492217913533, 7.909146689639585]",-5.14779292002043,"[-5.347114431633037, -4.941466834275105]",0.95,2026091603,5000,loss,candidate_minus_reference; negative difference favors candidate,"paired demand-path sampling, excluding generation variation"
exp_regime095_fixed6,self_evolve_h200_r1,pil_cop_continuation,steady,200,single_repeat,baseline_h200_pil_cop_continuation,1,1,primary,200,200,True,1000,155.34171850893622,150.40405823788498,4.937660271051227,"[4.719964076765724, 5.155662509056166]",-3.2829302140515684,"[-3.4364620847925913, -3.1285310425998927]",0.95,2026091603,5000,loss,candidate_minus_reference; negative difference favors candidate,"paired demand-path sampling, excluding generation variation"
exp_regime095_fixed6,self_evolve_h200_r1,base_stock,steady,500,single_repeat,baseline_h200_base_stock,1,1,primary,200,200,True,1000,156.56530028943573,158.26345305230532,-1.6981527628695845,"[-1.8857771361122502, -1.507937867556144]",1.0729910981459287,"[0.9567258541198991, 1.1846164483906574]",0.95,2026091603,5000,win,candidate_minus_reference; negative difference favors candidate,"paired demand-path sampling, excluding generation variation"
exp_regime095_fixed6,self_evolve_h200_r1,capped_base_stock,steady,500,single_repeat,baseline_h200_capped_base_stock,1,1,primary,200,200,True,1000,156.56530028943573,155.21717833215789,1.3481219572778091,"[1.1226432203229857, 1.5711213859299433]",-0.8685391473828488,"[-1.0184197236727264, -0.7187642703488231]",0.95,2026091603,5000,loss,candidate_minus_reference; negative difference favors candidate,"paired demand-path sampling, excluding generation variation"
exp_regime095_fixed6,self_evolve_h200_r1,conditional_pil,steady,500,single_repeat,baseline_h200_conditional_pil,1,1,primary,200,200,True,1000,156.56530028943573,151.45707902300418,5.108221266431507,"[4.967538084180809, 5.246581779325301]",-3.3727187262443348,"[-3.4694453119109268, -3.2761830593887598]",0.95,2026091603,5000,loss,candidate_minus_reference; negative difference favors candidate,"paired demand-path sampling, excluding generation variation"
exp_regime095_fixed6,self_evolve_h200_r1,constant_order,steady,500,single_repeat,baseline_h200_constant_order,1,1,primary,200,200,True,1000,156.56530028943573,158.47880309291438,-1.9135028034786692,"[-2.2294358916524883, -1.598994308973689]",1.2074187627204531,"[1.0158242575510497, 1.3971511472832614]",0.95,2026091603,5000,win,candidate_minus_reference; negative difference favors candidate,"paired demand-path sampling, excluding generation variation"
exp_regime095_fixed6,self_evolve_h200_r1,forecast_adaptive_pil,steady,500,single_repeat,baseline_h200_forecast_adaptive_pil,1,1,primary,200,200,True,1000,156.56530028943573,148.9084124609371,7.6568878284986415,"[7.428647818928247, 7.884177180631518]",-5.142011590854384,"[-5.280986941302135, -4.995987858433813]",0.95,2026091603,5000,loss,candidate_minus_reference; negative difference favors candidate,"paired demand-path sampling, excluding generation variation"
exp_regime095_fixed6,self_evolve_h200_r1,forecast_capped_base_stock,steady,500,single_repeat,baseline_h200_forecast_capped_base_stock,1,1,primary,200,200,True,1000,156.56530028943573,148.9305125708728,7.634787718562922,"[7.43251171033427, 7.830467432649292]",-5.1264093480707675,"[-5.251238586587628, -4.996192943248257]",0.95,2026091603,5000,loss,candidate_minus_reference; negative difference favors candidate,"paired demand-path sampling, excluding generation variation"
exp_regime095_fixed6,self_evolve_h200_r1,pil_cop_continuation,steady,500,single_repeat,baseline_h200_pil_cop_continuation,1,1,primary,200,200,True,1000,156.56530028943573,151.45707902300418,5.108221266431507,"[4.967538084180809, 5.246581779325301]",-3.3727187262443348,"[-3.4694453119109268, -3.2761830593887598]",0.95,2026091603,5000,loss,candidate_minus_reference; negative difference favors candidate,"paired demand-path sampling, excluding generation variation"
exp_regime095_fixed6,self_evolve_h200_r1,base_stock,cold_start,50,single_repeat,baseline_h200_base_stock,1,1,primary,200,200,True,1000,168.1833707923634,169.61862432716512,-1.4352535348017605,"[-2.013312081674418, -0.8656860056114866]",0.8461650602904077,"[0.5175582167913684, 1.172187317317702]",0.95,2026091603,5000,win,candidate_minus_reference; negative difference favors candidate,"paired demand-path sampling, excluding generation variation"
exp_regime095_fixed6,self_evolve_h200_r1,capped_base_stock,cold_start,50,single_repeat,baseline_h200_capped_base_stock,1,1,primary,200,200,True,1000,168.1833707923634,159.6998611628535,8.483509629509873,"[7.676680519944088, 9.261059391032012]",-5.312158425021344,"[-5.925776250541232, -4.715106805056603]",0.95,2026091603,5000,loss,candidate_minus_reference; negative difference favors candidate,"paired demand-path sampling, excluding generation variation"
exp_regime095_fixed6,self_evolve_h200_r1,conditional_pil,cold_start,50,single_repeat,baseline_h200_conditional_pil,1,1,primary,200,200,True,1000,168.1833707923634,155.86113898479357,12.322231807569835,"[11.810997756283031, 12.818258570021495]",-7.905903862778804,"[-8.339118379414368, -7.479616476693597]",0.95,2026091603,5000,loss,candidate_minus_reference; negative difference favors candidate,"paired demand-path sampling, excluding generation variation"
exp_regime095_fixed6,self_evolve_h200_r1,constant_order,cold_start,50,single_repeat,baseline_h200_constant_order,1,1,primary,200,200,True,1000,168.1833707923634,162.4113642772914,5.772006515071958,"[4.750102320071447, 6.782867437546888]",-3.5539425093537362,"[-4.271003492873539, -2.862223528625064]",0.95,2026091603,5000,loss,candidate_minus_reference; negative difference favors candidate,"paired demand-path sampling, excluding generation variation"
exp_regime095_fixed6,self_evolve_h200_r1,forecast_adaptive_pil,cold_start,50,single_repeat,baseline_h200_forecast_adaptive_pil,1,1,primary,200,200,True,1000,168.1833707923634,152.827959560466,15.355411231897394,"[14.698274728501758, 15.98820752532254]",-10.047514392039018,"[-10.501503626794213, -9.604677757213281]",0.95,2026091603,5000,loss,candidate_minus_reference; negative difference favors candidate,"paired demand-path sampling, excluding generation variation"
exp_regime095_fixed6,self_evolve_h200_r1,forecast_capped_base_stock,cold_start,50,single_repeat,baseline_h200_forecast_capped_base_stock,1,1,primary,200,200,True,1000,168.1833707923634,153.09896230050776,15.084408491855589,"[14.473400850304717, 15.677426585253457]",-9.8527176573852,"[-10.322791015403958, -9.401212006963574]",0.95,2026091603,5000,loss,candidate_minus_reference; negative difference favors candidate,"paired demand-path sampling, excluding generation variation"
exp_regime095_fixed6,self_evolve_h200_r1,pil_cop_continuation,cold_start,50,single_repeat,baseline_h200_pil_cop_continuation,1,1,primary,200,200,True,1000,168.1833707923634,155.86113898479357,12.322231807569835,"[11.810997756283031, 12.818258570021495]",-7.905903862778804,"[-8.339118379414368, -7.479616476693597]",0.95,2026091603,5000,loss,candidate_minus_reference; negative difference favors candidate,"paired demand-path sampling, excluding generation variation"
exp_regime095_fixed6,self_evolve_h200_r1,base_stock,cold_start,100,single_repeat,baseline_h200_base_stock,1,1,primary,200,200,True,1000,163.03041470089212,164.50072760372535,-1.4703129028332573,"[-1.896539130433582, -1.035044285075612]",0.893803282363069,"[0.6363496264391421, 1.1391051723181063]",0.95,2026091603,5000,win,candidate_minus_reference; negative difference favors candidate,"paired demand-path sampling, excluding generation variation"
exp_regime095_fixed6,self_evolve_h200_r1,capped_base_stock,cold_start,100,single_repeat,baseline_h200_capped_base_stock,1,1,primary,200,200,True,1000,163.03041470089212,157.7301087674242,5.300305933467893,"[4.77115205309778, 5.828629444492948]",-3.3603640895748725,"[-3.7497983330684947, -2.982495247125911]",0.95,2026091603,5000,loss,candidate_minus_reference; negative difference favors candidate,"paired demand-path sampling, excluding generation variation"
exp_regime095_fixed6,self_evolve_h200_r1,conditional_pil,cold_start,100,single_repeat,baseline_h200_conditional_pil,1,1,primary,200,200,True,1000,163.03041470089212,153.94358487323922,9.086829827652902,"[8.752263787567712, 9.399999439748072]",-5.902701197412816,"[-6.149268992649547, -5.6431940696119955]",0.95,2026091603,5000,loss,candidate_minus_reference; negative difference favors candidate,"paired demand-path sampling, excluding generation variation"
exp_regime095_fixed6,self_evolve_h200_r1,constant_order,cold_start,100,single_repeat,baseline_h200_constant_order,1,1,primary,200,200,True,1000,163.03041470089212,160.6489090321355,2.381505668756604,"[1.6609642731927576, 3.102932058950435]",-1.4824287840512165,"[-1.961241317212991, -1.0194092729485749]",0.95,2026091603,5000,loss,candidate_minus_reference; negative difference favors candidate,"paired demand-path sampling, excluding generation variation"
exp_regime095_fixed6,self_evolve_h200_r1,forecast_adaptive_pil,cold_start,100,single_repeat,baseline_h200_forecast_adaptive_pil,1,1,primary,200,200,True,1000,163.03041470089212,151.3539162508515,11.676498450040604,"[11.167079180027814, 12.16475778287664]",-7.714698594708428,"[-8.01871185765301, -7.38950928013294]",0.95,2026091603,5000,loss,candidate_minus_reference; negative difference favors candidate,"paired demand-path sampling, excluding generation variation"
exp_regime095_fixed6,self_evolve_h200_r1,forecast_capped_base_stock,cold_start,100,single_repeat,baseline_h200_forecast_capped_base_stock,1,1,primary,200,200,True,1000,163.03041470089212,151.43916539912115,11.591249301770942,"[11.131814303173977, 12.028331003109594]",-7.654063115853806,"[-7.957142887579545, -7.348678060741172]",0.95,2026091603,5000,loss,candidate_minus_reference; negative difference favors candidate,"paired demand-path sampling, excluding generation variation"
exp_regime095_fixed6,self_evolve_h200_r1,pil_cop_continuation,cold_start,100,single_repeat,baseline_h200_pil_cop_continuation,1,1,primary,200,200,True,1000,163.03041470089212,153.94358487323922,9.086829827652902,"[8.752263787567712, 9.399999439748072]",-5.902701197412816,"[-6.149268992649547, -5.6431940696119955]",0.95,2026091603,5000,loss,candidate_minus_reference; negative difference favors candidate,"paired demand-path sampling, excluding generation variation"
exp_regime095_fixed6,self_evolve_h200_r1,base_stock,cold_start,200,single_repeat,baseline_h200_base_stock,1,1,primary,200,200,True,1000,159.91181680928713,161.3940675618446,-1.4822507525574988,"[-1.7888638999818827, -1.1695889696046229]",0.9184047313198043,"[0.7290208033436607, 1.1010928486003306]",0.95,2026091603,5000,win,candidate_minus_reference; negative difference favors candidate,"paired demand-path sampling, excluding generation variation"
exp_regime095_fixed6,self_evolve_h200_r1,capped_base_stock,cold_start,200,single_repeat,baseline_h200_capped_base_stock,1,1,primary,200,200,True,1000,159.91181680928713,156.4740545548756,3.437762254411489,"[3.074207842597933, 3.8069148156341823]",-2.197017431542235,"[-2.4612315554708193, -1.944728020418814]",0.95,2026091603,5000,loss,candidate_minus_reference; negative difference favors candidate,"paired demand-path sampling, excluding generation variation"
exp_regime095_fixed6,self_evolve_h200_r1,conditional_pil,cold_start,200,single_repeat,baseline_h200_conditional_pil,1,1,primary,200,200,True,1000,159.91181680928713,152.82221582468162,7.089600984605479,"[6.859365482510132, 7.313417843067551]",-4.639116732045513,"[-4.805999752080311, -4.4678880878688565]",0.95,2026091603,5000,loss,candidate_minus_reference; negative difference favors candidate,"paired demand-path sampling, excluding generation variation"
exp_regime095_fixed6,self_evolve_h200_r1,constant_order,cold_start,200,single_repeat,baseline_h200_constant_order,1,1,primary,200,200,True,1000,159.91181680928713,159.42550477127813,0.4863120380089731,"[-0.03176162632164232, 1.0082599163523303]",-0.30504029998631504,"[-0.6411513922354833, 0.02000323125728878]",0.95,2026091603,5000,inconclusive,candidate_minus_reference; negative difference favors candidate,"paired demand-path sampling, excluding generation variation"
exp_regime095_fixed6,self_evolve_h200_r1,forecast_adaptive_pil,cold_start,200,single_repeat,baseline_h200_forecast_adaptive_pil,1,1,primary,200,200,True,1000,159.91181680928713,150.42978253038748,9.48203427889962,"[9.13501973690828, 9.847430740616137]",-6.303295876256574,"[-6.52849431859816, -6.077386205420275]",0.95,2026091603,5000,loss,candidate_minus_reference; negative difference favors candidate,"paired demand-path sampling, excluding generation variation"
exp_regime095_fixed6,self_evolve_h200_r1,forecast_capped_base_stock,cold_start,200,single_repeat,baseline_h200_forecast_capped_base_stock,1,1,primary,200,200,True,1000,159.91181680928713,150.45369132053557,9.458125488751536,"[9.137890894465713, 9.781384670627782]",-6.286403082395236,"[-6.502083234372821, -6.070830818517891]",0.95,2026091603,5000,loss,candidate_minus_reference; negative difference favors candidate,"paired demand-path sampling, excluding generation variation"
exp_regime095_fixed6,self_evolve_h200_r1,pil_cop_continuation,cold_start,200,single_repeat,baseline_h200_pil_cop_continuation,1,1,primary,200,200,True,1000,159.91181680928713,152.82221582468162,7.089600984605479,"[6.859365482510132, 7.313417843067551]",-4.639116732045513,"[-4.805999752080311, -4.4678880878688565]",0.95,2026091603,5000,loss,candidate_minus_reference; negative difference favors candidate,"paired demand-path sampling, excluding generation variation"
exp_regime095_fixed6,self_evolve_h200_r1,base_stock,cold_start,500,single_repeat,baseline_h200_base_stock,1,1,primary,200,200,True,1000,158.3938507140518,159.84452234486193,-1.4506716308101628,"[-1.6527722443273998, -1.2466792764673167]",0.9075516692904373,"[0.784803287486858, 1.0282810382826875]",0.95,2026091603,5000,win,candidate_minus_reference; negative difference favors candidate,"paired demand-path sampling, excluding generation variation"
exp_regime095_fixed6,self_evolve_h200_r1,capped_base_stock,cold_start,500,single_repeat,baseline_h200_capped_base_stock,1,1,primary,200,200,True,1000,158.3938507140518,156.04266093262635,2.3511897814254246,"[2.118166420046195, 2.5901006441543037]",-1.506760886653055,"[-1.6705259201280518, -1.3484861908791521]",0.95,2026091603,5000,loss,candidate_minus_reference; negative difference favors candidate,"paired demand-path sampling, excluding generation variation"
exp_regime095_fixed6,self_evolve_h200_r1,conditional_pil,cold_start,500,single_repeat,baseline_h200_conditional_pil,1,1,primary,200,200,True,1000,158.3938507140518,152.3826686139565,6.011182100095301,"[5.868004162978011, 6.156415818249508]",-3.9447938238461564,"[-4.047497899122469, -3.8453172826899014]",0.95,2026091603,5000,loss,candidate_minus_reference; negative difference favors candidate,"paired demand-path sampling, excluding generation variation"
exp_regime095_fixed6,self_evolve_h200_r1,constant_order,cold_start,500,single_repeat,baseline_h200_constant_order,1,1,primary,200,200,True,1000,158.3938507140518,159.1911648810862,-0.7973141670344075,"[-1.122634985902811, -0.46411934126355714]",0.500853277648901,"[0.2937899799983116, 0.7005733783869919]",0.95,2026091603,5000,win,candidate_minus_reference; negative difference favors candidate,"paired demand-path sampling, excluding generation variation"
exp_regime095_fixed6,self_evolve_h200_r1,forecast_adaptive_pil,cold_start,500,single_repeat,baseline_h200_forecast_adaptive_pil,1,1,primary,200,200,True,1000,158.3938507140518,150.07116326955432,8.322687444497472,"[8.091863715551138, 8.554154759275367]",-5.545827235008816,"[-5.687151424261132, -5.40470654948231]",0.95,2026091603,5000,loss,candidate_minus_reference; negative difference favors candidate,"paired demand-path sampling, excluding generation variation"
exp_regime095_fixed6,self_evolve_h200_r1,forecast_capped_base_stock,cold_start,500,single_repeat,baseline_h200_forecast_capped_base_stock,1,1,primary,200,200,True,1000,158.3938507140518,150.07616496624163,8.317685747810149,"[8.113244407758035, 8.523266610158723]",-5.542309633032779,"[-5.672438010340309, -5.412103054948836]",0.95,2026091603,5000,loss,candidate_minus_reference; negative difference favors candidate,"paired demand-path sampling, excluding generation variation"
exp_regime095_fixed6,self_evolve_h200_r1,pil_cop_continuation,cold_start,500,single_repeat,baseline_h200_pil_cop_continuation,1,1,primary,200,200,True,1000,158.3938507140518,152.3826686139565,6.011182100095301,"[5.868004162978011, 6.156415818249508]",-3.9447938238461564,"[-4.047497899122469, -3.8453172826899014]",0.95,2026091603,5000,loss,candidate_minus_reference; negative difference favors candidate,"paired demand-path sampling, excluding generation variation"
exp_regime095_fixed6,self_evolve_h200_r2,base_stock,steady,50,single_repeat,baseline_h200_base_stock,2,1,primary,200,200,True,1000,151.36032034422317,156.27093964250042,-4.9106192982772265,"[-5.403427365333516, -4.418366903601511]",3.142375229528428,"[2.850797949213066, 3.423707864562617]",0.95,2026091603,5000,win,candidate_minus_reference; negative difference favors candidate,"paired demand-path sampling, excluding generation variation"
exp_regime095_fixed6,self_evolve_h200_r2,capped_base_stock,steady,50,single_repeat,baseline_h200_capped_base_stock,2,1,primary,200,200,True,1000,151.36032034422317,153.19844754556328,-1.838127201340079,"[-2.3835827351402274, -1.295600632320448]",1.199834091525915,"[0.8609944415924885, 1.5301544887372736]",0.95,2026091603,5000,win,candidate_minus_reference; negative difference favors candidate,"paired demand-path sampling, excluding generation variation"
exp_regime095_fixed6,self_evolve_h200_r2,conditional_pil,steady,50,single_repeat,baseline_h200_conditional_pil,2,1,primary,200,200,True,1000,151.36032034422317,149.54506016809722,1.8152601761259697,"[1.4730844162661065, 2.159961372924136]",-1.2138549906533118,"[-1.436285714616791, -0.9894033820369774]",0.95,2026091603,5000,loss,candidate_minus_reference; negative difference favors candidate,"paired demand-path sampling, excluding generation variation"
exp_regime095_fixed6,self_evolve_h200_r2,constant_order,steady,50,single_repeat,baseline_h200_constant_order,2,1,primary,200,200,True,1000,151.36032034422317,156.3362700966708,-4.975949752447607,"[-5.7974780646628945, -4.163099961644026]",3.1828504987171216,"[2.716320520243949, 3.642533429635529]",0.95,2026091603,5000,win,candidate_minus_reference; negative difference favors candidate,"paired demand-path sampling, excluding generation variation"
exp_regime095_fixed6,self_evolve_h200_r2,forecast_adaptive_pil,steady,50,single_repeat,baseline_h200_forecast_adaptive_pil,2,1,primary,200,200,True,1000,151.36032034422317,146.72104944338335,4.639270900839826,"[3.8953188139497184, 5.375523188806988]",-3.161966819648477,"[-3.6470316062157586, -2.6748192691413935]",0.95,2026091603,5000,loss,candidate_minus_reference; negative difference favors candidate,"paired demand-path sampling, excluding generation variation"
exp_regime095_fixed6,self_evolve_h200_r2,forecast_capped_base_stock,steady,50,single_repeat,baseline_h200_forecast_capped_base_stock,2,1,primary,200,200,True,1000,151.36032034422317,146.6480239803272,4.712296363896002,"[4.0449728762539054, 5.378319945713636]",-3.2133377838954904,"[-3.6518864308166266, -2.7741591427928998]",0.95,2026091603,5000,loss,candidate_minus_reference; negative difference favors candidate,"paired demand-path sampling, excluding generation variation"
exp_regime095_fixed6,self_evolve_h200_r2,pil_cop_continuation,steady,50,single_repeat,baseline_h200_pil_cop_continuation,2,1,primary,200,200,True,1000,151.36032034422317,149.54506016809722,1.8152601761259697,"[1.4730844162661065, 2.159961372924136]",-1.2138549906533118,"[-1.436285714616791, -0.9894033820369774]",0.95,2026091603,5000,loss,candidate_minus_reference; negative difference favors candidate,"paired demand-path sampling, excluding generation variation"
exp_regime095_fixed6,self_evolve_h200_r2,base_stock,steady,100,single_repeat,baseline_h200_base_stock,2,1,primary,200,200,True,1000,151.56339736264692,156.51044565054005,-4.947048287893127,"[-5.287822537875147, -4.596786381810338]",3.160842247512989,"[2.957290172841623, 3.354069573323721]",0.95,2026091603,5000,win,candidate_minus_reference; negative difference favors candidate,"paired demand-path sampling, excluding generation variation"
exp_regime095_fixed6,self_evolve_h200_r2,capped_base_stock,steady,100,single_repeat,baseline_h200_capped_base_stock,2,1,primary,200,200,True,1000,151.56339736264692,153.39044454729284,-1.827047184645902,"[-2.2170341017622817, -1.4468167079603336]",1.1911088660301854,"[0.9532730331138296, 1.4244794960990368]",0.95,2026091603,5000,win,candidate_minus_reference; negative difference favors candidate,"paired demand-path sampling, excluding generation variation"
exp_regime095_fixed6,self_evolve_h200_r2,conditional_pil,steady,100,single_repeat,baseline_h200_conditional_pil,2,1,primary,200,200,True,1000,151.56339736264692,149.76653792443423,1.796859438212687,"[1.5559519537573354, 2.029808029947909]",-1.19977363643093,"[-1.354362020941067, -1.0404999605997252]",0.95,2026091603,5000,loss,candidate_minus_reference; negative difference favors candidate,"paired demand-path sampling, excluding generation variation"
exp_regime095_fixed6,self_evolve_h200_r2,constant_order,steady,100,single_repeat,baseline_h200_constant_order,2,1,primary,200,200,True,1000,151.56339736264692,156.55121254432888,-4.987815181681956,"[-5.584412845357647, -4.406396084284809]",3.18605975681575,"[2.853938957964521, 3.516742382514506]",0.95,2026091603,5000,win,candidate_minus_reference; negative difference favors candidate,"paired demand-path sampling, excluding generation variation"
exp_regime095_fixed6,self_evolve_h200_r2,forecast_adaptive_pil,steady,100,single_repeat,baseline_h200_forecast_adaptive_pil,2,1,primary,200,200,True,1000,151.56339736264692,146.98599621990755,4.577401142739385,"[4.043450969215155, 5.099629406989708]",-3.1141749965697887,"[-3.4543067981020865, -2.758606025663673]",0.95,2026091603,5000,loss,candidate_minus_reference; negative difference favors candidate,"paired demand-path sampling, excluding generation variation"
exp_regime095_fixed6,self_evolve_h200_r2,forecast_capped_base_stock,steady,100,single_repeat,baseline_h200_forecast_capped_base_stock,2,1,primary,200,200,True,1000,151.56339736264692,146.95032823672216,4.6130691259247545,"[4.138606350954961, 5.079530864854801]",-3.1392030091239933,"[-3.4438601343098942, -2.8225100668936456]",0.95,2026091603,5000,loss,candidate_minus_reference; negative difference favors candidate,"paired demand-path sampling, excluding generation variation"
exp_regime095_fixed6,self_evolve_h200_r2,pil_cop_continuation,steady,100,single_repeat,baseline_h200_pil_cop_continuation,2,1,primary,200,200,True,1000,151.56339736264692,149.76653792443423,1.796859438212687,"[1.5559519537573354, 2.029808029947909]",-1.19977363643093,"[-1.354362020941067, -1.0404999605997252]",0.95,2026091603,5000,loss,candidate_minus_reference; negative difference favors candidate,"paired demand-path sampling, excluding generation variation"
exp_regime095_fixed6,self_evolve_h200_r2,base_stock,steady,200,single_repeat,baseline_h200_base_stock,2,1,primary,200,200,True,1000,152.2143080702684,157.10290725261046,-4.888599182342041,"[-5.1437793736955, -4.627965029721703]",3.1117178337645512,"[2.967901880948593, 3.2554424580625243]",0.95,2026091603,5000,win,candidate_minus_reference; negative difference favors candidate,"paired demand-path sampling, excluding generation variation"
exp_regime095_fixed6,self_evolve_h200_r2,capped_base_stock,steady,200,single_repeat,baseline_h200_capped_base_stock,2,1,primary,200,200,True,1000,152.2143080702684,154.05479818545834,-1.840490115189934,"[-2.1388688565829286, -1.546829129336395]",1.194698339076897,"[1.0155264056988573, 1.3730565705406592]",0.95,2026091603,5000,win,candidate_minus_reference; negative difference favors candidate,"paired demand-path sampling, excluding generation variation"
exp_regime095_fixed6,self_evolve_h200_r2,conditional_pil,steady,200,single_repeat,baseline_h200_conditional_pil,2,1,primary,200,200,True,1000,152.2143080702684,150.40405823788498,1.8102498323834126,"[1.6380226218207457, 1.9897106292896631]",-1.2035910823099316,"[-1.3223645355918074, -1.08880575749625]",0.95,2026091603,5000,loss,candidate_minus_reference; negative difference favors candidate,"paired demand-path sampling, excluding generation variation"
exp_regime095_fixed6,self_evolve_h200_r2,constant_order,steady,200,single_repeat,baseline_h200_constant_order,2,1,primary,200,200,True,1000,152.2143080702684,157.2783811876944,-5.0640731174260125,"[-5.517154836818088, -4.640644064495218]",3.21981513236876,"[2.9813573190930063, 3.468039134321633]",0.95,2026091603,5000,win,candidate_minus_reference; negative difference favors candidate,"paired demand-path sampling, excluding generation variation"
exp_regime095_fixed6,self_evolve_h200_r2,forecast_adaptive_pil,steady,200,single_repeat,baseline_h200_forecast_adaptive_pil,2,1,primary,200,200,True,1000,152.2143080702684,147.73312395515933,4.481184115109093,"[4.087479207103375, 4.859303583901371]",-3.033296795693039,"[-3.278905745398311, -2.782138216445408]",0.95,2026091603,5000,loss,candidate_minus_reference; negative difference favors candidate,"paired demand-path sampling, excluding generation variation"
exp_regime095_fixed6,self_evolve_h200_r2,forecast_capped_base_stock,steady,200,single_repeat,baseline_h200_forecast_capped_base_stock,2,1,primary,200,200,True,1000,152.2143080702684,147.73654700208047,4.477761068187923,"[4.132369618929628, 4.817500400608273]",-3.03090952039435,"[-3.2520451712705403, -2.8041968048151213]",0.95,2026091603,5000,loss,candidate_minus_reference; negative difference favors candidate,"paired demand-path sampling, excluding generation variation"
exp_regime095_fixed6,self_evolve_h200_r2,pil_cop_continuation,steady,200,single_repeat,baseline_h200_pil_cop_continuation,2,1,primary,200,200,True,1000,152.2143080702684,150.40405823788498,1.8102498323834126,"[1.6380226218207457, 1.9897106292896631]",-1.2035910823099316,"[-1.3223645355918074, -1.08880575749625]",0.95,2026091603,5000,loss,candidate_minus_reference; negative difference favors candidate,"paired demand-path sampling, excluding generation variation"
exp_regime095_fixed6,self_evolve_h200_r2,base_stock,steady,500,single_repeat,baseline_h200_base_stock,2,1,primary,200,200,True,1000,153.31890422991185,158.26345305230532,-4.944548822393442,"[-5.10883729758585, -4.778731043847607]",3.124251826326146,"[3.0315935629394093, 3.217255060134482]",0.95,2026091603,5000,win,candidate_minus_reference; negative difference favors candidate,"paired demand-path sampling, excluding generation variation"
exp_regime095_fixed6,self_evolve_h200_r2,capped_base_stock,steady,500,single_repeat,baseline_h200_capped_base_stock,2,1,primary,200,200,True,1000,153.31890422991185,155.21717833215789,-1.8982741022460492,"[-2.0842021708763645, -1.715832450810875]",1.2229793909690925,"[1.112539061046392, 1.334756570862092]",0.95,2026091603,5000,win,candidate_minus_reference; negative difference favors candidate,"paired demand-path sampling, excluding generation variation"
exp_regime095_fixed6,self_evolve_h200_r2,conditional_pil,steady,500,single_repeat,baseline_h200_conditional_pil,2,1,primary,200,200,True,1000,153.31890422991185,151.45707902300418,1.8618252069076495,"[1.752968517656295, 1.9716144713480386]",-1.2292757914767936,"[-1.3012391064027988, -1.1580711435202975]",0.95,2026091603,5000,loss,candidate_minus_reference; negative difference favors candidate,"paired demand-path sampling, excluding generation variation"
exp_regime095_fixed6,self_evolve_h200_r2,constant_order,steady,500,single_repeat,baseline_h200_constant_order,2,1,primary,200,200,True,1000,153.31890422991185,158.47880309291438,-5.159898863002527,"[-5.4337684175732255, -4.880644902522788]",3.2558921207761347,"[3.102646896104745, 3.4059693474708284]",0.95,2026091603,5000,win,candidate_minus_reference; negative difference favors candidate,"paired demand-path sampling, excluding generation variation"
exp_regime095_fixed6,self_evolve_h200_r2,forecast_adaptive_pil,steady,500,single_repeat,baseline_h200_forecast_adaptive_pil,2,1,primary,200,200,True,1000,153.31890422991185,148.9084124609371,4.410491768974784,"[4.1639007114235875, 4.657549690623875]",-2.9618822040237403,"[-3.1210738871787944, -2.800392287423729]",0.95,2026091603,5000,loss,candidate_minus_reference; negative difference favors candidate,"paired demand-path sampling, excluding generation variation"
exp_regime095_fixed6,self_evolve_h200_r2,forecast_capped_base_stock,steady,500,single_repeat,baseline_h200_forecast_capped_base_stock,2,1,primary,200,200,True,1000,153.31890422991185,148.9305125708728,4.388391659039064,"[4.170436312572084, 4.607786854817681]",-2.9466034751949963,"[-3.085026900822789, -2.804636207895102]",0.95,2026091603,5000,loss,candidate_minus_reference; negative difference favors candidate,"paired demand-path sampling, excluding generation variation"
exp_regime095_fixed6,self_evolve_h200_r2,pil_cop_continuation,steady,500,single_repeat,baseline_h200_pil_cop_continuation,2,1,primary,200,200,True,1000,153.31890422991185,151.45707902300418,1.8618252069076495,"[1.752968517656295, 1.9716144713480386]",-1.2292757914767936,"[-1.3012391064027988, -1.1580711435202975]",0.95,2026091603,5000,loss,candidate_minus_reference; negative difference favors candidate,"paired demand-path sampling, excluding generation variation"
exp_regime095_fixed6,self_evolve_h200_r2,base_stock,cold_start,50,single_repeat,baseline_h200_base_stock,2,1,primary,200,200,True,1000,159.9904845829368,169.61862432716512,-9.628139744228347,"[-10.186696046878117, -9.079936574623625]",5.6763458508290325,"[5.394688531263923, 5.955063322829748]",0.95,2026091603,5000,win,candidate_minus_reference; negative difference favors candidate,"paired demand-path sampling, excluding generation variation"
exp_regime095_fixed6,self_evolve_h200_r2,capped_base_stock,cold_start,50,single_repeat,baseline_h200_capped_base_stock,2,1,primary,200,200,True,1000,159.9904845829368,159.6998611628535,0.290623420083288,"[-0.4366802567598298, 0.9809939981543814]",-0.1819810098563232,"[-0.6268560365376272, 0.26533158060987666]",0.95,2026091603,5000,inconclusive,candidate_minus_reference; negative difference favors candidate,"paired demand-path sampling, excluding generation variation"
exp_regime095_fixed6,self_evolve_h200_r2,conditional_pil,cold_start,50,single_repeat,baseline_h200_conditional_pil,2,1,primary,200,200,True,1000,159.9904845829368,155.86113898479357,4.129345598143251,"[3.7174740858954354, 4.549441236115276]",-2.6493747094624447,"[-2.9454662416038904, -2.361887134715349]",0.95,2026091603,5000,loss,candidate_minus_reference; negative difference favors candidate,"paired demand-path sampling, excluding generation variation"
exp_regime095_fixed6,self_evolve_h200_r2,constant_order,cold_start,50,single_repeat,baseline_h200_constant_order,2,1,primary,200,200,True,1000,159.9904845829368,162.4113642772914,-2.420879694354629,"[-3.4071415508055933, -1.4826709130698879]",1.4905851601747104,"[0.9347014840485305, 2.0489338632832395]",0.95,2026091603,5000,win,candidate_minus_reference; negative difference favors candidate,"paired demand-path sampling, excluding generation variation"
exp_regime095_fixed6,self_evolve_h200_r2,forecast_adaptive_pil,cold_start,50,single_repeat,baseline_h200_forecast_adaptive_pil,2,1,primary,200,200,True,1000,159.9904845829368,152.827959560466,7.162525022470807,"[6.437751040814609, 7.907362139714017]",-4.686658804495098,"[-5.159778763733865, -4.212350261742195]",0.95,2026091603,5000,loss,candidate_minus_reference; negative difference favors candidate,"paired demand-path sampling, excluding generation variation"
exp_regime095_fixed6,self_evolve_h200_r2,forecast_capped_base_stock,cold_start,50,single_repeat,baseline_h200_forecast_capped_base_stock,2,1,primary,200,200,True,1000,159.9904845829368,153.09896230050776,6.891522282429002,"[6.200405606604319, 7.574792161802266]",-4.501351399692786,"[-4.960238019167637, -4.036304670916811]",0.95,2026091603,5000,loss,candidate_minus_reference; negative difference favors candidate,"paired demand-path sampling, excluding generation variation"
exp_regime095_fixed6,self_evolve_h200_r2,pil_cop_continuation,cold_start,50,single_repeat,baseline_h200_pil_cop_continuation,2,1,primary,200,200,True,1000,159.9904845829368,155.86113898479357,4.129345598143251,"[3.7174740858954354, 4.549441236115276]",-2.6493747094624447,"[-2.9454662416038904, -2.361887134715349]",0.95,2026091603,5000,loss,candidate_minus_reference; negative difference favors candidate,"paired demand-path sampling, excluding generation variation"
exp_regime095_fixed6,self_evolve_h200_r2,base_stock,cold_start,100,single_repeat,baseline_h200_base_stock,2,1,primary,200,200,True,1000,157.06296936124753,164.50072760372535,-7.437758242477832,"[-7.830810194588242, -7.034848965748184]",4.521413583285201,"[4.31103748875296, 4.724988885698644]",0.95,2026091603,5000,win,candidate_minus_reference; negative difference favors candidate,"paired demand-path sampling, excluding generation variation"
exp_regime095_fixed6,self_evolve_h200_r2,capped_base_stock,cold_start,100,single_repeat,baseline_h200_capped_base_stock,2,1,primary,200,200,True,1000,157.06296936124753,157.7301087674242,-0.6671394061766814,"[-1.1358983699773586, -0.20964156235689874]",0.4229626235536274,"[0.1341444007601395, 0.7079158780102035]",0.95,2026091603,5000,win,candidate_minus_reference; negative difference favors candidate,"paired demand-path sampling, excluding generation variation"
exp_regime095_fixed6,self_evolve_h200_r2,conditional_pil,cold_start,100,single_repeat,baseline_h200_conditional_pil,2,1,primary,200,200,True,1000,157.06296936124753,153.94358487323922,3.119384488008329,"[2.8542742716608505, 3.382820470039302]",-2.026316647476335,"[-2.203089215174722, -1.8465927406647793]",0.95,2026091603,5000,loss,candidate_minus_reference; negative difference favors candidate,"paired demand-path sampling, excluding generation variation"
exp_regime095_fixed6,self_evolve_h200_r2,constant_order,cold_start,100,single_repeat,baseline_h200_constant_order,2,1,primary,200,200,True,1000,157.06296936124753,160.6489090321355,-3.5859396708879703,"[-4.247616618268148, -2.9293677183037192]",2.2321593669650452,"[1.8558331697191262, 2.605487613206482]",0.95,2026091603,5000,win,candidate_minus_reference; negative difference favors candidate,"paired demand-path sampling, excluding generation variation"
exp_regime095_fixed6,self_evolve_h200_r2,forecast_adaptive_pil,cold_start,100,single_repeat,baseline_h200_forecast_adaptive_pil,2,1,primary,200,200,True,1000,157.06296936124753,151.3539162508515,5.709053110396029,"[5.160041999337759, 6.228917435834444]",-3.7719890253344497,"[-4.103906588036154, -3.424694345994858]",0.95,2026091603,5000,loss,candidate_minus_reference; negative difference favors candidate,"paired demand-path sampling, excluding generation variation"
exp_regime095_fixed6,self_evolve_h200_r2,forecast_capped_base_stock,cold_start,100,single_repeat,baseline_h200_forecast_capped_base_stock,2,1,primary,200,200,True,1000,157.06296936124753,151.43916539912115,5.623803962126368,"[5.143693806104793, 6.099221664760651]",-3.7135730029313874,"[-4.024063098758346, -3.3976274981715755]",0.95,2026091603,5000,loss,candidate_minus_reference; negative difference favors candidate,"paired demand-path sampling, excluding generation variation"
exp_regime095_fixed6,self_evolve_h200_r2,pil_cop_continuation,cold_start,100,single_repeat,baseline_h200_pil_cop_continuation,2,1,primary,200,200,True,1000,157.06296936124753,153.94358487323922,3.119384488008329,"[2.8542742716608505, 3.382820470039302]",-2.026316647476335,"[-2.203089215174722, -1.8465927406647793]",0.95,2026091603,5000,loss,candidate_minus_reference; negative difference favors candidate,"paired demand-path sampling, excluding generation variation"
exp_regime095_fixed6,self_evolve_h200_r2,base_stock,cold_start,200,single_repeat,baseline_h200_base_stock,2,1,primary,200,200,True,1000,155.20829797200363,161.3940675618446,-6.185769589840973,"[-6.453664288256878, -5.912573603856076]",3.8327118730498775,"[3.684502838647457, 3.976209454761144]",0.95,2026091603,5000,win,candidate_minus_reference; negative difference favors candidate,"paired demand-path sampling, excluding generation variation"
exp_regime095_fixed6,self_evolve_h200_r2,capped_base_stock,cold_start,200,single_repeat,baseline_h200_capped_base_stock,2,1,primary,200,200,True,1000,155.20829797200363,156.4740545548756,-1.265756582871985,"[-1.5796326727362693, -0.9517789037217279]",0.808924256786655,"[0.6140971078263194, 1.0005215977637134]",0.95,2026091603,5000,win,candidate_minus_reference; negative difference favors candidate,"paired demand-path sampling, excluding generation variation"
exp_regime095_fixed6,self_evolve_h200_r2,conditional_pil,cold_start,200,single_repeat,baseline_h200_conditional_pil,2,1,primary,200,200,True,1000,155.20829797200363,152.82221582468162,2.386082147322005,"[2.20482647419392, 2.5670884288408193]",-1.5613450796050092,"[-1.679959691425857, -1.441271769630862]",0.95,2026091603,5000,loss,candidate_minus_reference; negative difference favors candidate,"paired demand-path sampling, excluding generation variation"
exp_regime095_fixed6,self_evolve_h200_r2,constant_order,cold_start,200,single_repeat,baseline_h200_constant_order,2,1,primary,200,200,True,1000,155.20829797200363,159.42550477127813,-4.217206799274501,"[-4.686355650732511, -3.758828306443567]",2.6452522796303914,"[2.3881476079507524, 2.90535752066938]",0.95,2026091603,5000,win,candidate_minus_reference; negative difference favors candidate,"paired demand-path sampling, excluding generation variation"
exp_regime095_fixed6,self_evolve_h200_r2,forecast_adaptive_pil,cold_start,200,single_repeat,baseline_h200_forecast_adaptive_pil,2,1,primary,200,200,True,1000,155.20829797200363,150.42978253038748,4.778515441616147,"[4.390345043813611, 5.1806319147638895]",-3.176575383701608,"[-3.434643197321846, -2.9312042701852485]",0.95,2026091603,5000,loss,candidate_minus_reference; negative difference favors candidate,"paired demand-path sampling, excluding generation variation"
exp_regime095_fixed6,self_evolve_h200_r2,forecast_capped_base_stock,cold_start,200,single_repeat,baseline_h200_forecast_capped_base_stock,2,1,primary,200,200,True,1000,155.20829797200363,150.45369132053557,4.754606651468062,"[4.409576928552918, 5.11904627094775]",-3.1601794610266936,"[-3.395129260379013, -2.933327471817801]",0.95,2026091603,5000,loss,candidate_minus_reference; negative difference favors candidate,"paired demand-path sampling, excluding generation variation"
exp_regime095_fixed6,self_evolve_h200_r2,pil_cop_continuation,cold_start,200,single_repeat,baseline_h200_pil_cop_continuation,2,1,primary,200,200,True,1000,155.20829797200363,152.82221582468162,2.386082147322005,"[2.20482647419392, 2.5670884288408193]",-1.5613450796050092,"[-1.679959691425857, -1.441271769630862]",0.95,2026091603,5000,loss,candidate_minus_reference; negative difference favors candidate,"paired demand-path sampling, excluding generation variation"
exp_regime095_fixed6,self_evolve_h200_r2,base_stock,cold_start,500,single_repeat,baseline_h200_base_stock,2,1,primary,200,200,True,1000,154.47356094084645,159.84452234486193,-5.370961404015472,"[-5.543985119616621, -5.202679275736098]",3.360116021009287,"[3.2672630597611105, 3.4550158512347116]",0.95,2026091603,5000,win,candidate_minus_reference; negative difference favors candidate,"paired demand-path sampling, excluding generation variation"
exp_regime095_fixed6,self_evolve_h200_r2,capped_base_stock,cold_start,500,single_repeat,baseline_h200_capped_base_stock,2,1,primary,200,200,True,1000,154.47356094084645,156.04266093262635,-1.569099991779885,"[-1.762768145870242, -1.373789934875321]",1.0055583405216184,"[0.8858100591577371, 1.1218887736102263]",0.95,2026091603,5000,win,candidate_minus_reference; negative difference favors candidate,"paired demand-path sampling, excluding generation variation"
exp_regime095_fixed6,self_evolve_h200_r2,conditional_pil,cold_start,500,single_repeat,baseline_h200_conditional_pil,2,1,primary,200,200,True,1000,154.47356094084645,152.3826686139565,2.090892326889991,"[1.9773020353374176, 2.2049305404358686]",-1.3721326354947792,"[-1.445646689344215, -1.2970945589682783]",0.95,2026091603,5000,loss,candidate_minus_reference; negative difference favors candidate,"paired demand-path sampling, excluding generation variation"
exp_regime095_fixed6,self_evolve_h200_r2,constant_order,cold_start,500,single_repeat,baseline_h200_constant_order,2,1,primary,200,200,True,1000,154.47356094084645,159.1911648810862,-4.717603940239717,"[-5.007260009700563, -4.4260922882549085]",2.9634835223196787,"[2.801563750591113, 3.121009282070949]",0.95,2026091603,5000,win,candidate_minus_reference; negative difference favors candidate,"paired demand-path sampling, excluding generation variation"
exp_regime095_fixed6,self_evolve_h200_r2,forecast_adaptive_pil,cold_start,500,single_repeat,baseline_h200_forecast_adaptive_pil,2,1,primary,200,200,True,1000,154.47356094084645,150.07116326955432,4.402397671292161,"[4.152333934356039, 4.649668709127391]",-2.9335400455213714,"[-3.094155092474283, -2.7730184918234513]",0.95,2026091603,5000,loss,candidate_minus_reference; negative difference favors candidate,"paired demand-path sampling, excluding generation variation"
exp_regime095_fixed6,self_evolve_h200_r2,forecast_capped_base_stock,cold_start,500,single_repeat,baseline_h200_forecast_capped_base_stock,2,1,primary,200,200,True,1000,154.47356094084645,150.07616496624163,4.397395974604839,"[4.181640813235191, 4.613771696744465]",-2.9301095051262647,"[-3.0716830754123454, -2.7916314749560485]",0.95,2026091603,5000,loss,candidate_minus_reference; negative difference favors candidate,"paired demand-path sampling, excluding generation variation"
exp_regime095_fixed6,self_evolve_h200_r2,pil_cop_continuation,cold_start,500,single_repeat,baseline_h200_pil_cop_continuation,2,1,primary,200,200,True,1000,154.47356094084645,152.3826686139565,2.090892326889991,"[1.9773020353374176, 2.2049305404358686]",-1.3721326354947792,"[-1.445646689344215, -1.2970945589682783]",0.95,2026091603,5000,loss,candidate_minus_reference; negative difference favors candidate,"paired demand-path sampling, excluding generation variation"
exp_regime095_fixed6,self_evolve_h200_r3,base_stock,steady,50,single_repeat,baseline_h200_base_stock,3,1,primary,200,200,True,1000,149.20439951841067,156.27093964250042,-7.066540124089755,"[-8.196788969196618, -5.955255067515111]",4.52197967213598,"[3.874721329357802, 5.178872512742969]",0.95,2026091603,5000,win,candidate_minus_reference; negative difference favors candidate,"paired demand-path sampling, excluding generation variation"
exp_regime095_fixed6,self_evolve_h200_r3,capped_base_stock,steady,50,single_repeat,baseline_h200_capped_base_stock,3,1,primary,200,200,True,1000,149.20439951841067,153.19844754556328,-3.994048027152608,"[-5.203123755986325, -2.8008383794857616]",2.607107376832087,"[1.8704317906669972, 3.3334840099152503]",0.95,2026091603,5000,win,candidate_minus_reference; negative difference favors candidate,"paired demand-path sampling, excluding generation variation"
exp_regime095_fixed6,self_evolve_h200_r3,conditional_pil,steady,50,single_repeat,baseline_h200_conditional_pil,3,1,primary,200,200,True,1000,149.20439951841067,149.54506016809722,-0.3406606496865591,"[-1.1343714162459477, 0.41980138278703194]",0.22779799567008957,"[-0.2819211182336831, 0.7519148833378214]",0.95,2026091603,5000,inconclusive,candidate_minus_reference; negative difference favors candidate,"paired demand-path sampling, excluding generation variation"
exp_regime095_fixed6,self_evolve_h200_r3,constant_order,steady,50,single_repeat,baseline_h200_constant_order,3,1,primary,200,200,True,1000,149.20439951841067,156.3362700966708,-7.131870578260137,"[-8.596194022260956, -5.709088113529015]",4.5618784264522425,"[3.7355273542161647, 5.388719670547807]",0.95,2026091603,5000,win,candidate_minus_reference; negative difference favors candidate,"paired demand-path sampling, excluding generation variation"
exp_regime095_fixed6,self_evolve_h200_r3,forecast_adaptive_pil,steady,50,single_repeat,baseline_h200_forecast_adaptive_pil,3,1,primary,200,200,True,1000,149.20439951841067,146.72104944338335,2.483350075027297,"[2.0655511536122404, 2.899749096200632]",-1.6925656437494276,"[-1.9912745520314394, -1.3971991688673118]",0.95,2026091603,5000,loss,candidate_minus_reference; negative difference favors candidate,"paired demand-path sampling, excluding generation variation"
exp_regime095_fixed6,self_evolve_h200_r3,forecast_capped_base_stock,steady,50,single_repeat,baseline_h200_forecast_capped_base_stock,3,1,primary,200,200,True,1000,149.20439951841067,146.6480239803272,2.556375538083474,"[2.0444378151971057, 3.081259619042875]",-1.7432048988443305,"[-2.1229040622138315, -1.3808889794719443]",0.95,2026091603,5000,loss,candidate_minus_reference; negative difference favors candidate,"paired demand-path sampling, excluding generation variation"
exp_regime095_fixed6,self_evolve_h200_r3,pil_cop_continuation,steady,50,single_repeat,baseline_h200_pil_cop_continuation,3,1,primary,200,200,True,1000,149.20439951841067,149.54506016809722,-0.3406606496865591,"[-1.1343714162459477, 0.41980138278703194]",0.22779799567008957,"[-0.2819211182336831, 0.7519148833378214]",0.95,2026091603,5000,inconclusive,candidate_minus_reference; negative difference favors candidate,"paired demand-path sampling, excluding generation variation"
exp_regime095_fixed6,self_evolve_h200_r3,base_stock,steady,100,single_repeat,baseline_h200_base_stock,3,1,primary,200,200,True,1000,149.4590144585901,156.51044565054005,-7.051431191949941,"[-7.850931178211448, -6.2717179461325605]",4.505406116914736,"[4.045633110782325, 4.961523249492671]",0.95,2026091603,5000,win,candidate_minus_reference; negative difference favors candidate,"paired demand-path sampling, excluding generation variation"
exp_regime095_fixed6,self_evolve_h200_r3,capped_base_stock,steady,100,single_repeat,baseline_h200_capped_base_stock,3,1,primary,200,200,True,1000,149.4590144585901,153.39044454729284,-3.9314300887027165,"[-4.804200378787141, -3.107640772987429]",2.5630215104374474,"[2.054036718218961, 3.0800728348837945]",0.95,2026091603,5000,win,candidate_minus_reference; negative difference favors candidate,"paired demand-path sampling, excluding generation variation"
exp_regime095_fixed6,self_evolve_h200_r3,conditional_pil,steady,100,single_repeat,baseline_h200_conditional_pil,3,1,primary,200,200,True,1000,149.4590144585901,149.76653792443423,-0.30752346584412715,"[-0.8540427329707693, 0.2218380404981017]",0.20533523049006489,"[-0.1502948200715549, 0.5632398364529139]",0.95,2026091603,5000,inconclusive,candidate_minus_reference; negative difference favors candidate,"paired demand-path sampling, excluding generation variation"
exp_regime095_fixed6,self_evolve_h200_r3,constant_order,steady,100,single_repeat,baseline_h200_constant_order,3,1,primary,200,200,True,1000,149.4590144585901,156.55121254432888,-7.092198085738771,"[-8.145757380953327, -6.083945032298899]",4.530273493557614,"[3.940523996510285, 5.121217331175939]",0.95,2026091603,5000,win,candidate_minus_reference; negative difference favors candidate,"paired demand-path sampling, excluding generation variation"
exp_regime095_fixed6,self_evolve_h200_r3,forecast_adaptive_pil,steady,100,single_repeat,baseline_h200_forecast_adaptive_pil,3,1,primary,200,200,True,1000,149.4590144585901,146.98599621990755,2.47301823868257,"[2.1749324303036928, 2.7850086979039728]",-1.68248561242708,"[-1.9037316156961304, -1.4703325926416404]",0.95,2026091603,5000,loss,candidate_minus_reference; negative difference favors candidate,"paired demand-path sampling, excluding generation variation"
exp_regime095_fixed6,self_evolve_h200_r3,forecast_capped_base_stock,steady,100,single_repeat,baseline_h200_forecast_capped_base_stock,3,1,primary,200,200,True,1000,149.4590144585901,146.95032823672216,2.50868622186794,"[2.149539813037737, 2.8831155208136963]",-1.7071661233901476,"[-1.974028367268263, -1.453109980839218]",0.95,2026091603,5000,loss,candidate_minus_reference; negative difference favors candidate,"paired demand-path sampling, excluding generation variation"
exp_regime095_fixed6,self_evolve_h200_r3,pil_cop_continuation,steady,100,single_repeat,baseline_h200_pil_cop_continuation,3,1,primary,200,200,True,1000,149.4590144585901,149.76653792443423,-0.30752346584412715,"[-0.8540427329707693, 0.2218380404981017]",0.20533523049006489,"[-0.1502948200715549, 0.5632398364529139]",0.95,2026091603,5000,inconclusive,candidate_minus_reference; negative difference favors candidate,"paired demand-path sampling, excluding generation variation"
exp_regime095_fixed6,self_evolve_h200_r3,base_stock,steady,200,single_repeat,baseline_h200_base_stock,3,1,primary,200,200,True,1000,150.12364131808386,157.10290725261046,-6.979265934526598,"[-7.584277063077013, -6.395657383506336]",4.4424804458293305,"[4.105133052663352, 4.784767188516393]",0.95,2026091603,5000,win,candidate_minus_reference; negative difference favors candidate,"paired demand-path sampling, excluding generation variation"
exp_regime095_fixed6,self_evolve_h200_r3,capped_base_stock,steady,200,single_repeat,baseline_h200_capped_base_stock,3,1,primary,200,200,True,1000,150.12364131808386,154.05479818545834,-3.931156867374492,"[-4.573371935538946, -3.3097850498305132]",2.5517912545910924,"[2.1707137985236815, 2.9422512535625898]",0.95,2026091603,5000,win,candidate_minus_reference; negative difference favors candidate,"paired demand-path sampling, excluding generation variation"
exp_regime095_fixed6,self_evolve_h200_r3,conditional_pil,steady,200,single_repeat,baseline_h200_conditional_pil,3,1,primary,200,200,True,1000,150.12364131808386,150.40405823788498,-0.28041691980114497,"[-0.6925479688879178, 0.1172868500907333]",0.18644238931213422,"[-0.0790608320637053, 0.4562510957094586]",0.95,2026091603,5000,inconclusive,candidate_minus_reference; negative difference favors candidate,"paired demand-path sampling, excluding generation variation"
exp_regime095_fixed6,self_evolve_h200_r3,constant_order,steady,200,single_repeat,baseline_h200_constant_order,3,1,primary,200,200,True,1000,150.12364131808386,157.2783811876944,-7.15473986961057,"[-7.937479781174282, -6.396961275499502]",4.54909302574278,"[4.11426604007173, 4.996484280996082]",0.95,2026091603,5000,win,candidate_minus_reference; negative difference favors candidate,"paired demand-path sampling, excluding generation variation"
exp_regime095_fixed6,self_evolve_h200_r3,forecast_adaptive_pil,steady,200,single_repeat,baseline_h200_forecast_adaptive_pil,3,1,primary,200,200,True,1000,150.12364131808386,147.73312395515933,2.3905173629245353,"[2.1666658726812806, 2.618147957092144]",-1.6181322772610618,"[-1.7810379144277992, -1.4592918799625372]",0.95,2026091603,5000,loss,candidate_minus_reference; negative difference favors candidate,"paired demand-path sampling, excluding generation variation"
exp_regime095_fixed6,self_evolve_h200_r3,forecast_capped_base_stock,steady,200,single_repeat,baseline_h200_forecast_capped_base_stock,3,1,primary,200,200,True,1000,150.12364131808386,147.73654700208047,2.387094316003365,"[2.117672485958236, 2.6662759644745733]",-1.615777791239272,"[-1.8119617517064217, -1.425680491823515]",0.95,2026091603,5000,loss,candidate_minus_reference; negative difference favors candidate,"paired demand-path sampling, excluding generation variation"
exp_regime095_fixed6,self_evolve_h200_r3,pil_cop_continuation,steady,200,single_repeat,baseline_h200_pil_cop_continuation,3,1,primary,200,200,True,1000,150.12364131808386,150.40405823788498,-0.28041691980114497,"[-0.6925479688879178, 0.1172868500907333]",0.18644238931213422,"[-0.0790608320637053, 0.4562510957094586]",0.95,2026091603,5000,inconclusive,candidate_minus_reference; negative difference favors candidate,"paired demand-path sampling, excluding generation variation"
exp_regime095_fixed6,self_evolve_h200_r3,base_stock,steady,500,single_repeat,baseline_h200_base_stock,3,1,primary,200,200,True,1000,151.17569006189862,158.26345305230532,-7.08776299040668,"[-7.471271428716978, -6.707951259134131]",4.478458452479379,"[4.262418699688574, 4.695599339440848]",0.95,2026091603,5000,win,candidate_minus_reference; negative difference favors candidate,"paired demand-path sampling, excluding generation variation"
exp_regime095_fixed6,self_evolve_h200_r3,capped_base_stock,steady,500,single_repeat,baseline_h200_capped_base_stock,3,1,primary,200,200,True,1000,151.17569006189862,155.21717833215789,-4.041488270259286,"[-4.447097312164255, -3.6391240033478547]",2.60376352262419,"[2.3615228412494695, 2.8488034527254413]",0.95,2026091603,5000,win,candidate_minus_reference; negative difference favors candidate,"paired demand-path sampling, excluding generation variation"
exp_regime095_fixed6,self_evolve_h200_r3,conditional_pil,steady,500,single_repeat,baseline_h200_conditional_pil,3,1,primary,200,200,True,1000,151.17569006189862,151.45707902300418,-0.2813889611055874,"[-0.5382881389595444, -0.030517268502187358]",0.18578792283642542,"[0.02021191300134424, 0.3545198495423526]",0.95,2026091603,5000,win,candidate_minus_reference; negative difference favors candidate,"paired demand-path sampling, excluding generation variation"
exp_regime095_fixed6,self_evolve_h200_r3,constant_order,steady,500,single_repeat,baseline_h200_constant_order,3,1,primary,200,200,True,1000,151.17569006189862,158.47880309291438,-7.303113031015764,"[-7.8050349593809, -6.824470294634109]",4.608258573693304,"[4.33215392663925, 4.889181539823295]",0.95,2026091603,5000,win,candidate_minus_reference; negative difference favors candidate,"paired demand-path sampling, excluding generation variation"
exp_regime095_fixed6,self_evolve_h200_r3,forecast_adaptive_pil,steady,500,single_repeat,baseline_h200_forecast_adaptive_pil,3,1,primary,200,200,True,1000,151.17569006189862,148.9084124609371,2.2672776009615463,"[2.1387821313925555, 2.3972235868327663]",-1.5225987326648225,"[-1.6117716625732001, -1.4346070124881116]",0.95,2026091603,5000,loss,candidate_minus_reference; negative difference favors candidate,"paired demand-path sampling, excluding generation variation"
exp_regime095_fixed6,self_evolve_h200_r3,forecast_capped_base_stock,steady,500,single_repeat,baseline_h200_forecast_capped_base_stock,3,1,primary,200,200,True,1000,151.17569006189862,148.9305125708728,2.245177491025827,"[2.092081886464455, 2.4063584922709502]",-1.5075335821176314,"[-1.6200143476819138, -1.4018120985563944]",0.95,2026091603,5000,loss,candidate_minus_reference; negative difference favors candidate,"paired demand-path sampling, excluding generation variation"
exp_regime095_fixed6,self_evolve_h200_r3,pil_cop_continuation,steady,500,single_repeat,baseline_h200_pil_cop_continuation,3,1,primary,200,200,True,1000,151.17569006189862,151.45707902300418,-0.2813889611055874,"[-0.5382881389595444, -0.030517268502187358]",0.18578792283642542,"[0.02021191300134424, 0.3545198495423526]",0.95,2026091603,5000,win,candidate_minus_reference; negative difference favors candidate,"paired demand-path sampling, excluding generation variation"
exp_regime095_fixed6,self_evolve_h200_r3,base_stock,cold_start,50,single_repeat,baseline_h200_base_stock,3,1,primary,200,200,True,1000,156.5610162355571,169.61862432716512,-13.05760809160804,"[-14.20888956009511, -11.933422741421309]",7.698216008651349,"[7.1179511459760025, 8.274660579968915]",0.95,2026091603,5000,win,candidate_minus_reference; negative difference favors candidate,"paired demand-path sampling, excluding generation variation"
exp_regime095_fixed6,self_evolve_h200_r3,capped_base_stock,cold_start,50,single_repeat,baseline_h200_capped_base_stock,3,1,primary,200,200,True,1000,156.5610162355571,159.6998611628535,-3.138844927296405,"[-4.453404791166793, -1.8880309093763838]",1.965465031992458,"[1.2066753744222933, 2.7385192577254815]",0.95,2026091603,5000,win,candidate_minus_reference; negative difference favors candidate,"paired demand-path sampling, excluding generation variation"
exp_regime095_fixed6,self_evolve_h200_r3,conditional_pil,cold_start,50,single_repeat,baseline_h200_conditional_pil,3,1,primary,200,200,True,1000,156.5610162355571,155.86113898479357,0.699877250763557,"[-0.18149156646544817, 1.5490828063270194]",-0.449038968483233,"[-1.005924137899224, 0.11396534392495948]",0.95,2026091603,5000,inconclusive,candidate_minus_reference; negative difference favors candidate,"paired demand-path sampling, excluding generation variation"
exp_regime095_fixed6,self_evolve_h200_r3,constant_order,cold_start,50,single_repeat,baseline_h200_constant_order,3,1,primary,200,200,True,1000,156.5610162355571,162.4113642772914,-5.850348041734324,"[-7.414467666742761, -4.39162620082893]",3.6021789902249455,"[2.7544029485815633, 4.462053494207204]",0.95,2026091603,5000,win,candidate_minus_reference; negative difference favors candidate,"paired demand-path sampling, excluding generation variation"
exp_regime095_fixed6,self_evolve_h200_r3,forecast_adaptive_pil,cold_start,50,single_repeat,baseline_h200_forecast_adaptive_pil,3,1,primary,200,200,True,1000,156.5610162355571,152.827959560466,3.733056675091113,"[3.2451649025321, 4.214999443378955]",-2.4426529581546346,"[-2.7812942912985648, -2.1036895066905106]",0.95,2026091603,5000,loss,candidate_minus_reference; negative difference favors candidate,"paired demand-path sampling, excluding generation variation"
exp_regime095_fixed6,self_evolve_h200_r3,forecast_capped_base_stock,cold_start,50,single_repeat,baseline_h200_forecast_capped_base_stock,3,1,primary,200,200,True,1000,156.5610162355571,153.09896230050776,3.462053935049309,"[2.828543621679233, 4.097783186144681]",-2.261317701327005,"[-2.7141208085900983, -1.8245942140883284]",0.95,2026091603,5000,loss,candidate_minus_reference; negative difference favors candidate,"paired demand-path sampling, excluding generation variation"
exp_regime095_fixed6,self_evolve_h200_r3,pil_cop_continuation,cold_start,50,single_repeat,baseline_h200_pil_cop_continuation,3,1,primary,200,200,True,1000,156.5610162355571,155.86113898479357,0.699877250763557,"[-0.18149156646544817, 1.5490828063270194]",-0.449038968483233,"[-1.005924137899224, 0.11396534392495948]",0.95,2026091603,5000,inconclusive,candidate_minus_reference; negative difference favors candidate,"paired demand-path sampling, excluding generation variation"
exp_regime095_fixed6,self_evolve_h200_r3,base_stock,cold_start,100,single_repeat,baseline_h200_base_stock,3,1,primary,200,200,True,1000,154.48151208649728,164.50072760372535,-10.019215517228096,"[-10.878938930576323, -9.127926474490405]",6.090681581277806,"[5.622067130360199, 6.541790053266061]",0.95,2026091603,5000,win,candidate_minus_reference; negative difference favors candidate,"paired demand-path sampling, excluding generation variation"
exp_regime095_fixed6,self_evolve_h200_r3,capped_base_stock,cold_start,100,single_repeat,baseline_h200_capped_base_stock,3,1,primary,200,200,True,1000,154.48151208649728,157.7301087674242,-3.2485966809269446,"[-4.186645602790214, -2.3217058834636033]",2.0595919867886794,"[1.491733163572565, 2.6076235510919554]",0.95,2026091603,5000,win,candidate_minus_reference; negative difference favors candidate,"paired demand-path sampling, excluding generation variation"
exp_regime095_fixed6,self_evolve_h200_r3,conditional_pil,cold_start,100,single_repeat,baseline_h200_conditional_pil,3,1,primary,200,200,True,1000,154.48151208649728,153.94358487323922,0.5379272132580651,"[-0.06005996855487985, 1.1510721669337005]",-0.34943139313080185,"[-0.7536199008450778, 0.03837377200720319]",0.95,2026091603,5000,inconclusive,candidate_minus_reference; negative difference favors candidate,"paired demand-path sampling, excluding generation variation"
exp_regime095_fixed6,self_evolve_h200_r3,constant_order,cold_start,100,single_repeat,baseline_h200_constant_order,3,1,primary,200,200,True,1000,154.48151208649728,160.6489090321355,-6.1673969456382345,"[-7.290745755992452, -5.061342611856624]",3.839053114518517,"[3.1992531421728905, 4.464172262626039]",0.95,2026091603,5000,win,candidate_minus_reference; negative difference favors candidate,"paired demand-path sampling, excluding generation variation"
exp_regime095_fixed6,self_evolve_h200_r3,forecast_adaptive_pil,cold_start,100,single_repeat,baseline_h200_forecast_adaptive_pil,3,1,primary,200,200,True,1000,154.48151208649728,151.3539162508515,3.127595835645766,"[2.7985016149313178, 3.452333046191914]",-2.0664122297715357,"[-2.290555259960557, -1.8388833557628925]",0.95,2026091603,5000,loss,candidate_minus_reference; negative difference favors candidate,"paired demand-path sampling, excluding generation variation"
exp_regime095_fixed6,self_evolve_h200_r3,forecast_capped_base_stock,cold_start,100,single_repeat,baseline_h200_forecast_capped_base_stock,3,1,primary,200,200,True,1000,154.48151208649728,151.43916539912115,3.0423466873761043,"[2.6149576743947063, 3.4598679956809706]",-2.0089563220702877,"[-2.3049104528127864, -1.710856340436296]",0.95,2026091603,5000,loss,candidate_minus_reference; negative difference favors candidate,"paired demand-path sampling, excluding generation variation"
exp_regime095_fixed6,self_evolve_h200_r3,pil_cop_continuation,cold_start,100,single_repeat,baseline_h200_pil_cop_continuation,3,1,primary,200,200,True,1000,154.48151208649728,153.94358487323922,0.5379272132580651,"[-0.06005996855487985, 1.1510721669337005]",-0.34943139313080185,"[-0.7536199008450778, 0.03837377200720319]",0.95,2026091603,5000,inconclusive,candidate_minus_reference; negative difference favors candidate,"paired demand-path sampling, excluding generation variation"
exp_regime095_fixed6,self_evolve_h200_r3,base_stock,cold_start,200,single_repeat,baseline_h200_base_stock,3,1,primary,200,200,True,1000,152.9683125103833,161.3940675618446,-8.425755051461337,"[-9.0476799450577, -7.803099114965435]",5.220610136882899,"[4.873589013467599, 5.559480835623292]",0.95,2026091603,5000,win,candidate_minus_reference; negative difference favors candidate,"paired demand-path sampling, excluding generation variation"
exp_regime095_fixed6,self_evolve_h200_r3,capped_base_stock,cold_start,200,single_repeat,baseline_h200_capped_base_stock,3,1,primary,200,200,True,1000,152.9683125103833,156.4740545548756,-3.50574204449235,"[-4.173867426060515, -2.8470100201590847]",2.2404621996056484,"[1.8388953646426993, 2.6381389544618608]",0.95,2026091603,5000,win,candidate_minus_reference; negative difference favors candidate,"paired demand-path sampling, excluding generation variation"
exp_regime095_fixed6,self_evolve_h200_r3,conditional_pil,cold_start,200,single_repeat,baseline_h200_conditional_pil,3,1,primary,200,200,True,1000,152.9683125103833,152.82221582468162,0.14609668570164025,"[-0.2881249967294207, 0.5777898742598229]",-0.0955991149017767,"[-0.3814232499039285, 0.18672156581853114]",0.95,2026091603,5000,inconclusive,candidate_minus_reference; negative difference favors candidate,"paired demand-path sampling, excluding generation variation"
exp_regime095_fixed6,self_evolve_h200_r3,constant_order,cold_start,200,single_repeat,baseline_h200_constant_order,3,1,primary,200,200,True,1000,152.9683125103833,159.42550477127813,-6.457192260894865,"[-7.261220823990173, -5.65644694155384]",4.050288108015542,"[3.5909862754796253, 4.502108245199679]",0.95,2026091603,5000,win,candidate_minus_reference; negative difference favors candidate,"paired demand-path sampling, excluding generation variation"
exp_regime095_fixed6,self_evolve_h200_r3,forecast_adaptive_pil,cold_start,200,single_repeat,baseline_h200_forecast_adaptive_pil,3,1,primary,200,200,True,1000,152.9683125103833,150.42978253038748,2.538529979995782,"[2.313279784574359, 2.7612525135666193]",-1.6875182143423098,"[-1.8418841422307564, -1.5310440663104354]",0.95,2026091603,5000,loss,candidate_minus_reference; negative difference favors candidate,"paired demand-path sampling, excluding generation variation"
exp_regime095_fixed6,self_evolve_h200_r3,forecast_capped_base_stock,cold_start,200,single_repeat,baseline_h200_forecast_capped_base_stock,3,1,primary,200,200,True,1000,152.9683125103833,150.45369132053557,2.514621189847696,"[2.2284942327963813, 2.7943789951176776]",-1.6713589196628154,"[-1.869535763510314, -1.4741638612181818]",0.95,2026091603,5000,loss,candidate_minus_reference; negative difference favors candidate,"paired demand-path sampling, excluding generation variation"
exp_regime095_fixed6,self_evolve_h200_r3,pil_cop_continuation,cold_start,200,single_repeat,baseline_h200_pil_cop_continuation,3,1,primary,200,200,True,1000,152.9683125103833,152.82221582468162,0.14609668570164025,"[-0.2881249967294207, 0.5777898742598229]",-0.0955991149017767,"[-0.3814232499039285, 0.18672156581853114]",0.95,2026091603,5000,inconclusive,candidate_minus_reference; negative difference favors candidate,"paired demand-path sampling, excluding generation variation"
exp_regime095_fixed6,self_evolve_h200_r3,base_stock,cold_start,500,single_repeat,baseline_h200_base_stock,3,1,primary,200,200,True,1000,152.43714039781256,159.84452234486193,-7.407381947049396,"[-7.8000864631939075, -7.009587822407015]",4.634116852042054,"[4.408408996975835, 4.853583386368521]",0.95,2026091603,5000,win,candidate_minus_reference; negative difference favors candidate,"paired demand-path sampling, excluding generation variation"
exp_regime095_fixed6,self_evolve_h200_r3,capped_base_stock,cold_start,500,single_repeat,baseline_h200_capped_base_stock,3,1,primary,200,200,True,1000,152.43714039781256,156.04266093262635,-3.605520534813808,"[-4.024274731520548, -3.183497374026302]",2.3105992382240435,"[2.051885840402543, 2.5600828748865117]",0.95,2026091603,5000,win,candidate_minus_reference; negative difference favors candidate,"paired demand-path sampling, excluding generation variation"
exp_regime095_fixed6,self_evolve_h200_r3,conditional_pil,cold_start,500,single_repeat,baseline_h200_conditional_pil,3,1,primary,200,200,True,1000,152.43714039781256,152.3826686139565,0.054471783856066935,"[-0.2100188500030789, 0.32424576268871363]",-0.03574670554829073,"[-0.2134691305126186, 0.1372265058722805]",0.95,2026091603,5000,inconclusive,candidate_minus_reference; negative difference favors candidate,"paired demand-path sampling, excluding generation variation"
exp_regime095_fixed6,self_evolve_h200_r3,constant_order,cold_start,500,single_repeat,baseline_h200_constant_order,3,1,primary,200,200,True,1000,152.43714039781256,159.1911648810862,-6.754024483273641,"[-7.264974546346471, -6.241499961449908]",4.242713148257198,"[3.9471047791117546, 4.528435388677682]",0.95,2026091603,5000,win,candidate_minus_reference; negative difference favors candidate,"paired demand-path sampling, excluding generation variation"
exp_regime095_fixed6,self_evolve_h200_r3,forecast_adaptive_pil,cold_start,500,single_repeat,baseline_h200_forecast_adaptive_pil,3,1,primary,200,200,True,1000,152.43714039781256,150.07116326955432,2.365977128258238,"[2.2247752203577926, 2.506561465916058]",-1.576570126273043,"[-1.67432695282067, -1.4808727892879832]",0.95,2026091603,5000,loss,candidate_minus_reference; negative difference favors candidate,"paired demand-path sampling, excluding generation variation"
exp_regime095_fixed6,self_evolve_h200_r3,forecast_capped_base_stock,cold_start,500,single_repeat,baseline_h200_forecast_capped_base_stock,3,1,primary,200,200,True,1000,152.43714039781256,150.07616496624163,2.360975431570915,"[2.1829564584376717, 2.532165552998405]",-1.5731848105940092,"[-1.6922343746997064, -1.4508330092726343]",0.95,2026091603,5000,loss,candidate_minus_reference; negative difference favors candidate,"paired demand-path sampling, excluding generation variation"
exp_regime095_fixed6,self_evolve_h200_r3,pil_cop_continuation,cold_start,500,single_repeat,baseline_h200_pil_cop_continuation,3,1,primary,200,200,True,1000,152.43714039781256,152.3826686139565,0.054471783856066935,"[-0.2100188500030789, 0.32424576268871363]",-0.03574670554829073,"[-0.2134691305126186, 0.1372265058722805]",0.95,2026091603,5000,inconclusive,candidate_minus_reference; negative difference favors candidate,"paired demand-path sampling, excluding generation variation"
exp_regime095_random3_9,self_evolve_h200_r1,base_stock,steady,50,single_repeat,baseline_h200_base_stock,1,1,primary,200,200,True,1000,151.75046761952336,162.18527091459742,-10.434803295074042,"[-11.369960957833902, -9.523410026855984]",6.433878512043649,"[5.930857422288669, 6.929298125023803]",0.95,2026091603,5000,win,candidate_minus_reference; negative difference favors candidate,"paired demand-path sampling, excluding generation variation"
exp_regime095_random3_9,self_evolve_h200_r1,capped_base_stock,steady,50,single_repeat,baseline_h200_capped_base_stock,1,1,primary,200,200,True,1000,151.75046761952336,159.40209489556383,-7.651627276040461,"[-8.646602664520293, -6.656344393280949]",4.80020496659948,"[4.2375688107737, 5.362621833075589]",0.95,2026091603,5000,win,candidate_minus_reference; negative difference favors candidate,"paired demand-path sampling, excluding generation variation"
exp_regime095_random3_9,self_evolve_h200_r1,conditional_pil,steady,50,single_repeat,baseline_h200_conditional_pil,1,1,primary,200,200,True,1000,151.75046761952336,153.6403417902594,-1.889874170736026,"[-2.6740985302233833, -1.1122809040705708]",1.2300637636669625,"[0.7263157616919181, 1.7296613008640374]",0.95,2026091603,5000,win,candidate_minus_reference; negative difference favors candidate,"paired demand-path sampling, excluding generation variation"
exp_regime095_random3_9,self_evolve_h200_r1,constant_order,steady,50,single_repeat,baseline_h200_constant_order,1,1,primary,200,200,True,1000,151.75046761952336,161.7776880009075,-10.027220381384087,"[-11.22968926445024, -8.81090654878686]",6.198147906111675,"[5.547809950557396, 6.8407335823832405]",0.95,2026091603,5000,win,candidate_minus_reference; negative difference favors candidate,"paired demand-path sampling, excluding generation variation"
exp_regime095_random3_9,self_evolve_h200_r1,forecast_adaptive_pil,steady,50,single_repeat,baseline_h200_forecast_adaptive_pil,1,1,primary,200,200,True,1000,151.75046761952336,147.29158479929168,4.45888282023172,"[3.949339095452559, 4.9932371258762736]",-3.027248858994639,"[-3.3820743757272074, -2.6849517038699817]",0.95,2026091603,5000,loss,candidate_minus_reference; negative difference favors candidate,"paired demand-path sampling, excluding generation variation"
exp_regime095_random3_9,self_evolve_h200_r1,forecast_capped_base_stock,steady,50,single_repeat,baseline_h200_forecast_capped_base_stock,1,1,primary,200,200,True,1000,151.75046761952336,148.77317265741274,2.977294962110652,"[2.4758895697965535, 3.4848584888301994]",-2.0012310747493314,"[-2.3450325741456166, -1.6684382278173915]",0.95,2026091603,5000,loss,candidate_minus_reference; negative difference favors candidate,"paired demand-path sampling, excluding generation variation"
exp_regime095_random3_9,self_evolve_h200_r1,pil_cop_continuation,steady,50,single_repeat,baseline_h200_pil_cop_continuation,1,1,primary,200,200,True,1000,151.75046761952336,151.46078065049383,0.28968696902955265,"[-0.3613600568044118, 0.9468780425382435]",-0.19126203350159962,"[-0.6286534148537163, 0.2383347201107769]",0.95,2026091603,5000,inconclusive,candidate_minus_reference; negative difference favors candidate,"paired demand-path sampling, excluding generation variation"
exp_regime095_random3_9,self_evolve_h200_r1,base_stock,steady,100,single_repeat,baseline_h200_base_stock,1,1,primary,200,200,True,1000,151.78157926837795,162.24210970905378,-10.460530440675814,"[-11.134556503435308, -9.807663410927887]",6.447481766253243,"[6.090765980827511, 6.803249352067781]",0.95,2026091603,5000,win,candidate_minus_reference; negative difference favors candidate,"paired demand-path sampling, excluding generation variation"
exp_regime095_random3_9,self_evolve_h200_r1,capped_base_stock,steady,100,single_repeat,baseline_h200_capped_base_stock,1,1,primary,200,200,True,1000,151.78157926837795,159.46407943815024,-7.682500169772307,"[-8.389207340924187, -6.9922801149362055]",4.81769950752578,"[4.430233202580128, 5.205383438153143]",0.95,2026091603,5000,win,candidate_minus_reference; negative difference favors candidate,"paired demand-path sampling, excluding generation variation"
exp_regime095_random3_9,self_evolve_h200_r1,conditional_pil,steady,100,single_repeat,baseline_h200_conditional_pil,1,1,primary,200,200,True,1000,151.78157926837795,153.70117094834703,-1.9195916799690445,"[-2.4614039857580563, -1.3729092870650237]",1.248911552283602,"[0.8967291212941312, 1.5896940057285764]",0.95,2026091603,5000,win,candidate_minus_reference; negative difference favors candidate,"paired demand-path sampling, excluding generation variation"
exp_regime095_random3_9,self_evolve_h200_r1,constant_order,steady,100,single_repeat,baseline_h200_constant_order,1,1,primary,200,200,True,1000,151.78157926837795,161.77254717402195,-9.990967905643972,"[-10.850266830115098, -9.147789717152847]",6.175935336479876,"[5.726322826885333, 6.622440620856259]",0.95,2026091603,5000,win,candidate_minus_reference; negative difference favors candidate,"paired demand-path sampling, excluding generation variation"
exp_regime095_random3_9,self_evolve_h200_r1,forecast_adaptive_pil,steady,100,single_repeat,baseline_h200_forecast_adaptive_pil,1,1,primary,200,200,True,1000,151.78157926837795,147.07528823781612,4.706291030561852,"[4.3453947760745, 5.072992583201099]",-3.1999196377245265,"[-3.43985122999905, -2.960103857543553]",0.95,2026091603,5000,loss,candidate_minus_reference; negative difference favors candidate,"paired demand-path sampling, excluding generation variation"
exp_regime095_random3_9,self_evolve_h200_r1,forecast_capped_base_stock,steady,100,single_repeat,baseline_h200_forecast_capped_base_stock,1,1,primary,200,200,True,1000,151.78157926837795,148.51948448108345,3.2620947872944943,"[2.9167666948025803, 3.6077410691822154]",-2.196408638699514,"[-2.435108980961887, -1.9603216886322938]",0.95,2026091603,5000,loss,candidate_minus_reference; negative difference favors candidate,"paired demand-path sampling, excluding generation variation"
exp_regime095_random3_9,self_evolve_h200_r1,pil_cop_continuation,steady,100,single_repeat,baseline_h200_pil_cop_continuation,1,1,primary,200,200,True,1000,151.78157926837795,151.55830535534736,0.2232739130306278,"[-0.23596172207887423, 0.6760741523762568]",-0.14731882393848514,"[-0.4466895880738382, 0.15505487334070614]",0.95,2026091603,5000,inconclusive,candidate_minus_reference; negative difference favors candidate,"paired demand-path sampling, excluding generation variation"
exp_regime095_random3_9,self_evolve_h200_r1,base_stock,steady,200,single_repeat,baseline_h200_base_stock,1,1,primary,200,200,True,1000,152.4448975512328,162.92142239216227,-10.476524840929455,"[-10.975918728146786, -9.993021382403725]",6.43041577166679,"[6.173585793405474, 6.6947795582515175]",0.95,2026091603,5000,win,candidate_minus_reference; negative difference favors candidate,"paired demand-path sampling, excluding generation variation"
exp_regime095_random3_9,self_evolve_h200_r1,capped_base_stock,steady,200,single_repeat,baseline_h200_capped_base_stock,1,1,primary,200,200,True,1000,152.4448975512328,160.12465431328886,-7.679756762056061,"[-8.214442217971081, -7.173326054854895]",4.796111376471968,"[4.514922686219114, 5.086818928416982]",0.95,2026091603,5000,win,candidate_minus_reference; negative difference favors candidate,"paired demand-path sampling, excluding generation variation"
exp_regime095_random3_9,self_evolve_h200_r1,conditional_pil,steady,200,single_repeat,baseline_h200_conditional_pil,1,1,primary,200,200,True,1000,152.4448975512328,154.4264548617123,-1.9815573104794908,"[-2.4034058712195687, -1.5735226790897499]",1.2831721820292847,"[1.0260672652361835, 1.545524143016982]",0.95,2026091603,5000,win,candidate_minus_reference; negative difference favors candidate,"paired demand-path sampling, excluding generation variation"
exp_regime095_random3_9,self_evolve_h200_r1,constant_order,steady,200,single_repeat,baseline_h200_constant_order,1,1,primary,200,200,True,1000,152.4448975512328,162.6852460141071,-10.240348462874303,"[-10.890327471000548, -9.626949468768833]",6.294577236577626,"[5.972472211617839, 6.627747835087846]",0.95,2026091603,5000,win,candidate_minus_reference; negative difference favors candidate,"paired demand-path sampling, excluding generation variation"
exp_regime095_random3_9,self_evolve_h200_r1,forecast_adaptive_pil,steady,200,single_repeat,baseline_h200_forecast_adaptive_pil,1,1,primary,200,200,True,1000,152.4448975512328,147.79132070207473,4.653576849158069,"[4.385107999370039, 4.92060542760344]",-3.1487484021737573,"[-3.3221492627244955, -2.9779483163907057]",0.95,2026091603,5000,loss,candidate_minus_reference; negative difference favors candidate,"paired demand-path sampling, excluding generation variation"
exp_regime095_random3_9,self_evolve_h200_r1,forecast_capped_base_stock,steady,200,single_repeat,baseline_h200_forecast_capped_base_stock,1,1,primary,200,200,True,1000,152.4448975512328,149.17524820040833,3.2696493508244826,"[3.021086298997692, 3.5156775147900063]",-2.191817603971324,"[-2.3604878150256696, -2.024778509664829]",0.95,2026091603,5000,loss,candidate_minus_reference; negative difference favors candidate,"paired demand-path sampling, excluding generation variation"
exp_regime095_random3_9,self_evolve_h200_r1,pil_cop_continuation,steady,200,single_repeat,baseline_h200_pil_cop_continuation,1,1,primary,200,200,True,1000,152.4448975512328,152.14896159791726,0.2959359533155666,"[-0.04610044700016656, 0.6325292744266148]",-0.194504090075621,"[-0.41660936653448716, 0.030139457773993465]",0.95,2026091603,5000,inconclusive,candidate_minus_reference; negative difference favors candidate,"paired demand-path sampling, excluding generation variation"
exp_regime095_random3_9,self_evolve_h200_r1,base_stock,steady,500,single_repeat,baseline_h200_base_stock,1,1,primary,200,200,True,1000,153.65900870120927,163.98894596627395,-10.329937265064686,"[-10.646799030700272, -10.01932595935699]",6.299166815298108,"[6.131931738451786, 6.468132777620928]",0.95,2026091603,5000,win,candidate_minus_reference; negative difference favors candidate,"paired demand-path sampling, excluding generation variation"
exp_regime095_random3_9,self_evolve_h200_r1,capped_base_stock,steady,500,single_repeat,baseline_h200_capped_base_stock,1,1,primary,200,200,True,1000,153.65900870120927,161.26977023601137,-7.610761534802077,"[-7.941037633636958, -7.288884641325726]",4.719273502817095,"[4.54043526397015, 4.900749076244976]",0.95,2026091603,5000,win,candidate_minus_reference; negative difference favors candidate,"paired demand-path sampling, excluding generation variation"
exp_regime095_random3_9,self_evolve_h200_r1,conditional_pil,steady,500,single_repeat,baseline_h200_conditional_pil,1,1,primary,200,200,True,1000,153.65900870120927,155.45239581139984,-1.7933871101905645,"[-2.0572766786025865, -1.53333527381245]",1.153656784014036,"[0.9905800626852632, 1.3205112794111864]",0.95,2026091603,5000,win,candidate_minus_reference; negative difference favors candidate,"paired demand-path sampling, excluding generation variation"
exp_regime095_random3_9,self_evolve_h200_r1,constant_order,steady,500,single_repeat,baseline_h200_constant_order,1,1,primary,200,200,True,1000,153.65900870120927,163.86809569601448,-10.209086994805205,"[-10.624296582296601, -9.801208903537406]",6.230063851931066,"[6.021486318991452, 6.444399143523508]",0.95,2026091603,5000,win,candidate_minus_reference; negative difference favors candidate,"paired demand-path sampling, excluding generation variation"
exp_regime095_random3_9,self_evolve_h200_r1,forecast_adaptive_pil,steady,500,single_repeat,baseline_h200_forecast_adaptive_pil,1,1,primary,200,200,True,1000,153.65900870120927,149.00905596579383,4.6499527354154475,"[4.47403437639568, 4.824051242306212]",-3.120583984159239,"[-3.234782581134187, -3.0071963499523036]",0.95,2026091603,5000,loss,candidate_minus_reference; negative difference favors candidate,"paired demand-path sampling, excluding generation variation"
exp_regime095_random3_9,self_evolve_h200_r1,forecast_capped_base_stock,steady,500,single_repeat,baseline_h200_forecast_capped_base_stock,1,1,primary,200,200,True,1000,153.65900870120927,150.45197659283804,3.207032108371258,"[3.049571651676467, 3.3650417933852594]",-2.1315985213343493,"[-2.2369412771173067, -2.027213299140023]",0.95,2026091603,5000,loss,candidate_minus_reference; negative difference favors candidate,"paired demand-path sampling, excluding generation variation"
exp_regime095_random3_9,self_evolve_h200_r1,pil_cop_continuation,steady,500,single_repeat,baseline_h200_pil_cop_continuation,1,1,primary,200,200,True,1000,153.65900870120927,153.2137475157712,0.4452611854381016,"[0.23593691921484292, 0.650470485106051]",-0.2906143819713381,"[-0.42626460247340653, -0.15422257821358754]",0.95,2026091603,5000,loss,candidate_minus_reference; negative difference favors candidate,"paired demand-path sampling, excluding generation variation"
exp_regime095_random3_9,self_evolve_h200_r1,base_stock,cold_start,50,single_repeat,baseline_h200_base_stock,1,1,primary,200,200,True,1000,156.36359220740508,171.73537898515048,-15.371786777745445,"[-16.327318705349878, -14.417877596977544]",8.950856176859492,"[8.438833628848096, 9.462975386216241]",0.95,2026091603,5000,win,candidate_minus_reference; negative difference favors candidate,"paired demand-path sampling, excluding generation variation"
exp_regime095_random3_9,self_evolve_h200_r1,capped_base_stock,cold_start,50,single_repeat,baseline_h200_capped_base_stock,1,1,primary,200,200,True,1000,156.36359220740508,163.86866302493328,-7.505070817528229,"[-8.473810919522, -6.5399000547485455]",4.57993046320655,"[4.043483248149409, 5.103862421764803]",0.95,2026091603,5000,win,candidate_minus_reference; negative difference favors candidate,"paired demand-path sampling, excluding generation variation"
exp_regime095_random3_9,self_evolve_h200_r1,conditional_pil,cold_start,50,single_repeat,baseline_h200_conditional_pil,1,1,primary,200,200,True,1000,156.36359220740508,158.10634198736687,-1.7427497799618177,"[-2.520110385752359, -0.9721230475140481]",1.102264310245726,"[0.6207622352003933, 1.5735576118415637]",0.95,2026091603,5000,win,candidate_minus_reference; negative difference favors candidate,"paired demand-path sampling, excluding generation variation"
exp_regime095_random3_9,self_evolve_h200_r1,constant_order,cold_start,50,single_repeat,baseline_h200_constant_order,1,1,primary,200,200,True,1000,156.36359220740508,166.90774436460836,-10.544152157203321,"[-11.740313963636913, -9.379341663108281]",6.317353456152212,"[5.71449755696062, 6.913251851314113]",0.95,2026091603,5000,win,candidate_minus_reference; negative difference favors candidate,"paired demand-path sampling, excluding generation variation"
exp_regime095_random3_9,self_evolve_h200_r1,forecast_adaptive_pil,cold_start,50,single_repeat,baseline_h200_forecast_adaptive_pil,1,1,primary,200,200,True,1000,156.36359220740508,151.47178884000834,4.891803367396711,"[4.393899019012986, 5.394696377033468]",-3.2295144890403895,"[-3.5476858059632796, -2.91290103744791]",0.95,2026091603,5000,loss,candidate_minus_reference; negative difference favors candidate,"paired demand-path sampling, excluding generation variation"
exp_regime095_random3_9,self_evolve_h200_r1,forecast_capped_base_stock,cold_start,50,single_repeat,baseline_h200_forecast_capped_base_stock,1,1,primary,200,200,True,1000,156.36359220740508,153.84032594944642,2.5232662579586274,"[2.0812399273237467, 2.960895139876338]",-1.6401852000676502,"[-1.9293914140606563, -1.3476576181199056]",0.95,2026091603,5000,loss,candidate_minus_reference; negative difference favors candidate,"paired demand-path sampling, excluding generation variation"
exp_regime095_random3_9,self_evolve_h200_r1,pil_cop_continuation,cold_start,50,single_repeat,baseline_h200_pil_cop_continuation,1,1,primary,200,200,True,1000,156.36359220740508,156.00994326140085,0.3536489460042083,"[-0.32711866456820504, 1.0249074214478795]",-0.2266835937576586,"[-0.6598796899366325, 0.2083138281613717]",0.95,2026091603,5000,inconclusive,candidate_minus_reference; negative difference favors candidate,"paired demand-path sampling, excluding generation variation"
exp_regime095_random3_9,self_evolve_h200_r1,base_stock,cold_start,100,single_repeat,baseline_h200_base_stock,1,1,primary,200,200,True,1000,155.3973636748399,168.20990458682792,-12.812540911988021,"[-13.498672925410828, -12.121832613251447]",7.6169955291629865,"[7.24546768549676, 7.981281086764196]",0.95,2026091603,5000,win,candidate_minus_reference; negative difference favors candidate,"paired demand-path sampling, excluding generation variation"
exp_regime095_random3_9,self_evolve_h200_r1,capped_base_stock,cold_start,100,single_repeat,baseline_h200_capped_base_stock,1,1,primary,200,200,True,1000,155.3973636748399,162.93514442685168,-7.537780752011788,"[-8.240651065090171, -6.813485495804799]",4.626246092288451,"[4.22649459655827, 5.0155730755307895]",0.95,2026091603,5000,win,candidate_minus_reference; negative difference favors candidate,"paired demand-path sampling, excluding generation variation"
exp_regime095_random3_9,self_evolve_h200_r1,conditional_pil,cold_start,100,single_repeat,baseline_h200_conditional_pil,1,1,primary,200,200,True,1000,155.3973636748399,157.107579950786,-1.7102162759461204,"[-2.2579206272849706, -1.1494297990131486]",1.0885638213521085,"[0.7364358201101711, 1.4318210420447302]",0.95,2026091603,5000,win,candidate_minus_reference; negative difference favors candidate,"paired demand-path sampling, excluding generation variation"
exp_regime095_random3_9,self_evolve_h200_r1,constant_order,cold_start,100,single_repeat,baseline_h200_constant_order,1,1,primary,200,200,True,1000,155.3973636748399,165.69185437874978,-10.294490703909899,"[-11.122797778465179, -9.421393347642034]",6.213033671756743,"[5.768899571445031, 6.635053991713781]",0.95,2026091603,5000,win,candidate_minus_reference; negative difference favors candidate,"paired demand-path sampling, excluding generation variation"
exp_regime095_random3_9,self_evolve_h200_r1,forecast_adaptive_pil,cold_start,100,single_repeat,baseline_h200_forecast_adaptive_pil,1,1,primary,200,200,True,1000,155.3973636748399,150.52132253334594,4.876041141493991,"[4.500568105886279, 5.252536965994156]",-3.2394354895558077,"[-3.4765137490148215, -3.000184177677398]",0.95,2026091603,5000,loss,candidate_minus_reference; negative difference favors candidate,"paired demand-path sampling, excluding generation variation"
exp_regime095_random3_9,self_evolve_h200_r1,forecast_capped_base_stock,cold_start,100,single_repeat,baseline_h200_forecast_capped_base_stock,1,1,primary,200,200,True,1000,155.3973636748399,152.2117908098714,3.185572864968507,"[2.8692893038837486, 3.5012383002303933]",-2.0928555192860436,"[-2.3047621328309122, -1.8798443085046594]",0.95,2026091603,5000,loss,candidate_minus_reference; negative difference favors candidate,"paired demand-path sampling, excluding generation variation"
exp_regime095_random3_9,self_evolve_h200_r1,pil_cop_continuation,cold_start,100,single_repeat,baseline_h200_pil_cop_continuation,1,1,primary,200,200,True,1000,155.3973636748399,154.97484342239122,0.42252025244866986,"[-0.054943528101435386, 0.904822735083141]",-0.2726379605347256,"[-0.5849954996520105, 0.03593051583730001]",0.95,2026091603,5000,inconclusive,candidate_minus_reference; negative difference favors candidate,"paired demand-path sampling, excluding generation variation"
exp_regime095_random3_9,self_evolve_h200_r1,base_stock,cold_start,200,single_repeat,baseline_h200_base_stock,1,1,primary,200,200,True,1000,154.5727081125558,166.11692760824045,-11.544219495684661,"[-12.050423490190001, -11.042527251713432]",6.9494540152523125,"[6.676794037210414, 7.208938741381358]",0.95,2026091603,5000,win,candidate_minus_reference; negative difference favors candidate,"paired demand-path sampling, excluding generation variation"
exp_regime095_random3_9,self_evolve_h200_r1,capped_base_stock,cold_start,200,single_repeat,baseline_h200_capped_base_stock,1,1,primary,200,200,True,1000,154.5727081125558,162.10928711845784,-7.536579005902063,"[-8.056485583081363, -7.007788061768685]",4.649072943239118,"[4.360702716687712, 4.924284377660347]",0.95,2026091603,5000,win,candidate_minus_reference; negative difference favors candidate,"paired demand-path sampling, excluding generation variation"
exp_regime095_random3_9,self_evolve_h200_r1,conditional_pil,cold_start,200,single_repeat,baseline_h200_conditional_pil,1,1,primary,200,200,True,1000,154.5727081125558,156.32343123077013,-1.7507231182143672,"[-2.156888426627324, -1.3382331037388993]",1.1199364704513461,"[0.8589455410075244, 1.3737998442532413]",0.95,2026091603,5000,win,candidate_minus_reference; negative difference favors candidate,"paired demand-path sampling, excluding generation variation"
exp_regime095_random3_9,self_evolve_h200_r1,constant_order,cold_start,200,single_repeat,baseline_h200_constant_order,1,1,primary,200,200,True,1000,154.5727081125558,164.71274416948054,-10.140036056924767,"[-10.773670173481197, -9.505792919215317]",6.15619398975661,"[5.823464016142603, 6.473358622323592]",0.95,2026091603,5000,win,candidate_minus_reference; negative difference favors candidate,"paired demand-path sampling, excluding generation variation"
exp_regime095_random3_9,self_evolve_h200_r1,forecast_adaptive_pil,cold_start,200,single_repeat,baseline_h200_forecast_adaptive_pil,1,1,primary,200,200,True,1000,154.5727081125558,149.94966487818658,4.623043234369186,"[4.3627713068442615, 4.892963464708191]",-3.0830633987243687,"[-3.2528832166167816, -2.9155677805726685]",0.95,2026091603,5000,loss,candidate_minus_reference; negative difference favors candidate,"paired demand-path sampling, excluding generation variation"
exp_regime095_random3_9,self_evolve_h200_r1,forecast_capped_base_stock,cold_start,200,single_repeat,baseline_h200_forecast_capped_base_stock,1,1,primary,200,200,True,1000,154.5727081125558,151.42488925920136,3.147818853354387,"[2.916848476165804, 3.378707206576499]",-2.0787988479002033,"[-2.2342458902336504, -1.9249342128279245]",0.95,2026091603,5000,loss,candidate_minus_reference; negative difference favors candidate,"paired demand-path sampling, excluding generation variation"
exp_regime095_random3_9,self_evolve_h200_r1,pil_cop_continuation,cold_start,200,single_repeat,baseline_h200_pil_cop_continuation,1,1,primary,200,200,True,1000,154.5727081125558,154.20432891342492,0.36837919913085604,"[0.031296764615675154, 0.719365602613925]",-0.23889030984188817,"[-0.46702011243123925, -0.020293795732589496]",0.95,2026091603,5000,loss,candidate_minus_reference; negative difference favors candidate,"paired demand-path sampling, excluding generation variation"
exp_regime095_random3_9,self_evolve_h200_r1,base_stock,cold_start,500,single_repeat,baseline_h200_base_stock,1,1,primary,200,200,True,1000,154.5508826440683,165.34964545524713,-10.798762811178843,"[-11.11939821660642, -10.470791704936653]",6.530865416401251,"[6.355910042105302, 6.7030302603235565]",0.95,2026091603,5000,win,candidate_minus_reference; negative difference favors candidate,"paired demand-path sampling, excluding generation variation"
exp_regime095_random3_9,self_evolve_h200_r1,capped_base_stock,cold_start,500,single_repeat,baseline_h200_capped_base_stock,1,1,primary,200,200,True,1000,154.5508826440683,162.00837361962567,-7.457490975557348,"[-7.786623358782385, -7.118490111752036]",4.60315155873768,"[4.4166957362802455, 4.783718167614322]",0.95,2026091603,5000,win,candidate_minus_reference; negative difference favors candidate,"paired demand-path sampling, excluding generation variation"
exp_regime095_random3_9,self_evolve_h200_r1,conditional_pil,cold_start,500,single_repeat,baseline_h200_conditional_pil,1,1,primary,200,200,True,1000,154.5508826440683,156.13233300058036,-1.5814503565120976,"[-1.840691289968651, -1.3273165385286854]",1.0128910047774486,"[0.8500535162754422, 1.1741021241303626]",0.95,2026091603,5000,win,candidate_minus_reference; negative difference favors candidate,"paired demand-path sampling, excluding generation variation"
exp_regime095_random3_9,self_evolve_h200_r1,constant_order,cold_start,500,single_repeat,baseline_h200_constant_order,1,1,primary,200,200,True,1000,154.5508826440683,164.60068680617144,-10.049804162103149,"[-10.447491641152958, -9.63823449075456]",6.105566360082969,"[5.8932671720096295, 6.313434343724439]",0.95,2026091603,5000,win,candidate_minus_reference; negative difference favors candidate,"paired demand-path sampling, excluding generation variation"
exp_regime095_random3_9,self_evolve_h200_r1,forecast_adaptive_pil,cold_start,500,single_repeat,baseline_h200_forecast_adaptive_pil,1,1,primary,200,200,True,1000,154.5508826440683,149.97187503813166,4.579007605936613,"[4.404017795303225, 4.75487281824736]",-3.053244219806147,"[-3.1646442475584045, -2.940314072023054]",0.95,2026091603,5000,loss,candidate_minus_reference; negative difference favors candidate,"paired demand-path sampling, excluding generation variation"
exp_regime095_random3_9,self_evolve_h200_r1,forecast_capped_base_stock,cold_start,500,single_repeat,baseline_h200_forecast_capped_base_stock,1,1,primary,200,200,True,1000,154.5508826440683,151.29895822096802,3.2519244231002933,"[3.0950266101368715, 3.409064990071017]",-2.1493369560092703,"[-2.255674435181833, -2.0432713614772076]",0.95,2026091603,5000,loss,candidate_minus_reference; negative difference favors candidate,"paired demand-path sampling, excluding generation variation"
exp_regime095_random3_9,self_evolve_h200_r1,pil_cop_continuation,cold_start,500,single_repeat,baseline_h200_pil_cop_continuation,1,1,primary,200,200,True,1000,154.5508826440683,153.97222827724607,0.5786543668222218,"[0.3682891393888094, 0.7940180005649544]",-0.37581736219358736,"[-0.5163275125634929, -0.23917052324000504]",0.95,2026091603,5000,loss,candidate_minus_reference; negative difference favors candidate,"paired demand-path sampling, excluding generation variation"
exp_regime095_random3_9,self_evolve_h200_r2,base_stock,steady,50,single_repeat,baseline_h200_base_stock,2,1,primary,200,200,True,1000,150.70585003259205,162.18527091459742,-11.479420882005373,"[-12.725422200861786, -10.243945080067409]",7.077967572067711,"[6.386575050780515, 7.76644330727798]",0.95,2026091603,5000,win,candidate_minus_reference; negative difference favors candidate,"paired demand-path sampling, excluding generation variation"
exp_regime095_random3_9,self_evolve_h200_r2,capped_base_stock,steady,50,single_repeat,baseline_h200_capped_base_stock,2,1,primary,200,200,True,1000,150.70585003259205,159.40209489556383,-8.696244862971795,"[-10.035411247530806, -7.371576064915888]",5.45553988400801,"[4.688323952749529, 6.210730984398005]",0.95,2026091603,5000,win,candidate_minus_reference; negative difference favors candidate,"paired demand-path sampling, excluding generation variation"
exp_regime095_random3_9,self_evolve_h200_r2,conditional_pil,steady,50,single_repeat,baseline_h200_conditional_pil,2,1,primary,200,200,True,1000,150.70585003259205,153.6403417902594,-2.9344917576673604,"[-4.002558202263151, -1.8612622694522927]",1.9099747653994104,"[1.225396118285966, 2.575907204368245]",0.95,2026091603,5000,win,candidate_minus_reference; negative difference favors candidate,"paired demand-path sampling, excluding generation variation"
exp_regime095_random3_9,self_evolve_h200_r2,constant_order,steady,50,single_repeat,baseline_h200_constant_order,2,1,primary,200,200,True,1000,150.70585003259205,161.7776880009075,-11.07183796831542,"[-12.589334952467821, -9.55844034950285]",6.8438596849358655,"[5.999891911271629, 7.664713944074117]",0.95,2026091603,5000,win,candidate_minus_reference; negative difference favors candidate,"paired demand-path sampling, excluding generation variation"
exp_regime095_random3_9,self_evolve_h200_r2,forecast_adaptive_pil,steady,50,single_repeat,baseline_h200_forecast_adaptive_pil,2,1,primary,200,200,True,1000,150.70585003259205,147.29158479929168,3.4142652333003847,"[3.0608174720855987, 3.7639809492108354]",-2.318031432653027,"[-2.5566227270915736, -2.0767857853519534]",0.95,2026091603,5000,loss,candidate_minus_reference; negative difference favors candidate,"paired demand-path sampling, excluding generation variation"
exp_regime095_random3_9,self_evolve_h200_r2,forecast_capped_base_stock,steady,50,single_repeat,baseline_h200_forecast_capped_base_stock,2,1,primary,200,200,True,1000,150.70585003259205,148.77317265741274,1.9326773751793185,"[1.5173164561207095, 2.342640757610289]",-1.2990765342013513,"[-1.585059821684885, -1.0135515912500705]",0.95,2026091603,5000,loss,candidate_minus_reference; negative difference favors candidate,"paired demand-path sampling, excluding generation variation"
exp_regime095_random3_9,self_evolve_h200_r2,pil_cop_continuation,steady,50,single_repeat,baseline_h200_pil_cop_continuation,2,1,primary,200,200,True,1000,150.70585003259205,151.46078065049383,-0.7549306179017813,"[-1.663038709189646, 0.1649882558271314]",0.49843306937908366,"[-0.11128321436667153, 1.09159424041677]",0.95,2026091603,5000,inconclusive,candidate_minus_reference; negative difference favors candidate,"paired demand-path sampling, excluding generation variation"
exp_regime095_random3_9,self_evolve_h200_r2,base_stock,steady,100,single_repeat,baseline_h200_base_stock,2,1,primary,200,200,True,1000,150.5259391319091,162.24210970905378,-11.716170577144672,"[-12.621912965699556, -10.818149747295053]",7.221411628679573,"[6.72805811379341, 7.718401583920634]",0.95,2026091603,5000,win,candidate_minus_reference; negative difference favors candidate,"paired demand-path sampling, excluding generation variation"
exp_regime095_random3_9,self_evolve_h200_r2,capped_base_stock,steady,100,single_repeat,baseline_h200_capped_base_stock,2,1,primary,200,200,True,1000,150.5259391319091,159.46407943815024,-8.938140306241163,"[-9.888874917992354, -8.010371795059031]",5.605112033840753,"[5.065888705359487, 6.137954230248427]",0.95,2026091603,5000,win,candidate_minus_reference; negative difference favors candidate,"paired demand-path sampling, excluding generation variation"
exp_regime095_random3_9,self_evolve_h200_r2,conditional_pil,steady,100,single_repeat,baseline_h200_conditional_pil,2,1,primary,200,200,True,1000,150.5259391319091,153.70117094834703,-3.1752318164379,"[-3.9303048943219787, -2.4082465619338054]",2.065847512316611,"[1.578769148869901, 2.5426060084717452]",0.95,2026091603,5000,win,candidate_minus_reference; negative difference favors candidate,"paired demand-path sampling, excluding generation variation"
exp_regime095_random3_9,self_evolve_h200_r2,constant_order,steady,100,single_repeat,baseline_h200_constant_order,2,1,primary,200,200,True,1000,150.5259391319091,161.77254717402195,-11.246608042112829,"[-12.342233644783043, -10.173689165202136]",6.9521116150904465,"[6.366040466609, 7.535093731766318]",0.95,2026091603,5000,win,candidate_minus_reference; negative difference favors candidate,"paired demand-path sampling, excluding generation variation"
exp_regime095_random3_9,self_evolve_h200_r2,forecast_adaptive_pil,steady,100,single_repeat,baseline_h200_forecast_adaptive_pil,2,1,primary,200,200,True,1000,150.5259391319091,147.07528823781612,3.450650894092995,"[3.199753432842011, 3.7034770646645745]",-2.3461799296380637,"[-2.519275184793079, -2.174380098562908]",0.95,2026091603,5000,loss,candidate_minus_reference; negative difference favors candidate,"paired demand-path sampling, excluding generation variation"
exp_regime095_random3_9,self_evolve_h200_r2,forecast_capped_base_stock,steady,100,single_repeat,baseline_h200_forecast_capped_base_stock,2,1,primary,200,200,True,1000,150.5259391319091,148.51948448108345,2.0064546508256385,"[1.7121517828370107, 2.3012351780421523]",-1.3509706540095099,"[-1.5612479005160962, -1.1443711685566966]",0.95,2026091603,5000,loss,candidate_minus_reference; negative difference favors candidate,"paired demand-path sampling, excluding generation variation"
exp_regime095_random3_9,self_evolve_h200_r2,pil_cop_continuation,steady,100,single_repeat,baseline_h200_pil_cop_continuation,2,1,primary,200,200,True,1000,150.5259391319091,151.55830535534736,-1.0323662234382283,"[-1.680199871867464, -0.3796330706173734]",0.681167700455444,"[0.25186415765307646, 1.1035935173830107]",0.95,2026091603,5000,win,candidate_minus_reference; negative difference favors candidate,"paired demand-path sampling, excluding generation variation"
exp_regime095_random3_9,self_evolve_h200_r2,base_stock,steady,200,single_repeat,baseline_h200_base_stock,2,1,primary,200,200,True,1000,151.21958497191193,162.92142239216227,-11.70183742025033,"[-12.366860012975229, -11.057368755360121]",7.182503840460754,"[6.823824730782287, 7.539454900440197]",0.95,2026091603,5000,win,candidate_minus_reference; negative difference favors candidate,"paired demand-path sampling, excluding generation variation"
exp_regime095_random3_9,self_evolve_h200_r2,capped_base_stock,steady,200,single_repeat,baseline_h200_capped_base_stock,2,1,primary,200,200,True,1000,151.21958497191193,160.12465431328886,-8.905069341376935,"[-9.609167635069614, -8.233961074002591]",5.561335560452724,"[5.176393430042576, 5.954952581347926]",0.95,2026091603,5000,win,candidate_minus_reference; negative difference favors candidate,"paired demand-path sampling, excluding generation variation"
exp_regime095_random3_9,self_evolve_h200_r2,conditional_pil,steady,200,single_repeat,baseline_h200_conditional_pil,2,1,primary,200,200,True,1000,151.21958497191193,154.4264548617123,-3.2068698898003647,"[-3.7750651737539926, -2.6479660933635487]",2.0766324608514135,"[1.722418305107544, 2.4332421053091986]",0.95,2026091603,5000,win,candidate_minus_reference; negative difference favors candidate,"paired demand-path sampling, excluding generation variation"
exp_regime095_random3_9,self_evolve_h200_r2,constant_order,steady,200,single_repeat,baseline_h200_constant_order,2,1,primary,200,200,True,1000,151.21958497191193,162.6852460141071,-11.465661042195178,"[-12.289364664683289, -10.687172658587965]",7.0477571403131,"[6.628550534571711, 7.481282995361185]",0.95,2026091603,5000,win,candidate_minus_reference; negative difference favors candidate,"paired demand-path sampling, excluding generation variation"
exp_regime095_random3_9,self_evolve_h200_r2,forecast_adaptive_pil,steady,200,single_repeat,baseline_h200_forecast_adaptive_pil,2,1,primary,200,200,True,1000,151.21958497191193,147.79132070207473,3.4282642698371957,"[3.241495763454153, 3.621987953101802]",-2.319665494260025,"[-2.449787121937571, -2.1947095469070628]",0.95,2026091603,5000,loss,candidate_minus_reference; negative difference favors candidate,"paired demand-path sampling, excluding generation variation"
exp_regime095_random3_9,self_evolve_h200_r2,forecast_capped_base_stock,steady,200,single_repeat,baseline_h200_forecast_capped_base_stock,2,1,primary,200,200,True,1000,151.21958497191193,149.17524820040833,2.044336771503609,"[1.827183796682658, 2.2638881297878597]",-1.370426257818017,"[-1.524162931854724, -1.21747296325597]",0.95,2026091603,5000,loss,candidate_minus_reference; negative difference favors candidate,"paired demand-path sampling, excluding generation variation"
exp_regime095_random3_9,self_evolve_h200_r2,pil_cop_continuation,steady,200,single_repeat,baseline_h200_pil_cop_continuation,2,1,primary,200,200,True,1000,151.21958497191193,152.14896159791726,-0.9293766260053072,"[-1.4183524755056907, -0.45184774369268876]",0.6108333676712112,"[0.29975811916194106, 0.9286393730903536]",0.95,2026091603,5000,win,candidate_minus_reference; negative difference favors candidate,"paired demand-path sampling, excluding generation variation"
exp_regime095_random3_9,self_evolve_h200_r2,base_stock,steady,500,single_repeat,baseline_h200_base_stock,2,1,primary,200,200,True,1000,152.46015591738313,163.98894596627395,-11.528790048890855,"[-11.950111429777811, -11.11299825261132]",7.0302238854939825,"[6.8028835368614, 7.257746134981149]",0.95,2026091603,5000,win,candidate_minus_reference; negative difference favors candidate,"paired demand-path sampling, excluding generation variation"
exp_regime095_random3_9,self_evolve_h200_r2,capped_base_stock,steady,500,single_repeat,baseline_h200_capped_base_stock,2,1,primary,200,200,True,1000,152.46015591738313,161.26977023601137,-8.809614318628245,"[-9.25236145918923, -8.372156653879713]",5.462656954081192,"[5.218335272924233, 5.709229282806135]",0.95,2026091603,5000,win,candidate_minus_reference; negative difference favors candidate,"paired demand-path sampling, excluding generation variation"
exp_regime095_random3_9,self_evolve_h200_r2,conditional_pil,steady,500,single_repeat,baseline_h200_conditional_pil,2,1,primary,200,200,True,1000,152.46015591738313,155.45239581139984,-2.9922398940167336,"[-3.353388415128771, -2.6425719941697836]",1.9248592975350431,"[1.707642775780445, 2.148141424792231]",0.95,2026091603,5000,win,candidate_minus_reference; negative difference favors candidate,"paired demand-path sampling, excluding generation variation"
exp_regime095_random3_9,self_evolve_h200_r2,constant_order,steady,500,single_repeat,baseline_h200_constant_order,2,1,primary,200,200,True,1000,152.46015591738313,163.86809569601448,-11.407939778631375,"[-11.928982409859962, -10.893285773614325]",6.961660065784729,"[6.688696762602661, 7.236579494411552]",0.95,2026091603,5000,win,candidate_minus_reference; negative difference favors candidate,"paired demand-path sampling, excluding generation variation"
exp_regime095_random3_9,self_evolve_h200_r2,forecast_adaptive_pil,steady,500,single_repeat,baseline_h200_forecast_adaptive_pil,2,1,primary,200,200,True,1000,152.46015591738313,149.00905596579383,3.451099951589279,"[3.3276839266792635, 3.5750282678055956]",-2.316033699576974,"[-2.400043894955229, -2.2334916967928824]",0.95,2026091603,5000,loss,candidate_minus_reference; negative difference favors candidate,"paired demand-path sampling, excluding generation variation"
exp_regime095_random3_9,self_evolve_h200_r2,forecast_capped_base_stock,steady,500,single_repeat,baseline_h200_forecast_capped_base_stock,2,1,primary,200,200,True,1000,152.46015591738313,150.45197659283804,2.008179324545089,"[1.8654149025480615, 2.1517529856354733]",-1.3347643347882026,"[-1.4343358169242146, -1.2369129257085631]",0.95,2026091603,5000,loss,candidate_minus_reference; negative difference favors candidate,"paired demand-path sampling, excluding generation variation"
exp_regime095_random3_9,self_evolve_h200_r2,pil_cop_continuation,steady,500,single_repeat,baseline_h200_pil_cop_continuation,2,1,primary,200,200,True,1000,152.46015591738313,153.2137475157712,-0.7535915983880677,"[-1.0488145086030383, -0.46304364996371206]",0.4918563840431382,"[0.30426648276441914, 0.6833031117949426]",0.95,2026091603,5000,win,candidate_minus_reference; negative difference favors candidate,"paired demand-path sampling, excluding generation variation"
exp_regime095_random3_9,self_evolve_h200_r2,base_stock,cold_start,50,single_repeat,baseline_h200_base_stock,2,1,primary,200,200,True,1000,154.95292410593822,171.73537898515048,-16.782454879212253,"[-18.000482723855693, -15.563642706648174]",9.772275799189513,"[9.117466481801745, 10.424897483653814]",0.95,2026091603,5000,win,candidate_minus_reference; negative difference favors candidate,"paired demand-path sampling, excluding generation variation"
exp_regime095_random3_9,self_evolve_h200_r2,capped_base_stock,cold_start,50,single_repeat,baseline_h200_capped_base_stock,2,1,primary,200,200,True,1000,154.95292410593822,163.86866302493328,-8.91573891899504,"[-10.220172890328396, -7.638766705329969]",5.440783341009193,"[4.719686622727862, 6.151411081368596]",0.95,2026091603,5000,win,candidate_minus_reference; negative difference favors candidate,"paired demand-path sampling, excluding generation variation"
exp_regime095_random3_9,self_evolve_h200_r2,conditional_pil,cold_start,50,single_repeat,baseline_h200_conditional_pil,2,1,primary,200,200,True,1000,154.95292410593822,158.10634198736687,-3.153417881428627,"[-4.214886483636902, -2.112209902833725]",1.9944917084228149,"[1.3494234710187885, 2.6350264918919755]",0.95,2026091603,5000,win,candidate_minus_reference; negative difference favors candidate,"paired demand-path sampling, excluding generation variation"
exp_regime095_random3_9,self_evolve_h200_r2,constant_order,cold_start,50,single_repeat,baseline_h200_constant_order,2,1,primary,200,200,True,1000,154.95292410593822,166.90774436460836,-11.95482025867013,"[-13.483332322134212, -10.498169468020853]",7.16253179514244,"[6.394979832303306, 7.935151178183153]",0.95,2026091603,5000,win,candidate_minus_reference; negative difference favors candidate,"paired demand-path sampling, excluding generation variation"
exp_regime095_random3_9,self_evolve_h200_r2,forecast_adaptive_pil,cold_start,50,single_repeat,baseline_h200_forecast_adaptive_pil,2,1,primary,200,200,True,1000,154.95292410593822,151.47178884000834,3.4811352659299013,"[3.101241648556213, 3.873526647990253]",-2.298207007779395,"[-2.55999003693086, -2.04374558231658]",0.95,2026091603,5000,loss,candidate_minus_reference; negative difference favors candidate,"paired demand-path sampling, excluding generation variation"
exp_regime095_random3_9,self_evolve_h200_r2,forecast_capped_base_stock,cold_start,50,single_repeat,baseline_h200_forecast_capped_base_stock,2,1,primary,200,200,True,1000,154.95292410593822,153.84032594944642,1.112598156491818,"[0.6615714950418367, 1.5750474655193274]",-0.7232161981101177,"[-1.0304036633917508, -0.42536488820380747]",0.95,2026091603,5000,loss,candidate_minus_reference; negative difference favors candidate,"paired demand-path sampling, excluding generation variation"
exp_regime095_random3_9,self_evolve_h200_r2,pil_cop_continuation,cold_start,50,single_repeat,baseline_h200_pil_cop_continuation,2,1,primary,200,200,True,1000,154.95292410593822,156.00994326140085,-1.057019155462601,"[-1.9881513763507448, -0.13262033460460543]",0.6775331965165508,"[0.0853816096781994, 1.2677445066238562]",0.95,2026091603,5000,win,candidate_minus_reference; negative difference favors candidate,"paired demand-path sampling, excluding generation variation"
exp_regime095_random3_9,self_evolve_h200_r2,base_stock,cold_start,100,single_repeat,baseline_h200_base_stock,2,1,primary,200,200,True,1000,153.95008526588884,168.20990458682792,-14.259819320939092,"[-15.145445266201873, -13.343572127754689]",8.477395760948385,"[7.9975829279148725, 8.944947698645835]",0.95,2026091603,5000,win,candidate_minus_reference; negative difference favors candidate,"paired demand-path sampling, excluding generation variation"
exp_regime095_random3_9,self_evolve_h200_r2,capped_base_stock,cold_start,100,single_repeat,baseline_h200_capped_base_stock,2,1,primary,200,200,True,1000,153.95008526588884,162.93514442685168,-8.985059160962859,"[-9.904019420319923, -8.029447410563726]",5.514500381467179,"[4.981612310048949, 6.020137444681712]",0.95,2026091603,5000,win,candidate_minus_reference; negative difference favors candidate,"paired demand-path sampling, excluding generation variation"
exp_regime095_random3_9,self_evolve_h200_r2,conditional_pil,cold_start,100,single_repeat,baseline_h200_conditional_pil,2,1,primary,200,200,True,1000,153.95008526588884,157.107579950786,-3.157494684897193,"[-3.8887377395826337, -2.4102230519790804]",2.0097659743000595,"[1.5434959426884791, 2.456658531059262]",0.95,2026091603,5000,win,candidate_minus_reference; negative difference favors candidate,"paired demand-path sampling, excluding generation variation"
exp_regime095_random3_9,self_evolve_h200_r2,constant_order,cold_start,100,single_repeat,baseline_h200_constant_order,2,1,primary,200,200,True,1000,153.95008526588884,165.69185437874978,-11.741769112860974,"[-12.77777183368518, -10.65859790315576]",7.086509567344691,"[6.513190733770264, 7.6326396002277095]",0.95,2026091603,5000,win,candidate_minus_reference; negative difference favors candidate,"paired demand-path sampling, excluding generation variation"
exp_regime095_random3_9,self_evolve_h200_r2,forecast_adaptive_pil,cold_start,100,single_repeat,baseline_h200_forecast_adaptive_pil,2,1,primary,200,200,True,1000,153.95008526588884,150.52132253334594,3.4287627325429186,"[3.1628715671397885, 3.70759908250193]",-2.2779249310564036,"[-2.464494740135318, -2.1014420482411844]",0.95,2026091603,5000,loss,candidate_minus_reference; negative difference favors candidate,"paired demand-path sampling, excluding generation variation"
exp_regime095_random3_9,self_evolve_h200_r2,forecast_capped_base_stock,cold_start,100,single_repeat,baseline_h200_forecast_capped_base_stock,2,1,primary,200,200,True,1000,153.95008526588884,152.2117908098714,1.7382944560174347,"[1.429286703093949, 2.05433655942182]",-1.1420235231242828,"[-1.3577998761441472, -0.9335347604816994]",0.95,2026091603,5000,loss,candidate_minus_reference; negative difference favors candidate,"paired demand-path sampling, excluding generation variation"
exp_regime095_random3_9,self_evolve_h200_r2,pil_cop_continuation,cold_start,100,single_repeat,baseline_h200_pil_cop_continuation,2,1,primary,200,200,True,1000,153.95008526588884,154.97484342239122,-1.0247581565024027,"[-1.6651111198920894, -0.36805742194754487]",0.6612416143627554,"[0.2389215476227812, 1.0701168152332237]",0.95,2026091603,5000,win,candidate_minus_reference; negative difference favors candidate,"paired demand-path sampling, excluding generation variation"
exp_regime095_random3_9,self_evolve_h200_r2,base_stock,cold_start,200,single_repeat,baseline_h200_base_stock,2,1,primary,200,200,True,1000,153.29768876238361,166.11692760824045,-12.819238845856807,"[-13.467211466187496, -12.14508529847711]",7.716997316546153,"[7.358249027245548, 8.065162896125136]",0.95,2026091603,5000,win,candidate_minus_reference; negative difference favors candidate,"paired demand-path sampling, excluding generation variation"
exp_regime095_random3_9,self_evolve_h200_r2,capped_base_stock,cold_start,200,single_repeat,baseline_h200_capped_base_stock,2,1,primary,200,200,True,1000,153.29768876238361,162.10928711845784,-8.81159835607421,"[-9.489160759776388, -8.129880159191526]",5.435591330208826,"[5.0513995168335155, 5.808284734982672]",0.95,2026091603,5000,win,candidate_minus_reference; negative difference favors candidate,"paired demand-path sampling, excluding generation variation"
exp_regime095_random3_9,self_evolve_h200_r2,conditional_pil,cold_start,200,single_repeat,baseline_h200_conditional_pil,2,1,primary,200,200,True,1000,153.29768876238361,156.32343123077013,-3.025742468386511,"[-3.5662937315151035, -2.471894426528484]",1.935565541623638,"[1.5892205888502038, 2.268335441532477]",0.95,2026091603,5000,win,candidate_minus_reference; negative difference favors candidate,"paired demand-path sampling, excluding generation variation"
exp_regime095_random3_9,self_evolve_h200_r2,constant_order,cold_start,200,single_repeat,baseline_h200_constant_order,2,1,primary,200,200,True,1000,153.29768876238361,164.71274416948054,-11.415055407096911,"[-12.2005172432604, -10.61873498289234]",6.930280631686551,"[6.508766889790903, 7.336871725184878]",0.95,2026091603,5000,win,candidate_minus_reference; negative difference favors candidate,"paired demand-path sampling, excluding generation variation"
exp_regime095_random3_9,self_evolve_h200_r2,forecast_adaptive_pil,cold_start,200,single_repeat,baseline_h200_forecast_adaptive_pil,2,1,primary,200,200,True,1000,153.29768876238361,149.94966487818658,3.348023884197042,"[3.160690424778472, 3.5399737436523986]",-2.2327651661754904,"[-2.3650383313110095, -2.1050080225841277]",0.95,2026091603,5000,loss,candidate_minus_reference; negative difference favors candidate,"paired demand-path sampling, excluding generation variation"
exp_regime095_random3_9,self_evolve_h200_r2,forecast_capped_base_stock,cold_start,200,single_repeat,baseline_h200_forecast_capped_base_stock,2,1,primary,200,200,True,1000,153.29768876238361,151.42488925920136,1.8727995031822426,"[1.652224701625004, 2.0940232242614756]",-1.2367844628081504,"[-1.38945315367069, -1.0853038664313839]",0.95,2026091603,5000,loss,candidate_minus_reference; negative difference favors candidate,"paired demand-path sampling, excluding generation variation"
exp_regime095_random3_9,self_evolve_h200_r2,pil_cop_continuation,cold_start,200,single_repeat,baseline_h200_pil_cop_continuation,2,1,primary,200,200,True,1000,153.29768876238361,154.20432891342492,-0.9066401510412884,"[-1.3673560716991493, -0.4211602669561875]",0.5879472758189023,"[0.2743520376877852, 0.8845192317684549]",0.95,2026091603,5000,win,candidate_minus_reference; negative difference favors candidate,"paired demand-path sampling, excluding generation variation"
exp_regime095_random3_9,self_evolve_h200_r2,base_stock,cold_start,500,single_repeat,baseline_h200_base_stock,2,1,primary,200,200,True,1000,153.42125656002642,165.34964545524713,-11.928388895220708,"[-12.36204890418031, -11.495155602562681]",7.214039596141254,"[6.9841826379026335, 7.447248565953498]",0.95,2026091603,5000,win,candidate_minus_reference; negative difference favors candidate,"paired demand-path sampling, excluding generation variation"
exp_regime095_random3_9,self_evolve_h200_r2,capped_base_stock,cold_start,500,single_repeat,baseline_h200_capped_base_stock,2,1,primary,200,200,True,1000,153.42125656002642,162.00837361962567,-8.587117059599214,"[-9.036913564286875, -8.135950822871584]",5.300415569728927,"[5.050135204282021, 5.5493512765796975]",0.95,2026091603,5000,win,candidate_minus_reference; negative difference favors candidate,"paired demand-path sampling, excluding generation variation"
exp_regime095_random3_9,self_evolve_h200_r2,conditional_pil,cold_start,500,single_repeat,baseline_h200_conditional_pil,2,1,primary,200,200,True,1000,153.42125656002642,156.13233300058036,-2.711076440553963,"[-3.06767913532126, -2.3538575731402487]",1.7363965480128072,"[1.5139808485154038, 1.9554244764977446]",0.95,2026091603,5000,win,candidate_minus_reference; negative difference favors candidate,"paired demand-path sampling, excluding generation variation"
exp_regime095_random3_9,self_evolve_h200_r2,constant_order,cold_start,500,single_repeat,baseline_h200_constant_order,2,1,primary,200,200,True,1000,153.42125656002642,164.60068680617144,-11.179430246145014,"[-11.683095961397209, -10.65494284230666]",6.791849088278447,"[6.520151415875267, 7.055179578199335]",0.95,2026091603,5000,win,candidate_minus_reference; negative difference favors candidate,"paired demand-path sampling, excluding generation variation"
exp_regime095_random3_9,self_evolve_h200_r2,forecast_adaptive_pil,cold_start,500,single_repeat,baseline_h200_forecast_adaptive_pil,2,1,primary,200,200,True,1000,153.42125656002642,149.97187503813166,3.4493815218947477,"[3.3336701927865295, 3.5646816551955363]",-2.300018934228654,"[-2.3779590461873257, -2.222808856205866]",0.95,2026091603,5000,loss,candidate_minus_reference; negative difference favors candidate,"paired demand-path sampling, excluding generation variation"
exp_regime095_random3_9,self_evolve_h200_r2,forecast_capped_base_stock,cold_start,500,single_repeat,baseline_h200_forecast_capped_base_stock,2,1,primary,200,200,True,1000,153.42125656002642,151.29895822096802,2.122298339058428,"[1.9783403029909228, 2.2631697893493365]",-1.4027184086481577,"[-1.4982926858255206, -1.3046414045518782]",0.95,2026091603,5000,loss,candidate_minus_reference; negative difference favors candidate,"paired demand-path sampling, excluding generation variation"
exp_regime095_random3_9,self_evolve_h200_r2,pil_cop_continuation,cold_start,500,single_repeat,baseline_h200_pil_cop_continuation,2,1,primary,200,200,True,1000,153.42125656002642,153.97222827724607,-0.5509717172196433,"[-0.8527711112550986, -0.2559154079476386]",0.35783837344196917,"[0.16712639099999388, 0.5532488113276791]",0.95,2026091603,5000,win,candidate_minus_reference; negative difference favors candidate,"paired demand-path sampling, excluding generation variation"
exp_regime095_random3_9,self_evolve_h200_r3,base_stock,steady,50,single_repeat,baseline_h200_base_stock,3,1,primary,200,200,True,1000,154.85929293460347,162.18527091459742,-7.325977979993964,"[-8.287805166387633, -6.396577551939553]",4.5170427244602385,"[3.9838031888716383, 5.05431059941211]",0.95,2026091603,5000,win,candidate_minus_reference; negative difference favors candidate,"paired demand-path sampling, excluding generation variation"
exp_regime095_random3_9,self_evolve_h200_r3,capped_base_stock,steady,50,single_repeat,baseline_h200_capped_base_stock,3,1,primary,200,200,True,1000,154.85929293460347,159.40209489556383,-4.542801960960385,"[-5.586720599643506, -3.5368850215044234]",2.8499010404704457,"[2.2407888502255258, 3.4602242325076507]",0.95,2026091603,5000,win,candidate_minus_reference; negative difference favors candidate,"paired demand-path sampling, excluding generation variation"
exp_regime095_random3_9,self_evolve_h200_r3,conditional_pil,steady,50,single_repeat,baseline_h200_conditional_pil,3,1,primary,200,200,True,1000,154.85929293460347,153.6403417902594,1.2189511443440502,"[0.38271172043156904, 2.0598941564599524]",-0.7933796098996576,"[-1.3493691263399812, -0.24626611189713515]",0.95,2026091603,5000,loss,candidate_minus_reference; negative difference favors candidate,"paired demand-path sampling, excluding generation variation"
exp_regime095_random3_9,self_evolve_h200_r3,constant_order,steady,50,single_repeat,baseline_h200_constant_order,3,1,primary,200,200,True,1000,154.85929293460347,161.7776880009075,-6.918395066304011,"[-8.197234729863746, -5.694894790123139]",4.276482839997816,"[3.592549477677287, 4.984242846159381]",0.95,2026091603,5000,win,candidate_minus_reference; negative difference favors candidate,"paired demand-path sampling, excluding generation variation"
exp_regime095_random3_9,self_evolve_h200_r3,forecast_adaptive_pil,steady,50,single_repeat,baseline_h200_forecast_adaptive_pil,3,1,primary,200,200,True,1000,154.85929293460347,147.29158479929168,7.567708135311795,"[6.855217351998415, 8.302310032810611]",-5.137909369108901,"[-5.635239020087842, -4.6602676379046954]",0.95,2026091603,5000,loss,candidate_minus_reference; negative difference favors candidate,"paired demand-path sampling, excluding generation variation"
exp_regime095_random3_9,self_evolve_h200_r3,forecast_capped_base_stock,steady,50,single_repeat,baseline_h200_forecast_capped_base_stock,3,1,primary,200,200,True,1000,154.85929293460347,148.77317265741274,6.086120277190728,"[5.319666971319493, 6.833897132450514]",-4.0908721434646935,"[-4.6001114213608005, -3.5667590651028633]",0.95,2026091603,5000,loss,candidate_minus_reference; negative difference favors candidate,"paired demand-path sampling, excluding generation variation"
exp_regime095_random3_9,self_evolve_h200_r3,pil_cop_continuation,steady,50,single_repeat,baseline_h200_pil_cop_continuation,3,1,primary,200,200,True,1000,154.85929293460347,151.46078065049383,3.398512284109629,"[2.6839739756733265, 4.119440385057903]",-2.243823298357311,"[-2.734660228325807, -1.755209675472157]",0.95,2026091603,5000,loss,candidate_minus_reference; negative difference favors candidate,"paired demand-path sampling, excluding generation variation"
exp_regime095_random3_9,self_evolve_h200_r3,base_stock,steady,100,single_repeat,baseline_h200_base_stock,3,1,primary,200,200,True,1000,154.94614610127726,162.24210970905378,-7.2959636077765175,"[-8.008125176683347, -6.63501193763236]",4.496960512200101,"[4.126929520019703, 4.885412187692629]",0.95,2026091603,5000,win,candidate_minus_reference; negative difference favors candidate,"paired demand-path sampling, excluding generation variation"
exp_regime095_random3_9,self_evolve_h200_r3,capped_base_stock,steady,100,single_repeat,baseline_h200_capped_base_stock,3,1,primary,200,200,True,1000,154.94614610127726,159.46407943815024,-4.51793333687301,"[-5.261304837330695, -3.8180413142996503]",2.83319814267344,"[2.4212328264207272, 3.26467942886407]",0.95,2026091603,5000,win,candidate_minus_reference; negative difference favors candidate,"paired demand-path sampling, excluding generation variation"
exp_regime095_random3_9,self_evolve_h200_r3,conditional_pil,steady,100,single_repeat,baseline_h200_conditional_pil,3,1,primary,200,200,True,1000,154.94614610127726,153.70117094834703,1.2449751529302544,"[0.6538928942559074, 1.8253988021732828]",-0.8099971817056781,"[-1.1956937445124278, -0.42270533029019747]",0.95,2026091603,5000,loss,candidate_minus_reference; negative difference favors candidate,"paired demand-path sampling, excluding generation variation"
exp_regime095_random3_9,self_evolve_h200_r3,constant_order,steady,100,single_repeat,baseline_h200_constant_order,3,1,primary,200,200,True,1000,154.94614610127726,161.77254717402195,-6.826401072744673,"[-7.743770632914327, -5.967274972562568]",4.219752480871425,"[3.735813673712894, 4.717092670664715]",0.95,2026091603,5000,win,candidate_minus_reference; negative difference favors candidate,"paired demand-path sampling, excluding generation variation"
exp_regime095_random3_9,self_evolve_h200_r3,forecast_adaptive_pil,steady,100,single_repeat,baseline_h200_forecast_adaptive_pil,3,1,primary,200,200,True,1000,154.94614610127726,147.07528823781612,7.870857863461151,"[7.359347750704101, 8.388438949043667]",-5.35158418369659,"[-5.710175318735587, -5.001301682602752]",0.95,2026091603,5000,loss,candidate_minus_reference; negative difference favors candidate,"paired demand-path sampling, excluding generation variation"
exp_regime095_random3_9,self_evolve_h200_r3,forecast_capped_base_stock,steady,100,single_repeat,baseline_h200_forecast_capped_base_stock,3,1,primary,200,200,True,1000,154.94614610127726,148.51948448108345,6.426661620193793,"[5.878396799802753, 6.955387807319262]",-4.327150503281177,"[-4.705140152331244, -3.94252677612329]",0.95,2026091603,5000,loss,candidate_minus_reference; negative difference favors candidate,"paired demand-path sampling, excluding generation variation"
exp_regime095_random3_9,self_evolve_h200_r3,pil_cop_continuation,steady,100,single_repeat,baseline_h200_pil_cop_continuation,3,1,primary,200,200,True,1000,154.94614610127726,151.55830535534736,3.3878407459299265,"[2.8855210571284156, 3.8837094256916807]",-2.2353382336828664,"[-2.5726393338082443, -1.8991290113377288]",0.95,2026091603,5000,loss,candidate_minus_reference; negative difference favors candidate,"paired demand-path sampling, excluding generation variation"
exp_regime095_random3_9,self_evolve_h200_r3,base_stock,steady,200,single_repeat,baseline_h200_base_stock,3,1,primary,200,200,True,1000,155.71310663548223,162.92142239216227,-7.2083157566800296,"[-7.713849196402196, -6.717860906577285]",4.424412487222926,"[4.145432532637364, 4.706528240709324]",0.95,2026091603,5000,win,candidate_minus_reference; negative difference favors candidate,"paired demand-path sampling, excluding generation variation"
exp_regime095_random3_9,self_evolve_h200_r3,capped_base_stock,steady,200,single_repeat,baseline_h200_capped_base_stock,3,1,primary,200,200,True,1000,155.71310663548223,160.12465431328886,-4.411547677806635,"[-4.960690568546899, -3.885728318595176]",2.7550708519721727,"[2.446237331487437, 3.0753067796466462]",0.95,2026091603,5000,win,candidate_minus_reference; negative difference favors candidate,"paired demand-path sampling, excluding generation variation"
exp_regime095_random3_9,self_evolve_h200_r3,conditional_pil,steady,200,single_repeat,baseline_h200_conditional_pil,3,1,primary,200,200,True,1000,155.71310663548223,154.4264548617123,1.2866517737699352,"[0.8496795629326725, 1.7242644929873139]",-0.8331809306391961,"[-1.120980281097919, -0.5484202273069833]",0.95,2026091603,5000,loss,candidate_minus_reference; negative difference favors candidate,"paired demand-path sampling, excluding generation variation"
exp_regime095_random3_9,self_evolve_h200_r3,constant_order,steady,200,single_repeat,baseline_h200_constant_order,3,1,primary,200,200,True,1000,155.71310663548223,162.6852460141071,-6.972139378624878,"[-7.632776241682882, -6.332706428913651]",4.285661760637026,"[3.928094341060417, 4.647870691200785]",0.95,2026091603,5000,win,candidate_minus_reference; negative difference favors candidate,"paired demand-path sampling, excluding generation variation"
exp_regime095_random3_9,self_evolve_h200_r3,forecast_adaptive_pil,steady,200,single_repeat,baseline_h200_forecast_adaptive_pil,3,1,primary,200,200,True,1000,155.71310663548223,147.79132070207473,7.921785933407497,"[7.556271924442269, 8.281542590335903]",-5.360115800965501,"[-5.595817527976184, -5.116064912977635]",0.95,2026091603,5000,loss,candidate_minus_reference; negative difference favors candidate,"paired demand-path sampling, excluding generation variation"
exp_regime095_random3_9,self_evolve_h200_r3,forecast_capped_base_stock,steady,200,single_repeat,baseline_h200_forecast_capped_base_stock,3,1,primary,200,200,True,1000,155.71310663548223,149.17524820040833,6.537858435073909,"[6.126064403910251, 6.9238678928782]",-4.382669721648906,"[-4.657176882023676, -4.100347424334466]",0.95,2026091603,5000,loss,candidate_minus_reference; negative difference favors candidate,"paired demand-path sampling, excluding generation variation"
exp_regime095_random3_9,self_evolve_h200_r3,pil_cop_continuation,steady,200,single_repeat,baseline_h200_pil_cop_continuation,3,1,primary,200,200,True,1000,155.71310663548223,152.14896159791726,3.564145037564993,"[3.1887563982569924, 3.9338864599890018]",-2.342536551109632,"[-2.5930412151717444, -2.092429570292878]",0.95,2026091603,5000,loss,candidate_minus_reference; negative difference favors candidate,"paired demand-path sampling, excluding generation variation"
exp_regime095_random3_9,self_evolve_h200_r3,base_stock,steady,500,single_repeat,baseline_h200_base_stock,3,1,primary,200,200,True,1000,156.9048564775012,163.98894596627395,-7.084089488772775,"[-7.406124583689679, -6.75848344633274]",4.31985793129597,"[4.139017921265551, 4.498903756699334]",0.95,2026091603,5000,win,candidate_minus_reference; negative difference favors candidate,"paired demand-path sampling, excluding generation variation"
exp_regime095_random3_9,self_evolve_h200_r3,capped_base_stock,steady,500,single_repeat,baseline_h200_capped_base_stock,3,1,primary,200,200,True,1000,156.9048564775012,161.26977023601137,-4.364913758510167,"[-4.712954980944021, -4.028701477226561]",2.7065914164336604,"[2.5072184390007672, 2.902533415098327]",0.95,2026091603,5000,win,candidate_minus_reference; negative difference favors candidate,"paired demand-path sampling, excluding generation variation"
exp_regime095_random3_9,self_evolve_h200_r3,conditional_pil,steady,500,single_repeat,baseline_h200_conditional_pil,3,1,primary,200,200,True,1000,156.9048564775012,155.45239581139984,1.452460666101346,"[1.1705895959215762, 1.72769976247784]",-0.9343443428582048,"[-1.1142488198733582, -0.7499604826634102]",0.95,2026091603,5000,loss,candidate_minus_reference; negative difference favors candidate,"paired demand-path sampling, excluding generation variation"
exp_regime095_random3_9,self_evolve_h200_r3,constant_order,steady,500,single_repeat,baseline_h200_constant_order,3,1,primary,200,200,True,1000,156.9048564775012,163.86809569601448,-6.963239218513295,"[-7.394276004558439, -6.542540711992321]",4.249295257223543,"[4.018441324593099, 4.4849499758658204]",0.95,2026091603,5000,win,candidate_minus_reference; negative difference favors candidate,"paired demand-path sampling, excluding generation variation"
exp_regime095_random3_9,self_evolve_h200_r3,forecast_adaptive_pil,steady,500,single_repeat,baseline_h200_forecast_adaptive_pil,3,1,primary,200,200,True,1000,156.9048564775012,149.00905596579383,7.895800511707359,"[7.661732796781109, 8.123773503100951]",-5.298872917844608,"[-5.456056551526451, -5.1466478727671054]",0.95,2026091603,5000,loss,candidate_minus_reference; negative difference favors candidate,"paired demand-path sampling, excluding generation variation"
exp_regime095_random3_9,self_evolve_h200_r3,forecast_capped_base_stock,steady,500,single_repeat,baseline_h200_forecast_capped_base_stock,3,1,primary,200,200,True,1000,156.9048564775012,150.45197659283804,6.452879884663169,"[6.203730985683357, 6.701914354577569]",-4.288996416528527,"[-4.458036189834478, -4.120424576585215]",0.95,2026091603,5000,loss,candidate_minus_reference; negative difference favors candidate,"paired demand-path sampling, excluding generation variation"
exp_regime095_random3_9,self_evolve_h200_r3,pil_cop_continuation,steady,500,single_repeat,baseline_h200_pil_cop_continuation,3,1,primary,200,200,True,1000,156.9048564775012,153.2137475157712,3.691108961730012,"[3.453066913935084, 3.922841009359473]",-2.409123868829109,"[-2.5654021684872546, -2.2500527775025883]",0.95,2026091603,5000,loss,candidate_minus_reference; negative difference favors candidate,"paired demand-path sampling, excluding generation variation"
exp_regime095_random3_9,self_evolve_h200_r3,base_stock,cold_start,50,single_repeat,baseline_h200_base_stock,3,1,primary,200,200,True,1000,160.96094069305477,171.73537898515048,-10.77443829209573,"[-11.770353891101148, -9.789387575220633]",6.273860607969048,"[5.76328027633791, 6.789625586617036]",0.95,2026091603,5000,win,candidate_minus_reference; negative difference favors candidate,"paired demand-path sampling, excluding generation variation"
exp_regime095_random3_9,self_evolve_h200_r3,capped_base_stock,cold_start,50,single_repeat,baseline_h200_capped_base_stock,3,1,primary,200,200,True,1000,160.96094069305477,163.86866302493328,-2.9077223318785164,"[-4.050520033803184, -1.8044200855394221]",1.7744224418527754,"[1.1195500487662584, 2.428921847281755]",0.95,2026091603,5000,win,candidate_minus_reference; negative difference favors candidate,"paired demand-path sampling, excluding generation variation"
exp_regime095_random3_9,self_evolve_h200_r3,conditional_pil,cold_start,50,single_repeat,baseline_h200_conditional_pil,3,1,primary,200,200,True,1000,160.96094069305477,158.10634198736687,2.8545987056878968,"[1.9469278184195224, 3.76262497641842]",-1.8054928536111357,"[-2.417441971243838, -1.2206441691469263]",0.95,2026091603,5000,loss,candidate_minus_reference; negative difference favors candidate,"paired demand-path sampling, excluding generation variation"
exp_regime095_random3_9,self_evolve_h200_r3,constant_order,cold_start,50,single_repeat,baseline_h200_constant_order,3,1,primary,200,200,True,1000,160.96094069305477,166.90774436460836,-5.9468036715536075,"[-7.327621925995765, -4.620157995284982]",3.562928547259533,"[2.8224534126392364, 4.3091472991581625]",0.95,2026091603,5000,win,candidate_minus_reference; negative difference favors candidate,"paired demand-path sampling, excluding generation variation"
exp_regime095_random3_9,self_evolve_h200_r3,forecast_adaptive_pil,cold_start,50,single_repeat,baseline_h200_forecast_adaptive_pil,3,1,primary,200,200,True,1000,160.96094069305477,151.47178884000834,9.489151853046424,"[8.75063464477606, 10.242897160112122]",-6.264633121266768,"[-6.804526620637515, -5.751983953139825]",0.95,2026091603,5000,loss,candidate_minus_reference; negative difference favors candidate,"paired demand-path sampling, excluding generation variation"
exp_regime095_random3_9,self_evolve_h200_r3,forecast_capped_base_stock,cold_start,50,single_repeat,baseline_h200_forecast_capped_base_stock,3,1,primary,200,200,True,1000,160.96094069305477,153.84032594944642,7.120614743608341,"[6.347033270866727, 7.9419466181737945]",-4.628574919912905,"[-5.205847131414833, -4.086606221908937]",0.95,2026091603,5000,loss,candidate_minus_reference; negative difference favors candidate,"paired demand-path sampling, excluding generation variation"
exp_regime095_random3_9,self_evolve_h200_r3,pil_cop_continuation,cold_start,50,single_repeat,baseline_h200_pil_cop_continuation,3,1,primary,200,200,True,1000,160.96094069305477,156.00994326140085,4.9509974316539225,"[4.188368714443682, 5.7341500320935745]",-3.1735140261914747,"[-3.6999578581194386, -2.6599053481149757]",0.95,2026091603,5000,loss,candidate_minus_reference; negative difference favors candidate,"paired demand-path sampling, excluding generation variation"
exp_regime095_random3_9,self_evolve_h200_r3,base_stock,cold_start,100,single_repeat,baseline_h200_base_stock,3,1,primary,200,200,True,1000,159.34771720782615,168.20990458682792,-8.862187379001774,"[-9.569863956183996, -8.138853538541246]",5.268528866222152,"[4.873388106745777, 5.643737146957286]",0.95,2026091603,5000,win,candidate_minus_reference; negative difference favors candidate,"paired demand-path sampling, excluding generation variation"
exp_regime095_random3_9,self_evolve_h200_r3,capped_base_stock,cold_start,100,single_repeat,baseline_h200_capped_base_stock,3,1,primary,200,200,True,1000,159.34771720782615,162.93514442685168,-3.5874272190255416,"[-4.3581073150636, -2.819304722980835]",2.2017516427440076,"[1.7476584365118666, 2.6459503139265874]",0.95,2026091603,5000,win,candidate_minus_reference; negative difference favors candidate,"paired demand-path sampling, excluding generation variation"
exp_regime095_random3_9,self_evolve_h200_r3,conditional_pil,cold_start,100,single_repeat,baseline_h200_conditional_pil,3,1,primary,200,200,True,1000,159.34771720782615,157.107579950786,2.2401372570401255,"[1.618251677173112, 2.8692095990455755]",-1.4258619843433844,"[-1.840557886689025, -1.0200029634698662]",0.95,2026091603,5000,loss,candidate_minus_reference; negative difference favors candidate,"paired demand-path sampling, excluding generation variation"
exp_regime095_random3_9,self_evolve_h200_r3,constant_order,cold_start,100,single_repeat,baseline_h200_constant_order,3,1,primary,200,200,True,1000,159.34771720782615,165.69185437874978,-6.344137170923654,"[-7.270276345223882, -5.417627978168469]",3.8288769201784465,"[3.3112627210857446, 4.335575260359909]",0.95,2026091603,5000,win,candidate_minus_reference; negative difference favors candidate,"paired demand-path sampling, excluding generation variation"
exp_regime095_random3_9,self_evolve_h200_r3,forecast_adaptive_pil,cold_start,100,single_repeat,baseline_h200_forecast_adaptive_pil,3,1,primary,200,200,True,1000,159.34771720782615,150.52132253334594,8.826394674480238,"[8.318527094143333, 9.343630420150822]",-5.863883286386117,"[-6.223201557679384, -5.514457144443943]",0.95,2026091603,5000,loss,candidate_minus_reference; negative difference favors candidate,"paired demand-path sampling, excluding generation variation"
exp_regime095_random3_9,self_evolve_h200_r3,forecast_capped_base_stock,cold_start,100,single_repeat,baseline_h200_forecast_capped_base_stock,3,1,primary,200,200,True,1000,159.34771720782615,152.2117908098714,7.135926397954752,"[6.601928167307775, 7.684678780988901]",-4.688156127713055,"[-5.072820935052436, -4.313148974290398]",0.95,2026091603,5000,loss,candidate_minus_reference; negative difference favors candidate,"paired demand-path sampling, excluding generation variation"
exp_regime095_random3_9,self_evolve_h200_r3,pil_cop_continuation,cold_start,100,single_repeat,baseline_h200_pil_cop_continuation,3,1,primary,200,200,True,1000,159.34771720782615,154.97484342239122,4.372873785434916,"[3.857331953178656, 4.920341860720832]",-2.8216668517718455,"[-3.1908486606170423, -2.474111247295369]",0.95,2026091603,5000,loss,candidate_minus_reference; negative difference favors candidate,"paired demand-path sampling, excluding generation variation"
exp_regime095_random3_9,self_evolve_h200_r3,base_stock,cold_start,200,single_repeat,baseline_h200_base_stock,3,1,primary,200,200,True,1000,158.23011450466439,166.11692760824045,-7.886813103576042,"[-8.383801973754444, -7.379521289567622]",4.7477479972274805,"[4.466276501746893, 5.016615756711837]",0.95,2026091603,5000,win,candidate_minus_reference; negative difference favors candidate,"paired demand-path sampling, excluding generation variation"
exp_regime095_random3_9,self_evolve_h200_r3,capped_base_stock,cold_start,200,single_repeat,baseline_h200_capped_base_stock,3,1,primary,200,200,True,1000,158.23011450466439,162.10928711845784,-3.8791726137934424,"[-4.424005771694373, -3.335983421337502]",2.392936692737928,"[2.071246456620055, 2.7096244811958736]",0.95,2026091603,5000,win,candidate_minus_reference; negative difference favors candidate,"paired demand-path sampling, excluding generation variation"
exp_regime095_random3_9,self_evolve_h200_r3,conditional_pil,cold_start,200,single_repeat,baseline_h200_conditional_pil,3,1,primary,200,200,True,1000,158.23011450466439,156.32343123077013,1.906683273894255,"[1.4800690049604268, 2.3429923716282586]",-1.2197040833114434,"[-1.508359204879318, -0.940144271835526]",0.95,2026091603,5000,loss,candidate_minus_reference; negative difference favors candidate,"paired demand-path sampling, excluding generation variation"
exp_regime095_random3_9,self_evolve_h200_r3,constant_order,cold_start,200,single_repeat,baseline_h200_constant_order,3,1,primary,200,200,True,1000,158.23011450466439,164.71274416948054,-6.482629664816146,"[-7.1487333550297265, -5.820224824216598]",3.9357183304200687,"[3.569887875443566, 4.293143219957132]",0.95,2026091603,5000,win,candidate_minus_reference; negative difference favors candidate,"paired demand-path sampling, excluding generation variation"
exp_regime095_random3_9,self_evolve_h200_r3,forecast_adaptive_pil,cold_start,200,single_repeat,baseline_h200_forecast_adaptive_pil,3,1,primary,200,200,True,1000,158.23011450466439,149.94966487818658,8.280449626477807,"[7.909369492574787, 8.657460160711132]",-5.5221528058795775,"[-5.772372259174106, -5.268862628013419]",0.95,2026091603,5000,loss,candidate_minus_reference; negative difference favors candidate,"paired demand-path sampling, excluding generation variation"
exp_regime095_random3_9,self_evolve_h200_r3,forecast_capped_base_stock,cold_start,200,single_repeat,baseline_h200_forecast_capped_base_stock,3,1,primary,200,200,True,1000,158.23011450466439,151.42488925920136,6.805225245463009,"[6.4111746800254785, 7.194565769249122]",-4.494125951655269,"[-4.766750283652242, -4.220306630826212]",0.95,2026091603,5000,loss,candidate_minus_reference; negative difference favors candidate,"paired demand-path sampling, excluding generation variation"
exp_regime095_random3_9,self_evolve_h200_r3,pil_cop_continuation,cold_start,200,single_repeat,baseline_h200_pil_cop_continuation,3,1,primary,200,200,True,1000,158.23011450466439,154.20432891342492,4.025785591239478,"[3.6524449439477746, 4.407165628186078]",-2.6106826050905934,"[-2.8676301646703837, -2.3625825614052]",0.95,2026091603,5000,loss,candidate_minus_reference; negative difference favors candidate,"paired demand-path sampling, excluding generation variation"
exp_regime095_random3_9,self_evolve_h200_r3,base_stock,cold_start,500,single_repeat,baseline_h200_base_stock,3,1,primary,200,200,True,1000,158.05749908210373,165.34964545524713,-7.292146373143436,"[-7.628077444963115, -6.951118161871884]",4.410137290023436,"[4.223813040984541, 4.591492842086905]",0.95,2026091603,5000,win,candidate_minus_reference; negative difference favors candidate,"paired demand-path sampling, excluding generation variation"
exp_regime095_random3_9,self_evolve_h200_r3,capped_base_stock,cold_start,500,single_repeat,baseline_h200_capped_base_stock,3,1,primary,200,200,True,1000,158.05749908210373,162.00837361962567,-3.950874537521942,"[-4.302338113220575, -3.5913766287925104]",2.4386853896811984,"[2.2282207948798147, 2.6383646176345534]",0.95,2026091603,5000,win,candidate_minus_reference; negative difference favors candidate,"paired demand-path sampling, excluding generation variation"
exp_regime095_random3_9,self_evolve_h200_r3,conditional_pil,cold_start,500,single_repeat,baseline_h200_conditional_pil,3,1,primary,200,200,True,1000,158.05749908210373,156.13233300058036,1.9251660815233091,"[1.6469999788451424, 2.208947861730713]",-1.233034852246918,"[-1.4210262725544074, -1.0509302945623513]",0.95,2026091603,5000,loss,candidate_minus_reference; negative difference favors candidate,"paired demand-path sampling, excluding generation variation"
exp_regime095_random3_9,self_evolve_h200_r3,constant_order,cold_start,500,single_repeat,baseline_h200_constant_order,3,1,primary,200,200,True,1000,158.05749908210373,164.60068680617144,-6.54318772406774,"[-6.959342366168559, -6.108351382443519]",3.9751885918755354,"[3.742668849874496, 4.203777430946175]",0.95,2026091603,5000,win,candidate_minus_reference; negative difference favors candidate,"paired demand-path sampling, excluding generation variation"
exp_regime095_random3_9,self_evolve_h200_r3,forecast_adaptive_pil,cold_start,500,single_repeat,baseline_h200_forecast_adaptive_pil,3,1,primary,200,200,True,1000,158.05749908210373,149.97187503813166,8.08562404397202,"[7.8459170959327995, 8.321165851054612]",-5.391426920491749,"[-5.546934358735013, -5.23294018280295]",0.95,2026091603,5000,loss,candidate_minus_reference; negative difference favors candidate,"paired demand-path sampling, excluding generation variation"
exp_regime095_random3_9,self_evolve_h200_r3,forecast_capped_base_stock,cold_start,500,single_repeat,baseline_h200_forecast_capped_base_stock,3,1,primary,200,200,True,1000,158.05749908210373,151.29895822096802,6.7585408611357,"[6.507368280863821, 7.002593407523841]",-4.467010837751473,"[-4.639034522046337, -4.2972450773771405]",0.95,2026091603,5000,loss,candidate_minus_reference; negative difference favors candidate,"paired demand-path sampling, excluding generation variation"
exp_regime095_random3_9,self_evolve_h200_r3,pil_cop_continuation,cold_start,500,single_repeat,baseline_h200_pil_cop_continuation,3,1,primary,200,200,True,1000,158.05749908210373,153.97222827724607,4.085270804857629,"[3.846849057555338, 4.326163112199708]",-2.653251726344845,"[-2.8167618106593344, -2.4936389117946804]",0.95,2026091603,5000,loss,candidate_minus_reference; negative difference favors candidate,"paired demand-path sampling, excluding generation variation"
exp_ar_neg06_fixed6,self_evolve_mean_of_available_repeats,base_stock,cold_start,50,mean_of_available_repeats,baseline_h200_base_stock,,3,primary,200,200,True,1000,122.38232778161945,142.71679516884777,-20.334467387228347,"[-20.84685641605484, -19.805282056647002]",14.248125010914569,"[13.898636801373836, 14.582088477053807]",0.95,2026091603,5000,win,candidate_minus_reference; negative difference favors candidate,"paired demand-path sampling, excluding generation variation"
exp_ar_neg06_fixed6,self_evolve_mean_of_available_repeats,capped_base_stock,cold_start,50,mean_of_available_repeats,baseline_h200_capped_base_stock,,3,primary,200,200,True,1000,122.38232778161945,111.91290993933622,10.469417842283235,"[10.03004505377821, 10.9354144560714]",-9.354968830636532,"[-9.800939472708654, -8.93165097622463]",0.95,2026091603,5000,loss,candidate_minus_reference; negative difference favors candidate,"paired demand-path sampling, excluding generation variation"
exp_ar_neg06_fixed6,self_evolve_mean_of_available_repeats,conditional_pil,cold_start,50,mean_of_available_repeats,baseline_h200_conditional_pil,,3,primary,200,200,True,1000,122.38232778161945,111.6357114512477,10.746616330371733,"[10.387097727800935, 11.12867870338503]",-9.626504091448275,"[-10.004325458191152, -9.273011135541239]",0.95,2026091603,5000,loss,candidate_minus_reference; negative difference favors candidate,"paired demand-path sampling, excluding generation variation"
exp_ar_neg06_fixed6,self_evolve_mean_of_available_repeats,constant_order,cold_start,50,mean_of_available_repeats,baseline_h200_constant_order,,3,primary,200,200,True,1000,122.38232778161945,111.98230859386217,10.40001918775727,"[9.94066364652758, 10.886884127626853]",-9.2871984140603,"[-9.755563747509145, -8.855007623810387]",0.95,2026091603,5000,loss,candidate_minus_reference; negative difference favors candidate,"paired demand-path sampling, excluding generation variation"
exp_ar_neg06_fixed6,self_evolve_mean_of_available_repeats,forecast_adaptive_pil,cold_start,50,mean_of_available_repeats,baseline_h200_forecast_adaptive_pil,,3,primary,200,200,True,1000,122.38232778161945,111.6743775207906,10.707950260828849,"[10.299433152422607, 11.134701920608602]",-9.588547076374198,"[-10.009755470560298, -9.195934827207308]",0.95,2026091603,5000,loss,candidate_minus_reference; negative difference favors candidate,"paired demand-path sampling, excluding generation variation"
exp_ar_neg06_fixed6,self_evolve_mean_of_available_repeats,forecast_capped_base_stock,cold_start,50,mean_of_available_repeats,baseline_h200_forecast_capped_base_stock,,3,primary,200,200,True,1000,122.38232778161945,111.93022266933292,10.452105112286532,"[10.006007109189367, 10.921146850893887]",-9.338054426251258,"[-9.793524977489563, -8.913372900088932]",0.95,2026091603,5000,loss,candidate_minus_reference; negative difference favors candidate,"paired demand-path sampling, excluding generation variation"
exp_ar_neg06_fixed6,self_evolve_mean_of_available_repeats,pil_cop_continuation,cold_start,50,mean_of_available_repeats,baseline_h200_pil_cop_continuation,,3,primary,200,200,True,1000,122.38232778161945,111.6357114512477,10.746616330371733,"[10.387097727800935, 11.12867870338503]",-9.626504091448275,"[-10.004325458191152, -9.273011135541239]",0.95,2026091603,5000,loss,candidate_minus_reference; negative difference favors candidate,"paired demand-path sampling, excluding generation variation"
exp_ar_neg06_fixed6,self_evolve_mean_of_available_repeats,base_stock,cold_start,100,mean_of_available_repeats,baseline_h200_base_stock,,3,primary,200,200,True,1000,112.66226146186644,128.96403225555528,-16.301770793688824,"[-16.68252156619112, -15.928854353059387]",12.640556059371063,"[12.373419229795083, 12.902309458711434]",0.95,2026091603,5000,win,candidate_minus_reference; negative difference favors candidate,"paired demand-path sampling, excluding generation variation"
exp_ar_neg06_fixed6,self_evolve_mean_of_available_repeats,capped_base_stock,cold_start,100,mean_of_available_repeats,baseline_h200_capped_base_stock,,3,primary,200,200,True,1000,112.66226146186644,106.37595590142259,6.286305560443865,"[6.056514458443086, 6.529113629921389]",-5.909517340807071,"[-6.150917557473488, -5.6807720788053055]",0.95,2026091603,5000,loss,candidate_minus_reference; negative difference favors candidate,"paired demand-path sampling, excluding generation variation"
exp_ar_neg06_fixed6,self_evolve_mean_of_available_repeats,conditional_pil,cold_start,100,mean_of_available_repeats,baseline_h200_conditional_pil,,3,primary,200,200,True,1000,112.66226146186644,106.23840544871483,6.423856013151637,"[6.237072389070146, 6.6250520970662565]",-6.046641970970317,"[-6.2466858223189945, -5.856556668903511]",0.95,2026091603,5000,loss,candidate_minus_reference; negative difference favors candidate,"paired demand-path sampling, excluding generation variation"
exp_ar_neg06_fixed6,self_evolve_mean_of_available_repeats,constant_order,cold_start,100,mean_of_available_repeats,baseline_h200_constant_order,,3,primary,200,200,True,1000,112.66226146186644,106.42171599839264,6.24054546347382,"[5.999982935670418, 6.4975971496929965]",-5.8639774832873846,"[-6.121713721556827, -5.62684201910635]",0.95,2026091603,5000,loss,candidate_minus_reference; negative difference favors candidate,"paired demand-path sampling, excluding generation variation"
exp_ar_neg06_fixed6,self_evolve_mean_of_available_repeats,forecast_adaptive_pil,cold_start,100,mean_of_available_repeats,baseline_h200_forecast_adaptive_pil,,3,primary,200,200,True,1000,112.66226146186644,106.24468155063727,6.417579911229176,"[6.2036151759807705, 6.645456920027951]",-6.040377567671927,"[-6.268386877417455, -5.826706784410153]",0.95,2026091603,5000,loss,candidate_minus_reference; negative difference favors candidate,"paired demand-path sampling, excluding generation variation"
exp_ar_neg06_fixed6,self_evolve_mean_of_available_repeats,forecast_capped_base_stock,cold_start,100,mean_of_available_repeats,baseline_h200_forecast_capped_base_stock,,3,primary,200,200,True,1000,112.66226146186644,106.4347421127444,6.227519349122048,"[5.992557057541347, 6.470367008431399]",-5.851021222492684,"[-6.0939603716725, -5.614926761471291]",0.95,2026091603,5000,loss,candidate_minus_reference; negative difference favors candidate,"paired demand-path sampling, excluding generation variation"
exp_ar_neg06_fixed6,self_evolve_mean_of_available_repeats,pil_cop_continuation,cold_start,100,mean_of_available_repeats,baseline_h200_pil_cop_continuation,,3,primary,200,200,True,1000,112.66226146186644,106.23840544871483,6.423856013151637,"[6.237072389070146, 6.6250520970662565]",-6.046641970970317,"[-6.2466858223189945, -5.856556668903511]",0.95,2026091603,5000,loss,candidate_minus_reference; negative difference favors candidate,"paired demand-path sampling, excluding generation variation"
exp_ar_neg06_fixed6,self_evolve_mean_of_available_repeats,base_stock,cold_start,200,mean_of_available_repeats,baseline_h200_base_stock,,3,primary,200,200,True,1000,107.24024562040748,121.7064202583732,-14.466174637965706,"[-14.725099024358974, -14.209336889572276]",11.88612285798495,"[11.694293583475154, 12.082953104610139]",0.95,2026091603,5000,win,candidate_minus_reference; negative difference favors candidate,"paired demand-path sampling, excluding generation variation"
exp_ar_neg06_fixed6,self_evolve_mean_of_available_repeats,capped_base_stock,cold_start,200,mean_of_available_repeats,baseline_h200_capped_base_stock,,3,primary,200,200,True,1000,107.24024562040748,103.0843088549301,4.155936765477385,"[4.0270383390049265, 4.289257974018252]",-4.0315900757757435,"[-4.166102328748173, -3.9031820220984375]",0.95,2026091603,5000,loss,candidate_minus_reference; negative difference favors candidate,"paired demand-path sampling, excluding generation variation"
exp_ar_neg06_fixed6,self_evolve_mean_of_available_repeats,conditional_pil,cold_start,200,mean_of_available_repeats,baseline_h200_conditional_pil,,3,primary,200,200,True,1000,107.24024562040748,102.99627789176343,4.2439677286440585,"[4.141130695115914, 4.353073950241469]",-4.120505920712927,"[-4.23279143048822, -4.017093347095068]",0.95,2026091603,5000,loss,candidate_minus_reference; negative difference favors candidate,"paired demand-path sampling, excluding generation variation"
exp_ar_neg06_fixed6,self_evolve_mean_of_available_repeats,constant_order,cold_start,200,mean_of_available_repeats,baseline_h200_constant_order,,3,primary,200,200,True,1000,107.24024562040748,103.11352449995049,4.126721120457007,"[3.9886407427634394, 4.268802158771917]",-4.002114310871969,"[-4.149016853221582, -3.86390968521814]",0.95,2026091603,5000,loss,candidate_minus_reference; negative difference favors candidate,"paired demand-path sampling, excluding generation variation"
exp_ar_neg06_fixed6,self_evolve_mean_of_available_repeats,forecast_adaptive_pil,cold_start,200,mean_of_available_repeats,baseline_h200_forecast_adaptive_pil,,3,primary,200,200,True,1000,107.24024562040748,102.99853425795096,4.241711362456528,"[4.120830490195596, 4.367898890317741]",-4.118224975739472,"[-4.248306882751444, -3.9978514999011634]",0.95,2026091603,5000,loss,candidate_minus_reference; negative difference favors candidate,"paired demand-path sampling, excluding generation variation"
exp_ar_neg06_fixed6,self_evolve_mean_of_available_repeats,forecast_capped_base_stock,cold_start,200,mean_of_available_repeats,baseline_h200_forecast_capped_base_stock,,3,primary,200,200,True,1000,107.24024562040748,103.17994168897471,4.060303931432766,"[3.925263257571065, 4.19849831002735]",-3.9351678872548095,"[-4.074529448783471, -3.8001886401879834]",0.95,2026091603,5000,loss,candidate_minus_reference; negative difference favors candidate,"paired demand-path sampling, excluding generation variation"
exp_ar_neg06_fixed6,self_evolve_mean_of_available_repeats,pil_cop_continuation,cold_start,200,mean_of_available_repeats,baseline_h200_pil_cop_continuation,,3,primary,200,200,True,1000,107.24024562040748,102.99627789176343,4.2439677286440585,"[4.141130695115914, 4.353073950241469]",-4.120505920712927,"[-4.23279143048822, -4.017093347095068]",0.95,2026091603,5000,loss,candidate_minus_reference; negative difference favors candidate,"paired demand-path sampling, excluding generation variation"
exp_ar_neg06_fixed6,self_evolve_mean_of_available_repeats,base_stock,cold_start,500,mean_of_available_repeats,baseline_h200_base_stock,,3,primary,200,200,True,1000,104.04581413604686,117.40727186422637,-13.361457728179532,"[-13.526915168599126, -13.204928001817379]",11.380434547215392,"[11.259199025780132, 11.507860157049128]",0.95,2026091603,5000,win,candidate_minus_reference; negative difference favors candidate,"paired demand-path sampling, excluding generation variation"
exp_ar_neg06_fixed6,self_evolve_mean_of_available_repeats,capped_base_stock,cold_start,500,mean_of_available_repeats,baseline_h200_capped_base_stock,,3,primary,200,200,True,1000,104.04581413604686,101.23970705662552,2.8061070794213383,"[2.7411125597632027, 2.8703822332118656]",-2.771745554194287,"[-2.835997407911143, -2.705457546088891]",0.95,2026091603,5000,loss,candidate_minus_reference; negative difference favors candidate,"paired demand-path sampling, excluding generation variation"
exp_ar_neg06_fixed6,self_evolve_mean_of_available_repeats,conditional_pil,cold_start,500,mean_of_available_repeats,baseline_h200_conditional_pil,,3,primary,200,200,True,1000,104.04581413604686,101.17521618746983,2.87059794857702,"[2.8191017331278103, 2.9240590170221106]",-2.8372540793567795,"[-2.890971606570992, -2.7846984013626397]",0.95,2026091603,5000,loss,candidate_minus_reference; negative difference favors candidate,"paired demand-path sampling, excluding generation variation"
exp_ar_neg06_fixed6,self_evolve_mean_of_available_repeats,constant_order,cold_start,500,mean_of_available_repeats,baseline_h200_constant_order,,3,primary,200,200,True,1000,104.04581413604686,101.3005848351659,2.745229300880946,"[2.6753734170003542, 2.815016821616616]",-2.7099836643074937,"[-2.781677470210207, -2.6383514098051677]",0.95,2026091603,5000,loss,candidate_minus_reference; negative difference favors candidate,"paired demand-path sampling, excluding generation variation"
exp_ar_neg06_fixed6,self_evolve_mean_of_available_repeats,forecast_adaptive_pil,cold_start,500,mean_of_available_repeats,baseline_h200_forecast_adaptive_pil,,3,primary,200,200,True,1000,104.04581413604686,101.15440741710435,2.8914067189425103,"[2.832139508315838, 2.951007204847163]",-2.858409033053752,"[-2.9190732556797903, -2.7981362678624064]",0.95,2026091603,5000,loss,candidate_minus_reference; negative difference favors candidate,"paired demand-path sampling, excluding generation variation"
exp_ar_neg06_fixed6,self_evolve_mean_of_available_repeats,forecast_capped_base_stock,cold_start,500,mean_of_available_repeats,baseline_h200_forecast_capped_base_stock,,3,primary,200,200,True,1000,104.04581413604686,101.3239345283472,2.721879607699667,"[2.654025135990518, 2.790423974184078]",-2.686314561677594,"[-2.7554023727126418, -2.617832856912669]",0.95,2026091603,5000,loss,candidate_minus_reference; negative difference favors candidate,"paired demand-path sampling, excluding generation variation"
exp_ar_neg06_fixed6,self_evolve_mean_of_available_repeats,pil_cop_continuation,cold_start,500,mean_of_available_repeats,baseline_h200_pil_cop_continuation,,3,primary,200,200,True,1000,104.04581413604686,101.17521618746983,2.87059794857702,"[2.8191017331278103, 2.9240590170221106]",-2.8372540793567795,"[-2.890971606570992, -2.7846984013626397]",0.95,2026091603,5000,loss,candidate_minus_reference; negative difference favors candidate,"paired demand-path sampling, excluding generation variation"
exp_ar_neg06_fixed6,self_evolve_mean_of_available_repeats,base_stock,steady,50,mean_of_available_repeats,baseline_h200_base_stock,,3,primary,200,200,True,1000,101.34201943237274,113.77042747029778,-12.428408037925037,"[-12.954586622932371, -11.91668250259404]",10.924111224922436,"[10.505621549502639, 11.350179462948935]",0.95,2026091603,5000,win,candidate_minus_reference; negative difference favors candidate,"paired demand-path sampling, excluding generation variation"
exp_ar_neg06_fixed6,self_evolve_mean_of_available_repeats,capped_base_stock,steady,50,mean_of_available_repeats,baseline_h200_capped_base_stock,,3,primary,200,200,True,1000,101.34201943237274,99.61654846041658,1.7254709719561556,"[1.5772695928728087, 1.8745239489478664]",-1.7321127850979354,"[-1.8862831093578154, -1.5747741870961154]",0.95,2026091603,5000,loss,candidate_minus_reference; negative difference favors candidate,"paired demand-path sampling, excluding generation variation"
exp_ar_neg06_fixed6,self_evolve_mean_of_available_repeats,conditional_pil,steady,50,mean_of_available_repeats,baseline_h200_conditional_pil,,3,primary,200,200,True,1000,101.34201943237274,99.4147817946614,1.9272376377113472,"[1.808855755768318, 2.0479945793126944]",-1.9385825758708615,"[-2.06702377119527, -1.8149837209019726]",0.95,2026091603,5000,loss,candidate_minus_reference; negative difference favors candidate,"paired demand-path sampling, excluding generation variation"
exp_ar_neg06_fixed6,self_evolve_mean_of_available_repeats,constant_order,steady,50,mean_of_available_repeats,baseline_h200_constant_order,,3,primary,200,200,True,1000,101.34201943237274,99.75658301308833,1.5854364192843937,"[1.4018570566594168, 1.7594255064911104]",-1.5893050577688617,"[-1.7682448584387662, -1.4002925837636604]",0.95,2026091603,5000,loss,candidate_minus_reference; negative difference favors candidate,"paired demand-path sampling, excluding generation variation"
exp_ar_neg06_fixed6,self_evolve_mean_of_available_repeats,forecast_adaptive_pil,steady,50,mean_of_available_repeats,baseline_h200_forecast_adaptive_pil,,3,primary,200,200,True,1000,101.34201943237274,99.53698139860502,1.8050380337677099,"[1.665812155281069, 1.9449981358680042]",-1.8134345731655999,"[-1.9597313489922594, -1.6667782394547683]",0.95,2026091603,5000,loss,candidate_minus_reference; negative difference favors candidate,"paired demand-path sampling, excluding generation variation"
exp_ar_neg06_fixed6,self_evolve_mean_of_available_repeats,forecast_capped_base_stock,steady,50,mean_of_available_repeats,baseline_h200_forecast_capped_base_stock,,3,primary,200,200,True,1000,101.34201943237274,99.74774096075981,1.5942784716129115,"[1.4251136989045743, 1.760055011168908]",-1.5983103539558894,"[-1.767424470483187, -1.4246155531478857]",0.95,2026091603,5000,loss,candidate_minus_reference; negative difference favors candidate,"paired demand-path sampling, excluding generation variation"
exp_ar_neg06_fixed6,self_evolve_mean_of_available_repeats,pil_cop_continuation,steady,50,mean_of_available_repeats,baseline_h200_pil_cop_continuation,,3,primary,200,200,True,1000,101.34201943237274,99.4147817946614,1.9272376377113472,"[1.808855755768318, 2.0479945793126944]",-1.9385825758708615,"[-2.06702377119527, -1.8149837209019726]",0.95,2026091603,5000,loss,candidate_minus_reference; negative difference favors candidate,"paired demand-path sampling, excluding generation variation"
exp_ar_neg06_fixed6,self_evolve_mean_of_available_repeats,base_stock,steady,100,mean_of_available_repeats,baseline_h200_base_stock,,3,primary,200,200,True,1000,101.66111734719718,114.11247785822843,-12.451360511031256,"[-12.807781984508782, -12.093686554792914]",10.911480273437432,"[10.613105136179094, 11.206495615375339]",0.95,2026091603,5000,win,candidate_minus_reference; negative difference favors candidate,"paired demand-path sampling, excluding generation variation"
exp_ar_neg06_fixed6,self_evolve_mean_of_available_repeats,capped_base_stock,steady,100,mean_of_available_repeats,baseline_h200_capped_base_stock,,3,primary,200,200,True,1000,101.66111734719718,99.82715368404747,1.833963663149701,"[1.7252576279273502, 1.946827204282927]",-1.8371390903863596,"[-1.95306506083939, -1.7262723692675377]",0.95,2026091603,5000,loss,candidate_minus_reference; negative difference favors candidate,"paired demand-path sampling, excluding generation variation"
exp_ar_neg06_fixed6,self_evolve_mean_of_available_repeats,conditional_pil,steady,100,mean_of_available_repeats,baseline_h200_conditional_pil,,3,primary,200,200,True,1000,101.66111734719718,99.69645678722863,1.964660559968551,"[1.8786056400421585, 2.0543499836009405]",-1.9706423109514442,"[-2.0635461307030716, -1.8815533698176554]",0.95,2026091603,5000,loss,candidate_minus_reference; negative difference favors candidate,"paired demand-path sampling, excluding generation variation"
exp_ar_neg06_fixed6,self_evolve_mean_of_available_repeats,constant_order,steady,100,mean_of_available_repeats,baseline_h200_constant_order,,3,primary,200,200,True,1000,101.66111734719718,99.94015708919437,1.7209602580028132,"[1.5853749777151527, 1.8548431649883277]",-1.7219907473898464,"[-1.858524279465314, -1.5840137781061006]",0.95,2026091603,5000,loss,candidate_minus_reference; negative difference favors candidate,"paired demand-path sampling, excluding generation variation"
exp_ar_neg06_fixed6,self_evolve_mean_of_available_repeats,forecast_adaptive_pil,steady,100,mean_of_available_repeats,baseline_h200_forecast_adaptive_pil,,3,primary,200,200,True,1000,101.66111734719718,99.75381860324258,1.9072987439545968,"[1.8067555832290823, 2.0104068172509977]",-1.9120057464071858,"[-2.0186998589691783, -1.8094043966129831]",0.95,2026091603,5000,loss,candidate_minus_reference; negative difference favors candidate,"paired demand-path sampling, excluding generation variation"
exp_ar_neg06_fixed6,self_evolve_mean_of_available_repeats,forecast_capped_base_stock,steady,100,mean_of_available_repeats,baseline_h200_forecast_capped_base_stock,,3,primary,200,200,True,1000,101.66111734719718,99.91702879836946,1.744088548827727,"[1.6215071785886488, 1.8737492879174542]",-1.745536841720198,"[-1.8777014599525133, -1.621368252990397]",0.95,2026091603,5000,loss,candidate_minus_reference; negative difference favors candidate,"paired demand-path sampling, excluding generation variation"
exp_ar_neg06_fixed6,self_evolve_mean_of_available_repeats,pil_cop_continuation,steady,100,mean_of_available_repeats,baseline_h200_pil_cop_continuation,,3,primary,200,200,True,1000,101.66111734719718,99.69645678722863,1.964660559968551,"[1.8786056400421585, 2.0543499836009405]",-1.9706423109514442,"[-2.0635461307030716, -1.8815533698176554]",0.95,2026091603,5000,loss,candidate_minus_reference; negative difference favors candidate,"paired demand-path sampling, excluding generation variation"
exp_ar_neg06_fixed6,self_evolve_mean_of_available_repeats,base_stock,steady,200,mean_of_available_repeats,baseline_h200_base_stock,,3,primary,200,200,True,1000,101.88594888000193,114.44989326263787,-12.563944382635935,"[-12.814345957720853, -12.30403667697491]",10.977681170749886,"[10.767941281907126, 11.18278738725395]",0.95,2026091603,5000,win,candidate_minus_reference; negative difference favors candidate,"paired demand-path sampling, excluding generation variation"
exp_ar_neg06_fixed6,self_evolve_mean_of_available_repeats,capped_base_stock,steady,200,mean_of_available_repeats,baseline_h200_capped_base_stock,,3,primary,200,200,True,1000,101.88594888000193,100.08275837371052,1.8031905062914089,"[1.7268376304056572, 1.8810031074057851]",-1.801699449128165,"[-1.8822253352266305, -1.7244080244023063]",0.95,2026091603,5000,loss,candidate_minus_reference; negative difference favors candidate,"paired demand-path sampling, excluding generation variation"
exp_ar_neg06_fixed6,self_evolve_mean_of_available_repeats,conditional_pil,steady,200,mean_of_available_repeats,baseline_h200_conditional_pil,,3,primary,200,200,True,1000,101.88594888000193,99.95988235996779,1.9260665200341283,"[1.8645347827010457, 1.9905341960679555]",-1.9268395225778068,"[-1.9930492955420254, -1.8636987995557504]",0.95,2026091603,5000,loss,candidate_minus_reference; negative difference favors candidate,"paired demand-path sampling, excluding generation variation"
exp_ar_neg06_fixed6,self_evolve_mean_of_available_repeats,constant_order,steady,200,mean_of_available_repeats,baseline_h200_constant_order,,3,primary,200,200,True,1000,101.88594888000193,100.16736838768296,1.7185804923189725,"[1.6237230804509541, 1.8143468974542085]",-1.7157089379322283,"[-1.8130449306233132, -1.618408641024452]",0.95,2026091603,5000,loss,candidate_minus_reference; negative difference favors candidate,"paired demand-path sampling, excluding generation variation"
exp_ar_neg06_fixed6,self_evolve_mean_of_available_repeats,forecast_adaptive_pil,steady,200,mean_of_available_repeats,baseline_h200_forecast_adaptive_pil,,3,primary,200,200,True,1000,101.88594888000193,100.00697023518077,1.8789786448211598,"[1.8077117628404533, 1.9505534614863558]",-1.8788476847188467,"[-1.9513366761301245, -1.8061939209393554]",0.95,2026091603,5000,loss,candidate_minus_reference; negative difference favors candidate,"paired demand-path sampling, excluding generation variation"
exp_ar_neg06_fixed6,self_evolve_mean_of_available_repeats,forecast_capped_base_stock,steady,200,mean_of_available_repeats,baseline_h200_forecast_capped_base_stock,,3,primary,200,200,True,1000,101.88594888000193,100.18818673621573,1.697762143786222,"[1.6117281180156116, 1.782913837522981]",-1.694573181822548,"[-1.7817446704272704, -1.6078476398291595]",0.95,2026091603,5000,loss,candidate_minus_reference; negative difference favors candidate,"paired demand-path sampling, excluding generation variation"
exp_ar_neg06_fixed6,self_evolve_mean_of_available_repeats,pil_cop_continuation,steady,200,mean_of_available_repeats,baseline_h200_pil_cop_continuation,,3,primary,200,200,True,1000,101.88594888000193,99.95988235996779,1.9260665200341283,"[1.8645347827010457, 1.9905341960679555]",-1.9268395225778068,"[-1.9930492955420254, -1.8636987995557504]",0.95,2026091603,5000,loss,candidate_minus_reference; negative difference favors candidate,"paired demand-path sampling, excluding generation variation"
exp_ar_neg06_fixed6,self_evolve_mean_of_available_repeats,base_stock,steady,500,mean_of_available_repeats,baseline_h200_base_stock,,3,primary,200,200,True,1000,102.18883884585281,114.7566955791135,-12.567856733260694,"[-12.722844056049915, -12.407588271847738]",10.951741569271988,"[10.819742857722543, 11.077074230350252]",0.95,2026091603,5000,win,candidate_minus_reference; negative difference favors candidate,"paired demand-path sampling, excluding generation variation"
exp_ar_neg06_fixed6,self_evolve_mean_of_available_repeats,capped_base_stock,steady,500,mean_of_available_repeats,baseline_h200_capped_base_stock,,3,primary,200,200,True,1000,102.18883884585281,100.34110764325132,1.847731202601496,"[1.7975053727875137, 1.8993191605500042]",-1.841449876326702,"[-1.8939496339001076, -1.7897550482961224]",0.95,2026091603,5000,loss,candidate_minus_reference; negative difference favors candidate,"paired demand-path sampling, excluding generation variation"
exp_ar_neg06_fixed6,self_evolve_mean_of_available_repeats,conditional_pil,steady,500,mean_of_available_repeats,baseline_h200_conditional_pil,,3,primary,200,200,True,1000,102.18883884585281,100.24756750197959,1.9412713438732263,"[1.9014850476365763, 1.982678605603662]",-1.936477255505368,"[-1.978313505209792, -1.895131655440293]",0.95,2026091603,5000,loss,candidate_minus_reference; negative difference favors candidate,"paired demand-path sampling, excluding generation variation"
exp_ar_neg06_fixed6,self_evolve_mean_of_available_repeats,constant_order,steady,500,mean_of_available_repeats,baseline_h200_constant_order,,3,primary,200,200,True,1000,102.18883884585281,100.37913749208191,1.8097013537709146,"[1.7543117982191525, 1.8669532523332704]",-1.8028660127844365,"[-1.8612183328618388, -1.746757628082591]",0.95,2026091603,5000,loss,candidate_minus_reference; negative difference favors candidate,"paired demand-path sampling, excluding generation variation"
exp_ar_neg06_fixed6,self_evolve_mean_of_available_repeats,forecast_adaptive_pil,steady,500,mean_of_available_repeats,baseline_h200_forecast_adaptive_pil,,3,primary,200,200,True,1000,102.18883884585281,100.24771874869364,1.9411200971591676,"[1.8942793708591223, 1.9873645930877761]",-1.9363234609111406,"[-1.9830913333268367, -1.8890066927178928]",0.95,2026091603,5000,loss,candidate_minus_reference; negative difference favors candidate,"paired demand-path sampling, excluding generation variation"
exp_ar_neg06_fixed6,self_evolve_mean_of_available_repeats,forecast_capped_base_stock,steady,500,mean_of_available_repeats,baseline_h200_forecast_capped_base_stock,,3,primary,200,200,True,1000,102.18883884585281,100.42643834500446,1.7624005008483614,"[1.7061140312109058, 1.8177629773663462]",-1.7549168624240328,"[-1.8100327824422797, -1.6983209572719493]",0.95,2026091603,5000,loss,candidate_minus_reference; negative difference favors candidate,"paired demand-path sampling, excluding generation variation"
exp_ar_neg06_fixed6,self_evolve_mean_of_available_repeats,pil_cop_continuation,steady,500,mean_of_available_repeats,baseline_h200_pil_cop_continuation,,3,primary,200,200,True,1000,102.18883884585281,100.24756750197959,1.9412713438732263,"[1.9014850476365763, 1.982678605603662]",-1.936477255505368,"[-1.978313505209792, -1.895131655440293]",0.95,2026091603,5000,loss,candidate_minus_reference; negative difference favors candidate,"paired demand-path sampling, excluding generation variation"
exp_ar_pos08_fixed6,self_evolve_mean_of_available_repeats,base_stock,cold_start,50,mean_of_available_repeats,baseline_h200_base_stock,,3,primary,200,200,True,1000,174.47598079155662,178.63952681006072,-4.163546018504122,"[-4.381655000903157, -3.941693380082795]",2.330696958759302,"[2.21025119270508, 2.4463407648471907]",0.95,2026091603,5000,win,candidate_minus_reference; negative difference favors candidate,"paired demand-path sampling, excluding generation variation"
exp_ar_pos08_fixed6,self_evolve_mean_of_available_repeats,capped_base_stock,cold_start,50,mean_of_available_repeats,baseline_h200_capped_base_stock,,3,primary,200,200,True,1000,174.47598079155662,167.94008336307732,6.5358974284792986,"[6.157487693660843, 6.914551191502436]",-3.891803134543555,"[-4.167608350377421, -3.6235632695459783]",0.95,2026091603,5000,loss,candidate_minus_reference; negative difference favors candidate,"paired demand-path sampling, excluding generation variation"
exp_ar_pos08_fixed6,self_evolve_mean_of_available_repeats,conditional_pil,cold_start,50,mean_of_available_repeats,baseline_h200_conditional_pil,,3,primary,200,200,True,1000,174.47598079155662,165.93039026781847,8.545590523738117,"[8.223791207246734, 8.873237525106298]",-5.150105722011032,"[-5.3778199366359924, -4.927578053273261]",0.95,2026091603,5000,loss,candidate_minus_reference; negative difference favors candidate,"paired demand-path sampling, excluding generation variation"
exp_ar_pos08_fixed6,self_evolve_mean_of_available_repeats,constant_order,cold_start,50,mean_of_available_repeats,baseline_h200_constant_order,,3,primary,200,200,True,1000,174.47598079155662,172.96129871413027,1.5146820774263305,"[0.6252226546619734, 2.3364329034174705]",-0.8757346809298754,"[-1.3720938323046947, -0.3545632613437908]",0.95,2026091603,5000,loss,candidate_minus_reference; negative difference favors candidate,"paired demand-path sampling, excluding generation variation"
exp_ar_pos08_fixed6,self_evolve_mean_of_available_repeats,forecast_adaptive_pil,cold_start,50,mean_of_available_repeats,baseline_h200_forecast_adaptive_pil,,3,primary,200,200,True,1000,174.47598079155662,165.32366464313913,9.152316148417489,"[8.700083629394678, 9.599478182573066]",-5.535998834875401,"[-5.833009399030803, -5.249065308011301]",0.95,2026091603,5000,loss,candidate_minus_reference; negative difference favors candidate,"paired demand-path sampling, excluding generation variation"
exp_ar_pos08_fixed6,self_evolve_mean_of_available_repeats,forecast_capped_base_stock,cold_start,50,mean_of_available_repeats,baseline_h200_forecast_capped_base_stock,,3,primary,200,200,True,1000,174.47598079155662,165.9115455736047,8.5644352179519,"[8.00448861201985, 9.127702709624302]",-5.162048963103897,"[-5.531388081363248, -4.8036824864180705]",0.95,2026091603,5000,loss,candidate_minus_reference; negative difference favors candidate,"paired demand-path sampling, excluding generation variation"
exp_ar_pos08_fixed6,self_evolve_mean_of_available_repeats,pil_cop_continuation,cold_start,50,mean_of_available_repeats,baseline_h200_pil_cop_continuation,,3,primary,200,200,True,1000,174.47598079155662,165.93039026781847,8.545590523738117,"[8.223791207246734, 8.873237525106298]",-5.150105722011032,"[-5.3778199366359924, -4.927578053273261]",0.95,2026091603,5000,loss,candidate_minus_reference; negative difference favors candidate,"paired demand-path sampling, excluding generation variation"
exp_ar_pos08_fixed6,self_evolve_mean_of_available_repeats,base_stock,cold_start,100,mean_of_available_repeats,baseline_h200_base_stock,,3,primary,200,200,True,1000,170.30289334862005,173.17166809328813,-2.868774744668114,"[-3.021044419767254, -2.7175680157668927]",1.6566074440783634,"[1.5751509507014119, 1.7378023593250675]",0.95,2026091603,5000,win,candidate_minus_reference; negative difference favors candidate,"paired demand-path sampling, excluding generation variation"
exp_ar_pos08_fixed6,self_evolve_mean_of_available_repeats,capped_base_stock,cold_start,100,mean_of_available_repeats,baseline_h200_capped_base_stock,,3,primary,200,200,True,1000,170.30289334862005,166.0890737110771,4.21381963754293,"[3.9734554385195207, 4.454015113532602]",-2.5370841942758724,"[-2.7016459771796475, -2.374942756598484]",0.95,2026091603,5000,loss,candidate_minus_reference; negative difference favors candidate,"paired demand-path sampling, excluding generation variation"
exp_ar_pos08_fixed6,self_evolve_mean_of_available_repeats,conditional_pil,cold_start,100,mean_of_available_repeats,baseline_h200_conditional_pil,,3,primary,200,200,True,1000,170.30289334862005,164.1285267892381,6.174366559381969,"[5.954225552352576, 6.394784293063559]",-3.7619094499706462,"[-3.9048467172007872, -3.625123936210466]",0.95,2026091603,5000,loss,candidate_minus_reference; negative difference favors candidate,"paired demand-path sampling, excluding generation variation"
exp_ar_pos08_fixed6,self_evolve_mean_of_available_repeats,constant_order,cold_start,100,mean_of_available_repeats,baseline_h200_constant_order,,3,primary,200,200,True,1000,170.30289334862005,171.31915935193183,-1.0162660033117843,"[-1.5983493425953008, -0.4553415556427656]",0.5932004378004934,"[0.27015081790437745, 0.9250408667160134]",0.95,2026091603,5000,win,candidate_minus_reference; negative difference favors candidate,"paired demand-path sampling, excluding generation variation"
exp_ar_pos08_fixed6,self_evolve_mean_of_available_repeats,forecast_adaptive_pil,cold_start,100,mean_of_available_repeats,baseline_h200_forecast_adaptive_pil,,3,primary,200,200,True,1000,170.30289334862005,163.5540955200927,6.748797828527353,"[6.432673758513356, 7.054497326271113]",-4.1263398553650195,"[-4.317707890969603, -3.9316944223316708]",0.95,2026091603,5000,loss,candidate_minus_reference; negative difference favors candidate,"paired demand-path sampling, excluding generation variation"
exp_ar_pos08_fixed6,self_evolve_mean_of_available_repeats,forecast_capped_base_stock,cold_start,100,mean_of_available_repeats,baseline_h200_forecast_capped_base_stock,,3,primary,200,200,True,1000,170.30289334862005,164.13802444184182,6.164868906778227,"[5.783293297672066, 6.539528009154542]",-3.755905389834024,"[-3.9918433049191537, -3.514178633212783]",0.95,2026091603,5000,loss,candidate_minus_reference; negative difference favors candidate,"paired demand-path sampling, excluding generation variation"
exp_ar_pos08_fixed6,self_evolve_mean_of_available_repeats,pil_cop_continuation,cold_start,100,mean_of_available_repeats,baseline_h200_pil_cop_continuation,,3,primary,200,200,True,1000,170.30289334862005,164.1285267892381,6.174366559381969,"[5.954225552352576, 6.394784293063559]",-3.7619094499706462,"[-3.9048467172007872, -3.625123936210466]",0.95,2026091603,5000,loss,candidate_minus_reference; negative difference favors candidate,"paired demand-path sampling, excluding generation variation"
exp_ar_pos08_fixed6,self_evolve_mean_of_available_repeats,base_stock,cold_start,200,mean_of_available_repeats,baseline_h200_base_stock,,3,primary,200,200,True,1000,167.38423910277663,169.54384283395945,-2.159603731182817,"[-2.2629150022892635, -2.056329516205893]",1.2737730224139088,"[1.217339771052759, 1.33285874374231]",0.95,2026091603,5000,win,candidate_minus_reference; negative difference favors candidate,"paired demand-path sampling, excluding generation variation"
exp_ar_pos08_fixed6,self_evolve_mean_of_available_repeats,capped_base_stock,cold_start,200,mean_of_available_repeats,baseline_h200_capped_base_stock,,3,primary,200,200,True,1000,167.38423910277663,164.34588365903193,3.0383554437446527,"[2.8799511948790806, 3.194197901316194]",-1.848756644278585,"[-1.9511766079272426, -1.7437281021831288]",0.95,2026091603,5000,loss,candidate_minus_reference; negative difference favors candidate,"paired demand-path sampling, excluding generation variation"
exp_ar_pos08_fixed6,self_evolve_mean_of_available_repeats,conditional_pil,cold_start,200,mean_of_available_repeats,baseline_h200_conditional_pil,,3,primary,200,200,True,1000,167.38423910277663,162.41724593078268,4.966993171993911,"[4.815035318231587, 5.119279401332355]",-3.058168572880943,"[-3.150207255753342, -2.964562676127197]",0.95,2026091603,5000,loss,candidate_minus_reference; negative difference favors candidate,"paired demand-path sampling, excluding generation variation"
exp_ar_pos08_fixed6,self_evolve_mean_of_available_repeats,constant_order,cold_start,200,mean_of_available_repeats,baseline_h200_constant_order,,3,primary,200,200,True,1000,167.38423910277663,170.2320475167392,-2.8478084139625945,"[-3.315531068622175, -2.3924603927296384]",1.6728979387283256,"[1.4162660816394803, 1.93575959522256]",0.95,2026091603,5000,win,candidate_minus_reference; negative difference favors candidate,"paired demand-path sampling, excluding generation variation"
exp_ar_pos08_fixed6,self_evolve_mean_of_available_repeats,forecast_adaptive_pil,cold_start,200,mean_of_available_repeats,baseline_h200_forecast_adaptive_pil,,3,primary,200,200,True,1000,167.38423910277663,161.793616976742,5.590622126034603,"[5.378680511018237, 5.805532353549266]",-3.4554033901339283,"[-3.587328748347651, -3.3257682580162924]",0.95,2026091603,5000,loss,candidate_minus_reference; negative difference favors candidate,"paired demand-path sampling, excluding generation variation"
exp_ar_pos08_fixed6,self_evolve_mean_of_available_repeats,forecast_capped_base_stock,cold_start,200,mean_of_available_repeats,baseline_h200_forecast_capped_base_stock,,3,primary,200,200,True,1000,167.38423910277663,162.3282206613965,5.056018441380088,"[4.8042437853581585, 5.322109068311636]",-3.114688512434678,"[-3.279713302608048, -2.9579390119508635]",0.95,2026091603,5000,loss,candidate_minus_reference; negative difference favors candidate,"paired demand-path sampling, excluding generation variation"
exp_ar_pos08_fixed6,self_evolve_mean_of_available_repeats,pil_cop_continuation,cold_start,200,mean_of_available_repeats,baseline_h200_pil_cop_continuation,,3,primary,200,200,True,1000,167.38423910277663,162.41724593078268,4.966993171993911,"[4.815035318231587, 5.119279401332355]",-3.058168572880943,"[-3.150207255753342, -2.964562676127197]",0.95,2026091603,5000,loss,candidate_minus_reference; negative difference favors candidate,"paired demand-path sampling, excluding generation variation"
exp_ar_pos08_fixed6,self_evolve_mean_of_available_repeats,base_stock,cold_start,500,mean_of_available_repeats,baseline_h200_base_stock,,3,primary,200,200,True,1000,166.62117410365926,168.3681696047755,-1.7469955011162517,"[-1.815218430798531, -1.6816273580464687]",1.0376043792702019,"[0.9998964669384836, 1.0767457851392372]",0.95,2026091603,5000,win,candidate_minus_reference; negative difference favors candidate,"paired demand-path sampling, excluding generation variation"
exp_ar_pos08_fixed6,self_evolve_mean_of_available_repeats,capped_base_stock,cold_start,500,mean_of_available_repeats,baseline_h200_capped_base_stock,,3,primary,200,200,True,1000,166.62117410365926,164.44583781455765,2.175336289101584,"[2.0820261662402704, 2.2687613602651164]",-1.3228284266791186,"[-1.3828207122436003, -1.2630037257792126]",0.95,2026091603,5000,loss,candidate_minus_reference; negative difference favors candidate,"paired demand-path sampling, excluding generation variation"
exp_ar_pos08_fixed6,self_evolve_mean_of_available_repeats,conditional_pil,cold_start,500,mean_of_available_repeats,baseline_h200_conditional_pil,,3,primary,200,200,True,1000,166.62117410365926,162.38529535492754,4.235878748731704,"[4.1437239140076905, 4.331927490098471]",-2.608535914211511,"[-2.6643884877240422, -2.553739929178662]",0.95,2026091603,5000,loss,candidate_minus_reference; negative difference favors candidate,"paired demand-path sampling, excluding generation variation"
exp_ar_pos08_fixed6,self_evolve_mean_of_available_repeats,constant_order,cold_start,500,mean_of_available_repeats,baseline_h200_constant_order,,3,primary,200,200,True,1000,166.62117410365926,170.58651214751345,-3.9653380438541874,"[-4.269187566634176, -3.662860393156604]",2.3245319890386127,"[2.1562384494693982, 2.4927818517620497]",0.95,2026091603,5000,win,candidate_minus_reference; negative difference favors candidate,"paired demand-path sampling, excluding generation variation"
exp_ar_pos08_fixed6,self_evolve_mean_of_available_repeats,forecast_adaptive_pil,cold_start,500,mean_of_available_repeats,baseline_h200_forecast_adaptive_pil,,3,primary,200,200,True,1000,166.62117410365926,161.72956780901302,4.891606294646245,"[4.755889142699706, 5.028004196786012]",-3.0245590592455867,"[-3.1071598181119944, -2.9420150792296105]",0.95,2026091603,5000,loss,candidate_minus_reference; negative difference favors candidate,"paired demand-path sampling, excluding generation variation"
exp_ar_pos08_fixed6,self_evolve_mean_of_available_repeats,forecast_capped_base_stock,cold_start,500,mean_of_available_repeats,baseline_h200_forecast_capped_base_stock,,3,primary,200,200,True,1000,166.62117410365926,162.2638685044758,4.357305599183455,"[4.193076533302842, 4.52214961213111]",-2.685320915458929,"[-2.787072538762454, -2.582107840068655]",0.95,2026091603,5000,loss,candidate_minus_reference; negative difference favors candidate,"paired demand-path sampling, excluding generation variation"
exp_ar_pos08_fixed6,self_evolve_mean_of_available_repeats,pil_cop_continuation,cold_start,500,mean_of_available_repeats,baseline_h200_pil_cop_continuation,,3,primary,200,200,True,1000,166.62117410365926,162.38529535492754,4.235878748731704,"[4.1437239140076905, 4.331927490098471]",-2.608535914211511,"[-2.6643884877240422, -2.553739929178662]",0.95,2026091603,5000,loss,candidate_minus_reference; negative difference favors candidate,"paired demand-path sampling, excluding generation variation"
exp_ar_pos08_fixed6,self_evolve_mean_of_available_repeats,base_stock,steady,50,mean_of_available_repeats,baseline_h200_base_stock,,3,primary,200,200,True,1000,166.84026581954274,168.26351428368574,-1.423248464142991,"[-1.6101096789942337, -1.2278525773179592]",0.8458449653817756,"[0.7350212027361371, 0.9533780903668203]",0.95,2026091603,5000,win,candidate_minus_reference; negative difference favors candidate,"paired demand-path sampling, excluding generation variation"
exp_ar_pos08_fixed6,self_evolve_mean_of_available_repeats,capped_base_stock,steady,50,mean_of_available_repeats,baseline_h200_capped_base_stock,,3,primary,200,200,True,1000,166.84026581954274,165.26387083014717,1.5763949893955982,"[1.2848093592632674, 1.8793719029438718]",-0.95386546465182,"[-1.146177142926863, -0.7722615030052257]",0.95,2026091603,5000,loss,candidate_minus_reference; negative difference favors candidate,"paired demand-path sampling, excluding generation variation"
exp_ar_pos08_fixed6,self_evolve_mean_of_available_repeats,conditional_pil,steady,50,mean_of_available_repeats,baseline_h200_conditional_pil,,3,primary,200,200,True,1000,166.84026581954274,163.05951597651037,3.7807498430323916,"[3.4793866405603437, 4.077588625831596]",-2.318631832304105,"[-2.491236263417274, -2.1370042016897504]",0.95,2026091603,5000,loss,candidate_minus_reference; negative difference favors candidate,"paired demand-path sampling, excluding generation variation"
exp_ar_pos08_fixed6,self_evolve_mean_of_available_repeats,constant_order,steady,50,mean_of_available_repeats,baseline_h200_constant_order,,3,primary,200,200,True,1000,166.84026581954274,172.65238766331316,-5.812121843770411,"[-6.992049621098163, -4.743413826936216]",3.366372120555065,"[2.771894532958579, 4.005701552522255]",0.95,2026091603,5000,win,candidate_minus_reference; negative difference favors candidate,"paired demand-path sampling, excluding generation variation"
exp_ar_pos08_fixed6,self_evolve_mean_of_available_repeats,forecast_adaptive_pil,steady,50,mean_of_available_repeats,baseline_h200_forecast_adaptive_pil,,3,primary,200,200,True,1000,166.84026581954274,162.51993297815463,4.320332841388134,"[3.8865124100151136, 4.748525697184312]",-2.6583402800005045,"[-2.9179179338869132, -2.3914480629865547]",0.95,2026091603,5000,loss,candidate_minus_reference; negative difference favors candidate,"paired demand-path sampling, excluding generation variation"
exp_ar_pos08_fixed6,self_evolve_mean_of_available_repeats,forecast_capped_base_stock,steady,50,mean_of_available_repeats,baseline_h200_forecast_capped_base_stock,,3,primary,200,200,True,1000,166.84026581954274,163.27300711434353,3.567258705199266,"[3.035582328043469, 4.088081522160723]",-2.184842901007502,"[-2.5086292598359905, -1.8551804916896626]",0.95,2026091603,5000,loss,candidate_minus_reference; negative difference favors candidate,"paired demand-path sampling, excluding generation variation"
exp_ar_pos08_fixed6,self_evolve_mean_of_available_repeats,pil_cop_continuation,steady,50,mean_of_available_repeats,baseline_h200_pil_cop_continuation,,3,primary,200,200,True,1000,166.84026581954274,163.05951597651037,3.7807498430323916,"[3.4793866405603437, 4.077588625831596]",-2.318631832304105,"[-2.491236263417274, -2.1370042016897504]",0.95,2026091603,5000,loss,candidate_minus_reference; negative difference favors candidate,"paired demand-path sampling, excluding generation variation"
exp_ar_pos08_fixed6,self_evolve_mean_of_available_repeats,base_stock,steady,100,mean_of_available_repeats,baseline_h200_base_stock,,3,primary,200,200,True,1000,166.12162689400347,167.53466761862026,-1.4130407246168328,"[-1.5484724414833049, -1.2792442207185246]",0.8434318369458136,"[0.7663450629778349, 0.9214560001535568]",0.95,2026091603,5000,win,candidate_minus_reference; negative difference favors candidate,"paired demand-path sampling, excluding generation variation"
exp_ar_pos08_fixed6,self_evolve_mean_of_available_repeats,capped_base_stock,steady,100,mean_of_available_repeats,baseline_h200_capped_base_stock,,3,primary,200,200,True,1000,166.12162689400347,164.57257479983375,1.5490520941697228,"[1.3481791963105778, 1.7512461585712862]",-0.9412577375384716,"[-1.066915646398256, -0.8154888061957423]",0.95,2026091603,5000,loss,candidate_minus_reference; negative difference favors candidate,"paired demand-path sampling, excluding generation variation"
exp_ar_pos08_fixed6,self_evolve_mean_of_available_repeats,conditional_pil,steady,100,mean_of_available_repeats,baseline_h200_conditional_pil,,3,primary,200,200,True,1000,166.12162689400347,162.4022919864621,3.719334907541346,"[3.512767069994324, 3.9300546807763648]",-2.290198532328233,"[-2.4140718156187195, -2.168924672757461]",0.95,2026091603,5000,loss,candidate_minus_reference; negative difference favors candidate,"paired demand-path sampling, excluding generation variation"
exp_ar_pos08_fixed6,self_evolve_mean_of_available_repeats,constant_order,steady,100,mean_of_available_repeats,baseline_h200_constant_order,,3,primary,200,200,True,1000,166.12162689400347,171.36364400208765,-5.242017108084196,"[-6.0452722739635085, -4.493518538086455]",3.059001889584189,"[2.6493286728134273, 3.502606654218927]",0.95,2026091603,5000,win,candidate_minus_reference; negative difference favors candidate,"paired demand-path sampling, excluding generation variation"
exp_ar_pos08_fixed6,self_evolve_mean_of_available_repeats,forecast_adaptive_pil,steady,100,mean_of_available_repeats,baseline_h200_forecast_adaptive_pil,,3,primary,200,200,True,1000,166.12162689400347,161.70770090808267,4.4139259859207804,"[4.113117792372158, 4.714090582213803]",-2.729570676680232,"[-2.912445751580926, -2.5443730589135383]",0.95,2026091603,5000,loss,candidate_minus_reference; negative difference favors candidate,"paired demand-path sampling, excluding generation variation"
exp_ar_pos08_fixed6,self_evolve_mean_of_available_repeats,forecast_capped_base_stock,steady,100,mean_of_available_repeats,baseline_h200_forecast_capped_base_stock,,3,primary,200,200,True,1000,166.12162689400347,162.37147320458706,3.750153689416393,"[3.383707606323763, 4.12104970758116]",-2.3096136380380297,"[-2.5408196342834155, -2.0844040389590406]",0.95,2026091603,5000,loss,candidate_minus_reference; negative difference favors candidate,"paired demand-path sampling, excluding generation variation"
exp_ar_pos08_fixed6,self_evolve_mean_of_available_repeats,pil_cop_continuation,steady,100,mean_of_available_repeats,baseline_h200_pil_cop_continuation,,3,primary,200,200,True,1000,166.12162689400347,162.4022919864621,3.719334907541346,"[3.512767069994324, 3.9300546807763648]",-2.290198532328233,"[-2.4140718156187195, -2.168924672757461]",0.95,2026091603,5000,loss,candidate_minus_reference; negative difference favors candidate,"paired demand-path sampling, excluding generation variation"
exp_ar_pos08_fixed6,self_evolve_mean_of_available_repeats,base_stock,steady,200,mean_of_available_repeats,baseline_h200_base_stock,,3,primary,200,200,True,1000,166.17068822022603,167.61434851404042,-1.4436602938144143,"[-1.5385419255296207, -1.344827011687913]",0.8612987531276055,"[0.8046887246028223, 0.9172498723813604]",0.95,2026091603,5000,win,candidate_minus_reference; negative difference favors candidate,"paired demand-path sampling, excluding generation variation"
exp_ar_pos08_fixed6,self_evolve_mean_of_available_repeats,capped_base_stock,steady,200,mean_of_available_repeats,baseline_h200_capped_base_stock,,3,primary,200,200,True,1000,166.17068822022603,164.60430686398055,1.5663813562454805,"[1.4210163153561248, 1.710453759358535]",-0.9516041141862944,"[-1.042455783566738, -0.8603401954531571]",0.95,2026091603,5000,loss,candidate_minus_reference; negative difference favors candidate,"paired demand-path sampling, excluding generation variation"
exp_ar_pos08_fixed6,self_evolve_mean_of_available_repeats,conditional_pil,steady,200,mean_of_available_repeats,baseline_h200_conditional_pil,,3,primary,200,200,True,1000,166.17068822022603,162.47453944886703,3.696148771359004,"[3.5499865331269516, 3.8485333994133883]",-2.2749095236070636,"[-2.3648518975962807, -2.187240584226738]",0.95,2026091603,5000,loss,candidate_minus_reference; negative difference favors candidate,"paired demand-path sampling, excluding generation variation"
exp_ar_pos08_fixed6,self_evolve_mean_of_available_repeats,constant_order,steady,200,mean_of_available_repeats,baseline_h200_constant_order,,3,primary,200,200,True,1000,166.17068822022603,171.2400363094039,-5.069348089177876,"[-5.630484846495962, -4.528454181655115]",2.9603755047203806,"[2.6620502931325154, 3.272319622336113]",0.95,2026091603,5000,win,candidate_minus_reference; negative difference favors candidate,"paired demand-path sampling, excluding generation variation"
exp_ar_pos08_fixed6,self_evolve_mean_of_available_repeats,forecast_adaptive_pil,steady,200,mean_of_available_repeats,baseline_h200_forecast_adaptive_pil,,3,primary,200,200,True,1000,166.17068822022603,161.81033978872654,4.360348431499484,"[4.142319805737888, 4.577011160272308]",-2.6947279371594757,"[-2.822510810154226, -2.5647777523824504]",0.95,2026091603,5000,loss,candidate_minus_reference; negative difference favors candidate,"paired demand-path sampling, excluding generation variation"
exp_ar_pos08_fixed6,self_evolve_mean_of_available_repeats,forecast_capped_base_stock,steady,200,mean_of_available_repeats,baseline_h200_forecast_capped_base_stock,,3,primary,200,200,True,1000,166.17068822022603,162.45013042599842,3.720557794227606,"[3.4631459155065185, 3.984581654378876]",-2.2902768895728545,"[-2.454456117121277, -2.1310900984567454]",0.95,2026091603,5000,loss,candidate_minus_reference; negative difference favors candidate,"paired demand-path sampling, excluding generation variation"
exp_ar_pos08_fixed6,self_evolve_mean_of_available_repeats,pil_cop_continuation,steady,200,mean_of_available_repeats,baseline_h200_pil_cop_continuation,,3,primary,200,200,True,1000,166.17068822022603,162.47453944886703,3.696148771359004,"[3.5499865331269516, 3.8485333994133883]",-2.2749095236070636,"[-2.3648518975962807, -2.187240584226738]",0.95,2026091603,5000,loss,candidate_minus_reference; negative difference favors candidate,"paired demand-path sampling, excluding generation variation"
exp_ar_pos08_fixed6,self_evolve_mean_of_available_repeats,base_stock,steady,500,mean_of_available_repeats,baseline_h200_base_stock,,3,primary,200,200,True,1000,165.81710390638887,167.23387583067523,-1.4167719242863819,"[-1.4742554759159445, -1.3561627947913362]",0.8471799850652574,"[0.8129205580770889, 0.8806379019148802]",0.95,2026091603,5000,win,candidate_minus_reference; negative difference favors candidate,"paired demand-path sampling, excluding generation variation"
exp_ar_pos08_fixed6,self_evolve_mean_of_available_repeats,capped_base_stock,steady,500,mean_of_available_repeats,baseline_h200_capped_base_stock,,3,primary,200,200,True,1000,165.81710390638887,164.2207578263186,1.5963460800702722,"[1.5063669019042911, 1.6888379702784164]",-0.9720732635752337,"[-1.030599726791013, -0.9148397441004571]",0.95,2026091603,5000,loss,candidate_minus_reference; negative difference favors candidate,"paired demand-path sampling, excluding generation variation"
exp_ar_pos08_fixed6,self_evolve_mean_of_available_repeats,conditional_pil,steady,500,mean_of_available_repeats,baseline_h200_conditional_pil,,3,primary,200,200,True,1000,165.81710390638887,162.1414799004231,3.675624005965756,"[3.583632116772285, 3.772955116757542]",-2.266923928548762,"[-2.323102980698897, -2.212007496499761]",0.95,2026091603,5000,loss,candidate_minus_reference; negative difference favors candidate,"paired demand-path sampling, excluding generation variation"
exp_ar_pos08_fixed6,self_evolve_mean_of_available_repeats,constant_order,steady,500,mean_of_available_repeats,baseline_h200_constant_order,,3,primary,200,200,True,1000,165.81710390638887,170.56361848321848,-4.746514576829633,"[-5.085593369971278, -4.419866116280291]",2.782841158647566,"[2.6012074998407715, 2.96989966349921]",0.95,2026091603,5000,win,candidate_minus_reference; negative difference favors candidate,"paired demand-path sampling, excluding generation variation"
exp_ar_pos08_fixed6,self_evolve_mean_of_available_repeats,forecast_adaptive_pil,steady,500,mean_of_available_repeats,baseline_h200_forecast_adaptive_pil,,3,primary,200,200,True,1000,165.81710390638887,161.44540336404606,4.371700542342805,"[4.225445395265241, 4.521067105526854]",-2.7078507354495462,"[-2.7970726188473427, -2.6216387595152884]",0.95,2026091603,5000,loss,candidate_minus_reference; negative difference favors candidate,"paired demand-path sampling, excluding generation variation"
exp_ar_pos08_fixed6,self_evolve_mean_of_available_repeats,forecast_capped_base_stock,steady,500,mean_of_available_repeats,baseline_h200_forecast_capped_base_stock,,3,primary,200,200,True,1000,165.81710390638887,161.9457944136915,3.871309492697381,"[3.6960601076757174, 4.057895433635883]",-2.390497083739078,"[-2.507111350572109, -2.2819751114753237]",0.95,2026091603,5000,loss,candidate_minus_reference; negative difference favors candidate,"paired demand-path sampling, excluding generation variation"
exp_ar_pos08_fixed6,self_evolve_mean_of_available_repeats,pil_cop_continuation,steady,500,mean_of_available_repeats,baseline_h200_pil_cop_continuation,,3,primary,200,200,True,1000,165.81710390638887,162.1414799004231,3.675624005965756,"[3.583632116772285, 3.772955116757542]",-2.266923928548762,"[-2.323102980698897, -2.212007496499761]",0.95,2026091603,5000,loss,candidate_minus_reference; negative difference favors candidate,"paired demand-path sampling, excluding generation variation"
exp_iid_fixed6,self_evolve_mean_of_available_repeats,base_stock,cold_start,50,mean_of_available_repeats,baseline_h200_base_stock,,3,primary,200,200,True,1000,145.21779853398675,157.29822244292112,-12.080423908934332,"[-13.131522449534286, -11.023307369656997]",7.6799494115821885,"[7.022922418232902, 8.333117711879384]",0.95,2026091603,5000,win,candidate_minus_reference; negative difference favors candidate,"paired demand-path sampling, excluding generation variation"
exp_iid_fixed6,self_evolve_mean_of_available_repeats,capped_base_stock,cold_start,50,mean_of_available_repeats,baseline_h200_capped_base_stock,,3,primary,200,200,True,1000,145.21779853398675,132.3804235464256,12.837374987561201,"[11.792568299129364, 13.912329585895398]",-9.697336391327616,"[-10.537769904367952, -8.888455409089355]",0.95,2026091603,5000,loss,candidate_minus_reference; negative difference favors candidate,"paired demand-path sampling, excluding generation variation"
exp_iid_fixed6,self_evolve_mean_of_available_repeats,conditional_pil,cold_start,50,mean_of_available_repeats,baseline_h200_conditional_pil,,3,primary,200,200,True,1000,145.21779853398675,132.30595214712463,12.91184638686214,"[11.974436824719282, 13.86457145708905]",-9.759082019608694,"[-10.494701234288328, -9.045581469642764]",0.95,2026091603,5000,loss,candidate_minus_reference; negative difference favors candidate,"paired demand-path sampling, excluding generation variation"
exp_iid_fixed6,self_evolve_mean_of_available_repeats,constant_order,cold_start,50,mean_of_available_repeats,baseline_h200_constant_order,,3,primary,200,200,True,1000,145.21779853398675,132.40829367834027,12.809504855646502,"[11.76624455077992, 13.870262526095523]",-9.674246604797004,"[-10.513265248341797, -8.866507327615633]",0.95,2026091603,5000,loss,candidate_minus_reference; negative difference favors candidate,"paired demand-path sampling, excluding generation variation"
exp_iid_fixed6,self_evolve_mean_of_available_repeats,forecast_adaptive_pil,cold_start,50,mean_of_available_repeats,baseline_h200_forecast_adaptive_pil,,3,primary,200,200,True,1000,145.21779853398675,132.28944612934663,12.92835240464017,"[11.906223336261325, 13.970563701991185]",-9.77277687896536,"[-10.588055213312618, -8.97881351020216]",0.95,2026091603,5000,loss,candidate_minus_reference; negative difference favors candidate,"paired demand-path sampling, excluding generation variation"
exp_iid_fixed6,self_evolve_mean_of_available_repeats,forecast_capped_base_stock,cold_start,50,mean_of_available_repeats,baseline_h200_forecast_capped_base_stock,,3,primary,200,200,True,1000,145.21779853398675,132.38106471338438,12.836733820602399,"[11.791676878188811, 13.911439060799822]",-9.696805089455154,"[-10.537243612758536, -8.88799755376517]",0.95,2026091603,5000,loss,candidate_minus_reference; negative difference favors candidate,"paired demand-path sampling, excluding generation variation"
exp_iid_fixed6,self_evolve_mean_of_available_repeats,pil_cop_continuation,cold_start,50,mean_of_available_repeats,baseline_h200_pil_cop_continuation,,3,primary,200,200,True,1000,145.21779853398675,132.30595214712463,12.91184638686214,"[11.974436824719282, 13.86457145708905]",-9.759082019608694,"[-10.494701234288328, -9.045581469642764]",0.95,2026091603,5000,loss,candidate_minus_reference; negative difference favors candidate,"paired demand-path sampling, excluding generation variation"
exp_iid_fixed6,self_evolve_mean_of_available_repeats,base_stock,cold_start,100,mean_of_available_repeats,baseline_h200_base_stock,,3,primary,200,200,True,1000,134.76552244684058,146.54083603593097,-11.775313589090386,"[-12.362712071101454, -11.188501600192339]",8.035516861800318,"[7.639029262688518, 8.422393750483339]",0.95,2026091603,5000,win,candidate_minus_reference; negative difference favors candidate,"paired demand-path sampling, excluding generation variation"
exp_iid_fixed6,self_evolve_mean_of_available_repeats,capped_base_stock,cold_start,100,mean_of_available_repeats,baseline_h200_capped_base_stock,,3,primary,200,200,True,1000,134.76552244684058,127.74942990126166,7.016092545578887,"[6.4754629942699475, 7.591367689403791]",-5.492073468352615,"[-5.9447535869033485, -5.057603181198439]",0.95,2026091603,5000,loss,candidate_minus_reference; negative difference favors candidate,"paired demand-path sampling, excluding generation variation"
exp_iid_fixed6,self_evolve_mean_of_available_repeats,conditional_pil,cold_start,100,mean_of_available_repeats,baseline_h200_conditional_pil,,3,primary,200,200,True,1000,134.76552244684058,127.57228005077839,7.193242396062171,"[6.7146892390996875, 7.688711331689317]",-5.638562227781002,"[-6.029865014397747, -5.255316913599438]",0.95,2026091603,5000,loss,candidate_minus_reference; negative difference favors candidate,"paired demand-path sampling, excluding generation variation"
exp_iid_fixed6,self_evolve_mean_of_available_repeats,constant_order,cold_start,100,mean_of_available_repeats,baseline_h200_constant_order,,3,primary,200,200,True,1000,134.76552244684058,127.8697453451103,6.895777101730247,"[6.339726735756112, 7.47538783417391]",-5.392813666062382,"[-5.84809931229354, -4.9487577588132154]",0.95,2026091603,5000,loss,candidate_minus_reference; negative difference favors candidate,"paired demand-path sampling, excluding generation variation"
exp_iid_fixed6,self_evolve_mean_of_available_repeats,forecast_adaptive_pil,cold_start,100,mean_of_available_repeats,baseline_h200_forecast_adaptive_pil,,3,primary,200,200,True,1000,134.76552244684058,127.6272300530386,7.1382923938019704,"[6.608597815616535, 7.6985290087983875]",-5.5930794633993735,"[-6.0313917843585765, -5.168893072686077]",0.95,2026091603,5000,loss,candidate_minus_reference; negative difference favors candidate,"paired demand-path sampling, excluding generation variation"
exp_iid_fixed6,self_evolve_mean_of_available_repeats,forecast_capped_base_stock,cold_start,100,mean_of_available_repeats,baseline_h200_forecast_capped_base_stock,,3,primary,200,200,True,1000,134.76552244684058,127.75046672337828,7.0150557234622735,"[6.474511499820758, 7.590352473266902]",-5.491217295238691,"[-5.943787437001612, -5.056913821424183]",0.95,2026091603,5000,loss,candidate_minus_reference; negative difference favors candidate,"paired demand-path sampling, excluding generation variation"
exp_iid_fixed6,self_evolve_mean_of_available_repeats,pil_cop_continuation,cold_start,100,mean_of_available_repeats,baseline_h200_pil_cop_continuation,,3,primary,200,200,True,1000,134.76552244684058,127.57228005077839,7.193242396062171,"[6.7146892390996875, 7.688711331689317]",-5.638562227781002,"[-6.029865014397747, -5.255316913599438]",0.95,2026091603,5000,loss,candidate_minus_reference; negative difference favors candidate,"paired demand-path sampling, excluding generation variation"
exp_iid_fixed6,self_evolve_mean_of_available_repeats,base_stock,cold_start,200,mean_of_available_repeats,baseline_h200_base_stock,,3,primary,200,200,True,1000,129.7869317713233,141.29635239448217,-11.509420623158844,"[-11.877582378373383, -11.147081067283992]",8.145589343329942,"[7.896186907434667, 8.39709615714525]",0.95,2026091603,5000,win,candidate_minus_reference; negative difference favors candidate,"paired demand-path sampling, excluding generation variation"
exp_iid_fixed6,self_evolve_mean_of_available_repeats,capped_base_stock,cold_start,200,mean_of_available_repeats,baseline_h200_capped_base_stock,,3,primary,200,200,True,1000,129.7869317713233,125.63635796977161,4.150573801551724,"[3.8627750590593397, 4.452733071421527]",-3.303640656751876,"[-3.54382644756451, -3.070641931965656]",0.95,2026091603,5000,loss,candidate_minus_reference; negative difference favors candidate,"paired demand-path sampling, excluding generation variation"
exp_iid_fixed6,self_evolve_mean_of_available_repeats,conditional_pil,cold_start,200,mean_of_available_repeats,baseline_h200_conditional_pil,,3,primary,200,200,True,1000,129.7869317713233,125.45735385381029,4.329577917513017,"[4.084498903324784, 4.5875291893984445]",-3.4510355786382036,"[-3.656776963683619, -3.252719081031134]",0.95,2026091603,5000,loss,candidate_minus_reference; negative difference favors candidate,"paired demand-path sampling, excluding generation variation"
exp_iid_fixed6,self_evolve_mean_of_available_repeats,constant_order,cold_start,200,mean_of_available_repeats,baseline_h200_constant_order,,3,primary,200,200,True,1000,129.7869317713233,125.82796307260676,3.958968698716541,"[3.6529072300067553, 4.2670600472055185]",-3.1463345682804187,"[-3.394025206139735, -2.8974411325469522]",0.95,2026091603,5000,loss,candidate_minus_reference; negative difference favors candidate,"paired demand-path sampling, excluding generation variation"
exp_iid_fixed6,self_evolve_mean_of_available_repeats,forecast_adaptive_pil,cold_start,200,mean_of_available_repeats,baseline_h200_forecast_adaptive_pil,,3,primary,200,200,True,1000,129.7869317713233,125.53683885554504,4.250092915778279,"[3.971505036687213, 4.541026535923634]",-3.3855344411442765,"[-3.619123381098317, -3.159900316212729]",0.95,2026091603,5000,loss,candidate_minus_reference; negative difference favors candidate,"paired demand-path sampling, excluding generation variation"
exp_iid_fixed6,self_evolve_mean_of_available_repeats,forecast_capped_base_stock,cold_start,200,mean_of_available_repeats,baseline_h200_forecast_capped_base_stock,,3,primary,200,200,True,1000,129.7869317713233,125.63760214888465,4.149329622438652,"[3.86153124035856, 4.451409927549862]",-3.302617649070989,"[-3.542769514004678, -3.0695673027115635]",0.95,2026091603,5000,loss,candidate_minus_reference; negative difference favors candidate,"paired demand-path sampling, excluding generation variation"
exp_iid_fixed6,self_evolve_mean_of_available_repeats,pil_cop_continuation,cold_start,200,mean_of_available_repeats,baseline_h200_pil_cop_continuation,,3,primary,200,200,True,1000,129.7869317713233,125.45735385381029,4.329577917513017,"[4.084498903324784, 4.5875291893984445]",-3.4510355786382036,"[-3.656776963683619, -3.252719081031134]",0.95,2026091603,5000,loss,candidate_minus_reference; negative difference favors candidate,"paired demand-path sampling, excluding generation variation"
exp_iid_fixed6,self_evolve_mean_of_available_repeats,base_stock,cold_start,500,mean_of_available_repeats,baseline_h200_base_stock,,3,primary,200,200,True,1000,126.81529130544712,138.32958009894386,-11.514288793496744,"[-11.718059218911511, -11.308214537153365]",8.323808100379434,"[8.18010180101958, 8.4674627370168]",0.95,2026091603,5000,win,candidate_minus_reference; negative difference favors candidate,"paired demand-path sampling, excluding generation variation"
exp_iid_fixed6,self_evolve_mean_of_available_repeats,capped_base_stock,cold_start,500,mean_of_available_repeats,baseline_h200_capped_base_stock,,3,primary,200,200,True,1000,126.81529130544712,124.42841591014948,2.386875395297632,"[2.2477250031202782, 2.528418141244633]",-1.9182719460329813,"[-2.0316880698518562, -1.8064546225138287]",0.95,2026091603,5000,loss,candidate_minus_reference; negative difference favors candidate,"paired demand-path sampling, excluding generation variation"
exp_iid_fixed6,self_evolve_mean_of_available_repeats,conditional_pil,cold_start,500,mean_of_available_repeats,baseline_h200_conditional_pil,,3,primary,200,200,True,1000,126.81529130544712,124.20147391044412,2.6138173950030015,"[2.499137096802406, 2.7312195510151387]",-2.104497887752683,"[-2.1995929830598158, -2.012400255522032]",0.95,2026091603,5000,loss,candidate_minus_reference; negative difference favors candidate,"paired demand-path sampling, excluding generation variation"
exp_iid_fixed6,self_evolve_mean_of_available_repeats,constant_order,cold_start,500,mean_of_available_repeats,baseline_h200_constant_order,,3,primary,200,200,True,1000,126.81529130544712,124.6428307355851,2.172460569862014,"[2.0210154427446567, 2.329590270729585]",-1.7429486774659677,"[-1.8696857044114055, -1.619794494662032]",0.95,2026091603,5000,loss,candidate_minus_reference; negative difference favors candidate,"paired demand-path sampling, excluding generation variation"
exp_iid_fixed6,self_evolve_mean_of_available_repeats,forecast_adaptive_pil,cold_start,500,mean_of_available_repeats,baseline_h200_forecast_adaptive_pil,,3,primary,200,200,True,1000,126.81529130544712,124.3062761082149,2.5090151972322,"[2.378670254176959, 2.6419454939505336]",-2.018413933539439,"[-2.1246949598657214, -1.9139852530800088]",0.95,2026091603,5000,loss,candidate_minus_reference; negative difference favors candidate,"paired demand-path sampling, excluding generation variation"
exp_iid_fixed6,self_evolve_mean_of_available_repeats,forecast_capped_base_stock,cold_start,500,mean_of_available_repeats,baseline_h200_forecast_capped_base_stock,,3,primary,200,200,True,1000,126.81529130544712,124.42985999963545,2.385431305811644,"[2.246378934739786, 2.52689713446079]",-1.9170891181736065,"[-2.030474746426979, -1.8051692377737814]",0.95,2026091603,5000,loss,candidate_minus_reference; negative difference favors candidate,"paired demand-path sampling, excluding generation variation"
exp_iid_fixed6,self_evolve_mean_of_available_repeats,pil_cop_continuation,cold_start,500,mean_of_available_repeats,baseline_h200_pil_cop_continuation,,3,primary,200,200,True,1000,126.81529130544712,124.20147391044412,2.6138173950030015,"[2.499137096802406, 2.7312195510151387]",-2.104497887752683,"[-2.1995929830598158, -2.012400255522032]",0.95,2026091603,5000,loss,candidate_minus_reference; negative difference favors candidate,"paired demand-path sampling, excluding generation variation"
exp_iid_fixed6,self_evolve_mean_of_available_repeats,base_stock,steady,50,mean_of_available_repeats,baseline_h200_base_stock,,3,primary,200,200,True,1000,124.81863208348796,136.27763012143288,-11.458998037944937,"[-12.055003848032202, -10.824553983631848]",8.408568616679169,"[7.959360164441828, 8.836284676680703]",0.95,2026091603,5000,win,candidate_minus_reference; negative difference favors candidate,"paired demand-path sampling, excluding generation variation"
exp_iid_fixed6,self_evolve_mean_of_available_repeats,capped_base_stock,steady,50,mean_of_available_repeats,baseline_h200_capped_base_stock,,3,primary,200,200,True,1000,124.81863208348796,123.66156875501007,1.157063328477878,"[0.8797661719845055, 1.427121612755847]",-0.9356692949368812,"[-1.1543977269882753, -0.7107104737805208]",0.95,2026091603,5000,loss,candidate_minus_reference; negative difference favors candidate,"paired demand-path sampling, excluding generation variation"
exp_iid_fixed6,self_evolve_mean_of_available_repeats,conditional_pil,steady,50,mean_of_available_repeats,baseline_h200_conditional_pil,,3,primary,200,200,True,1000,124.81863208348796,123.3430970808289,1.4755350026590515,"[1.2626529874051224, 1.6907810367612026]",-1.196285027359183,"[-1.3697612393265344, -1.0238482502837245]",0.95,2026091603,5000,loss,candidate_minus_reference; negative difference favors candidate,"paired demand-path sampling, excluding generation variation"
exp_iid_fixed6,self_evolve_mean_of_available_repeats,constant_order,steady,50,mean_of_available_repeats,baseline_h200_constant_order,,3,primary,200,200,True,1000,124.81863208348796,123.86642429734786,0.952207786140078,"[0.6246143514553425, 1.2517872010985345]",-0.7687376070970356,"[-1.0118975938398047, -0.5044240936020573]",0.95,2026091603,5000,loss,candidate_minus_reference; negative difference favors candidate,"paired demand-path sampling, excluding generation variation"
exp_iid_fixed6,self_evolve_mean_of_available_repeats,forecast_adaptive_pil,steady,50,mean_of_available_repeats,baseline_h200_forecast_adaptive_pil,,3,primary,200,200,True,1000,124.81863208348796,123.5314890177921,1.2871430656958436,"[1.031880151770432, 1.5317518466435147]",-1.041955436569272,"[-1.2397743546350877, -0.8366800398128061]",0.95,2026091603,5000,loss,candidate_minus_reference; negative difference favors candidate,"paired demand-path sampling, excluding generation variation"
exp_iid_fixed6,self_evolve_mean_of_available_repeats,forecast_capped_base_stock,steady,50,mean_of_available_repeats,baseline_h200_forecast_capped_base_stock,,3,primary,200,200,True,1000,124.81863208348796,123.66295876886954,1.1556733146183946,"[0.8781590991538888, 1.4258200132240197]",-0.9345347435673166,"[-1.1533543504509693, -0.7093502381719399]",0.95,2026091603,5000,loss,candidate_minus_reference; negative difference favors candidate,"paired demand-path sampling, excluding generation variation"
exp_iid_fixed6,self_evolve_mean_of_available_repeats,pil_cop_continuation,steady,50,mean_of_available_repeats,baseline_h200_pil_cop_continuation,,3,primary,200,200,True,1000,124.81863208348796,123.3430970808289,1.4755350026590515,"[1.2626529874051224, 1.6907810367612026]",-1.196285027359183,"[-1.3697612393265344, -1.0238482502837245]",0.95,2026091603,5000,loss,candidate_minus_reference; negative difference favors candidate,"paired demand-path sampling, excluding generation variation"
exp_iid_fixed6,self_evolve_mean_of_available_repeats,base_stock,steady,100,mean_of_available_repeats,baseline_h200_base_stock,,3,primary,200,200,True,1000,125.06945714536309,136.75742640296707,-11.687969257603939,"[-12.110086173376654, -11.240180907403344]",8.546496936235414,"[8.23826813309378, 8.846445671301773]",0.95,2026091603,5000,win,candidate_minus_reference; negative difference favors candidate,"paired demand-path sampling, excluding generation variation"
exp_iid_fixed6,self_evolve_mean_of_available_repeats,capped_base_stock,steady,100,mean_of_available_repeats,baseline_h200_capped_base_stock,,3,primary,200,200,True,1000,125.06945714536309,123.92814550709465,1.1413116382684647,"[0.9417189420868284, 1.339900552015046]",-0.9209462738253399,"[-1.0814254414661406, -0.7589465762482973]",0.95,2026091603,5000,loss,candidate_minus_reference; negative difference favors candidate,"paired demand-path sampling, excluding generation variation"
exp_iid_fixed6,self_evolve_mean_of_available_repeats,conditional_pil,steady,100,mean_of_available_repeats,baseline_h200_conditional_pil,,3,primary,200,200,True,1000,125.06945714536309,123.62369713351934,1.4457600118437712,"[1.3049333157343768, 1.593784577116601]",-1.16948452874877,"[-1.288489087060296, -1.0545745093880174]",0.95,2026091603,5000,loss,candidate_minus_reference; negative difference favors candidate,"paired demand-path sampling, excluding generation variation"
exp_iid_fixed6,self_evolve_mean_of_available_repeats,constant_order,steady,100,mean_of_available_repeats,baseline_h200_constant_order,,3,primary,200,200,True,1000,125.06945714536309,124.05533304361252,1.0141241017505875,"[0.7812412044305972, 1.2312701611844457]",-0.8174772312239453,"[-0.994760591046164, -0.6293959331419567]",0.95,2026091603,5000,loss,candidate_minus_reference; negative difference favors candidate,"paired demand-path sampling, excluding generation variation"
exp_iid_fixed6,self_evolve_mean_of_available_repeats,forecast_adaptive_pil,steady,100,mean_of_available_repeats,baseline_h200_forecast_adaptive_pil,,3,primary,200,200,True,1000,125.06945714536309,123.76633763846299,1.30311950690013,"[1.125769882074359, 1.4840989625305225]",-1.0528868606475847,"[-1.1994946128103077, -0.9069513942384038]",0.95,2026091603,5000,loss,candidate_minus_reference; negative difference favors candidate,"paired demand-path sampling, excluding generation variation"
exp_iid_fixed6,self_evolve_mean_of_available_repeats,forecast_capped_base_stock,steady,100,mean_of_available_repeats,baseline_h200_forecast_capped_base_stock,,3,primary,200,200,True,1000,125.06945714536309,123.9296594953173,1.1397976500458171,"[0.9399981857753814, 1.3387147271176034]",-0.9197133718332055,"[-1.080298506348348, -0.7575364618253242]",0.95,2026091603,5000,loss,candidate_minus_reference; negative difference favors candidate,"paired demand-path sampling, excluding generation variation"
exp_iid_fixed6,self_evolve_mean_of_available_repeats,pil_cop_continuation,steady,100,mean_of_available_repeats,baseline_h200_pil_cop_continuation,,3,primary,200,200,True,1000,125.06945714536309,123.62369713351934,1.4457600118437712,"[1.3049333157343768, 1.593784577116601]",-1.16948452874877,"[-1.288489087060296, -1.0545745093880174]",0.95,2026091603,5000,loss,candidate_minus_reference; negative difference favors candidate,"paired demand-path sampling, excluding generation variation"
exp_iid_fixed6,self_evolve_mean_of_available_repeats,base_stock,steady,200,mean_of_available_repeats,baseline_h200_base_stock,,3,primary,200,200,True,1000,124.97485777596047,136.47422890223854,-11.499371126278096,"[-11.80653360276124, -11.185894041106563]",8.426038541324518,"[8.206230626608301, 8.642006175481976]",0.95,2026091603,5000,win,candidate_minus_reference; negative difference favors candidate,"paired demand-path sampling, excluding generation variation"
exp_iid_fixed6,self_evolve_mean_of_available_repeats,capped_base_stock,steady,200,mean_of_available_repeats,baseline_h200_capped_base_stock,,3,primary,200,200,True,1000,124.97485777596047,123.75307785942378,1.2217799165366823,"[1.0852901360534908, 1.3658863641509624]",-0.9872723472175455,"[-1.1036654701953403, -0.875607549688498]",0.95,2026091603,5000,loss,candidate_minus_reference; negative difference favors candidate,"paired demand-path sampling, excluding generation variation"
exp_iid_fixed6,self_evolve_mean_of_available_repeats,conditional_pil,steady,200,mean_of_available_repeats,baseline_h200_conditional_pil,,3,primary,200,200,True,1000,124.97485777596047,123.48107258002207,1.4937851959383923,"[1.390632183930545, 1.6041527720761937]",-1.20972806983868,"[-1.2980571151016616, -1.1261170064937898]",0.95,2026091603,5000,loss,candidate_minus_reference; negative difference favors candidate,"paired demand-path sampling, excluding generation variation"
exp_iid_fixed6,self_evolve_mean_of_available_repeats,constant_order,steady,200,mean_of_available_repeats,baseline_h200_constant_order,,3,primary,200,200,True,1000,124.97485777596047,124.04517296705299,0.9296848089074875,"[0.748606848113928, 1.1003203088270157]",-0.7494727821085068,"[-0.8892717843728415, -0.6031833732552658]",0.95,2026091603,5000,loss,candidate_minus_reference; negative difference favors candidate,"paired demand-path sampling, excluding generation variation"
exp_iid_fixed6,self_evolve_mean_of_available_repeats,forecast_adaptive_pil,steady,200,mean_of_available_repeats,baseline_h200_forecast_adaptive_pil,,3,primary,200,200,True,1000,124.97485777596047,123.6447565914476,1.3301011845128703,"[1.2141827264207325, 1.4520710675387496]",-1.0757441085090638,"[-1.1754811388109114, -0.9815921219220801]",0.95,2026091603,5000,loss,candidate_minus_reference; negative difference favors candidate,"paired demand-path sampling, excluding generation variation"
exp_iid_fixed6,self_evolve_mean_of_available_repeats,forecast_capped_base_stock,steady,200,mean_of_available_repeats,baseline_h200_forecast_capped_base_stock,,3,primary,200,200,True,1000,124.97485777596047,123.75461009156236,1.2202476843981052,"[1.0836006086560341, 1.3643587320171877]",-0.9860220023280688,"[-1.10252439222496, -0.8745134694559817]",0.95,2026091603,5000,loss,candidate_minus_reference; negative difference favors candidate,"paired demand-path sampling, excluding generation variation"
exp_iid_fixed6,self_evolve_mean_of_available_repeats,pil_cop_continuation,steady,200,mean_of_available_repeats,baseline_h200_pil_cop_continuation,,3,primary,200,200,True,1000,124.97485777596047,123.48107258002207,1.4937851959383923,"[1.390632183930545, 1.6041527720761937]",-1.20972806983868,"[-1.2980571151016616, -1.1261170064937898]",0.95,2026091603,5000,loss,candidate_minus_reference; negative difference favors candidate,"paired demand-path sampling, excluding generation variation"
exp_iid_fixed6,self_evolve_mean_of_available_repeats,base_stock,steady,500,mean_of_available_repeats,baseline_h200_base_stock,,3,primary,200,200,True,1000,125.09916598558567,136.54929640476988,-11.450130419184225,"[-11.644754933232354, -11.26097354009348]",8.385345600934372,"[8.253301410732812, 8.52212767049787]",0.95,2026091603,5000,win,candidate_minus_reference; negative difference favors candidate,"paired demand-path sampling, excluding generation variation"
exp_iid_fixed6,self_evolve_mean_of_available_repeats,capped_base_stock,steady,500,mean_of_available_repeats,baseline_h200_capped_base_stock,,3,primary,200,200,True,1000,125.09916598558567,123.83765614788817,1.2615098376975051,"[1.170168709096419, 1.3543582509388685]",-1.0186803246590803,"[-1.094237314507109, -0.9448469768568666]",0.95,2026091603,5000,loss,candidate_minus_reference; negative difference favors candidate,"paired demand-path sampling, excluding generation variation"
exp_iid_fixed6,self_evolve_mean_of_available_repeats,conditional_pil,steady,500,mean_of_available_repeats,baseline_h200_conditional_pil,,3,primary,200,200,True,1000,125.09916598558567,123.59052360477737,1.5086423808082883,"[1.4393859230754071, 1.5786107733083246]",-1.2206780397117605,"[-1.277662540050835, -1.1647923195853003]",0.95,2026091603,5000,loss,candidate_minus_reference; negative difference favors candidate,"paired demand-path sampling, excluding generation variation"
exp_iid_fixed6,self_evolve_mean_of_available_repeats,constant_order,steady,500,mean_of_available_repeats,baseline_h200_constant_order,,3,primary,200,200,True,1000,125.09916598558567,124.13586249041813,0.9633034951675293,"[0.8474768639691658, 1.079515401204228]",-0.7760074130406054,"[-0.8717186634767986, -0.6819296952040366]",0.95,2026091603,5000,loss,candidate_minus_reference; negative difference favors candidate,"paired demand-path sampling, excluding generation variation"
exp_iid_fixed6,self_evolve_mean_of_available_repeats,forecast_adaptive_pil,steady,500,mean_of_available_repeats,baseline_h200_forecast_adaptive_pil,,3,primary,200,200,True,1000,125.09916598558567,123.73704093285679,1.3621250527288857,"[1.2844153967103962, 1.4414952727561883]",-1.1008223911447927,"[-1.1653474531107786, -1.0382024824829987]",0.95,2026091603,5000,loss,candidate_minus_reference; negative difference favors candidate,"paired demand-path sampling, excluding generation variation"
exp_iid_fixed6,self_evolve_mean_of_available_repeats,forecast_capped_base_stock,steady,500,mean_of_available_repeats,baseline_h200_forecast_capped_base_stock,,3,primary,200,200,True,1000,125.09916598558567,123.8391520265924,1.2600139589932513,"[1.1685169228803942, 1.3529463247188256]",-1.017460099147564,"[-1.0930818270135998, -0.9435316443708356]",0.95,2026091603,5000,loss,candidate_minus_reference; negative difference favors candidate,"paired demand-path sampling, excluding generation variation"
exp_iid_fixed6,self_evolve_mean_of_available_repeats,pil_cop_continuation,steady,500,mean_of_available_repeats,baseline_h200_pil_cop_continuation,,3,primary,200,200,True,1000,125.09916598558567,123.59052360477737,1.5086423808082883,"[1.4393859230754071, 1.5786107733083246]",-1.2206780397117605,"[-1.277662540050835, -1.1647923195853003]",0.95,2026091603,5000,loss,candidate_minus_reference; negative difference favors candidate,"paired demand-path sampling, excluding generation variation"
exp_iid_random3_9,self_evolve_mean_of_available_repeats,base_stock,cold_start,50,mean_of_available_repeats,baseline_h200_base_stock,,3,primary,200,200,True,1000,151.79588996260213,160.96089163066847,-9.165001668066347,"[-9.670224187120915, -8.623628506109428]",5.693930727655149,"[5.367287535685522, 5.999942406264764]",0.95,2026091603,5000,win,candidate_minus_reference; negative difference favors candidate,"paired demand-path sampling, excluding generation variation"
exp_iid_random3_9,self_evolve_mean_of_available_repeats,capped_base_stock,cold_start,50,mean_of_available_repeats,baseline_h200_capped_base_stock,,3,primary,200,200,True,1000,151.79588996260213,142.24242671309855,9.553463249503588,"[8.893244722896398, 10.205078634892793]",-6.716324707235776,"[-7.190481052266815, -6.241709028997897]",0.95,2026091603,5000,loss,candidate_minus_reference; negative difference favors candidate,"paired demand-path sampling, excluding generation variation"
exp_iid_random3_9,self_evolve_mean_of_available_repeats,conditional_pil,cold_start,50,mean_of_available_repeats,baseline_h200_conditional_pil,,3,primary,200,200,True,1000,151.79588996260213,138.21721582780307,13.578674134799064,"[12.869918866633219, 14.287691781712477]",-9.824155445090105,"[-10.369048451157568, -9.27501272791865]",0.95,2026091603,5000,loss,candidate_minus_reference; negative difference favors candidate,"paired demand-path sampling, excluding generation variation"
exp_iid_random3_9,self_evolve_mean_of_available_repeats,constant_order,cold_start,50,mean_of_available_repeats,baseline_h200_constant_order,,3,primary,200,200,True,1000,151.79588996260213,142.9725746145192,8.823315348082977,"[8.161889837159494, 9.485483480131151]",-6.171334168019452,"[-6.6590948145854405, -5.692574684711372]",0.95,2026091603,5000,loss,candidate_minus_reference; negative difference favors candidate,"paired demand-path sampling, excluding generation variation"
exp_iid_random3_9,self_evolve_mean_of_available_repeats,forecast_adaptive_pil,cold_start,50,mean_of_available_repeats,baseline_h200_forecast_adaptive_pil,,3,primary,200,200,True,1000,151.79588996260213,138.0755971798406,13.720292782761536,"[13.022925959333458, 14.405209720507154]",-9.93679771298844,"[-10.470948837085055, -9.394383555021497]",0.95,2026091603,5000,loss,candidate_minus_reference; negative difference favors candidate,"paired demand-path sampling, excluding generation variation"
exp_iid_random3_9,self_evolve_mean_of_available_repeats,forecast_capped_base_stock,cold_start,50,mean_of_available_repeats,baseline_h200_forecast_capped_base_stock,,3,primary,200,200,True,1000,151.79588996260213,141.5212520207115,10.27463794189068,"[9.61208870184487, 10.932099511087086]",-7.260137820422158,"[-7.744617212332861, -6.774663464295324]",0.95,2026091603,5000,loss,candidate_minus_reference; negative difference favors candidate,"paired demand-path sampling, excluding generation variation"
exp_iid_random3_9,self_evolve_mean_of_available_repeats,pil_cop_continuation,cold_start,50,mean_of_available_repeats,baseline_h200_pil_cop_continuation,,3,primary,200,200,True,1000,151.79588996260213,138.42222669975607,13.37366326284605,"[12.695376431125444, 14.038192829394916]",-9.661499877367335,"[-10.176805552784417, -9.143874105920307]",0.95,2026091603,5000,loss,candidate_minus_reference; negative difference favors candidate,"paired demand-path sampling, excluding generation variation"
exp_iid_random3_9,self_evolve_mean_of_available_repeats,base_stock,cold_start,100,mean_of_available_repeats,baseline_h200_base_stock,,3,primary,200,200,True,1000,145.40463214959948,153.83613568471512,-8.431503535115578,"[-8.761398384509587, -8.084059627341539]",5.4808341990570275,"[5.260225879400415, 5.69125731005562]",0.95,2026091603,5000,win,candidate_minus_reference; negative difference favors candidate,"paired demand-path sampling, excluding generation variation"
exp_iid_random3_9,self_evolve_mean_of_available_repeats,capped_base_stock,cold_start,100,mean_of_available_repeats,baseline_h200_capped_base_stock,,3,primary,200,200,True,1000,145.40463214959948,138.71790417743492,6.6867279721646105,"[6.3228841521916745, 7.049442741241368]",-4.820378459302216,"[-5.094692146162826, -4.5523558827562365]",0.95,2026091603,5000,loss,candidate_minus_reference; negative difference favors candidate,"paired demand-path sampling, excluding generation variation"
exp_iid_random3_9,self_evolve_mean_of_available_repeats,conditional_pil,cold_start,100,mean_of_available_repeats,baseline_h200_conditional_pil,,3,primary,200,200,True,1000,145.40463214959948,134.74540181104584,10.65923033855368,"[10.203093227611333, 11.101231593864926]",-7.910644961006636,"[-8.250612855769065, -7.556144170632615]",0.95,2026091603,5000,loss,candidate_minus_reference; negative difference favors candidate,"paired demand-path sampling, excluding generation variation"
exp_iid_random3_9,self_evolve_mean_of_available_repeats,constant_order,cold_start,100,mean_of_available_repeats,baseline_h200_constant_order,,3,primary,200,200,True,1000,145.40463214959948,139.12480041874485,6.279831730854637,"[5.910786282459756, 6.641919126163137]",-4.513811852346433,"[-4.782270951903427, -4.23644517891466]",0.95,2026091603,5000,loss,candidate_minus_reference; negative difference favors candidate,"paired demand-path sampling, excluding generation variation"
exp_iid_random3_9,self_evolve_mean_of_available_repeats,forecast_adaptive_pil,cold_start,100,mean_of_available_repeats,baseline_h200_forecast_adaptive_pil,,3,primary,200,200,True,1000,145.40463214959948,134.5731214796123,10.831510669987177,"[10.394225013355364, 11.245972866595883]",-8.048792025403191,"[-8.374688744521817, -7.705196011917329]",0.95,2026091603,5000,loss,candidate_minus_reference; negative difference favors candidate,"paired demand-path sampling, excluding generation variation"
exp_iid_random3_9,self_evolve_mean_of_available_repeats,forecast_capped_base_stock,cold_start,100,mean_of_available_repeats,baseline_h200_forecast_capped_base_stock,,3,primary,200,200,True,1000,145.40463214959948,137.93510150242008,7.469530647179414,"[7.098190873596401, 7.836856959527536]",-5.415250045724107,"[-5.6903926596311845, -5.13680099012805]",0.95,2026091603,5000,loss,candidate_minus_reference; negative difference favors candidate,"paired demand-path sampling, excluding generation variation"
exp_iid_random3_9,self_evolve_mean_of_available_repeats,pil_cop_continuation,cold_start,100,mean_of_available_repeats,baseline_h200_pil_cop_continuation,,3,primary,200,200,True,1000,145.40463214959948,135.12127310966142,10.283359039938093,"[9.860355778193869, 10.692572855692138]",-7.61046636349579,"[-7.928002796360974, -7.283029079383745]",0.95,2026091603,5000,loss,candidate_minus_reference; negative difference favors candidate,"paired demand-path sampling, excluding generation variation"
exp_iid_random3_9,self_evolve_mean_of_available_repeats,base_stock,cold_start,200,mean_of_available_repeats,baseline_h200_base_stock,,3,primary,200,200,True,1000,142.4424410668668,150.2789912175513,-7.836550150684523,"[-8.077148583344842, -7.590391695648236]",5.214667790349966,"[5.0553798084162835, 5.368539772242971]",0.95,2026091603,5000,win,candidate_minus_reference; negative difference favors candidate,"paired demand-path sampling, excluding generation variation"
exp_iid_random3_9,self_evolve_mean_of_available_repeats,capped_base_stock,cold_start,200,mean_of_available_repeats,baseline_h200_capped_base_stock,,3,primary,200,200,True,1000,142.4424410668668,137.12401365748303,5.318427409383746,"[5.105488751034268, 5.536206977209728]",-3.8785529007840016,"[-4.046527963557987, -3.7200773676561796]",0.95,2026091603,5000,loss,candidate_minus_reference; negative difference favors candidate,"paired demand-path sampling, excluding generation variation"
exp_iid_random3_9,self_evolve_mean_of_available_repeats,conditional_pil,cold_start,200,mean_of_available_repeats,baseline_h200_conditional_pil,,3,primary,200,200,True,1000,142.4424410668668,133.34061249322085,9.101828573645935,"[8.806752853416688, 9.392359816984477]",-6.825998773710966,"[-7.049963128791402, -6.594809854914299]",0.95,2026091603,5000,loss,candidate_minus_reference; negative difference favors candidate,"paired demand-path sampling, excluding generation variation"
exp_iid_random3_9,self_evolve_mean_of_available_repeats,constant_order,cold_start,200,mean_of_available_repeats,baseline_h200_constant_order,,3,primary,200,200,True,1000,142.4424410668668,137.64304225982534,4.799398807041434,"[4.578776370939357, 5.012630526982774]",-3.4868444697565972,"[-3.6491757359866135, -3.3219594408160273]",0.95,2026091603,5000,loss,candidate_minus_reference; negative difference favors candidate,"paired demand-path sampling, excluding generation variation"
exp_iid_random3_9,self_evolve_mean_of_available_repeats,forecast_adaptive_pil,cold_start,200,mean_of_available_repeats,baseline_h200_forecast_adaptive_pil,,3,primary,200,200,True,1000,142.4424410668668,133.12453290857442,9.317908158292369,"[9.036752287138498, 9.594537930266881]",-6.999392189185447,"[-7.215152495357792, -6.779086756482062]",0.95,2026091603,5000,loss,candidate_minus_reference; negative difference favors candidate,"paired demand-path sampling, excluding generation variation"
exp_iid_random3_9,self_evolve_mean_of_available_repeats,forecast_capped_base_stock,cold_start,200,mean_of_available_repeats,baseline_h200_forecast_capped_base_stock,,3,primary,200,200,True,1000,142.4424410668668,136.2878295665031,6.154611500363692,"[5.935615650050604, 6.383437040052238]",-4.515892225989623,"[-4.688156228015177, -4.35047304063002]",0.95,2026091603,5000,loss,candidate_minus_reference; negative difference favors candidate,"paired demand-path sampling, excluding generation variation"
exp_iid_random3_9,self_evolve_mean_of_available_repeats,pil_cop_continuation,cold_start,200,mean_of_available_repeats,baseline_h200_pil_cop_continuation,,3,primary,200,200,True,1000,142.4424410668668,133.8931717123404,8.549269354526368,"[8.278087305718767, 8.81920138304088]",-6.385142158626178,"[-6.593221321068825, -6.178658374571025]",0.95,2026091603,5000,loss,candidate_minus_reference; negative difference favors candidate,"paired demand-path sampling, excluding generation variation"
exp_iid_random3_9,self_evolve_mean_of_available_repeats,base_stock,cold_start,500,mean_of_available_repeats,baseline_h200_base_stock,,3,primary,200,200,True,1000,140.80468788911043,148.3060267258115,-7.501338836701061,"[-7.644979263608678, -7.355785465529698]",5.058013488939038,"[4.963049962804771, 5.1518133878704155]",0.95,2026091603,5000,win,candidate_minus_reference; negative difference favors candidate,"paired demand-path sampling, excluding generation variation"
exp_iid_random3_9,self_evolve_mean_of_available_repeats,capped_base_stock,cold_start,500,mean_of_available_repeats,baseline_h200_capped_base_stock,,3,primary,200,200,True,1000,140.80468788911043,136.27997002778483,4.524717861325636,"[4.401094350639589, 4.647257045964436]",-3.3201635283623094,"[-3.413456136878513, -3.227936203327794]",0.95,2026091603,5000,loss,candidate_minus_reference; negative difference favors candidate,"paired demand-path sampling, excluding generation variation"
exp_iid_random3_9,self_evolve_mean_of_available_repeats,conditional_pil,cold_start,500,mean_of_available_repeats,baseline_h200_conditional_pil,,3,primary,200,200,True,1000,140.80468788911043,132.64190051959096,8.162787369519476,"[7.992408957106445, 8.335030243828845]",-6.15400362746901,"[-6.2858790590601386, -6.022198864103329]",0.95,2026091603,5000,loss,candidate_minus_reference; negative difference favors candidate,"paired demand-path sampling, excluding generation variation"
exp_iid_random3_9,self_evolve_mean_of_available_repeats,constant_order,cold_start,500,mean_of_available_repeats,baseline_h200_constant_order,,3,primary,200,200,True,1000,140.80468788911043,136.86676917425575,3.9379187148546952,"[3.8217795747054386, 4.056330256243417]",-2.8771912558562724,"[-2.9659440455517347, -2.789519482462011]",0.95,2026091603,5000,loss,candidate_minus_reference; negative difference favors candidate,"paired demand-path sampling, excluding generation variation"
exp_iid_random3_9,self_evolve_mean_of_available_repeats,forecast_adaptive_pil,cold_start,500,mean_of_available_repeats,baseline_h200_forecast_adaptive_pil,,3,primary,200,200,True,1000,140.80468788911043,132.40098316786853,8.403704721241876,"[8.243869540687864, 8.562248847265986]",-6.34716187159049,"[-6.472303352235055, -6.223297332948263]",0.95,2026091603,5000,loss,candidate_minus_reference; negative difference favors candidate,"paired demand-path sampling, excluding generation variation"
exp_iid_random3_9,self_evolve_mean_of_available_repeats,forecast_capped_base_stock,cold_start,500,mean_of_available_repeats,baseline_h200_forecast_capped_base_stock,,3,primary,200,200,True,1000,140.80468788911043,135.38932230049232,5.415365588618144,"[5.27881709721023, 5.551060615724479]",-3.9998468834926793,"[-4.102563678470148, -3.8979363217304557]",0.95,2026091603,5000,loss,candidate_minus_reference; negative difference favors candidate,"paired demand-path sampling, excluding generation variation"
exp_iid_random3_9,self_evolve_mean_of_available_repeats,pil_cop_continuation,cold_start,500,mean_of_available_repeats,baseline_h200_pil_cop_continuation,,3,primary,200,200,True,1000,140.80468788911043,133.13155992723378,7.673127961876657,"[7.516987742957761, 7.832221523933453]",-5.763567981980062,"[-5.887222813405576, -5.642481655326446]",0.95,2026091603,5000,loss,candidate_minus_reference; negative difference favors candidate,"paired demand-path sampling, excluding generation variation"
exp_iid_random3_9,self_evolve_mean_of_available_repeats,base_stock,steady,50,mean_of_available_repeats,baseline_h200_base_stock,,3,primary,200,200,True,1000,139.78600803685302,146.73215677983933,-6.9461487429863285,"[-7.4092272662736764, -6.471421789342858]",4.733896710458968,"[4.419246253872212, 5.03697832148589]",0.95,2026091603,5000,win,candidate_minus_reference; negative difference favors candidate,"paired demand-path sampling, excluding generation variation"
exp_iid_random3_9,self_evolve_mean_of_available_repeats,capped_base_stock,steady,50,mean_of_available_repeats,baseline_h200_capped_base_stock,,3,primary,200,200,True,1000,139.78600803685302,136.1580484121855,3.627959624667513,"[3.289554121211437, 3.98104207894199]",-2.6645208762722143,"[-2.9325922271559817, -2.411566009385153]",0.95,2026091603,5000,loss,candidate_minus_reference; negative difference favors candidate,"paired demand-path sampling, excluding generation variation"
exp_iid_random3_9,self_evolve_mean_of_available_repeats,conditional_pil,steady,50,mean_of_available_repeats,baseline_h200_conditional_pil,,3,primary,200,200,True,1000,139.78600803685302,132.19544439691327,7.590563639939748,"[7.075332103713363, 8.092062272924082]",-5.741925279323001,"[-6.136891045565807, -5.341560262156922]",0.95,2026091603,5000,loss,candidate_minus_reference; negative difference favors candidate,"paired demand-path sampling, excluding generation variation"
exp_iid_random3_9,self_evolve_mean_of_available_repeats,constant_order,steady,50,mean_of_available_repeats,baseline_h200_constant_order,,3,primary,200,200,True,1000,139.78600803685302,136.55082866601506,3.2351793708379484,"[2.942810110844434, 3.5357231948189245]",-2.3692125506984416,"[-2.595781420007207, -2.150365854324485]",0.95,2026091603,5000,loss,candidate_minus_reference; negative difference favors candidate,"paired demand-path sampling, excluding generation variation"
exp_iid_random3_9,self_evolve_mean_of_available_repeats,forecast_adaptive_pil,steady,50,mean_of_available_repeats,baseline_h200_forecast_adaptive_pil,,3,primary,200,200,True,1000,139.78600803685302,131.8681000072974,7.917908029555628,"[7.441000068116008, 8.384175605930215]",-6.004415039814381,"[-6.369042944152571, -5.637499144221301]",0.95,2026091603,5000,loss,candidate_minus_reference; negative difference favors candidate,"paired demand-path sampling, excluding generation variation"
exp_iid_random3_9,self_evolve_mean_of_available_repeats,forecast_capped_base_stock,steady,50,mean_of_available_repeats,baseline_h200_forecast_capped_base_stock,,3,primary,200,200,True,1000,139.78600803685302,135.16021966926687,4.625788367586145,"[4.26610944059283, 5.007663380327891]",-3.422448098194368,"[-3.708665176852746, -3.1505034651534065]",0.95,2026091603,5000,loss,candidate_minus_reference; negative difference favors candidate,"paired demand-path sampling, excluding generation variation"
exp_iid_random3_9,self_evolve_mean_of_available_repeats,pil_cop_continuation,steady,50,mean_of_available_repeats,baseline_h200_pil_cop_continuation,,3,primary,200,200,True,1000,139.78600803685302,132.75153522358184,7.034472813271181,"[6.561821972543784, 7.519477190761426]",-5.298976619308869,"[-5.67344617777329, -4.9291492313269325]",0.95,2026091603,5000,loss,candidate_minus_reference; negative difference favors candidate,"paired demand-path sampling, excluding generation variation"
exp_iid_random3_9,self_evolve_mean_of_available_repeats,base_stock,steady,100,mean_of_available_repeats,baseline_h200_base_stock,,3,primary,200,200,True,1000,140.16011424980505,147.21870443387047,-7.058590184065409,"[-7.396663937305477, -6.712691394077923]",4.794628652119465,"[4.56488947157645, 5.014230750385333]",0.95,2026091603,5000,win,candidate_minus_reference; negative difference favors candidate,"paired demand-path sampling, excluding generation variation"
exp_iid_random3_9,self_evolve_mean_of_available_repeats,capped_base_stock,steady,100,mean_of_available_repeats,baseline_h200_capped_base_stock,,3,primary,200,200,True,1000,140.16011424980505,136.4254952036176,3.734619046187457,"[3.4889468242534134, 3.9953354118154776]",-2.7374788272627915,"[-2.9338633376977463, -2.5520158372420623]",0.95,2026091603,5000,loss,candidate_minus_reference; negative difference favors candidate,"paired demand-path sampling, excluding generation variation"
exp_iid_random3_9,self_evolve_mean_of_available_repeats,conditional_pil,steady,100,mean_of_available_repeats,baseline_h200_conditional_pil,,3,primary,200,200,True,1000,140.16011424980505,132.349674071758,7.810440178047065,"[7.424465698132773, 8.178922467058293]",-5.901367141873245,"[-6.184237292239083, -5.602772634705782]",0.95,2026091603,5000,loss,candidate_minus_reference; negative difference favors candidate,"paired demand-path sampling, excluding generation variation"
exp_iid_random3_9,self_evolve_mean_of_available_repeats,constant_order,steady,100,mean_of_available_repeats,baseline_h200_constant_order,,3,primary,200,200,True,1000,140.16011424980505,136.86609906516614,3.294015184638927,"[3.0755168333402203, 3.5079224020637616]",-2.4067429459434853,"[-2.5694248514136637, -2.2419879067736863]",0.95,2026091603,5000,loss,candidate_minus_reference; negative difference favors candidate,"paired demand-path sampling, excluding generation variation"
exp_iid_random3_9,self_evolve_mean_of_available_repeats,forecast_adaptive_pil,steady,100,mean_of_available_repeats,baseline_h200_forecast_adaptive_pil,,3,primary,200,200,True,1000,140.16011424980505,132.13378325489842,8.026330994906676,"[7.676115488109438, 8.365415081196902]",-6.0743973245835905,"[-6.3388607855892545, -5.805081551858385]",0.95,2026091603,5000,loss,candidate_minus_reference; negative difference favors candidate,"paired demand-path sampling, excluding generation variation"
exp_iid_random3_9,self_evolve_mean_of_available_repeats,forecast_capped_base_stock,steady,100,mean_of_available_repeats,baseline_h200_forecast_capped_base_stock,,3,primary,200,200,True,1000,140.16011424980505,135.36481105762698,4.795303192178118,"[4.532150389486364, 5.051352955524727]",-3.5425035167645085,"[-3.73362048481726, -3.342973612452278]",0.95,2026091603,5000,loss,candidate_minus_reference; negative difference favors candidate,"paired demand-path sampling, excluding generation variation"
exp_iid_random3_9,self_evolve_mean_of_available_repeats,pil_cop_continuation,steady,100,mean_of_available_repeats,baseline_h200_pil_cop_continuation,,3,primary,200,200,True,1000,140.16011424980505,132.98880730520776,7.17130694459729,"[6.828668921733908, 7.508813357640315]",-5.3924139105475435,"[-5.654251022955072, -5.127545841526021]",0.95,2026091603,5000,loss,candidate_minus_reference; negative difference favors candidate,"paired demand-path sampling, excluding generation variation"
exp_iid_random3_9,self_evolve_mean_of_available_repeats,base_stock,steady,200,mean_of_available_repeats,baseline_h200_base_stock,,3,primary,200,200,True,1000,139.94601253043194,147.0189446877055,-7.072932157273563,"[-7.311837390008523, -6.825755409222461]",4.810898467743546,"[4.645879673911827, 4.967733407002921]",0.95,2026091603,5000,win,candidate_minus_reference; negative difference favors candidate,"paired demand-path sampling, excluding generation variation"
exp_iid_random3_9,self_evolve_mean_of_available_repeats,capped_base_stock,steady,200,mean_of_available_repeats,baseline_h200_capped_base_stock,,3,primary,200,200,True,1000,139.94601253043194,136.05529533557402,3.8907171948579236,"[3.7125350351128934, 4.071071692763243]",-2.8596587771623705,"[-2.995233431408663, -2.726411495177648]",0.95,2026091603,5000,loss,candidate_minus_reference; negative difference favors candidate,"paired demand-path sampling, excluding generation variation"
exp_iid_random3_9,self_evolve_mean_of_available_repeats,conditional_pil,steady,200,mean_of_available_repeats,baseline_h200_conditional_pil,,3,primary,200,200,True,1000,139.94601253043194,132.2327322043458,7.713280326086134,"[7.451752010726109, 7.97991488003609]",-5.8331096979577035,"[-6.038107673971413, -5.629996940078628]",0.95,2026091603,5000,loss,candidate_minus_reference; negative difference favors candidate,"paired demand-path sampling, excluding generation variation"
exp_iid_random3_9,self_evolve_mean_of_available_repeats,constant_order,steady,200,mean_of_available_repeats,baseline_h200_constant_order,,3,primary,200,200,True,1000,139.94601253043194,136.61189232038956,3.334120210042382,"[3.1731782900678875, 3.4963809262379915]",-2.4405783079433725,"[-2.561070086403394, -2.31944657770746]",0.95,2026091603,5000,loss,candidate_minus_reference; negative difference favors candidate,"paired demand-path sampling, excluding generation variation"
exp_iid_random3_9,self_evolve_mean_of_available_repeats,forecast_adaptive_pil,steady,200,mean_of_available_repeats,baseline_h200_forecast_adaptive_pil,,3,primary,200,200,True,1000,139.94601253043194,131.99172911276656,7.954283417665374,"[7.711142567924077, 8.19779078785102]",-6.026349886567266,"[-6.21576883800598, -5.837956277668723]",0.95,2026091603,5000,loss,candidate_minus_reference; negative difference favors candidate,"paired demand-path sampling, excluding generation variation"
exp_iid_random3_9,self_evolve_mean_of_available_repeats,forecast_capped_base_stock,steady,200,mean_of_available_repeats,baseline_h200_forecast_capped_base_stock,,3,primary,200,200,True,1000,139.94601253043194,135.10383132911318,4.84218120131879,"[4.651059825015613, 5.031935582872096]",-3.584044326265777,"[-3.7257938297401245, -3.4391545973933972]",0.95,2026091603,5000,loss,candidate_minus_reference; negative difference favors candidate,"paired demand-path sampling, excluding generation variation"
exp_iid_random3_9,self_evolve_mean_of_available_repeats,pil_cop_continuation,steady,200,mean_of_available_repeats,baseline_h200_pil_cop_continuation,,3,primary,200,200,True,1000,139.94601253043194,132.73272289874998,7.21328963168198,"[6.972586006495318, 7.453436849891405]",-5.434447116092343,"[-5.620366323094991, -5.250775796408028]",0.95,2026091603,5000,loss,candidate_minus_reference; negative difference favors candidate,"paired demand-path sampling, excluding generation variation"
exp_iid_random3_9,self_evolve_mean_of_available_repeats,base_stock,steady,500,mean_of_available_repeats,baseline_h200_base_stock,,3,primary,200,200,True,1000,139.92854442719516,147.041047848999,-7.112503421803844,"[-7.262985617323331, -6.961819102423951]",4.837087007913523,"[4.736151990800541, 4.93556082950919]",0.95,2026091603,5000,win,candidate_minus_reference; negative difference favors candidate,"paired demand-path sampling, excluding generation variation"
exp_iid_random3_9,self_evolve_mean_of_available_repeats,capped_base_stock,steady,500,mean_of_available_repeats,baseline_h200_capped_base_stock,,3,primary,200,200,True,1000,139.92854442719516,136.0628418711206,3.865702556074544,"[3.7517695550935883, 3.9804166966481214]",-2.8411155484582373,"[-2.925551988980886, -2.7569282479286]",0.95,2026091603,5000,loss,candidate_minus_reference; negative difference favors candidate,"paired demand-path sampling, excluding generation variation"
exp_iid_random3_9,self_evolve_mean_of_available_repeats,conditional_pil,steady,500,mean_of_available_repeats,baseline_h200_conditional_pil,,3,primary,200,200,True,1000,139.92854442719516,132.3306691027788,7.5978753244163695,"[7.432530886070768, 7.766668831754535]",-5.741583093270101,"[-5.871941732966107, -5.614270453322159]",0.95,2026091603,5000,loss,candidate_minus_reference; negative difference favors candidate,"paired demand-path sampling, excluding generation variation"
exp_iid_random3_9,self_evolve_mean_of_available_repeats,constant_order,steady,500,mean_of_available_repeats,baseline_h200_constant_order,,3,primary,200,200,True,1000,139.92854442719516,136.63093304948853,3.297611377706654,"[3.199418161879111, 3.4022765474799335]",-2.4135174254516842,"[-2.491837377657453, -2.339451276074904]",0.95,2026091603,5000,loss,candidate_minus_reference; negative difference favors candidate,"paired demand-path sampling, excluding generation variation"
exp_iid_random3_9,self_evolve_mean_of_available_repeats,forecast_adaptive_pil,steady,500,mean_of_available_repeats,baseline_h200_forecast_adaptive_pil,,3,primary,200,200,True,1000,139.92854442719516,132.08643188865676,7.842112538538433,"[7.693004330631846, 7.992141299108771]",-5.937106806813412,"[-6.053981497835757, -5.82101691230305]",0.95,2026091603,5000,loss,candidate_minus_reference; negative difference favors candidate,"paired demand-path sampling, excluding generation variation"
exp_iid_random3_9,self_evolve_mean_of_available_repeats,forecast_capped_base_stock,steady,500,mean_of_available_repeats,baseline_h200_forecast_capped_base_stock,,3,primary,200,200,True,1000,139.92854442719516,135.12094971172223,4.807594715472935,"[4.687067865454224, 4.929676080731413]",-3.5579935796261313,"[-3.64996707027483, -3.466800161204235]",0.95,2026091603,5000,loss,candidate_minus_reference; negative difference favors candidate,"paired demand-path sampling, excluding generation variation"
exp_iid_random3_9,self_evolve_mean_of_available_repeats,pil_cop_continuation,steady,500,mean_of_available_repeats,baseline_h200_pil_cop_continuation,,3,primary,200,200,True,1000,139.92854442719516,132.84721785758856,7.081326569606653,"[6.932144110297086, 7.236022930258363]",-5.3304289572686,"[-5.4481345041507945, -5.215734077169056]",0.95,2026091603,5000,loss,candidate_minus_reference; negative difference favors candidate,"paired demand-path sampling, excluding generation variation"
exp_regime095_fixed6,self_evolve_mean_of_available_repeats,base_stock,cold_start,50,mean_of_available_repeats,baseline_h200_base_stock,,3,primary,200,200,True,1000,161.57829053695244,169.61862432716512,-8.040333790212715,"[-8.760217781025007, -7.343424994870011]",4.740242306590263,"[4.384897354592845, 5.0954836100476735]",0.95,2026091603,5000,win,candidate_minus_reference; negative difference favors candidate,"paired demand-path sampling, excluding generation variation"
exp_regime095_fixed6,self_evolve_mean_of_available_repeats,capped_base_stock,cold_start,50,mean_of_available_repeats,baseline_h200_capped_base_stock,,3,primary,200,200,True,1000,161.57829053695244,159.6998611628535,1.8784293740989193,"[0.9875086864335958, 2.7373009158812747]",-1.1762248009617362,"[-1.747920733377598, -0.6067196867155703]",0.95,2026091603,5000,loss,candidate_minus_reference; negative difference favors candidate,"paired demand-path sampling, excluding generation variation"
exp_regime095_fixed6,self_evolve_mean_of_available_repeats,conditional_pil,cold_start,50,mean_of_available_repeats,baseline_h200_conditional_pil,,3,primary,200,200,True,1000,161.57829053695244,155.86113898479357,5.717151552158882,"[5.21588655815042, 6.195966102656916]",-3.6681058469081607,"[-4.037464338092666, -3.296266530378036]",0.95,2026091603,5000,loss,candidate_minus_reference; negative difference favors candidate,"paired demand-path sampling, excluding generation variation"
exp_regime095_fixed6,self_evolve_mean_of_available_repeats,constant_order,cold_start,50,mean_of_available_repeats,baseline_h200_constant_order,,3,primary,200,200,True,1000,161.57829053695244,162.4113642772914,-0.8330737403389981,"[-1.9797964262580598, 0.2567911014627595]",0.5129405470153064,"[-0.1604708617488572, 1.1941304246501805]",0.95,2026091603,5000,inconclusive,candidate_minus_reference; negative difference favors candidate,"paired demand-path sampling, excluding generation variation"
exp_regime095_fixed6,self_evolve_mean_of_available_repeats,forecast_adaptive_pil,cold_start,50,mean_of_available_repeats,baseline_h200_forecast_adaptive_pil,,3,primary,200,200,True,1000,161.57829053695244,152.827959560466,8.750330976486438,"[8.250104838695332, 9.23706540975532]",-5.725608718229584,"[-6.072292424544306, -5.3860829910156784]",0.95,2026091603,5000,loss,candidate_minus_reference; negative difference favors candidate,"paired demand-path sampling, excluding generation variation"
exp_regime095_fixed6,self_evolve_mean_of_available_repeats,forecast_capped_base_stock,cold_start,50,mean_of_available_repeats,baseline_h200_forecast_capped_base_stock,,3,primary,200,200,True,1000,161.57829053695244,153.09896230050776,8.479328236444635,"[7.968036110810308, 8.985034142593847]",-5.538462252801664,"[-5.919635891278783, -5.1564164786497075]",0.95,2026091603,5000,loss,candidate_minus_reference; negative difference favors candidate,"paired demand-path sampling, excluding generation variation"
exp_regime095_fixed6,self_evolve_mean_of_available_repeats,pil_cop_continuation,cold_start,50,mean_of_available_repeats,baseline_h200_pil_cop_continuation,,3,primary,200,200,True,1000,161.57829053695244,155.86113898479357,5.717151552158882,"[5.21588655815042, 6.195966102656916]",-3.6681058469081607,"[-4.037464338092666, -3.296266530378036]",0.95,2026091603,5000,loss,candidate_minus_reference; negative difference favors candidate,"paired demand-path sampling, excluding generation variation"
exp_regime095_fixed6,self_evolve_mean_of_available_repeats,base_stock,cold_start,100,mean_of_available_repeats,baseline_h200_base_stock,,3,primary,200,200,True,1000,158.19163204954563,164.50072760372535,-6.309095554179728,"[-6.835423882559429, -5.764909397057226]",3.835299482308698,"[3.546045622110113, 4.110603751104866]",0.95,2026091603,5000,win,candidate_minus_reference; negative difference favors candidate,"paired demand-path sampling, excluding generation variation"
exp_regime095_fixed6,self_evolve_mean_of_available_repeats,capped_base_stock,cold_start,100,mean_of_available_repeats,baseline_h200_capped_base_stock,,3,primary,200,200,True,1000,158.19163204954563,157.7301087674242,0.46152328212142185,"[-0.14524305107979074, 1.0652744423224574]",-0.2926031597441826,"[-0.685484189753776, 0.09139938667399161]",0.95,2026091603,5000,inconclusive,candidate_minus_reference; negative difference favors candidate,"paired demand-path sampling, excluding generation variation"
exp_regime095_fixed6,self_evolve_mean_of_available_repeats,conditional_pil,cold_start,100,mean_of_available_repeats,baseline_h200_conditional_pil,,3,primary,200,200,True,1000,158.19163204954563,153.94358487323922,4.248047176306432,"[3.9250665815636823, 4.5622756617326825]",-2.759483079339978,"[-2.9879360392964287, -2.5242692428462523]",0.95,2026091603,5000,loss,candidate_minus_reference; negative difference favors candidate,"paired demand-path sampling, excluding generation variation"
exp_regime095_fixed6,self_evolve_mean_of_available_repeats,constant_order,cold_start,100,mean_of_available_repeats,baseline_h200_constant_order,,3,primary,200,200,True,1000,158.19163204954563,160.6489090321355,-2.4572769825898666,"[-3.264770869340329, -1.6737774847710518]",1.529594565810788,"[1.0585989490807302, 1.9990035231723062]",0.95,2026091603,5000,win,candidate_minus_reference; negative difference favors candidate,"paired demand-path sampling, excluding generation variation"
exp_regime095_fixed6,self_evolve_mean_of_available_repeats,forecast_adaptive_pil,cold_start,100,mean_of_available_repeats,baseline_h200_forecast_adaptive_pil,,3,primary,200,200,True,1000,158.19163204954563,151.3539162508515,6.837715798694132,"[6.4739210194476, 7.182552973911588]",-4.517699949938131,"[-4.750841309869219, -4.276765861076408]",0.95,2026091603,5000,loss,candidate_minus_reference; negative difference favors candidate,"paired demand-path sampling, excluding generation variation"
exp_regime095_fixed6,self_evolve_mean_of_available_repeats,forecast_capped_base_stock,cold_start,100,mean_of_available_repeats,baseline_h200_forecast_capped_base_stock,,3,primary,200,200,True,1000,158.19163204954563,151.43916539912115,6.752466650424471,"[6.406608546709155, 7.0960289473378655]",-4.458864146951821,"[-4.696213723885911, -4.217034656104813]",0.95,2026091603,5000,loss,candidate_minus_reference; negative difference favors candidate,"paired demand-path sampling, excluding generation variation"
exp_regime095_fixed6,self_evolve_mean_of_available_repeats,pil_cop_continuation,cold_start,100,mean_of_available_repeats,baseline_h200_pil_cop_continuation,,3,primary,200,200,True,1000,158.19163204954563,153.94358487323922,4.248047176306432,"[3.9250665815636823, 4.5622756617326825]",-2.759483079339978,"[-2.9879360392964287, -2.5242692428462523]",0.95,2026091603,5000,loss,candidate_minus_reference; negative difference favors candidate,"paired demand-path sampling, excluding generation variation"
exp_regime095_fixed6,self_evolve_mean_of_available_repeats,base_stock,cold_start,200,mean_of_available_repeats,baseline_h200_base_stock,,3,primary,200,200,True,1000,156.02947576389136,161.3940675618446,-5.36459179795327,"[-5.742523542476939, -4.982350487903279]",3.3239089137508606,"[3.114325338597995, 3.5302268545434545]",0.95,2026091603,5000,win,candidate_minus_reference; negative difference favors candidate,"paired demand-path sampling, excluding generation variation"
exp_regime095_fixed6,self_evolve_mean_of_available_repeats,capped_base_stock,cold_start,200,mean_of_available_repeats,baseline_h200_capped_base_stock,,3,primary,200,200,True,1000,156.02947576389136,156.4740545548756,-0.4445787909842815,"[-0.8753700774505018, -0.012848356679803484]",0.284123008283356,"[0.008290754154189482, 0.5540903956497246]",0.95,2026091603,5000,win,candidate_minus_reference; negative difference favors candidate,"paired demand-path sampling, excluding generation variation"
exp_regime095_fixed6,self_evolve_mean_of_available_repeats,conditional_pil,cold_start,200,mean_of_available_repeats,baseline_h200_conditional_pil,,3,primary,200,200,True,1000,156.02947576389136,152.82221582468162,3.2072599392097088,"[2.985796478627361, 3.4223630743647746]",-2.098686975517433,"[-2.253332669269035, -1.9432849762050548]",0.95,2026091603,5000,loss,candidate_minus_reference; negative difference favors candidate,"paired demand-path sampling, excluding generation variation"
exp_regime095_fixed6,self_evolve_mean_of_available_repeats,constant_order,cold_start,200,mean_of_available_repeats,baseline_h200_constant_order,,3,primary,200,200,True,1000,156.02947576389136,159.42550477127813,-3.3960290073867974,"[-3.9766783418734986, -2.8265854280815788]",2.1301666958865395,"[1.7905662396940574, 2.466716553960008]",0.95,2026091603,5000,win,candidate_minus_reference; negative difference favors candidate,"paired demand-path sampling, excluding generation variation"
exp_regime095_fixed6,self_evolve_mean_of_available_repeats,forecast_adaptive_pil,cold_start,200,mean_of_available_repeats,baseline_h200_forecast_adaptive_pil,,3,primary,200,200,True,1000,156.02947576389136,150.42978253038748,5.599693233503851,"[5.343021058812467, 5.865976546946046]",-3.722463158100164,"[-3.896604003038162, -3.5546908545648837]",0.95,2026091603,5000,loss,candidate_minus_reference; negative difference favors candidate,"paired demand-path sampling, excluding generation variation"
exp_regime095_fixed6,self_evolve_mean_of_available_repeats,forecast_capped_base_stock,cold_start,200,mean_of_available_repeats,baseline_h200_forecast_capped_base_stock,,3,primary,200,200,True,1000,156.02947576389136,150.45369132053557,5.575784443355765,"[5.327648833001412, 5.829034038582328]",-3.7059804876949154,"[-3.877679731758667, -3.5368948860925005]",0.95,2026091603,5000,loss,candidate_minus_reference; negative difference favors candidate,"paired demand-path sampling, excluding generation variation"
exp_regime095_fixed6,self_evolve_mean_of_available_repeats,pil_cop_continuation,cold_start,200,mean_of_available_repeats,baseline_h200_pil_cop_continuation,,3,primary,200,200,True,1000,156.02947576389136,152.82221582468162,3.2072599392097088,"[2.985796478627361, 3.4223630743647746]",-2.098686975517433,"[-2.253332669269035, -1.9432849762050548]",0.95,2026091603,5000,loss,candidate_minus_reference; negative difference favors candidate,"paired demand-path sampling, excluding generation variation"
exp_regime095_fixed6,self_evolve_mean_of_available_repeats,base_stock,cold_start,500,mean_of_available_repeats,baseline_h200_base_stock,,3,primary,200,200,True,1000,155.1015173509036,159.84452234486193,-4.743004993958342,"[-4.982955377067389, -4.503311932346372]",2.967261514113926,"[2.831067252806677, 3.1029934014746057]",0.95,2026091603,5000,win,candidate_minus_reference; negative difference favors candidate,"paired demand-path sampling, excluding generation variation"
exp_regime095_fixed6,self_evolve_mean_of_available_repeats,capped_base_stock,cold_start,500,mean_of_available_repeats,baseline_h200_capped_base_stock,,3,primary,200,200,True,1000,155.1015173509036,156.04266093262635,-0.9411435817227558,"[-1.2083560504610302, -0.6678036305986894]",0.6031322306975357,"[0.43077063805292165, 0.7681021479219652]",0.95,2026091603,5000,win,candidate_minus_reference; negative difference favors candidate,"paired demand-path sampling, excluding generation variation"
exp_regime095_fixed6,self_evolve_mean_of_available_repeats,conditional_pil,cold_start,500,mean_of_available_repeats,baseline_h200_conditional_pil,,3,primary,200,200,True,1000,155.1015173509036,152.3826686139565,2.71884873694712,"[2.582160440243797, 2.8551723147443857]",-1.7842243882964088,"[-1.8801464812244368, -1.6906286103386428]",0.95,2026091603,5000,loss,candidate_minus_reference; negative difference favors candidate,"paired demand-path sampling, excluding generation variation"
exp_regime095_fixed6,self_evolve_mean_of_available_repeats,constant_order,cold_start,500,mean_of_available_repeats,baseline_h200_constant_order,,3,primary,200,200,True,1000,155.1015173509036,159.1911648810862,-4.089647530182588,"[-4.4527334500049465, -3.7222814752593227]",2.5690166494085926,"[2.355565133252041, 2.7760884922025313]",0.95,2026091603,5000,win,candidate_minus_reference; negative difference favors candidate,"paired demand-path sampling, excluding generation variation"
exp_regime095_fixed6,self_evolve_mean_of_available_repeats,forecast_adaptive_pil,cold_start,500,mean_of_available_repeats,baseline_h200_forecast_adaptive_pil,,3,primary,200,200,True,1000,155.1015173509036,150.07116326955432,5.030354081349291,"[4.866051691192746, 5.192937925440398]",-3.3519791356010766,"[-3.455264282206409, -3.249153850379372]",0.95,2026091603,5000,loss,candidate_minus_reference; negative difference favors candidate,"paired demand-path sampling, excluding generation variation"
exp_regime095_fixed6,self_evolve_mean_of_available_repeats,forecast_capped_base_stock,cold_start,500,mean_of_available_repeats,baseline_h200_forecast_capped_base_stock,,3,primary,200,200,True,1000,155.1015173509036,150.07616496624163,5.025352384661967,"[4.874135875463863, 5.176627865503653]",-3.3485346495843507,"[-3.4482446063278833, -3.248033161732853]",0.95,2026091603,5000,loss,candidate_minus_reference; negative difference favors candidate,"paired demand-path sampling, excluding generation variation"
exp_regime095_fixed6,self_evolve_mean_of_available_repeats,pil_cop_continuation,cold_start,500,mean_of_available_repeats,baseline_h200_pil_cop_continuation,,3,primary,200,200,True,1000,155.1015173509036,152.3826686139565,2.71884873694712,"[2.582160440243797, 2.8551723147443857]",-1.7842243882964088,"[-1.8801464812244368, -1.6906286103386428]",0.95,2026091603,5000,loss,candidate_minus_reference; negative difference favors candidate,"paired demand-path sampling, excluding generation variation"
exp_regime095_fixed6,self_evolve_mean_of_available_repeats,base_stock,steady,50,mean_of_available_repeats,baseline_h200_base_stock,,3,primary,200,200,True,1000,151.6820135083064,156.27093964250042,-4.588926134194015,"[-5.275772316644202, -3.909546923921822]",2.936519192046883,"[2.540823440152186, 3.335068225575472]",0.95,2026091603,5000,win,candidate_minus_reference; negative difference favors candidate,"paired demand-path sampling, excluding generation variation"
exp_regime095_fixed6,self_evolve_mean_of_available_repeats,capped_base_stock,steady,50,mean_of_available_repeats,baseline_h200_capped_base_stock,,3,primary,200,200,True,1000,151.6820135083064,153.19844754556328,-1.5164340372568665,"[-2.2842962553505286, -0.766148033905263]",0.9898494805607465,"[0.5076754099782365, 1.4653084877256126]",0.95,2026091603,5000,win,candidate_minus_reference; negative difference favors candidate,"paired demand-path sampling, excluding generation variation"
exp_regime095_fixed6,self_evolve_mean_of_available_repeats,conditional_pil,steady,50,mean_of_available_repeats,baseline_h200_conditional_pil,,3,primary,200,200,True,1000,151.6820135083064,149.54506016809722,2.1369533402091823,"[1.7321593362290313, 2.5256322331352408]",-1.4289695278514158,"[-1.7052171031572514, -1.1488331514461834]",0.95,2026091603,5000,loss,candidate_minus_reference; negative difference favors candidate,"paired demand-path sampling, excluding generation variation"
exp_regime095_fixed6,self_evolve_mean_of_available_repeats,constant_order,steady,50,mean_of_available_repeats,baseline_h200_constant_order,,3,primary,200,200,True,1000,151.6820135083064,156.3362700966708,-4.654256588364395,"[-5.701055309756999, -3.641804949509956]",2.9770804852171775,"[2.3809800646900445, 3.5744797420871324]",0.95,2026091603,5000,win,candidate_minus_reference; negative difference favors candidate,"paired demand-path sampling, excluding generation variation"
exp_regime095_fixed6,self_evolve_mean_of_available_repeats,forecast_adaptive_pil,steady,50,mean_of_available_repeats,baseline_h200_forecast_adaptive_pil,,3,primary,200,200,True,1000,151.6820135083064,146.72104944338335,4.960964064923039,"[4.4680500928811995, 5.455327421958814]",-3.3812217699801703,"[-3.703747222156079, -3.049807696767056]",0.95,2026091603,5000,loss,candidate_minus_reference; negative difference favors candidate,"paired demand-path sampling, excluding generation variation"
exp_regime095_fixed6,self_evolve_mean_of_available_repeats,forecast_capped_base_stock,steady,50,mean_of_available_repeats,baseline_h200_forecast_capped_base_stock,,3,primary,200,200,True,1000,151.6820135083064,146.6480239803272,5.033989527979214,"[4.576613402403088, 5.492079945529309]",-3.432701915338805,"[-3.7486683608485696, -3.1225324464159794]",0.95,2026091603,5000,loss,candidate_minus_reference; negative difference favors candidate,"paired demand-path sampling, excluding generation variation"
exp_regime095_fixed6,self_evolve_mean_of_available_repeats,pil_cop_continuation,steady,50,mean_of_available_repeats,baseline_h200_pil_cop_continuation,,3,primary,200,200,True,1000,151.6820135083064,149.54506016809722,2.1369533402091823,"[1.7321593362290313, 2.5256322331352408]",-1.4289695278514158,"[-1.7052171031572514, -1.1488331514461834]",0.95,2026091603,5000,loss,candidate_minus_reference; negative difference favors candidate,"paired demand-path sampling, excluding generation variation"
exp_regime095_fixed6,self_evolve_mean_of_available_repeats,base_stock,steady,100,mean_of_available_repeats,baseline_h200_base_stock,,3,primary,200,200,True,1000,151.9384262287363,156.51044565054005,-4.572019421803743,"[-5.050801963111541, -4.102897165345853]",2.921223182772263,"[2.648932686075744, 3.193159301507944]",0.95,2026091603,5000,win,candidate_minus_reference; negative difference favors candidate,"paired demand-path sampling, excluding generation variation"
exp_regime095_fixed6,self_evolve_mean_of_available_repeats,capped_base_stock,steady,100,mean_of_available_repeats,baseline_h200_capped_base_stock,,3,primary,200,200,True,1000,151.9384262287363,153.39044454729284,-1.4520183185565179,"[-1.999458411501129, -0.936434569744248]",0.9466158878683428,"[0.6179311705108903, 1.2874561346686375]",0.95,2026091603,5000,win,candidate_minus_reference; negative difference favors candidate,"paired demand-path sampling, excluding generation variation"
exp_regime095_fixed6,self_evolve_mean_of_available_repeats,conditional_pil,steady,100,mean_of_available_repeats,baseline_h200_conditional_pil,,3,primary,200,200,True,1000,151.9384262287363,149.76653792443423,2.171888304302071,"[1.8921351222959915, 2.4395244386761448]",-1.450182620498245,"[-1.6380965294883356, -1.256544048329201]",0.95,2026091603,5000,loss,candidate_minus_reference; negative difference favors candidate,"paired demand-path sampling, excluding generation variation"
exp_regime095_fixed6,self_evolve_mean_of_available_repeats,constant_order,steady,100,mean_of_available_repeats,baseline_h200_constant_order,,3,primary,200,200,True,1000,151.9384262287363,156.55121254432888,-4.612786315592573,"[-5.370651950464039, -3.8858618889028667]",2.9465030903458733,"[2.526038446366442, 3.376123643408747]",0.95,2026091603,5000,win,candidate_minus_reference; negative difference favors candidate,"paired demand-path sampling, excluding generation variation"
exp_regime095_fixed6,self_evolve_mean_of_available_repeats,forecast_adaptive_pil,steady,100,mean_of_available_repeats,baseline_h200_forecast_adaptive_pil,,3,primary,200,200,True,1000,151.9384262287363,146.98599621990755,4.9524300088287685,"[4.591305913637798, 5.297728589635949]",-3.3693209803601634,"[-3.5959959366988246, -3.1313328196076675]",0.95,2026091603,5000,loss,candidate_minus_reference; negative difference favors candidate,"paired demand-path sampling, excluding generation variation"
exp_regime095_fixed6,self_evolve_mean_of_available_repeats,forecast_capped_base_stock,steady,100,mean_of_available_repeats,baseline_h200_forecast_capped_base_stock,,3,primary,200,200,True,1000,151.9384262287363,146.95032823672216,4.988097992014138,"[4.653401902101295, 5.31544844167153]",-3.394410922293967,"[-3.6213410779724198, -3.1589944134870818]",0.95,2026091603,5000,loss,candidate_minus_reference; negative difference favors candidate,"paired demand-path sampling, excluding generation variation"
exp_regime095_fixed6,self_evolve_mean_of_available_repeats,pil_cop_continuation,steady,100,mean_of_available_repeats,baseline_h200_pil_cop_continuation,,3,primary,200,200,True,1000,151.9384262287363,149.76653792443423,2.171888304302071,"[1.8921351222959915, 2.4395244386761448]",-1.450182620498245,"[-1.6380965294883356, -1.256544048329201]",0.95,2026091603,5000,loss,candidate_minus_reference; negative difference favors candidate,"paired demand-path sampling, excluding generation variation"
exp_regime095_fixed6,self_evolve_mean_of_available_repeats,base_stock,steady,200,mean_of_available_repeats,baseline_h200_base_stock,,3,primary,200,200,True,1000,152.55988929909614,157.10290725261046,-4.543017953514287,"[-4.9080872321086035, -4.18876078168936]",2.891746583791392,"[2.68931307601081, 3.096598138956499]",0.95,2026091603,5000,win,candidate_minus_reference; negative difference favors candidate,"paired demand-path sampling, excluding generation variation"
exp_regime095_fixed6,self_evolve_mean_of_available_repeats,capped_base_stock,steady,200,mean_of_available_repeats,baseline_h200_capped_base_stock,,3,primary,200,200,True,1000,152.55988929909614,154.05479818545834,-1.4949088863621816,"[-1.910716541746704, -1.0942218389620353]",0.9703747653238011,"[0.7185101638105419, 1.22623497849492]",0.95,2026091603,5000,win,candidate_minus_reference; negative difference favors candidate,"paired demand-path sampling, excluding generation variation"
exp_regime095_fixed6,self_evolve_mean_of_available_repeats,conditional_pil,steady,200,mean_of_available_repeats,baseline_h200_conditional_pil,,3,primary,200,200,True,1000,152.55988929909614,150.40405823788498,2.1558310612111655,"[1.959615044896036, 2.3541511944064113]",-1.4333596356831093,"[-1.5752980879465743, -1.2956130871286458]",0.95,2026091603,5000,loss,candidate_minus_reference; negative difference favors candidate,"paired demand-path sampling, excluding generation variation"
exp_regime095_fixed6,self_evolve_mean_of_available_repeats,constant_order,steady,200,mean_of_available_repeats,baseline_h200_constant_order,,3,primary,200,200,True,1000,152.55988929909614,157.2783811876944,-4.718491888598261,"[-5.284307076151185, -4.1801540452949935]",3.0000893021446258,"[2.69243202230604, 3.317759446831106]",0.95,2026091603,5000,win,candidate_minus_reference; negative difference favors candidate,"paired demand-path sampling, excluding generation variation"
exp_regime095_fixed6,self_evolve_mean_of_available_repeats,forecast_adaptive_pil,steady,200,mean_of_available_repeats,baseline_h200_forecast_adaptive_pil,,3,primary,200,200,True,1000,152.55988929909614,147.73312395515933,4.826765343936845,"[4.563693525657425, 5.079807502999201]",-3.26721943915696,"[-3.430091043045178, -3.094662518319207]",0.95,2026091603,5000,loss,candidate_minus_reference; negative difference favors candidate,"paired demand-path sampling, excluding generation variation"
exp_regime095_fixed6,self_evolve_mean_of_available_repeats,forecast_capped_base_stock,steady,200,mean_of_available_repeats,baseline_h200_forecast_capped_base_stock,,3,primary,200,200,True,1000,152.55988929909614,147.73654700208047,4.823342297015675,"[4.582670495640924, 5.057759628863948]",-3.2648267438846714,"[-3.426426592138219, -3.1004161820662586]",0.95,2026091603,5000,loss,candidate_minus_reference; negative difference favors candidate,"paired demand-path sampling, excluding generation variation"
exp_regime095_fixed6,self_evolve_mean_of_available_repeats,pil_cop_continuation,steady,200,mean_of_available_repeats,baseline_h200_pil_cop_continuation,,3,primary,200,200,True,1000,152.55988929909614,150.40405823788498,2.1558310612111655,"[1.959615044896036, 2.3541511944064113]",-1.4333596356831093,"[-1.5752980879465743, -1.2956130871286458]",0.95,2026091603,5000,loss,candidate_minus_reference; negative difference favors candidate,"paired demand-path sampling, excluding generation variation"
exp_regime095_fixed6,self_evolve_mean_of_available_repeats,base_stock,steady,500,mean_of_available_repeats,baseline_h200_base_stock,,3,primary,200,200,True,1000,153.68663152708206,158.26345305230532,-4.5768215252232345,"[-4.807427172128905, -4.346737150236532]",2.891900458983824,"[2.7599501126106514, 3.020826537839707]",0.95,2026091603,5000,win,candidate_minus_reference; negative difference favors candidate,"paired demand-path sampling, excluding generation variation"
exp_regime095_fixed6,self_evolve_mean_of_available_repeats,capped_base_stock,steady,500,mean_of_available_repeats,baseline_h200_capped_base_stock,,3,primary,200,200,True,1000,153.68663152708206,155.21717833215789,-1.5305468050758413,"[-1.7921555374773883, -1.276665192478964]",0.9860679220701506,"[0.827439809249604, 1.1465348965165798]",0.95,2026091603,5000,win,candidate_minus_reference; negative difference favors candidate,"paired demand-path sampling, excluding generation variation"
exp_regime095_fixed6,self_evolve_mean_of_available_repeats,conditional_pil,steady,500,mean_of_available_repeats,baseline_h200_conditional_pil,,3,primary,200,200,True,1000,153.68663152708206,151.45707902300418,2.2295525040778577,"[2.1039076903572136, 2.355665178635551]",-1.4720688649615614,"[-1.5607902125025992, -1.384718915213738]",0.95,2026091603,5000,loss,candidate_minus_reference; negative difference favors candidate,"paired demand-path sampling, excluding generation variation"
exp_regime095_fixed6,self_evolve_mean_of_available_repeats,constant_order,steady,500,mean_of_available_repeats,baseline_h200_constant_order,,3,primary,200,200,True,1000,153.68663152708206,158.47880309291438,-4.79217156583232,"[-5.143926772772953, -4.444132199663655]",3.02385648572997,"[2.8260278354977038, 3.2222270488276674]",0.95,2026091603,5000,win,candidate_minus_reference; negative difference favors candidate,"paired demand-path sampling, excluding generation variation"
exp_regime095_fixed6,self_evolve_mean_of_available_repeats,forecast_adaptive_pil,steady,500,mean_of_available_repeats,baseline_h200_forecast_adaptive_pil,,3,primary,200,200,True,1000,153.68663152708206,148.9084124609371,4.778219066144992,"[4.613124654925974, 4.941751052952794]",-3.2088308425143093,"[-3.3120284481182334, -3.1029080776517812]",0.95,2026091603,5000,loss,candidate_minus_reference; negative difference favors candidate,"paired demand-path sampling, excluding generation variation"
exp_regime095_fixed6,self_evolve_mean_of_available_repeats,forecast_capped_base_stock,steady,500,mean_of_available_repeats,baseline_h200_forecast_capped_base_stock,,3,primary,200,200,True,1000,153.68663152708206,148.9305125708728,4.7561189562092725,"[4.609296292832415, 4.9002964244599605]",-3.1935154684611256,"[-3.2889970955603167, -3.0954058982512467]",0.95,2026091603,5000,loss,candidate_minus_reference; negative difference favors candidate,"paired demand-path sampling, excluding generation variation"
exp_regime095_fixed6,self_evolve_mean_of_available_repeats,pil_cop_continuation,steady,500,mean_of_available_repeats,baseline_h200_pil_cop_continuation,,3,primary,200,200,True,1000,153.68663152708206,151.45707902300418,2.2295525040778577,"[2.1039076903572136, 2.355665178635551]",-1.4720688649615614,"[-1.5607902125025992, -1.384718915213738]",0.95,2026091603,5000,loss,candidate_minus_reference; negative difference favors candidate,"paired demand-path sampling, excluding generation variation"
exp_regime095_random3_9,self_evolve_mean_of_available_repeats,base_stock,cold_start,50,mean_of_available_repeats,baseline_h200_base_stock,,3,primary,200,200,True,1000,157.4258190021327,171.73537898515048,-14.309559983017808,"[-15.29005647679684, -13.329695805230298]",8.332330861339345,"[7.815218623664173, 8.853853666784673]",0.95,2026091603,5000,win,candidate_minus_reference; negative difference favors candidate,"paired demand-path sampling, excluding generation variation"
exp_regime095_random3_9,self_evolve_mean_of_available_repeats,capped_base_stock,cold_start,50,mean_of_available_repeats,baseline_h200_capped_base_stock,,3,primary,200,200,True,1000,157.4258190021327,163.86866302493328,-6.442844022800594,"[-7.52338588075133, -5.384686168711936]",3.9317120820228335,"[3.329920279831076, 4.523828972194528]",0.95,2026091603,5000,win,candidate_minus_reference; negative difference favors candidate,"paired demand-path sampling, excluding generation variation"
exp_regime095_random3_9,self_evolve_mean_of_available_repeats,conditional_pil,cold_start,50,mean_of_available_repeats,baseline_h200_conditional_pil,,3,primary,200,200,True,1000,157.4258190021327,158.10634198736687,-0.6805229852341823,"[-1.5340594958996348, 0.15112833018041658]",0.4304210550191291,"[-0.09743879366969319, 0.9560440749888289]",0.95,2026091603,5000,inconclusive,candidate_minus_reference; negative difference favors candidate,"paired demand-path sampling, excluding generation variation"
exp_regime095_random3_9,self_evolve_mean_of_available_repeats,constant_order,cold_start,50,mean_of_available_repeats,baseline_h200_constant_order,,3,primary,200,200,True,1000,157.4258190021327,166.90774436460836,-9.481925362475685,"[-10.793965467342789, -8.219195805213646]",5.68093793285139,"[5.010392099015171, 6.346111774615283]",0.95,2026091603,5000,win,candidate_minus_reference; negative difference favors candidate,"paired demand-path sampling, excluding generation variation"
exp_regime095_random3_9,self_evolve_mean_of_available_repeats,forecast_adaptive_pil,cold_start,50,mean_of_available_repeats,baseline_h200_forecast_adaptive_pil,,3,primary,200,200,True,1000,157.4258190021327,151.47178884000834,5.954030162124345,"[5.53202562400086, 6.380020549199154]",-3.9307848726955235,"[-4.215793808654384, -3.6508480768058202]",0.95,2026091603,5000,loss,candidate_minus_reference; negative difference favors candidate,"paired demand-path sampling, excluding generation variation"
exp_regime095_random3_9,self_evolve_mean_of_available_repeats,forecast_capped_base_stock,cold_start,50,mean_of_available_repeats,baseline_h200_forecast_capped_base_stock,,3,primary,200,200,True,1000,157.4258190021327,153.84032594944642,3.585493052686262,"[3.1452169870056137, 4.043951717924518]",-2.3306587726968973,"[-2.652785164064887, -2.025012900858908]",0.95,2026091603,5000,loss,candidate_minus_reference; negative difference favors candidate,"paired demand-path sampling, excluding generation variation"
exp_regime095_random3_9,self_evolve_mean_of_available_repeats,pil_cop_continuation,cold_start,50,mean_of_available_repeats,baseline_h200_pil_cop_continuation,,3,primary,200,200,True,1000,157.4258190021327,156.00994326140085,1.4158757407318434,"[0.7027488056167879, 2.1073331089036302]",-0.907554807810867,"[-1.3611112450814273, -0.44779510495653413]",0.95,2026091603,5000,loss,candidate_minus_reference; negative difference favors candidate,"paired demand-path sampling, excluding generation variation"
exp_regime095_random3_9,self_evolve_mean_of_available_repeats,base_stock,cold_start,100,mean_of_available_repeats,baseline_h200_base_stock,,3,primary,200,200,True,1000,156.23172204951828,168.20990458682792,-11.978182537309628,"[-12.70143981524207, -11.238659971622894]",7.120973385444519,"[6.738124036331649, 7.494540262412]",0.95,2026091603,5000,win,candidate_minus_reference; negative difference favors candidate,"paired demand-path sampling, excluding generation variation"
exp_regime095_random3_9,self_evolve_mean_of_available_repeats,capped_base_stock,cold_start,100,mean_of_available_repeats,baseline_h200_capped_base_stock,,3,primary,200,200,True,1000,156.23172204951828,162.93514442685168,-6.7034223773333945,"[-7.4704112862217595, -5.922538240599212]",4.114166038833224,"[3.67652877123776, 4.537799861861072]",0.95,2026091603,5000,win,candidate_minus_reference; negative difference favors candidate,"paired demand-path sampling, excluding generation variation"
exp_regime095_random3_9,self_evolve_mean_of_available_repeats,conditional_pil,cold_start,100,mean_of_available_repeats,baseline_h200_conditional_pil,,3,primary,200,200,True,1000,156.23172204951828,157.107579950786,-0.8758579012677283,"[-1.4448332206122538, -0.2799770516125795]",0.5574892704362733,"[0.17973028030646404, 0.913622966217312]",0.95,2026091603,5000,win,candidate_minus_reference; negative difference favors candidate,"paired demand-path sampling, excluding generation variation"
exp_regime095_random3_9,self_evolve_mean_of_available_repeats,constant_order,cold_start,100,mean_of_available_repeats,baseline_h200_constant_order,,3,primary,200,200,True,1000,156.23172204951828,165.69185437874978,-9.460132329231508,"[-10.350650258357678, -8.522063099138288]",5.709473386426638,"[5.218636489795532, 6.17580716203651]",0.95,2026091603,5000,win,candidate_minus_reference; negative difference favors candidate,"paired demand-path sampling, excluding generation variation"
exp_regime095_random3_9,self_evolve_mean_of_available_repeats,forecast_adaptive_pil,cold_start,100,mean_of_available_repeats,baseline_h200_forecast_adaptive_pil,,3,primary,200,200,True,1000,156.23172204951828,150.52132253334594,5.710399516172384,"[5.4006129592762635, 6.015734614221126]",-3.7937479023327634,"[-3.9946831602225346, -3.591243555630857]",0.95,2026091603,5000,loss,candidate_minus_reference; negative difference favors candidate,"paired demand-path sampling, excluding generation variation"
exp_regime095_random3_9,self_evolve_mean_of_available_repeats,forecast_capped_base_stock,cold_start,100,mean_of_available_repeats,baseline_h200_forecast_capped_base_stock,,3,primary,200,200,True,1000,156.23172204951828,152.2117908098714,4.019931239646899,"[3.709133718105955, 4.3343450533409715]",-2.641011723374448,"[-2.8629733255682486, -2.4264353613545806]",0.95,2026091603,5000,loss,candidate_minus_reference; negative difference favors candidate,"paired demand-path sampling, excluding generation variation"
exp_regime095_random3_9,self_evolve_mean_of_available_repeats,pil_cop_continuation,cold_start,100,mean_of_available_repeats,baseline_h200_pil_cop_continuation,,3,primary,200,200,True,1000,156.23172204951828,154.97484342239122,1.2568786271270616,"[0.7760616565698228, 1.7597852267114764]",-0.8110210659812597,"[-1.1433464549335868, -0.5003811897103685]",0.95,2026091603,5000,loss,candidate_minus_reference; negative difference favors candidate,"paired demand-path sampling, excluding generation variation"
exp_regime095_random3_9,self_evolve_mean_of_available_repeats,base_stock,cold_start,200,mean_of_available_repeats,baseline_h200_base_stock,,3,primary,200,200,True,1000,155.36683712653462,166.11692760824045,-10.750090481705836,"[-11.272360307473118, -10.216059586196522]",6.47139977634197,"[6.189168031080623, 6.74668300643453]",0.95,2026091603,5000,win,candidate_minus_reference; negative difference favors candidate,"paired demand-path sampling, excluding generation variation"
exp_regime095_random3_9,self_evolve_mean_of_available_repeats,capped_base_stock,cold_start,200,mean_of_available_repeats,baseline_h200_capped_base_stock,,3,primary,200,200,True,1000,155.36683712653462,162.10928711845784,-6.742449991923238,"[-7.301351032493305, -6.184309686323981]",4.159200322061946,"[3.84815872530955, 4.465365884361474]",0.95,2026091603,5000,win,candidate_minus_reference; negative difference favors candidate,"paired demand-path sampling, excluding generation variation"
exp_regime095_random3_9,self_evolve_mean_of_available_repeats,conditional_pil,cold_start,200,mean_of_available_repeats,baseline_h200_conditional_pil,,3,primary,200,200,True,1000,155.36683712653462,156.32343123077013,-0.9565941042355411,"[-1.3817728502955346, -0.5219634305646416]",0.6119326429211681,"[0.33668486536232795, 0.8764065113687838]",0.95,2026091603,5000,win,candidate_minus_reference; negative difference favors candidate,"paired demand-path sampling, excluding generation variation"
exp_regime095_random3_9,self_evolve_mean_of_available_repeats,constant_order,cold_start,200,mean_of_available_repeats,baseline_h200_constant_order,,3,primary,200,200,True,1000,155.36683712653462,164.71274416948054,-9.34590704294594,"[-10.025308470373455, -8.669302526204241]",5.674064317287732,"[5.316490445169252, 6.022381613300945]",0.95,2026091603,5000,win,candidate_minus_reference; negative difference favors candidate,"paired demand-path sampling, excluding generation variation"
exp_regime095_random3_9,self_evolve_mean_of_available_repeats,forecast_adaptive_pil,cold_start,200,mean_of_available_repeats,baseline_h200_forecast_adaptive_pil,,3,primary,200,200,True,1000,155.36683712653462,149.94966487818658,5.417172248348011,"[5.205332736135289, 5.634544911615899]",-3.6126604569264913,"[-3.7589716864551836, -3.4700200594701602]",0.95,2026091603,5000,loss,candidate_minus_reference; negative difference favors candidate,"paired demand-path sampling, excluding generation variation"
exp_regime095_random3_9,self_evolve_mean_of_available_repeats,forecast_capped_base_stock,cold_start,200,mean_of_available_repeats,baseline_h200_forecast_capped_base_stock,,3,primary,200,200,True,1000,155.36683712653462,151.42488925920136,3.941947867333213,"[3.716351569902728, 4.169504193907699]",-2.6032364207878866,"[-2.7648834282963906, -2.445637185922439]",0.95,2026091603,5000,loss,candidate_minus_reference; negative difference favors candidate,"paired demand-path sampling, excluding generation variation"
exp_regime095_random3_9,self_evolve_mean_of_available_repeats,pil_cop_continuation,cold_start,200,mean_of_available_repeats,baseline_h200_pil_cop_continuation,,3,primary,200,200,True,1000,155.36683712653462,154.20432891342492,1.162508213109682,"[0.8180847748949179, 1.5242921420489903]",-0.7538752130378721,"[-0.9905996333631472, -0.5292004382342839]",0.95,2026091603,5000,loss,candidate_minus_reference; negative difference favors candidate,"paired demand-path sampling, excluding generation variation"
exp_regime095_random3_9,self_evolve_mean_of_available_repeats,base_stock,cold_start,500,mean_of_available_repeats,baseline_h200_base_stock,,3,primary,200,200,True,1000,155.34321276206617,165.34964545524713,-10.006432693180997,"[-10.36099655439745, -9.651629401018752]",6.05168076752197,"[5.867337826359375, 6.2329653749145315]",0.95,2026091603,5000,win,candidate_minus_reference; negative difference favors candidate,"paired demand-path sampling, excluding generation variation"
exp_regime095_random3_9,self_evolve_mean_of_available_repeats,capped_base_stock,cold_start,500,mean_of_available_repeats,baseline_h200_capped_base_stock,,3,primary,200,200,True,1000,155.34321276206617,162.00837361962567,-6.665160857559503,"[-7.0242952760013475, -6.301018869430042]",4.114084172715923,"[3.911892628990508, 4.315172166561166]",0.95,2026091603,5000,win,candidate_minus_reference; negative difference favors candidate,"paired demand-path sampling, excluding generation variation"
exp_regime095_random3_9,self_evolve_mean_of_available_repeats,conditional_pil,cold_start,500,mean_of_available_repeats,baseline_h200_conditional_pil,,3,primary,200,200,True,1000,155.34321276206617,156.13233300058036,-0.7891202385142517,"[-1.063145719729197, -0.51491203440885]",0.5054175668477672,"[0.33047785841279526, 0.6780842706059464]",0.95,2026091603,5000,win,candidate_minus_reference; negative difference favors candidate,"paired demand-path sampling, excluding generation variation"
exp_regime095_random3_9,self_evolve_mean_of_available_repeats,constant_order,cold_start,500,mean_of_available_repeats,baseline_h200_constant_order,,3,primary,200,200,True,1000,155.34321276206617,164.60068680617144,-9.2574740441053,"[-9.682896971871282, -8.815645388085992]",5.624201346745639,"[5.391714121844931, 5.847004814838276]",0.95,2026091603,5000,win,candidate_minus_reference; negative difference favors candidate,"paired demand-path sampling, excluding generation variation"
exp_regime095_random3_9,self_evolve_mean_of_available_repeats,forecast_adaptive_pil,cold_start,500,mean_of_available_repeats,baseline_h200_forecast_adaptive_pil,,3,primary,200,200,True,1000,155.34321276206617,149.97187503813166,5.371337723934459,"[5.2334355104237105, 5.511597353277919]",-3.5815633581755293,"[-3.6713424504322676, -3.4914870672865836]",0.95,2026091603,5000,loss,candidate_minus_reference; negative difference favors candidate,"paired demand-path sampling, excluding generation variation"
exp_regime095_random3_9,self_evolve_mean_of_available_repeats,forecast_capped_base_stock,cold_start,500,mean_of_available_repeats,baseline_h200_forecast_capped_base_stock,,3,primary,200,200,True,1000,155.34321276206617,151.29895822096802,4.044254541098139,"[3.8968285116992623, 4.189267357951732]",-2.673022067469646,"[-2.775305134518861, -2.5699195002312085]",0.95,2026091603,5000,loss,candidate_minus_reference; negative difference favors candidate,"paired demand-path sampling, excluding generation variation"
exp_regime095_random3_9,self_evolve_mean_of_available_repeats,pil_cop_continuation,cold_start,500,mean_of_available_repeats,baseline_h200_pil_cop_continuation,,3,primary,200,200,True,1000,155.34321276206617,153.97222827724607,1.3709844848200679,"[1.1470948952922002, 1.5951400081893918]",-0.8904102383655002,"[-1.038728889878429, -0.7431298777402412]",0.95,2026091603,5000,loss,candidate_minus_reference; negative difference favors candidate,"paired demand-path sampling, excluding generation variation"
exp_regime095_random3_9,self_evolve_mean_of_available_repeats,base_stock,steady,50,mean_of_available_repeats,baseline_h200_base_stock,,3,primary,200,200,True,1000,152.43853686223966,162.18527091459742,-9.746734052357793,"[-10.758742076659239, -8.773190487253292]",6.009629602857182,"[5.476109528228329, 6.563952333826778]",0.95,2026091603,5000,win,candidate_minus_reference; negative difference favors candidate,"paired demand-path sampling, excluding generation variation"
exp_regime095_random3_9,self_evolve_mean_of_available_repeats,capped_base_stock,steady,50,mean_of_available_repeats,baseline_h200_capped_base_stock,,3,primary,200,200,True,1000,152.43853686223966,159.40209489556383,-6.963558033324214,"[-8.050162684491758, -5.897762019867603]",4.368548630359294,"[3.7596634678019556, 4.975222503656679]",0.95,2026091603,5000,win,candidate_minus_reference; negative difference favors candidate,"paired demand-path sampling, excluding generation variation"
exp_regime095_random3_9,self_evolve_mean_of_available_repeats,conditional_pil,steady,50,mean_of_available_repeats,baseline_h200_conditional_pil,,3,primary,200,200,True,1000,152.43853686223966,153.6403417902594,-1.2018049280197791,"[-2.047054642193017, -0.3613323866880974]",0.78221963972222,"[0.23381382252605684, 1.3136850832351932]",0.95,2026091603,5000,win,candidate_minus_reference; negative difference favors candidate,"paired demand-path sampling, excluding generation variation"
exp_regime095_random3_9,self_evolve_mean_of_available_repeats,constant_order,steady,50,mean_of_available_repeats,baseline_h200_constant_order,,3,primary,200,200,True,1000,152.43853686223966,161.7776880009075,-9.33915113866784,"[-10.634642961999985, -8.056805058847324]",5.772830143681768,"[5.062976496341454, 6.466316277317761]",0.95,2026091603,5000,win,candidate_minus_reference; negative difference favors candidate,"paired demand-path sampling, excluding generation variation"
exp_regime095_random3_9,self_evolve_mean_of_available_repeats,forecast_adaptive_pil,steady,50,mean_of_available_repeats,baseline_h200_forecast_adaptive_pil,,3,primary,200,200,True,1000,152.43853686223966,147.29158479929168,5.146952062947966,"[4.730012886940986, 5.588318534463282]",-3.494396553585542,"[-3.794448274717258, -3.214894835201898]",0.95,2026091603,5000,loss,candidate_minus_reference; negative difference favors candidate,"paired demand-path sampling, excluding generation variation"
exp_regime095_random3_9,self_evolve_mean_of_available_repeats,forecast_capped_base_stock,steady,50,mean_of_available_repeats,baseline_h200_forecast_capped_base_stock,,3,primary,200,200,True,1000,152.43853686223966,148.77317265741274,3.6653642048268993,"[3.21780563720584, 4.115664999489319]",-2.463726584138478,"[-2.7808790529403002, -2.150700429431802]",0.95,2026091603,5000,loss,candidate_minus_reference; negative difference favors candidate,"paired demand-path sampling, excluding generation variation"
exp_regime095_random3_9,self_evolve_mean_of_available_repeats,pil_cop_continuation,steady,50,mean_of_available_repeats,baseline_h200_pil_cop_continuation,,3,primary,200,200,True,1000,152.43853686223966,151.46078065049383,0.9777562117457999,"[0.2932381029549664, 1.6798637387757842]",-0.6455507541599611,"[-1.1142953497288313, -0.19211834801725006]",0.95,2026091603,5000,loss,candidate_minus_reference; negative difference favors candidate,"paired demand-path sampling, excluding generation variation"
exp_regime095_random3_9,self_evolve_mean_of_available_repeats,base_stock,steady,100,mean_of_available_repeats,baseline_h200_base_stock,,3,primary,200,200,True,1000,152.4178881671881,162.24210970905378,-9.824221541865667,"[-10.559596157149091, -9.120221482355056]",6.055284635710978,"[5.6706256965418955, 6.443363657964555]",0.95,2026091603,5000,win,candidate_minus_reference; negative difference favors candidate,"paired demand-path sampling, excluding generation variation"
exp_regime095_random3_9,self_evolve_mean_of_available_repeats,capped_base_stock,steady,100,mean_of_available_repeats,baseline_h200_capped_base_stock,,3,primary,200,200,True,1000,152.4178881671881,159.46407943815024,-7.0461912709621615,"[-7.806149971929572, -6.319755311378985]",4.418669894679997,"[3.999956167242767, 4.846131507635998]",0.95,2026091603,5000,win,candidate_minus_reference; negative difference favors candidate,"paired demand-path sampling, excluding generation variation"
exp_regime095_random3_9,self_evolve_mean_of_available_repeats,conditional_pil,steady,100,mean_of_available_repeats,baseline_h200_conditional_pil,,3,primary,200,200,True,1000,152.4178881671881,153.70117094834703,-1.2832827811588967,"[-1.8611635663835258, -0.6922899754383495]",0.8349206276315179,"[0.45316671298981265, 1.2011136463711982]",0.95,2026091603,5000,win,candidate_minus_reference; negative difference favors candidate,"paired demand-path sampling, excluding generation variation"
exp_regime095_random3_9,self_evolve_mean_of_available_repeats,constant_order,steady,100,mean_of_available_repeats,baseline_h200_constant_order,,3,primary,200,200,True,1000,152.4178881671881,161.77254717402195,-9.354659006833822,"[-10.279375940413889, -8.448095258099272]",5.782599810813922,"[5.29974396642943, 6.268073113898278]",0.95,2026091603,5000,win,candidate_minus_reference; negative difference favors candidate,"paired demand-path sampling, excluding generation variation"
exp_regime095_random3_9,self_evolve_mean_of_available_repeats,forecast_adaptive_pil,steady,100,mean_of_available_repeats,baseline_h200_forecast_adaptive_pil,,3,primary,200,200,True,1000,152.4178881671881,147.07528823781612,5.342599929371998,"[5.043049366998512, 5.6400719182714125]",-3.6325612503530538,"[-3.8360841694438514, -3.4325892695525355]",0.95,2026091603,5000,loss,candidate_minus_reference; negative difference favors candidate,"paired demand-path sampling, excluding generation variation"
exp_regime095_random3_9,self_evolve_mean_of_available_repeats,forecast_capped_base_stock,steady,100,mean_of_available_repeats,baseline_h200_forecast_capped_base_stock,,3,primary,200,200,True,1000,152.4178881671881,148.51948448108345,3.8984036861046416,"[3.580085093291137, 4.217015888924652]",-2.6248432653300604,"[-2.854098164811374, -2.398927810547053]",0.95,2026091603,5000,loss,candidate_minus_reference; negative difference favors candidate,"paired demand-path sampling, excluding generation variation"
exp_regime095_random3_9,self_evolve_mean_of_available_repeats,pil_cop_continuation,steady,100,mean_of_available_repeats,baseline_h200_pil_cop_continuation,,3,primary,200,200,True,1000,152.4178881671881,151.55830535534736,0.8595828118407753,"[0.3787336370657272, 1.3246710736318985]",-0.5671631190552963,"[-0.8783403481654619, -0.25060481569263204]",0.95,2026091603,5000,loss,candidate_minus_reference; negative difference favors candidate,"paired demand-path sampling, excluding generation variation"
exp_regime095_random3_9,self_evolve_mean_of_available_repeats,base_stock,steady,200,mean_of_available_repeats,baseline_h200_base_stock,,3,primary,200,200,True,1000,153.12586305287567,162.92142239216227,-9.795559339286603,"[-10.325882068018679, -9.28561173695789]",6.012444033116812,"[5.738213172385275, 6.298176548364266]",0.95,2026091603,5000,win,candidate_minus_reference; negative difference favors candidate,"paired demand-path sampling, excluding generation variation"
exp_regime095_random3_9,self_evolve_mean_of_available_repeats,capped_base_stock,steady,200,mean_of_available_repeats,baseline_h200_capped_base_stock,,3,primary,200,200,True,1000,153.12586305287567,160.12465431328886,-6.998791260413209,"[-7.562079899433891, -6.453693306870127]",4.370839262965609,"[4.066576084100881, 4.680494834742917]",0.95,2026091603,5000,win,candidate_minus_reference; negative difference favors candidate,"paired demand-path sampling, excluding generation variation"
exp_regime095_random3_9,self_evolve_mean_of_available_repeats,conditional_pil,steady,200,mean_of_available_repeats,baseline_h200_conditional_pil,,3,primary,200,200,True,1000,153.12586305287567,154.4264548617123,-1.3005918088366395,"[-1.7391725538913234, -0.8670994758567381]",0.8422079040804884,"[0.5630294178354183, 1.1199198642802997]",0.95,2026091603,5000,win,candidate_minus_reference; negative difference favors candidate,"paired demand-path sampling, excluding generation variation"
exp_regime095_random3_9,self_evolve_mean_of_available_repeats,constant_order,steady,200,mean_of_available_repeats,baseline_h200_constant_order,,3,primary,200,200,True,1000,153.12586305287567,162.6852460141071,-9.559382961231453,"[-10.252740651113255, -8.914396222443894]",5.875998712509239,"[5.52935105094849, 6.240323293380216]",0.95,2026091603,5000,win,candidate_minus_reference; negative difference favors candidate,"paired demand-path sampling, excluding generation variation"
exp_regime095_random3_9,self_evolve_mean_of_available_repeats,forecast_adaptive_pil,steady,200,mean_of_available_repeats,baseline_h200_forecast_adaptive_pil,,3,primary,200,200,True,1000,153.12586305287567,147.79132070207473,5.334542350800921,"[5.121859056138797, 5.543430556654219]",-3.609509899133107,"[-3.748343881108753, -3.472484671827993]",0.95,2026091603,5000,loss,candidate_minus_reference; negative difference favors candidate,"paired demand-path sampling, excluding generation variation"
exp_regime095_random3_9,self_evolve_mean_of_available_repeats,forecast_capped_base_stock,steady,200,mean_of_available_repeats,baseline_h200_forecast_capped_base_stock,,3,primary,200,200,True,1000,153.12586305287567,149.17524820040833,3.950614852467334,"[3.7148497211533607, 4.182359426003907]",-2.648304527812762,"[-2.8101854284362067, -2.4809753602782743]",0.95,2026091603,5000,loss,candidate_minus_reference; negative difference favors candidate,"paired demand-path sampling, excluding generation variation"
exp_regime095_random3_9,self_evolve_mean_of_available_repeats,pil_cop_continuation,steady,200,mean_of_available_repeats,baseline_h200_pil_cop_continuation,,3,primary,200,200,True,1000,153.12586305287567,152.14896159791726,0.9769014549584181,"[0.6211890236316807, 1.329402957998237]",-0.6420690911713598,"[-0.8767789415782525, -0.40755897441722566]",0.95,2026091603,5000,loss,candidate_minus_reference; negative difference favors candidate,"paired demand-path sampling, excluding generation variation"
exp_regime095_random3_9,self_evolve_mean_of_available_repeats,base_stock,steady,500,mean_of_available_repeats,baseline_h200_base_stock,,3,primary,200,200,True,1000,154.34134036536452,163.98894596627395,-9.647605600909436,"[-9.98470428307665, -9.313018141296924]",5.883082877362698,"[5.700481655447036, 6.0647012969357785]",0.95,2026091603,5000,win,candidate_minus_reference; negative difference favors candidate,"paired demand-path sampling, excluding generation variation"
exp_regime095_random3_9,self_evolve_mean_of_available_repeats,capped_base_stock,steady,500,mean_of_available_repeats,baseline_h200_capped_base_stock,,3,primary,200,200,True,1000,154.34134036536452,161.26977023601137,-6.92842987064683,"[-7.287114166706146, -6.572677415995376]",4.296173957777327,"[4.098765615225954, 4.496441355036442]",0.95,2026091603,5000,win,candidate_minus_reference; negative difference favors candidate,"paired demand-path sampling, excluding generation variation"
exp_regime095_random3_9,self_evolve_mean_of_available_repeats,conditional_pil,steady,500,mean_of_available_repeats,baseline_h200_conditional_pil,,3,primary,200,200,True,1000,154.34134036536452,155.45239581139984,-1.1110554460353164,"[-1.3916610676634198, -0.8356988578965928]",0.7147239128969702,"[0.5407364441025857, 0.8909814014094211]",0.95,2026091603,5000,win,candidate_minus_reference; negative difference favors candidate,"paired demand-path sampling, excluding generation variation"
exp_regime095_random3_9,self_evolve_mean_of_available_repeats,constant_order,steady,500,mean_of_available_repeats,baseline_h200_constant_order,,3,primary,200,200,True,1000,154.34134036536452,163.86809569601448,-9.526755330649957,"[-9.967564517362188, -9.088645742917615]",5.813673058313125,"[5.5832990751674645, 6.048679783300194]",0.95,2026091603,5000,win,candidate_minus_reference; negative difference favors candidate,"paired demand-path sampling, excluding generation variation"
exp_regime095_random3_9,self_evolve_mean_of_available_repeats,forecast_adaptive_pil,steady,500,mean_of_available_repeats,baseline_h200_forecast_adaptive_pil,,3,primary,200,200,True,1000,154.34134036536452,149.00905596579383,5.332284399570696,"[5.190616205138809, 5.472594549023003]",-3.578496867193594,"[-3.670766551019657, -3.485870274137123]",0.95,2026091603,5000,loss,candidate_minus_reference; negative difference favors candidate,"paired demand-path sampling, excluding generation variation"
exp_regime095_random3_9,self_evolve_mean_of_available_repeats,forecast_capped_base_stock,steady,500,mean_of_available_repeats,baseline_h200_forecast_capped_base_stock,,3,primary,200,200,True,1000,154.34134036536452,150.45197659283804,3.8893637725265062,"[3.7391357477784317, 4.039101555224555]",-2.585119757550347,"[-2.6909014437922107, -2.480676681023001]",0.95,2026091603,5000,loss,candidate_minus_reference; negative difference favors candidate,"paired demand-path sampling, excluding generation variation"
exp_regime095_random3_9,self_evolve_mean_of_available_repeats,pil_cop_continuation,steady,500,mean_of_available_repeats,baseline_h200_pil_cop_continuation,,3,primary,200,200,True,1000,154.34134036536452,153.2137475157712,1.1275928495933494,"[0.9012373656701789, 1.346996649213158]",-0.7359606222524238,"[-0.881330657660769, -0.5871394933586002]",0.95,2026091603,5000,loss,candidate_minus_reference; negative difference favors candidate,"paired demand-path sampling, excluding generation variation"
