run,level,role,dataset,trajectory_id,demand_seed,discounted_cost
l1_main,L1,main,excel,1,111,1355.9644193142783
l1_main,L1,main,excel,2,112,1229.6315142467533
l1_main,L1,main,excel,3,113,1176.2465449848305
l1_main,L1,main,excel,4,114,1261.0401941934958
l1_main,L1,main,excel,5,115,1983.440468296959
l1_main,L1,main,excel,6,116,1861.0204701566813
l1_main,L1,main,excel,7,117,1665.1281368183886
l1_main,L1,main,excel,8,118,1238.7544452769541
l1_main,L1,main,excel,9,119,1267.6721004879687
l1_main,L1,main,excel,10,120,1254.600929153341
l1_main,L1,main,excel,11,121,1275.3393142882348
l1_main,L1,main,excel,12,122,1279.5860541516058
l1_main,L1,main,excel,13,123,1188.774344699674
l1_main,L1,main,excel,14,124,1215.506938098948
l1_main,L1,main,excel,15,125,1229.3705939159843
l1_main,L1,main,excel,16,126,1286.987236662041
l1_main,L1,main,excel,17,127,1254.8812899591146
l1_main,L1,main,excel,18,128,1237.8899452309888
l1_main,L1,main,excel,19,129,1270.3124576158416
l1_main,L1,main,excel,20,130,1277.6896412162378
l1_main,L1,main,excel,21,131,1231.957558079171
l1_main,L1,main,excel,22,132,1260.7624363726386
l1_main,L1,main,excel,23,133,1264.252772022019
l1_main,L1,main,excel,24,134,1262.149338327509
l1_main,L1,main,excel,25,135,1201.3118765535764
l1_main,L1,main,excel,26,136,1362.2597301347555
l1_main,L1,main,excel,27,137,1178.7094746855748
l1_main,L1,main,excel,28,138,1476.3048202699497
l1_main,L1,main,excel,29,139,1345.268397804897
l1_main,L1,main,excel,30,140,1271.5228517726807
l1_main,L1,main,excel,31,141,1242.8398219430094
l1_main,L1,main,excel,32,142,1191.4116891474484
l1_main,L1,main,excel,33,143,1273.1599759204619
l1_main,L1,main,excel,34,144,1177.089253136557
l1_main,L1,main,excel,35,145,1242.5728050439236
l1_main,L1,main,excel,36,146,1184.141943630805
l1_main,L1,main,excel,37,147,1290.332659565576
l1_main,L1,main,excel,38,148,1295.978514703925
l1_main,L1,main,excel,39,149,3676.9886536923323
l1_main,L1,main,excel,40,150,1238.2264021113385
l1_main,L1,main,excel,41,151,1193.229260918193
l1_main,L1,main,excel,42,152,1290.1419259129752
l1_main,L1,main,excel,43,153,1323.878096247023
l1_main,L1,main,excel,44,154,1253.3637642734275
l1_main,L1,main,excel,45,155,1256.4933228434074
l1_main,L1,main,excel,46,156,1252.9823314998132
l1_main,L1,main,excel,47,157,1357.7352548059234
l1_main,L1,main,excel,48,158,1223.8757513962887
l1_main,L1,main,excel,49,159,1446.1839504019624
l1_main,L1,main,excel,50,160,1317.999906267253
l1_main,L1,main,excel,51,161,1168.2461449275318
l1_main,L1,main,excel,52,162,1249.312631352162
l1_main,L1,main,excel,53,163,1227.4065943193552
l1_main,L1,main,excel,54,164,1225.8829458779985
l1_main,L1,main,excel,55,165,2789.917746803535
l1_main,L1,main,excel,56,166,1205.5984337180494
l1_main,L1,main,excel,57,167,1260.1528230251968
l1_main,L1,main,excel,58,168,1294.700838743815
l1_main,L1,main,excel,59,169,1265.3680305752532
l1_main,L1,main,excel,60,170,1208.7499215440762
l1_main,L1,main,excel,61,171,1202.1339367258104
l1_main,L1,main,excel,62,172,1242.4727772739302
l1_main,L1,main,excel,63,173,1231.8040917622216
l1_main,L1,main,excel,64,174,1241.8081233300036
l1_main,L1,main,excel,65,175,1199.5515575611953
l1_main,L1,main,excel,66,176,1217.299155345622
l1_main,L1,main,excel,67,177,1200.7331856112291
l1_main,L1,main,excel,68,178,1739.2960107098463
l1_main,L1,main,excel,69,179,1233.5947727462371
l1_main,L1,main,excel,70,180,1198.4151493367444
l1_main,L1,main,excel,71,181,1287.7924587231437
l1_main,L1,main,excel,72,182,1203.4997234668926
l1_main,L1,main,excel,73,183,1234.494121895766
l1_main,L1,main,excel,74,184,1231.9974480071808
l1_main,L1,main,excel,75,185,1206.7293831426555
l1_main,L1,main,excel,76,186,1167.9241004833557
l1_main,L1,main,excel,77,187,1181.2068373509
l1_main,L1,main,excel,78,188,1306.0977551725027
l1_main,L1,main,excel,79,189,1189.236386168956
l1_main,L1,main,excel,80,190,1247.4132698773951
l1_main,L1,main,excel,81,191,1240.4914327444271
l1_main,L1,main,excel,82,192,1184.2820853030973
l1_main,L1,main,excel,83,193,1203.8372610392732
l1_main,L1,main,excel,84,194,1226.711434879662
l1_main,L1,main,excel,85,195,1211.3178744742233
l1_main,L1,main,excel,86,196,1222.2232549617904
l1_main,L1,main,excel,87,197,1264.3095123199107
l1_main,L1,main,excel,88,198,1251.6496690358424
l1_main,L1,main,excel,89,199,1187.9991454640433
l1_main,L1,main,excel,90,200,2041.9677474382
l1_main,L1,main,excel,91,201,1249.9054844197653
l1_main,L1,main,excel,92,202,1290.3163937442564
l1_main,L1,main,excel,93,203,1136.7395686627679
l1_main,L1,main,excel,94,204,1237.6415068402334
l1_main,L1,main,excel,95,205,2016.488150561183
l1_main,L1,main,excel,96,206,1199.9570187774732
l1_main,L1,main,excel,97,207,1247.0529324918236
l1_main,L1,main,excel,98,208,1217.898844983117
l1_main,L1,main,excel,99,209,1207.8618152709455
l1_main,L1,main,excel,100,210,1210.606937415139
l1_main,L1,main,excel,101,211,1194.6028271416073
l1_main,L1,main,excel,102,212,1310.8443788607367
l1_main,L1,main,excel,103,213,1366.4185611572736
l1_main,L1,main,excel,104,214,1262.329084002192
l1_main,L1,main,excel,105,215,1275.6063679731371
l1_main,L1,main,excel,106,216,1204.3289089911439
l1_main,L1,main,excel,107,217,1167.953226527029
l1_main,L1,main,excel,108,218,1241.1235156434534
l1_main,L1,main,excel,109,219,1372.1621690844931
l1_main,L1,main,excel,110,220,1209.9324559773424
l1_main,L1,main,excel,111,221,1197.5389636987893
l1_main,L1,main,excel,112,222,1196.2473047321919
l1_main,L1,main,excel,113,223,2042.0646902602298
l1_main,L1,main,excel,114,224,1224.9371763656327
l1_main,L1,main,excel,115,225,1183.4403216488106
l1_main,L1,main,excel,116,226,1177.4189729795537
l1_main,L1,main,excel,117,227,1344.6556663642352
l1_main,L1,main,excel,118,228,1240.651590657699
l1_main,L1,main,excel,119,229,1167.0593025396129
l1_main,L1,main,excel,120,230,1258.172827504889
l1_main,L1,main,excel,121,231,1238.1741967438975
l1_main,L1,main,excel,122,232,1243.1703315803602
l1_main,L1,main,excel,123,233,1219.1408707169287
l1_main,L1,main,excel,124,234,1232.0176180408807
l1_main,L1,main,excel,125,235,1180.2678346524135
l1_main,L1,main,excel,126,236,1314.740194001144
l1_main,L1,main,excel,127,237,1185.4157326542304
l1_main,L1,main,excel,128,238,1293.3486653260306
l1_main,L1,main,excel,129,239,1706.5438531253758
l1_main,L1,main,excel,130,240,1199.0604808597825
l1_main,L1,main,excel,131,241,1321.9421742949364
l1_main,L1,main,excel,132,242,1262.000036154405
l1_main,L1,main,excel,133,243,1207.2824251249763
l1_main,L1,main,excel,134,244,1536.3041851224996
l1_main,L1,main,excel,135,245,1261.9756727055267
l1_main,L1,main,excel,136,246,1200.160798736842
l1_main,L1,main,excel,137,247,1169.11499434183
l1_main,L1,main,excel,138,248,1298.0960711934638
l1_main,L1,main,excel,139,249,1239.467496590854
l1_main,L1,main,excel,140,250,1173.8608844440703
l1_main,L1,main,excel,141,251,1220.416239658521
l1_main,L1,main,excel,142,252,1322.4390330990395
l1_main,L1,main,excel,143,253,1403.2181179607462
l1_main,L1,main,excel,144,254,1174.3522706515912
l1_main,L1,main,excel,145,255,1278.482450360006
l1_main,L1,main,excel,146,256,1278.779367405729
l1_main,L1,main,excel,147,257,1308.0802730972
l1_main,L1,main,excel,148,258,1201.5159362293418
l1_main,L1,main,excel,149,259,1233.1916500569066
l1_main,L1,main,excel,150,260,1253.9907915948934
l1_main,L1,main,excel,151,261,1261.2415483079526
l1_main,L1,main,excel,152,262,1258.2818786781015
l1_main,L1,main,excel,153,263,1234.7424285595064
l1_main,L1,main,excel,154,264,1152.8660583464782
l1_main,L1,main,excel,155,265,1217.6651846769028
l1_main,L1,main,excel,156,266,1262.7251864415693
l1_main,L1,main,excel,157,267,1262.4673885756763
l1_main,L1,main,excel,158,268,1289.6372634350073
l1_main,L1,main,excel,159,269,1213.3193716220505
l1_main,L1,main,excel,160,270,1246.019459505959
l1_main,L1,main,excel,161,271,1223.801468216282
l1_main,L1,main,excel,162,272,1239.0322206474027
l1_main,L1,main,excel,163,273,1354.216596486462
l1_main,L1,main,excel,164,274,1329.807274473522
l1_main,L1,main,excel,165,275,1195.1509065994203
l1_main,L1,main,excel,166,276,1197.4674885089826
l1_main,L1,main,excel,167,277,1483.686350195543
l1_main,L1,main,excel,168,278,2147.105621900917
l1_main,L1,main,excel,169,279,1401.9727117222637
l1_main,L1,main,excel,170,280,1322.7194525818873
l1_main,L1,main,excel,171,281,1303.3622864961662
l1_main,L1,main,excel,172,282,1240.5108249379969
l1_main,L1,main,excel,173,283,1162.210402112575
l1_main,L1,main,excel,174,284,1275.6901866401931
l1_main,L1,main,excel,175,285,1264.950602798682
l1_main,L1,main,excel,176,286,1273.0711732982813
l1_main,L1,main,excel,177,287,1410.8706284172345
l1_main,L1,main,excel,178,288,1162.98125275456
l1_main,L1,main,excel,179,289,1207.215302901804
l1_main,L1,main,excel,180,290,1273.0211069059965
l1_main,L1,main,excel,181,291,1182.5589149765822
l1_main,L1,main,excel,182,292,1256.6475251167583
l1_main,L1,main,excel,183,293,1356.1475876532843
l1_main,L1,main,excel,184,294,1212.045989881033
l1_main,L1,main,excel,185,295,1193.8770095693844
l1_main,L1,main,excel,186,296,1198.9607735190111
l1_main,L1,main,excel,187,297,1258.8664204860888
l1_main,L1,main,excel,188,298,1189.9385113969968
l1_main,L1,main,excel,189,299,1303.4323721125927
l1_main,L1,main,excel,190,300,1227.2149970663008
l1_main,L1,main,excel,191,301,1322.6196351574115
l1_main,L1,main,excel,192,302,1234.2595971960895
l1_main,L1,main,excel,193,303,1521.6556614556896
l1_main,L1,main,excel,194,304,1192.3496325802926
l1_main,L1,main,excel,195,305,1236.3280629599208
l1_main,L1,main,excel,196,306,1332.6644929356194
l1_main,L1,main,excel,197,307,1168.605832378412
l1_main,L1,main,excel,198,308,1245.6744795687325
l1_main,L1,main,excel,199,309,1311.4056010951408
l1_main,L1,main,excel,200,310,1222.7880741312256
l1_main,L1,main,validation,1,41001,1269.217450790741
l1_main,L1,main,validation,2,41002,1270.2369981232189
l1_main,L1,main,validation,3,41003,1247.4466524778447
l1_main,L1,main,validation,4,41004,1258.9468736837327
l1_main,L1,main,validation,5,41005,1231.6541183563397
l1_main,L1,main,validation,6,41006,1210.0354556766176
l1_main,L1,main,validation,7,41007,1170.8551012607147
l1_main,L1,main,validation,8,41008,1291.97270037936
l1_main,L1,main,validation,9,41009,1192.4347378589173
l1_main,L1,main,validation,10,41010,1192.852558184188
l1_main,L1,main,validation,11,41011,1254.3198018610478
l1_main,L1,main,validation,12,41012,1168.8712244348876
l1_main,L1,main,validation,13,41013,1221.1628674095248
l1_main,L1,main,validation,14,41014,1271.50002565981
l1_main,L1,main,validation,15,41015,1278.2534611101169
l1_main,L1,main,validation,16,41016,1276.0344042791792
l1_main,L1,main,validation,17,41017,1245.4253233657107
l1_main,L1,main,validation,18,41018,1330.4771295290811
l1_main,L1,main,validation,19,41019,1821.2329501580289
l1_main,L1,main,validation,20,41020,1172.4862918678145
l1_main,L1,main,validation,21,41021,1200.7263714658295
l1_main,L1,main,validation,22,41022,1283.320427800408
l1_main,L1,main,validation,23,41023,1224.0381535925897
l1_main,L1,main,validation,24,41024,1258.434596170864
l1_main,L1,main,validation,25,41025,1403.7002802782981
l1_main,L1,main,validation,26,41026,1960.3295332186165
l1_main,L1,main,validation,27,41027,1202.2736634323765
l1_main,L1,main,validation,28,41028,1178.2171341348032
l1_main,L1,main,validation,29,41029,1245.8385958222218
l1_main,L1,main,validation,30,41030,1266.3055213242108
l1_main,L1,main,validation,31,41031,1212.4318119472587
l1_main,L1,main,validation,32,41032,1239.666196599082
l1_main,L1,main,validation,33,41033,1259.0447911759386
l1_main,L1,main,validation,34,41034,1225.5492083928616
l1_main,L1,main,validation,35,41035,1237.9881150479155
l1_main,L1,main,validation,36,41036,2496.882024573865
l1_main,L1,main,validation,37,41037,1207.7530168044868
l1_main,L1,main,validation,38,41038,1497.7829985213532
l1_main,L1,main,validation,39,41039,1210.8397373126365
l1_main,L1,main,validation,40,41040,1259.1953834380324
l1_main,L1,main,validation,41,41041,1231.9815939545115
l1_main,L1,main,validation,42,41042,1201.8852053245575
l1_main,L1,main,validation,43,41043,1174.0241885378412
l1_main,L1,main,validation,44,41044,1231.6559076367269
l1_main,L1,main,validation,45,41045,1333.1454275964504
l1_main,L1,main,validation,46,41046,1225.613071473797
l1_main,L1,main,validation,47,41047,1248.3925802257183
l1_main,L1,main,validation,48,41048,1262.8585376479093
l1_main,L1,main,validation,49,41049,1562.8211458074468
l1_main,L1,main,validation,50,41050,1172.4411874939847
l1_main,L1,main,validation,51,41051,1252.2059065205776
l1_main,L1,main,validation,52,41052,1289.7169534767065
l1_main,L1,main,validation,53,41053,1208.7553332644247
l1_main,L1,main,validation,54,41054,1218.0607490462812
l1_main,L1,main,validation,55,41055,1241.662687117023
l1_main,L1,main,validation,56,41056,1246.0219005982833
l1_main,L1,main,validation,57,41057,1261.4131494009089
l1_main,L1,main,validation,58,41058,1234.1552075965633
l1_main,L1,main,validation,59,41059,1268.3915699156753
l1_main,L1,main,validation,60,41060,1222.6201413027125
l1_main,L1,main,validation,61,41061,1245.1811629336332
l1_main,L1,main,validation,62,41062,1290.7875539409752
l1_main,L1,main,validation,63,41063,1291.6048077748183
l1_main,L1,main,validation,64,41064,1858.2956420126745
l1_main,L1,main,validation,65,41065,1185.1501599213075
l1_main,L1,main,validation,66,41066,1154.3896130516523
l1_main,L1,main,validation,67,41067,1581.5818137395615
l1_main,L1,main,validation,68,41068,1226.6613857752975
l1_main,L1,main,validation,69,41069,1205.2042949196773
l1_main,L1,main,validation,70,41070,1261.2698084128765
l1_main,L1,main,validation,71,41071,2007.0329849452964
l1_main,L1,main,validation,72,41072,1222.2383055657097
l1_main,L1,main,validation,73,41073,2063.366327581407
l1_main,L1,main,validation,74,41074,1245.482635964851
l1_main,L1,main,validation,75,41075,1227.1523939727283
l1_main,L1,main,validation,76,41076,1201.3990784081607
l1_main,L1,main,validation,77,41077,1236.416092505099
l1_main,L1,main,validation,78,41078,1189.5613100147125
l1_main,L1,main,validation,79,41079,1216.5155674760756
l1_main,L1,main,validation,80,41080,1361.6667579902382
l1_main,L1,main,validation,81,41081,1247.7793706746338
l1_main,L1,main,validation,82,41082,1236.9358738429667
l1_main,L1,main,validation,83,41083,1162.3081613423637
l1_main,L1,main,validation,84,41084,1191.1204369272161
l1_main,L1,main,validation,85,41085,1432.5443912608016
l1_main,L1,main,validation,86,41086,1237.6904817852494
l1_main,L1,main,validation,87,41087,1199.3073614903708
l1_main,L1,main,validation,88,41088,1184.0784104946972
l1_main,L1,main,validation,89,41089,1259.1581683382224
l1_main,L1,main,validation,90,41090,1262.4546313458072
l1_main,L1,main,validation,91,41091,1194.2228028120128
l1_main,L1,main,validation,92,41092,1249.3798178129582
l1_main,L1,main,validation,93,41093,1250.148555803174
l1_main,L1,main,validation,94,41094,1209.9123224559605
l1_main,L1,main,validation,95,41095,1208.704310558992
l1_main,L1,main,validation,96,41096,1256.4347230091187
l1_main,L1,main,validation,97,41097,1145.962025424756
l1_main,L1,main,validation,98,41098,1234.0803401463147
l1_main,L1,main,validation,99,41099,1214.7448495461472
l1_main,L1,main,validation,100,41100,1581.4776502544742
l1_main,L1,main,validation,101,41101,1202.1076804281925
l1_main,L1,main,validation,102,41102,1237.447611282509
l1_main,L1,main,validation,103,41103,1218.3573018809557
l1_main,L1,main,validation,104,41104,2012.4568279256287
l1_main,L1,main,validation,105,41105,1196.5320214092708
l1_main,L1,main,validation,106,41106,1253.3060483303325
l1_main,L1,main,validation,107,41107,1309.0499407482262
l1_main,L1,main,validation,108,41108,1226.4996560730797
l1_main,L1,main,validation,109,41109,1656.467929776283
l1_main,L1,main,validation,110,41110,1209.4490362493939
l1_main,L1,main,validation,111,41111,1204.9052749434975
l1_main,L1,main,validation,112,41112,1219.0755009228885
l1_main,L1,main,validation,113,41113,1221.052923883334
l1_main,L1,main,validation,114,41114,1731.8371261803873
l1_main,L1,main,validation,115,41115,1205.8523830165107
l1_main,L1,main,validation,116,41116,1211.1114626149947
l1_main,L1,main,validation,117,41117,1191.3457658809862
l1_main,L1,main,validation,118,41118,1252.922270189079
l1_main,L1,main,validation,119,41119,1233.5098662329942
l1_main,L1,main,validation,120,41120,1374.8679917804309
l1_main,L1,main,validation,121,41121,1301.937953231602
l1_main,L1,main,validation,122,41122,1243.4209601100101
l1_main,L1,main,validation,123,41123,1214.8799413724612
l1_main,L1,main,validation,124,41124,1172.6347011283533
l1_main,L1,main,validation,125,41125,1168.1701138439844
l1_main,L1,main,validation,126,41126,1190.5130086864958
l1_main,L1,main,validation,127,41127,1256.908945778047
l1_main,L1,main,validation,128,41128,1286.2485039476746
l1_main,L1,main,validation,129,41129,1271.322083741182
l1_main,L1,main,validation,130,41130,1228.3000634600558
l1_main,L1,main,validation,131,41131,1268.7095539637946
l1_main,L1,main,validation,132,41132,1235.5166615308774
l1_main,L1,main,validation,133,41133,1272.52451198084
l1_main,L1,main,validation,134,41134,1248.6834777934841
l1_main,L1,main,validation,135,41135,1188.9531836796643
l1_main,L1,main,validation,136,41136,1179.527737597577
l1_main,L1,main,validation,137,41137,1230.7322737755687
l1_main,L1,main,validation,138,41138,2051.908773419839
l1_main,L1,main,validation,139,41139,1287.9878391804077
l1_main,L1,main,validation,140,41140,1229.4927407543587
l1_main,L1,main,validation,141,41141,1295.0604354617371
l1_main,L1,main,validation,142,41142,1226.5915177459756
l1_main,L1,main,validation,143,41143,1302.78049306173
l1_main,L1,main,validation,144,41144,1185.9778472683447
l1_main,L1,main,validation,145,41145,1211.682244643064
l1_main,L1,main,validation,146,41146,3489.0131066885606
l1_main,L1,main,validation,147,41147,1207.700756065259
l1_main,L1,main,validation,148,41148,1159.4057674891874
l1_main,L1,main,validation,149,41149,1232.0555305527523
l1_main,L1,main,validation,150,41150,1252.485770510482
l1_main,L1,main,validation,151,41151,1258.4205570691477
l1_main,L1,main,validation,152,41152,1332.2752468147974
l1_main,L1,main,validation,153,41153,1241.837740170571
l1_main,L1,main,validation,154,41154,1259.6710090466165
l1_main,L1,main,validation,155,41155,1230.9898095984754
l1_main,L1,main,validation,156,41156,1211.9640553747417
l1_main,L1,main,validation,157,41157,1574.292049523131
l1_main,L1,main,validation,158,41158,1249.9082075024728
l1_main,L1,main,validation,159,41159,1290.9450375110123
l1_main,L1,main,validation,160,41160,1234.6950348084001
l1_main,L1,main,validation,161,41161,1196.196914911093
l1_main,L1,main,validation,162,41162,1232.403277946051
l1_main,L1,main,validation,163,41163,1521.963172815712
l1_main,L1,main,validation,164,41164,1245.7290439248707
l1_main,L1,main,validation,165,41165,1165.980459780744
l1_main,L1,main,validation,166,41166,1266.066245641416
l1_main,L1,main,validation,167,41167,1232.9110351322813
l1_main,L1,main,validation,168,41168,1239.817015043084
l1_main,L1,main,validation,169,41169,1637.3111296833395
l1_main,L1,main,validation,170,41170,1165.1011929893855
l1_main,L1,main,validation,171,41171,1220.2994473729768
l1_main,L1,main,validation,172,41172,1241.7472776144918
l1_main,L1,main,validation,173,41173,1241.6167563852619
l1_main,L1,main,validation,174,41174,1262.3049929257995
l1_main,L1,main,validation,175,41175,1212.3906921381927
l1_main,L1,main,validation,176,41176,1195.3211032628717
l1_main,L1,main,validation,177,41177,1172.7965262782677
l1_main,L1,main,validation,178,41178,1273.065327014655
l1_main,L1,main,validation,179,41179,1227.4019374898617
l1_main,L1,main,validation,180,41180,1205.3163434295905
l1_main,L1,main,validation,181,41181,1169.016335577996
l1_main,L1,main,validation,182,41182,1165.0785397584496
l1_main,L1,main,validation,183,41183,1285.1052849646398
l1_main,L1,main,validation,184,41184,1229.8518987386933
l1_main,L1,main,validation,185,41185,1196.3241812273552
l1_main,L1,main,validation,186,41186,1234.0256014768897
l1_main,L1,main,validation,187,41187,1278.5737219710427
l1_main,L1,main,validation,188,41188,1220.5129436522195
l1_main,L1,main,validation,189,41189,1301.8719215034473
l1_main,L1,main,validation,190,41190,1252.8415252364082
l1_main,L1,main,validation,191,41191,1377.3106662380367
l1_main,L1,main,validation,192,41192,1242.5017895090996
l1_main,L1,main,validation,193,41193,1395.4696214786366
l1_main,L1,main,validation,194,41194,1163.2935505395758
l1_main,L1,main,validation,195,41195,1232.8842686208368
l1_main,L1,main,validation,196,41196,1196.9997238354472
l1_main,L1,main,validation,197,41197,1266.954111141535
l1_main,L1,main,validation,198,41198,1219.7844775076207
l1_main,L1,main,validation,199,41199,1280.0101286489228
l1_main,L1,main,validation,200,41200,1313.0950144823362
l1_main,L1,main,fresh,1,51001,1237.3121919577832
l1_main,L1,main,fresh,2,51002,1180.902593234128
l1_main,L1,main,fresh,3,51003,1344.4003057499015
l1_main,L1,main,fresh,4,51004,1209.3749447738803
l1_main,L1,main,fresh,5,51005,1276.7922747103091
l1_main,L1,main,fresh,6,51006,1239.7756821688108
l1_main,L1,main,fresh,7,51007,1231.1798067677128
l1_main,L1,main,fresh,8,51008,1203.4664568178332
l1_main,L1,main,fresh,9,51009,1181.0049639932074
l1_main,L1,main,fresh,10,51010,1186.4135937838116
l1_main,L1,main,fresh,11,51011,1270.9269564222966
l1_main,L1,main,fresh,12,51012,1659.0634534097012
l1_main,L1,main,fresh,13,51013,1151.306952909117
l1_main,L1,main,fresh,14,51014,1212.186716356231
l1_main,L1,main,fresh,15,51015,1220.3540028174677
l1_main,L1,main,fresh,16,51016,1543.1322544831492
l1_main,L1,main,fresh,17,51017,1286.6402876929724
l1_main,L1,main,fresh,18,51018,1308.3485991398707
l1_main,L1,main,fresh,19,51019,1239.721391568088
l1_main,L1,main,fresh,20,51020,1265.7968227339534
l1_main,L1,main,fresh,21,51021,1277.1667498565484
l1_main,L1,main,fresh,22,51022,1195.274384967908
l1_main,L1,main,fresh,23,51023,1261.6825849996062
l1_main,L1,main,fresh,24,51024,1204.909634064641
l1_main,L1,main,fresh,25,51025,1216.1752389263625
l1_main,L1,main,fresh,26,51026,1261.8450406866368
l1_main,L1,main,fresh,27,51027,1264.9215919595215
l1_main,L1,main,fresh,28,51028,1197.807276497257
l1_main,L1,main,fresh,29,51029,1231.7459704076698
l1_main,L1,main,fresh,30,51030,1230.2451984504212
l1_main,L1,main,fresh,31,51031,1252.840685107598
l1_main,L1,main,fresh,32,51032,1467.1455532369175
l1_main,L1,main,fresh,33,51033,1261.374969161923
l1_main,L1,main,fresh,34,51034,1220.6293189661951
l1_main,L1,main,fresh,35,51035,1251.4971464136033
l1_main,L1,main,fresh,36,51036,1223.6547617338717
l1_main,L1,main,fresh,37,51037,1397.158431019092
l1_main,L1,main,fresh,38,51038,1233.291049138562
l1_main,L1,main,fresh,39,51039,1200.9330368260983
l1_main,L1,main,fresh,40,51040,1164.841205096448
l1_main,L1,main,fresh,41,51041,1278.2980577471862
l1_main,L1,main,fresh,42,51042,1228.147612043488
l1_main,L1,main,fresh,43,51043,1309.5727048666295
l1_main,L1,main,fresh,44,51044,1204.5677837603976
l1_main,L1,main,fresh,45,51045,1198.9402684551035
l1_main,L1,main,fresh,46,51046,1260.967840389091
l1_main,L1,main,fresh,47,51047,1211.0610151664532
l1_main,L1,main,fresh,48,51048,1198.7337184905718
l1_main,L1,main,fresh,49,51049,1242.4663782655343
l1_main,L1,main,fresh,50,51050,1242.012319168562
l1_main,L1,main,fresh,51,51051,1189.5194833994335
l1_main,L1,main,fresh,52,51052,1225.2566539928566
l1_main,L1,main,fresh,53,51053,1290.6600893911245
l1_main,L1,main,fresh,54,51054,1958.0146040347747
l1_main,L1,main,fresh,55,51055,1266.825153879767
l1_main,L1,main,fresh,56,51056,1206.6697251630553
l1_main,L1,main,fresh,57,51057,1184.1069148741171
l1_main,L1,main,fresh,58,51058,1241.2116750922855
l1_main,L1,main,fresh,59,51059,1197.0113544247913
l1_main,L1,main,fresh,60,51060,1185.5243238539883
l1_main,L1,main,fresh,61,51061,1223.9775602718985
l1_main,L1,main,fresh,62,51062,1327.9930395765123
l1_main,L1,main,fresh,63,51063,1250.4256798245726
l1_main,L1,main,fresh,64,51064,1153.81238380894
l1_main,L1,main,fresh,65,51065,1271.8494365868987
l1_main,L1,main,fresh,66,51066,1218.7627198405378
l1_main,L1,main,fresh,67,51067,1298.2002070375308
l1_main,L1,main,fresh,68,51068,1208.397065471194
l1_main,L1,main,fresh,69,51069,1215.3350849430278
l1_main,L1,main,fresh,70,51070,1195.8184001165898
l1_main,L1,main,fresh,71,51071,1243.440683064922
l1_main,L1,main,fresh,72,51072,1230.6692501454895
l1_main,L1,main,fresh,73,51073,1208.5975340246157
l1_main,L1,main,fresh,74,51074,1228.6468040056777
l1_main,L1,main,fresh,75,51075,2131.4615849387824
l1_main,L1,main,fresh,76,51076,2136.9746323750223
l1_main,L1,main,fresh,77,51077,1255.0953760185594
l1_main,L1,main,fresh,78,51078,1268.4177689721541
l1_main,L1,main,fresh,79,51079,1603.0014648939077
l1_main,L1,main,fresh,80,51080,1277.9205810262526
l1_main,L1,main,fresh,81,51081,1191.12610665423
l1_main,L1,main,fresh,82,51082,1297.3016858359738
l1_main,L1,main,fresh,83,51083,1253.303510956549
l1_main,L1,main,fresh,84,51084,1276.1064193598797
l1_main,L1,main,fresh,85,51085,1278.4318072066296
l1_main,L1,main,fresh,86,51086,1303.143635147327
l1_main,L1,main,fresh,87,51087,1221.9316705159204
l1_main,L1,main,fresh,88,51088,1254.544652920636
l1_main,L1,main,fresh,89,51089,1253.9571206723701
l1_main,L1,main,fresh,90,51090,1516.7726719973393
l1_main,L1,main,fresh,91,51091,2704.9690643404438
l1_main,L1,main,fresh,92,51092,1248.5028682139778
l1_main,L1,main,fresh,93,51093,2057.7252580934555
l1_main,L1,main,fresh,94,51094,1212.3225585310838
l1_main,L1,main,fresh,95,51095,1280.3186644058117
l1_main,L1,main,fresh,96,51096,1201.1964367590049
l1_main,L1,main,fresh,97,51097,1230.3434486305964
l1_main,L1,main,fresh,98,51098,1179.8113868978758
l1_main,L1,main,fresh,99,51099,1160.735201795689
l1_main,L1,main,fresh,100,51100,1292.4292467138903
l1_main,L1,main,fresh,101,51101,1244.6709139779518
l1_main,L1,main,fresh,102,51102,1187.884745876939
l1_main,L1,main,fresh,103,51103,1296.8435243048084
l1_main,L1,main,fresh,104,51104,1227.6570297674307
l1_main,L1,main,fresh,105,51105,1221.109868664627
l1_main,L1,main,fresh,106,51106,1284.3128504260776
l1_main,L1,main,fresh,107,51107,1277.8508467507775
l1_main,L1,main,fresh,108,51108,1184.451045739403
l1_main,L1,main,fresh,109,51109,1185.694500637145
l1_main,L1,main,fresh,110,51110,1224.1496164048112
l1_main,L1,main,fresh,111,51111,1305.6451947887174
l1_main,L1,main,fresh,112,51112,2293.061890459967
l1_main,L1,main,fresh,113,51113,1264.8284593340923
l1_main,L1,main,fresh,114,51114,1209.8334019224108
l1_main,L1,main,fresh,115,51115,1176.96563052167
l1_main,L1,main,fresh,116,51116,1156.9780135204908
l1_main,L1,main,fresh,117,51117,1208.8446655004645
l1_main,L1,main,fresh,118,51118,1209.0967046261921
l1_main,L1,main,fresh,119,51119,1255.3475286270443
l1_main,L1,main,fresh,120,51120,1215.9574526506271
l1_main,L1,main,fresh,121,51121,1225.6419711083024
l1_main,L1,main,fresh,122,51122,1266.2205132293943
l1_main,L1,main,fresh,123,51123,1220.3519972964712
l1_main,L1,main,fresh,124,51124,1159.2136105091918
l1_main,L1,main,fresh,125,51125,1281.2362651836895
l1_main,L1,main,fresh,126,51126,1205.070788742253
l1_main,L1,main,fresh,127,51127,1182.369762393097
l1_main,L1,main,fresh,128,51128,1294.9785230096452
l1_main,L1,main,fresh,129,51129,1219.9720916342758
l1_main,L1,main,fresh,130,51130,1278.747379278568
l1_main,L1,main,fresh,131,51131,1206.0433588814783
l1_main,L1,main,fresh,132,51132,1302.9698055390081
l1_main,L1,main,fresh,133,51133,1239.780635489308
l1_main,L1,main,fresh,134,51134,1217.674203638543
l1_main,L1,main,fresh,135,51135,1249.6100931071649
l1_main,L1,main,fresh,136,51136,1215.466864732966
l1_main,L1,main,fresh,137,51137,1251.7665722400668
l1_main,L1,main,fresh,138,51138,1264.0830815352924
l1_main,L1,main,fresh,139,51139,1545.2761265324657
l1_main,L1,main,fresh,140,51140,1233.642978497647
l1_main,L1,main,fresh,141,51141,3097.3829700550805
l1_main,L1,main,fresh,142,51142,1215.4507421738554
l1_main,L1,main,fresh,143,51143,1248.0118292848517
l1_main,L1,main,fresh,144,51144,2187.486552014777
l1_main,L1,main,fresh,145,51145,1325.2622812639825
l1_main,L1,main,fresh,146,51146,1286.9116726799334
l1_main,L1,main,fresh,147,51147,1235.0623610764098
l1_main,L1,main,fresh,148,51148,1229.1316167263665
l1_main,L1,main,fresh,149,51149,1228.0242400722534
l1_main,L1,main,fresh,150,51150,1211.706267308868
l1_main,L1,main,fresh,151,51151,1241.6122815666547
l1_main,L1,main,fresh,152,51152,1256.4860047988045
l1_main,L1,main,fresh,153,51153,1574.542512556434
l1_main,L1,main,fresh,154,51154,1175.0296611209997
l1_main,L1,main,fresh,155,51155,1260.1174449960301
l1_main,L1,main,fresh,156,51156,1300.6417114764608
l1_main,L1,main,fresh,157,51157,1232.4282768206276
l1_main,L1,main,fresh,158,51158,1247.0369240708173
l1_main,L1,main,fresh,159,51159,1128.9595487697184
l1_main,L1,main,fresh,160,51160,1188.8049531903573
l1_main,L1,main,fresh,161,51161,1238.1231851951732
l1_main,L1,main,fresh,162,51162,1283.9559337417631
l1_main,L1,main,fresh,163,51163,1169.157730899916
l1_main,L1,main,fresh,164,51164,1419.7833384133
l1_main,L1,main,fresh,165,51165,1198.0719243988508
l1_main,L1,main,fresh,166,51166,1308.8116237436664
l1_main,L1,main,fresh,167,51167,1236.5707532565923
l1_main,L1,main,fresh,168,51168,1425.7188491299487
l1_main,L1,main,fresh,169,51169,1324.8587771330879
l1_main,L1,main,fresh,170,51170,1263.9601188059362
l1_main,L1,main,fresh,171,51171,1273.456325258693
l1_main,L1,main,fresh,172,51172,1361.929422030825
l1_main,L1,main,fresh,173,51173,1203.062652581532
l1_main,L1,main,fresh,174,51174,1287.8555987377372
l1_main,L1,main,fresh,175,51175,1254.4421819311924
l1_main,L1,main,fresh,176,51176,1251.8458524799014
l1_main,L1,main,fresh,177,51177,1315.3605202491303
l1_main,L1,main,fresh,178,51178,1258.8525457909695
l1_main,L1,main,fresh,179,51179,1241.6152454488474
l1_main,L1,main,fresh,180,51180,1265.8033358276732
l1_main,L1,main,fresh,181,51181,1221.0543556999157
l1_main,L1,main,fresh,182,51182,1275.8584448654772
l1_main,L1,main,fresh,183,51183,1222.0172382353217
l1_main,L1,main,fresh,184,51184,1497.0225192013227
l1_main,L1,main,fresh,185,51185,1172.5383925814745
l1_main,L1,main,fresh,186,51186,1251.468405636738
l1_main,L1,main,fresh,187,51187,1251.6134495223912
l1_main,L1,main,fresh,188,51188,1208.5260055761146
l1_main,L1,main,fresh,189,51189,1376.407058348221
l1_main,L1,main,fresh,190,51190,1201.0629204867462
l1_main,L1,main,fresh,191,51191,1245.5043980071155
l1_main,L1,main,fresh,192,51192,1215.2156913456952
l1_main,L1,main,fresh,193,51193,1265.5088630545724
l1_main,L1,main,fresh,194,51194,1192.2033148950632
l1_main,L1,main,fresh,195,51195,1198.1531224683758
l1_main,L1,main,fresh,196,51196,1250.8839857608689
l1_main,L1,main,fresh,197,51197,1234.7661920086655
l1_main,L1,main,fresh,198,51198,1207.5318174281867
l1_main,L1,main,fresh,199,51199,1243.3993604732666
l1_main,L1,main,fresh,200,51200,1320.3540290483522
l2_main,L2,main,excel,1,111,1399.6264071286353
l2_main,L2,main,excel,2,112,1241.351757735157
l2_main,L2,main,excel,3,113,1190.9204096983788
l2_main,L2,main,excel,4,114,1290.0418802217685
l2_main,L2,main,excel,5,115,1998.4667805432225
l2_main,L2,main,excel,6,116,1567.8559580784215
l2_main,L2,main,excel,7,117,1684.2164904579429
l2_main,L2,main,excel,8,118,1252.278837079467
l2_main,L2,main,excel,9,119,1304.72448329804
l2_main,L2,main,excel,10,120,1280.7325506892741
l2_main,L2,main,excel,11,121,1292.7802276463449
l2_main,L2,main,excel,12,122,1316.7166870997926
l2_main,L2,main,excel,13,123,1202.6399738164728
l2_main,L2,main,excel,14,124,1242.5242558391724
l2_main,L2,main,excel,15,125,1263.8758698382783
l2_main,L2,main,excel,16,126,1317.2894696087067
l2_main,L2,main,excel,17,127,1285.7022930118812
l2_main,L2,main,excel,18,128,1256.249730972284
l2_main,L2,main,excel,19,129,1299.5536138525142
l2_main,L2,main,excel,20,130,1302.8910953952136
l2_main,L2,main,excel,21,131,1254.471026654645
l2_main,L2,main,excel,22,132,1298.1843469175017
l2_main,L2,main,excel,23,133,1297.391155153299
l2_main,L2,main,excel,24,134,1285.7114032506888
l2_main,L2,main,excel,25,135,1230.981565604461
l2_main,L2,main,excel,26,136,1387.3687911506797
l2_main,L2,main,excel,27,137,1200.9984450085738
l2_main,L2,main,excel,28,138,1501.71743218403
l2_main,L2,main,excel,29,139,1360.352304520132
l2_main,L2,main,excel,30,140,1316.372210829667
l2_main,L2,main,excel,31,141,1279.6312183495024
l2_main,L2,main,excel,32,142,1218.3516449138363
l2_main,L2,main,excel,33,143,1319.3541250076694
l2_main,L2,main,excel,34,144,1206.8059410160147
l2_main,L2,main,excel,35,145,1262.695703232108
l2_main,L2,main,excel,36,146,1213.5722815897743
l2_main,L2,main,excel,37,147,1316.4788216331317
l2_main,L2,main,excel,38,148,1314.3997862846725
l2_main,L2,main,excel,39,149,3701.2438899245835
l2_main,L2,main,excel,40,150,1267.4476462062205
l2_main,L2,main,excel,41,151,1199.1324016645933
l2_main,L2,main,excel,42,152,1305.9905346600392
l2_main,L2,main,excel,43,153,1316.8328639773156
l2_main,L2,main,excel,44,154,1266.6063661172013
l2_main,L2,main,excel,45,155,1294.5570413457635
l2_main,L2,main,excel,46,156,1284.8968099371436
l2_main,L2,main,excel,47,157,1414.0275119221926
l2_main,L2,main,excel,48,158,1241.6594890112433
l2_main,L2,main,excel,49,159,1379.5236612044164
l2_main,L2,main,excel,50,160,1260.7178105054581
l2_main,L2,main,excel,51,161,1174.6469318514773
l2_main,L2,main,excel,52,162,1268.024592857672
l2_main,L2,main,excel,53,163,1248.001931683443
l2_main,L2,main,excel,54,164,1261.8162750786996
l2_main,L2,main,excel,55,165,2839.1459523519297
l2_main,L2,main,excel,56,166,1219.9157303579425
l2_main,L2,main,excel,57,167,1273.0962211409667
l2_main,L2,main,excel,58,168,1312.4424557718614
l2_main,L2,main,excel,59,169,1298.5632392237035
l2_main,L2,main,excel,60,170,1239.8082379549862
l2_main,L2,main,excel,61,171,1248.6939852991595
l2_main,L2,main,excel,62,172,1274.7279725162205
l2_main,L2,main,excel,63,173,1249.2050312374445
l2_main,L2,main,excel,64,174,1267.0605963956325
l2_main,L2,main,excel,65,175,1223.9340740765383
l2_main,L2,main,excel,66,176,1248.4698933566926
l2_main,L2,main,excel,67,177,1227.3675590210287
l2_main,L2,main,excel,68,178,1765.2716055090755
l2_main,L2,main,excel,69,179,1234.2684843892805
l2_main,L2,main,excel,70,180,1223.655332089027
l2_main,L2,main,excel,71,181,1322.37651933269
l2_main,L2,main,excel,72,182,1207.4449727789838
l2_main,L2,main,excel,73,183,1258.9376275798647
l2_main,L2,main,excel,74,184,1269.1707949367242
l2_main,L2,main,excel,75,185,1230.4452673810215
l2_main,L2,main,excel,76,186,1185.2027618429752
l2_main,L2,main,excel,77,187,1219.3622675440238
l2_main,L2,main,excel,78,188,1315.618988304101
l2_main,L2,main,excel,79,189,1211.3165054243077
l2_main,L2,main,excel,80,190,1263.495175446475
l2_main,L2,main,excel,81,191,1281.324356347276
l2_main,L2,main,excel,82,192,1215.8975246327125
l2_main,L2,main,excel,83,193,1221.1988333390962
l2_main,L2,main,excel,84,194,1254.8993462466412
l2_main,L2,main,excel,85,195,1247.9119869449748
l2_main,L2,main,excel,86,196,1244.0597661641054
l2_main,L2,main,excel,87,197,1290.379297801228
l2_main,L2,main,excel,88,198,1282.353989089064
l2_main,L2,main,excel,89,199,1207.7291801593133
l2_main,L2,main,excel,90,200,2056.6516088972667
l2_main,L2,main,excel,91,201,1270.4419216988179
l2_main,L2,main,excel,92,202,1329.053891089059
l2_main,L2,main,excel,93,203,1164.8959061447533
l2_main,L2,main,excel,94,204,1265.0949394135669
l2_main,L2,main,excel,95,205,2045.974494725745
l2_main,L2,main,excel,96,206,1234.8196222552351
l2_main,L2,main,excel,97,207,1267.8684959923344
l2_main,L2,main,excel,98,208,1247.5750875598349
l2_main,L2,main,excel,99,209,1193.2060230771
l2_main,L2,main,excel,100,210,1229.9294098840076
l2_main,L2,main,excel,101,211,1205.4854356452518
l2_main,L2,main,excel,102,212,1344.6526517096015
l2_main,L2,main,excel,103,213,1391.143293435283
l2_main,L2,main,excel,104,214,1298.5709778874614
l2_main,L2,main,excel,105,215,1302.2728319007986
l2_main,L2,main,excel,106,216,1404.562568797007
l2_main,L2,main,excel,107,217,1196.6411789376234
l2_main,L2,main,excel,108,218,1261.7626294151505
l2_main,L2,main,excel,109,219,1383.765492444776
l2_main,L2,main,excel,110,220,1246.8224161291796
l2_main,L2,main,excel,111,221,1236.86350024692
l2_main,L2,main,excel,112,222,1235.9142374343883
l2_main,L2,main,excel,113,223,1296.4348259830188
l2_main,L2,main,excel,114,224,1250.266730480184
l2_main,L2,main,excel,115,225,1209.6505145548135
l2_main,L2,main,excel,116,226,1208.352237291119
l2_main,L2,main,excel,117,227,1269.992533171648
l2_main,L2,main,excel,118,228,1275.2942057431567
l2_main,L2,main,excel,119,229,1186.2060296294799
l2_main,L2,main,excel,120,230,1270.8793163275336
l2_main,L2,main,excel,121,231,1260.7833987015958
l2_main,L2,main,excel,122,232,1279.5558767791924
l2_main,L2,main,excel,123,233,1239.691169868745
l2_main,L2,main,excel,124,234,1240.4898037549144
l2_main,L2,main,excel,125,235,1217.9801312643365
l2_main,L2,main,excel,126,236,1326.9581581613236
l2_main,L2,main,excel,127,237,1214.2980115961223
l2_main,L2,main,excel,128,238,1301.4841995424463
l2_main,L2,main,excel,129,239,1378.3374682996996
l2_main,L2,main,excel,130,240,1215.137400091185
l2_main,L2,main,excel,131,241,1268.3780962314595
l2_main,L2,main,excel,132,242,1301.5546202799749
l2_main,L2,main,excel,133,243,1228.504371231728
l2_main,L2,main,excel,134,244,1504.32303442773
l2_main,L2,main,excel,135,245,1276.147400530739
l2_main,L2,main,excel,136,246,1229.8236921040905
l2_main,L2,main,excel,137,247,1208.8474317468285
l2_main,L2,main,excel,138,248,1257.1861371261696
l2_main,L2,main,excel,139,249,1278.5304561957353
l2_main,L2,main,excel,140,250,1214.8599957667607
l2_main,L2,main,excel,141,251,1263.8822563274393
l2_main,L2,main,excel,142,252,1331.4982060499644
l2_main,L2,main,excel,143,253,1422.0158453876704
l2_main,L2,main,excel,144,254,1217.7418027554334
l2_main,L2,main,excel,145,255,1316.5991165288865
l2_main,L2,main,excel,146,256,1312.970479301423
l2_main,L2,main,excel,147,257,1348.8706865317124
l2_main,L2,main,excel,148,258,1238.1725729529062
l2_main,L2,main,excel,149,259,1254.666660398585
l2_main,L2,main,excel,150,260,1290.049078993706
l2_main,L2,main,excel,151,261,1288.5209972131167
l2_main,L2,main,excel,152,262,1288.4834998477618
l2_main,L2,main,excel,153,263,1245.944654000943
l2_main,L2,main,excel,154,264,1188.9288040237689
l2_main,L2,main,excel,155,265,1241.1453733525389
l2_main,L2,main,excel,156,266,1286.284030340322
l2_main,L2,main,excel,157,267,1275.106788121263
l2_main,L2,main,excel,158,268,1330.8338461492162
l2_main,L2,main,excel,159,269,1221.9467563818653
l2_main,L2,main,excel,160,270,1285.8501262784125
l2_main,L2,main,excel,161,271,1244.3281400460871
l2_main,L2,main,excel,162,272,1269.7229073538558
l2_main,L2,main,excel,163,273,1373.9455195592561
l2_main,L2,main,excel,164,274,1354.5102198772602
l2_main,L2,main,excel,165,275,1223.4051629911971
l2_main,L2,main,excel,166,276,1216.9461799459668
l2_main,L2,main,excel,167,277,1298.9247739909922
l2_main,L2,main,excel,168,278,1907.6677787305334
l2_main,L2,main,excel,169,279,1428.0607771539012
l2_main,L2,main,excel,170,280,1350.3847013670038
l2_main,L2,main,excel,171,281,1344.6028530240508
l2_main,L2,main,excel,172,282,1272.6186171142838
l2_main,L2,main,excel,173,283,1188.1185549483785
l2_main,L2,main,excel,174,284,1305.0987710529241
l2_main,L2,main,excel,175,285,1304.4784972889963
l2_main,L2,main,excel,176,286,1313.9148816797094
l2_main,L2,main,excel,177,287,1405.2626058413925
l2_main,L2,main,excel,178,288,1190.5168459879972
l2_main,L2,main,excel,179,289,1245.565390728073
l2_main,L2,main,excel,180,290,1309.6332256466094
l2_main,L2,main,excel,181,291,1212.7747682262648
l2_main,L2,main,excel,182,292,1283.0735142417075
l2_main,L2,main,excel,183,293,1274.098909564338
l2_main,L2,main,excel,184,294,1240.3647812807794
l2_main,L2,main,excel,185,295,1219.708455621536
l2_main,L2,main,excel,186,296,1218.7959274318714
l2_main,L2,main,excel,187,297,1297.9704237256487
l2_main,L2,main,excel,188,298,1217.722472133126
l2_main,L2,main,excel,189,299,1322.2884224161926
l2_main,L2,main,excel,190,300,1230.926172108592
l2_main,L2,main,excel,191,301,1304.429368216251
l2_main,L2,main,excel,192,302,1272.4620192043587
l2_main,L2,main,excel,193,303,1451.4047293051208
l2_main,L2,main,excel,194,304,1224.3385484156847
l2_main,L2,main,excel,195,305,1231.656559468437
l2_main,L2,main,excel,196,306,1350.31631257831
l2_main,L2,main,excel,197,307,1180.1178125738757
l2_main,L2,main,excel,198,308,1280.4193488906467
l2_main,L2,main,excel,199,309,1338.2198758589661
l2_main,L2,main,excel,200,310,1246.8178911497635
l2_main,L2,main,validation,1,41001,1307.2268986610904
l2_main,L2,main,validation,2,41002,1303.3484175124029
l2_main,L2,main,validation,3,41003,1285.496847428629
l2_main,L2,main,validation,4,41004,1267.2076218064185
l2_main,L2,main,validation,5,41005,1242.1248308971205
l2_main,L2,main,validation,6,41006,1241.7115262733728
l2_main,L2,main,validation,7,41007,1198.1472245097955
l2_main,L2,main,validation,8,41008,1325.2288104757183
l2_main,L2,main,validation,9,41009,1222.0517396433265
l2_main,L2,main,validation,10,41010,1217.3573802650067
l2_main,L2,main,validation,11,41011,1275.5737039048984
l2_main,L2,main,validation,12,41012,1209.6656024616432
l2_main,L2,main,validation,13,41013,1234.724970061318
l2_main,L2,main,validation,14,41014,1296.7813190515292
l2_main,L2,main,validation,15,41015,1301.3045684456108
l2_main,L2,main,validation,16,41016,1310.5661433671326
l2_main,L2,main,validation,17,41017,1271.130250087746
l2_main,L2,main,validation,18,41018,1350.981695352371
l2_main,L2,main,validation,19,41019,1326.6649901308936
l2_main,L2,main,validation,20,41020,1201.1967750016292
l2_main,L2,main,validation,21,41021,1237.2846496341244
l2_main,L2,main,validation,22,41022,1313.2670185302115
l2_main,L2,main,validation,23,41023,1244.3732384273937
l2_main,L2,main,validation,24,41024,1306.778820708139
l2_main,L2,main,validation,25,41025,1376.2050396219279
l2_main,L2,main,validation,26,41026,1973.7964281645259
l2_main,L2,main,validation,27,41027,1243.5024178361907
l2_main,L2,main,validation,28,41028,1210.4710929057076
l2_main,L2,main,validation,29,41029,1263.5920396707174
l2_main,L2,main,validation,30,41030,1296.1699092871174
l2_main,L2,main,validation,31,41031,1252.448796643676
l2_main,L2,main,validation,32,41032,1261.2325963828625
l2_main,L2,main,validation,33,41033,1292.066612240145
l2_main,L2,main,validation,34,41034,1250.9903996193489
l2_main,L2,main,validation,35,41035,1261.367986260291
l2_main,L2,main,validation,36,41036,2108.127852640442
l2_main,L2,main,validation,37,41037,1223.0739111683456
l2_main,L2,main,validation,38,41038,1337.027159352318
l2_main,L2,main,validation,39,41039,1243.429729537679
l2_main,L2,main,validation,40,41040,1289.8214921625117
l2_main,L2,main,validation,41,41041,1272.2865192543911
l2_main,L2,main,validation,42,41042,1214.4665438337317
l2_main,L2,main,validation,43,41043,1209.187270696666
l2_main,L2,main,validation,44,41044,1254.238584420818
l2_main,L2,main,validation,45,41045,1361.7635236791707
l2_main,L2,main,validation,46,41046,1238.6073355643723
l2_main,L2,main,validation,47,41047,1283.9400755022568
l2_main,L2,main,validation,48,41048,1272.4618810368513
l2_main,L2,main,validation,49,41049,1418.251320935519
l2_main,L2,main,validation,50,41050,1197.3340869352774
l2_main,L2,main,validation,51,41051,1269.9128462569015
l2_main,L2,main,validation,52,41052,1329.9765773551158
l2_main,L2,main,validation,53,41053,1224.7412371125824
l2_main,L2,main,validation,54,41054,1247.1298250835503
l2_main,L2,main,validation,55,41055,1270.9420498911622
l2_main,L2,main,validation,56,41056,1269.1487596280494
l2_main,L2,main,validation,57,41057,1289.2834699384762
l2_main,L2,main,validation,58,41058,1246.0954206186234
l2_main,L2,main,validation,59,41059,1288.9133229294378
l2_main,L2,main,validation,60,41060,1244.8742030305702
l2_main,L2,main,validation,61,41061,1277.8335007324351
l2_main,L2,main,validation,62,41062,1321.8838511750982
l2_main,L2,main,validation,63,41063,1315.1951179040436
l2_main,L2,main,validation,64,41064,1555.5129742987071
l2_main,L2,main,validation,65,41065,1217.9861198726046
l2_main,L2,main,validation,66,41066,1182.4957315194156
l2_main,L2,main,validation,67,41067,1486.5131547902374
l2_main,L2,main,validation,68,41068,1240.9945968603251
l2_main,L2,main,validation,69,41069,1244.958523047436
l2_main,L2,main,validation,70,41070,1301.7682089160244
l2_main,L2,main,validation,71,41071,1623.3718863674144
l2_main,L2,main,validation,72,41072,1236.6636274698633
l2_main,L2,main,validation,73,41073,1788.6742059520354
l2_main,L2,main,validation,74,41074,1289.0714653465366
l2_main,L2,main,validation,75,41075,1245.5373040977395
l2_main,L2,main,validation,76,41076,1226.6843476930612
l2_main,L2,main,validation,77,41077,1261.2508911418374
l2_main,L2,main,validation,78,41078,1209.9540209026447
l2_main,L2,main,validation,79,41079,1251.7487152152305
l2_main,L2,main,validation,80,41080,1401.7073129616958
l2_main,L2,main,validation,81,41081,1273.6211547148957
l2_main,L2,main,validation,82,41082,1266.0696641567733
l2_main,L2,main,validation,83,41083,1178.7093174211313
l2_main,L2,main,validation,84,41084,1214.801466937643
l2_main,L2,main,validation,85,41085,1252.8902571042568
l2_main,L2,main,validation,86,41086,1262.098584986723
l2_main,L2,main,validation,87,41087,1231.7106161717586
l2_main,L2,main,validation,88,41088,1196.9867767793908
l2_main,L2,main,validation,89,41089,1289.2815474188294
l2_main,L2,main,validation,90,41090,1303.3545072306429
l2_main,L2,main,validation,91,41091,1214.3793668378826
l2_main,L2,main,validation,92,41092,1281.181231960868
l2_main,L2,main,validation,93,41093,1272.585768763144
l2_main,L2,main,validation,94,41094,1232.4366540258504
l2_main,L2,main,validation,95,41095,1233.9661251350449
l2_main,L2,main,validation,96,41096,1209.4493443719107
l2_main,L2,main,validation,97,41097,1173.3100940534075
l2_main,L2,main,validation,98,41098,1250.8993034508142
l2_main,L2,main,validation,99,41099,1240.859479307476
l2_main,L2,main,validation,100,41100,1437.7480438874945
l2_main,L2,main,validation,101,41101,1237.303355902173
l2_main,L2,main,validation,102,41102,1282.7602081843702
l2_main,L2,main,validation,103,41103,1242.190983921815
l2_main,L2,main,validation,104,41104,1670.9173392064088
l2_main,L2,main,validation,105,41105,1228.831541046003
l2_main,L2,main,validation,106,41106,1285.0566078141908
l2_main,L2,main,validation,107,41107,1320.3885333193903
l2_main,L2,main,validation,108,41108,1257.230655699991
l2_main,L2,main,validation,109,41109,1659.8370698079623
l2_main,L2,main,validation,110,41110,1229.7926481696436
l2_main,L2,main,validation,111,41111,1260.9570817098884
l2_main,L2,main,validation,112,41112,1238.0771458288507
l2_main,L2,main,validation,113,41113,1256.5036554427122
l2_main,L2,main,validation,114,41114,1754.0975726421632
l2_main,L2,main,validation,115,41115,1241.3172786228117
l2_main,L2,main,validation,116,41116,1259.839399832222
l2_main,L2,main,validation,117,41117,1210.1611058642636
l2_main,L2,main,validation,118,41118,1279.6437094770586
l2_main,L2,main,validation,119,41119,1262.8387627752932
l2_main,L2,main,validation,120,41120,1401.3589159299004
l2_main,L2,main,validation,121,41121,1327.5054671302892
l2_main,L2,main,validation,122,41122,1266.7653684409393
l2_main,L2,main,validation,123,41123,1247.928099848971
l2_main,L2,main,validation,124,41124,1186.453968054982
l2_main,L2,main,validation,125,41125,1195.338118647325
l2_main,L2,main,validation,126,41126,1223.4035742977726
l2_main,L2,main,validation,127,41127,1286.0688092454768
l2_main,L2,main,validation,128,41128,1320.2946427061293
l2_main,L2,main,validation,129,41129,1295.9997665747233
l2_main,L2,main,validation,130,41130,1254.850403845979
l2_main,L2,main,validation,131,41131,1309.4654586006347
l2_main,L2,main,validation,132,41132,1264.8061107629082
l2_main,L2,main,validation,133,41133,1321.3220765794076
l2_main,L2,main,validation,134,41134,1268.6263235294462
l2_main,L2,main,validation,135,41135,1225.0248136724613
l2_main,L2,main,validation,136,41136,1202.2691702137708
l2_main,L2,main,validation,137,41137,1271.1952704232765
l2_main,L2,main,validation,138,41138,1437.785644911726
l2_main,L2,main,validation,139,41139,1300.9005854021595
l2_main,L2,main,validation,140,41140,1236.530760564245
l2_main,L2,main,validation,141,41141,1321.1566960209166
l2_main,L2,main,validation,142,41142,1252.5271027642036
l2_main,L2,main,validation,143,41143,1317.664591016501
l2_main,L2,main,validation,144,41144,1213.4929715257276
l2_main,L2,main,validation,145,41145,1250.3798959508295
l2_main,L2,main,validation,146,41146,3448.1408062376645
l2_main,L2,main,validation,147,41147,1237.5103907532525
l2_main,L2,main,validation,148,41148,1172.5247896752803
l2_main,L2,main,validation,149,41149,1256.668271971645
l2_main,L2,main,validation,150,41150,1271.1816714523386
l2_main,L2,main,validation,151,41151,1286.6623331826338
l2_main,L2,main,validation,152,41152,1354.7280189440514
l2_main,L2,main,validation,153,41153,1267.6348088031011
l2_main,L2,main,validation,154,41154,1285.922053307374
l2_main,L2,main,validation,155,41155,1273.0704783899234
l2_main,L2,main,validation,156,41156,1240.1255072633255
l2_main,L2,main,validation,157,41157,1605.4080383049009
l2_main,L2,main,validation,158,41158,1244.3831550355371
l2_main,L2,main,validation,159,41159,1319.8499002547244
l2_main,L2,main,validation,160,41160,1257.9201736231819
l2_main,L2,main,validation,161,41161,1215.9597132232743
l2_main,L2,main,validation,162,41162,1265.1329728736725
l2_main,L2,main,validation,163,41163,1494.2962435527959
l2_main,L2,main,validation,164,41164,1275.2321572360381
l2_main,L2,main,validation,165,41165,1196.9750379292698
l2_main,L2,main,validation,166,41166,1292.4422638696208
l2_main,L2,main,validation,167,41167,1274.8207989400155
l2_main,L2,main,validation,168,41168,1254.8954928884496
l2_main,L2,main,validation,169,41169,1555.9754370103863
l2_main,L2,main,validation,170,41170,1205.369789793611
l2_main,L2,main,validation,171,41171,1244.657350123799
l2_main,L2,main,validation,172,41172,1252.2178367946021
l2_main,L2,main,validation,173,41173,1250.7263828104228
l2_main,L2,main,validation,174,41174,1275.6282189312792
l2_main,L2,main,validation,175,41175,1238.3030139834814
l2_main,L2,main,validation,176,41176,1229.6294446211107
l2_main,L2,main,validation,177,41177,1204.680390238169
l2_main,L2,main,validation,178,41178,1304.7147231828235
l2_main,L2,main,validation,179,41179,1267.2877107093868
l2_main,L2,main,validation,180,41180,1229.2512955644272
l2_main,L2,main,validation,181,41181,1194.2831997392486
l2_main,L2,main,validation,182,41182,1202.825435395237
l2_main,L2,main,validation,183,41183,1313.0058595765113
l2_main,L2,main,validation,184,41184,1264.9030031877612
l2_main,L2,main,validation,185,41185,1222.831772284391
l2_main,L2,main,validation,186,41186,1262.3395980366395
l2_main,L2,main,validation,187,41187,1301.3728917977141
l2_main,L2,main,validation,188,41188,1245.1961049073464
l2_main,L2,main,validation,189,41189,1281.3976046926814
l2_main,L2,main,validation,190,41190,1297.1051370205787
l2_main,L2,main,validation,191,41191,1403.8507956689355
l2_main,L2,main,validation,192,41192,1260.2581503677966
l2_main,L2,main,validation,193,41193,1378.8921678235365
l2_main,L2,main,validation,194,41194,1204.8494618312573
l2_main,L2,main,validation,195,41195,1261.3718895440816
l2_main,L2,main,validation,196,41196,1219.1589112052575
l2_main,L2,main,validation,197,41197,1292.9726406319721
l2_main,L2,main,validation,198,41198,1258.3956739089092
l2_main,L2,main,validation,199,41199,1287.7959168098919
l2_main,L2,main,validation,200,41200,1346.6487558132178
l2_main,L2,main,fresh,1,51001,1260.7206902316932
l2_main,L2,main,fresh,2,51002,1201.4414473286765
l2_main,L2,main,fresh,3,51003,1375.2790752125832
l2_main,L2,main,fresh,4,51004,1243.5016571993588
l2_main,L2,main,fresh,5,51005,1297.3712359964
l2_main,L2,main,fresh,6,51006,1267.7958776886173
l2_main,L2,main,fresh,7,51007,1246.6074472326745
l2_main,L2,main,fresh,8,51008,1230.4519909505907
l2_main,L2,main,fresh,9,51009,1214.4442242007835
l2_main,L2,main,fresh,10,51010,1201.1292289220903
l2_main,L2,main,fresh,11,51011,1295.61315902699
l2_main,L2,main,fresh,12,51012,1340.631037569932
l2_main,L2,main,fresh,13,51013,1174.6584353940123
l2_main,L2,main,fresh,14,51014,1258.3223526477125
l2_main,L2,main,fresh,15,51015,1236.0844229813433
l2_main,L2,main,fresh,16,51016,1249.2268414102352
l2_main,L2,main,fresh,17,51017,1313.723585075721
l2_main,L2,main,fresh,18,51018,1338.1665150839988
l2_main,L2,main,fresh,19,51019,1278.4502819235713
l2_main,L2,main,fresh,20,51020,1286.728659401189
l2_main,L2,main,fresh,21,51021,1305.0513311761936
l2_main,L2,main,fresh,22,51022,1228.8296316922936
l2_main,L2,main,fresh,23,51023,1294.2272239056244
l2_main,L2,main,fresh,24,51024,1236.534766123127
l2_main,L2,main,fresh,25,51025,1255.386999444976
l2_main,L2,main,fresh,26,51026,1300.9712087302107
l2_main,L2,main,fresh,27,51027,1277.5123199338548
l2_main,L2,main,fresh,28,51028,1247.5537991729723
l2_main,L2,main,fresh,29,51029,1261.1420979197412
l2_main,L2,main,fresh,30,51030,1251.5411240383787
l2_main,L2,main,fresh,31,51031,1284.513272244968
l2_main,L2,main,fresh,32,51032,1488.9816160401056
l2_main,L2,main,fresh,33,51033,1306.5222666221482
l2_main,L2,main,fresh,34,51034,1246.5842751826758
l2_main,L2,main,fresh,35,51035,1273.3527170998616
l2_main,L2,main,fresh,36,51036,1267.002574799923
l2_main,L2,main,fresh,37,51037,1336.02098808279
l2_main,L2,main,fresh,38,51038,1268.2892385029604
l2_main,L2,main,fresh,39,51039,1238.5809047928867
l2_main,L2,main,fresh,40,51040,1210.0527139668595
l2_main,L2,main,fresh,41,51041,1315.1861714274462
l2_main,L2,main,fresh,42,51042,1252.959762636673
l2_main,L2,main,fresh,43,51043,1321.8089825339791
l2_main,L2,main,fresh,44,51044,1235.4590684572752
l2_main,L2,main,fresh,45,51045,1206.4452989645329
l2_main,L2,main,fresh,46,51046,1291.7865966644342
l2_main,L2,main,fresh,47,51047,1239.5038718799578
l2_main,L2,main,fresh,48,51048,1215.8108481149775
l2_main,L2,main,fresh,49,51049,1271.8185809290017
l2_main,L2,main,fresh,50,51050,1268.6609448663976
l2_main,L2,main,fresh,51,51051,1220.6960273615325
l2_main,L2,main,fresh,52,51052,1226.8311542682347
l2_main,L2,main,fresh,53,51053,1330.7646158566724
l2_main,L2,main,fresh,54,51054,1825.5209313525897
l2_main,L2,main,fresh,55,51055,1308.724243716663
l2_main,L2,main,fresh,56,51056,1239.4572303597874
l2_main,L2,main,fresh,57,51057,1205.212164828745
l2_main,L2,main,fresh,58,51058,1277.0398316299595
l2_main,L2,main,fresh,59,51059,1231.0609195193617
l2_main,L2,main,fresh,60,51060,1215.685003610522
l2_main,L2,main,fresh,61,51061,1241.5022573000883
l2_main,L2,main,fresh,62,51062,1387.9861984824786
l2_main,L2,main,fresh,63,51063,1285.5361729244696
l2_main,L2,main,fresh,64,51064,1174.7091743943943
l2_main,L2,main,fresh,65,51065,1301.69647094413
l2_main,L2,main,fresh,66,51066,1249.253088408151
l2_main,L2,main,fresh,67,51067,1307.5278866509539
l2_main,L2,main,fresh,68,51068,1235.9620350989926
l2_main,L2,main,fresh,69,51069,1239.2359391714792
l2_main,L2,main,fresh,70,51070,1222.6940041513697
l2_main,L2,main,fresh,71,51071,1241.5714181162102
l2_main,L2,main,fresh,72,51072,1272.1962916713126
l2_main,L2,main,fresh,73,51073,1252.6811783346445
l2_main,L2,main,fresh,74,51074,1253.0370192328799
l2_main,L2,main,fresh,75,51075,1697.883202977683
l2_main,L2,main,fresh,76,51076,2114.2103569675564
l2_main,L2,main,fresh,77,51077,1278.9173088110558
l2_main,L2,main,fresh,78,51078,1314.5730747307248
l2_main,L2,main,fresh,79,51079,1627.7766697806555
l2_main,L2,main,fresh,80,51080,1319.6778286233227
l2_main,L2,main,fresh,81,51081,1204.1621769183466
l2_main,L2,main,fresh,82,51082,1334.6344613851034
l2_main,L2,main,fresh,83,51083,1277.475318056587
l2_main,L2,main,fresh,84,51084,1282.298852103003
l2_main,L2,main,fresh,85,51085,1298.5432050779402
l2_main,L2,main,fresh,86,51086,1273.531367779542
l2_main,L2,main,fresh,87,51087,1251.095806634974
l2_main,L2,main,fresh,88,51088,1273.0520062990113
l2_main,L2,main,fresh,89,51089,1280.8272699919928
l2_main,L2,main,fresh,90,51090,1533.329585730463
l2_main,L2,main,fresh,91,51091,2165.2523675519615
l2_main,L2,main,fresh,92,51092,1266.1651141255597
l2_main,L2,main,fresh,93,51093,1820.1839644015529
l2_main,L2,main,fresh,94,51094,1241.226374059946
l2_main,L2,main,fresh,95,51095,1319.1213238195894
l2_main,L2,main,fresh,96,51096,1227.8630217239595
l2_main,L2,main,fresh,97,51097,1252.8987799222812
l2_main,L2,main,fresh,98,51098,1207.0288842731916
l2_main,L2,main,fresh,99,51099,1194.677787327989
l2_main,L2,main,fresh,100,51100,1303.2103579940374
l2_main,L2,main,fresh,101,51101,1281.4084379135788
l2_main,L2,main,fresh,102,51102,1223.2050240525614
l2_main,L2,main,fresh,103,51103,1307.5319176152686
l2_main,L2,main,fresh,104,51104,1276.7404091136084
l2_main,L2,main,fresh,105,51105,1242.002134210762
l2_main,L2,main,fresh,106,51106,1328.610623458035
l2_main,L2,main,fresh,107,51107,1299.187723645605
l2_main,L2,main,fresh,108,51108,1209.4825978475699
l2_main,L2,main,fresh,109,51109,1209.1701872389954
l2_main,L2,main,fresh,110,51110,1242.9714178081888
l2_main,L2,main,fresh,111,51111,1280.4977005932446
l2_main,L2,main,fresh,112,51112,1623.6543005896815
l2_main,L2,main,fresh,113,51113,1303.0555237538745
l2_main,L2,main,fresh,114,51114,1234.8059058714557
l2_main,L2,main,fresh,115,51115,1210.3951928306774
l2_main,L2,main,fresh,116,51116,1183.5492143243384
l2_main,L2,main,fresh,117,51117,1243.2171368093796
l2_main,L2,main,fresh,118,51118,1237.6008922698584
l2_main,L2,main,fresh,119,51119,1277.7946091889648
l2_main,L2,main,fresh,120,51120,1246.486406358101
l2_main,L2,main,fresh,121,51121,1243.991440618797
l2_main,L2,main,fresh,122,51122,1298.3273170454036
l2_main,L2,main,fresh,123,51123,1236.5103859162368
l2_main,L2,main,fresh,124,51124,1190.7074920965533
l2_main,L2,main,fresh,125,51125,1290.336621885679
l2_main,L2,main,fresh,126,51126,1230.8287321919195
l2_main,L2,main,fresh,127,51127,1216.7637286565875
l2_main,L2,main,fresh,128,51128,1341.1210449199734
l2_main,L2,main,fresh,129,51129,1247.7237028807046
l2_main,L2,main,fresh,130,51130,1291.1670353089735
l2_main,L2,main,fresh,131,51131,1223.220929871288
l2_main,L2,main,fresh,132,51132,1347.5922959979478
l2_main,L2,main,fresh,133,51133,1265.4762247790152
l2_main,L2,main,fresh,134,51134,1237.4313675739272
l2_main,L2,main,fresh,135,51135,1267.9676301084178
l2_main,L2,main,fresh,136,51136,1260.3132759785587
l2_main,L2,main,fresh,137,51137,1275.8214148052673
l2_main,L2,main,fresh,138,51138,1284.6488807277603
l2_main,L2,main,fresh,139,51139,1574.1310829386016
l2_main,L2,main,fresh,140,51140,1273.2134633193764
l2_main,L2,main,fresh,141,51141,2770.9249796989625
l2_main,L2,main,fresh,142,51142,1252.4652911107173
l2_main,L2,main,fresh,143,51143,1266.7019831532843
l2_main,L2,main,fresh,144,51144,1449.4679602916779
l2_main,L2,main,fresh,145,51145,1279.236987437151
l2_main,L2,main,fresh,146,51146,1340.4959286637823
l2_main,L2,main,fresh,147,51147,1263.9116977856038
l2_main,L2,main,fresh,148,51148,1256.6815322265659
l2_main,L2,main,fresh,149,51149,1245.1887012904049
l2_main,L2,main,fresh,150,51150,1235.0038605084328
l2_main,L2,main,fresh,151,51151,1273.9649260218232
l2_main,L2,main,fresh,152,51152,1271.6366698801319
l2_main,L2,main,fresh,153,51153,1603.276567597649
l2_main,L2,main,fresh,154,51154,1207.484754152561
l2_main,L2,main,fresh,155,51155,1294.543513580117
l2_main,L2,main,fresh,156,51156,1326.0595513571923
l2_main,L2,main,fresh,157,51157,1259.407095626282
l2_main,L2,main,fresh,158,51158,1288.045817623956
l2_main,L2,main,fresh,159,51159,1172.1290354954663
l2_main,L2,main,fresh,160,51160,1231.7137266235293
l2_main,L2,main,fresh,161,51161,1264.68226173842
l2_main,L2,main,fresh,162,51162,1324.5874440177647
l2_main,L2,main,fresh,163,51163,1201.3757845018943
l2_main,L2,main,fresh,164,51164,1416.9161238748356
l2_main,L2,main,fresh,165,51165,1232.4117690528233
l2_main,L2,main,fresh,166,51166,1355.1725823176016
l2_main,L2,main,fresh,167,51167,1264.601175022488
l2_main,L2,main,fresh,168,51168,1333.4740970245646
l2_main,L2,main,fresh,169,51169,1362.0054608819391
l2_main,L2,main,fresh,170,51170,1282.9539634600812
l2_main,L2,main,fresh,171,51171,1300.9377276433115
l2_main,L2,main,fresh,172,51172,1378.0869760465655
l2_main,L2,main,fresh,173,51173,1239.9699549373736
l2_main,L2,main,fresh,174,51174,1310.6228016582977
l2_main,L2,main,fresh,175,51175,1275.3883407657927
l2_main,L2,main,fresh,176,51176,1301.1696041273397
l2_main,L2,main,fresh,177,51177,1325.293145448908
l2_main,L2,main,fresh,178,51178,1262.162261808764
l2_main,L2,main,fresh,179,51179,1274.104810244095
l2_main,L2,main,fresh,180,51180,1317.2866942661526
l2_main,L2,main,fresh,181,51181,1244.894012824575
l2_main,L2,main,fresh,182,51182,1307.8902131750635
l2_main,L2,main,fresh,183,51183,1241.2589636457496
l2_main,L2,main,fresh,184,51184,1313.6162111841318
l2_main,L2,main,fresh,185,51185,1191.9445064752522
l2_main,L2,main,fresh,186,51186,1289.0799016904625
l2_main,L2,main,fresh,187,51187,1285.9479828376948
l2_main,L2,main,fresh,188,51188,1231.2107669651496
l2_main,L2,main,fresh,189,51189,1262.7772159404137
l2_main,L2,main,fresh,190,51190,1224.9317437503494
l2_main,L2,main,fresh,191,51191,1273.1899062213438
l2_main,L2,main,fresh,192,51192,1253.3323352507418
l2_main,L2,main,fresh,193,51193,1299.281394500107
l2_main,L2,main,fresh,194,51194,1217.0881504391666
l2_main,L2,main,fresh,195,51195,1230.251408857936
l2_main,L2,main,fresh,196,51196,1282.7986589297943
l2_main,L2,main,fresh,197,51197,1266.8793379105994
l2_main,L2,main,fresh,198,51198,1232.143201637087
l2_main,L2,main,fresh,199,51199,1250.2072724232735
l2_main,L2,main,fresh,200,51200,1356.712660622997
l2_repeat_01,L2,stability,excel,1,111,1987.9235506879293
l2_repeat_01,L2,stability,excel,2,112,1232.7563485324065
l2_repeat_01,L2,stability,excel,3,113,1175.7488284905899
l2_repeat_01,L2,stability,excel,4,114,1271.7012227808543
l2_repeat_01,L2,stability,excel,5,115,1664.9623199541722
l2_repeat_01,L2,stability,excel,6,116,1564.20173597968
l2_repeat_01,L2,stability,excel,7,117,1684.636371928236
l2_repeat_01,L2,stability,excel,8,118,1253.582717350134
l2_repeat_01,L2,stability,excel,9,119,1285.2036744997802
l2_repeat_01,L2,stability,excel,10,120,1282.2065852218295
l2_repeat_01,L2,stability,excel,11,121,1288.681125953089
l2_repeat_01,L2,stability,excel,12,122,1284.751774760978
l2_repeat_01,L2,stability,excel,13,123,1175.6993168924103
l2_repeat_01,L2,stability,excel,14,124,1212.0963186466454
l2_repeat_01,L2,stability,excel,15,125,1230.0914757839107
l2_repeat_01,L2,stability,excel,16,126,1281.630324603769
l2_repeat_01,L2,stability,excel,17,127,1252.1060901872663
l2_repeat_01,L2,stability,excel,18,128,1251.407766719236
l2_repeat_01,L2,stability,excel,19,129,1290.8031563280617
l2_repeat_01,L2,stability,excel,20,130,1274.7049218542566
l2_repeat_01,L2,stability,excel,21,131,1339.3927259486504
l2_repeat_01,L2,stability,excel,22,132,1293.2375958304426
l2_repeat_01,L2,stability,excel,23,133,1536.1320745597136
l2_repeat_01,L2,stability,excel,24,134,1299.145581804793
l2_repeat_01,L2,stability,excel,25,135,1228.4852842822186
l2_repeat_01,L2,stability,excel,26,136,1318.7760879568784
l2_repeat_01,L2,stability,excel,27,137,1198.675819428731
l2_repeat_01,L2,stability,excel,28,138,1497.1579190199072
l2_repeat_01,L2,stability,excel,29,139,1370.651138417073
l2_repeat_01,L2,stability,excel,30,140,1304.0709461330077
l2_repeat_01,L2,stability,excel,31,141,1254.7196094285484
l2_repeat_01,L2,stability,excel,32,142,1224.6365480890652
l2_repeat_01,L2,stability,excel,33,143,1293.091278910764
l2_repeat_01,L2,stability,excel,34,144,1181.833300779185
l2_repeat_01,L2,stability,excel,35,145,1240.8627027635844
l2_repeat_01,L2,stability,excel,36,146,1164.2097388352051
l2_repeat_01,L2,stability,excel,37,147,1319.8131042020464
l2_repeat_01,L2,stability,excel,38,148,1293.8840222580432
l2_repeat_01,L2,stability,excel,39,149,4285.734429516991
l2_repeat_01,L2,stability,excel,40,150,1255.6890734511646
l2_repeat_01,L2,stability,excel,41,151,1198.2392136099088
l2_repeat_01,L2,stability,excel,42,152,1305.0876448728882
l2_repeat_01,L2,stability,excel,43,153,1262.3725951867054
l2_repeat_01,L2,stability,excel,44,154,1262.083253509398
l2_repeat_01,L2,stability,excel,45,155,1278.018664778814
l2_repeat_01,L2,stability,excel,46,156,1249.7861193377323
l2_repeat_01,L2,stability,excel,47,157,1474.9868449817595
l2_repeat_01,L2,stability,excel,48,158,1246.272738353656
l2_repeat_01,L2,stability,excel,49,159,1660.5767347978415
l2_repeat_01,L2,stability,excel,50,160,1404.958935843684
l2_repeat_01,L2,stability,excel,51,161,1167.8172902026652
l2_repeat_01,L2,stability,excel,52,162,1269.4563693954703
l2_repeat_01,L2,stability,excel,53,163,1236.9648803251926
l2_repeat_01,L2,stability,excel,54,164,1237.3280988293811
l2_repeat_01,L2,stability,excel,55,165,3012.2439282501546
l2_repeat_01,L2,stability,excel,56,166,1213.0045618637855
l2_repeat_01,L2,stability,excel,57,167,1252.9134338667768
l2_repeat_01,L2,stability,excel,58,168,1294.1984615869223
l2_repeat_01,L2,stability,excel,59,169,1268.9769877408667
l2_repeat_01,L2,stability,excel,60,170,1197.1825615573116
l2_repeat_01,L2,stability,excel,61,171,1226.7167440633807
l2_repeat_01,L2,stability,excel,62,172,1250.8371967135786
l2_repeat_01,L2,stability,excel,63,173,1232.1674205420675
l2_repeat_01,L2,stability,excel,64,174,1285.7682517928959
l2_repeat_01,L2,stability,excel,65,175,1218.044325994079
l2_repeat_01,L2,stability,excel,66,176,1257.3544993465255
l2_repeat_01,L2,stability,excel,67,177,1212.412787420062
l2_repeat_01,L2,stability,excel,68,178,1781.976574295606
l2_repeat_01,L2,stability,excel,69,179,1236.6625118116012
l2_repeat_01,L2,stability,excel,70,180,1183.629355147106
l2_repeat_01,L2,stability,excel,71,181,1281.491341063712
l2_repeat_01,L2,stability,excel,72,182,1210.324245210959
l2_repeat_01,L2,stability,excel,73,183,1259.377192689266
l2_repeat_01,L2,stability,excel,74,184,1264.2027465432182
l2_repeat_01,L2,stability,excel,75,185,1206.1144469924893
l2_repeat_01,L2,stability,excel,76,186,1172.2746708419477
l2_repeat_01,L2,stability,excel,77,187,1195.3866902954042
l2_repeat_01,L2,stability,excel,78,188,1293.8978062693006
l2_repeat_01,L2,stability,excel,79,189,1194.5409670920942
l2_repeat_01,L2,stability,excel,80,190,1256.6431025756463
l2_repeat_01,L2,stability,excel,81,191,1264.8159156757877
l2_repeat_01,L2,stability,excel,82,192,1222.532220460516
l2_repeat_01,L2,stability,excel,83,193,1194.6252096692374
l2_repeat_01,L2,stability,excel,84,194,1238.0372902046038
l2_repeat_01,L2,stability,excel,85,195,1243.44077787479
l2_repeat_01,L2,stability,excel,86,196,1224.47291249375
l2_repeat_01,L2,stability,excel,87,197,1337.429094940117
l2_repeat_01,L2,stability,excel,88,198,1257.52580707794
l2_repeat_01,L2,stability,excel,89,199,1198.066946822272
l2_repeat_01,L2,stability,excel,90,200,2097.466537566614
l2_repeat_01,L2,stability,excel,91,201,1274.5478377691975
l2_repeat_01,L2,stability,excel,92,202,2034.518766300033
l2_repeat_01,L2,stability,excel,93,203,1149.3485995934793
l2_repeat_01,L2,stability,excel,94,204,1262.339419377198
l2_repeat_01,L2,stability,excel,95,205,2825.401529814888
l2_repeat_01,L2,stability,excel,96,206,1181.8461415177585
l2_repeat_01,L2,stability,excel,97,207,1234.5176175847712
l2_repeat_01,L2,stability,excel,98,208,1263.3090198889204
l2_repeat_01,L2,stability,excel,99,209,1179.248268549839
l2_repeat_01,L2,stability,excel,100,210,1208.6437820533633
l2_repeat_01,L2,stability,excel,101,211,1195.9206782128035
l2_repeat_01,L2,stability,excel,102,212,1335.1358380100964
l2_repeat_01,L2,stability,excel,103,213,1373.8152298841098
l2_repeat_01,L2,stability,excel,104,214,1270.4837552712186
l2_repeat_01,L2,stability,excel,105,215,1263.4030408339247
l2_repeat_01,L2,stability,excel,106,216,1387.1113851689256
l2_repeat_01,L2,stability,excel,107,217,1171.4385154634458
l2_repeat_01,L2,stability,excel,108,218,1262.4601688552139
l2_repeat_01,L2,stability,excel,109,219,1396.7261366567343
l2_repeat_01,L2,stability,excel,110,220,1214.6121017464625
l2_repeat_01,L2,stability,excel,111,221,1225.1642193173996
l2_repeat_01,L2,stability,excel,112,222,1227.1170024506878
l2_repeat_01,L2,stability,excel,113,223,1285.5470279738074
l2_repeat_01,L2,stability,excel,114,224,1212.0921120751152
l2_repeat_01,L2,stability,excel,115,225,1185.0533675191639
l2_repeat_01,L2,stability,excel,116,226,1177.769178723262
l2_repeat_01,L2,stability,excel,117,227,1358.5560167939198
l2_repeat_01,L2,stability,excel,118,228,1231.0856077059702
l2_repeat_01,L2,stability,excel,119,229,1182.233349611605
l2_repeat_01,L2,stability,excel,120,230,1263.268197901142
l2_repeat_01,L2,stability,excel,121,231,1247.6262464275087
l2_repeat_01,L2,stability,excel,122,232,1234.0086542088438
l2_repeat_01,L2,stability,excel,123,233,1233.5130449332837
l2_repeat_01,L2,stability,excel,124,234,1248.7322963943643
l2_repeat_01,L2,stability,excel,125,235,1197.5073655416563
l2_repeat_01,L2,stability,excel,126,236,1314.8452004690396
l2_repeat_01,L2,stability,excel,127,237,1181.4011098223095
l2_repeat_01,L2,stability,excel,128,238,1307.189662349959
l2_repeat_01,L2,stability,excel,129,239,1352.787034142047
l2_repeat_01,L2,stability,excel,130,240,1201.839078333244
l2_repeat_01,L2,stability,excel,131,241,1252.1377429988438
l2_repeat_01,L2,stability,excel,132,242,1266.2566803698671
l2_repeat_01,L2,stability,excel,133,243,1213.6565795662668
l2_repeat_01,L2,stability,excel,134,244,1744.111442227397
l2_repeat_01,L2,stability,excel,135,245,1284.6519148582968
l2_repeat_01,L2,stability,excel,136,246,1217.7467913028925
l2_repeat_01,L2,stability,excel,137,247,1180.64820573021
l2_repeat_01,L2,stability,excel,138,248,1260.0433907934118
l2_repeat_01,L2,stability,excel,139,249,1255.8138049537868
l2_repeat_01,L2,stability,excel,140,250,1180.7770215093835
l2_repeat_01,L2,stability,excel,141,251,1258.2350736312014
l2_repeat_01,L2,stability,excel,142,252,1345.3880192112208
l2_repeat_01,L2,stability,excel,143,253,1471.6949444230436
l2_repeat_01,L2,stability,excel,144,254,1175.6251201187072
l2_repeat_01,L2,stability,excel,145,255,1302.7030118221749
l2_repeat_01,L2,stability,excel,146,256,1272.5478434659633
l2_repeat_01,L2,stability,excel,147,257,1342.668895098604
l2_repeat_01,L2,stability,excel,148,258,1199.94828259677
l2_repeat_01,L2,stability,excel,149,259,1231.9023808089948
l2_repeat_01,L2,stability,excel,150,260,1259.804716567885
l2_repeat_01,L2,stability,excel,151,261,1257.6844517134928
l2_repeat_01,L2,stability,excel,152,262,1309.5708055831706
l2_repeat_01,L2,stability,excel,153,263,1243.645977422824
l2_repeat_01,L2,stability,excel,154,264,1159.905960933155
l2_repeat_01,L2,stability,excel,155,265,1215.2953317954702
l2_repeat_01,L2,stability,excel,156,266,1305.6672583401828
l2_repeat_01,L2,stability,excel,157,267,1276.5291637154378
l2_repeat_01,L2,stability,excel,158,268,1349.547808644031
l2_repeat_01,L2,stability,excel,159,269,1196.1161197745394
l2_repeat_01,L2,stability,excel,160,270,1250.0631712331674
l2_repeat_01,L2,stability,excel,161,271,1209.292563321561
l2_repeat_01,L2,stability,excel,162,272,1255.2304239196405
l2_repeat_01,L2,stability,excel,163,273,1383.4247684475881
l2_repeat_01,L2,stability,excel,164,274,1325.9887723911756
l2_repeat_01,L2,stability,excel,165,275,1216.3734760935647
l2_repeat_01,L2,stability,excel,166,276,1206.291983381244
l2_repeat_01,L2,stability,excel,167,277,1526.846417556921
l2_repeat_01,L2,stability,excel,168,278,1914.37065741498
l2_repeat_01,L2,stability,excel,169,279,1415.449796577378
l2_repeat_01,L2,stability,excel,170,280,1306.4648186041832
l2_repeat_01,L2,stability,excel,171,281,1280.6566774422113
l2_repeat_01,L2,stability,excel,172,282,1265.5115009917895
l2_repeat_01,L2,stability,excel,173,283,1175.2228628382297
l2_repeat_01,L2,stability,excel,174,284,1287.4987263748635
l2_repeat_01,L2,stability,excel,175,285,1246.2029397053507
l2_repeat_01,L2,stability,excel,176,286,1301.1244255068543
l2_repeat_01,L2,stability,excel,177,287,1448.7147551872745
l2_repeat_01,L2,stability,excel,178,288,1166.8586380621448
l2_repeat_01,L2,stability,excel,179,289,1226.2612064671646
l2_repeat_01,L2,stability,excel,180,290,1261.7220160091056
l2_repeat_01,L2,stability,excel,181,291,1195.4800805758414
l2_repeat_01,L2,stability,excel,182,292,1249.0408163250188
l2_repeat_01,L2,stability,excel,183,293,1278.1962462019383
l2_repeat_01,L2,stability,excel,184,294,1203.3310703252578
l2_repeat_01,L2,stability,excel,185,295,1211.531145087131
l2_repeat_01,L2,stability,excel,186,296,1207.5502368409852
l2_repeat_01,L2,stability,excel,187,297,1272.457122996804
l2_repeat_01,L2,stability,excel,188,298,1199.384416219993
l2_repeat_01,L2,stability,excel,189,299,1322.4403165795557
l2_repeat_01,L2,stability,excel,190,300,1259.965477583045
l2_repeat_01,L2,stability,excel,191,301,1297.0262430272642
l2_repeat_01,L2,stability,excel,192,302,1227.6444699276476
l2_repeat_01,L2,stability,excel,193,303,1474.507890982209
l2_repeat_01,L2,stability,excel,194,304,1218.6349681793672
l2_repeat_01,L2,stability,excel,195,305,1226.2722148950384
l2_repeat_01,L2,stability,excel,196,306,1351.906690034933
l2_repeat_01,L2,stability,excel,197,307,1168.5113328800041
l2_repeat_01,L2,stability,excel,198,308,1243.2424305347467
l2_repeat_01,L2,stability,excel,199,309,1311.7292065245526
l2_repeat_01,L2,stability,excel,200,310,1234.548612943276
l2_repeat_01,L2,stability,validation,1,41001,1343.8844171996377
l2_repeat_01,L2,stability,validation,2,41002,1295.6197306692159
l2_repeat_01,L2,stability,validation,3,41003,1248.4578150730924
l2_repeat_01,L2,stability,validation,4,41004,1268.9364999448317
l2_repeat_01,L2,stability,validation,5,41005,1227.28474349499
l2_repeat_01,L2,stability,validation,6,41006,1224.8931383639208
l2_repeat_01,L2,stability,validation,7,41007,1170.924347005425
l2_repeat_01,L2,stability,validation,8,41008,1292.2499671410615
l2_repeat_01,L2,stability,validation,9,41009,1205.8221171224197
l2_repeat_01,L2,stability,validation,10,41010,1210.1617576992587
l2_repeat_01,L2,stability,validation,11,41011,1260.2225079574519
l2_repeat_01,L2,stability,validation,12,41012,1175.1493001827273
l2_repeat_01,L2,stability,validation,13,41013,1244.8784093039023
l2_repeat_01,L2,stability,validation,14,41014,1308.122748658627
l2_repeat_01,L2,stability,validation,15,41015,1284.217997230687
l2_repeat_01,L2,stability,validation,16,41016,1319.734551488882
l2_repeat_01,L2,stability,validation,17,41017,1257.2928627576512
l2_repeat_01,L2,stability,validation,18,41018,1358.6285474002566
l2_repeat_01,L2,stability,validation,19,41019,1849.2063616018374
l2_repeat_01,L2,stability,validation,20,41020,1169.304579269089
l2_repeat_01,L2,stability,validation,21,41021,1227.1941961223722
l2_repeat_01,L2,stability,validation,22,41022,1492.7087384341687
l2_repeat_01,L2,stability,validation,23,41023,1214.2606195158157
l2_repeat_01,L2,stability,validation,24,41024,1284.183170391759
l2_repeat_01,L2,stability,validation,25,41025,1485.3198775218073
l2_repeat_01,L2,stability,validation,26,41026,2131.394038681251
l2_repeat_01,L2,stability,validation,27,41027,1256.6104126319678
l2_repeat_01,L2,stability,validation,28,41028,1190.1343516128618
l2_repeat_01,L2,stability,validation,29,41029,1241.5235804471213
l2_repeat_01,L2,stability,validation,30,41030,1295.636240044593
l2_repeat_01,L2,stability,validation,31,41031,1203.5656525372465
l2_repeat_01,L2,stability,validation,32,41032,1268.6390622046033
l2_repeat_01,L2,stability,validation,33,41033,1258.49510975961
l2_repeat_01,L2,stability,validation,34,41034,1242.8088554697156
l2_repeat_01,L2,stability,validation,35,41035,1266.2082883598005
l2_repeat_01,L2,stability,validation,36,41036,2498.2817700246596
l2_repeat_01,L2,stability,validation,37,41037,1221.3500107806685
l2_repeat_01,L2,stability,validation,38,41038,2207.396381439025
l2_repeat_01,L2,stability,validation,39,41039,1235.1071762809304
l2_repeat_01,L2,stability,validation,40,41040,1271.0764982863527
l2_repeat_01,L2,stability,validation,41,41041,1204.4341898859211
l2_repeat_01,L2,stability,validation,42,41042,1203.725993788526
l2_repeat_01,L2,stability,validation,43,41043,1178.5140163007843
l2_repeat_01,L2,stability,validation,44,41044,1244.1572771347048
l2_repeat_01,L2,stability,validation,45,41045,1379.0737110529228
l2_repeat_01,L2,stability,validation,46,41046,1235.865704698059
l2_repeat_01,L2,stability,validation,47,41047,1226.8689389033573
l2_repeat_01,L2,stability,validation,48,41048,1254.324299506104
l2_repeat_01,L2,stability,validation,49,41049,1610.712701854662
l2_repeat_01,L2,stability,validation,50,41050,1177.3050939265524
l2_repeat_01,L2,stability,validation,51,41051,1260.6578422641005
l2_repeat_01,L2,stability,validation,52,41052,1317.2060623689074
l2_repeat_01,L2,stability,validation,53,41053,1225.869893823994
l2_repeat_01,L2,stability,validation,54,41054,1238.5365225138873
l2_repeat_01,L2,stability,validation,55,41055,1253.1140620743683
l2_repeat_01,L2,stability,validation,56,41056,1273.4404474058676
l2_repeat_01,L2,stability,validation,57,41057,1261.3533164748667
l2_repeat_01,L2,stability,validation,58,41058,1251.179448956751
l2_repeat_01,L2,stability,validation,59,41059,1271.8365103285532
l2_repeat_01,L2,stability,validation,60,41060,1236.5300734647753
l2_repeat_01,L2,stability,validation,61,41061,1254.1982079535046
l2_repeat_01,L2,stability,validation,62,41062,1299.9479634219845
l2_repeat_01,L2,stability,validation,63,41063,1317.5496824331767
l2_repeat_01,L2,stability,validation,64,41064,1702.9200954771939
l2_repeat_01,L2,stability,validation,65,41065,1216.0123702855378
l2_repeat_01,L2,stability,validation,66,41066,1149.661293423076
l2_repeat_01,L2,stability,validation,67,41067,1621.3790561580358
l2_repeat_01,L2,stability,validation,68,41068,1230.5310556666448
l2_repeat_01,L2,stability,validation,69,41069,1215.532528495967
l2_repeat_01,L2,stability,validation,70,41070,1245.883329796976
l2_repeat_01,L2,stability,validation,71,41071,2184.5045203977506
l2_repeat_01,L2,stability,validation,72,41072,1232.0860475346649
l2_repeat_01,L2,stability,validation,73,41073,2343.8118035153893
l2_repeat_01,L2,stability,validation,74,41074,1272.4098557145912
l2_repeat_01,L2,stability,validation,75,41075,1235.804043163483
l2_repeat_01,L2,stability,validation,76,41076,1199.2141503497994
l2_repeat_01,L2,stability,validation,77,41077,1254.8931161498742
l2_repeat_01,L2,stability,validation,78,41078,1202.1183286191056
l2_repeat_01,L2,stability,validation,79,41079,1241.8273834919878
l2_repeat_01,L2,stability,validation,80,41080,1372.6207886790485
l2_repeat_01,L2,stability,validation,81,41081,1674.3201695223815
l2_repeat_01,L2,stability,validation,82,41082,1272.786801512971
l2_repeat_01,L2,stability,validation,83,41083,1166.1796731194515
l2_repeat_01,L2,stability,validation,84,41084,1218.9446278150851
l2_repeat_01,L2,stability,validation,85,41085,1246.4985920882557
l2_repeat_01,L2,stability,validation,86,41086,1256.2187968581584
l2_repeat_01,L2,stability,validation,87,41087,1191.7991939850767
l2_repeat_01,L2,stability,validation,88,41088,1197.179048068967
l2_repeat_01,L2,stability,validation,89,41089,1262.0785479984372
l2_repeat_01,L2,stability,validation,90,41090,1281.563146939358
l2_repeat_01,L2,stability,validation,91,41091,1187.4407078046374
l2_repeat_01,L2,stability,validation,92,41092,1261.6003937231324
l2_repeat_01,L2,stability,validation,93,41093,1254.8542929699806
l2_repeat_01,L2,stability,validation,94,41094,1212.4737425372164
l2_repeat_01,L2,stability,validation,95,41095,1230.196506705373
l2_repeat_01,L2,stability,validation,96,41096,1265.5870480534911
l2_repeat_01,L2,stability,validation,97,41097,1147.2173820325092
l2_repeat_01,L2,stability,validation,98,41098,1251.5041555888888
l2_repeat_01,L2,stability,validation,99,41099,1237.2385590454571
l2_repeat_01,L2,stability,validation,100,41100,1760.4887207180263
l2_repeat_01,L2,stability,validation,101,41101,1239.7742977709952
l2_repeat_01,L2,stability,validation,102,41102,1228.5209220169497
l2_repeat_01,L2,stability,validation,103,41103,1230.3397785291256
l2_repeat_01,L2,stability,validation,104,41104,2131.5698774424413
l2_repeat_01,L2,stability,validation,105,41105,1212.834692452635
l2_repeat_01,L2,stability,validation,106,41106,1450.4691805694777
l2_repeat_01,L2,stability,validation,107,41107,1326.1817435324217
l2_repeat_01,L2,stability,validation,108,41108,1230.2265395159827
l2_repeat_01,L2,stability,validation,109,41109,1686.5952163693453
l2_repeat_01,L2,stability,validation,110,41110,1216.6204884281499
l2_repeat_01,L2,stability,validation,111,41111,1241.1979381381975
l2_repeat_01,L2,stability,validation,112,41112,1224.23052797913
l2_repeat_01,L2,stability,validation,113,41113,1224.4027577558968
l2_repeat_01,L2,stability,validation,114,41114,1747.2749798850543
l2_repeat_01,L2,stability,validation,115,41115,1218.0955596047081
l2_repeat_01,L2,stability,validation,116,41116,1224.93022805734
l2_repeat_01,L2,stability,validation,117,41117,1206.3158442463398
l2_repeat_01,L2,stability,validation,118,41118,1363.8383848782646
l2_repeat_01,L2,stability,validation,119,41119,1238.4645436367816
l2_repeat_01,L2,stability,validation,120,41120,1745.0168452043486
l2_repeat_01,L2,stability,validation,121,41121,1299.6659934468466
l2_repeat_01,L2,stability,validation,122,41122,1265.3119284552006
l2_repeat_01,L2,stability,validation,123,41123,1237.2405557390782
l2_repeat_01,L2,stability,validation,124,41124,1180.2591149167847
l2_repeat_01,L2,stability,validation,125,41125,1168.36810332686
l2_repeat_01,L2,stability,validation,126,41126,1193.2691057843494
l2_repeat_01,L2,stability,validation,127,41127,1270.195921678712
l2_repeat_01,L2,stability,validation,128,41128,1307.7557819120884
l2_repeat_01,L2,stability,validation,129,41129,1292.4684211240271
l2_repeat_01,L2,stability,validation,130,41130,1247.5382498917497
l2_repeat_01,L2,stability,validation,131,41131,1308.1768857872485
l2_repeat_01,L2,stability,validation,132,41132,1227.8778505688235
l2_repeat_01,L2,stability,validation,133,41133,1276.1157302717795
l2_repeat_01,L2,stability,validation,134,41134,1266.82473554714
l2_repeat_01,L2,stability,validation,135,41135,1234.2934340075542
l2_repeat_01,L2,stability,validation,136,41136,1162.7716596834305
l2_repeat_01,L2,stability,validation,137,41137,1269.925206875487
l2_repeat_01,L2,stability,validation,138,41138,1433.7796024997185
l2_repeat_01,L2,stability,validation,139,41139,1600.0825960573038
l2_repeat_01,L2,stability,validation,140,41140,1212.4883541362803
l2_repeat_01,L2,stability,validation,141,41141,1316.661901248558
l2_repeat_01,L2,stability,validation,142,41142,1255.69647546498
l2_repeat_01,L2,stability,validation,143,41143,1312.9588302627938
l2_repeat_01,L2,stability,validation,144,41144,1187.5710239165223
l2_repeat_01,L2,stability,validation,145,41145,1254.7016562979304
l2_repeat_01,L2,stability,validation,146,41146,3583.7256559963803
l2_repeat_01,L2,stability,validation,147,41147,1219.87924768625
l2_repeat_01,L2,stability,validation,148,41148,1175.054990100908
l2_repeat_01,L2,stability,validation,149,41149,1229.0189100849373
l2_repeat_01,L2,stability,validation,150,41150,1257.3409590872823
l2_repeat_01,L2,stability,validation,151,41151,1304.4147167703688
l2_repeat_01,L2,stability,validation,152,41152,1773.2070953259145
l2_repeat_01,L2,stability,validation,153,41153,1252.9196400483359
l2_repeat_01,L2,stability,validation,154,41154,1619.8918665513238
l2_repeat_01,L2,stability,validation,155,41155,1252.3475699562077
l2_repeat_01,L2,stability,validation,156,41156,1233.6450637810885
l2_repeat_01,L2,stability,validation,157,41157,1977.8727950859793
l2_repeat_01,L2,stability,validation,158,41158,1227.3362138265531
l2_repeat_01,L2,stability,validation,159,41159,1284.8577447381506
l2_repeat_01,L2,stability,validation,160,41160,1251.674879517743
l2_repeat_01,L2,stability,validation,161,41161,1196.0122233555012
l2_repeat_01,L2,stability,validation,162,41162,1266.3526832493385
l2_repeat_01,L2,stability,validation,163,41163,1547.2003439304297
l2_repeat_01,L2,stability,validation,164,41164,1257.9160036986532
l2_repeat_01,L2,stability,validation,165,41165,1185.1209142681912
l2_repeat_01,L2,stability,validation,166,41166,1286.7761319728984
l2_repeat_01,L2,stability,validation,167,41167,1270.169311984477
l2_repeat_01,L2,stability,validation,168,41168,1258.1350253677808
l2_repeat_01,L2,stability,validation,169,41169,1630.3509984099537
l2_repeat_01,L2,stability,validation,170,41170,1192.3852852913842
l2_repeat_01,L2,stability,validation,171,41171,1214.6002811772885
l2_repeat_01,L2,stability,validation,172,41172,1227.5759406094571
l2_repeat_01,L2,stability,validation,173,41173,1240.3920134156003
l2_repeat_01,L2,stability,validation,174,41174,1270.9371999608531
l2_repeat_01,L2,stability,validation,175,41175,1220.255865303517
l2_repeat_01,L2,stability,validation,176,41176,1191.8328891508172
l2_repeat_01,L2,stability,validation,177,41177,1180.530496757624
l2_repeat_01,L2,stability,validation,178,41178,1299.5243235473663
l2_repeat_01,L2,stability,validation,179,41179,1278.1971609100444
l2_repeat_01,L2,stability,validation,180,41180,1203.0989006491843
l2_repeat_01,L2,stability,validation,181,41181,1176.0045571853034
l2_repeat_01,L2,stability,validation,182,41182,1160.2849416188042
l2_repeat_01,L2,stability,validation,183,41183,1289.612524247983
l2_repeat_01,L2,stability,validation,184,41184,1281.3302185236228
l2_repeat_01,L2,stability,validation,185,41185,1209.8329273415118
l2_repeat_01,L2,stability,validation,186,41186,1229.21793690793
l2_repeat_01,L2,stability,validation,187,41187,1334.4127729787529
l2_repeat_01,L2,stability,validation,188,41188,1227.4586366518827
l2_repeat_01,L2,stability,validation,189,41189,1331.4479279210025
l2_repeat_01,L2,stability,validation,190,41190,1266.0852259484514
l2_repeat_01,L2,stability,validation,191,41191,1399.757680126169
l2_repeat_01,L2,stability,validation,192,41192,1259.8508754871962
l2_repeat_01,L2,stability,validation,193,41193,1870.2920230603045
l2_repeat_01,L2,stability,validation,194,41194,1149.3939622695916
l2_repeat_01,L2,stability,validation,195,41195,1267.0785806948074
l2_repeat_01,L2,stability,validation,196,41196,1208.8649134900093
l2_repeat_01,L2,stability,validation,197,41197,1301.4031500323695
l2_repeat_01,L2,stability,validation,198,41198,1226.9615521097392
l2_repeat_01,L2,stability,validation,199,41199,1280.074379612185
l2_repeat_01,L2,stability,validation,200,41200,1434.414312904795
l2_repeat_01,L2,stability,fresh,1,51001,1223.8656562314554
l2_repeat_01,L2,stability,fresh,2,51002,1209.0393027741686
l2_repeat_01,L2,stability,fresh,3,51003,1337.811764001698
l2_repeat_01,L2,stability,fresh,4,51004,1205.6869160669435
l2_repeat_01,L2,stability,fresh,5,51005,1302.48612095832
l2_repeat_01,L2,stability,fresh,6,51006,1247.6232327373486
l2_repeat_01,L2,stability,fresh,7,51007,1234.9258185691008
l2_repeat_01,L2,stability,fresh,8,51008,1225.4598429606133
l2_repeat_01,L2,stability,fresh,9,51009,1181.5886816105358
l2_repeat_01,L2,stability,fresh,10,51010,1200.499175256915
l2_repeat_01,L2,stability,fresh,11,51011,1258.0368123053884
l2_repeat_01,L2,stability,fresh,12,51012,2413.83183854035
l2_repeat_01,L2,stability,fresh,13,51013,1168.5918280136566
l2_repeat_01,L2,stability,fresh,14,51014,1255.9441437149108
l2_repeat_01,L2,stability,fresh,15,51015,1238.5352000762373
l2_repeat_01,L2,stability,fresh,16,51016,1232.4543824910818
l2_repeat_01,L2,stability,fresh,17,51017,1322.6360521973274
l2_repeat_01,L2,stability,fresh,18,51018,1313.578028290527
l2_repeat_01,L2,stability,fresh,19,51019,1245.6807557168866
l2_repeat_01,L2,stability,fresh,20,51020,1258.6630308971596
l2_repeat_01,L2,stability,fresh,21,51021,1298.4933568765132
l2_repeat_01,L2,stability,fresh,22,51022,1215.269525991349
l2_repeat_01,L2,stability,fresh,23,51023,1287.784293935743
l2_repeat_01,L2,stability,fresh,24,51024,1211.9721284470152
l2_repeat_01,L2,stability,fresh,25,51025,1235.9745269487807
l2_repeat_01,L2,stability,fresh,26,51026,1271.6033849194691
l2_repeat_01,L2,stability,fresh,27,51027,1273.5560302312945
l2_repeat_01,L2,stability,fresh,28,51028,1261.4640628865022
l2_repeat_01,L2,stability,fresh,29,51029,1260.812663645923
l2_repeat_01,L2,stability,fresh,30,51030,1246.6345337255423
l2_repeat_01,L2,stability,fresh,31,51031,1249.5597427773298
l2_repeat_01,L2,stability,fresh,32,51032,2082.764316376678
l2_repeat_01,L2,stability,fresh,33,51033,1315.5265875992964
l2_repeat_01,L2,stability,fresh,34,51034,1218.911944044245
l2_repeat_01,L2,stability,fresh,35,51035,1249.4938163390675
l2_repeat_01,L2,stability,fresh,36,51036,1252.494082568993
l2_repeat_01,L2,stability,fresh,37,51037,1315.5433666644199
l2_repeat_01,L2,stability,fresh,38,51038,1278.4343188912753
l2_repeat_01,L2,stability,fresh,39,51039,1193.4604899899048
l2_repeat_01,L2,stability,fresh,40,51040,1211.110061258892
l2_repeat_01,L2,stability,fresh,41,51041,1276.3627502375814
l2_repeat_01,L2,stability,fresh,42,51042,1250.2628676735262
l2_repeat_01,L2,stability,fresh,43,51043,1312.8137549561684
l2_repeat_01,L2,stability,fresh,44,51044,1227.737503750959
l2_repeat_01,L2,stability,fresh,45,51045,1200.623315567219
l2_repeat_01,L2,stability,fresh,46,51046,1273.261901154489
l2_repeat_01,L2,stability,fresh,47,51047,1195.7552050314782
l2_repeat_01,L2,stability,fresh,48,51048,1208.6102165509021
l2_repeat_01,L2,stability,fresh,49,51049,1226.5143784811798
l2_repeat_01,L2,stability,fresh,50,51050,1212.5292640588998
l2_repeat_01,L2,stability,fresh,51,51051,1224.7672183852815
l2_repeat_01,L2,stability,fresh,52,51052,1237.2086751852223
l2_repeat_01,L2,stability,fresh,53,51053,1260.3340215789613
l2_repeat_01,L2,stability,fresh,54,51054,2114.3709093254024
l2_repeat_01,L2,stability,fresh,55,51055,1307.4005606710487
l2_repeat_01,L2,stability,fresh,56,51056,1207.5087967060977
l2_repeat_01,L2,stability,fresh,57,51057,1184.3712989288822
l2_repeat_01,L2,stability,fresh,58,51058,1270.9053935351958
l2_repeat_01,L2,stability,fresh,59,51059,1180.9653251435552
l2_repeat_01,L2,stability,fresh,60,51060,1201.847871622699
l2_repeat_01,L2,stability,fresh,61,51061,1241.656116624381
l2_repeat_01,L2,stability,fresh,62,51062,1363.9723500505688
l2_repeat_01,L2,stability,fresh,63,51063,1253.6645306443227
l2_repeat_01,L2,stability,fresh,64,51064,1189.3372335799918
l2_repeat_01,L2,stability,fresh,65,51065,1265.1715465153607
l2_repeat_01,L2,stability,fresh,66,51066,1226.4795275319811
l2_repeat_01,L2,stability,fresh,67,51067,1300.3487050933622
l2_repeat_01,L2,stability,fresh,68,51068,1219.752782527846
l2_repeat_01,L2,stability,fresh,69,51069,1207.0606580675535
l2_repeat_01,L2,stability,fresh,70,51070,1200.3983387258968
l2_repeat_01,L2,stability,fresh,71,51071,1241.3504379687104
l2_repeat_01,L2,stability,fresh,72,51072,1245.4940495097783
l2_repeat_01,L2,stability,fresh,73,51073,1201.4121954201853
l2_repeat_01,L2,stability,fresh,74,51074,1217.7964986406312
l2_repeat_01,L2,stability,fresh,75,51075,2140.1844766815966
l2_repeat_01,L2,stability,fresh,76,51076,2109.778724258424
l2_repeat_01,L2,stability,fresh,77,51077,1233.356569287928
l2_repeat_01,L2,stability,fresh,78,51078,1296.9358167804312
l2_repeat_01,L2,stability,fresh,79,51079,1644.6855890722363
l2_repeat_01,L2,stability,fresh,80,51080,1279.5819071039512
l2_repeat_01,L2,stability,fresh,81,51081,1202.2723804713694
l2_repeat_01,L2,stability,fresh,82,51082,1708.501134169003
l2_repeat_01,L2,stability,fresh,83,51083,1239.9263933943712
l2_repeat_01,L2,stability,fresh,84,51084,1329.5366391915647
l2_repeat_01,L2,stability,fresh,85,51085,1299.2766039525006
l2_repeat_01,L2,stability,fresh,86,51086,1366.266839976729
l2_repeat_01,L2,stability,fresh,87,51087,1218.463914718969
l2_repeat_01,L2,stability,fresh,88,51088,1263.2889063736325
l2_repeat_01,L2,stability,fresh,89,51089,1271.9677428850089
l2_repeat_01,L2,stability,fresh,90,51090,1273.7920436708548
l2_repeat_01,L2,stability,fresh,91,51091,2168.11185490101
l2_repeat_01,L2,stability,fresh,92,51092,1251.720893181366
l2_repeat_01,L2,stability,fresh,93,51093,1952.4576493299078
l2_repeat_01,L2,stability,fresh,94,51094,1220.0319591923853
l2_repeat_01,L2,stability,fresh,95,51095,1274.6905860111572
l2_repeat_01,L2,stability,fresh,96,51096,1192.1308555103428
l2_repeat_01,L2,stability,fresh,97,51097,1246.7169059323924
l2_repeat_01,L2,stability,fresh,98,51098,1200.1106748227035
l2_repeat_01,L2,stability,fresh,99,51099,1166.8626920523743
l2_repeat_01,L2,stability,fresh,100,51100,1311.4491425406595
l2_repeat_01,L2,stability,fresh,101,51101,1269.3525240118797
l2_repeat_01,L2,stability,fresh,102,51102,1179.7194874211073
l2_repeat_01,L2,stability,fresh,103,51103,1305.5837380805308
l2_repeat_01,L2,stability,fresh,104,51104,1243.5330849320112
l2_repeat_01,L2,stability,fresh,105,51105,1217.1861319270959
l2_repeat_01,L2,stability,fresh,106,51106,1267.0502219118139
l2_repeat_01,L2,stability,fresh,107,51107,1293.5511460174387
l2_repeat_01,L2,stability,fresh,108,51108,1196.7632029181998
l2_repeat_01,L2,stability,fresh,109,51109,1183.8179396526218
l2_repeat_01,L2,stability,fresh,110,51110,1229.7006343283088
l2_repeat_01,L2,stability,fresh,111,51111,1308.8797483725496
l2_repeat_01,L2,stability,fresh,112,51112,3026.482309256561
l2_repeat_01,L2,stability,fresh,113,51113,1248.941686533378
l2_repeat_01,L2,stability,fresh,114,51114,1217.5527676136824
l2_repeat_01,L2,stability,fresh,115,51115,1185.5362671708272
l2_repeat_01,L2,stability,fresh,116,51116,1190.5427122140593
l2_repeat_01,L2,stability,fresh,117,51117,1217.2689489075688
l2_repeat_01,L2,stability,fresh,118,51118,1253.8836549770583
l2_repeat_01,L2,stability,fresh,119,51119,1273.4497608231118
l2_repeat_01,L2,stability,fresh,120,51120,1236.776855218144
l2_repeat_01,L2,stability,fresh,121,51121,1228.3225311106248
l2_repeat_01,L2,stability,fresh,122,51122,1256.1031567437562
l2_repeat_01,L2,stability,fresh,123,51123,1225.9106837613595
l2_repeat_01,L2,stability,fresh,124,51124,1176.186277727451
l2_repeat_01,L2,stability,fresh,125,51125,1288.1588897060396
l2_repeat_01,L2,stability,fresh,126,51126,1225.6607421377948
l2_repeat_01,L2,stability,fresh,127,51127,1202.6874191968802
l2_repeat_01,L2,stability,fresh,128,51128,1277.81066094416
l2_repeat_01,L2,stability,fresh,129,51129,1226.2466685757418
l2_repeat_01,L2,stability,fresh,130,51130,1296.5155383430315
l2_repeat_01,L2,stability,fresh,131,51131,1219.7613362336585
l2_repeat_01,L2,stability,fresh,132,51132,1310.5025474216632
l2_repeat_01,L2,stability,fresh,133,51133,1267.278486588228
l2_repeat_01,L2,stability,fresh,134,51134,1231.7506112714711
l2_repeat_01,L2,stability,fresh,135,51135,1272.0145833898953
l2_repeat_01,L2,stability,fresh,136,51136,1187.9904311098228
l2_repeat_01,L2,stability,fresh,137,51137,1267.2558089750717
l2_repeat_01,L2,stability,fresh,138,51138,1290.0805363735521
l2_repeat_01,L2,stability,fresh,139,51139,2366.3095549428017
l2_repeat_01,L2,stability,fresh,140,51140,1284.8207280422216
l2_repeat_01,L2,stability,fresh,141,51141,3721.3609609702994
l2_repeat_01,L2,stability,fresh,142,51142,1226.8645321703007
l2_repeat_01,L2,stability,fresh,143,51143,1263.910987728642
l2_repeat_01,L2,stability,fresh,144,51144,3013.7146812089704
l2_repeat_01,L2,stability,fresh,145,51145,1283.404491080247
l2_repeat_01,L2,stability,fresh,146,51146,1270.9314292207318
l2_repeat_01,L2,stability,fresh,147,51147,1253.6999322698266
l2_repeat_01,L2,stability,fresh,148,51148,1211.397997321473
l2_repeat_01,L2,stability,fresh,149,51149,1230.6052371335059
l2_repeat_01,L2,stability,fresh,150,51150,1217.369605107112
l2_repeat_01,L2,stability,fresh,151,51151,1253.113944120933
l2_repeat_01,L2,stability,fresh,152,51152,1269.36874018619
l2_repeat_01,L2,stability,fresh,153,51153,2380.5787517710705
l2_repeat_01,L2,stability,fresh,154,51154,1202.4418315848272
l2_repeat_01,L2,stability,fresh,155,51155,1303.3660263575453
l2_repeat_01,L2,stability,fresh,156,51156,1321.0625197063337
l2_repeat_01,L2,stability,fresh,157,51157,1250.0335759317034
l2_repeat_01,L2,stability,fresh,158,51158,1270.0502880347076
l2_repeat_01,L2,stability,fresh,159,51159,1155.7402547888003
l2_repeat_01,L2,stability,fresh,160,51160,1191.3964817621693
l2_repeat_01,L2,stability,fresh,161,51161,1266.828778586482
l2_repeat_01,L2,stability,fresh,162,51162,1281.663844935981
l2_repeat_01,L2,stability,fresh,163,51163,1201.165519653021
l2_repeat_01,L2,stability,fresh,164,51164,1403.8125055196608
l2_repeat_01,L2,stability,fresh,165,51165,1249.0778266493571
l2_repeat_01,L2,stability,fresh,166,51166,1325.3590509505966
l2_repeat_01,L2,stability,fresh,167,51167,1252.2732168732707
l2_repeat_01,L2,stability,fresh,168,51168,1437.632100158313
l2_repeat_01,L2,stability,fresh,169,51169,1329.5941099748827
l2_repeat_01,L2,stability,fresh,170,51170,1247.9145223790579
l2_repeat_01,L2,stability,fresh,171,51171,1279.6858837194206
l2_repeat_01,L2,stability,fresh,172,51172,1368.3873592679074
l2_repeat_01,L2,stability,fresh,173,51173,1222.6697729681698
l2_repeat_01,L2,stability,fresh,174,51174,1281.1479912771904
l2_repeat_01,L2,stability,fresh,175,51175,1269.8514153098054
l2_repeat_01,L2,stability,fresh,176,51176,1264.0399727704862
l2_repeat_01,L2,stability,fresh,177,51177,1335.8177016527154
l2_repeat_01,L2,stability,fresh,178,51178,1274.5008501043646
l2_repeat_01,L2,stability,fresh,179,51179,1236.8226335922304
l2_repeat_01,L2,stability,fresh,180,51180,1280.2272257137383
l2_repeat_01,L2,stability,fresh,181,51181,1240.5950451906403
l2_repeat_01,L2,stability,fresh,182,51182,1284.772232978313
l2_repeat_01,L2,stability,fresh,183,51183,1248.7415122977695
l2_repeat_01,L2,stability,fresh,184,51184,1504.1601699004898
l2_repeat_01,L2,stability,fresh,185,51185,1178.239959881073
l2_repeat_01,L2,stability,fresh,186,51186,1282.2869616953612
l2_repeat_01,L2,stability,fresh,187,51187,1269.2437795122496
l2_repeat_01,L2,stability,fresh,188,51188,1210.4086004024412
l2_repeat_01,L2,stability,fresh,189,51189,1282.7373377347271
l2_repeat_01,L2,stability,fresh,190,51190,1223.9128773278621
l2_repeat_01,L2,stability,fresh,191,51191,1255.671380454106
l2_repeat_01,L2,stability,fresh,192,51192,1204.2836689487406
l2_repeat_01,L2,stability,fresh,193,51193,1285.3976601439663
l2_repeat_01,L2,stability,fresh,194,51194,1217.6174024465088
l2_repeat_01,L2,stability,fresh,195,51195,1222.3591578495816
l2_repeat_01,L2,stability,fresh,196,51196,1256.4177138854086
l2_repeat_01,L2,stability,fresh,197,51197,1260.219079639174
l2_repeat_01,L2,stability,fresh,198,51198,1207.3417726263665
l2_repeat_01,L2,stability,fresh,199,51199,1252.545924807717
l2_repeat_01,L2,stability,fresh,200,51200,1567.9279008447731
l2_repeat_02,L2,stability,excel,1,111,1987.3526872903865
l2_repeat_02,L2,stability,excel,2,112,1230.2973266853787
l2_repeat_02,L2,stability,excel,3,113,1172.787700799889
l2_repeat_02,L2,stability,excel,4,114,1271.5656827638588
l2_repeat_02,L2,stability,excel,5,115,1662.4410931178786
l2_repeat_02,L2,stability,excel,6,116,1559.0367453706408
l2_repeat_02,L2,stability,excel,7,117,1682.9350727019362
l2_repeat_02,L2,stability,excel,8,118,1253.295325640346
l2_repeat_02,L2,stability,excel,9,119,1280.707510740262
l2_repeat_02,L2,stability,excel,10,120,1281.2502760138236
l2_repeat_02,L2,stability,excel,11,121,1289.0658578332534
l2_repeat_02,L2,stability,excel,12,122,1274.8983455863613
l2_repeat_02,L2,stability,excel,13,123,1174.4083730167506
l2_repeat_02,L2,stability,excel,14,124,1211.469581459259
l2_repeat_02,L2,stability,excel,15,125,1217.4017572137393
l2_repeat_02,L2,stability,excel,16,126,1279.7648779178514
l2_repeat_02,L2,stability,excel,17,127,1249.7399197108803
l2_repeat_02,L2,stability,excel,18,128,1250.7864393664715
l2_repeat_02,L2,stability,excel,19,129,1289.3094546999587
l2_repeat_02,L2,stability,excel,20,130,1274.2989836874544
l2_repeat_02,L2,stability,excel,21,131,1337.7534591198869
l2_repeat_02,L2,stability,excel,22,132,1292.1801293634621
l2_repeat_02,L2,stability,excel,23,133,1535.5242552844868
l2_repeat_02,L2,stability,excel,24,134,1294.6775715449724
l2_repeat_02,L2,stability,excel,25,135,1227.2117620877852
l2_repeat_02,L2,stability,excel,26,136,1318.4285816925571
l2_repeat_02,L2,stability,excel,27,137,1190.6505010507854
l2_repeat_02,L2,stability,excel,28,138,1496.7052906692475
l2_repeat_02,L2,stability,excel,29,139,1369.648150148334
l2_repeat_02,L2,stability,excel,30,140,1299.9196755876033
l2_repeat_02,L2,stability,excel,31,141,1250.8982100116411
l2_repeat_02,L2,stability,excel,32,142,1222.4954222201645
l2_repeat_02,L2,stability,excel,33,143,1291.3680928438516
l2_repeat_02,L2,stability,excel,34,144,1181.3791558049431
l2_repeat_02,L2,stability,excel,35,145,1240.2811397018656
l2_repeat_02,L2,stability,excel,36,146,1162.584722452965
l2_repeat_02,L2,stability,excel,37,147,1318.9961624208413
l2_repeat_02,L2,stability,excel,38,148,1293.3584570311725
l2_repeat_02,L2,stability,excel,39,149,4283.9308039631
l2_repeat_02,L2,stability,excel,40,150,1255.667933110535
l2_repeat_02,L2,stability,excel,41,151,1198.4715769785
l2_repeat_02,L2,stability,excel,42,152,1302.752410360929
l2_repeat_02,L2,stability,excel,43,153,1300.3756862360506
l2_repeat_02,L2,stability,excel,44,154,1260.0487263575608
l2_repeat_02,L2,stability,excel,45,155,1268.1012870791337
l2_repeat_02,L2,stability,excel,46,156,1247.8711469042291
l2_repeat_02,L2,stability,excel,47,157,1466.0636098071757
l2_repeat_02,L2,stability,excel,48,158,1237.5913593269668
l2_repeat_02,L2,stability,excel,49,159,1658.671137175508
l2_repeat_02,L2,stability,excel,50,160,1404.06065210565
l2_repeat_02,L2,stability,excel,51,161,1166.4373988564578
l2_repeat_02,L2,stability,excel,52,162,1269.7432157698845
l2_repeat_02,L2,stability,excel,53,163,1235.5033764482766
l2_repeat_02,L2,stability,excel,54,164,1237.1610892496249
l2_repeat_02,L2,stability,excel,55,165,2999.295117943666
l2_repeat_02,L2,stability,excel,56,166,1213.3133698048732
l2_repeat_02,L2,stability,excel,57,167,1253.668092603089
l2_repeat_02,L2,stability,excel,58,168,1293.8926220688738
l2_repeat_02,L2,stability,excel,59,169,1268.1036972338206
l2_repeat_02,L2,stability,excel,60,170,1196.0504711035915
l2_repeat_02,L2,stability,excel,61,171,1225.5161784302875
l2_repeat_02,L2,stability,excel,62,172,1244.3844974904873
l2_repeat_02,L2,stability,excel,63,173,1231.5153389413877
l2_repeat_02,L2,stability,excel,64,174,1282.2929264813308
l2_repeat_02,L2,stability,excel,65,175,1216.0257326420883
l2_repeat_02,L2,stability,excel,66,176,1257.0664055151383
l2_repeat_02,L2,stability,excel,67,177,1211.9549068685792
l2_repeat_02,L2,stability,excel,68,178,1780.191001581983
l2_repeat_02,L2,stability,excel,69,179,1235.371630171003
l2_repeat_02,L2,stability,excel,70,180,1182.8550902302757
l2_repeat_02,L2,stability,excel,71,181,1279.9827113347665
l2_repeat_02,L2,stability,excel,72,182,1211.358099482905
l2_repeat_02,L2,stability,excel,73,183,1256.7862614059957
l2_repeat_02,L2,stability,excel,74,184,1264.1323281968962
l2_repeat_02,L2,stability,excel,75,185,1204.7023298355691
l2_repeat_02,L2,stability,excel,76,186,1171.5998092739846
l2_repeat_02,L2,stability,excel,77,187,1192.4902284845218
l2_repeat_02,L2,stability,excel,78,188,1292.7100259098293
l2_repeat_02,L2,stability,excel,79,189,1191.5797347632517
l2_repeat_02,L2,stability,excel,80,190,1255.8831228026065
l2_repeat_02,L2,stability,excel,81,191,1261.0747217233109
l2_repeat_02,L2,stability,excel,82,192,1216.0831317163365
l2_repeat_02,L2,stability,excel,83,193,1193.6173387021495
l2_repeat_02,L2,stability,excel,84,194,1236.9148632003871
l2_repeat_02,L2,stability,excel,85,195,1239.8326277574347
l2_repeat_02,L2,stability,excel,86,196,1217.5111115553693
l2_repeat_02,L2,stability,excel,87,197,1329.7599264076491
l2_repeat_02,L2,stability,excel,88,198,1256.477205574551
l2_repeat_02,L2,stability,excel,89,199,1196.4793690746037
l2_repeat_02,L2,stability,excel,90,200,2094.7092184590874
l2_repeat_02,L2,stability,excel,91,201,1274.3781805802475
l2_repeat_02,L2,stability,excel,92,202,2033.7847436060274
l2_repeat_02,L2,stability,excel,93,203,1147.3612619371647
l2_repeat_02,L2,stability,excel,94,204,1261.821409689644
l2_repeat_02,L2,stability,excel,95,205,2824.6138021051
l2_repeat_02,L2,stability,excel,96,206,1177.631978096647
l2_repeat_02,L2,stability,excel,97,207,1233.5111976945536
l2_repeat_02,L2,stability,excel,98,208,1262.3504014594462
l2_repeat_02,L2,stability,excel,99,209,1175.6005169316963
l2_repeat_02,L2,stability,excel,100,210,1207.0735314598485
l2_repeat_02,L2,stability,excel,101,211,1196.4598182810842
l2_repeat_02,L2,stability,excel,102,212,1330.3031605506305
l2_repeat_02,L2,stability,excel,103,213,1373.6475039733136
l2_repeat_02,L2,stability,excel,104,214,1268.8560842122959
l2_repeat_02,L2,stability,excel,105,215,1262.8674715073812
l2_repeat_02,L2,stability,excel,106,216,1384.9679408649697
l2_repeat_02,L2,stability,excel,107,217,1169.8438623053262
l2_repeat_02,L2,stability,excel,108,218,1260.0681387164657
l2_repeat_02,L2,stability,excel,109,219,1395.1516755134087
l2_repeat_02,L2,stability,excel,110,220,1213.8330315816847
l2_repeat_02,L2,stability,excel,111,221,1216.4859650422923
l2_repeat_02,L2,stability,excel,112,222,1225.633693753319
l2_repeat_02,L2,stability,excel,113,223,1285.8538303159312
l2_repeat_02,L2,stability,excel,114,224,1209.7834524965674
l2_repeat_02,L2,stability,excel,115,225,1183.1656182002782
l2_repeat_02,L2,stability,excel,116,226,1175.310791556284
l2_repeat_02,L2,stability,excel,117,227,1356.7128299130472
l2_repeat_02,L2,stability,excel,118,228,1229.9327718881618
l2_repeat_02,L2,stability,excel,119,229,1179.7148227359223
l2_repeat_02,L2,stability,excel,120,230,1262.9481005076864
l2_repeat_02,L2,stability,excel,121,231,1244.5846764269538
l2_repeat_02,L2,stability,excel,122,232,1233.9010468135305
l2_repeat_02,L2,stability,excel,123,233,1233.9801415525872
l2_repeat_02,L2,stability,excel,124,234,1247.0216208302572
l2_repeat_02,L2,stability,excel,125,235,1189.8991927625364
l2_repeat_02,L2,stability,excel,126,236,1314.444496072164
l2_repeat_02,L2,stability,excel,127,237,1180.1405897019058
l2_repeat_02,L2,stability,excel,128,238,1307.385861167347
l2_repeat_02,L2,stability,excel,129,239,1352.9350592305805
l2_repeat_02,L2,stability,excel,130,240,1197.8428231321634
l2_repeat_02,L2,stability,excel,131,241,1239.5870600014593
l2_repeat_02,L2,stability,excel,132,242,1262.7875876658495
l2_repeat_02,L2,stability,excel,133,243,1211.9516984797967
l2_repeat_02,L2,stability,excel,134,244,1742.0555864040105
l2_repeat_02,L2,stability,excel,135,245,1283.9860264886752
l2_repeat_02,L2,stability,excel,136,246,1215.3204553395567
l2_repeat_02,L2,stability,excel,137,247,1176.4490557632998
l2_repeat_02,L2,stability,excel,138,248,1259.4505119404603
l2_repeat_02,L2,stability,excel,139,249,1254.5536263614724
l2_repeat_02,L2,stability,excel,140,250,1177.3424277717213
l2_repeat_02,L2,stability,excel,141,251,1257.7066056369242
l2_repeat_02,L2,stability,excel,142,252,1345.2236113268887
l2_repeat_02,L2,stability,excel,143,253,1419.3737951993635
l2_repeat_02,L2,stability,excel,144,254,1173.238288373829
l2_repeat_02,L2,stability,excel,145,255,1299.239774908656
l2_repeat_02,L2,stability,excel,146,256,1271.8232028061045
l2_repeat_02,L2,stability,excel,147,257,1341.5776985120262
l2_repeat_02,L2,stability,excel,148,258,1198.191154184428
l2_repeat_02,L2,stability,excel,149,259,1232.575246469707
l2_repeat_02,L2,stability,excel,150,260,1249.9876976249511
l2_repeat_02,L2,stability,excel,151,261,1255.9375944524968
l2_repeat_02,L2,stability,excel,152,262,1305.6884544409509
l2_repeat_02,L2,stability,excel,153,263,1241.0190345909004
l2_repeat_02,L2,stability,excel,154,264,1155.6046264890904
l2_repeat_02,L2,stability,excel,155,265,1204.500793172449
l2_repeat_02,L2,stability,excel,156,266,1286.0639456877157
l2_repeat_02,L2,stability,excel,157,267,1270.425421963806
l2_repeat_02,L2,stability,excel,158,268,1346.7726540424112
l2_repeat_02,L2,stability,excel,159,269,1196.3510267549545
l2_repeat_02,L2,stability,excel,160,270,1248.0653146221778
l2_repeat_02,L2,stability,excel,161,271,1208.6044449804817
l2_repeat_02,L2,stability,excel,162,272,1246.741969165048
l2_repeat_02,L2,stability,excel,163,273,1382.1262037318597
l2_repeat_02,L2,stability,excel,164,274,1324.9134552264538
l2_repeat_02,L2,stability,excel,165,275,1213.861312484756
l2_repeat_02,L2,stability,excel,166,276,1206.8159754661353
l2_repeat_02,L2,stability,excel,167,277,1526.4986639770477
l2_repeat_02,L2,stability,excel,168,278,1914.4727531941712
l2_repeat_02,L2,stability,excel,169,279,1412.4856492265037
l2_repeat_02,L2,stability,excel,170,280,1306.089726577547
l2_repeat_02,L2,stability,excel,171,281,1279.9490845970226
l2_repeat_02,L2,stability,excel,172,282,1264.9522831253262
l2_repeat_02,L2,stability,excel,173,283,1173.930817276634
l2_repeat_02,L2,stability,excel,174,284,1283.8980392145452
l2_repeat_02,L2,stability,excel,175,285,1244.496116520088
l2_repeat_02,L2,stability,excel,176,286,1300.609415271541
l2_repeat_02,L2,stability,excel,177,287,1446.71154433897
l2_repeat_02,L2,stability,excel,178,288,1165.4702259339508
l2_repeat_02,L2,stability,excel,179,289,1224.6613097888808
l2_repeat_02,L2,stability,excel,180,290,1259.5371994246573
l2_repeat_02,L2,stability,excel,181,291,1194.8103072560386
l2_repeat_02,L2,stability,excel,182,292,1248.8454760313089
l2_repeat_02,L2,stability,excel,183,293,1276.0656446904768
l2_repeat_02,L2,stability,excel,184,294,1201.8437369188737
l2_repeat_02,L2,stability,excel,185,295,1210.536420598164
l2_repeat_02,L2,stability,excel,186,296,1205.1157400705868
l2_repeat_02,L2,stability,excel,187,297,1258.602310100467
l2_repeat_02,L2,stability,excel,188,298,1190.6062793846481
l2_repeat_02,L2,stability,excel,189,299,1321.2607004407155
l2_repeat_02,L2,stability,excel,190,300,1259.1610715776042
l2_repeat_02,L2,stability,excel,191,301,1327.6033341571826
l2_repeat_02,L2,stability,excel,192,302,1225.890756488095
l2_repeat_02,L2,stability,excel,193,303,1471.6476389952234
l2_repeat_02,L2,stability,excel,194,304,1217.564493110065
l2_repeat_02,L2,stability,excel,195,305,1225.421821932298
l2_repeat_02,L2,stability,excel,196,306,1349.6046317658452
l2_repeat_02,L2,stability,excel,197,307,1167.3491333115776
l2_repeat_02,L2,stability,excel,198,308,1239.5321375293158
l2_repeat_02,L2,stability,excel,199,309,1309.1987642954148
l2_repeat_02,L2,stability,excel,200,310,1234.0564712024789
l2_repeat_02,L2,stability,validation,1,41001,1291.7658341432552
l2_repeat_02,L2,stability,validation,2,41002,1292.4380063359265
l2_repeat_02,L2,stability,validation,3,41003,1247.6458067287306
l2_repeat_02,L2,stability,validation,4,41004,1268.1140168568966
l2_repeat_02,L2,stability,validation,5,41005,1226.8311608620384
l2_repeat_02,L2,stability,validation,6,41006,1223.2578415499052
l2_repeat_02,L2,stability,validation,7,41007,1166.279713519776
l2_repeat_02,L2,stability,validation,8,41008,1291.0035447474183
l2_repeat_02,L2,stability,validation,9,41009,1206.7896181959532
l2_repeat_02,L2,stability,validation,10,41010,1208.8986612561175
l2_repeat_02,L2,stability,validation,11,41011,1259.8005721793722
l2_repeat_02,L2,stability,validation,12,41012,1168.7514669834982
l2_repeat_02,L2,stability,validation,13,41013,1241.9358759710199
l2_repeat_02,L2,stability,validation,14,41014,1307.8342775827907
l2_repeat_02,L2,stability,validation,15,41015,1283.170463023078
l2_repeat_02,L2,stability,validation,16,41016,1318.0343958572525
l2_repeat_02,L2,stability,validation,17,41017,1255.3422455484226
l2_repeat_02,L2,stability,validation,18,41018,1358.774185041778
l2_repeat_02,L2,stability,validation,19,41019,1848.0298488320473
l2_repeat_02,L2,stability,validation,20,41020,1163.3479746780533
l2_repeat_02,L2,stability,validation,21,41021,1216.7055997196178
l2_repeat_02,L2,stability,validation,22,41022,1493.5043359073986
l2_repeat_02,L2,stability,validation,23,41023,1214.5366926372371
l2_repeat_02,L2,stability,validation,24,41024,1282.4777191583182
l2_repeat_02,L2,stability,validation,25,41025,1484.3033643272938
l2_repeat_02,L2,stability,validation,26,41026,2129.6976339968146
l2_repeat_02,L2,stability,validation,27,41027,1255.345909236483
l2_repeat_02,L2,stability,validation,28,41028,1189.4554607004875
l2_repeat_02,L2,stability,validation,29,41029,1240.6382785370754
l2_repeat_02,L2,stability,validation,30,41030,1289.06233923066
l2_repeat_02,L2,stability,validation,31,41031,1202.8364781497278
l2_repeat_02,L2,stability,validation,32,41032,1267.1978390135464
l2_repeat_02,L2,stability,validation,33,41033,1256.4040768130067
l2_repeat_02,L2,stability,validation,34,41034,1240.6816541621422
l2_repeat_02,L2,stability,validation,35,41035,1262.0087489432124
l2_repeat_02,L2,stability,validation,36,41036,2496.592753232156
l2_repeat_02,L2,stability,validation,37,41037,1220.0226108474062
l2_repeat_02,L2,stability,validation,38,41038,2206.3695185212273
l2_repeat_02,L2,stability,validation,39,41039,1233.377901971251
l2_repeat_02,L2,stability,validation,40,41040,1260.4995388075486
l2_repeat_02,L2,stability,validation,41,41041,1201.9997202578268
l2_repeat_02,L2,stability,validation,42,41042,1202.6501823659175
l2_repeat_02,L2,stability,validation,43,41043,1176.7802879515386
l2_repeat_02,L2,stability,validation,44,41044,1242.5349353516046
l2_repeat_02,L2,stability,validation,45,41045,1377.428971297349
l2_repeat_02,L2,stability,validation,46,41046,1233.0286671714746
l2_repeat_02,L2,stability,validation,47,41047,1225.9683285812987
l2_repeat_02,L2,stability,validation,48,41048,1253.9639446379788
l2_repeat_02,L2,stability,validation,49,41049,1609.838992852479
l2_repeat_02,L2,stability,validation,50,41050,1176.6614204529635
l2_repeat_02,L2,stability,validation,51,41051,1258.4631185369824
l2_repeat_02,L2,stability,validation,52,41052,1314.4101149753897
l2_repeat_02,L2,stability,validation,53,41053,1224.0171113763213
l2_repeat_02,L2,stability,validation,54,41054,1236.6681812030147
l2_repeat_02,L2,stability,validation,55,41055,1252.5208587602935
l2_repeat_02,L2,stability,validation,56,41056,1271.9838556550221
l2_repeat_02,L2,stability,validation,57,41057,1260.6488153424034
l2_repeat_02,L2,stability,validation,58,41058,1248.6892360432057
l2_repeat_02,L2,stability,validation,59,41059,1271.5461626716763
l2_repeat_02,L2,stability,validation,60,41060,1231.7549282722414
l2_repeat_02,L2,stability,validation,61,41061,1253.5807179941867
l2_repeat_02,L2,stability,validation,62,41062,1297.2188803437373
l2_repeat_02,L2,stability,validation,63,41063,1317.340882311884
l2_repeat_02,L2,stability,validation,64,41064,1702.6223974693344
l2_repeat_02,L2,stability,validation,65,41065,1207.9040753541835
l2_repeat_02,L2,stability,validation,66,41066,1149.0799559603347
l2_repeat_02,L2,stability,validation,67,41067,1625.462187273318
l2_repeat_02,L2,stability,validation,68,41068,1230.6239400504433
l2_repeat_02,L2,stability,validation,69,41069,1213.7542464854232
l2_repeat_02,L2,stability,validation,70,41070,1244.264177298371
l2_repeat_02,L2,stability,validation,71,41071,2183.782000728056
l2_repeat_02,L2,stability,validation,72,41072,1227.2150575963558
l2_repeat_02,L2,stability,validation,73,41073,2343.6250855472636
l2_repeat_02,L2,stability,validation,74,41074,1272.2807964704675
l2_repeat_02,L2,stability,validation,75,41075,1235.650589522205
l2_repeat_02,L2,stability,validation,76,41076,1197.1310409818398
l2_repeat_02,L2,stability,validation,77,41077,1243.2439318609152
l2_repeat_02,L2,stability,validation,78,41078,1199.18540428167
l2_repeat_02,L2,stability,validation,79,41079,1239.7563915031758
l2_repeat_02,L2,stability,validation,80,41080,1371.2529441392937
l2_repeat_02,L2,stability,validation,81,41081,1673.509258392855
l2_repeat_02,L2,stability,validation,82,41082,1266.2041798356875
l2_repeat_02,L2,stability,validation,83,41083,1162.2527001641097
l2_repeat_02,L2,stability,validation,84,41084,1209.6810192612777
l2_repeat_02,L2,stability,validation,85,41085,1244.6892496033133
l2_repeat_02,L2,stability,validation,86,41086,1256.4157186208606
l2_repeat_02,L2,stability,validation,87,41087,1189.5045851087532
l2_repeat_02,L2,stability,validation,88,41088,1194.0786393194558
l2_repeat_02,L2,stability,validation,89,41089,1261.3073382598118
l2_repeat_02,L2,stability,validation,90,41090,1279.812030991364
l2_repeat_02,L2,stability,validation,91,41091,1185.7221570412698
l2_repeat_02,L2,stability,validation,92,41092,1259.4941769175311
l2_repeat_02,L2,stability,validation,93,41093,1254.1044327296102
l2_repeat_02,L2,stability,validation,94,41094,1212.7652128771194
l2_repeat_02,L2,stability,validation,95,41095,1229.5737150494076
l2_repeat_02,L2,stability,validation,96,41096,1266.1633182044836
l2_repeat_02,L2,stability,validation,97,41097,1146.14329061371
l2_repeat_02,L2,stability,validation,98,41098,1249.9455495935138
l2_repeat_02,L2,stability,validation,99,41099,1234.9239856121355
l2_repeat_02,L2,stability,validation,100,41100,1752.0301350673003
l2_repeat_02,L2,stability,validation,101,41101,1236.8342206946804
l2_repeat_02,L2,stability,validation,102,41102,1227.4376309226
l2_repeat_02,L2,stability,validation,103,41103,1226.7971630754018
l2_repeat_02,L2,stability,validation,104,41104,2131.6090713298245
l2_repeat_02,L2,stability,validation,105,41105,1209.8799537692018
l2_repeat_02,L2,stability,validation,106,41106,1446.149560146985
l2_repeat_02,L2,stability,validation,107,41107,1321.8339292979267
l2_repeat_02,L2,stability,validation,108,41108,1229.0215641197476
l2_repeat_02,L2,stability,validation,109,41109,1684.1695837912216
l2_repeat_02,L2,stability,validation,110,41110,1216.7466271874741
l2_repeat_02,L2,stability,validation,111,41111,1239.0544416740404
l2_repeat_02,L2,stability,validation,112,41112,1222.3312994902758
l2_repeat_02,L2,stability,validation,113,41113,1222.5732374611375
l2_repeat_02,L2,stability,validation,114,41114,1745.604934673188
l2_repeat_02,L2,stability,validation,115,41115,1218.204826565753
l2_repeat_02,L2,stability,validation,116,41116,1221.4816909249628
l2_repeat_02,L2,stability,validation,117,41117,1195.1542851421189
l2_repeat_02,L2,stability,validation,118,41118,1363.1908422658837
l2_repeat_02,L2,stability,validation,119,41119,1237.3168977315124
l2_repeat_02,L2,stability,validation,120,41120,1744.5720078784336
l2_repeat_02,L2,stability,validation,121,41121,1299.2361250053473
l2_repeat_02,L2,stability,validation,122,41122,1263.1099428074326
l2_repeat_02,L2,stability,validation,123,41123,1230.2051792718546
l2_repeat_02,L2,stability,validation,124,41124,1177.0849499110325
l2_repeat_02,L2,stability,validation,125,41125,1166.3019295704653
l2_repeat_02,L2,stability,validation,126,41126,1190.0059022010917
l2_repeat_02,L2,stability,validation,127,41127,1269.5652631101689
l2_repeat_02,L2,stability,validation,128,41128,1307.6149074012014
l2_repeat_02,L2,stability,validation,129,41129,1290.253330336364
l2_repeat_02,L2,stability,validation,130,41130,1245.6491986765514
l2_repeat_02,L2,stability,validation,131,41131,1307.6712316546539
l2_repeat_02,L2,stability,validation,132,41132,1226.9320554508217
l2_repeat_02,L2,stability,validation,133,41133,1273.8902395268967
l2_repeat_02,L2,stability,validation,134,41134,1265.5718721148032
l2_repeat_02,L2,stability,validation,135,41135,1232.8928162984016
l2_repeat_02,L2,stability,validation,136,41136,1162.1859263473286
l2_repeat_02,L2,stability,validation,137,41137,1268.531599986964
l2_repeat_02,L2,stability,validation,138,41138,1433.9976626012815
l2_repeat_02,L2,stability,validation,139,41139,1599.6507145966125
l2_repeat_02,L2,stability,validation,140,41140,1211.8203486482419
l2_repeat_02,L2,stability,validation,141,41141,1315.6465293876265
l2_repeat_02,L2,stability,validation,142,41142,1251.0027456566854
l2_repeat_02,L2,stability,validation,143,41143,1310.8285167751174
l2_repeat_02,L2,stability,validation,144,41144,1186.4932105251748
l2_repeat_02,L2,stability,validation,145,41145,1248.0070620954393
l2_repeat_02,L2,stability,validation,146,41146,3582.660656835692
l2_repeat_02,L2,stability,validation,147,41147,1218.3314647721052
l2_repeat_02,L2,stability,validation,148,41148,1171.6694506162205
l2_repeat_02,L2,stability,validation,149,41149,1228.1343634371583
l2_repeat_02,L2,stability,validation,150,41150,1256.7075156912008
l2_repeat_02,L2,stability,validation,151,41151,1302.671596502409
l2_repeat_02,L2,stability,validation,152,41152,1770.2722077906053
l2_repeat_02,L2,stability,validation,153,41153,1251.0115624303653
l2_repeat_02,L2,stability,validation,154,41154,1610.8179869948642
l2_repeat_02,L2,stability,validation,155,41155,1251.0937281889585
l2_repeat_02,L2,stability,validation,156,41156,1231.5587344068954
l2_repeat_02,L2,stability,validation,157,41157,1976.7212459770585
l2_repeat_02,L2,stability,validation,158,41158,1226.0615005250168
l2_repeat_02,L2,stability,validation,159,41159,1279.9254463888783
l2_repeat_02,L2,stability,validation,160,41160,1251.1464767382026
l2_repeat_02,L2,stability,validation,161,41161,1192.3244582026996
l2_repeat_02,L2,stability,validation,162,41162,1264.2430351929454
l2_repeat_02,L2,stability,validation,163,41163,1542.1296443393908
l2_repeat_02,L2,stability,validation,164,41164,1255.7763363813033
l2_repeat_02,L2,stability,validation,165,41165,1183.7852013263985
l2_repeat_02,L2,stability,validation,166,41166,1285.3230060031215
l2_repeat_02,L2,stability,validation,167,41167,1255.6635228893517
l2_repeat_02,L2,stability,validation,168,41168,1253.4908320301415
l2_repeat_02,L2,stability,validation,169,41169,1620.6963690713753
l2_repeat_02,L2,stability,validation,170,41170,1190.6216215707243
l2_repeat_02,L2,stability,validation,171,41171,1211.4962515197901
l2_repeat_02,L2,stability,validation,172,41172,1228.0740711348483
l2_repeat_02,L2,stability,validation,173,41173,1237.588525945361
l2_repeat_02,L2,stability,validation,174,41174,1269.947672131283
l2_repeat_02,L2,stability,validation,175,41175,1218.6060732580459
l2_repeat_02,L2,stability,validation,176,41176,1191.628938591482
l2_repeat_02,L2,stability,validation,177,41177,1170.021533891188
l2_repeat_02,L2,stability,validation,178,41178,1298.453174599296
l2_repeat_02,L2,stability,validation,179,41179,1276.3845349642131
l2_repeat_02,L2,stability,validation,180,41180,1202.4371678480709
l2_repeat_02,L2,stability,validation,181,41181,1172.8586390468565
l2_repeat_02,L2,stability,validation,182,41182,1156.485185437902
l2_repeat_02,L2,stability,validation,183,41183,1288.7701164435562
l2_repeat_02,L2,stability,validation,184,41184,1280.9693756048855
l2_repeat_02,L2,stability,validation,185,41185,1208.6756886526243
l2_repeat_02,L2,stability,validation,186,41186,1228.977382786348
l2_repeat_02,L2,stability,validation,187,41187,1333.4378893468404
l2_repeat_02,L2,stability,validation,188,41188,1223.2228551620979
l2_repeat_02,L2,stability,validation,189,41189,1331.2855045117817
l2_repeat_02,L2,stability,validation,190,41190,1264.9592352954849
l2_repeat_02,L2,stability,validation,191,41191,1399.096203573218
l2_repeat_02,L2,stability,validation,192,41192,1252.2782273699834
l2_repeat_02,L2,stability,validation,193,41193,1868.6401548410238
l2_repeat_02,L2,stability,validation,194,41194,1149.0306076675436
l2_repeat_02,L2,stability,validation,195,41195,1260.8526222096348
l2_repeat_02,L2,stability,validation,196,41196,1206.659629357128
l2_repeat_02,L2,stability,validation,197,41197,1299.0559523162462
l2_repeat_02,L2,stability,validation,198,41198,1222.7210914139473
l2_repeat_02,L2,stability,validation,199,41199,1280.0625779860886
l2_repeat_02,L2,stability,validation,200,41200,1430.4570593711624
l2_repeat_02,L2,stability,fresh,1,51001,1223.582607180827
l2_repeat_02,L2,stability,fresh,2,51002,1199.90223832079
l2_repeat_02,L2,stability,fresh,3,51003,1330.836153732946
l2_repeat_02,L2,stability,fresh,4,51004,1199.5858712700874
l2_repeat_02,L2,stability,fresh,5,51005,1303.7977904453971
l2_repeat_02,L2,stability,fresh,6,51006,1244.279764893686
l2_repeat_02,L2,stability,fresh,7,51007,1231.7950807796383
l2_repeat_02,L2,stability,fresh,8,51008,1216.907594026661
l2_repeat_02,L2,stability,fresh,9,51009,1178.783257394685
l2_repeat_02,L2,stability,fresh,10,51010,1199.6523701365984
l2_repeat_02,L2,stability,fresh,11,51011,1257.5564252503716
l2_repeat_02,L2,stability,fresh,12,51012,2409.3989366781716
l2_repeat_02,L2,stability,fresh,13,51013,1167.8921580855422
l2_repeat_02,L2,stability,fresh,14,51014,1246.539070988719
l2_repeat_02,L2,stability,fresh,15,51015,1235.670500168559
l2_repeat_02,L2,stability,fresh,16,51016,1231.8291647970827
l2_repeat_02,L2,stability,fresh,17,51017,1320.1361605322284
l2_repeat_02,L2,stability,fresh,18,51018,1313.0488848728608
l2_repeat_02,L2,stability,fresh,19,51019,1237.867220512436
l2_repeat_02,L2,stability,fresh,20,51020,1255.5643511593448
l2_repeat_02,L2,stability,fresh,21,51021,1294.6460334831254
l2_repeat_02,L2,stability,fresh,22,51022,1213.902279602407
l2_repeat_02,L2,stability,fresh,23,51023,1281.8290438428537
l2_repeat_02,L2,stability,fresh,24,51024,1210.7818881962562
l2_repeat_02,L2,stability,fresh,25,51025,1234.5593942545784
l2_repeat_02,L2,stability,fresh,26,51026,1269.7958651506635
l2_repeat_02,L2,stability,fresh,27,51027,1272.5683580486955
l2_repeat_02,L2,stability,fresh,28,51028,1232.7501081420362
l2_repeat_02,L2,stability,fresh,29,51029,1260.544474459867
l2_repeat_02,L2,stability,fresh,30,51030,1245.8358167853169
l2_repeat_02,L2,stability,fresh,31,51031,1248.8998208039504
l2_repeat_02,L2,stability,fresh,32,51032,2080.9075285663166
l2_repeat_02,L2,stability,fresh,33,51033,1315.317708907504
l2_repeat_02,L2,stability,fresh,34,51034,1215.5312675568446
l2_repeat_02,L2,stability,fresh,35,51035,1241.7168571257102
l2_repeat_02,L2,stability,fresh,36,51036,1251.4476669750507
l2_repeat_02,L2,stability,fresh,37,51037,1316.0367490617164
l2_repeat_02,L2,stability,fresh,38,51038,1265.7474590216732
l2_repeat_02,L2,stability,fresh,39,51039,1192.7956532308528
l2_repeat_02,L2,stability,fresh,40,51040,1192.1103072888393
l2_repeat_02,L2,stability,fresh,41,51041,1275.3782605092108
l2_repeat_02,L2,stability,fresh,42,51042,1248.5130653554131
l2_repeat_02,L2,stability,fresh,43,51043,1311.7093668014231
l2_repeat_02,L2,stability,fresh,44,51044,1226.215337233769
l2_repeat_02,L2,stability,fresh,45,51045,1197.7673051681588
l2_repeat_02,L2,stability,fresh,46,51046,1273.4294644876181
l2_repeat_02,L2,stability,fresh,47,51047,1193.8874393729368
l2_repeat_02,L2,stability,fresh,48,51048,1207.0746756449116
l2_repeat_02,L2,stability,fresh,49,51049,1224.1775958598469
l2_repeat_02,L2,stability,fresh,50,51050,1201.8004365081454
l2_repeat_02,L2,stability,fresh,51,51051,1221.8621064150086
l2_repeat_02,L2,stability,fresh,52,51052,1236.0009304257517
l2_repeat_02,L2,stability,fresh,53,51053,1258.515996327439
l2_repeat_02,L2,stability,fresh,54,51054,2112.296607683496
l2_repeat_02,L2,stability,fresh,55,51055,1306.6174897209773
l2_repeat_02,L2,stability,fresh,56,51056,1206.6757811691668
l2_repeat_02,L2,stability,fresh,57,51057,1178.7473112205976
l2_repeat_02,L2,stability,fresh,58,51058,1268.9375995000514
l2_repeat_02,L2,stability,fresh,59,51059,1180.071699246531
l2_repeat_02,L2,stability,fresh,60,51060,1197.3405799114444
l2_repeat_02,L2,stability,fresh,61,51061,1240.0955714428649
l2_repeat_02,L2,stability,fresh,62,51062,1360.0020307892573
l2_repeat_02,L2,stability,fresh,63,51063,1251.8333572394527
l2_repeat_02,L2,stability,fresh,64,51064,1188.1162375882036
l2_repeat_02,L2,stability,fresh,65,51065,1259.374312243184
l2_repeat_02,L2,stability,fresh,66,51066,1219.3298855046974
l2_repeat_02,L2,stability,fresh,67,51067,1299.9309690078842
l2_repeat_02,L2,stability,fresh,68,51068,1219.272644958157
l2_repeat_02,L2,stability,fresh,69,51069,1206.1691372822181
l2_repeat_02,L2,stability,fresh,70,51070,1196.0094453771383
l2_repeat_02,L2,stability,fresh,71,51071,1241.0589186311734
l2_repeat_02,L2,stability,fresh,72,51072,1243.0950653837085
l2_repeat_02,L2,stability,fresh,73,51073,1200.6353690415206
l2_repeat_02,L2,stability,fresh,74,51074,1216.4527684900645
l2_repeat_02,L2,stability,fresh,75,51075,2140.0504988521725
l2_repeat_02,L2,stability,fresh,76,51076,2109.071566683508
l2_repeat_02,L2,stability,fresh,77,51077,1232.0675388107034
l2_repeat_02,L2,stability,fresh,78,51078,1295.124487015578
l2_repeat_02,L2,stability,fresh,79,51079,1645.0142774948376
l2_repeat_02,L2,stability,fresh,80,51080,1278.2103361945951
l2_repeat_02,L2,stability,fresh,81,51081,1199.265985880401
l2_repeat_02,L2,stability,fresh,82,51082,1706.8938715145282
l2_repeat_02,L2,stability,fresh,83,51083,1238.5347625140373
l2_repeat_02,L2,stability,fresh,84,51084,1328.6616520399605
l2_repeat_02,L2,stability,fresh,85,51085,1283.1872751626274
l2_repeat_02,L2,stability,fresh,86,51086,1363.1175909397425
l2_repeat_02,L2,stability,fresh,87,51087,1217.4560068502135
l2_repeat_02,L2,stability,fresh,88,51088,1261.4375374854135
l2_repeat_02,L2,stability,fresh,89,51089,1264.8222255225487
l2_repeat_02,L2,stability,fresh,90,51090,1273.7809388122741
l2_repeat_02,L2,stability,fresh,91,51091,2164.7807938141864
l2_repeat_02,L2,stability,fresh,92,51092,1251.1569322374999
l2_repeat_02,L2,stability,fresh,93,51093,2050.7894479589136
l2_repeat_02,L2,stability,fresh,94,51094,1219.499177069547
l2_repeat_02,L2,stability,fresh,95,51095,1273.8569596399946
l2_repeat_02,L2,stability,fresh,96,51096,1191.0307188263866
l2_repeat_02,L2,stability,fresh,97,51097,1237.216069978514
l2_repeat_02,L2,stability,fresh,98,51098,1193.5252712218353
l2_repeat_02,L2,stability,fresh,99,51099,1165.5876891562477
l2_repeat_02,L2,stability,fresh,100,51100,1307.8520925413998
l2_repeat_02,L2,stability,fresh,101,51101,1257.5798288085464
l2_repeat_02,L2,stability,fresh,102,51102,1178.5891169029528
l2_repeat_02,L2,stability,fresh,103,51103,1305.0473991704514
l2_repeat_02,L2,stability,fresh,104,51104,1241.407883278226
l2_repeat_02,L2,stability,fresh,105,51105,1216.563656805881
l2_repeat_02,L2,stability,fresh,106,51106,1266.782398258979
l2_repeat_02,L2,stability,fresh,107,51107,1290.971661757101
l2_repeat_02,L2,stability,fresh,108,51108,1195.9603259699072
l2_repeat_02,L2,stability,fresh,109,51109,1183.8701502701094
l2_repeat_02,L2,stability,fresh,110,51110,1228.5866155997385
l2_repeat_02,L2,stability,fresh,111,51111,1307.3696197283373
l2_repeat_02,L2,stability,fresh,112,51112,3026.764423361477
l2_repeat_02,L2,stability,fresh,113,51113,1248.1014595142312
l2_repeat_02,L2,stability,fresh,114,51114,1216.2276468257537
l2_repeat_02,L2,stability,fresh,115,51115,1184.40189609957
l2_repeat_02,L2,stability,fresh,116,51116,1187.3054225069689
l2_repeat_02,L2,stability,fresh,117,51117,1215.4140060391398
l2_repeat_02,L2,stability,fresh,118,51118,1253.1534337627215
l2_repeat_02,L2,stability,fresh,119,51119,1273.4548452681438
l2_repeat_02,L2,stability,fresh,120,51120,1233.4883719024258
l2_repeat_02,L2,stability,fresh,121,51121,1228.2566222256337
l2_repeat_02,L2,stability,fresh,122,51122,1254.6438692129632
l2_repeat_02,L2,stability,fresh,123,51123,1224.4817746863137
l2_repeat_02,L2,stability,fresh,124,51124,1171.2377751459753
l2_repeat_02,L2,stability,fresh,125,51125,1288.9336133526892
l2_repeat_02,L2,stability,fresh,126,51126,1224.8127593688855
l2_repeat_02,L2,stability,fresh,127,51127,1196.1042109931618
l2_repeat_02,L2,stability,fresh,128,51128,1277.2881915970358
l2_repeat_02,L2,stability,fresh,129,51129,1220.500884233565
l2_repeat_02,L2,stability,fresh,130,51130,1293.881402642824
l2_repeat_02,L2,stability,fresh,131,51131,1217.6265689726772
l2_repeat_02,L2,stability,fresh,132,51132,1309.7676342130355
l2_repeat_02,L2,stability,fresh,133,51133,1264.9038685937671
l2_repeat_02,L2,stability,fresh,134,51134,1229.8575508330487
l2_repeat_02,L2,stability,fresh,135,51135,1271.8193791667643
l2_repeat_02,L2,stability,fresh,136,51136,1186.7425342489275
l2_repeat_02,L2,stability,fresh,137,51137,1262.101634971667
l2_repeat_02,L2,stability,fresh,138,51138,1288.5700634498667
l2_repeat_02,L2,stability,fresh,139,51139,2361.9282994453483
l2_repeat_02,L2,stability,fresh,140,51140,1276.7190783137423
l2_repeat_02,L2,stability,fresh,141,51141,3717.7177544817932
l2_repeat_02,L2,stability,fresh,142,51142,1225.7363021863987
l2_repeat_02,L2,stability,fresh,143,51143,1262.7119310510748
l2_repeat_02,L2,stability,fresh,144,51144,3006.5153329748355
l2_repeat_02,L2,stability,fresh,145,51145,1280.309282400199
l2_repeat_02,L2,stability,fresh,146,51146,1269.9549785328577
l2_repeat_02,L2,stability,fresh,147,51147,1254.0282414877236
l2_repeat_02,L2,stability,fresh,148,51148,1210.105453359416
l2_repeat_02,L2,stability,fresh,149,51149,1229.6622019745505
l2_repeat_02,L2,stability,fresh,150,51150,1216.1435462078477
l2_repeat_02,L2,stability,fresh,151,51151,1252.532107152171
l2_repeat_02,L2,stability,fresh,152,51152,1268.6175645006615
l2_repeat_02,L2,stability,fresh,153,51153,2379.313740998012
l2_repeat_02,L2,stability,fresh,154,51154,1176.7769837535898
l2_repeat_02,L2,stability,fresh,155,51155,1295.1812053335923
l2_repeat_02,L2,stability,fresh,156,51156,1319.209914515241
l2_repeat_02,L2,stability,fresh,157,51157,1249.3248629299208
l2_repeat_02,L2,stability,fresh,158,51158,1268.9415081456953
l2_repeat_02,L2,stability,fresh,159,51159,1143.4067754526307
l2_repeat_02,L2,stability,fresh,160,51160,1189.7371649259396
l2_repeat_02,L2,stability,fresh,161,51161,1266.393862871893
l2_repeat_02,L2,stability,fresh,162,51162,1278.3014011157404
l2_repeat_02,L2,stability,fresh,163,51163,1199.6319089650785
l2_repeat_02,L2,stability,fresh,164,51164,1402.6247824018453
l2_repeat_02,L2,stability,fresh,165,51165,1246.1458362640976
l2_repeat_02,L2,stability,fresh,166,51166,1324.791588911538
l2_repeat_02,L2,stability,fresh,167,51167,1251.0651654410462
l2_repeat_02,L2,stability,fresh,168,51168,1435.8845261291515
l2_repeat_02,L2,stability,fresh,169,51169,1328.572007035385
l2_repeat_02,L2,stability,fresh,170,51170,1247.4713895804657
l2_repeat_02,L2,stability,fresh,171,51171,1276.376685133352
l2_repeat_02,L2,stability,fresh,172,51172,1366.9897941666197
l2_repeat_02,L2,stability,fresh,173,51173,1216.0454927181672
l2_repeat_02,L2,stability,fresh,174,51174,1279.7885308162845
l2_repeat_02,L2,stability,fresh,175,51175,1267.4028132972824
l2_repeat_02,L2,stability,fresh,176,51176,1262.9773786429507
l2_repeat_02,L2,stability,fresh,177,51177,1335.8326574632201
l2_repeat_02,L2,stability,fresh,178,51178,1260.018840957065
l2_repeat_02,L2,stability,fresh,179,51179,1235.4660630142264
l2_repeat_02,L2,stability,fresh,180,51180,1279.1119229169706
l2_repeat_02,L2,stability,fresh,181,51181,1238.4950958599027
l2_repeat_02,L2,stability,fresh,182,51182,1281.8856649918032
l2_repeat_02,L2,stability,fresh,183,51183,1246.4259753594858
l2_repeat_02,L2,stability,fresh,184,51184,1502.434978380442
l2_repeat_02,L2,stability,fresh,185,51185,1175.6076000324563
l2_repeat_02,L2,stability,fresh,186,51186,1279.8843158325265
l2_repeat_02,L2,stability,fresh,187,51187,1267.602892059806
l2_repeat_02,L2,stability,fresh,188,51188,1203.388640152334
l2_repeat_02,L2,stability,fresh,189,51189,1409.2509958925766
l2_repeat_02,L2,stability,fresh,190,51190,1221.8099480312758
l2_repeat_02,L2,stability,fresh,191,51191,1254.609218161173
l2_repeat_02,L2,stability,fresh,192,51192,1203.7358620858333
l2_repeat_02,L2,stability,fresh,193,51193,1283.853168466153
l2_repeat_02,L2,stability,fresh,194,51194,1205.106118748624
l2_repeat_02,L2,stability,fresh,195,51195,1208.2207759416522
l2_repeat_02,L2,stability,fresh,196,51196,1254.4741212772203
l2_repeat_02,L2,stability,fresh,197,51197,1257.2427220437085
l2_repeat_02,L2,stability,fresh,198,51198,1205.765180896529
l2_repeat_02,L2,stability,fresh,199,51199,1252.5192678528276
l2_repeat_02,L2,stability,fresh,200,51200,1566.7806015351039
l2_repeat_03,L2,stability,excel,1,111,1678.0237272796653
l2_repeat_03,L2,stability,excel,2,112,1232.7181685498522
l2_repeat_03,L2,stability,excel,3,113,1177.9825623894985
l2_repeat_03,L2,stability,excel,4,114,1262.911662974526
l2_repeat_03,L2,stability,excel,5,115,2008.7591038648923
l2_repeat_03,L2,stability,excel,6,116,1571.0696701762115
l2_repeat_03,L2,stability,excel,7,117,1674.8176262734314
l2_repeat_03,L2,stability,excel,8,118,1243.8855250148113
l2_repeat_03,L2,stability,excel,9,119,1279.5183523748483
l2_repeat_03,L2,stability,excel,10,120,1297.277852704376
l2_repeat_03,L2,stability,excel,11,121,1292.3178448688413
l2_repeat_03,L2,stability,excel,12,122,1280.3423526849915
l2_repeat_03,L2,stability,excel,13,123,1199.3840355753903
l2_repeat_03,L2,stability,excel,14,124,1237.7626536877688
l2_repeat_03,L2,stability,excel,15,125,1223.3263684984156
l2_repeat_03,L2,stability,excel,16,126,1290.636278757506
l2_repeat_03,L2,stability,excel,17,127,1260.0837564670442
l2_repeat_03,L2,stability,excel,18,128,1253.1717608806036
l2_repeat_03,L2,stability,excel,19,129,1281.9539001727712
l2_repeat_03,L2,stability,excel,20,130,1290.2457006318257
l2_repeat_03,L2,stability,excel,21,131,1253.3882603825525
l2_repeat_03,L2,stability,excel,22,132,1275.2091063730777
l2_repeat_03,L2,stability,excel,23,133,1318.5792594330696
l2_repeat_03,L2,stability,excel,24,134,1291.5063296742196
l2_repeat_03,L2,stability,excel,25,135,1221.5647973215312
l2_repeat_03,L2,stability,excel,26,136,1351.3592417260822
l2_repeat_03,L2,stability,excel,27,137,1192.416726477285
l2_repeat_03,L2,stability,excel,28,138,1438.7844625208397
l2_repeat_03,L2,stability,excel,29,139,1354.3867185017223
l2_repeat_03,L2,stability,excel,30,140,1288.7436245309482
l2_repeat_03,L2,stability,excel,31,141,1256.940320355793
l2_repeat_03,L2,stability,excel,32,142,1214.0161308870208
l2_repeat_03,L2,stability,excel,33,143,1272.0147004882735
l2_repeat_03,L2,stability,excel,34,144,1186.0543425418398
l2_repeat_03,L2,stability,excel,35,145,1249.9065082610853
l2_repeat_03,L2,stability,excel,36,146,1194.4700297759136
l2_repeat_03,L2,stability,excel,37,147,1316.0447679048984
l2_repeat_03,L2,stability,excel,38,148,1310.4369455806757
l2_repeat_03,L2,stability,excel,39,149,3701.058786239287
l2_repeat_03,L2,stability,excel,40,150,1259.0438089932393
l2_repeat_03,L2,stability,excel,41,151,1202.646386050789
l2_repeat_03,L2,stability,excel,42,152,1306.97351428071
l2_repeat_03,L2,stability,excel,43,153,1328.9280972450886
l2_repeat_03,L2,stability,excel,44,154,1257.473149714117
l2_repeat_03,L2,stability,excel,45,155,1274.8396071724137
l2_repeat_03,L2,stability,excel,46,156,1260.4176897668929
l2_repeat_03,L2,stability,excel,47,157,1380.4064281185756
l2_repeat_03,L2,stability,excel,48,158,1226.354018856229
l2_repeat_03,L2,stability,excel,49,159,1505.9679793212401
l2_repeat_03,L2,stability,excel,50,160,1318.4224545552224
l2_repeat_03,L2,stability,excel,51,161,1176.2917316311725
l2_repeat_03,L2,stability,excel,52,162,1270.0521260162743
l2_repeat_03,L2,stability,excel,53,163,1240.8786349297939
l2_repeat_03,L2,stability,excel,54,164,1236.1008703224315
l2_repeat_03,L2,stability,excel,55,165,2810.9758670857727
l2_repeat_03,L2,stability,excel,56,166,1221.29274163606
l2_repeat_03,L2,stability,excel,57,167,1262.7188551927877
l2_repeat_03,L2,stability,excel,58,168,1296.7623478919443
l2_repeat_03,L2,stability,excel,59,169,1266.9941930294237
l2_repeat_03,L2,stability,excel,60,170,1216.542958470829
l2_repeat_03,L2,stability,excel,61,171,1218.6946150851777
l2_repeat_03,L2,stability,excel,62,172,1257.1348014556118
l2_repeat_03,L2,stability,excel,63,173,1244.7685238946626
l2_repeat_03,L2,stability,excel,64,174,1267.8377474092777
l2_repeat_03,L2,stability,excel,65,175,1220.182872262432
l2_repeat_03,L2,stability,excel,66,176,1236.1387516958698
l2_repeat_03,L2,stability,excel,67,177,1214.8409450658178
l2_repeat_03,L2,stability,excel,68,178,1380.514097982772
l2_repeat_03,L2,stability,excel,69,179,1243.5109233979776
l2_repeat_03,L2,stability,excel,70,180,1196.047213665637
l2_repeat_03,L2,stability,excel,71,181,1283.6177970230685
l2_repeat_03,L2,stability,excel,72,182,1216.0394175935105
l2_repeat_03,L2,stability,excel,73,183,1255.7392623907558
l2_repeat_03,L2,stability,excel,74,184,1251.1349444149919
l2_repeat_03,L2,stability,excel,75,185,1218.3630984021786
l2_repeat_03,L2,stability,excel,76,186,1175.4220991535517
l2_repeat_03,L2,stability,excel,77,187,1200.8646410152473
l2_repeat_03,L2,stability,excel,78,188,1313.187909496781
l2_repeat_03,L2,stability,excel,79,189,1198.2021751301688
l2_repeat_03,L2,stability,excel,80,190,1254.8498899643184
l2_repeat_03,L2,stability,excel,81,191,1259.3401045816329
l2_repeat_03,L2,stability,excel,82,192,1191.197472419701
l2_repeat_03,L2,stability,excel,83,193,1201.7105154333883
l2_repeat_03,L2,stability,excel,84,194,1244.1119654426036
l2_repeat_03,L2,stability,excel,85,195,1237.0028484382349
l2_repeat_03,L2,stability,excel,86,196,1236.225766684645
l2_repeat_03,L2,stability,excel,87,197,1281.0856663311772
l2_repeat_03,L2,stability,excel,88,198,1258.2648869527347
l2_repeat_03,L2,stability,excel,89,199,1196.6941440870555
l2_repeat_03,L2,stability,excel,90,200,2063.788771613082
l2_repeat_03,L2,stability,excel,91,201,1266.0896405466208
l2_repeat_03,L2,stability,excel,92,202,1310.0036638555882
l2_repeat_03,L2,stability,excel,93,203,1147.6281457196324
l2_repeat_03,L2,stability,excel,94,204,1266.6890152555727
l2_repeat_03,L2,stability,excel,95,205,2019.981167852412
l2_repeat_03,L2,stability,excel,96,206,1202.360415044253
l2_repeat_03,L2,stability,excel,97,207,1258.3655369876176
l2_repeat_03,L2,stability,excel,98,208,1246.5259357381287
l2_repeat_03,L2,stability,excel,99,209,1224.8880198363152
l2_repeat_03,L2,stability,excel,100,210,1219.9572819787
l2_repeat_03,L2,stability,excel,101,211,1196.9759485266316
l2_repeat_03,L2,stability,excel,102,212,1319.9799080187106
l2_repeat_03,L2,stability,excel,103,213,1378.0389040449227
l2_repeat_03,L2,stability,excel,104,214,1271.5525544832958
l2_repeat_03,L2,stability,excel,105,215,1283.0453843216585
l2_repeat_03,L2,stability,excel,106,216,1229.5537541552735
l2_repeat_03,L2,stability,excel,107,217,1171.8938116287804
l2_repeat_03,L2,stability,excel,108,218,1256.9492602100763
l2_repeat_03,L2,stability,excel,109,219,1398.4571184432805
l2_repeat_03,L2,stability,excel,110,220,1220.4117490441013
l2_repeat_03,L2,stability,excel,111,221,1207.9995231471262
l2_repeat_03,L2,stability,excel,112,222,1210.6039029543044
l2_repeat_03,L2,stability,excel,113,223,2064.230522455214
l2_repeat_03,L2,stability,excel,114,224,1228.13763107401
l2_repeat_03,L2,stability,excel,115,225,1187.6228112889962
l2_repeat_03,L2,stability,excel,116,226,1191.6798976703114
l2_repeat_03,L2,stability,excel,117,227,1362.565926391177
l2_repeat_03,L2,stability,excel,118,228,1244.5946219576244
l2_repeat_03,L2,stability,excel,119,229,1200.6570256651332
l2_repeat_03,L2,stability,excel,120,230,1268.8235953376386
l2_repeat_03,L2,stability,excel,121,231,1249.2943331917973
l2_repeat_03,L2,stability,excel,122,232,1253.4207076751843
l2_repeat_03,L2,stability,excel,123,233,1232.9063644966998
l2_repeat_03,L2,stability,excel,124,234,1244.9407769427055
l2_repeat_03,L2,stability,excel,125,235,1190.4537863246878
l2_repeat_03,L2,stability,excel,126,236,1320.6765793290112
l2_repeat_03,L2,stability,excel,127,237,1190.5224385955148
l2_repeat_03,L2,stability,excel,128,238,1307.0397429632803
l2_repeat_03,L2,stability,excel,129,239,1705.1726323412615
l2_repeat_03,L2,stability,excel,130,240,1204.844272435103
l2_repeat_03,L2,stability,excel,131,241,1321.755059931237
l2_repeat_03,L2,stability,excel,132,242,1275.0464847598482
l2_repeat_03,L2,stability,excel,133,243,1211.1050121383223
l2_repeat_03,L2,stability,excel,134,244,1548.783657187446
l2_repeat_03,L2,stability,excel,135,245,1287.9037554194574
l2_repeat_03,L2,stability,excel,136,246,1218.9324743769193
l2_repeat_03,L2,stability,excel,137,247,1181.3441283139402
l2_repeat_03,L2,stability,excel,138,248,1318.2018338670978
l2_repeat_03,L2,stability,excel,139,249,1251.7543425749968
l2_repeat_03,L2,stability,excel,140,250,1191.2756496837997
l2_repeat_03,L2,stability,excel,141,251,1248.8661398613785
l2_repeat_03,L2,stability,excel,142,252,1365.6538782371774
l2_repeat_03,L2,stability,excel,143,253,1409.7828181102657
l2_repeat_03,L2,stability,excel,144,254,1179.6928158376418
l2_repeat_03,L2,stability,excel,145,255,1284.241020666971
l2_repeat_03,L2,stability,excel,146,256,1286.2823046794003
l2_repeat_03,L2,stability,excel,147,257,1321.255444162303
l2_repeat_03,L2,stability,excel,148,258,1208.9189809640602
l2_repeat_03,L2,stability,excel,149,259,1234.4911457691874
l2_repeat_03,L2,stability,excel,150,260,1262.3380197100823
l2_repeat_03,L2,stability,excel,151,261,1260.2753291595247
l2_repeat_03,L2,stability,excel,152,262,1278.3450344147473
l2_repeat_03,L2,stability,excel,153,263,1241.1983300280313
l2_repeat_03,L2,stability,excel,154,264,1171.9954735597616
l2_repeat_03,L2,stability,excel,155,265,1218.1089887578196
l2_repeat_03,L2,stability,excel,156,266,1278.4450835660753
l2_repeat_03,L2,stability,excel,157,267,1265.7025743295987
l2_repeat_03,L2,stability,excel,158,268,1366.2751528597266
l2_repeat_03,L2,stability,excel,159,269,1221.106595982225
l2_repeat_03,L2,stability,excel,160,270,1270.2976632156324
l2_repeat_03,L2,stability,excel,161,271,1218.5628296629918
l2_repeat_03,L2,stability,excel,162,272,1249.3964545744245
l2_repeat_03,L2,stability,excel,163,273,1369.0746371868177
l2_repeat_03,L2,stability,excel,164,274,1342.3575891292012
l2_repeat_03,L2,stability,excel,165,275,1207.0765201875554
l2_repeat_03,L2,stability,excel,166,276,1199.5847578552123
l2_repeat_03,L2,stability,excel,167,277,1299.6952648345323
l2_repeat_03,L2,stability,excel,168,278,1925.3192346856208
l2_repeat_03,L2,stability,excel,169,279,1419.047735636127
l2_repeat_03,L2,stability,excel,170,280,1328.3691686564546
l2_repeat_03,L2,stability,excel,171,281,1304.0478095464703
l2_repeat_03,L2,stability,excel,172,282,1264.6915508808354
l2_repeat_03,L2,stability,excel,173,283,1169.2733815339525
l2_repeat_03,L2,stability,excel,174,284,1275.4200239763818
l2_repeat_03,L2,stability,excel,175,285,1265.528668635478
l2_repeat_03,L2,stability,excel,176,286,1290.4123159372398
l2_repeat_03,L2,stability,excel,177,287,1420.1812663255103
l2_repeat_03,L2,stability,excel,178,288,1181.0480341794316
l2_repeat_03,L2,stability,excel,179,289,1216.881020688722
l2_repeat_03,L2,stability,excel,180,290,1290.6357137519153
l2_repeat_03,L2,stability,excel,181,291,1198.1390745449369
l2_repeat_03,L2,stability,excel,182,292,1267.531819066149
l2_repeat_03,L2,stability,excel,183,293,1259.3485307811013
l2_repeat_03,L2,stability,excel,184,294,1207.0374427359498
l2_repeat_03,L2,stability,excel,185,295,1209.076029414709
l2_repeat_03,L2,stability,excel,186,296,1212.556664121436
l2_repeat_03,L2,stability,excel,187,297,1261.1948547212696
l2_repeat_03,L2,stability,excel,188,298,1203.2553527340224
l2_repeat_03,L2,stability,excel,189,299,1313.3184853045532
l2_repeat_03,L2,stability,excel,190,300,1231.9805304120796
l2_repeat_03,L2,stability,excel,191,301,1335.2380575340135
l2_repeat_03,L2,stability,excel,192,302,1238.279233001298
l2_repeat_03,L2,stability,excel,193,303,1374.7686156173304
l2_repeat_03,L2,stability,excel,194,304,1211.9696823255397
l2_repeat_03,L2,stability,excel,195,305,1240.2789711231574
l2_repeat_03,L2,stability,excel,196,306,1334.7074218718942
l2_repeat_03,L2,stability,excel,197,307,1172.5869575616712
l2_repeat_03,L2,stability,excel,198,308,1255.6635213491597
l2_repeat_03,L2,stability,excel,199,309,1337.5606627104626
l2_repeat_03,L2,stability,excel,200,310,1235.9191971166679
l2_repeat_03,L2,stability,validation,1,41001,1289.699199950707
l2_repeat_03,L2,stability,validation,2,41002,1291.5888153909866
l2_repeat_03,L2,stability,validation,3,41003,1262.257394616326
l2_repeat_03,L2,stability,validation,4,41004,1282.6045041170166
l2_repeat_03,L2,stability,validation,5,41005,1231.8977685790353
l2_repeat_03,L2,stability,validation,6,41006,1232.8408448192656
l2_repeat_03,L2,stability,validation,7,41007,1174.3418053515904
l2_repeat_03,L2,stability,validation,8,41008,1299.7433025663076
l2_repeat_03,L2,stability,validation,9,41009,1212.4202783541887
l2_repeat_03,L2,stability,validation,10,41010,1207.9559504532774
l2_repeat_03,L2,stability,validation,11,41011,1268.1190830913088
l2_repeat_03,L2,stability,validation,12,41012,1171.4335970848235
l2_repeat_03,L2,stability,validation,13,41013,1236.1857597481803
l2_repeat_03,L2,stability,validation,14,41014,1317.5527891755262
l2_repeat_03,L2,stability,validation,15,41015,1296.512708357603
l2_repeat_03,L2,stability,validation,16,41016,1310.3478264568078
l2_repeat_03,L2,stability,validation,17,41017,1265.1249437436334
l2_repeat_03,L2,stability,validation,18,41018,1349.7399215975706
l2_repeat_03,L2,stability,validation,19,41019,1847.1744868824753
l2_repeat_03,L2,stability,validation,20,41020,1180.3570496162818
l2_repeat_03,L2,stability,validation,21,41021,1215.1171899165213
l2_repeat_03,L2,stability,validation,22,41022,1384.7163865343964
l2_repeat_03,L2,stability,validation,23,41023,1224.0616217929166
l2_repeat_03,L2,stability,validation,24,41024,1275.4244752077477
l2_repeat_03,L2,stability,validation,25,41025,1413.4053992207482
l2_repeat_03,L2,stability,validation,26,41026,1970.2462886994708
l2_repeat_03,L2,stability,validation,27,41027,1223.350576271455
l2_repeat_03,L2,stability,validation,28,41028,1189.685753741065
l2_repeat_03,L2,stability,validation,29,41029,1261.2907447424561
l2_repeat_03,L2,stability,validation,30,41030,1273.9005266581294
l2_repeat_03,L2,stability,validation,31,41031,1223.0770994965687
l2_repeat_03,L2,stability,validation,32,41032,1264.2577237103853
l2_repeat_03,L2,stability,validation,33,41033,1257.894249141814
l2_repeat_03,L2,stability,validation,34,41034,1239.8202355922804
l2_repeat_03,L2,stability,validation,35,41035,1269.5241224469344
l2_repeat_03,L2,stability,validation,36,41036,2099.747403579998
l2_repeat_03,L2,stability,validation,37,41037,1228.8776642791552
l2_repeat_03,L2,stability,validation,38,41038,1511.7156221159794
l2_repeat_03,L2,stability,validation,39,41039,1230.036437566513
l2_repeat_03,L2,stability,validation,40,41040,1262.163013200884
l2_repeat_03,L2,stability,validation,41,41041,1232.6060457979445
l2_repeat_03,L2,stability,validation,42,41042,1199.6066767439393
l2_repeat_03,L2,stability,validation,43,41043,1178.8083305342147
l2_repeat_03,L2,stability,validation,44,41044,1239.9209905697023
l2_repeat_03,L2,stability,validation,45,41045,1375.5648993354314
l2_repeat_03,L2,stability,validation,46,41046,1231.2665826725722
l2_repeat_03,L2,stability,validation,47,41047,1252.7809365203284
l2_repeat_03,L2,stability,validation,48,41048,1266.4062216176671
l2_repeat_03,L2,stability,validation,49,41049,1594.8003183256856
l2_repeat_03,L2,stability,validation,50,41050,1179.1743857414576
l2_repeat_03,L2,stability,validation,51,41051,1256.081704144816
l2_repeat_03,L2,stability,validation,52,41052,1314.326073387214
l2_repeat_03,L2,stability,validation,53,41053,1228.880391077384
l2_repeat_03,L2,stability,validation,54,41054,1238.4553975131466
l2_repeat_03,L2,stability,validation,55,41055,1255.8066037650126
l2_repeat_03,L2,stability,validation,56,41056,1263.9090281757688
l2_repeat_03,L2,stability,validation,57,41057,1279.0134251451004
l2_repeat_03,L2,stability,validation,58,41058,1255.337396923622
l2_repeat_03,L2,stability,validation,59,41059,1285.984594089572
l2_repeat_03,L2,stability,validation,60,41060,1230.664442421149
l2_repeat_03,L2,stability,validation,61,41061,1252.232068776994
l2_repeat_03,L2,stability,validation,62,41062,1308.5891504676395
l2_repeat_03,L2,stability,validation,63,41063,1278.0000842895222
l2_repeat_03,L2,stability,validation,64,41064,1866.57758633869
l2_repeat_03,L2,stability,validation,65,41065,1207.3522903845128
l2_repeat_03,L2,stability,validation,66,41066,1159.6353670839694
l2_repeat_03,L2,stability,validation,67,41067,1473.3226156826145
l2_repeat_03,L2,stability,validation,68,41068,1231.4883695794774
l2_repeat_03,L2,stability,validation,69,41069,1221.2139542064738
l2_repeat_03,L2,stability,validation,70,41070,1268.419665110962
l2_repeat_03,L2,stability,validation,71,41071,2186.6696411178864
l2_repeat_03,L2,stability,validation,72,41072,1227.540060207384
l2_repeat_03,L2,stability,validation,73,41073,2069.1845596786716
l2_repeat_03,L2,stability,validation,74,41074,1261.2584536230147
l2_repeat_03,L2,stability,validation,75,41075,1242.5369613033158
l2_repeat_03,L2,stability,validation,76,41076,1199.9550207263171
l2_repeat_03,L2,stability,validation,77,41077,1240.3305116645577
l2_repeat_03,L2,stability,validation,78,41078,1205.2910975853904
l2_repeat_03,L2,stability,validation,79,41079,1244.33267113442
l2_repeat_03,L2,stability,validation,80,41080,1377.6790971707044
l2_repeat_03,L2,stability,validation,81,41081,1272.0746944646187
l2_repeat_03,L2,stability,validation,82,41082,1258.7541899768771
l2_repeat_03,L2,stability,validation,83,41083,1174.6437600508332
l2_repeat_03,L2,stability,validation,84,41084,1204.912581310741
l2_repeat_03,L2,stability,validation,85,41085,1252.7398112591939
l2_repeat_03,L2,stability,validation,86,41086,1254.912376797236
l2_repeat_03,L2,stability,validation,87,41087,1210.9962160717857
l2_repeat_03,L2,stability,validation,88,41088,1191.9109516044718
l2_repeat_03,L2,stability,validation,89,41089,1261.081593093002
l2_repeat_03,L2,stability,validation,90,41090,1284.0273367575749
l2_repeat_03,L2,stability,validation,91,41091,1204.8592244385106
l2_repeat_03,L2,stability,validation,92,41092,1264.3585656946339
l2_repeat_03,L2,stability,validation,93,41093,1251.7533845922715
l2_repeat_03,L2,stability,validation,94,41094,1223.029434253146
l2_repeat_03,L2,stability,validation,95,41095,1236.0121327426125
l2_repeat_03,L2,stability,validation,96,41096,1271.295151912689
l2_repeat_03,L2,stability,validation,97,41097,1143.8478388689527
l2_repeat_03,L2,stability,validation,98,41098,1250.8960190215016
l2_repeat_03,L2,stability,validation,99,41099,1226.2803363828946
l2_repeat_03,L2,stability,validation,100,41100,1584.7909408295557
l2_repeat_03,L2,stability,validation,101,41101,1235.5861841062645
l2_repeat_03,L2,stability,validation,102,41102,1238.750700297985
l2_repeat_03,L2,stability,validation,103,41103,1227.987591853942
l2_repeat_03,L2,stability,validation,104,41104,2021.3939583538208
l2_repeat_03,L2,stability,validation,105,41105,1218.2801425795335
l2_repeat_03,L2,stability,validation,106,41106,1227.319107015511
l2_repeat_03,L2,stability,validation,107,41107,1318.3734662596025
l2_repeat_03,L2,stability,validation,108,41108,1237.7859124074087
l2_repeat_03,L2,stability,validation,109,41109,1500.346149040533
l2_repeat_03,L2,stability,validation,110,41110,1222.567939695554
l2_repeat_03,L2,stability,validation,111,41111,1234.6214687359225
l2_repeat_03,L2,stability,validation,112,41112,1225.300273961017
l2_repeat_03,L2,stability,validation,113,41113,1228.1084720907688
l2_repeat_03,L2,stability,validation,114,41114,1594.9289064537961
l2_repeat_03,L2,stability,validation,115,41115,1211.6983787901436
l2_repeat_03,L2,stability,validation,116,41116,1220.3182393135617
l2_repeat_03,L2,stability,validation,117,41117,1193.7356941410019
l2_repeat_03,L2,stability,validation,118,41118,1282.9909949381945
l2_repeat_03,L2,stability,validation,119,41119,1254.3756127654049
l2_repeat_03,L2,stability,validation,120,41120,1389.3580214956628
l2_repeat_03,L2,stability,validation,121,41121,1312.3561774732743
l2_repeat_03,L2,stability,validation,122,41122,1257.638316063327
l2_repeat_03,L2,stability,validation,123,41123,1219.8860242678654
l2_repeat_03,L2,stability,validation,124,41124,1187.9610976402137
l2_repeat_03,L2,stability,validation,125,41125,1170.196024503164
l2_repeat_03,L2,stability,validation,126,41126,1193.739435249512
l2_repeat_03,L2,stability,validation,127,41127,1278.3525305867713
l2_repeat_03,L2,stability,validation,128,41128,1316.7481511410767
l2_repeat_03,L2,stability,validation,129,41129,1293.5424541887342
l2_repeat_03,L2,stability,validation,130,41130,1242.700025264691
l2_repeat_03,L2,stability,validation,131,41131,1294.2225558981768
l2_repeat_03,L2,stability,validation,132,41132,1242.1751953441096
l2_repeat_03,L2,stability,validation,133,41133,1289.619819202993
l2_repeat_03,L2,stability,validation,134,41134,1260.5037889686355
l2_repeat_03,L2,stability,validation,135,41135,1210.6828876206437
l2_repeat_03,L2,stability,validation,136,41136,1185.3883036984905
l2_repeat_03,L2,stability,validation,137,41137,1251.3951912741472
l2_repeat_03,L2,stability,validation,138,41138,1435.452341969703
l2_repeat_03,L2,stability,validation,139,41139,1304.0761215590649
l2_repeat_03,L2,stability,validation,140,41140,1233.7778346783177
l2_repeat_03,L2,stability,validation,141,41141,1308.670733301888
l2_repeat_03,L2,stability,validation,142,41142,1228.0017202820125
l2_repeat_03,L2,stability,validation,143,41143,1310.0215398356224
l2_repeat_03,L2,stability,validation,144,41144,1192.1317809853927
l2_repeat_03,L2,stability,validation,145,41145,1233.5179711056126
l2_repeat_03,L2,stability,validation,146,41146,3512.0103557985763
l2_repeat_03,L2,stability,validation,147,41147,1227.4943121157783
l2_repeat_03,L2,stability,validation,148,41148,1168.9779669864888
l2_repeat_03,L2,stability,validation,149,41149,1238.7384411300343
l2_repeat_03,L2,stability,validation,150,41150,1257.7933154342209
l2_repeat_03,L2,stability,validation,151,41151,1292.0988110246099
l2_repeat_03,L2,stability,validation,152,41152,1348.5215873200805
l2_repeat_03,L2,stability,validation,153,41153,1255.3987796525396
l2_repeat_03,L2,stability,validation,154,41154,1292.6814587910956
l2_repeat_03,L2,stability,validation,155,41155,1249.113357277614
l2_repeat_03,L2,stability,validation,156,41156,1238.0579246731104
l2_repeat_03,L2,stability,validation,157,41157,1584.7281136891831
l2_repeat_03,L2,stability,validation,158,41158,1224.320436875812
l2_repeat_03,L2,stability,validation,159,41159,1296.4830288860308
l2_repeat_03,L2,stability,validation,160,41160,1251.6435675890782
l2_repeat_03,L2,stability,validation,161,41161,1205.9446558752327
l2_repeat_03,L2,stability,validation,162,41162,1254.532941999784
l2_repeat_03,L2,stability,validation,163,41163,1534.005317840225
l2_repeat_03,L2,stability,validation,164,41164,1261.8504851118519
l2_repeat_03,L2,stability,validation,165,41165,1176.8737132572917
l2_repeat_03,L2,stability,validation,166,41166,1281.3670551018254
l2_repeat_03,L2,stability,validation,167,41167,1250.3200497740365
l2_repeat_03,L2,stability,validation,168,41168,1253.6921780679172
l2_repeat_03,L2,stability,validation,169,41169,1584.438697079479
l2_repeat_03,L2,stability,validation,170,41170,1192.4400265065965
l2_repeat_03,L2,stability,validation,171,41171,1224.0911479620406
l2_repeat_03,L2,stability,validation,172,41172,1243.4047559805783
l2_repeat_03,L2,stability,validation,173,41173,1250.270156376813
l2_repeat_03,L2,stability,validation,174,41174,1269.1630386704028
l2_repeat_03,L2,stability,validation,175,41175,1225.7955906226323
l2_repeat_03,L2,stability,validation,176,41176,1206.940699689148
l2_repeat_03,L2,stability,validation,177,41177,1182.7979207912342
l2_repeat_03,L2,stability,validation,178,41178,1280.5616021616474
l2_repeat_03,L2,stability,validation,179,41179,1259.01291115259
l2_repeat_03,L2,stability,validation,180,41180,1213.4312488736527
l2_repeat_03,L2,stability,validation,181,41181,1191.8007841285748
l2_repeat_03,L2,stability,validation,182,41182,1183.037951305802
l2_repeat_03,L2,stability,validation,183,41183,1289.17218762823
l2_repeat_03,L2,stability,validation,184,41184,1253.9776161023808
l2_repeat_03,L2,stability,validation,185,41185,1210.479183129913
l2_repeat_03,L2,stability,validation,186,41186,1241.473944977395
l2_repeat_03,L2,stability,validation,187,41187,1334.2495129962258
l2_repeat_03,L2,stability,validation,188,41188,1227.3847947894476
l2_repeat_03,L2,stability,validation,189,41189,1348.823374650557
l2_repeat_03,L2,stability,validation,190,41190,1270.555658857833
l2_repeat_03,L2,stability,validation,191,41191,1382.9485280781182
l2_repeat_03,L2,stability,validation,192,41192,1251.8137921655998
l2_repeat_03,L2,stability,validation,193,41193,1370.1162348566688
l2_repeat_03,L2,stability,validation,194,41194,1161.7441454466236
l2_repeat_03,L2,stability,validation,195,41195,1253.1525237174546
l2_repeat_03,L2,stability,validation,196,41196,1201.182512911691
l2_repeat_03,L2,stability,validation,197,41197,1286.263177968404
l2_repeat_03,L2,stability,validation,198,41198,1228.0701094440597
l2_repeat_03,L2,stability,validation,199,41199,1290.8377846005014
l2_repeat_03,L2,stability,validation,200,41200,1343.6082055118468
l2_repeat_03,L2,stability,fresh,1,51001,1241.1044817759032
l2_repeat_03,L2,stability,fresh,2,51002,1194.8968630456889
l2_repeat_03,L2,stability,fresh,3,51003,1350.227974430954
l2_repeat_03,L2,stability,fresh,4,51004,1215.6672569590446
l2_repeat_03,L2,stability,fresh,5,51005,1308.6181084923264
l2_repeat_03,L2,stability,fresh,6,51006,1244.7113092255881
l2_repeat_03,L2,stability,fresh,7,51007,1239.2969128245643
l2_repeat_03,L2,stability,fresh,8,51008,1207.831028713647
l2_repeat_03,L2,stability,fresh,9,51009,1194.2460700835304
l2_repeat_03,L2,stability,fresh,10,51010,1200.0036002321356
l2_repeat_03,L2,stability,fresh,11,51011,1267.4828322302735
l2_repeat_03,L2,stability,fresh,12,51012,1682.0916181609011
l2_repeat_03,L2,stability,fresh,13,51013,1161.4764123717
l2_repeat_03,L2,stability,fresh,14,51014,1220.3058174467385
l2_repeat_03,L2,stability,fresh,15,51015,1253.4913418088217
l2_repeat_03,L2,stability,fresh,16,51016,1231.2859450793214
l2_repeat_03,L2,stability,fresh,17,51017,1316.6837798728918
l2_repeat_03,L2,stability,fresh,18,51018,1314.7815758216182
l2_repeat_03,L2,stability,fresh,19,51019,1252.0989575690567
l2_repeat_03,L2,stability,fresh,20,51020,1271.695094006843
l2_repeat_03,L2,stability,fresh,21,51021,1302.3398710078015
l2_repeat_03,L2,stability,fresh,22,51022,1213.2908869133778
l2_repeat_03,L2,stability,fresh,23,51023,1283.8952171485507
l2_repeat_03,L2,stability,fresh,24,51024,1205.6137354016867
l2_repeat_03,L2,stability,fresh,25,51025,1226.1557462960354
l2_repeat_03,L2,stability,fresh,26,51026,1270.778198440786
l2_repeat_03,L2,stability,fresh,27,51027,1284.9335121441416
l2_repeat_03,L2,stability,fresh,28,51028,1216.9537990565439
l2_repeat_03,L2,stability,fresh,29,51029,1244.6066769162217
l2_repeat_03,L2,stability,fresh,30,51030,1232.906525878109
l2_repeat_03,L2,stability,fresh,31,51031,1254.4605523196933
l2_repeat_03,L2,stability,fresh,32,51032,1507.8350670851075
l2_repeat_03,L2,stability,fresh,33,51033,1297.0417901214032
l2_repeat_03,L2,stability,fresh,34,51034,1224.7246564772477
l2_repeat_03,L2,stability,fresh,35,51035,1253.5311478303317
l2_repeat_03,L2,stability,fresh,36,51036,1246.6646744381478
l2_repeat_03,L2,stability,fresh,37,51037,1416.9539595031242
l2_repeat_03,L2,stability,fresh,38,51038,1258.4648104229848
l2_repeat_03,L2,stability,fresh,39,51039,1206.280437612404
l2_repeat_03,L2,stability,fresh,40,51040,1184.5298481750622
l2_repeat_03,L2,stability,fresh,41,51041,1292.9870374621405
l2_repeat_03,L2,stability,fresh,42,51042,1254.1420277347627
l2_repeat_03,L2,stability,fresh,43,51043,1322.5035175824594
l2_repeat_03,L2,stability,fresh,44,51044,1233.6892667763964
l2_repeat_03,L2,stability,fresh,45,51045,1205.1139917595674
l2_repeat_03,L2,stability,fresh,46,51046,1276.4269795280902
l2_repeat_03,L2,stability,fresh,47,51047,1220.337408739484
l2_repeat_03,L2,stability,fresh,48,51048,1211.6720050476372
l2_repeat_03,L2,stability,fresh,49,51049,1246.870582524934
l2_repeat_03,L2,stability,fresh,50,51050,1256.0193402295633
l2_repeat_03,L2,stability,fresh,51,51051,1207.3397007003164
l2_repeat_03,L2,stability,fresh,52,51052,1230.0915017861203
l2_repeat_03,L2,stability,fresh,53,51053,1287.3431960443493
l2_repeat_03,L2,stability,fresh,54,51054,1972.5990138096493
l2_repeat_03,L2,stability,fresh,55,51055,1291.6330668537107
l2_repeat_03,L2,stability,fresh,56,51056,1215.07633663195
l2_repeat_03,L2,stability,fresh,57,51057,1186.0181677203323
l2_repeat_03,L2,stability,fresh,58,51058,1238.1131230638518
l2_repeat_03,L2,stability,fresh,59,51059,1201.3237389956842
l2_repeat_03,L2,stability,fresh,60,51060,1191.7861972743272
l2_repeat_03,L2,stability,fresh,61,51061,1230.272896820401
l2_repeat_03,L2,stability,fresh,62,51062,1339.378318650175
l2_repeat_03,L2,stability,fresh,63,51063,1264.2344440843394
l2_repeat_03,L2,stability,fresh,64,51064,1162.4096289313106
l2_repeat_03,L2,stability,fresh,65,51065,1279.1093364391706
l2_repeat_03,L2,stability,fresh,66,51066,1216.273355275167
l2_repeat_03,L2,stability,fresh,67,51067,1300.582375255906
l2_repeat_03,L2,stability,fresh,68,51068,1216.3032392679277
l2_repeat_03,L2,stability,fresh,69,51069,1219.8197048142324
l2_repeat_03,L2,stability,fresh,70,51070,1203.1962801934055
l2_repeat_03,L2,stability,fresh,71,51071,1241.996551667049
l2_repeat_03,L2,stability,fresh,72,51072,1232.012447323325
l2_repeat_03,L2,stability,fresh,73,51073,1227.046736904042
l2_repeat_03,L2,stability,fresh,74,51074,1238.5161198612052
l2_repeat_03,L2,stability,fresh,75,51075,2149.2936983073005
l2_repeat_03,L2,stability,fresh,76,51076,1679.1234626766745
l2_repeat_03,L2,stability,fresh,77,51077,1259.5079011475086
l2_repeat_03,L2,stability,fresh,78,51078,1287.0645756944782
l2_repeat_03,L2,stability,fresh,79,51079,1512.097405706048
l2_repeat_03,L2,stability,fresh,80,51080,1288.7270372807607
l2_repeat_03,L2,stability,fresh,81,51081,1201.2361533166645
l2_repeat_03,L2,stability,fresh,82,51082,1299.7731968005037
l2_repeat_03,L2,stability,fresh,83,51083,1259.6421132055025
l2_repeat_03,L2,stability,fresh,84,51084,1315.4372330980402
l2_repeat_03,L2,stability,fresh,85,51085,1260.3771950862692
l2_repeat_03,L2,stability,fresh,86,51086,1276.0620110595225
l2_repeat_03,L2,stability,fresh,87,51087,1231.6081337117737
l2_repeat_03,L2,stability,fresh,88,51088,1268.031060436796
l2_repeat_03,L2,stability,fresh,89,51089,1278.535179177035
l2_repeat_03,L2,stability,fresh,90,51090,1278.6077303597842
l2_repeat_03,L2,stability,fresh,91,51091,2169.4857382831524
l2_repeat_03,L2,stability,fresh,92,51092,1250.5184118003367
l2_repeat_03,L2,stability,fresh,93,51093,1803.919154499683
l2_repeat_03,L2,stability,fresh,94,51094,1231.8829503269153
l2_repeat_03,L2,stability,fresh,95,51095,1284.4046680538243
l2_repeat_03,L2,stability,fresh,96,51096,1214.541699652028
l2_repeat_03,L2,stability,fresh,97,51097,1230.4035771875513
l2_repeat_03,L2,stability,fresh,98,51098,1189.578664879389
l2_repeat_03,L2,stability,fresh,99,51099,1172.28240417917
l2_repeat_03,L2,stability,fresh,100,51100,1307.4487656833928
l2_repeat_03,L2,stability,fresh,101,51101,1258.4603627605438
l2_repeat_03,L2,stability,fresh,102,51102,1200.3437288459518
l2_repeat_03,L2,stability,fresh,103,51103,1313.8845326713786
l2_repeat_03,L2,stability,fresh,104,51104,1223.675266771447
l2_repeat_03,L2,stability,fresh,105,51105,1225.668488288755
l2_repeat_03,L2,stability,fresh,106,51106,1288.3312233847912
l2_repeat_03,L2,stability,fresh,107,51107,1296.324960465956
l2_repeat_03,L2,stability,fresh,108,51108,1210.0824923766336
l2_repeat_03,L2,stability,fresh,109,51109,1188.9954537484323
l2_repeat_03,L2,stability,fresh,110,51110,1239.1549451726214
l2_repeat_03,L2,stability,fresh,111,51111,1247.8328774110873
l2_repeat_03,L2,stability,fresh,112,51112,2330.897980786915
l2_repeat_03,L2,stability,fresh,113,51113,1269.2870364804314
l2_repeat_03,L2,stability,fresh,114,51114,1215.7658389158296
l2_repeat_03,L2,stability,fresh,115,51115,1181.2847696412616
l2_repeat_03,L2,stability,fresh,116,51116,1164.9965762539366
l2_repeat_03,L2,stability,fresh,117,51117,1210.8739176697636
l2_repeat_03,L2,stability,fresh,118,51118,1253.2162497846223
l2_repeat_03,L2,stability,fresh,119,51119,1284.0835732509163
l2_repeat_03,L2,stability,fresh,120,51120,1232.6053937372258
l2_repeat_03,L2,stability,fresh,121,51121,1237.072596721081
l2_repeat_03,L2,stability,fresh,122,51122,1280.916227990231
l2_repeat_03,L2,stability,fresh,123,51123,1234.6343089736745
l2_repeat_03,L2,stability,fresh,124,51124,1177.833108624244
l2_repeat_03,L2,stability,fresh,125,51125,1282.3557124360025
l2_repeat_03,L2,stability,fresh,126,51126,1231.5223191948041
l2_repeat_03,L2,stability,fresh,127,51127,1195.3700632069965
l2_repeat_03,L2,stability,fresh,128,51128,1297.60417351008
l2_repeat_03,L2,stability,fresh,129,51129,1232.3681258493975
l2_repeat_03,L2,stability,fresh,130,51130,1297.6297597969628
l2_repeat_03,L2,stability,fresh,131,51131,1220.761888067739
l2_repeat_03,L2,stability,fresh,132,51132,1311.950315500516
l2_repeat_03,L2,stability,fresh,133,51133,1254.5189109271396
l2_repeat_03,L2,stability,fresh,134,51134,1221.2760361147969
l2_repeat_03,L2,stability,fresh,135,51135,1250.2802856905023
l2_repeat_03,L2,stability,fresh,136,51136,1220.0685076631203
l2_repeat_03,L2,stability,fresh,137,51137,1267.165197847305
l2_repeat_03,L2,stability,fresh,138,51138,1287.3579081806572
l2_repeat_03,L2,stability,fresh,139,51139,1553.5755600620164
l2_repeat_03,L2,stability,fresh,140,51140,1251.385178914368
l2_repeat_03,L2,stability,fresh,141,51141,3126.9004249853865
l2_repeat_03,L2,stability,fresh,142,51142,1224.5696205957745
l2_repeat_03,L2,stability,fresh,143,51143,1255.7389443359286
l2_repeat_03,L2,stability,fresh,144,51144,2195.449675021308
l2_repeat_03,L2,stability,fresh,145,51145,1289.0711338630933
l2_repeat_03,L2,stability,fresh,146,51146,1296.9912365001587
l2_repeat_03,L2,stability,fresh,147,51147,1247.6154938075329
l2_repeat_03,L2,stability,fresh,148,51148,1231.5191424450934
l2_repeat_03,L2,stability,fresh,149,51149,1245.4956561656982
l2_repeat_03,L2,stability,fresh,150,51150,1244.9441720309628
l2_repeat_03,L2,stability,fresh,151,51151,1259.1384149603625
l2_repeat_03,L2,stability,fresh,152,51152,1262.634510768061
l2_repeat_03,L2,stability,fresh,153,51153,1585.222414227517
l2_repeat_03,L2,stability,fresh,154,51154,1186.8985682634157
l2_repeat_03,L2,stability,fresh,155,51155,1285.1592216979425
l2_repeat_03,L2,stability,fresh,156,51156,1314.5895437501508
l2_repeat_03,L2,stability,fresh,157,51157,1252.3291200721235
l2_repeat_03,L2,stability,fresh,158,51158,1262.277360688331
l2_repeat_03,L2,stability,fresh,159,51159,1136.7413919324458
l2_repeat_03,L2,stability,fresh,160,51160,1196.923662773741
l2_repeat_03,L2,stability,fresh,161,51161,1254.569904735064
l2_repeat_03,L2,stability,fresh,162,51162,1294.82143446228
l2_repeat_03,L2,stability,fresh,163,51163,1190.2674458273743
l2_repeat_03,L2,stability,fresh,164,51164,1362.7634861586746
l2_repeat_03,L2,stability,fresh,165,51165,1229.4412721085416
l2_repeat_03,L2,stability,fresh,166,51166,1324.2358629686853
l2_repeat_03,L2,stability,fresh,167,51167,1252.9014170071002
l2_repeat_03,L2,stability,fresh,168,51168,1417.5077706964153
l2_repeat_03,L2,stability,fresh,169,51169,1329.8651480551794
l2_repeat_03,L2,stability,fresh,170,51170,1280.5261801650602
l2_repeat_03,L2,stability,fresh,171,51171,1276.2406124733293
l2_repeat_03,L2,stability,fresh,172,51172,1378.1617010991467
l2_repeat_03,L2,stability,fresh,173,51173,1218.6686374808037
l2_repeat_03,L2,stability,fresh,174,51174,1291.5765635666405
l2_repeat_03,L2,stability,fresh,175,51175,1260.7035909118663
l2_repeat_03,L2,stability,fresh,176,51176,1258.6422728846394
l2_repeat_03,L2,stability,fresh,177,51177,1330.605712055154
l2_repeat_03,L2,stability,fresh,178,51178,1272.5026177962218
l2_repeat_03,L2,stability,fresh,179,51179,1243.873783545432
l2_repeat_03,L2,stability,fresh,180,51180,1275.5550629800225
l2_repeat_03,L2,stability,fresh,181,51181,1227.0591001501684
l2_repeat_03,L2,stability,fresh,182,51182,1298.4255047718236
l2_repeat_03,L2,stability,fresh,183,51183,1245.322020543943
l2_repeat_03,L2,stability,fresh,184,51184,1377.0306833403695
l2_repeat_03,L2,stability,fresh,185,51185,1179.2991153949756
l2_repeat_03,L2,stability,fresh,186,51186,1250.332062925474
l2_repeat_03,L2,stability,fresh,187,51187,1268.1794025809763
l2_repeat_03,L2,stability,fresh,188,51188,1210.9850373656768
l2_repeat_03,L2,stability,fresh,189,51189,1254.248171832829
l2_repeat_03,L2,stability,fresh,190,51190,1217.4075257791603
l2_repeat_03,L2,stability,fresh,191,51191,1259.6262187621633
l2_repeat_03,L2,stability,fresh,192,51192,1225.0195442978475
l2_repeat_03,L2,stability,fresh,193,51193,1279.2570585600959
l2_repeat_03,L2,stability,fresh,194,51194,1198.9653493675414
l2_repeat_03,L2,stability,fresh,195,51195,1207.7906323897366
l2_repeat_03,L2,stability,fresh,196,51196,1256.8075921727182
l2_repeat_03,L2,stability,fresh,197,51197,1249.4955188641063
l2_repeat_03,L2,stability,fresh,198,51198,1222.1020338874519
l2_repeat_03,L2,stability,fresh,199,51199,1253.2425445805331
l2_repeat_03,L2,stability,fresh,200,51200,1336.3598306398553
l2_repeat_04,L2,stability,excel,1,111,1341.4894685742709
l2_repeat_04,L2,stability,excel,2,112,1239.2653510850246
l2_repeat_04,L2,stability,excel,3,113,1197.7135325043646
l2_repeat_04,L2,stability,excel,4,114,1273.4080312975886
l2_repeat_04,L2,stability,excel,5,115,1392.0186654285374
l2_repeat_04,L2,stability,excel,6,116,1872.834446254884
l2_repeat_04,L2,stability,excel,7,117,1349.8172842511033
l2_repeat_04,L2,stability,excel,8,118,1243.6124582829887
l2_repeat_04,L2,stability,excel,9,119,1301.5396129576816
l2_repeat_04,L2,stability,excel,10,120,1260.519728488998
l2_repeat_04,L2,stability,excel,11,121,1298.5692762789386
l2_repeat_04,L2,stability,excel,12,122,1303.8027783512714
l2_repeat_04,L2,stability,excel,13,123,1206.0533449641796
l2_repeat_04,L2,stability,excel,14,124,1235.222512595995
l2_repeat_04,L2,stability,excel,15,125,1260.1542601395572
l2_repeat_04,L2,stability,excel,16,126,1324.4915803607225
l2_repeat_04,L2,stability,excel,17,127,1294.971978471454
l2_repeat_04,L2,stability,excel,18,128,1269.4495248103344
l2_repeat_04,L2,stability,excel,19,129,1313.7900554747869
l2_repeat_04,L2,stability,excel,20,130,1294.956335384324
l2_repeat_04,L2,stability,excel,21,131,1262.3870257103245
l2_repeat_04,L2,stability,excel,22,132,1277.7418720811659
l2_repeat_04,L2,stability,excel,23,133,1288.465084704247
l2_repeat_04,L2,stability,excel,24,134,1271.241023519422
l2_repeat_04,L2,stability,excel,25,135,1234.001245564652
l2_repeat_04,L2,stability,excel,26,136,1408.1149599104506
l2_repeat_04,L2,stability,excel,27,137,1189.86363326951
l2_repeat_04,L2,stability,excel,28,138,1514.7598026560963
l2_repeat_04,L2,stability,excel,29,139,1352.0570853630966
l2_repeat_04,L2,stability,excel,30,140,1302.039727264843
l2_repeat_04,L2,stability,excel,31,141,1275.9667602457325
l2_repeat_04,L2,stability,excel,32,142,1211.1244069963032
l2_repeat_04,L2,stability,excel,33,143,1314.6134038454402
l2_repeat_04,L2,stability,excel,34,144,1198.4194997780326
l2_repeat_04,L2,stability,excel,35,145,1276.1511520322335
l2_repeat_04,L2,stability,excel,36,146,1206.6652396068398
l2_repeat_04,L2,stability,excel,37,147,1312.445125663616
l2_repeat_04,L2,stability,excel,38,148,1303.3184187986853
l2_repeat_04,L2,stability,excel,39,149,2854.9781303608506
l2_repeat_04,L2,stability,excel,40,150,1257.3224647569475
l2_repeat_04,L2,stability,excel,41,151,1195.2585408383784
l2_repeat_04,L2,stability,excel,42,152,1309.3426815829944
l2_repeat_04,L2,stability,excel,43,153,1404.4447253388582
l2_repeat_04,L2,stability,excel,44,154,1257.1078686386536
l2_repeat_04,L2,stability,excel,45,155,1279.4794518797298
l2_repeat_04,L2,stability,excel,46,156,1285.3388413308346
l2_repeat_04,L2,stability,excel,47,157,1317.079690282491
l2_repeat_04,L2,stability,excel,48,158,1233.3678186742495
l2_repeat_04,L2,stability,excel,49,159,1474.9133217794135
l2_repeat_04,L2,stability,excel,50,160,1241.1039514658712
l2_repeat_04,L2,stability,excel,51,161,1189.0941854978514
l2_repeat_04,L2,stability,excel,52,162,1259.722343142937
l2_repeat_04,L2,stability,excel,53,163,1242.6491607224918
l2_repeat_04,L2,stability,excel,54,164,1256.604645024555
l2_repeat_04,L2,stability,excel,55,165,1969.7810296680805
l2_repeat_04,L2,stability,excel,56,166,1218.8422049840553
l2_repeat_04,L2,stability,excel,57,167,1292.0492854672805
l2_repeat_04,L2,stability,excel,58,168,1302.8242029682597
l2_repeat_04,L2,stability,excel,59,169,1289.2843311740614
l2_repeat_04,L2,stability,excel,60,170,1244.945747791855
l2_repeat_04,L2,stability,excel,61,171,1240.525757734923
l2_repeat_04,L2,stability,excel,62,172,1272.276992039805
l2_repeat_04,L2,stability,excel,63,173,1248.575942503497
l2_repeat_04,L2,stability,excel,64,174,1275.9552809655568
l2_repeat_04,L2,stability,excel,65,175,1223.9264837385097
l2_repeat_04,L2,stability,excel,66,176,1231.4554217758443
l2_repeat_04,L2,stability,excel,67,177,1223.3622268002998
l2_repeat_04,L2,stability,excel,68,178,1338.3370907846672
l2_repeat_04,L2,stability,excel,69,179,1232.2854043172188
l2_repeat_04,L2,stability,excel,70,180,1240.459241973736
l2_repeat_04,L2,stability,excel,71,181,1310.3245668817165
l2_repeat_04,L2,stability,excel,72,182,1214.0914153970693
l2_repeat_04,L2,stability,excel,73,183,1252.9547500809033
l2_repeat_04,L2,stability,excel,74,184,1260.4231363165245
l2_repeat_04,L2,stability,excel,75,185,1239.6339568379456
l2_repeat_04,L2,stability,excel,76,186,1173.2938690554315
l2_repeat_04,L2,stability,excel,77,187,1219.5094324451875
l2_repeat_04,L2,stability,excel,78,188,1302.6963640521835
l2_repeat_04,L2,stability,excel,79,189,1211.6302343929685
l2_repeat_04,L2,stability,excel,80,190,1253.8429523129848
l2_repeat_04,L2,stability,excel,81,191,1279.5743956664746
l2_repeat_04,L2,stability,excel,82,192,1215.8727868213034
l2_repeat_04,L2,stability,excel,83,193,1226.0033542666672
l2_repeat_04,L2,stability,excel,84,194,1247.7561760776407
l2_repeat_04,L2,stability,excel,85,195,1251.6319748351195
l2_repeat_04,L2,stability,excel,86,196,1242.521861939429
l2_repeat_04,L2,stability,excel,87,197,1273.0664027542084
l2_repeat_04,L2,stability,excel,88,198,1267.531516964554
l2_repeat_04,L2,stability,excel,89,199,1198.3730900556466
l2_repeat_04,L2,stability,excel,90,200,1661.333132113317
l2_repeat_04,L2,stability,excel,91,201,1271.3683370680194
l2_repeat_04,L2,stability,excel,92,202,1310.6410209251574
l2_repeat_04,L2,stability,excel,93,203,1154.1667048405866
l2_repeat_04,L2,stability,excel,94,204,1248.497315360992
l2_repeat_04,L2,stability,excel,95,205,1320.1410983702312
l2_repeat_04,L2,stability,excel,96,206,1239.4567522239863
l2_repeat_04,L2,stability,excel,97,207,1261.554820360417
l2_repeat_04,L2,stability,excel,98,208,1243.9751361067238
l2_repeat_04,L2,stability,excel,99,209,1315.4956163571783
l2_repeat_04,L2,stability,excel,100,210,1240.370669931895
l2_repeat_04,L2,stability,excel,101,211,1192.7348340228993
l2_repeat_04,L2,stability,excel,102,212,1332.072286708205
l2_repeat_04,L2,stability,excel,103,213,1357.2962423376025
l2_repeat_04,L2,stability,excel,104,214,1300.780892333652
l2_repeat_04,L2,stability,excel,105,215,1310.152700885643
l2_repeat_04,L2,stability,excel,106,216,1229.9381548274237
l2_repeat_04,L2,stability,excel,107,217,1199.751120790592
l2_repeat_04,L2,stability,excel,108,218,1264.4217926208999
l2_repeat_04,L2,stability,excel,109,219,1369.2840217430257
l2_repeat_04,L2,stability,excel,110,220,1232.4136947629997
l2_repeat_04,L2,stability,excel,111,221,1235.7324130917261
l2_repeat_04,L2,stability,excel,112,222,1229.7060690399971
l2_repeat_04,L2,stability,excel,113,223,2675.036449461497
l2_repeat_04,L2,stability,excel,114,224,1260.3574336139607
l2_repeat_04,L2,stability,excel,115,225,1211.3483776016046
l2_repeat_04,L2,stability,excel,116,226,1218.4744742058558
l2_repeat_04,L2,stability,excel,117,227,1253.5672436664024
l2_repeat_04,L2,stability,excel,118,228,1286.4128431586857
l2_repeat_04,L2,stability,excel,119,229,1196.2275849157072
l2_repeat_04,L2,stability,excel,120,230,1266.7437440666931
l2_repeat_04,L2,stability,excel,121,231,1254.9894640985644
l2_repeat_04,L2,stability,excel,122,232,1283.9379988777248
l2_repeat_04,L2,stability,excel,123,233,1243.6737294683005
l2_repeat_04,L2,stability,excel,124,234,1243.9464869533633
l2_repeat_04,L2,stability,excel,125,235,1213.155570653391
l2_repeat_04,L2,stability,excel,126,236,1321.4233372615215
l2_repeat_04,L2,stability,excel,127,237,1211.1234673871588
l2_repeat_04,L2,stability,excel,128,238,1297.4320609211304
l2_repeat_04,L2,stability,excel,129,239,1394.4939368419318
l2_repeat_04,L2,stability,excel,130,240,1204.8846498833598
l2_repeat_04,L2,stability,excel,131,241,1294.676353022446
l2_repeat_04,L2,stability,excel,132,242,1307.4859837625077
l2_repeat_04,L2,stability,excel,133,243,1224.2149954053054
l2_repeat_04,L2,stability,excel,134,244,1353.5229316330865
l2_repeat_04,L2,stability,excel,135,245,1277.2139428287949
l2_repeat_04,L2,stability,excel,136,246,1214.4445395087844
l2_repeat_04,L2,stability,excel,137,247,1190.6435368262069
l2_repeat_04,L2,stability,excel,138,248,1267.3288859727913
l2_repeat_04,L2,stability,excel,139,249,1271.2388714110057
l2_repeat_04,L2,stability,excel,140,250,1212.1484862116401
l2_repeat_04,L2,stability,excel,141,251,1252.132300691004
l2_repeat_04,L2,stability,excel,142,252,1352.5423431296324
l2_repeat_04,L2,stability,excel,143,253,1325.3410410002118
l2_repeat_04,L2,stability,excel,144,254,1212.9062929407855
l2_repeat_04,L2,stability,excel,145,255,1318.8120793242224
l2_repeat_04,L2,stability,excel,146,256,1317.894626661753
l2_repeat_04,L2,stability,excel,147,257,1314.4208237382084
l2_repeat_04,L2,stability,excel,148,258,1233.5849380248565
l2_repeat_04,L2,stability,excel,149,259,1239.6489348042462
l2_repeat_04,L2,stability,excel,150,260,1295.3432086485393
l2_repeat_04,L2,stability,excel,151,261,1289.0819839738
l2_repeat_04,L2,stability,excel,152,262,1264.9864527087277
l2_repeat_04,L2,stability,excel,153,263,1233.988544981966
l2_repeat_04,L2,stability,excel,154,264,1189.8475288586008
l2_repeat_04,L2,stability,excel,155,265,1229.342617805963
l2_repeat_04,L2,stability,excel,156,266,1268.1519153595118
l2_repeat_04,L2,stability,excel,157,267,1257.6101069714948
l2_repeat_04,L2,stability,excel,158,268,1308.0395286621945
l2_repeat_04,L2,stability,excel,159,269,1245.0143199697657
l2_repeat_04,L2,stability,excel,160,270,1285.9014461371708
l2_repeat_04,L2,stability,excel,161,271,1245.0378880136477
l2_repeat_04,L2,stability,excel,162,272,1248.612145531963
l2_repeat_04,L2,stability,excel,163,273,1349.010988798049
l2_repeat_04,L2,stability,excel,164,274,1366.2325222095565
l2_repeat_04,L2,stability,excel,165,275,1216.5809173453217
l2_repeat_04,L2,stability,excel,166,276,1218.7536653848535
l2_repeat_04,L2,stability,excel,167,277,1298.0941036094803
l2_repeat_04,L2,stability,excel,168,278,2375.203238187278
l2_repeat_04,L2,stability,excel,169,279,1216.2970359105252
l2_repeat_04,L2,stability,excel,170,280,1338.9075440401593
l2_repeat_04,L2,stability,excel,171,281,1350.7023037860079
l2_repeat_04,L2,stability,excel,172,282,1257.1595493915033
l2_repeat_04,L2,stability,excel,173,283,1179.4415220433489
l2_repeat_04,L2,stability,excel,174,284,1317.4376610590411
l2_repeat_04,L2,stability,excel,175,285,1305.244337344101
l2_repeat_04,L2,stability,excel,176,286,1298.6115210952214
l2_repeat_04,L2,stability,excel,177,287,1403.2886073366924
l2_repeat_04,L2,stability,excel,178,288,1191.2184492901213
l2_repeat_04,L2,stability,excel,179,289,1229.995112836594
l2_repeat_04,L2,stability,excel,180,290,1313.8150300037155
l2_repeat_04,L2,stability,excel,181,291,1205.5397497003823
l2_repeat_04,L2,stability,excel,182,292,1276.4416574044078
l2_repeat_04,L2,stability,excel,183,293,1283.2833912757192
l2_repeat_04,L2,stability,excel,184,294,1233.0399541925842
l2_repeat_04,L2,stability,excel,185,295,1213.8170990728504
l2_repeat_04,L2,stability,excel,186,296,1213.6404451002766
l2_repeat_04,L2,stability,excel,187,297,1290.3518980613048
l2_repeat_04,L2,stability,excel,188,298,1219.1440839058932
l2_repeat_04,L2,stability,excel,189,299,1306.883137040383
l2_repeat_04,L2,stability,excel,190,300,1310.4679386834684
l2_repeat_04,L2,stability,excel,191,301,1322.8829785490545
l2_repeat_04,L2,stability,excel,192,302,1265.8417634920033
l2_repeat_04,L2,stability,excel,193,303,1441.9594021789105
l2_repeat_04,L2,stability,excel,194,304,1218.3018499946556
l2_repeat_04,L2,stability,excel,195,305,1229.240159549798
l2_repeat_04,L2,stability,excel,196,306,1330.5411601298106
l2_repeat_04,L2,stability,excel,197,307,1179.4037601854925
l2_repeat_04,L2,stability,excel,198,308,1282.7625010959716
l2_repeat_04,L2,stability,excel,199,309,1318.823796578464
l2_repeat_04,L2,stability,excel,200,310,1225.5240904128352
l2_repeat_04,L2,stability,validation,1,41001,1268.180731490984
l2_repeat_04,L2,stability,validation,2,41002,1295.7514622867368
l2_repeat_04,L2,stability,validation,3,41003,1277.4995148094117
l2_repeat_04,L2,stability,validation,4,41004,1267.6327254479816
l2_repeat_04,L2,stability,validation,5,41005,1239.09665176597
l2_repeat_04,L2,stability,validation,6,41006,1234.0940506903323
l2_repeat_04,L2,stability,validation,7,41007,1198.8701236345626
l2_repeat_04,L2,stability,validation,8,41008,1299.4051389737656
l2_repeat_04,L2,stability,validation,9,41009,1219.6173233313195
l2_repeat_04,L2,stability,validation,10,41010,1219.7844140858438
l2_repeat_04,L2,stability,validation,11,41011,1276.8409947802083
l2_repeat_04,L2,stability,validation,12,41012,1202.0966583701486
l2_repeat_04,L2,stability,validation,13,41013,1240.3404618362881
l2_repeat_04,L2,stability,validation,14,41014,1275.2986919339028
l2_repeat_04,L2,stability,validation,15,41015,1307.959335049109
l2_repeat_04,L2,stability,validation,16,41016,1280.7003112727652
l2_repeat_04,L2,stability,validation,17,41017,1269.290999242105
l2_repeat_04,L2,stability,validation,18,41018,1328.2048574680712
l2_repeat_04,L2,stability,validation,19,41019,1313.4918630870231
l2_repeat_04,L2,stability,validation,20,41020,1206.8404974150271
l2_repeat_04,L2,stability,validation,21,41021,1218.0986057365403
l2_repeat_04,L2,stability,validation,22,41022,1313.1361315623815
l2_repeat_04,L2,stability,validation,23,41023,1234.1952362888148
l2_repeat_04,L2,stability,validation,24,41024,1285.617158849047
l2_repeat_04,L2,stability,validation,25,41025,1364.894399690587
l2_repeat_04,L2,stability,validation,26,41026,1810.3328253271661
l2_repeat_04,L2,stability,validation,27,41027,1248.9293784821905
l2_repeat_04,L2,stability,validation,28,41028,1201.1337166777257
l2_repeat_04,L2,stability,validation,29,41029,1256.1627953908785
l2_repeat_04,L2,stability,validation,30,41030,1275.8662854575873
l2_repeat_04,L2,stability,validation,31,41031,1252.0448702462063
l2_repeat_04,L2,stability,validation,32,41032,1268.8032970517806
l2_repeat_04,L2,stability,validation,33,41033,1302.9056517131146
l2_repeat_04,L2,stability,validation,34,41034,1248.4510951748937
l2_repeat_04,L2,stability,validation,35,41035,1242.8878829839252
l2_repeat_04,L2,stability,validation,36,41036,2118.27025350869
l2_repeat_04,L2,stability,validation,37,41037,1236.6603393389591
l2_repeat_04,L2,stability,validation,38,41038,1332.9846829149033
l2_repeat_04,L2,stability,validation,39,41039,1230.6169029476966
l2_repeat_04,L2,stability,validation,40,41040,1294.4173393779456
l2_repeat_04,L2,stability,validation,41,41041,1273.8689811108436
l2_repeat_04,L2,stability,validation,42,41042,1200.4935318479124
l2_repeat_04,L2,stability,validation,43,41043,1197.2873958501145
l2_repeat_04,L2,stability,validation,44,41044,1247.1941815412372
l2_repeat_04,L2,stability,validation,45,41045,1350.5816666490675
l2_repeat_04,L2,stability,validation,46,41046,1285.769338854482
l2_repeat_04,L2,stability,validation,47,41047,1278.3152946516711
l2_repeat_04,L2,stability,validation,48,41048,1277.7196166024446
l2_repeat_04,L2,stability,validation,49,41049,1684.6439501674536
l2_repeat_04,L2,stability,validation,50,41050,1195.3046958598793
l2_repeat_04,L2,stability,validation,51,41051,1293.3869323226645
l2_repeat_04,L2,stability,validation,52,41052,1315.817929031458
l2_repeat_04,L2,stability,validation,53,41053,1223.1752571220256
l2_repeat_04,L2,stability,validation,54,41054,1257.2778773088999
l2_repeat_04,L2,stability,validation,55,41055,1283.7229609085782
l2_repeat_04,L2,stability,validation,56,41056,1265.238359658726
l2_repeat_04,L2,stability,validation,57,41057,1295.9248769427256
l2_repeat_04,L2,stability,validation,58,41058,1245.2933991068126
l2_repeat_04,L2,stability,validation,59,41059,1270.5741016191087
l2_repeat_04,L2,stability,validation,60,41060,1250.855995669808
l2_repeat_04,L2,stability,validation,61,41061,1268.8431828783466
l2_repeat_04,L2,stability,validation,62,41062,1326.052268261224
l2_repeat_04,L2,stability,validation,63,41063,1301.1568021477076
l2_repeat_04,L2,stability,validation,64,41064,1850.2438350597401
l2_repeat_04,L2,stability,validation,65,41065,1213.4071764598516
l2_repeat_04,L2,stability,validation,66,41066,1176.9654017725222
l2_repeat_04,L2,stability,validation,67,41067,1302.7792616658933
l2_repeat_04,L2,stability,validation,68,41068,1231.0933869857922
l2_repeat_04,L2,stability,validation,69,41069,1242.2845351205842
l2_repeat_04,L2,stability,validation,70,41070,1294.3682268730454
l2_repeat_04,L2,stability,validation,71,41071,2026.3418061915213
l2_repeat_04,L2,stability,validation,72,41072,1232.1068705693124
l2_repeat_04,L2,stability,validation,73,41073,1790.9214364899155
l2_repeat_04,L2,stability,validation,74,41074,1264.6198709836362
l2_repeat_04,L2,stability,validation,75,41075,1237.1274615081804
l2_repeat_04,L2,stability,validation,76,41076,1243.3631143964674
l2_repeat_04,L2,stability,validation,77,41077,1259.7158556959994
l2_repeat_04,L2,stability,validation,78,41078,1215.522966937355
l2_repeat_04,L2,stability,validation,79,41079,1231.7523509114576
l2_repeat_04,L2,stability,validation,80,41080,1417.9986752524692
l2_repeat_04,L2,stability,validation,81,41081,1254.1210482594665
l2_repeat_04,L2,stability,validation,82,41082,1273.4530746731116
l2_repeat_04,L2,stability,validation,83,41083,1183.9105027520793
l2_repeat_04,L2,stability,validation,84,41084,1222.104709643651
l2_repeat_04,L2,stability,validation,85,41085,1260.501916868213
l2_repeat_04,L2,stability,validation,86,41086,1252.8427909607863
l2_repeat_04,L2,stability,validation,87,41087,1237.3401736305134
l2_repeat_04,L2,stability,validation,88,41088,1198.9779378282788
l2_repeat_04,L2,stability,validation,89,41089,1288.3444005649337
l2_repeat_04,L2,stability,validation,90,41090,1287.3772300971305
l2_repeat_04,L2,stability,validation,91,41091,1222.7552245853224
l2_repeat_04,L2,stability,validation,92,41092,1276.0724786949002
l2_repeat_04,L2,stability,validation,93,41093,1278.6042261576106
l2_repeat_04,L2,stability,validation,94,41094,1226.8961417309683
l2_repeat_04,L2,stability,validation,95,41095,1235.100570189154
l2_repeat_04,L2,stability,validation,96,41096,1260.949494359346
l2_repeat_04,L2,stability,validation,97,41097,1166.5777034476055
l2_repeat_04,L2,stability,validation,98,41098,1244.5147506775597
l2_repeat_04,L2,stability,validation,99,41099,1230.1156594239023
l2_repeat_04,L2,stability,validation,100,41100,1537.0980596390448
l2_repeat_04,L2,stability,validation,101,41101,1216.5922854254015
l2_repeat_04,L2,stability,validation,102,41102,1282.916760073205
l2_repeat_04,L2,stability,validation,103,41103,1234.6326559280535
l2_repeat_04,L2,stability,validation,104,41104,1662.4044891041976
l2_repeat_04,L2,stability,validation,105,41105,1236.1073893718262
l2_repeat_04,L2,stability,validation,106,41106,1233.7619661500541
l2_repeat_04,L2,stability,validation,107,41107,1308.0608378331092
l2_repeat_04,L2,stability,validation,108,41108,1254.1691761461202
l2_repeat_04,L2,stability,validation,109,41109,1485.6674386344275
l2_repeat_04,L2,stability,validation,110,41110,1231.8915159874787
l2_repeat_04,L2,stability,validation,111,41111,1230.8538804893208
l2_repeat_04,L2,stability,validation,112,41112,1237.9622322515138
l2_repeat_04,L2,stability,validation,113,41113,1259.120472026319
l2_repeat_04,L2,stability,validation,114,41114,1577.152608509704
l2_repeat_04,L2,stability,validation,115,41115,1233.0917662787938
l2_repeat_04,L2,stability,validation,116,41116,1246.1453519495612
l2_repeat_04,L2,stability,validation,117,41117,1209.2222148807532
l2_repeat_04,L2,stability,validation,118,41118,1269.1922190395196
l2_repeat_04,L2,stability,validation,119,41119,1248.1797961332545
l2_repeat_04,L2,stability,validation,120,41120,1396.5467584447094
l2_repeat_04,L2,stability,validation,121,41121,1397.1974026939333
l2_repeat_04,L2,stability,validation,122,41122,1263.8968041614078
l2_repeat_04,L2,stability,validation,123,41123,1235.3986153884675
l2_repeat_04,L2,stability,validation,124,41124,1188.3639036797456
l2_repeat_04,L2,stability,validation,125,41125,1189.6507430538034
l2_repeat_04,L2,stability,validation,126,41126,1213.085709895158
l2_repeat_04,L2,stability,validation,127,41127,1272.8946649250788
l2_repeat_04,L2,stability,validation,128,41128,1304.69257139216
l2_repeat_04,L2,stability,validation,129,41129,1314.7709470585773
l2_repeat_04,L2,stability,validation,130,41130,1265.5674678198993
l2_repeat_04,L2,stability,validation,131,41131,1276.8213121892993
l2_repeat_04,L2,stability,validation,132,41132,1267.7230113644937
l2_repeat_04,L2,stability,validation,133,41133,1314.1800557329948
l2_repeat_04,L2,stability,validation,134,41134,1262.501352874625
l2_repeat_04,L2,stability,validation,135,41135,1220.6819321839114
l2_repeat_04,L2,stability,validation,136,41136,1200.436189917968
l2_repeat_04,L2,stability,validation,137,41137,1268.760614301706
l2_repeat_04,L2,stability,validation,138,41138,1412.9457277347526
l2_repeat_04,L2,stability,validation,139,41139,1293.8044255810378
l2_repeat_04,L2,stability,validation,140,41140,1254.846999509404
l2_repeat_04,L2,stability,validation,141,41141,1294.4226692174639
l2_repeat_04,L2,stability,validation,142,41142,1248.0677213012993
l2_repeat_04,L2,stability,validation,143,41143,1331.635047481214
l2_repeat_04,L2,stability,validation,144,41144,1203.2115363304245
l2_repeat_04,L2,stability,validation,145,41145,1226.278671122046
l2_repeat_04,L2,stability,validation,146,41146,2737.9217138831427
l2_repeat_04,L2,stability,validation,147,41147,1235.3423597542858
l2_repeat_04,L2,stability,validation,148,41148,1176.8685836702537
l2_repeat_04,L2,stability,validation,149,41149,1245.795713566787
l2_repeat_04,L2,stability,validation,150,41150,1275.4513940711618
l2_repeat_04,L2,stability,validation,151,41151,1278.0248425353047
l2_repeat_04,L2,stability,validation,152,41152,1353.0573304788113
l2_repeat_04,L2,stability,validation,153,41153,1266.063270909272
l2_repeat_04,L2,stability,validation,154,41154,1252.1355016082834
l2_repeat_04,L2,stability,validation,155,41155,1260.6784547247794
l2_repeat_04,L2,stability,validation,156,41156,1240.2254806573567
l2_repeat_04,L2,stability,validation,157,41157,1610.3175022591622
l2_repeat_04,L2,stability,validation,158,41158,1253.2808045950208
l2_repeat_04,L2,stability,validation,159,41159,1325.7313134233523
l2_repeat_04,L2,stability,validation,160,41160,1256.128535371897
l2_repeat_04,L2,stability,validation,161,41161,1226.0469983442258
l2_repeat_04,L2,stability,validation,162,41162,1260.9914445341567
l2_repeat_04,L2,stability,validation,163,41163,1618.9863375972575
l2_repeat_04,L2,stability,validation,164,41164,1259.339385981749
l2_repeat_04,L2,stability,validation,165,41165,1184.5003274498247
l2_repeat_04,L2,stability,validation,166,41166,1281.6897387187546
l2_repeat_04,L2,stability,validation,167,41167,1256.224094473441
l2_repeat_04,L2,stability,validation,168,41168,1246.3789107049677
l2_repeat_04,L2,stability,validation,169,41169,1517.7061870861032
l2_repeat_04,L2,stability,validation,170,41170,1203.1050873629615
l2_repeat_04,L2,stability,validation,171,41171,1237.5869670079205
l2_repeat_04,L2,stability,validation,172,41172,1251.3648811472087
l2_repeat_04,L2,stability,validation,173,41173,1254.332648967635
l2_repeat_04,L2,stability,validation,174,41174,1268.6518788130488
l2_repeat_04,L2,stability,validation,175,41175,1238.9099209030126
l2_repeat_04,L2,stability,validation,176,41176,1222.3248902673668
l2_repeat_04,L2,stability,validation,177,41177,1196.5457732419466
l2_repeat_04,L2,stability,validation,178,41178,1291.6915875906993
l2_repeat_04,L2,stability,validation,179,41179,1244.1403785454524
l2_repeat_04,L2,stability,validation,180,41180,1217.88205481556
l2_repeat_04,L2,stability,validation,181,41181,1197.8704819184636
l2_repeat_04,L2,stability,validation,182,41182,1202.0199108447357
l2_repeat_04,L2,stability,validation,183,41183,1310.0032604703558
l2_repeat_04,L2,stability,validation,184,41184,1257.1963871659818
l2_repeat_04,L2,stability,validation,185,41185,1217.0370988854906
l2_repeat_04,L2,stability,validation,186,41186,1249.074012816846
l2_repeat_04,L2,stability,validation,187,41187,1288.7551819847072
l2_repeat_04,L2,stability,validation,188,41188,1250.129320586792
l2_repeat_04,L2,stability,validation,189,41189,1287.4245410216195
l2_repeat_04,L2,stability,validation,190,41190,1280.6117454045748
l2_repeat_04,L2,stability,validation,191,41191,1398.1642904553767
l2_repeat_04,L2,stability,validation,192,41192,1265.586994969744
l2_repeat_04,L2,stability,validation,193,41193,1395.9100072512178
l2_repeat_04,L2,stability,validation,194,41194,1204.9244448094078
l2_repeat_04,L2,stability,validation,195,41195,1235.6286829567566
l2_repeat_04,L2,stability,validation,196,41196,1222.7105163815197
l2_repeat_04,L2,stability,validation,197,41197,1282.2377228713306
l2_repeat_04,L2,stability,validation,198,41198,1240.3966303436807
l2_repeat_04,L2,stability,validation,199,41199,1279.407645200482
l2_repeat_04,L2,stability,validation,200,41200,1331.0510664433236
l2_repeat_04,L2,stability,fresh,1,51001,1247.1747330958133
l2_repeat_04,L2,stability,fresh,2,51002,1193.431843240559
l2_repeat_04,L2,stability,fresh,3,51003,1361.8550496882983
l2_repeat_04,L2,stability,fresh,4,51004,1240.6734863004294
l2_repeat_04,L2,stability,fresh,5,51005,1291.526390570124
l2_repeat_04,L2,stability,fresh,6,51006,1254.105811106324
l2_repeat_04,L2,stability,fresh,7,51007,1265.9104476864622
l2_repeat_04,L2,stability,fresh,8,51008,1218.630983896798
l2_repeat_04,L2,stability,fresh,9,51009,1207.7761563543886
l2_repeat_04,L2,stability,fresh,10,51010,1200.8807846108778
l2_repeat_04,L2,stability,fresh,11,51011,1303.5950852772628
l2_repeat_04,L2,stability,fresh,12,51012,1320.4430265225749
l2_repeat_04,L2,stability,fresh,13,51013,1177.733139255308
l2_repeat_04,L2,stability,fresh,14,51014,1251.1445136363218
l2_repeat_04,L2,stability,fresh,15,51015,1229.7053431822142
l2_repeat_04,L2,stability,fresh,16,51016,1229.513554979262
l2_repeat_04,L2,stability,fresh,17,51017,1303.132284669854
l2_repeat_04,L2,stability,fresh,18,51018,1314.2360043370738
l2_repeat_04,L2,stability,fresh,19,51019,1281.3413921728336
l2_repeat_04,L2,stability,fresh,20,51020,1301.776697404389
l2_repeat_04,L2,stability,fresh,21,51021,1294.4953413759179
l2_repeat_04,L2,stability,fresh,22,51022,1221.4537687634308
l2_repeat_04,L2,stability,fresh,23,51023,1302.1149856780619
l2_repeat_04,L2,stability,fresh,24,51024,1248.0605913919883
l2_repeat_04,L2,stability,fresh,25,51025,1251.6928967462113
l2_repeat_04,L2,stability,fresh,26,51026,1291.735542352798
l2_repeat_04,L2,stability,fresh,27,51027,1279.453862809905
l2_repeat_04,L2,stability,fresh,28,51028,1222.5041738395703
l2_repeat_04,L2,stability,fresh,29,51029,1257.240784709923
l2_repeat_04,L2,stability,fresh,30,51030,1251.5896463099796
l2_repeat_04,L2,stability,fresh,31,51031,1274.806577362351
l2_repeat_04,L2,stability,fresh,32,51032,1485.0755130410837
l2_repeat_04,L2,stability,fresh,33,51033,1269.1261065843098
l2_repeat_04,L2,stability,fresh,34,51034,1248.9079195254214
l2_repeat_04,L2,stability,fresh,35,51035,1265.5031864062926
l2_repeat_04,L2,stability,fresh,36,51036,1254.3965792723236
l2_repeat_04,L2,stability,fresh,37,51037,1415.5977845068167
l2_repeat_04,L2,stability,fresh,38,51038,1234.4480011985509
l2_repeat_04,L2,stability,fresh,39,51039,1242.14369929525
l2_repeat_04,L2,stability,fresh,40,51040,1189.48540492808
l2_repeat_04,L2,stability,fresh,41,51041,1301.0625829244575
l2_repeat_04,L2,stability,fresh,42,51042,1239.6398008949498
l2_repeat_04,L2,stability,fresh,43,51043,1328.2140123727447
l2_repeat_04,L2,stability,fresh,44,51044,1226.9808755971005
l2_repeat_04,L2,stability,fresh,45,51045,1223.4648626352564
l2_repeat_04,L2,stability,fresh,46,51046,1286.39660299403
l2_repeat_04,L2,stability,fresh,47,51047,1239.486587620814
l2_repeat_04,L2,stability,fresh,48,51048,1204.504886117626
l2_repeat_04,L2,stability,fresh,49,51049,1277.3790221660956
l2_repeat_04,L2,stability,fresh,50,51050,1280.1017791977245
l2_repeat_04,L2,stability,fresh,51,51051,1214.7640325444395
l2_repeat_04,L2,stability,fresh,52,51052,1235.5132636055007
l2_repeat_04,L2,stability,fresh,53,51053,1327.7182951429759
l2_repeat_04,L2,stability,fresh,54,51054,1979.5387395896855
l2_repeat_04,L2,stability,fresh,55,51055,1303.0413905072405
l2_repeat_04,L2,stability,fresh,56,51056,1234.9660453053843
l2_repeat_04,L2,stability,fresh,57,51057,1209.88227433644
l2_repeat_04,L2,stability,fresh,58,51058,1265.5292910769663
l2_repeat_04,L2,stability,fresh,59,51059,1220.141960921804
l2_repeat_04,L2,stability,fresh,60,51060,1218.5548335685555
l2_repeat_04,L2,stability,fresh,61,51061,1237.7211688915324
l2_repeat_04,L2,stability,fresh,62,51062,1379.4678792558936
l2_repeat_04,L2,stability,fresh,63,51063,1289.0053361519906
l2_repeat_04,L2,stability,fresh,64,51064,1179.9981354804793
l2_repeat_04,L2,stability,fresh,65,51065,1302.8984608868786
l2_repeat_04,L2,stability,fresh,66,51066,1258.6937532732627
l2_repeat_04,L2,stability,fresh,67,51067,1311.1177864465244
l2_repeat_04,L2,stability,fresh,68,51068,1225.2502634266893
l2_repeat_04,L2,stability,fresh,69,51069,1245.1804285525468
l2_repeat_04,L2,stability,fresh,70,51070,1216.190612449617
l2_repeat_04,L2,stability,fresh,71,51071,1245.0089775384242
l2_repeat_04,L2,stability,fresh,72,51072,1265.1784192627376
l2_repeat_04,L2,stability,fresh,73,51073,1256.3926708751983
l2_repeat_04,L2,stability,fresh,74,51074,1267.5546719666452
l2_repeat_04,L2,stability,fresh,75,51075,1678.742704132535
l2_repeat_04,L2,stability,fresh,76,51076,2134.651875601244
l2_repeat_04,L2,stability,fresh,77,51077,1272.1186362776218
l2_repeat_04,L2,stability,fresh,78,51078,1294.0989866373777
l2_repeat_04,L2,stability,fresh,79,51079,1462.5129794304107
l2_repeat_04,L2,stability,fresh,80,51080,1316.3925394120733
l2_repeat_04,L2,stability,fresh,81,51081,1220.844292399748
l2_repeat_04,L2,stability,fresh,82,51082,1319.8643320030765
l2_repeat_04,L2,stability,fresh,83,51083,1282.0056461773434
l2_repeat_04,L2,stability,fresh,84,51084,1274.3445607126423
l2_repeat_04,L2,stability,fresh,85,51085,1306.0043820384715
l2_repeat_04,L2,stability,fresh,86,51086,1272.4032837107702
l2_repeat_04,L2,stability,fresh,87,51087,1255.1740738098906
l2_repeat_04,L2,stability,fresh,88,51088,1272.6185725797766
l2_repeat_04,L2,stability,fresh,89,51089,1256.267763963981
l2_repeat_04,L2,stability,fresh,90,51090,1260.3928937184673
l2_repeat_04,L2,stability,fresh,91,51091,1609.3161040846066
l2_repeat_04,L2,stability,fresh,92,51092,1253.7428352508157
l2_repeat_04,L2,stability,fresh,93,51093,1877.3450527701998
l2_repeat_04,L2,stability,fresh,94,51094,1241.0644746207722
l2_repeat_04,L2,stability,fresh,95,51095,1313.5688396972182
l2_repeat_04,L2,stability,fresh,96,51096,1233.5766469870068
l2_repeat_04,L2,stability,fresh,97,51097,1235.9816213173801
l2_repeat_04,L2,stability,fresh,98,51098,1210.7261974222172
l2_repeat_04,L2,stability,fresh,99,51099,1195.6794909127907
l2_repeat_04,L2,stability,fresh,100,51100,1308.8264634861075
l2_repeat_04,L2,stability,fresh,101,51101,1257.4666746879545
l2_repeat_04,L2,stability,fresh,102,51102,1234.676437889293
l2_repeat_04,L2,stability,fresh,103,51103,1300.4386684768795
l2_repeat_04,L2,stability,fresh,104,51104,1267.7797706203871
l2_repeat_04,L2,stability,fresh,105,51105,1241.6097703433513
l2_repeat_04,L2,stability,fresh,106,51106,1329.7310618593901
l2_repeat_04,L2,stability,fresh,107,51107,1290.7675415531533
l2_repeat_04,L2,stability,fresh,108,51108,1223.1163834370464
l2_repeat_04,L2,stability,fresh,109,51109,1198.3197920260034
l2_repeat_04,L2,stability,fresh,110,51110,1262.3513513491498
l2_repeat_04,L2,stability,fresh,111,51111,1362.4119943574165
l2_repeat_04,L2,stability,fresh,112,51112,1607.4244054249702
l2_repeat_04,L2,stability,fresh,113,51113,1300.142759957569
l2_repeat_04,L2,stability,fresh,114,51114,1227.1766484223076
l2_repeat_04,L2,stability,fresh,115,51115,1201.8800775070185
l2_repeat_04,L2,stability,fresh,116,51116,1189.666897211533
l2_repeat_04,L2,stability,fresh,117,51117,1245.060178899798
l2_repeat_04,L2,stability,fresh,118,51118,1234.7328273884054
l2_repeat_04,L2,stability,fresh,119,51119,1265.6194311218362
l2_repeat_04,L2,stability,fresh,120,51120,1243.3335245619712
l2_repeat_04,L2,stability,fresh,121,51121,1228.493200646412
l2_repeat_04,L2,stability,fresh,122,51122,1305.3528172015517
l2_repeat_04,L2,stability,fresh,123,51123,1248.104268816633
l2_repeat_04,L2,stability,fresh,124,51124,1177.9812426865828
l2_repeat_04,L2,stability,fresh,125,51125,1285.1574023984185
l2_repeat_04,L2,stability,fresh,126,51126,1215.5111192125023
l2_repeat_04,L2,stability,fresh,127,51127,1213.9970031004611
l2_repeat_04,L2,stability,fresh,128,51128,1370.210607215242
l2_repeat_04,L2,stability,fresh,129,51129,1249.2730911645695
l2_repeat_04,L2,stability,fresh,130,51130,1308.5386637535478
l2_repeat_04,L2,stability,fresh,131,51131,1223.710111413227
l2_repeat_04,L2,stability,fresh,132,51132,1298.3211230811219
l2_repeat_04,L2,stability,fresh,133,51133,1255.5172476545831
l2_repeat_04,L2,stability,fresh,134,51134,1239.9242165237454
l2_repeat_04,L2,stability,fresh,135,51135,1253.438865920575
l2_repeat_04,L2,stability,fresh,136,51136,1258.082856110662
l2_repeat_04,L2,stability,fresh,137,51137,1261.9784430532118
l2_repeat_04,L2,stability,fresh,138,51138,1282.3189443521758
l2_repeat_04,L2,stability,fresh,139,51139,1314.0886937772375
l2_repeat_04,L2,stability,fresh,140,51140,1222.7315847198388
l2_repeat_04,L2,stability,fresh,141,51141,2633.9776609938376
l2_repeat_04,L2,stability,fresh,142,51142,1234.6152297561105
l2_repeat_04,L2,stability,fresh,143,51143,1251.7321067329726
l2_repeat_04,L2,stability,fresh,144,51144,1417.5204972825468
l2_repeat_04,L2,stability,fresh,145,51145,1315.040838756406
l2_repeat_04,L2,stability,fresh,146,51146,1329.7586412779592
l2_repeat_04,L2,stability,fresh,147,51147,1247.3485493595083
l2_repeat_04,L2,stability,fresh,148,51148,1259.3786287212947
l2_repeat_04,L2,stability,fresh,149,51149,1230.3066985983355
l2_repeat_04,L2,stability,fresh,150,51150,1237.7562547070881
l2_repeat_04,L2,stability,fresh,151,51151,1250.8019106491145
l2_repeat_04,L2,stability,fresh,152,51152,1268.305537510153
l2_repeat_04,L2,stability,fresh,153,51153,1336.9526024069796
l2_repeat_04,L2,stability,fresh,154,51154,1207.2561597785414
l2_repeat_04,L2,stability,fresh,155,51155,1271.219921487526
l2_repeat_04,L2,stability,fresh,156,51156,1303.3842322055089
l2_repeat_04,L2,stability,fresh,157,51157,1246.9798493159037
l2_repeat_04,L2,stability,fresh,158,51158,1277.45127283254
l2_repeat_04,L2,stability,fresh,159,51159,1166.218841980301
l2_repeat_04,L2,stability,fresh,160,51160,1229.5592995531695
l2_repeat_04,L2,stability,fresh,161,51161,1255.0215283508358
l2_repeat_04,L2,stability,fresh,162,51162,1326.4861551908484
l2_repeat_04,L2,stability,fresh,163,51163,1185.3709647739465
l2_repeat_04,L2,stability,fresh,164,51164,1423.0338668826157
l2_repeat_04,L2,stability,fresh,165,51165,1224.2929658312175
l2_repeat_04,L2,stability,fresh,166,51166,1344.302479341781
l2_repeat_04,L2,stability,fresh,167,51167,1263.0194237229646
l2_repeat_04,L2,stability,fresh,168,51168,1430.3561301117138
l2_repeat_04,L2,stability,fresh,169,51169,1363.2537369674899
l2_repeat_04,L2,stability,fresh,170,51170,1296.1358161471746
l2_repeat_04,L2,stability,fresh,171,51171,1302.3244986490195
l2_repeat_04,L2,stability,fresh,172,51172,1350.1192656904193
l2_repeat_04,L2,stability,fresh,173,51173,1232.8436980282518
l2_repeat_04,L2,stability,fresh,174,51174,1325.6298922113162
l2_repeat_04,L2,stability,fresh,175,51175,1270.807494595763
l2_repeat_04,L2,stability,fresh,176,51176,1291.989805440983
l2_repeat_04,L2,stability,fresh,177,51177,1315.7012438536758
l2_repeat_04,L2,stability,fresh,178,51178,1291.863786802397
l2_repeat_04,L2,stability,fresh,179,51179,1274.4423985325056
l2_repeat_04,L2,stability,fresh,180,51180,1301.2409242581016
l2_repeat_04,L2,stability,fresh,181,51181,1243.7412299061832
l2_repeat_04,L2,stability,fresh,182,51182,1300.9782703005594
l2_repeat_04,L2,stability,fresh,183,51183,1243.1191965793068
l2_repeat_04,L2,stability,fresh,184,51184,1464.7612660016837
l2_repeat_04,L2,stability,fresh,185,51185,1209.5646041590605
l2_repeat_04,L2,stability,fresh,186,51186,1483.8030203676913
l2_repeat_04,L2,stability,fresh,187,51187,1287.5131156793416
l2_repeat_04,L2,stability,fresh,188,51188,1238.5696262749266
l2_repeat_04,L2,stability,fresh,189,51189,1413.227789800642
l2_repeat_04,L2,stability,fresh,190,51190,1232.8012923431384
l2_repeat_04,L2,stability,fresh,191,51191,1278.070245533819
l2_repeat_04,L2,stability,fresh,192,51192,1242.6659978319033
l2_repeat_04,L2,stability,fresh,193,51193,1281.0855528018792
l2_repeat_04,L2,stability,fresh,194,51194,1209.6254268005648
l2_repeat_04,L2,stability,fresh,195,51195,1213.8373882013288
l2_repeat_04,L2,stability,fresh,196,51196,1289.9112230035219
l2_repeat_04,L2,stability,fresh,197,51197,1256.9680125773332
l2_repeat_04,L2,stability,fresh,198,51198,1219.011034824923
l2_repeat_04,L2,stability,fresh,199,51199,1244.5388237243017
l2_repeat_04,L2,stability,fresh,200,51200,1328.9867638215942
l2_repeat_05,L2,stability,excel,1,111,1657.243876851808
l2_repeat_05,L2,stability,excel,2,112,1217.8857104064427
l2_repeat_05,L2,stability,excel,3,113,1170.7442830473428
l2_repeat_05,L2,stability,excel,4,114,1240.4205407453383
l2_repeat_05,L2,stability,excel,5,115,2291.6628954136795
l2_repeat_05,L2,stability,excel,6,116,1962.0530660596025
l2_repeat_05,L2,stability,excel,7,117,1863.103484662922
l2_repeat_05,L2,stability,excel,8,118,1229.2223323660412
l2_repeat_05,L2,stability,excel,9,119,1274.8072352152044
l2_repeat_05,L2,stability,excel,10,120,1246.4274709595595
l2_repeat_05,L2,stability,excel,11,121,1266.343387955609
l2_repeat_05,L2,stability,excel,12,122,1260.9667103582103
l2_repeat_05,L2,stability,excel,13,123,1173.828333983734
l2_repeat_05,L2,stability,excel,14,124,1525.9506910803634
l2_repeat_05,L2,stability,excel,15,125,1212.0946946534418
l2_repeat_05,L2,stability,excel,16,126,1282.9572629889
l2_repeat_05,L2,stability,excel,17,127,1239.7342235124477
l2_repeat_05,L2,stability,excel,18,128,1229.4094367965329
l2_repeat_05,L2,stability,excel,19,129,1241.641568842685
l2_repeat_05,L2,stability,excel,20,130,1269.8722716112215
l2_repeat_05,L2,stability,excel,21,131,1240.602308666265
l2_repeat_05,L2,stability,excel,22,132,1259.3376146613587
l2_repeat_05,L2,stability,excel,23,133,1297.5947715832576
l2_repeat_05,L2,stability,excel,24,134,1256.886633570269
l2_repeat_05,L2,stability,excel,25,135,1200.6274974306214
l2_repeat_05,L2,stability,excel,26,136,1359.9319560750791
l2_repeat_05,L2,stability,excel,27,137,1178.4975197511747
l2_repeat_05,L2,stability,excel,28,138,1474.006222646583
l2_repeat_05,L2,stability,excel,29,139,1342.880371308788
l2_repeat_05,L2,stability,excel,30,140,1260.648182402623
l2_repeat_05,L2,stability,excel,31,141,1214.820183215264
l2_repeat_05,L2,stability,excel,32,142,1174.985201193378
l2_repeat_05,L2,stability,excel,33,143,1256.6514853919966
l2_repeat_05,L2,stability,excel,34,144,1170.0992122715209
l2_repeat_05,L2,stability,excel,35,145,1231.2356850357799
l2_repeat_05,L2,stability,excel,36,146,1181.9329448034173
l2_repeat_05,L2,stability,excel,37,147,1270.5601719862152
l2_repeat_05,L2,stability,excel,38,148,1289.8751481137383
l2_repeat_05,L2,stability,excel,39,149,4447.437768679096
l2_repeat_05,L2,stability,excel,40,150,1238.2869842222765
l2_repeat_05,L2,stability,excel,41,151,1189.3688823177404
l2_repeat_05,L2,stability,excel,42,152,1265.3795029891014
l2_repeat_05,L2,stability,excel,43,153,1318.1530238042249
l2_repeat_05,L2,stability,excel,44,154,1250.1345866157565
l2_repeat_05,L2,stability,excel,45,155,1247.3828237167327
l2_repeat_05,L2,stability,excel,46,156,1235.6477247296664
l2_repeat_05,L2,stability,excel,47,157,1434.298423969197
l2_repeat_05,L2,stability,excel,48,158,1210.3651224144792
l2_repeat_05,L2,stability,excel,49,159,1618.5482419278792
l2_repeat_05,L2,stability,excel,50,160,1303.774181363855
l2_repeat_05,L2,stability,excel,51,161,1164.2719986595446
l2_repeat_05,L2,stability,excel,52,162,1246.7239389331833
l2_repeat_05,L2,stability,excel,53,163,1216.5388808472424
l2_repeat_05,L2,stability,excel,54,164,1223.4323510310512
l2_repeat_05,L2,stability,excel,55,165,2785.489302624621
l2_repeat_05,L2,stability,excel,56,166,1191.9684341935397
l2_repeat_05,L2,stability,excel,57,167,1259.0114939099851
l2_repeat_05,L2,stability,excel,58,168,1676.805143837721
l2_repeat_05,L2,stability,excel,59,169,1226.7079372572882
l2_repeat_05,L2,stability,excel,60,170,1400.9637148595064
l2_repeat_05,L2,stability,excel,61,171,1191.5146465417474
l2_repeat_05,L2,stability,excel,62,172,1231.6631838299502
l2_repeat_05,L2,stability,excel,63,173,1228.7504222916484
l2_repeat_05,L2,stability,excel,64,174,1222.9150276639796
l2_repeat_05,L2,stability,excel,65,175,1186.8449842537518
l2_repeat_05,L2,stability,excel,66,176,1207.5806047101844
l2_repeat_05,L2,stability,excel,67,177,1200.334380236516
l2_repeat_05,L2,stability,excel,68,178,1744.5991222450004
l2_repeat_05,L2,stability,excel,69,179,1232.5686612068703
l2_repeat_05,L2,stability,excel,70,180,1168.909136328567
l2_repeat_05,L2,stability,excel,71,181,1288.2921481307058
l2_repeat_05,L2,stability,excel,72,182,1196.8831142376955
l2_repeat_05,L2,stability,excel,73,183,1221.803670750517
l2_repeat_05,L2,stability,excel,74,184,1232.9256114986013
l2_repeat_05,L2,stability,excel,75,185,1194.715245342731
l2_repeat_05,L2,stability,excel,76,186,1167.64243055758
l2_repeat_05,L2,stability,excel,77,187,1168.7559106795363
l2_repeat_05,L2,stability,excel,78,188,1307.401680620542
l2_repeat_05,L2,stability,excel,79,189,1189.4814575799699
l2_repeat_05,L2,stability,excel,80,190,1239.0989616013496
l2_repeat_05,L2,stability,excel,81,191,1224.0426618370325
l2_repeat_05,L2,stability,excel,82,192,1170.088143466443
l2_repeat_05,L2,stability,excel,83,193,1192.3557597024592
l2_repeat_05,L2,stability,excel,84,194,1223.6495865011866
l2_repeat_05,L2,stability,excel,85,195,1188.9426451970098
l2_repeat_05,L2,stability,excel,86,196,1215.9995829854452
l2_repeat_05,L2,stability,excel,87,197,1258.6583073713437
l2_repeat_05,L2,stability,excel,88,198,1247.1041025521845
l2_repeat_05,L2,stability,excel,89,199,1177.8222657411884
l2_repeat_05,L2,stability,excel,90,200,2569.5799996535034
l2_repeat_05,L2,stability,excel,91,201,1225.5815680233168
l2_repeat_05,L2,stability,excel,92,202,1293.470938563706
l2_repeat_05,L2,stability,excel,93,203,1138.649162726852
l2_repeat_05,L2,stability,excel,94,204,1227.1433545448451
l2_repeat_05,L2,stability,excel,95,205,2007.165217554009
l2_repeat_05,L2,stability,excel,96,206,1184.2812220284216
l2_repeat_05,L2,stability,excel,97,207,1241.067358840226
l2_repeat_05,L2,stability,excel,98,208,1195.4222707297229
l2_repeat_05,L2,stability,excel,99,209,1190.4888076108728
l2_repeat_05,L2,stability,excel,100,210,1194.065730897967
l2_repeat_05,L2,stability,excel,101,211,1185.144544545729
l2_repeat_05,L2,stability,excel,102,212,1279.833331293673
l2_repeat_05,L2,stability,excel,103,213,1360.3371408794783
l2_repeat_05,L2,stability,excel,104,214,1235.060106802296
l2_repeat_05,L2,stability,excel,105,215,1268.1934529462724
l2_repeat_05,L2,stability,excel,106,216,1365.2720004987173
l2_repeat_05,L2,stability,excel,107,217,1165.0077506208318
l2_repeat_05,L2,stability,excel,108,218,1234.2212674397895
l2_repeat_05,L2,stability,excel,109,219,1502.609116253298
l2_repeat_05,L2,stability,excel,110,220,1202.9128390790381
l2_repeat_05,L2,stability,excel,111,221,1186.142565519486
l2_repeat_05,L2,stability,excel,112,222,1177.3573250323745
l2_repeat_05,L2,stability,excel,113,223,2042.025703622879
l2_repeat_05,L2,stability,excel,114,224,1206.7670294365416
l2_repeat_05,L2,stability,excel,115,225,1180.2270723651748
l2_repeat_05,L2,stability,excel,116,226,1164.2110638671782
l2_repeat_05,L2,stability,excel,117,227,1330.3679564618342
l2_repeat_05,L2,stability,excel,118,228,1247.3210041864702
l2_repeat_05,L2,stability,excel,119,229,1165.1488917809886
l2_repeat_05,L2,stability,excel,120,230,1240.8387723722124
l2_repeat_05,L2,stability,excel,121,231,1234.3667951033035
l2_repeat_05,L2,stability,excel,122,232,1229.6059000354003
l2_repeat_05,L2,stability,excel,123,233,1203.6831914483741
l2_repeat_05,L2,stability,excel,124,234,1229.3840126372913
l2_repeat_05,L2,stability,excel,125,235,1165.0722541212078
l2_repeat_05,L2,stability,excel,126,236,1308.46557140065
l2_repeat_05,L2,stability,excel,127,237,1173.1317623193008
l2_repeat_05,L2,stability,excel,128,238,1291.0152187607973
l2_repeat_05,L2,stability,excel,129,239,1685.3280084864411
l2_repeat_05,L2,stability,excel,130,240,1196.0608522901384
l2_repeat_05,L2,stability,excel,131,241,1303.836086602516
l2_repeat_05,L2,stability,excel,132,242,1244.6319940229766
l2_repeat_05,L2,stability,excel,133,243,1204.1617127958814
l2_repeat_05,L2,stability,excel,134,244,1692.4260207751693
l2_repeat_05,L2,stability,excel,135,245,1257.358779499917
l2_repeat_05,L2,stability,excel,136,246,1195.273954526496
l2_repeat_05,L2,stability,excel,137,247,1155.3432830338418
l2_repeat_05,L2,stability,excel,138,248,1298.2943610683596
l2_repeat_05,L2,stability,excel,139,249,1228.0152957724943
l2_repeat_05,L2,stability,excel,140,250,1169.2010499980197
l2_repeat_05,L2,stability,excel,141,251,1214.8429938815689
l2_repeat_05,L2,stability,excel,142,252,1348.0102526381716
l2_repeat_05,L2,stability,excel,143,253,1492.301773152882
l2_repeat_05,L2,stability,excel,144,254,1154.3906034996448
l2_repeat_05,L2,stability,excel,145,255,1273.9482003700407
l2_repeat_05,L2,stability,excel,146,256,1273.4149466328124
l2_repeat_05,L2,stability,excel,147,257,1311.289088202065
l2_repeat_05,L2,stability,excel,148,258,1188.0419884371242
l2_repeat_05,L2,stability,excel,149,259,1226.497654377231
l2_repeat_05,L2,stability,excel,150,260,1247.7415506110276
l2_repeat_05,L2,stability,excel,151,261,1250.532763537867
l2_repeat_05,L2,stability,excel,152,262,1247.0656236582058
l2_repeat_05,L2,stability,excel,153,263,1226.7869630878697
l2_repeat_05,L2,stability,excel,154,264,1145.8764887818431
l2_repeat_05,L2,stability,excel,155,265,1189.2106778699695
l2_repeat_05,L2,stability,excel,156,266,1259.1023220849768
l2_repeat_05,L2,stability,excel,157,267,1259.8475405229528
l2_repeat_05,L2,stability,excel,158,268,1568.2329916374078
l2_repeat_05,L2,stability,excel,159,269,1202.9219322346935
l2_repeat_05,L2,stability,excel,160,270,1229.9845853046559
l2_repeat_05,L2,stability,excel,161,271,1266.41286043287
l2_repeat_05,L2,stability,excel,162,272,1225.8032517980203
l2_repeat_05,L2,stability,excel,163,273,1349.7012254687957
l2_repeat_05,L2,stability,excel,164,274,1311.0043437125546
l2_repeat_05,L2,stability,excel,165,275,1186.9835222228023
l2_repeat_05,L2,stability,excel,166,276,1187.9954216900812
l2_repeat_05,L2,stability,excel,167,277,1479.0621393512301
l2_repeat_05,L2,stability,excel,168,278,2155.915649684339
l2_repeat_05,L2,stability,excel,169,279,1661.8429839610733
l2_repeat_05,L2,stability,excel,170,280,1320.511353897718
l2_repeat_05,L2,stability,excel,171,281,1282.5132376757701
l2_repeat_05,L2,stability,excel,172,282,1239.3988070883834
l2_repeat_05,L2,stability,excel,173,283,1153.1165605959968
l2_repeat_05,L2,stability,excel,174,284,1247.4055683418067
l2_repeat_05,L2,stability,excel,175,285,1245.413501275074
l2_repeat_05,L2,stability,excel,176,286,1269.1826784911086
l2_repeat_05,L2,stability,excel,177,287,1430.8500545947932
l2_repeat_05,L2,stability,excel,178,288,1153.3179906092878
l2_repeat_05,L2,stability,excel,179,289,1204.2113079300195
l2_repeat_05,L2,stability,excel,180,290,1258.6623017700365
l2_repeat_05,L2,stability,excel,181,291,1172.8462357426124
l2_repeat_05,L2,stability,excel,182,292,1236.659435733884
l2_repeat_05,L2,stability,excel,183,293,1241.9759950481596
l2_repeat_05,L2,stability,excel,184,294,1190.6576019452536
l2_repeat_05,L2,stability,excel,185,295,1189.5899948460449
l2_repeat_05,L2,stability,excel,186,296,1189.1848795544681
l2_repeat_05,L2,stability,excel,187,297,1238.0069573391804
l2_repeat_05,L2,stability,excel,188,298,1179.92192597553
l2_repeat_05,L2,stability,excel,189,299,1294.5865776593262
l2_repeat_05,L2,stability,excel,190,300,1223.267820804806
l2_repeat_05,L2,stability,excel,191,301,1554.941008500195
l2_repeat_05,L2,stability,excel,192,302,1223.6572333308825
l2_repeat_05,L2,stability,excel,193,303,1508.480233256561
l2_repeat_05,L2,stability,excel,194,304,1179.080432019607
l2_repeat_05,L2,stability,excel,195,305,1230.335192574858
l2_repeat_05,L2,stability,excel,196,306,1347.2012797494997
l2_repeat_05,L2,stability,excel,197,307,1155.670929142609
l2_repeat_05,L2,stability,excel,198,308,1222.8252313183707
l2_repeat_05,L2,stability,excel,199,309,1305.8936080731842
l2_repeat_05,L2,stability,excel,200,310,1205.556197027088
l2_repeat_05,L2,stability,validation,1,41001,1272.1218674828506
l2_repeat_05,L2,stability,validation,2,41002,1251.0771007714475
l2_repeat_05,L2,stability,validation,3,41003,1238.4662072601582
l2_repeat_05,L2,stability,validation,4,41004,1256.8805754936345
l2_repeat_05,L2,stability,validation,5,41005,1229.6995099867472
l2_repeat_05,L2,stability,validation,6,41006,1198.8016345064163
l2_repeat_05,L2,stability,validation,7,41007,1150.3607153924988
l2_repeat_05,L2,stability,validation,8,41008,1284.4819142265617
l2_repeat_05,L2,stability,validation,9,41009,1193.7998902147203
l2_repeat_05,L2,stability,validation,10,41010,1188.9190717419813
l2_repeat_05,L2,stability,validation,11,41011,1228.0819341963506
l2_repeat_05,L2,stability,validation,12,41012,1163.5460173103127
l2_repeat_05,L2,stability,validation,13,41013,1250.4987933692316
l2_repeat_05,L2,stability,validation,14,41014,1259.357463935142
l2_repeat_05,L2,stability,validation,15,41015,1275.7246694592584
l2_repeat_05,L2,stability,validation,16,41016,1279.944753016426
l2_repeat_05,L2,stability,validation,17,41017,1243.8188349316274
l2_repeat_05,L2,stability,validation,18,41018,1331.8980431211373
l2_repeat_05,L2,stability,validation,19,41019,1833.0821294398
l2_repeat_05,L2,stability,validation,20,41020,1166.046133028891
l2_repeat_05,L2,stability,validation,21,41021,1207.7081135863416
l2_repeat_05,L2,stability,validation,22,41022,1361.1114447965383
l2_repeat_05,L2,stability,validation,23,41023,1222.5851848155305
l2_repeat_05,L2,stability,validation,24,41024,1243.2103855153114
l2_repeat_05,L2,stability,validation,25,41025,1389.2195034874942
l2_repeat_05,L2,stability,validation,26,41026,2104.2167164920356
l2_repeat_05,L2,stability,validation,27,41027,1198.9084893441843
l2_repeat_05,L2,stability,validation,28,41028,1172.335923354647
l2_repeat_05,L2,stability,validation,29,41029,1245.2021799892882
l2_repeat_05,L2,stability,validation,30,41030,1261.6944659248556
l2_repeat_05,L2,stability,validation,31,41031,1205.7570900584699
l2_repeat_05,L2,stability,validation,32,41032,1240.0835820548975
l2_repeat_05,L2,stability,validation,33,41033,1240.2230324267034
l2_repeat_05,L2,stability,validation,34,41034,1208.8778627543209
l2_repeat_05,L2,stability,validation,35,41035,1235.8625449591555
l2_repeat_05,L2,stability,validation,36,41036,2505.746184072999
l2_repeat_05,L2,stability,validation,37,41037,1198.108648451707
l2_repeat_05,L2,stability,validation,38,41038,1644.5623398890862
l2_repeat_05,L2,stability,validation,39,41039,1205.6073227660859
l2_repeat_05,L2,stability,validation,40,41040,1244.203796680128
l2_repeat_05,L2,stability,validation,41,41041,1223.830358926019
l2_repeat_05,L2,stability,validation,42,41042,1196.9736443253446
l2_repeat_05,L2,stability,validation,43,41043,1159.0213162873347
l2_repeat_05,L2,stability,validation,44,41044,1223.4547623567837
l2_repeat_05,L2,stability,validation,45,41045,1333.269698898797
l2_repeat_05,L2,stability,validation,46,41046,1216.6276829839055
l2_repeat_05,L2,stability,validation,47,41047,1244.3827679950964
l2_repeat_05,L2,stability,validation,48,41048,1259.4738518193137
l2_repeat_05,L2,stability,validation,49,41049,1745.544796457996
l2_repeat_05,L2,stability,validation,50,41050,1183.4741260562223
l2_repeat_05,L2,stability,validation,51,41051,1236.2409931238974
l2_repeat_05,L2,stability,validation,52,41052,1286.3849231930533
l2_repeat_05,L2,stability,validation,53,41053,1202.473807758782
l2_repeat_05,L2,stability,validation,54,41054,1210.7962408126282
l2_repeat_05,L2,stability,validation,55,41055,1225.713131552847
l2_repeat_05,L2,stability,validation,56,41056,1227.1781212047792
l2_repeat_05,L2,stability,validation,57,41057,1250.4136646300276
l2_repeat_05,L2,stability,validation,58,41058,1222.0346126009333
l2_repeat_05,L2,stability,validation,59,41059,1263.8079472136278
l2_repeat_05,L2,stability,validation,60,41060,1203.8074409147002
l2_repeat_05,L2,stability,validation,61,41061,1308.0887530096013
l2_repeat_05,L2,stability,validation,62,41062,1280.2186901086689
l2_repeat_05,L2,stability,validation,63,41063,1284.8253175286177
l2_repeat_05,L2,stability,validation,64,41064,1860.2939991388955
l2_repeat_05,L2,stability,validation,65,41065,1180.8082747210044
l2_repeat_05,L2,stability,validation,66,41066,1154.7197919157845
l2_repeat_05,L2,stability,validation,67,41067,1622.153408164503
l2_repeat_05,L2,stability,validation,68,41068,1203.1529726110932
l2_repeat_05,L2,stability,validation,69,41069,1189.4944921172253
l2_repeat_05,L2,stability,validation,70,41070,1254.1597200479373
l2_repeat_05,L2,stability,validation,71,41071,2167.4487851229587
l2_repeat_05,L2,stability,validation,72,41072,1216.7453968897182
l2_repeat_05,L2,stability,validation,73,41073,2054.827651877419
l2_repeat_05,L2,stability,validation,74,41074,1242.6423843407158
l2_repeat_05,L2,stability,validation,75,41075,1220.1826427152764
l2_repeat_05,L2,stability,validation,76,41076,1181.7252256984518
l2_repeat_05,L2,stability,validation,77,41077,1222.6693032447024
l2_repeat_05,L2,stability,validation,78,41078,1183.2147198758532
l2_repeat_05,L2,stability,validation,79,41079,1213.8195162327045
l2_repeat_05,L2,stability,validation,80,41080,1385.1544812330333
l2_repeat_05,L2,stability,validation,81,41081,1260.5949481352236
l2_repeat_05,L2,stability,validation,82,41082,1230.7974944385505
l2_repeat_05,L2,stability,validation,83,41083,1144.709824631207
l2_repeat_05,L2,stability,validation,84,41084,1171.8648906998083
l2_repeat_05,L2,stability,validation,85,41085,1222.173558724578
l2_repeat_05,L2,stability,validation,86,41086,1241.5425073390531
l2_repeat_05,L2,stability,validation,87,41087,1180.6233554295604
l2_repeat_05,L2,stability,validation,88,41088,1176.608706177191
l2_repeat_05,L2,stability,validation,89,41089,1250.415873180222
l2_repeat_05,L2,stability,validation,90,41090,1251.1289146766744
l2_repeat_05,L2,stability,validation,91,41091,1187.3891236534373
l2_repeat_05,L2,stability,validation,92,41092,1249.6712304559746
l2_repeat_05,L2,stability,validation,93,41093,1242.2076187300368
l2_repeat_05,L2,stability,validation,94,41094,1197.6071806516163
l2_repeat_05,L2,stability,validation,95,41095,1191.4801776397621
l2_repeat_05,L2,stability,validation,96,41096,1257.7946220808392
l2_repeat_05,L2,stability,validation,97,41097,1134.0660525818619
l2_repeat_05,L2,stability,validation,98,41098,1224.5962793520368
l2_repeat_05,L2,stability,validation,99,41099,1203.901626501588
l2_repeat_05,L2,stability,validation,100,41100,1753.0064395284107
l2_repeat_05,L2,stability,validation,101,41101,1199.4783029225348
l2_repeat_05,L2,stability,validation,102,41102,1221.7098875477536
l2_repeat_05,L2,stability,validation,103,41103,1202.6735484617186
l2_repeat_05,L2,stability,validation,104,41104,2008.7195976275934
l2_repeat_05,L2,stability,validation,105,41105,1194.0615501153668
l2_repeat_05,L2,stability,validation,106,41106,1517.782948025676
l2_repeat_05,L2,stability,validation,107,41107,1309.7102462266141
l2_repeat_05,L2,stability,validation,108,41108,1218.4440739567551
l2_repeat_05,L2,stability,validation,109,41109,1620.881963391784
l2_repeat_05,L2,stability,validation,110,41110,1198.951715585417
l2_repeat_05,L2,stability,validation,111,41111,1213.9834989655162
l2_repeat_05,L2,stability,validation,112,41112,1204.5952119191531
l2_repeat_05,L2,stability,validation,113,41113,1206.6841592477067
l2_repeat_05,L2,stability,validation,114,41114,1744.5933148690433
l2_repeat_05,L2,stability,validation,115,41115,1197.1247414450397
l2_repeat_05,L2,stability,validation,116,41116,1214.232917987885
l2_repeat_05,L2,stability,validation,117,41117,1170.9176377248236
l2_repeat_05,L2,stability,validation,118,41118,1271.9776799029858
l2_repeat_05,L2,stability,validation,119,41119,1226.8883242737018
l2_repeat_05,L2,stability,validation,120,41120,1368.5345094518564
l2_repeat_05,L2,stability,validation,121,41121,1384.6302743495526
l2_repeat_05,L2,stability,validation,122,41122,1244.6555182736479
l2_repeat_05,L2,stability,validation,123,41123,1185.935627076478
l2_repeat_05,L2,stability,validation,124,41124,1157.467354522958
l2_repeat_05,L2,stability,validation,125,41125,1161.912497010059
l2_repeat_05,L2,stability,validation,126,41126,1166.0243632097222
l2_repeat_05,L2,stability,validation,127,41127,1249.1238637916758
l2_repeat_05,L2,stability,validation,128,41128,1276.9897586569193
l2_repeat_05,L2,stability,validation,129,41129,1262.0181540040096
l2_repeat_05,L2,stability,validation,130,41130,1208.5423987589072
l2_repeat_05,L2,stability,validation,131,41131,1272.049341907259
l2_repeat_05,L2,stability,validation,132,41132,1225.0640669926079
l2_repeat_05,L2,stability,validation,133,41133,1260.567125027633
l2_repeat_05,L2,stability,validation,134,41134,1245.8465645673602
l2_repeat_05,L2,stability,validation,135,41135,1182.7174494816995
l2_repeat_05,L2,stability,validation,136,41136,1177.7009909524074
l2_repeat_05,L2,stability,validation,137,41137,1223.4266307259354
l2_repeat_05,L2,stability,validation,138,41138,2015.0101852045204
l2_repeat_05,L2,stability,validation,139,41139,1282.9823538744693
l2_repeat_05,L2,stability,validation,140,41140,1220.2365845687052
l2_repeat_05,L2,stability,validation,141,41141,1287.829624195737
l2_repeat_05,L2,stability,validation,142,41142,1206.0792067053778
l2_repeat_05,L2,stability,validation,143,41143,1275.1843424533895
l2_repeat_05,L2,stability,validation,144,41144,1181.8472686676337
l2_repeat_05,L2,stability,validation,145,41145,1207.5855629667608
l2_repeat_05,L2,stability,validation,146,41146,3488.2420538695224
l2_repeat_05,L2,stability,validation,147,41147,1189.1470790472447
l2_repeat_05,L2,stability,validation,148,41148,1176.887724183311
l2_repeat_05,L2,stability,validation,149,41149,1211.8545071244698
l2_repeat_05,L2,stability,validation,150,41150,1245.3884176186882
l2_repeat_05,L2,stability,validation,151,41151,1253.3464978585007
l2_repeat_05,L2,stability,validation,152,41152,1796.0095285759148
l2_repeat_05,L2,stability,validation,153,41153,1236.573775418635
l2_repeat_05,L2,stability,validation,154,41154,1263.818369676242
l2_repeat_05,L2,stability,validation,155,41155,1226.2376707626674
l2_repeat_05,L2,stability,validation,156,41156,1202.8609453449826
l2_repeat_05,L2,stability,validation,157,41157,2022.5089019935865
l2_repeat_05,L2,stability,validation,158,41158,1202.6524378400466
l2_repeat_05,L2,stability,validation,159,41159,1273.2310595324286
l2_repeat_05,L2,stability,validation,160,41160,1231.7882565495304
l2_repeat_05,L2,stability,validation,161,41161,1180.6330310488486
l2_repeat_05,L2,stability,validation,162,41162,1212.9411522674436
l2_repeat_05,L2,stability,validation,163,41163,1513.8845600559137
l2_repeat_05,L2,stability,validation,164,41164,1237.4579631079762
l2_repeat_05,L2,stability,validation,165,41165,1158.0962402197272
l2_repeat_05,L2,stability,validation,166,41166,1279.6523209744614
l2_repeat_05,L2,stability,validation,167,41167,1220.1492394560087
l2_repeat_05,L2,stability,validation,168,41168,1235.5618420221322
l2_repeat_05,L2,stability,validation,169,41169,1701.8442910739793
l2_repeat_05,L2,stability,validation,170,41170,1150.410386735124
l2_repeat_05,L2,stability,validation,171,41171,1184.3950091376812
l2_repeat_05,L2,stability,validation,172,41172,1232.3541520020651
l2_repeat_05,L2,stability,validation,173,41173,1224.9457578971837
l2_repeat_05,L2,stability,validation,174,41174,1260.955929975074
l2_repeat_05,L2,stability,validation,175,41175,1203.0432139096156
l2_repeat_05,L2,stability,validation,176,41176,1174.3292324331749
l2_repeat_05,L2,stability,validation,177,41177,1166.839641004789
l2_repeat_05,L2,stability,validation,178,41178,1265.723905149897
l2_repeat_05,L2,stability,validation,179,41179,1236.62456770628
l2_repeat_05,L2,stability,validation,180,41180,1201.4840343095568
l2_repeat_05,L2,stability,validation,181,41181,1166.565176478043
l2_repeat_05,L2,stability,validation,182,41182,1159.1043306304384
l2_repeat_05,L2,stability,validation,183,41183,1280.5636812444316
l2_repeat_05,L2,stability,validation,184,41184,1217.063294795101
l2_repeat_05,L2,stability,validation,185,41185,1184.3063672977335
l2_repeat_05,L2,stability,validation,186,41186,1232.8814804809172
l2_repeat_05,L2,stability,validation,187,41187,1274.0873734296881
l2_repeat_05,L2,stability,validation,188,41188,1202.409891621149
l2_repeat_05,L2,stability,validation,189,41189,1331.6204007138087
l2_repeat_05,L2,stability,validation,190,41190,1239.9644221769754
l2_repeat_05,L2,stability,validation,191,41191,1428.2846860137329
l2_repeat_05,L2,stability,validation,192,41192,1245.7870710199659
l2_repeat_05,L2,stability,validation,193,41193,1380.0364481068034
l2_repeat_05,L2,stability,validation,194,41194,1158.3789765925387
l2_repeat_05,L2,stability,validation,195,41195,1230.82917730528
l2_repeat_05,L2,stability,validation,196,41196,1179.8767774218493
l2_repeat_05,L2,stability,validation,197,41197,1257.053022977632
l2_repeat_05,L2,stability,validation,198,41198,1198.7222248940564
l2_repeat_05,L2,stability,validation,199,41199,1278.7819628810835
l2_repeat_05,L2,stability,validation,200,41200,1304.9563868281018
l2_repeat_05,L2,stability,fresh,1,51001,1230.959882132756
l2_repeat_05,L2,stability,fresh,2,51002,1167.8841054656814
l2_repeat_05,L2,stability,fresh,3,51003,1332.9896853638384
l2_repeat_05,L2,stability,fresh,4,51004,1180.6712526136437
l2_repeat_05,L2,stability,fresh,5,51005,1266.0577230058118
l2_repeat_05,L2,stability,fresh,6,51006,1233.2093006645475
l2_repeat_05,L2,stability,fresh,7,51007,1212.8177040278758
l2_repeat_05,L2,stability,fresh,8,51008,1189.2419486065517
l2_repeat_05,L2,stability,fresh,9,51009,1171.5725378043912
l2_repeat_05,L2,stability,fresh,10,51010,1178.4589934810201
l2_repeat_05,L2,stability,fresh,11,51011,1255.1395804144731
l2_repeat_05,L2,stability,fresh,12,51012,1660.585091754344
l2_repeat_05,L2,stability,fresh,13,51013,1153.4436637687731
l2_repeat_05,L2,stability,fresh,14,51014,1199.01161569032
l2_repeat_05,L2,stability,fresh,15,51015,1215.4776927216458
l2_repeat_05,L2,stability,fresh,16,51016,1529.6376936953984
l2_repeat_05,L2,stability,fresh,17,51017,1281.157624020726
l2_repeat_05,L2,stability,fresh,18,51018,1796.5681704805213
l2_repeat_05,L2,stability,fresh,19,51019,1224.309002874841
l2_repeat_05,L2,stability,fresh,20,51020,1317.295749862769
l2_repeat_05,L2,stability,fresh,21,51021,1279.2810291415108
l2_repeat_05,L2,stability,fresh,22,51022,1185.879393729127
l2_repeat_05,L2,stability,fresh,23,51023,1240.9859627794144
l2_repeat_05,L2,stability,fresh,24,51024,1185.0365797152876
l2_repeat_05,L2,stability,fresh,25,51025,1207.5532332923033
l2_repeat_05,L2,stability,fresh,26,51026,1247.3036701695341
l2_repeat_05,L2,stability,fresh,27,51027,1264.3913798136568
l2_repeat_05,L2,stability,fresh,28,51028,1201.5688978089229
l2_repeat_05,L2,stability,fresh,29,51029,1218.0319548564287
l2_repeat_05,L2,stability,fresh,30,51030,1271.8898263006975
l2_repeat_05,L2,stability,fresh,31,51031,1237.5386494842066
l2_repeat_05,L2,stability,fresh,32,51032,1504.8812244943244
l2_repeat_05,L2,stability,fresh,33,51033,1251.7218720562523
l2_repeat_05,L2,stability,fresh,34,51034,1209.7763546161348
l2_repeat_05,L2,stability,fresh,35,51035,1237.9087657559842
l2_repeat_05,L2,stability,fresh,36,51036,1210.2725685990383
l2_repeat_05,L2,stability,fresh,37,51037,1351.3726722672068
l2_repeat_05,L2,stability,fresh,38,51038,1233.8637055444697
l2_repeat_05,L2,stability,fresh,39,51039,1186.8158680656738
l2_repeat_05,L2,stability,fresh,40,51040,1165.4758137343674
l2_repeat_05,L2,stability,fresh,41,51041,1263.8066416320692
l2_repeat_05,L2,stability,fresh,42,51042,1222.0173919793458
l2_repeat_05,L2,stability,fresh,43,51043,1305.9904468140244
l2_repeat_05,L2,stability,fresh,44,51044,1198.6549423440836
l2_repeat_05,L2,stability,fresh,45,51045,1180.71664728729
l2_repeat_05,L2,stability,fresh,46,51046,1253.8695480155943
l2_repeat_05,L2,stability,fresh,47,51047,1192.5320233125506
l2_repeat_05,L2,stability,fresh,48,51048,1190.4008153111715
l2_repeat_05,L2,stability,fresh,49,51049,1223.4709533031826
l2_repeat_05,L2,stability,fresh,50,51050,1275.7446824036504
l2_repeat_05,L2,stability,fresh,51,51051,1185.0076035784693
l2_repeat_05,L2,stability,fresh,52,51052,1223.0301140199438
l2_repeat_05,L2,stability,fresh,53,51053,1269.6075341337232
l2_repeat_05,L2,stability,fresh,54,51054,1945.617478959932
l2_repeat_05,L2,stability,fresh,55,51055,1254.077887402896
l2_repeat_05,L2,stability,fresh,56,51056,1193.3401563582167
l2_repeat_05,L2,stability,fresh,57,51057,1162.107955281373
l2_repeat_05,L2,stability,fresh,58,51058,1225.4562052349872
l2_repeat_05,L2,stability,fresh,59,51059,1193.0062962888521
l2_repeat_05,L2,stability,fresh,60,51060,1168.1652169486506
l2_repeat_05,L2,stability,fresh,61,51061,1221.7309777381706
l2_repeat_05,L2,stability,fresh,62,51062,1308.279657633782
l2_repeat_05,L2,stability,fresh,63,51063,1243.6197347423833
l2_repeat_05,L2,stability,fresh,64,51064,1154.365819419861
l2_repeat_05,L2,stability,fresh,65,51065,1268.3533553909267
l2_repeat_05,L2,stability,fresh,66,51066,1191.203563335467
l2_repeat_05,L2,stability,fresh,67,51067,1291.6628862966145
l2_repeat_05,L2,stability,fresh,68,51068,1196.6862748148478
l2_repeat_05,L2,stability,fresh,69,51069,1194.3926189709316
l2_repeat_05,L2,stability,fresh,70,51070,1190.5842230398555
l2_repeat_05,L2,stability,fresh,71,51071,1237.635623130451
l2_repeat_05,L2,stability,fresh,72,51072,1205.7497630100406
l2_repeat_05,L2,stability,fresh,73,51073,1209.8338323479186
l2_repeat_05,L2,stability,fresh,74,51074,1214.1388194513397
l2_repeat_05,L2,stability,fresh,75,51075,2122.3373608375387
l2_repeat_05,L2,stability,fresh,76,51076,2157.535166868363
l2_repeat_05,L2,stability,fresh,77,51077,1245.5175608960462
l2_repeat_05,L2,stability,fresh,78,51078,1242.8210753469248
l2_repeat_05,L2,stability,fresh,79,51079,1621.8964401189025
l2_repeat_05,L2,stability,fresh,80,51080,1274.6457228476904
l2_repeat_05,L2,stability,fresh,81,51081,1181.316429045519
l2_repeat_05,L2,stability,fresh,82,51082,1662.9026072693378
l2_repeat_05,L2,stability,fresh,83,51083,1243.6623946040797
l2_repeat_05,L2,stability,fresh,84,51084,1301.4561942277821
l2_repeat_05,L2,stability,fresh,85,51085,1252.918559615457
l2_repeat_05,L2,stability,fresh,86,51086,1228.476444930727
l2_repeat_05,L2,stability,fresh,87,51087,1203.0988974188094
l2_repeat_05,L2,stability,fresh,88,51088,1245.1383602892354
l2_repeat_05,L2,stability,fresh,89,51089,1257.0295076301772
l2_repeat_05,L2,stability,fresh,90,51090,2229.6057108514688
l2_repeat_05,L2,stability,fresh,91,51091,2708.0113561522658
l2_repeat_05,L2,stability,fresh,92,51092,1243.1039676683222
l2_repeat_05,L2,stability,fresh,93,51093,2055.9921064754544
l2_repeat_05,L2,stability,fresh,94,51094,1207.9103391314436
l2_repeat_05,L2,stability,fresh,95,51095,1277.5923881375063
l2_repeat_05,L2,stability,fresh,96,51096,1198.9337494165065
l2_repeat_05,L2,stability,fresh,97,51097,1228.2191845157909
l2_repeat_05,L2,stability,fresh,98,51098,1172.8262435009592
l2_repeat_05,L2,stability,fresh,99,51099,1147.543496215047
l2_repeat_05,L2,stability,fresh,100,51100,1262.1798105037037
l2_repeat_05,L2,stability,fresh,101,51101,1240.7544469288546
l2_repeat_05,L2,stability,fresh,102,51102,1182.9712150213165
l2_repeat_05,L2,stability,fresh,103,51103,1293.010515659154
l2_repeat_05,L2,stability,fresh,104,51104,1216.3062234096517
l2_repeat_05,L2,stability,fresh,105,51105,1214.3839866407945
l2_repeat_05,L2,stability,fresh,106,51106,1275.002809150488
l2_repeat_05,L2,stability,fresh,107,51107,1251.207654445127
l2_repeat_05,L2,stability,fresh,108,51108,1179.5245521116128
l2_repeat_05,L2,stability,fresh,109,51109,1178.5317291014978
l2_repeat_05,L2,stability,fresh,110,51110,1212.692636132065
l2_repeat_05,L2,stability,fresh,111,51111,1289.7669470517953
l2_repeat_05,L2,stability,fresh,112,51112,2290.91083226083
l2_repeat_05,L2,stability,fresh,113,51113,1256.460815192554
l2_repeat_05,L2,stability,fresh,114,51114,1197.1353335061
l2_repeat_05,L2,stability,fresh,115,51115,1168.05668151422
l2_repeat_05,L2,stability,fresh,116,51116,1148.9344892297984
l2_repeat_05,L2,stability,fresh,117,51117,1190.2256351711333
l2_repeat_05,L2,stability,fresh,118,51118,1202.6142365172318
l2_repeat_05,L2,stability,fresh,119,51119,1253.003077872674
l2_repeat_05,L2,stability,fresh,120,51120,1204.0476760865884
l2_repeat_05,L2,stability,fresh,121,51121,1220.5967329959094
l2_repeat_05,L2,stability,fresh,122,51122,1253.6111085427979
l2_repeat_05,L2,stability,fresh,123,51123,1205.553771364134
l2_repeat_05,L2,stability,fresh,124,51124,1142.4952559643548
l2_repeat_05,L2,stability,fresh,125,51125,1268.4169895785672
l2_repeat_05,L2,stability,fresh,126,51126,1188.585444714172
l2_repeat_05,L2,stability,fresh,127,51127,1174.17813715056
l2_repeat_05,L2,stability,fresh,128,51128,1290.2837486221542
l2_repeat_05,L2,stability,fresh,129,51129,1209.620831078991
l2_repeat_05,L2,stability,fresh,130,51130,1267.9750235684971
l2_repeat_05,L2,stability,fresh,131,51131,1199.9127651106578
l2_repeat_05,L2,stability,fresh,132,51132,1312.990124630686
l2_repeat_05,L2,stability,fresh,133,51133,1219.4388453530423
l2_repeat_05,L2,stability,fresh,134,51134,1180.980217189141
l2_repeat_05,L2,stability,fresh,135,51135,1234.0935664735027
l2_repeat_05,L2,stability,fresh,136,51136,1207.7568262017408
l2_repeat_05,L2,stability,fresh,137,51137,1242.039698632528
l2_repeat_05,L2,stability,fresh,138,51138,1250.619460023165
l2_repeat_05,L2,stability,fresh,139,51139,1545.34976170269
l2_repeat_05,L2,stability,fresh,140,51140,1229.2845075517523
l2_repeat_05,L2,stability,fresh,141,51141,3099.186835619008
l2_repeat_05,L2,stability,fresh,142,51142,1200.357818238188
l2_repeat_05,L2,stability,fresh,143,51143,1236.484493864516
l2_repeat_05,L2,stability,fresh,144,51144,2195.4577242397377
l2_repeat_05,L2,stability,fresh,145,51145,1316.310774272587
l2_repeat_05,L2,stability,fresh,146,51146,1288.4480179301806
l2_repeat_05,L2,stability,fresh,147,51147,1210.8220522675804
l2_repeat_05,L2,stability,fresh,148,51148,1223.6103716330763
l2_repeat_05,L2,stability,fresh,149,51149,1229.5719800267448
l2_repeat_05,L2,stability,fresh,150,51150,1212.0724946703506
l2_repeat_05,L2,stability,fresh,151,51151,1231.2333735850127
l2_repeat_05,L2,stability,fresh,152,51152,1252.5773517382465
l2_repeat_05,L2,stability,fresh,153,51153,1572.6891528650408
l2_repeat_05,L2,stability,fresh,154,51154,1162.5272961219646
l2_repeat_05,L2,stability,fresh,155,51155,1263.1846558189886
l2_repeat_05,L2,stability,fresh,156,51156,1285.448126865355
l2_repeat_05,L2,stability,fresh,157,51157,1225.1829142114261
l2_repeat_05,L2,stability,fresh,158,51158,1226.4832593032459
l2_repeat_05,L2,stability,fresh,159,51159,1114.9097120710335
l2_repeat_05,L2,stability,fresh,160,51160,1186.1163165954013
l2_repeat_05,L2,stability,fresh,161,51161,1235.7970595845454
l2_repeat_05,L2,stability,fresh,162,51162,1281.4692298555622
l2_repeat_05,L2,stability,fresh,163,51163,1166.2959617744398
l2_repeat_05,L2,stability,fresh,164,51164,1398.137221257747
l2_repeat_05,L2,stability,fresh,165,51165,1192.2914311924046
l2_repeat_05,L2,stability,fresh,166,51166,1280.4726993980494
l2_repeat_05,L2,stability,fresh,167,51167,1234.3672476271097
l2_repeat_05,L2,stability,fresh,168,51168,1398.1775203567245
l2_repeat_05,L2,stability,fresh,169,51169,1301.3553726946125
l2_repeat_05,L2,stability,fresh,170,51170,1259.9957933706542
l2_repeat_05,L2,stability,fresh,171,51171,1266.596357943673
l2_repeat_05,L2,stability,fresh,172,51172,1360.0783327912998
l2_repeat_05,L2,stability,fresh,173,51173,1193.7087175888805
l2_repeat_05,L2,stability,fresh,174,51174,1270.7961837122732
l2_repeat_05,L2,stability,fresh,175,51175,1242.7081983758142
l2_repeat_05,L2,stability,fresh,176,51176,1238.4368374285013
l2_repeat_05,L2,stability,fresh,177,51177,1318.1565088717382
l2_repeat_05,L2,stability,fresh,178,51178,1245.6703787687684
l2_repeat_05,L2,stability,fresh,179,51179,1237.5043089911178
l2_repeat_05,L2,stability,fresh,180,51180,1255.3826623369387
l2_repeat_05,L2,stability,fresh,181,51181,1186.8612906809976
l2_repeat_05,L2,stability,fresh,182,51182,1269.9501440464649
l2_repeat_05,L2,stability,fresh,183,51183,1210.7659483741372
l2_repeat_05,L2,stability,fresh,184,51184,1417.1711733575285
l2_repeat_05,L2,stability,fresh,185,51185,1155.2174716003515
l2_repeat_05,L2,stability,fresh,186,51186,1240.9987972815795
l2_repeat_05,L2,stability,fresh,187,51187,1242.5976278520059
l2_repeat_05,L2,stability,fresh,188,51188,1191.4886490302472
l2_repeat_05,L2,stability,fresh,189,51189,1359.5816927812266
l2_repeat_05,L2,stability,fresh,190,51190,1172.8317642278646
l2_repeat_05,L2,stability,fresh,191,51191,1233.0705140197988
l2_repeat_05,L2,stability,fresh,192,51192,1203.0872519489128
l2_repeat_05,L2,stability,fresh,193,51193,1248.8115717085943
l2_repeat_05,L2,stability,fresh,194,51194,1174.5012720746142
l2_repeat_05,L2,stability,fresh,195,51195,1190.6522790500494
l2_repeat_05,L2,stability,fresh,196,51196,1243.8579499458906
l2_repeat_05,L2,stability,fresh,197,51197,1235.5573996574308
l2_repeat_05,L2,stability,fresh,198,51198,1205.6233158631078
l2_repeat_05,L2,stability,fresh,199,51199,1226.2985533605483
l2_repeat_05,L2,stability,fresh,200,51200,1308.0564504880672
l2_repeat_06,L2,stability,excel,1,111,1367.7245023369896
l2_repeat_06,L2,stability,excel,2,112,1249.65148508318
l2_repeat_06,L2,stability,excel,3,113,1186.8000974936365
l2_repeat_06,L2,stability,excel,4,114,1278.4287212808945
l2_repeat_06,L2,stability,excel,5,115,1695.8640817350927
l2_repeat_06,L2,stability,excel,6,116,1391.225389742983
l2_repeat_06,L2,stability,excel,7,117,1466.465771793622
l2_repeat_06,L2,stability,excel,8,118,1240.797356509878
l2_repeat_06,L2,stability,excel,9,119,1289.056268080958
l2_repeat_06,L2,stability,excel,10,120,1298.6404478418483
l2_repeat_06,L2,stability,excel,11,121,1297.8836371562918
l2_repeat_06,L2,stability,excel,12,122,1291.4052930727175
l2_repeat_06,L2,stability,excel,13,123,1203.19342821059
l2_repeat_06,L2,stability,excel,14,124,1241.811826782516
l2_repeat_06,L2,stability,excel,15,125,1239.5949978631725
l2_repeat_06,L2,stability,excel,16,126,1299.6508646503937
l2_repeat_06,L2,stability,excel,17,127,1262.0228847449512
l2_repeat_06,L2,stability,excel,18,128,1259.3359227741648
l2_repeat_06,L2,stability,excel,19,129,1303.882701427564
l2_repeat_06,L2,stability,excel,20,130,1301.9148299383285
l2_repeat_06,L2,stability,excel,21,131,1255.6678557968219
l2_repeat_06,L2,stability,excel,22,132,1287.8429802864587
l2_repeat_06,L2,stability,excel,23,133,1278.7460759211428
l2_repeat_06,L2,stability,excel,24,134,1294.6911331414371
l2_repeat_06,L2,stability,excel,25,135,1228.2459607313742
l2_repeat_06,L2,stability,excel,26,136,1356.807177087614
l2_repeat_06,L2,stability,excel,27,137,1204.829658619583
l2_repeat_06,L2,stability,excel,28,138,1440.125077058313
l2_repeat_06,L2,stability,excel,29,139,1366.8004370792412
l2_repeat_06,L2,stability,excel,30,140,1308.5644686679993
l2_repeat_06,L2,stability,excel,31,141,1269.818844621618
l2_repeat_06,L2,stability,excel,32,142,1226.823662946217
l2_repeat_06,L2,stability,excel,33,143,1304.3172170754021
l2_repeat_06,L2,stability,excel,34,144,1199.4436576048508
l2_repeat_06,L2,stability,excel,35,145,1259.180996844369
l2_repeat_06,L2,stability,excel,36,146,1199.6270692082962
l2_repeat_06,L2,stability,excel,37,147,1316.8961791340148
l2_repeat_06,L2,stability,excel,38,148,1311.520530610207
l2_repeat_06,L2,stability,excel,39,149,3709.6405897569125
l2_repeat_06,L2,stability,excel,40,150,1261.3378184256935
l2_repeat_06,L2,stability,excel,41,151,1198.7330586426938
l2_repeat_06,L2,stability,excel,42,152,1329.3005801363504
l2_repeat_06,L2,stability,excel,43,153,1291.1882485019385
l2_repeat_06,L2,stability,excel,44,154,1265.7988180121858
l2_repeat_06,L2,stability,excel,45,155,1276.8718605763024
l2_repeat_06,L2,stability,excel,46,156,1275.0499821211379
l2_repeat_06,L2,stability,excel,47,157,1379.507066975563
l2_repeat_06,L2,stability,excel,48,158,1240.411341625793
l2_repeat_06,L2,stability,excel,49,159,1391.5391629661478
l2_repeat_06,L2,stability,excel,50,160,1335.642610039052
l2_repeat_06,L2,stability,excel,51,161,1188.7618638373294
l2_repeat_06,L2,stability,excel,52,162,1273.8069294831294
l2_repeat_06,L2,stability,excel,53,163,1242.2790023479845
l2_repeat_06,L2,stability,excel,54,164,1241.1338052549127
l2_repeat_06,L2,stability,excel,55,165,2186.5841184792207
l2_repeat_06,L2,stability,excel,56,166,1231.2072680743177
l2_repeat_06,L2,stability,excel,57,167,1267.819589088145
l2_repeat_06,L2,stability,excel,58,168,1297.6114490660543
l2_repeat_06,L2,stability,excel,59,169,1285.100227853778
l2_repeat_06,L2,stability,excel,60,170,1226.01732693025
l2_repeat_06,L2,stability,excel,61,171,1240.2342137629012
l2_repeat_06,L2,stability,excel,62,172,1266.92189780186
l2_repeat_06,L2,stability,excel,63,173,1244.1029493036406
l2_repeat_06,L2,stability,excel,64,174,1268.21738218067
l2_repeat_06,L2,stability,excel,65,175,1236.9371810520533
l2_repeat_06,L2,stability,excel,66,176,1250.201174919367
l2_repeat_06,L2,stability,excel,67,177,1231.7677740166275
l2_repeat_06,L2,stability,excel,68,178,1379.0921248489676
l2_repeat_06,L2,stability,excel,69,179,1240.442176221474
l2_repeat_06,L2,stability,excel,70,180,1216.14069297624
l2_repeat_06,L2,stability,excel,71,181,1289.9194997154334
l2_repeat_06,L2,stability,excel,72,182,1221.263340808758
l2_repeat_06,L2,stability,excel,73,183,1259.3256281001436
l2_repeat_06,L2,stability,excel,74,184,1251.7444886028995
l2_repeat_06,L2,stability,excel,75,185,1225.5858629181673
l2_repeat_06,L2,stability,excel,76,186,1177.9882391107456
l2_repeat_06,L2,stability,excel,77,187,1203.0568731997423
l2_repeat_06,L2,stability,excel,78,188,1319.4589978267475
l2_repeat_06,L2,stability,excel,79,189,1211.1369614400899
l2_repeat_06,L2,stability,excel,80,190,1256.6341657998303
l2_repeat_06,L2,stability,excel,81,191,1267.962889535263
l2_repeat_06,L2,stability,excel,82,192,1206.2035810926304
l2_repeat_06,L2,stability,excel,83,193,1223.4823667756673
l2_repeat_06,L2,stability,excel,84,194,1250.149404372726
l2_repeat_06,L2,stability,excel,85,195,1236.1980937956664
l2_repeat_06,L2,stability,excel,86,196,1241.9314484701708
l2_repeat_06,L2,stability,excel,87,197,1284.423144090709
l2_repeat_06,L2,stability,excel,88,198,1269.4300926036399
l2_repeat_06,L2,stability,excel,89,199,1209.855815927239
l2_repeat_06,L2,stability,excel,90,200,2067.657751441366
l2_repeat_06,L2,stability,excel,91,201,1273.1211971022901
l2_repeat_06,L2,stability,excel,92,202,1314.006882513599
l2_repeat_06,L2,stability,excel,93,203,1158.4857149843858
l2_repeat_06,L2,stability,excel,94,204,1270.5381993778046
l2_repeat_06,L2,stability,excel,95,205,2032.4465136250742
l2_repeat_06,L2,stability,excel,96,206,1208.5537644524745
l2_repeat_06,L2,stability,excel,97,207,1263.3613681137244
l2_repeat_06,L2,stability,excel,98,208,1251.823343059108
l2_repeat_06,L2,stability,excel,99,209,1237.1150208211632
l2_repeat_06,L2,stability,excel,100,210,1224.1723512548367
l2_repeat_06,L2,stability,excel,101,211,1212.2636356908438
l2_repeat_06,L2,stability,excel,102,212,1322.5619219022947
l2_repeat_06,L2,stability,excel,103,213,1392.8799674654117
l2_repeat_06,L2,stability,excel,104,214,1282.5353631177625
l2_repeat_06,L2,stability,excel,105,215,1300.3151344915216
l2_repeat_06,L2,stability,excel,106,216,1233.7121176280664
l2_repeat_06,L2,stability,excel,107,217,1183.5713051173293
l2_repeat_06,L2,stability,excel,108,218,1263.9133349836225
l2_repeat_06,L2,stability,excel,109,219,1398.352679702144
l2_repeat_06,L2,stability,excel,110,220,1232.105992364925
l2_repeat_06,L2,stability,excel,111,221,1213.1899050662664
l2_repeat_06,L2,stability,excel,112,222,1217.7470299956956
l2_repeat_06,L2,stability,excel,113,223,1435.6811314682782
l2_repeat_06,L2,stability,excel,114,224,1234.510226307412
l2_repeat_06,L2,stability,excel,115,225,1194.0806618766878
l2_repeat_06,L2,stability,excel,116,226,1201.602021794397
l2_repeat_06,L2,stability,excel,117,227,1373.4165546758709
l2_repeat_06,L2,stability,excel,118,228,1244.7566236522648
l2_repeat_06,L2,stability,excel,119,229,1201.2839765749352
l2_repeat_06,L2,stability,excel,120,230,1269.6727482169654
l2_repeat_06,L2,stability,excel,121,231,1251.9220565302992
l2_repeat_06,L2,stability,excel,122,232,1257.0737862169772
l2_repeat_06,L2,stability,excel,123,233,1238.4873855477829
l2_repeat_06,L2,stability,excel,124,234,1258.3769096117394
l2_repeat_06,L2,stability,excel,125,235,1210.8792341132064
l2_repeat_06,L2,stability,excel,126,236,1326.679779198118
l2_repeat_06,L2,stability,excel,127,237,1200.308986727913
l2_repeat_06,L2,stability,excel,128,238,1316.0277625796793
l2_repeat_06,L2,stability,excel,129,239,1707.3157389166138
l2_repeat_06,L2,stability,excel,130,240,1211.9006057399442
l2_repeat_06,L2,stability,excel,131,241,1324.358826845969
l2_repeat_06,L2,stability,excel,132,242,1287.2861924276
l2_repeat_06,L2,stability,excel,133,243,1223.1749850218553
l2_repeat_06,L2,stability,excel,134,244,1507.8035280448696
l2_repeat_06,L2,stability,excel,135,245,1289.3180362384592
l2_repeat_06,L2,stability,excel,136,246,1220.5753180509892
l2_repeat_06,L2,stability,excel,137,247,1186.0860487248378
l2_repeat_06,L2,stability,excel,138,248,1260.9982422163012
l2_repeat_06,L2,stability,excel,139,249,1262.6375418063653
l2_repeat_06,L2,stability,excel,140,250,1194.6259184402327
l2_repeat_06,L2,stability,excel,141,251,1266.8260351245726
l2_repeat_06,L2,stability,excel,142,252,1336.103069365083
l2_repeat_06,L2,stability,excel,143,253,1414.5390535853774
l2_repeat_06,L2,stability,excel,144,254,1205.2221494676921
l2_repeat_06,L2,stability,excel,145,255,1299.5945233685427
l2_repeat_06,L2,stability,excel,146,256,1295.8369304951198
l2_repeat_06,L2,stability,excel,147,257,1324.4182411381214
l2_repeat_06,L2,stability,excel,148,258,1218.6584245523654
l2_repeat_06,L2,stability,excel,149,259,1244.5849018123101
l2_repeat_06,L2,stability,excel,150,260,1278.0123169634226
l2_repeat_06,L2,stability,excel,151,261,1275.2846988527742
l2_repeat_06,L2,stability,excel,152,262,1275.5325379315389
l2_repeat_06,L2,stability,excel,153,263,1254.3894197793823
l2_repeat_06,L2,stability,excel,154,264,1178.3843148465617
l2_repeat_06,L2,stability,excel,155,265,1230.5866913390048
l2_repeat_06,L2,stability,excel,156,266,1286.6729432035086
l2_repeat_06,L2,stability,excel,157,267,1277.5306230655142
l2_repeat_06,L2,stability,excel,158,268,1367.737534527205
l2_repeat_06,L2,stability,excel,159,269,1231.4611337008498
l2_repeat_06,L2,stability,excel,160,270,1279.7057156682408
l2_repeat_06,L2,stability,excel,161,271,1231.7035400743564
l2_repeat_06,L2,stability,excel,162,272,1266.6991060928494
l2_repeat_06,L2,stability,excel,163,273,1373.430881304162
l2_repeat_06,L2,stability,excel,164,274,1365.8622789032806
l2_repeat_06,L2,stability,excel,165,275,1210.295676834158
l2_repeat_06,L2,stability,excel,166,276,1208.1989846617928
l2_repeat_06,L2,stability,excel,167,277,1301.6504683192445
l2_repeat_06,L2,stability,excel,168,278,1926.725725981676
l2_repeat_06,L2,stability,excel,169,279,1429.2135466295783
l2_repeat_06,L2,stability,excel,170,280,1331.7171844974664
l2_repeat_06,L2,stability,excel,171,281,1314.2800707306162
l2_repeat_06,L2,stability,excel,172,282,1269.5265762978763
l2_repeat_06,L2,stability,excel,173,283,1177.0733967082178
l2_repeat_06,L2,stability,excel,174,284,1309.3977925669324
l2_repeat_06,L2,stability,excel,175,285,1275.7488140929831
l2_repeat_06,L2,stability,excel,176,286,1299.3203858608817
l2_repeat_06,L2,stability,excel,177,287,1437.2284772187058
l2_repeat_06,L2,stability,excel,178,288,1185.9289098470692
l2_repeat_06,L2,stability,excel,179,289,1227.6664772668094
l2_repeat_06,L2,stability,excel,180,290,1297.623807980059
l2_repeat_06,L2,stability,excel,181,291,1200.1972674169697
l2_repeat_06,L2,stability,excel,182,292,1268.432438004796
l2_repeat_06,L2,stability,excel,183,293,1272.3560243110298
l2_repeat_06,L2,stability,excel,184,294,1222.618670514212
l2_repeat_06,L2,stability,excel,185,295,1222.3199329497288
l2_repeat_06,L2,stability,excel,186,296,1214.1850221743296
l2_repeat_06,L2,stability,excel,187,297,1269.8428170755653
l2_repeat_06,L2,stability,excel,188,298,1218.5673941525285
l2_repeat_06,L2,stability,excel,189,299,1318.4968241371298
l2_repeat_06,L2,stability,excel,190,300,1237.566659635595
l2_repeat_06,L2,stability,excel,191,301,1305.8583711521626
l2_repeat_06,L2,stability,excel,192,302,1253.1125528612238
l2_repeat_06,L2,stability,excel,193,303,1383.7639082775156
l2_repeat_06,L2,stability,excel,194,304,1220.3526494758173
l2_repeat_06,L2,stability,excel,195,305,1249.8248146070307
l2_repeat_06,L2,stability,excel,196,306,1334.6176235905293
l2_repeat_06,L2,stability,excel,197,307,1193.6197039356907
l2_repeat_06,L2,stability,excel,198,308,1267.4472384442834
l2_repeat_06,L2,stability,excel,199,309,1333.0162364777652
l2_repeat_06,L2,stability,excel,200,310,1235.5796055012102
l2_repeat_06,L2,stability,validation,1,41001,1304.5888519020825
l2_repeat_06,L2,stability,validation,2,41002,1296.3522907292543
l2_repeat_06,L2,stability,validation,3,41003,1268.0969074370812
l2_repeat_06,L2,stability,validation,4,41004,1288.756401402164
l2_repeat_06,L2,stability,validation,5,41005,1239.8212344457834
l2_repeat_06,L2,stability,validation,6,41006,1240.0540742045876
l2_repeat_06,L2,stability,validation,7,41007,1182.797604694076
l2_repeat_06,L2,stability,validation,8,41008,1300.926769541784
l2_repeat_06,L2,stability,validation,9,41009,1215.002903375283
l2_repeat_06,L2,stability,validation,10,41010,1218.8587966504679
l2_repeat_06,L2,stability,validation,11,41011,1273.7013976188007
l2_repeat_06,L2,stability,validation,12,41012,1183.100944869164
l2_repeat_06,L2,stability,validation,13,41013,1242.0530275157469
l2_repeat_06,L2,stability,validation,14,41014,1322.705026793928
l2_repeat_06,L2,stability,validation,15,41015,1309.4115247449802
l2_repeat_06,L2,stability,validation,16,41016,1316.3627694050112
l2_repeat_06,L2,stability,validation,17,41017,1266.8223342998779
l2_repeat_06,L2,stability,validation,18,41018,1352.1765890614556
l2_repeat_06,L2,stability,validation,19,41019,1348.3147411541036
l2_repeat_06,L2,stability,validation,20,41020,1185.9511428308995
l2_repeat_06,L2,stability,validation,21,41021,1224.0771799463296
l2_repeat_06,L2,stability,validation,22,41022,1297.28445241783
l2_repeat_06,L2,stability,validation,23,41023,1233.1861899404137
l2_repeat_06,L2,stability,validation,24,41024,1297.9740336632913
l2_repeat_06,L2,stability,validation,25,41025,1423.1461651289924
l2_repeat_06,L2,stability,validation,26,41026,1985.2658127378954
l2_repeat_06,L2,stability,validation,27,41027,1224.221539745597
l2_repeat_06,L2,stability,validation,28,41028,1200.6307262339153
l2_repeat_06,L2,stability,validation,29,41029,1279.7262676746327
l2_repeat_06,L2,stability,validation,30,41030,1292.132628092615
l2_repeat_06,L2,stability,validation,31,41031,1235.4898274895866
l2_repeat_06,L2,stability,validation,32,41032,1267.1482246686928
l2_repeat_06,L2,stability,validation,33,41033,1269.2465708751693
l2_repeat_06,L2,stability,validation,34,41034,1245.4651835861912
l2_repeat_06,L2,stability,validation,35,41035,1269.028765097059
l2_repeat_06,L2,stability,validation,36,41036,2116.876669344441
l2_repeat_06,L2,stability,validation,37,41037,1236.6084681757716
l2_repeat_06,L2,stability,validation,38,41038,1516.0584624834962
l2_repeat_06,L2,stability,validation,39,41039,1247.9750213251118
l2_repeat_06,L2,stability,validation,40,41040,1272.538382220782
l2_repeat_06,L2,stability,validation,41,41041,1239.135251176317
l2_repeat_06,L2,stability,validation,42,41042,1203.0275517752216
l2_repeat_06,L2,stability,validation,43,41043,1192.8781122904195
l2_repeat_06,L2,stability,validation,44,41044,1245.8712821566494
l2_repeat_06,L2,stability,validation,45,41045,1378.8939957636653
l2_repeat_06,L2,stability,validation,46,41046,1239.8005855914382
l2_repeat_06,L2,stability,validation,47,41047,1258.9927291130068
l2_repeat_06,L2,stability,validation,48,41048,1277.7938627164958
l2_repeat_06,L2,stability,validation,49,41049,1608.8994090495726
l2_repeat_06,L2,stability,validation,50,41050,1190.465913977595
l2_repeat_06,L2,stability,validation,51,41051,1275.2293359490066
l2_repeat_06,L2,stability,validation,52,41052,1314.455083677453
l2_repeat_06,L2,stability,validation,53,41053,1236.4276178694945
l2_repeat_06,L2,stability,validation,54,41054,1241.1121019145592
l2_repeat_06,L2,stability,validation,55,41055,1264.838753380696
l2_repeat_06,L2,stability,validation,56,41056,1279.504535847498
l2_repeat_06,L2,stability,validation,57,41057,1281.3053662338816
l2_repeat_06,L2,stability,validation,58,41058,1260.7966696332585
l2_repeat_06,L2,stability,validation,59,41059,1269.012441792675
l2_repeat_06,L2,stability,validation,60,41060,1236.3916500420394
l2_repeat_06,L2,stability,validation,61,41061,1256.862392448253
l2_repeat_06,L2,stability,validation,62,41062,1316.313543203819
l2_repeat_06,L2,stability,validation,63,41063,1273.694677945964
l2_repeat_06,L2,stability,validation,64,41064,1881.5329086038253
l2_repeat_06,L2,stability,validation,65,41065,1229.9536872492986
l2_repeat_06,L2,stability,validation,66,41066,1176.1343820700288
l2_repeat_06,L2,stability,validation,67,41067,1468.8162081624123
l2_repeat_06,L2,stability,validation,68,41068,1232.5255208039875
l2_repeat_06,L2,stability,validation,69,41069,1233.1926117781975
l2_repeat_06,L2,stability,validation,70,41070,1273.8743492463186
l2_repeat_06,L2,stability,validation,71,41071,2186.5056816725587
l2_repeat_06,L2,stability,validation,72,41072,1236.0520756641895
l2_repeat_06,L2,stability,validation,73,41073,2074.6775322924295
l2_repeat_06,L2,stability,validation,74,41074,1279.419920080829
l2_repeat_06,L2,stability,validation,75,41075,1245.453389381176
l2_repeat_06,L2,stability,validation,76,41076,1222.9053723346674
l2_repeat_06,L2,stability,validation,77,41077,1263.1672962250318
l2_repeat_06,L2,stability,validation,78,41078,1211.8324007763256
l2_repeat_06,L2,stability,validation,79,41079,1249.3987900501177
l2_repeat_06,L2,stability,validation,80,41080,1378.9138671441817
l2_repeat_06,L2,stability,validation,81,41081,1273.6552027633868
l2_repeat_06,L2,stability,validation,82,41082,1268.325714660817
l2_repeat_06,L2,stability,validation,83,41083,1175.7304146510976
l2_repeat_06,L2,stability,validation,84,41084,1222.4942316475206
l2_repeat_06,L2,stability,validation,85,41085,1248.9258206047311
l2_repeat_06,L2,stability,validation,86,41086,1252.704373817501
l2_repeat_06,L2,stability,validation,87,41087,1218.677648143143
l2_repeat_06,L2,stability,validation,88,41088,1208.900303091563
l2_repeat_06,L2,stability,validation,89,41089,1279.48215216206
l2_repeat_06,L2,stability,validation,90,41090,1285.8679109444304
l2_repeat_06,L2,stability,validation,91,41091,1217.5647245508146
l2_repeat_06,L2,stability,validation,92,41092,1269.4318318503435
l2_repeat_06,L2,stability,validation,93,41093,1254.9644062908048
l2_repeat_06,L2,stability,validation,94,41094,1230.5922411356587
l2_repeat_06,L2,stability,validation,95,41095,1240.539585684836
l2_repeat_06,L2,stability,validation,96,41096,1274.0648747270175
l2_repeat_06,L2,stability,validation,97,41097,1159.550854507763
l2_repeat_06,L2,stability,validation,98,41098,1256.070218069697
l2_repeat_06,L2,stability,validation,99,41099,1238.4176364915634
l2_repeat_06,L2,stability,validation,100,41100,1592.7067706436683
l2_repeat_06,L2,stability,validation,101,41101,1243.8538646077607
l2_repeat_06,L2,stability,validation,102,41102,1255.1378227769526
l2_repeat_06,L2,stability,validation,103,41103,1244.7236408070232
l2_repeat_06,L2,stability,validation,104,41104,2091.6313613533107
l2_repeat_06,L2,stability,validation,105,41105,1226.8932525292364
l2_repeat_06,L2,stability,validation,106,41106,1244.034372936149
l2_repeat_06,L2,stability,validation,107,41107,1324.8276381754088
l2_repeat_06,L2,stability,validation,108,41108,1236.751356103528
l2_repeat_06,L2,stability,validation,109,41109,1505.7865971432784
l2_repeat_06,L2,stability,validation,110,41110,1224.0723082006677
l2_repeat_06,L2,stability,validation,111,41111,1240.5619861010196
l2_repeat_06,L2,stability,validation,112,41112,1244.3439415358553
l2_repeat_06,L2,stability,validation,113,41113,1252.6558737976345
l2_repeat_06,L2,stability,validation,114,41114,1601.1455344311844
l2_repeat_06,L2,stability,validation,115,41115,1216.5985540943389
l2_repeat_06,L2,stability,validation,116,41116,1229.2084796013794
l2_repeat_06,L2,stability,validation,117,41117,1203.6354298255826
l2_repeat_06,L2,stability,validation,118,41118,1311.6182102965508
l2_repeat_06,L2,stability,validation,119,41119,1256.558747471507
l2_repeat_06,L2,stability,validation,120,41120,1399.293894669792
l2_repeat_06,L2,stability,validation,121,41121,1316.6622524668958
l2_repeat_06,L2,stability,validation,122,41122,1255.948794301335
l2_repeat_06,L2,stability,validation,123,41123,1244.4785811186887
l2_repeat_06,L2,stability,validation,124,41124,1198.4956290529983
l2_repeat_06,L2,stability,validation,125,41125,1188.0872768991746
l2_repeat_06,L2,stability,validation,126,41126,1201.16227488402
l2_repeat_06,L2,stability,validation,127,41127,1291.9370083055303
l2_repeat_06,L2,stability,validation,128,41128,1316.4382104099784
l2_repeat_06,L2,stability,validation,129,41129,1296.9722436293293
l2_repeat_06,L2,stability,validation,130,41130,1258.6517437692153
l2_repeat_06,L2,stability,validation,131,41131,1298.9561247057006
l2_repeat_06,L2,stability,validation,132,41132,1251.1967275970592
l2_repeat_06,L2,stability,validation,133,41133,1290.2513341505303
l2_repeat_06,L2,stability,validation,134,41134,1271.0642389512304
l2_repeat_06,L2,stability,validation,135,41135,1213.2317727745935
l2_repeat_06,L2,stability,validation,136,41136,1184.543058356163
l2_repeat_06,L2,stability,validation,137,41137,1256.714815351871
l2_repeat_06,L2,stability,validation,138,41138,1433.6183895590432
l2_repeat_06,L2,stability,validation,139,41139,1304.6769071618676
l2_repeat_06,L2,stability,validation,140,41140,1232.5779825405016
l2_repeat_06,L2,stability,validation,141,41141,1325.1219276263498
l2_repeat_06,L2,stability,validation,142,41142,1242.8909515777761
l2_repeat_06,L2,stability,validation,143,41143,1314.328637243841
l2_repeat_06,L2,stability,validation,144,41144,1201.5382088392678
l2_repeat_06,L2,stability,validation,145,41145,1241.538720807697
l2_repeat_06,L2,stability,validation,146,41146,2823.6873356350534
l2_repeat_06,L2,stability,validation,147,41147,1229.4654915258598
l2_repeat_06,L2,stability,validation,148,41148,1179.4020626757972
l2_repeat_06,L2,stability,validation,149,41149,1254.3342598375357
l2_repeat_06,L2,stability,validation,150,41150,1259.475553979944
l2_repeat_06,L2,stability,validation,151,41151,1294.6613473360485
l2_repeat_06,L2,stability,validation,152,41152,1358.3258110611512
l2_repeat_06,L2,stability,validation,153,41153,1267.761309818837
l2_repeat_06,L2,stability,validation,154,41154,1295.484999106709
l2_repeat_06,L2,stability,validation,155,41155,1257.0947969801232
l2_repeat_06,L2,stability,validation,156,41156,1242.80782288164
l2_repeat_06,L2,stability,validation,157,41157,1587.675345516411
l2_repeat_06,L2,stability,validation,158,41158,1238.9976893020958
l2_repeat_06,L2,stability,validation,159,41159,1305.016681573252
l2_repeat_06,L2,stability,validation,160,41160,1253.9359470893355
l2_repeat_06,L2,stability,validation,161,41161,1211.3622107081608
l2_repeat_06,L2,stability,validation,162,41162,1247.5310237335473
l2_repeat_06,L2,stability,validation,163,41163,1476.6662112318566
l2_repeat_06,L2,stability,validation,164,41164,1266.3225843452642
l2_repeat_06,L2,stability,validation,165,41165,1184.1006353637931
l2_repeat_06,L2,stability,validation,166,41166,1283.0505880026587
l2_repeat_06,L2,stability,validation,167,41167,1263.5754377705218
l2_repeat_06,L2,stability,validation,168,41168,1256.3684761148843
l2_repeat_06,L2,stability,validation,169,41169,1595.2156394858907
l2_repeat_06,L2,stability,validation,170,41170,1204.3559192507132
l2_repeat_06,L2,stability,validation,171,41171,1228.2834288598435
l2_repeat_06,L2,stability,validation,172,41172,1255.3084409475462
l2_repeat_06,L2,stability,validation,173,41173,1256.310748279524
l2_repeat_06,L2,stability,validation,174,41174,1272.3404951815194
l2_repeat_06,L2,stability,validation,175,41175,1239.996561299991
l2_repeat_06,L2,stability,validation,176,41176,1211.0250863957474
l2_repeat_06,L2,stability,validation,177,41177,1198.6369000411958
l2_repeat_06,L2,stability,validation,178,41178,1301.5009334231245
l2_repeat_06,L2,stability,validation,179,41179,1269.412013342411
l2_repeat_06,L2,stability,validation,180,41180,1215.0535334714177
l2_repeat_06,L2,stability,validation,181,41181,1200.3949254560353
l2_repeat_06,L2,stability,validation,182,41182,1187.280963012996
l2_repeat_06,L2,stability,validation,183,41183,1299.8334332359457
l2_repeat_06,L2,stability,validation,184,41184,1260.6620550419461
l2_repeat_06,L2,stability,validation,185,41185,1218.68235045648
l2_repeat_06,L2,stability,validation,186,41186,1244.4643979897721
l2_repeat_06,L2,stability,validation,187,41187,1338.4010704051104
l2_repeat_06,L2,stability,validation,188,41188,1250.9828691031007
l2_repeat_06,L2,stability,validation,189,41189,1308.9431777546768
l2_repeat_06,L2,stability,validation,190,41190,1276.3565899012592
l2_repeat_06,L2,stability,validation,191,41191,1387.3794247025567
l2_repeat_06,L2,stability,validation,192,41192,1266.4826064305914
l2_repeat_06,L2,stability,validation,193,41193,1378.527735622959
l2_repeat_06,L2,stability,validation,194,41194,1172.2561458707323
l2_repeat_06,L2,stability,validation,195,41195,1253.7681583828473
l2_repeat_06,L2,stability,validation,196,41196,1227.2447055567839
l2_repeat_06,L2,stability,validation,197,41197,1305.638274930197
l2_repeat_06,L2,stability,validation,198,41198,1239.4827771979858
l2_repeat_06,L2,stability,validation,199,41199,1297.9784008273868
l2_repeat_06,L2,stability,validation,200,41200,1352.9969969054061
l2_repeat_06,L2,stability,fresh,1,51001,1250.24660256329
l2_repeat_06,L2,stability,fresh,2,51002,1200.7296527951266
l2_repeat_06,L2,stability,fresh,3,51003,1350.8976550603134
l2_repeat_06,L2,stability,fresh,4,51004,1217.7599935494331
l2_repeat_06,L2,stability,fresh,5,51005,1312.1803222716308
l2_repeat_06,L2,stability,fresh,6,51006,1254.9100023548247
l2_repeat_06,L2,stability,fresh,7,51007,1244.874081339975
l2_repeat_06,L2,stability,fresh,8,51008,1220.0475482447032
l2_repeat_06,L2,stability,fresh,9,51009,1201.429028190144
l2_repeat_06,L2,stability,fresh,10,51010,1211.2279336548227
l2_repeat_06,L2,stability,fresh,11,51011,1281.4184343393538
l2_repeat_06,L2,stability,fresh,12,51012,1685.673106159708
l2_repeat_06,L2,stability,fresh,13,51013,1175.2672874442057
l2_repeat_06,L2,stability,fresh,14,51014,1226.7288115641766
l2_repeat_06,L2,stability,fresh,15,51015,1258.0292046790098
l2_repeat_06,L2,stability,fresh,16,51016,1236.815029460117
l2_repeat_06,L2,stability,fresh,17,51017,1309.7866377735872
l2_repeat_06,L2,stability,fresh,18,51018,1324.4640929906052
l2_repeat_06,L2,stability,fresh,19,51019,1260.9631744567448
l2_repeat_06,L2,stability,fresh,20,51020,1288.0591499878817
l2_repeat_06,L2,stability,fresh,21,51021,1302.7658960611302
l2_repeat_06,L2,stability,fresh,22,51022,1229.6072280341057
l2_repeat_06,L2,stability,fresh,23,51023,1295.9325542645747
l2_repeat_06,L2,stability,fresh,24,51024,1229.231317719836
l2_repeat_06,L2,stability,fresh,25,51025,1247.9504557449247
l2_repeat_06,L2,stability,fresh,26,51026,1275.2911823647692
l2_repeat_06,L2,stability,fresh,27,51027,1286.9394001245323
l2_repeat_06,L2,stability,fresh,28,51028,1221.3114841125134
l2_repeat_06,L2,stability,fresh,29,51029,1246.1461303085223
l2_repeat_06,L2,stability,fresh,30,51030,1243.0671266163101
l2_repeat_06,L2,stability,fresh,31,51031,1276.563262878466
l2_repeat_06,L2,stability,fresh,32,51032,1511.2563071734903
l2_repeat_06,L2,stability,fresh,33,51033,1303.8836670209653
l2_repeat_06,L2,stability,fresh,34,51034,1240.0450399391225
l2_repeat_06,L2,stability,fresh,35,51035,1258.5568343503032
l2_repeat_06,L2,stability,fresh,36,51036,1254.2950769268125
l2_repeat_06,L2,stability,fresh,37,51037,1378.839766298069
l2_repeat_06,L2,stability,fresh,38,51038,1265.3775760263027
l2_repeat_06,L2,stability,fresh,39,51039,1211.9947448034802
l2_repeat_06,L2,stability,fresh,40,51040,1204.386897320192
l2_repeat_06,L2,stability,fresh,41,51041,1295.9624820981269
l2_repeat_06,L2,stability,fresh,42,51042,1265.504921731525
l2_repeat_06,L2,stability,fresh,43,51043,1327.8801068628259
l2_repeat_06,L2,stability,fresh,44,51044,1234.5374632941687
l2_repeat_06,L2,stability,fresh,45,51045,1205.5192551121622
l2_repeat_06,L2,stability,fresh,46,51046,1277.1008200203287
l2_repeat_06,L2,stability,fresh,47,51047,1233.7747775651653
l2_repeat_06,L2,stability,fresh,48,51048,1221.0802479552628
l2_repeat_06,L2,stability,fresh,49,51049,1254.5596797923567
l2_repeat_06,L2,stability,fresh,50,51050,1259.091412348876
l2_repeat_06,L2,stability,fresh,51,51051,1212.5149347660342
l2_repeat_06,L2,stability,fresh,52,51052,1242.0741219331633
l2_repeat_06,L2,stability,fresh,53,51053,1294.063562538743
l2_repeat_06,L2,stability,fresh,54,51054,1978.0973579506542
l2_repeat_06,L2,stability,fresh,55,51055,1295.0297151376801
l2_repeat_06,L2,stability,fresh,56,51056,1225.2819048773983
l2_repeat_06,L2,stability,fresh,57,51057,1196.1444108143728
l2_repeat_06,L2,stability,fresh,58,51058,1256.5631267405495
l2_repeat_06,L2,stability,fresh,59,51059,1212.3972253375366
l2_repeat_06,L2,stability,fresh,60,51060,1202.2283783169453
l2_repeat_06,L2,stability,fresh,61,51061,1240.1470255113468
l2_repeat_06,L2,stability,fresh,62,51062,1354.7266241678676
l2_repeat_06,L2,stability,fresh,63,51063,1284.7490080586597
l2_repeat_06,L2,stability,fresh,64,51064,1171.3462964576752
l2_repeat_06,L2,stability,fresh,65,51065,1284.2965345138325
l2_repeat_06,L2,stability,fresh,66,51066,1240.4690569700701
l2_repeat_06,L2,stability,fresh,67,51067,1305.8968362654937
l2_repeat_06,L2,stability,fresh,68,51068,1229.3191669280905
l2_repeat_06,L2,stability,fresh,69,51069,1224.4068134556137
l2_repeat_06,L2,stability,fresh,70,51070,1217.4884682914696
l2_repeat_06,L2,stability,fresh,71,51071,1238.807689084456
l2_repeat_06,L2,stability,fresh,72,51072,1251.2300769114709
l2_repeat_06,L2,stability,fresh,73,51073,1228.549063434811
l2_repeat_06,L2,stability,fresh,74,51074,1238.3299027495207
l2_repeat_06,L2,stability,fresh,75,51075,2154.6784530761033
l2_repeat_06,L2,stability,fresh,76,51076,1684.0073375541729
l2_repeat_06,L2,stability,fresh,77,51077,1275.9926180430464
l2_repeat_06,L2,stability,fresh,78,51078,1294.3017981019157
l2_repeat_06,L2,stability,fresh,79,51079,1511.1096378906618
l2_repeat_06,L2,stability,fresh,80,51080,1301.5646465601292
l2_repeat_06,L2,stability,fresh,81,51081,1217.8976987999674
l2_repeat_06,L2,stability,fresh,82,51082,1301.9420182480187
l2_repeat_06,L2,stability,fresh,83,51083,1266.114077164044
l2_repeat_06,L2,stability,fresh,84,51084,1328.4688705602985
l2_repeat_06,L2,stability,fresh,85,51085,1271.409078052655
l2_repeat_06,L2,stability,fresh,86,51086,1275.5219402371051
l2_repeat_06,L2,stability,fresh,87,51087,1237.661888625915
l2_repeat_06,L2,stability,fresh,88,51088,1270.7219673518157
l2_repeat_06,L2,stability,fresh,89,51089,1283.0478404845442
l2_repeat_06,L2,stability,fresh,90,51090,1278.4021358671966
l2_repeat_06,L2,stability,fresh,91,51091,2172.348925642541
l2_repeat_06,L2,stability,fresh,92,51092,1264.482433203035
l2_repeat_06,L2,stability,fresh,93,51093,1605.3523545472299
l2_repeat_06,L2,stability,fresh,94,51094,1234.8370490772056
l2_repeat_06,L2,stability,fresh,95,51095,1288.3631153528574
l2_repeat_06,L2,stability,fresh,96,51096,1219.6513208064932
l2_repeat_06,L2,stability,fresh,97,51097,1246.2237053481037
l2_repeat_06,L2,stability,fresh,98,51098,1201.4825101765784
l2_repeat_06,L2,stability,fresh,99,51099,1181.2362866151016
l2_repeat_06,L2,stability,fresh,100,51100,1309.139377933179
l2_repeat_06,L2,stability,fresh,101,51101,1263.9140594738176
l2_repeat_06,L2,stability,fresh,102,51102,1212.9167696402928
l2_repeat_06,L2,stability,fresh,103,51103,1318.299281765223
l2_repeat_06,L2,stability,fresh,104,51104,1245.4724799301898
l2_repeat_06,L2,stability,fresh,105,51105,1233.9879760308415
l2_repeat_06,L2,stability,fresh,106,51106,1289.4368207532252
l2_repeat_06,L2,stability,fresh,107,51107,1305.7994582087338
l2_repeat_06,L2,stability,fresh,108,51108,1221.6195627774864
l2_repeat_06,L2,stability,fresh,109,51109,1198.957600973797
l2_repeat_06,L2,stability,fresh,110,51110,1258.4926821931351
l2_repeat_06,L2,stability,fresh,111,51111,1252.9488351063246
l2_repeat_06,L2,stability,fresh,112,51112,2332.5769090116382
l2_repeat_06,L2,stability,fresh,113,51113,1274.5776278958701
l2_repeat_06,L2,stability,fresh,114,51114,1228.9836141335843
l2_repeat_06,L2,stability,fresh,115,51115,1195.835061179626
l2_repeat_06,L2,stability,fresh,116,51116,1183.0861881779729
l2_repeat_06,L2,stability,fresh,117,51117,1227.057214016275
l2_repeat_06,L2,stability,fresh,118,51118,1258.1371353532886
l2_repeat_06,L2,stability,fresh,119,51119,1283.98933425135
l2_repeat_06,L2,stability,fresh,120,51120,1232.4960532866191
l2_repeat_06,L2,stability,fresh,121,51121,1238.038018935496
l2_repeat_06,L2,stability,fresh,122,51122,1282.556699579152
l2_repeat_06,L2,stability,fresh,123,51123,1248.8165341865197
l2_repeat_06,L2,stability,fresh,124,51124,1178.8272143090774
l2_repeat_06,L2,stability,fresh,125,51125,1284.6139742250707
l2_repeat_06,L2,stability,fresh,126,51126,1237.2950067926288
l2_repeat_06,L2,stability,fresh,127,51127,1225.4620625574703
l2_repeat_06,L2,stability,fresh,128,51128,1309.9116076381895
l2_repeat_06,L2,stability,fresh,129,51129,1237.6172532816122
l2_repeat_06,L2,stability,fresh,130,51130,1309.2956993308746
l2_repeat_06,L2,stability,fresh,131,51131,1222.652274452505
l2_repeat_06,L2,stability,fresh,132,51132,1319.4684622829507
l2_repeat_06,L2,stability,fresh,133,51133,1274.7089866748477
l2_repeat_06,L2,stability,fresh,134,51134,1231.772190154704
l2_repeat_06,L2,stability,fresh,135,51135,1263.4034563493042
l2_repeat_06,L2,stability,fresh,136,51136,1229.1265030617758
l2_repeat_06,L2,stability,fresh,137,51137,1274.7385372467734
l2_repeat_06,L2,stability,fresh,138,51138,1288.0076272676022
l2_repeat_06,L2,stability,fresh,139,51139,1564.7100522686155
l2_repeat_06,L2,stability,fresh,140,51140,1255.3601767598166
l2_repeat_06,L2,stability,fresh,141,51141,3247.391823598141
l2_repeat_06,L2,stability,fresh,142,51142,1231.7921091011076
l2_repeat_06,L2,stability,fresh,143,51143,1268.610107367424
l2_repeat_06,L2,stability,fresh,144,51144,2204.2158202651344
l2_repeat_06,L2,stability,fresh,145,51145,1292.2451973293703
l2_repeat_06,L2,stability,fresh,146,51146,1292.504953844035
l2_repeat_06,L2,stability,fresh,147,51147,1274.10677278252
l2_repeat_06,L2,stability,fresh,148,51148,1251.8848884099737
l2_repeat_06,L2,stability,fresh,149,51149,1247.940494508503
l2_repeat_06,L2,stability,fresh,150,51150,1246.0827685627187
l2_repeat_06,L2,stability,fresh,151,51151,1262.1755805317366
l2_repeat_06,L2,stability,fresh,152,51152,1264.6182076389282
l2_repeat_06,L2,stability,fresh,153,51153,1590.1839115610853
l2_repeat_06,L2,stability,fresh,154,51154,1193.2859134409737
l2_repeat_06,L2,stability,fresh,155,51155,1294.2196895843988
l2_repeat_06,L2,stability,fresh,156,51156,1327.5589858906856
l2_repeat_06,L2,stability,fresh,157,51157,1254.0541559679082
l2_repeat_06,L2,stability,fresh,158,51158,1274.2925105989668
l2_repeat_06,L2,stability,fresh,159,51159,1156.3830451528286
l2_repeat_06,L2,stability,fresh,160,51160,1207.8828138652998
l2_repeat_06,L2,stability,fresh,161,51161,1256.6905863458062
l2_repeat_06,L2,stability,fresh,162,51162,1298.2389341321054
l2_repeat_06,L2,stability,fresh,163,51163,1185.9802298356483
l2_repeat_06,L2,stability,fresh,164,51164,1377.1235504734777
l2_repeat_06,L2,stability,fresh,165,51165,1231.3282614778318
l2_repeat_06,L2,stability,fresh,166,51166,1331.8451550244022
l2_repeat_06,L2,stability,fresh,167,51167,1259.3523827643971
l2_repeat_06,L2,stability,fresh,168,51168,1435.7920795281016
l2_repeat_06,L2,stability,fresh,169,51169,1333.057933722689
l2_repeat_06,L2,stability,fresh,170,51170,1287.7997467245361
l2_repeat_06,L2,stability,fresh,171,51171,1284.5852067518374
l2_repeat_06,L2,stability,fresh,172,51172,1380.249396107324
l2_repeat_06,L2,stability,fresh,173,51173,1226.8098018417143
l2_repeat_06,L2,stability,fresh,174,51174,1307.3558197181635
l2_repeat_06,L2,stability,fresh,175,51175,1266.0392673506326
l2_repeat_06,L2,stability,fresh,176,51176,1275.1233780843788
l2_repeat_06,L2,stability,fresh,177,51177,1330.153533431801
l2_repeat_06,L2,stability,fresh,178,51178,1276.33971626131
l2_repeat_06,L2,stability,fresh,179,51179,1262.1199092533925
l2_repeat_06,L2,stability,fresh,180,51180,1286.459616389776
l2_repeat_06,L2,stability,fresh,181,51181,1246.120248288579
l2_repeat_06,L2,stability,fresh,182,51182,1304.570220755078
l2_repeat_06,L2,stability,fresh,183,51183,1250.0849919228099
l2_repeat_06,L2,stability,fresh,184,51184,1271.8747269274377
l2_repeat_06,L2,stability,fresh,185,51185,1182.0897202109284
l2_repeat_06,L2,stability,fresh,186,51186,1249.237353746209
l2_repeat_06,L2,stability,fresh,187,51187,1270.6402178511896
l2_repeat_06,L2,stability,fresh,188,51188,1227.374242888983
l2_repeat_06,L2,stability,fresh,189,51189,1263.847430399578
l2_repeat_06,L2,stability,fresh,190,51190,1231.4992639264008
l2_repeat_06,L2,stability,fresh,191,51191,1265.899414246806
l2_repeat_06,L2,stability,fresh,192,51192,1233.2594262686519
l2_repeat_06,L2,stability,fresh,193,51193,1304.7861478194523
l2_repeat_06,L2,stability,fresh,194,51194,1215.5832743638744
l2_repeat_06,L2,stability,fresh,195,51195,1214.7908023445302
l2_repeat_06,L2,stability,fresh,196,51196,1266.9302851253146
l2_repeat_06,L2,stability,fresh,197,51197,1253.9175808113896
l2_repeat_06,L2,stability,fresh,198,51198,1225.0622332800344
l2_repeat_06,L2,stability,fresh,199,51199,1256.1315514128185
l2_repeat_06,L2,stability,fresh,200,51200,1342.384962825124
l2_repeat_07,L2,stability,excel,1,111,1366.534475603161
l2_repeat_07,L2,stability,excel,2,112,1228.4656925021545
l2_repeat_07,L2,stability,excel,3,113,1177.2797128110562
l2_repeat_07,L2,stability,excel,4,114,1251.0507077146908
l2_repeat_07,L2,stability,excel,5,115,1991.3097475226919
l2_repeat_07,L2,stability,excel,6,116,1555.5726268714352
l2_repeat_07,L2,stability,excel,7,117,1661.7602222087642
l2_repeat_07,L2,stability,excel,8,118,1233.3866511221652
l2_repeat_07,L2,stability,excel,9,119,1284.9424298400704
l2_repeat_07,L2,stability,excel,10,120,1254.3842914902173
l2_repeat_07,L2,stability,excel,11,121,1285.307465090182
l2_repeat_07,L2,stability,excel,12,122,1284.7293868883962
l2_repeat_07,L2,stability,excel,13,123,1190.8306252526013
l2_repeat_07,L2,stability,excel,14,124,1224.860427281804
l2_repeat_07,L2,stability,excel,15,125,1235.6514876684982
l2_repeat_07,L2,stability,excel,16,126,1305.7260432479163
l2_repeat_07,L2,stability,excel,17,127,1274.1449179249512
l2_repeat_07,L2,stability,excel,18,128,1249.3363617332025
l2_repeat_07,L2,stability,excel,19,129,1282.8703380631628
l2_repeat_07,L2,stability,excel,20,130,1291.7538425759672
l2_repeat_07,L2,stability,excel,21,131,1232.9569489158691
l2_repeat_07,L2,stability,excel,22,132,1263.4791257807037
l2_repeat_07,L2,stability,excel,23,133,1275.669138883733
l2_repeat_07,L2,stability,excel,24,134,1260.5007000959035
l2_repeat_07,L2,stability,excel,25,135,1214.299572170746
l2_repeat_07,L2,stability,excel,26,136,1376.756888089827
l2_repeat_07,L2,stability,excel,27,137,1176.495188869454
l2_repeat_07,L2,stability,excel,28,138,1483.9940572609098
l2_repeat_07,L2,stability,excel,29,139,1347.8720805123573
l2_repeat_07,L2,stability,excel,30,140,1290.2030059217575
l2_repeat_07,L2,stability,excel,31,141,1252.106472728253
l2_repeat_07,L2,stability,excel,32,142,1195.4393355217292
l2_repeat_07,L2,stability,excel,33,143,1298.332849333211
l2_repeat_07,L2,stability,excel,34,144,1186.9781635466684
l2_repeat_07,L2,stability,excel,35,145,1257.7646702356126
l2_repeat_07,L2,stability,excel,36,146,1183.8395819636962
l2_repeat_07,L2,stability,excel,37,147,1283.1526103586573
l2_repeat_07,L2,stability,excel,38,148,1293.2157637280532
l2_repeat_07,L2,stability,excel,39,149,3670.406450512808
l2_repeat_07,L2,stability,excel,40,150,1244.35128553309
l2_repeat_07,L2,stability,excel,41,151,1191.4826902424618
l2_repeat_07,L2,stability,excel,42,152,1291.0073458531651
l2_repeat_07,L2,stability,excel,43,153,1392.6389580684465
l2_repeat_07,L2,stability,excel,44,154,1251.747406807681
l2_repeat_07,L2,stability,excel,45,155,1269.4025586326914
l2_repeat_07,L2,stability,excel,46,156,1259.4971139036845
l2_repeat_07,L2,stability,excel,47,157,1365.79226948521
l2_repeat_07,L2,stability,excel,48,158,1215.5882034072515
l2_repeat_07,L2,stability,excel,49,159,1452.4220603444594
l2_repeat_07,L2,stability,excel,50,160,1316.7399190136564
l2_repeat_07,L2,stability,excel,51,161,1167.727621390083
l2_repeat_07,L2,stability,excel,52,162,1251.4498224329807
l2_repeat_07,L2,stability,excel,53,163,1222.941239620765
l2_repeat_07,L2,stability,excel,54,164,1240.3220510397482
l2_repeat_07,L2,stability,excel,55,165,2778.461668867669
l2_repeat_07,L2,stability,excel,56,166,1206.0812868654582
l2_repeat_07,L2,stability,excel,57,167,1262.8913704671502
l2_repeat_07,L2,stability,excel,58,168,1298.038786871435
l2_repeat_07,L2,stability,excel,59,169,1265.711815248545
l2_repeat_07,L2,stability,excel,60,170,1288.6631304214368
l2_repeat_07,L2,stability,excel,61,171,1217.4349398162913
l2_repeat_07,L2,stability,excel,62,172,1252.1039887831014
l2_repeat_07,L2,stability,excel,63,173,1232.0727116930557
l2_repeat_07,L2,stability,excel,64,174,1238.1608478205608
l2_repeat_07,L2,stability,excel,65,175,1200.818306304601
l2_repeat_07,L2,stability,excel,66,176,1216.7515080428689
l2_repeat_07,L2,stability,excel,67,177,1211.256778814997
l2_repeat_07,L2,stability,excel,68,178,1729.3278270237147
l2_repeat_07,L2,stability,excel,69,179,1229.5485895095167
l2_repeat_07,L2,stability,excel,70,180,1211.5243176440763
l2_repeat_07,L2,stability,excel,71,181,1319.9951530601024
l2_repeat_07,L2,stability,excel,72,182,1202.4262284067586
l2_repeat_07,L2,stability,excel,73,183,1234.295806322193
l2_repeat_07,L2,stability,excel,74,184,1244.5128453876862
l2_repeat_07,L2,stability,excel,75,185,1211.5813324116343
l2_repeat_07,L2,stability,excel,76,186,1161.2844243225616
l2_repeat_07,L2,stability,excel,77,187,1198.6749064799105
l2_repeat_07,L2,stability,excel,78,188,1299.760925784572
l2_repeat_07,L2,stability,excel,79,189,1203.3984098718388
l2_repeat_07,L2,stability,excel,80,190,1248.2493019071546
l2_repeat_07,L2,stability,excel,81,191,1262.9894430312274
l2_repeat_07,L2,stability,excel,82,192,1196.5230695656926
l2_repeat_07,L2,stability,excel,83,193,1203.2871825415662
l2_repeat_07,L2,stability,excel,84,194,1239.5531701115715
l2_repeat_07,L2,stability,excel,85,195,1219.8710616825797
l2_repeat_07,L2,stability,excel,86,196,1219.9068794681443
l2_repeat_07,L2,stability,excel,87,197,1260.6676035040741
l2_repeat_07,L2,stability,excel,88,198,1259.5202370530317
l2_repeat_07,L2,stability,excel,89,199,1180.643591168022
l2_repeat_07,L2,stability,excel,90,200,2041.7423634833558
l2_repeat_07,L2,stability,excel,91,201,1256.1364977019134
l2_repeat_07,L2,stability,excel,92,202,1289.4161003323652
l2_repeat_07,L2,stability,excel,93,203,1140.800477077103
l2_repeat_07,L2,stability,excel,94,204,1231.7516144286476
l2_repeat_07,L2,stability,excel,95,205,2010.0776502227104
l2_repeat_07,L2,stability,excel,96,206,1216.4589433140839
l2_repeat_07,L2,stability,excel,97,207,1264.1816714521785
l2_repeat_07,L2,stability,excel,98,208,1211.8495355196708
l2_repeat_07,L2,stability,excel,99,209,1209.5320870205483
l2_repeat_07,L2,stability,excel,100,210,1214.632518084625
l2_repeat_07,L2,stability,excel,101,211,1187.7891080582413
l2_repeat_07,L2,stability,excel,102,212,1310.3616799576673
l2_repeat_07,L2,stability,excel,103,213,1353.7126508159683
l2_repeat_07,L2,stability,excel,104,214,1273.3432527302416
l2_repeat_07,L2,stability,excel,105,215,1286.3493071268906
l2_repeat_07,L2,stability,excel,106,216,1223.202318138245
l2_repeat_07,L2,stability,excel,107,217,1179.9569856245023
l2_repeat_07,L2,stability,excel,108,218,1236.5558034483447
l2_repeat_07,L2,stability,excel,109,219,1370.3168488481986
l2_repeat_07,L2,stability,excel,110,220,1222.2729215641648
l2_repeat_07,L2,stability,excel,111,221,1209.9594347990817
l2_repeat_07,L2,stability,excel,112,222,1199.9017903541244
l2_repeat_07,L2,stability,excel,113,223,2040.5542436905034
l2_repeat_07,L2,stability,excel,114,224,1244.52444844048
l2_repeat_07,L2,stability,excel,115,225,1204.8995350285365
l2_repeat_07,L2,stability,excel,116,226,1187.849560437366
l2_repeat_07,L2,stability,excel,117,227,1350.9419777629805
l2_repeat_07,L2,stability,excel,118,228,1260.9313391129394
l2_repeat_07,L2,stability,excel,119,229,1176.3642759323743
l2_repeat_07,L2,stability,excel,120,230,1251.573364562766
l2_repeat_07,L2,stability,excel,121,231,1245.7613997872577
l2_repeat_07,L2,stability,excel,122,232,1262.430076287875
l2_repeat_07,L2,stability,excel,123,233,1221.0943526590877
l2_repeat_07,L2,stability,excel,124,234,1227.0485794680105
l2_repeat_07,L2,stability,excel,125,235,1198.938676364993
l2_repeat_07,L2,stability,excel,126,236,1301.8246275624379
l2_repeat_07,L2,stability,excel,127,237,1187.1293296357835
l2_repeat_07,L2,stability,excel,128,238,1293.6563296793388
l2_repeat_07,L2,stability,excel,129,239,1707.37438039976
l2_repeat_07,L2,stability,excel,130,240,1193.1933620140053
l2_repeat_07,L2,stability,excel,131,241,1317.9587272782655
l2_repeat_07,L2,stability,excel,132,242,1275.9509336287333
l2_repeat_07,L2,stability,excel,133,243,1208.1779043383256
l2_repeat_07,L2,stability,excel,134,244,1535.1258131993368
l2_repeat_07,L2,stability,excel,135,245,1260.0646186185795
l2_repeat_07,L2,stability,excel,136,246,1204.73697501451
l2_repeat_07,L2,stability,excel,137,247,1172.3369709599997
l2_repeat_07,L2,stability,excel,138,248,1253.6187559862667
l2_repeat_07,L2,stability,excel,139,249,1245.9590693989876
l2_repeat_07,L2,stability,excel,140,250,1182.2282910782076
l2_repeat_07,L2,stability,excel,141,251,1237.6017583879398
l2_repeat_07,L2,stability,excel,142,252,1341.747244079511
l2_repeat_07,L2,stability,excel,143,253,1403.386460850726
l2_repeat_07,L2,stability,excel,144,254,1195.372222332688
l2_repeat_07,L2,stability,excel,145,255,1306.6784495336694
l2_repeat_07,L2,stability,excel,146,256,1292.6787760006698
l2_repeat_07,L2,stability,excel,147,257,1307.8686330303547
l2_repeat_07,L2,stability,excel,148,258,1209.406534552408
l2_repeat_07,L2,stability,excel,149,259,1227.235731372028
l2_repeat_07,L2,stability,excel,150,260,1275.9656528366409
l2_repeat_07,L2,stability,excel,151,261,1268.841244387768
l2_repeat_07,L2,stability,excel,152,262,1250.1560470603156
l2_repeat_07,L2,stability,excel,153,263,1228.9320145643605
l2_repeat_07,L2,stability,excel,154,264,1171.3761721558546
l2_repeat_07,L2,stability,excel,155,265,1218.9087910580115
l2_repeat_07,L2,stability,excel,156,266,1259.3549876277143
l2_repeat_07,L2,stability,excel,157,267,1257.0079731762244
l2_repeat_07,L2,stability,excel,158,268,1411.7980664457853
l2_repeat_07,L2,stability,excel,159,269,1212.0765805911315
l2_repeat_07,L2,stability,excel,160,270,1254.160607562647
l2_repeat_07,L2,stability,excel,161,271,1240.4606698409966
l2_repeat_07,L2,stability,excel,162,272,1239.7759905703826
l2_repeat_07,L2,stability,excel,163,273,1340.5926908539896
l2_repeat_07,L2,stability,excel,164,274,1331.7834068172704
l2_repeat_07,L2,stability,excel,165,275,1200.819563788864
l2_repeat_07,L2,stability,excel,166,276,1202.5403313043262
l2_repeat_07,L2,stability,excel,167,277,1423.9789535831594
l2_repeat_07,L2,stability,excel,168,278,2144.2547648055206
l2_repeat_07,L2,stability,excel,169,279,1555.2235530964977
l2_repeat_07,L2,stability,excel,170,280,1335.6266515499271
l2_repeat_07,L2,stability,excel,171,281,1333.8473223175656
l2_repeat_07,L2,stability,excel,172,282,1241.4878453777342
l2_repeat_07,L2,stability,excel,173,283,1167.0839619316994
l2_repeat_07,L2,stability,excel,174,284,1281.5349421743429
l2_repeat_07,L2,stability,excel,175,285,1275.038395162823
l2_repeat_07,L2,stability,excel,176,286,1291.9447117451716
l2_repeat_07,L2,stability,excel,177,287,1419.6406246724441
l2_repeat_07,L2,stability,excel,178,288,1176.5630446144694
l2_repeat_07,L2,stability,excel,179,289,1219.1721862535337
l2_repeat_07,L2,stability,excel,180,290,1285.398082926504
l2_repeat_07,L2,stability,excel,181,291,1189.4548257397719
l2_repeat_07,L2,stability,excel,182,292,1252.9032486441085
l2_repeat_07,L2,stability,excel,183,293,1351.7048904596465
l2_repeat_07,L2,stability,excel,184,294,1214.1917763991808
l2_repeat_07,L2,stability,excel,185,295,1194.4686302113812
l2_repeat_07,L2,stability,excel,186,296,1212.9721069398638
l2_repeat_07,L2,stability,excel,187,297,1254.5629656826982
l2_repeat_07,L2,stability,excel,188,298,1203.3610772079992
l2_repeat_07,L2,stability,excel,189,299,1297.5207670357868
l2_repeat_07,L2,stability,excel,190,300,1245.3749163648295
l2_repeat_07,L2,stability,excel,191,301,1282.698615896278
l2_repeat_07,L2,stability,excel,192,302,1240.8410948637454
l2_repeat_07,L2,stability,excel,193,303,1536.025634370551
l2_repeat_07,L2,stability,excel,194,304,1198.372352723371
l2_repeat_07,L2,stability,excel,195,305,1221.7773490429663
l2_repeat_07,L2,stability,excel,196,306,1343.370198532886
l2_repeat_07,L2,stability,excel,197,307,1171.3432443004554
l2_repeat_07,L2,stability,excel,198,308,1253.8471789207288
l2_repeat_07,L2,stability,excel,199,309,1315.7276696565589
l2_repeat_07,L2,stability,excel,200,310,1220.975990667282
l2_repeat_07,L2,stability,validation,1,41001,1270.0155384036218
l2_repeat_07,L2,stability,validation,2,41002,1274.4399685763894
l2_repeat_07,L2,stability,validation,3,41003,1255.3930760399849
l2_repeat_07,L2,stability,validation,4,41004,1248.9653169691985
l2_repeat_07,L2,stability,validation,5,41005,1235.3657845277523
l2_repeat_07,L2,stability,validation,6,41006,1214.060059332872
l2_repeat_07,L2,stability,validation,7,41007,1176.0161441422317
l2_repeat_07,L2,stability,validation,8,41008,1286.3585090036217
l2_repeat_07,L2,stability,validation,9,41009,1202.6914541994702
l2_repeat_07,L2,stability,validation,10,41010,1201.3568059672655
l2_repeat_07,L2,stability,validation,11,41011,1264.1835617990978
l2_repeat_07,L2,stability,validation,12,41012,1185.1676936783185
l2_repeat_07,L2,stability,validation,13,41013,1222.8937059391496
l2_repeat_07,L2,stability,validation,14,41014,1272.7617426652507
l2_repeat_07,L2,stability,validation,15,41015,1289.8375939739562
l2_repeat_07,L2,stability,validation,16,41016,1281.5108887431159
l2_repeat_07,L2,stability,validation,17,41017,1246.203428331284
l2_repeat_07,L2,stability,validation,18,41018,1333.4664684324052
l2_repeat_07,L2,stability,validation,19,41019,1299.4713817683407
l2_repeat_07,L2,stability,validation,20,41020,1182.20875318403
l2_repeat_07,L2,stability,validation,21,41021,1211.7197681834043
l2_repeat_07,L2,stability,validation,22,41022,1372.5603499404306
l2_repeat_07,L2,stability,validation,23,41023,1220.2222840245508
l2_repeat_07,L2,stability,validation,24,41024,1273.701381545732
l2_repeat_07,L2,stability,validation,25,41025,1349.5424314210136
l2_repeat_07,L2,stability,validation,26,41026,1943.0562933605624
l2_repeat_07,L2,stability,validation,27,41027,1220.778851379473
l2_repeat_07,L2,stability,validation,28,41028,1189.219366715359
l2_repeat_07,L2,stability,validation,29,41029,1257.2621427381455
l2_repeat_07,L2,stability,validation,30,41030,1254.8114188313
l2_repeat_07,L2,stability,validation,31,41031,1231.9064825548235
l2_repeat_07,L2,stability,validation,32,41032,1247.9251727045375
l2_repeat_07,L2,stability,validation,33,41033,1275.3399150677815
l2_repeat_07,L2,stability,validation,34,41034,1223.6268098718688
l2_repeat_07,L2,stability,validation,35,41035,1231.9566619761883
l2_repeat_07,L2,stability,validation,36,41036,2105.0336824165406
l2_repeat_07,L2,stability,validation,37,41037,1219.4547253645517
l2_repeat_07,L2,stability,validation,38,41038,1317.5823461738992
l2_repeat_07,L2,stability,validation,39,41039,1210.3323693546033
l2_repeat_07,L2,stability,validation,40,41040,1262.0390557239796
l2_repeat_07,L2,stability,validation,41,41041,1251.516231156868
l2_repeat_07,L2,stability,validation,42,41042,1189.2800534594585
l2_repeat_07,L2,stability,validation,43,41043,1177.4908108441175
l2_repeat_07,L2,stability,validation,44,41044,1227.8680943286804
l2_repeat_07,L2,stability,validation,45,41045,1331.0825560598082
l2_repeat_07,L2,stability,validation,46,41046,1212.8364666247303
l2_repeat_07,L2,stability,validation,47,41047,1260.3841583404055
l2_repeat_07,L2,stability,validation,48,41048,1262.8249251054913
l2_repeat_07,L2,stability,validation,49,41049,1579.614128915819
l2_repeat_07,L2,stability,validation,50,41050,1201.4108292568933
l2_repeat_07,L2,stability,validation,51,41051,1254.1180274814592
l2_repeat_07,L2,stability,validation,52,41052,1309.7197756992605
l2_repeat_07,L2,stability,validation,53,41053,1206.118390412594
l2_repeat_07,L2,stability,validation,54,41054,1230.0239960888198
l2_repeat_07,L2,stability,validation,55,41055,1261.864255818404
l2_repeat_07,L2,stability,validation,56,41056,1245.5527477750943
l2_repeat_07,L2,stability,validation,57,41057,1276.9338675714534
l2_repeat_07,L2,stability,validation,58,41058,1236.8446332503638
l2_repeat_07,L2,stability,validation,59,41059,1273.4235916558364
l2_repeat_07,L2,stability,validation,60,41060,1226.8663614637378
l2_repeat_07,L2,stability,validation,61,41061,1242.8390422684108
l2_repeat_07,L2,stability,validation,62,41062,1293.3525120167037
l2_repeat_07,L2,stability,validation,63,41063,1290.5009442075748
l2_repeat_07,L2,stability,validation,64,41064,1838.9453443849716
l2_repeat_07,L2,stability,validation,65,41065,1193.5600809235175
l2_repeat_07,L2,stability,validation,66,41066,1166.096507350108
l2_repeat_07,L2,stability,validation,67,41067,1464.3627560546959
l2_repeat_07,L2,stability,validation,68,41068,1213.940642152561
l2_repeat_07,L2,stability,validation,69,41069,1228.858863759358
l2_repeat_07,L2,stability,validation,70,41070,1282.6981517498962
l2_repeat_07,L2,stability,validation,71,41071,2010.6586659360178
l2_repeat_07,L2,stability,validation,72,41072,1222.8992123977591
l2_repeat_07,L2,stability,validation,73,41073,2066.6173146673596
l2_repeat_07,L2,stability,validation,74,41074,1261.3221268634372
l2_repeat_07,L2,stability,validation,75,41075,1224.2409612166016
l2_repeat_07,L2,stability,validation,76,41076,1209.6194265662261
l2_repeat_07,L2,stability,validation,77,41077,1246.0510202763517
l2_repeat_07,L2,stability,validation,78,41078,1196.459503898282
l2_repeat_07,L2,stability,validation,79,41079,1223.7399847621245
l2_repeat_07,L2,stability,validation,80,41080,1394.6734120375538
l2_repeat_07,L2,stability,validation,81,41081,1245.8003184434697
l2_repeat_07,L2,stability,validation,82,41082,1245.268072144703
l2_repeat_07,L2,stability,validation,83,41083,1166.5666965650878
l2_repeat_07,L2,stability,validation,84,41084,1201.5448151083647
l2_repeat_07,L2,stability,validation,85,41085,1243.1351298911638
l2_repeat_07,L2,stability,validation,86,41086,1237.909366991919
l2_repeat_07,L2,stability,validation,87,41087,1213.0802994550645
l2_repeat_07,L2,stability,validation,88,41088,1181.742610897047
l2_repeat_07,L2,stability,validation,89,41089,1270.000884447337
l2_repeat_07,L2,stability,validation,90,41090,1266.1118195420715
l2_repeat_07,L2,stability,validation,91,41091,1208.692168904993
l2_repeat_07,L2,stability,validation,92,41092,1254.659736410828
l2_repeat_07,L2,stability,validation,93,41093,1257.0291537971345
l2_repeat_07,L2,stability,validation,94,41094,1216.7109155857534
l2_repeat_07,L2,stability,validation,95,41095,1215.9328092883645
l2_repeat_07,L2,stability,validation,96,41096,1253.2159950524451
l2_repeat_07,L2,stability,validation,97,41097,1155.3457763345943
l2_repeat_07,L2,stability,validation,98,41098,1234.4181944939928
l2_repeat_07,L2,stability,validation,99,41099,1225.2681200361944
l2_repeat_07,L2,stability,validation,100,41100,1582.561215407841
l2_repeat_07,L2,stability,validation,101,41101,1206.7059302388964
l2_repeat_07,L2,stability,validation,102,41102,1252.6948427082884
l2_repeat_07,L2,stability,validation,103,41103,1222.3471840032964
l2_repeat_07,L2,stability,validation,104,41104,2027.0207585029107
l2_repeat_07,L2,stability,validation,105,41105,1216.2415635730472
l2_repeat_07,L2,stability,validation,106,41106,1252.5927722533604
l2_repeat_07,L2,stability,validation,107,41107,1306.0612196331756
l2_repeat_07,L2,stability,validation,108,41108,1241.484348920415
l2_repeat_07,L2,stability,validation,109,41109,1664.1607027051743
l2_repeat_07,L2,stability,validation,110,41110,1211.0056603201883
l2_repeat_07,L2,stability,validation,111,41111,1208.5171653639384
l2_repeat_07,L2,stability,validation,112,41112,1218.0782167657928
l2_repeat_07,L2,stability,validation,113,41113,1236.8067424132023
l2_repeat_07,L2,stability,validation,114,41114,1593.8505995051837
l2_repeat_07,L2,stability,validation,115,41115,1220.4692800573246
l2_repeat_07,L2,stability,validation,116,41116,1237.1015473685468
l2_repeat_07,L2,stability,validation,117,41117,1187.8049028737764
l2_repeat_07,L2,stability,validation,118,41118,1250.3907910729415
l2_repeat_07,L2,stability,validation,119,41119,1234.2828218541733
l2_repeat_07,L2,stability,validation,120,41120,1374.2832818595496
l2_repeat_07,L2,stability,validation,121,41121,1325.10117973896
l2_repeat_07,L2,stability,validation,122,41122,1244.7588299825481
l2_repeat_07,L2,stability,validation,123,41123,1217.6572923710962
l2_repeat_07,L2,stability,validation,124,41124,1181.9497994945714
l2_repeat_07,L2,stability,validation,125,41125,1173.7946118008567
l2_repeat_07,L2,stability,validation,126,41126,1193.4910714531236
l2_repeat_07,L2,stability,validation,127,41127,1265.919512641413
l2_repeat_07,L2,stability,validation,128,41128,1286.6912795755088
l2_repeat_07,L2,stability,validation,129,41129,1293.9436452457394
l2_repeat_07,L2,stability,validation,130,41130,1243.3300854473982
l2_repeat_07,L2,stability,validation,131,41131,1271.1619016876673
l2_repeat_07,L2,stability,validation,132,41132,1260.2465258940806
l2_repeat_07,L2,stability,validation,133,41133,1295.1914289713443
l2_repeat_07,L2,stability,validation,134,41134,1246.1964034294456
l2_repeat_07,L2,stability,validation,135,41135,1190.7336788262387
l2_repeat_07,L2,stability,validation,136,41136,1194.2039538101067
l2_repeat_07,L2,stability,validation,137,41137,1240.742845559058
l2_repeat_07,L2,stability,validation,138,41138,1429.0095453709848
l2_repeat_07,L2,stability,validation,139,41139,1279.0969448234314
l2_repeat_07,L2,stability,validation,140,41140,1236.1698959709584
l2_repeat_07,L2,stability,validation,141,41141,1295.1297937071338
l2_repeat_07,L2,stability,validation,142,41142,1237.3785953008407
l2_repeat_07,L2,stability,validation,143,41143,1300.9243045521243
l2_repeat_07,L2,stability,validation,144,41144,1198.104005638682
l2_repeat_07,L2,stability,validation,145,41145,1220.7622479773984
l2_repeat_07,L2,stability,validation,146,41146,3463.0008351553033
l2_repeat_07,L2,stability,validation,147,41147,1210.4297573412834
l2_repeat_07,L2,stability,validation,148,41148,1162.4883136676528
l2_repeat_07,L2,stability,validation,149,41149,1231.0346989487775
l2_repeat_07,L2,stability,validation,150,41150,1256.6608636493202
l2_repeat_07,L2,stability,validation,151,41151,1253.424958035864
l2_repeat_07,L2,stability,validation,152,41152,1350.604034418369
l2_repeat_07,L2,stability,validation,153,41153,1240.9371092489566
l2_repeat_07,L2,stability,validation,154,41154,1253.554472035518
l2_repeat_07,L2,stability,validation,155,41155,1244.5544103690675
l2_repeat_07,L2,stability,validation,156,41156,1230.7595483415041
l2_repeat_07,L2,stability,validation,157,41157,1596.147327032884
l2_repeat_07,L2,stability,validation,158,41158,1245.9379924004431
l2_repeat_07,L2,stability,validation,159,41159,1305.2556779026224
l2_repeat_07,L2,stability,validation,160,41160,1234.2162728802416
l2_repeat_07,L2,stability,validation,161,41161,1205.8944616438594
l2_repeat_07,L2,stability,validation,162,41162,1236.5732117869075
l2_repeat_07,L2,stability,validation,163,41163,1590.8617577285422
l2_repeat_07,L2,stability,validation,164,41164,1243.3331378854157
l2_repeat_07,L2,stability,validation,165,41165,1170.0770056651427
l2_repeat_07,L2,stability,validation,166,41166,1270.313727354065
l2_repeat_07,L2,stability,validation,167,41167,1251.7948997357466
l2_repeat_07,L2,stability,validation,168,41168,1239.2610598104593
l2_repeat_07,L2,stability,validation,169,41169,1702.5180726315484
l2_repeat_07,L2,stability,validation,170,41170,1183.8476147842011
l2_repeat_07,L2,stability,validation,171,41171,1208.7858852832462
l2_repeat_07,L2,stability,validation,172,41172,1241.304843659455
l2_repeat_07,L2,stability,validation,173,41173,1238.7757553481272
l2_repeat_07,L2,stability,validation,174,41174,1265.3392261707943
l2_repeat_07,L2,stability,validation,175,41175,1211.6799283595253
l2_repeat_07,L2,stability,validation,176,41176,1199.1424839281726
l2_repeat_07,L2,stability,validation,177,41177,1180.1084829926174
l2_repeat_07,L2,stability,validation,178,41178,1276.8474360197742
l2_repeat_07,L2,stability,validation,179,41179,1218.1274244107167
l2_repeat_07,L2,stability,validation,180,41180,1210.7294048272456
l2_repeat_07,L2,stability,validation,181,41181,1183.086266507165
l2_repeat_07,L2,stability,validation,182,41182,1185.0496821454226
l2_repeat_07,L2,stability,validation,183,41183,1304.0348695757536
l2_repeat_07,L2,stability,validation,184,41184,1227.8740603997367
l2_repeat_07,L2,stability,validation,185,41185,1198.3496246906388
l2_repeat_07,L2,stability,validation,186,41186,1235.542100384671
l2_repeat_07,L2,stability,validation,187,41187,1269.2632275486578
l2_repeat_07,L2,stability,validation,188,41188,1231.0043652801899
l2_repeat_07,L2,stability,validation,189,41189,1276.9152290593079
l2_repeat_07,L2,stability,validation,190,41190,1266.0889509786412
l2_repeat_07,L2,stability,validation,191,41191,1386.7562177437837
l2_repeat_07,L2,stability,validation,192,41192,1242.4982110420858
l2_repeat_07,L2,stability,validation,193,41193,1371.6187165791507
l2_repeat_07,L2,stability,validation,194,41194,1171.4191880670141
l2_repeat_07,L2,stability,validation,195,41195,1232.5690656304507
l2_repeat_07,L2,stability,validation,196,41196,1196.5921642660014
l2_repeat_07,L2,stability,validation,197,41197,1282.585539103747
l2_repeat_07,L2,stability,validation,198,41198,1214.180261582869
l2_repeat_07,L2,stability,validation,199,41199,1263.0803463319676
l2_repeat_07,L2,stability,validation,200,41200,1325.3489034766433
l2_repeat_07,L2,stability,fresh,1,51001,1233.5454561843403
l2_repeat_07,L2,stability,fresh,2,51002,1175.9877634240286
l2_repeat_07,L2,stability,fresh,3,51003,1358.7448957769864
l2_repeat_07,L2,stability,fresh,4,51004,1213.1359854547152
l2_repeat_07,L2,stability,fresh,5,51005,1268.7001588285084
l2_repeat_07,L2,stability,fresh,6,51006,1248.8904330603366
l2_repeat_07,L2,stability,fresh,7,51007,1252.6928825439738
l2_repeat_07,L2,stability,fresh,8,51008,1207.6039060890607
l2_repeat_07,L2,stability,fresh,9,51009,1182.975537697697
l2_repeat_07,L2,stability,fresh,10,51010,1188.5044329141997
l2_repeat_07,L2,stability,fresh,11,51011,1281.6369748639504
l2_repeat_07,L2,stability,fresh,12,51012,1315.4517146449161
l2_repeat_07,L2,stability,fresh,13,51013,1155.9593392956049
l2_repeat_07,L2,stability,fresh,14,51014,1225.3681889086442
l2_repeat_07,L2,stability,fresh,15,51015,1223.8702828355522
l2_repeat_07,L2,stability,fresh,16,51016,1213.9421462444818
l2_repeat_07,L2,stability,fresh,17,51017,1302.599611196884
l2_repeat_07,L2,stability,fresh,18,51018,1304.076910929982
l2_repeat_07,L2,stability,fresh,19,51019,1262.101118530636
l2_repeat_07,L2,stability,fresh,20,51020,1280.645264009941
l2_repeat_07,L2,stability,fresh,21,51021,1276.2399131063917
l2_repeat_07,L2,stability,fresh,22,51022,1208.8885938319663
l2_repeat_07,L2,stability,fresh,23,51023,1278.9243256855834
l2_repeat_07,L2,stability,fresh,24,51024,1209.6422349121935
l2_repeat_07,L2,stability,fresh,25,51025,1220.9803209292659
l2_repeat_07,L2,stability,fresh,26,51026,1272.9112236725205
l2_repeat_07,L2,stability,fresh,27,51027,1266.4454818506752
l2_repeat_07,L2,stability,fresh,28,51028,1191.1638121441974
l2_repeat_07,L2,stability,fresh,29,51029,1242.6066910755585
l2_repeat_07,L2,stability,fresh,30,51030,1240.1416169845306
l2_repeat_07,L2,stability,fresh,31,51031,1256.7365934645031
l2_repeat_07,L2,stability,fresh,32,51032,1504.8017296382022
l2_repeat_07,L2,stability,fresh,33,51033,1248.5169211150526
l2_repeat_07,L2,stability,fresh,34,51034,1220.412586174614
l2_repeat_07,L2,stability,fresh,35,51035,1256.1698404195085
l2_repeat_07,L2,stability,fresh,36,51036,1229.0113398843007
l2_repeat_07,L2,stability,fresh,37,51037,1356.5749568807503
l2_repeat_07,L2,stability,fresh,38,51038,1231.4505961410784
l2_repeat_07,L2,stability,fresh,39,51039,1212.900113552591
l2_repeat_07,L2,stability,fresh,40,51040,1167.1278967549601
l2_repeat_07,L2,stability,fresh,41,51041,1282.6324933918793
l2_repeat_07,L2,stability,fresh,42,51042,1227.2995383040102
l2_repeat_07,L2,stability,fresh,43,51043,1311.9783864922865
l2_repeat_07,L2,stability,fresh,44,51044,1208.7171515970604
l2_repeat_07,L2,stability,fresh,45,51045,1196.698612464325
l2_repeat_07,L2,stability,fresh,46,51046,1269.8450785562736
l2_repeat_07,L2,stability,fresh,47,51047,1221.067216397746
l2_repeat_07,L2,stability,fresh,48,51048,1199.4161999913488
l2_repeat_07,L2,stability,fresh,49,51049,1256.4900475863512
l2_repeat_07,L2,stability,fresh,50,51050,1270.6716014296535
l2_repeat_07,L2,stability,fresh,51,51051,1192.5831361727426
l2_repeat_07,L2,stability,fresh,52,51052,1219.2946530104582
l2_repeat_07,L2,stability,fresh,53,51053,1310.3723679893171
l2_repeat_07,L2,stability,fresh,54,51054,1964.1970491459003
l2_repeat_07,L2,stability,fresh,55,51055,1265.4973394104618
l2_repeat_07,L2,stability,fresh,56,51056,1213.6142083077
l2_repeat_07,L2,stability,fresh,57,51057,1190.791333634883
l2_repeat_07,L2,stability,fresh,58,51058,1241.561120361021
l2_repeat_07,L2,stability,fresh,59,51059,1205.5932085358147
l2_repeat_07,L2,stability,fresh,60,51060,1187.85600271951
l2_repeat_07,L2,stability,fresh,61,51061,1222.5292128719075
l2_repeat_07,L2,stability,fresh,62,51062,1348.7775308795563
l2_repeat_07,L2,stability,fresh,63,51063,1267.6616332262447
l2_repeat_07,L2,stability,fresh,64,51064,1157.0700444674292
l2_repeat_07,L2,stability,fresh,65,51065,1284.7077453331294
l2_repeat_07,L2,stability,fresh,66,51066,1229.4372717056356
l2_repeat_07,L2,stability,fresh,67,51067,1307.3418047130688
l2_repeat_07,L2,stability,fresh,68,51068,1208.2243070985696
l2_repeat_07,L2,stability,fresh,69,51069,1225.737649069676
l2_repeat_07,L2,stability,fresh,70,51070,1196.374364300175
l2_repeat_07,L2,stability,fresh,71,51071,1247.595536336652
l2_repeat_07,L2,stability,fresh,72,51072,1247.9274471082333
l2_repeat_07,L2,stability,fresh,73,51073,1233.5613843993774
l2_repeat_07,L2,stability,fresh,74,51074,1241.8683180621347
l2_repeat_07,L2,stability,fresh,75,51075,1668.7294101174639
l2_repeat_07,L2,stability,fresh,76,51076,2521.4629244018934
l2_repeat_07,L2,stability,fresh,77,51077,1281.6894263028173
l2_repeat_07,L2,stability,fresh,78,51078,1269.9827011280488
l2_repeat_07,L2,stability,fresh,79,51079,1477.6192545256358
l2_repeat_07,L2,stability,fresh,80,51080,1303.9182092480323
l2_repeat_07,L2,stability,fresh,81,51081,1191.5118810348738
l2_repeat_07,L2,stability,fresh,82,51082,1292.28401921869
l2_repeat_07,L2,stability,fresh,83,51083,1263.801572268183
l2_repeat_07,L2,stability,fresh,84,51084,1290.3292125793892
l2_repeat_07,L2,stability,fresh,85,51085,1281.2943791333507
l2_repeat_07,L2,stability,fresh,86,51086,1253.916796896272
l2_repeat_07,L2,stability,fresh,87,51087,1237.4107720738432
l2_repeat_07,L2,stability,fresh,88,51088,1260.1625365737139
l2_repeat_07,L2,stability,fresh,89,51089,1256.0250165604427
l2_repeat_07,L2,stability,fresh,90,51090,1872.21789927705
l2_repeat_07,L2,stability,fresh,91,51091,2146.612698329825
l2_repeat_07,L2,stability,fresh,92,51092,1245.6402839394489
l2_repeat_07,L2,stability,fresh,93,51093,2066.5285541486196
l2_repeat_07,L2,stability,fresh,94,51094,1218.9206854302058
l2_repeat_07,L2,stability,fresh,95,51095,1296.781537120119
l2_repeat_07,L2,stability,fresh,96,51096,1215.6657021210628
l2_repeat_07,L2,stability,fresh,97,51097,1224.8177740854744
l2_repeat_07,L2,stability,fresh,98,51098,1185.4832590818623
l2_repeat_07,L2,stability,fresh,99,51099,1168.2753956122203
l2_repeat_07,L2,stability,fresh,100,51100,1294.050951108124
l2_repeat_07,L2,stability,fresh,101,51101,1239.6392900516523
l2_repeat_07,L2,stability,fresh,102,51102,1212.47576922638
l2_repeat_07,L2,stability,fresh,103,51103,1291.403932222928
l2_repeat_07,L2,stability,fresh,104,51104,1239.7125954597698
l2_repeat_07,L2,stability,fresh,105,51105,1218.8824583061964
l2_repeat_07,L2,stability,fresh,106,51106,1310.7860649990757
l2_repeat_07,L2,stability,fresh,107,51107,1274.1661163152696
l2_repeat_07,L2,stability,fresh,108,51108,1205.4753063399817
l2_repeat_07,L2,stability,fresh,109,51109,1195.0463901162443
l2_repeat_07,L2,stability,fresh,110,51110,1226.915300414134
l2_repeat_07,L2,stability,fresh,111,51111,1325.2182586465478
l2_repeat_07,L2,stability,fresh,112,51112,1607.0816154406261
l2_repeat_07,L2,stability,fresh,113,51113,1279.36452710735
l2_repeat_07,L2,stability,fresh,114,51114,1210.2765791182862
l2_repeat_07,L2,stability,fresh,115,51115,1186.6910790969725
l2_repeat_07,L2,stability,fresh,116,51116,1168.6564246508672
l2_repeat_07,L2,stability,fresh,117,51117,1211.8419122020514
l2_repeat_07,L2,stability,fresh,118,51118,1208.5749126314313
l2_repeat_07,L2,stability,fresh,119,51119,1256.66953933685
l2_repeat_07,L2,stability,fresh,120,51120,1229.8059885979076
l2_repeat_07,L2,stability,fresh,121,51121,1220.9886429040037
l2_repeat_07,L2,stability,fresh,122,51122,1277.641944476635
l2_repeat_07,L2,stability,fresh,123,51123,1219.2165228769202
l2_repeat_07,L2,stability,fresh,124,51124,1160.2839163438864
l2_repeat_07,L2,stability,fresh,125,51125,1268.8189830107256
l2_repeat_07,L2,stability,fresh,126,51126,1203.9382110296003
l2_repeat_07,L2,stability,fresh,127,51127,1188.5899350267393
l2_repeat_07,L2,stability,fresh,128,51128,1323.5811375626572
l2_repeat_07,L2,stability,fresh,129,51129,1234.9387448122209
l2_repeat_07,L2,stability,fresh,130,51130,1274.4770871567548
l2_repeat_07,L2,stability,fresh,131,51131,1202.1425088599644
l2_repeat_07,L2,stability,fresh,132,51132,1318.0563301116483
l2_repeat_07,L2,stability,fresh,133,51133,1244.5671867984017
l2_repeat_07,L2,stability,fresh,134,51134,1204.8370843173843
l2_repeat_07,L2,stability,fresh,135,51135,1247.651507984954
l2_repeat_07,L2,stability,fresh,136,51136,1237.5759267116996
l2_repeat_07,L2,stability,fresh,137,51137,1244.543500400682
l2_repeat_07,L2,stability,fresh,138,51138,1267.6828858371803
l2_repeat_07,L2,stability,fresh,139,51139,1544.312497924796
l2_repeat_07,L2,stability,fresh,140,51140,1230.45471284568
l2_repeat_07,L2,stability,fresh,141,51141,2792.588501403714
l2_repeat_07,L2,stability,fresh,142,51142,1218.8429162181326
l2_repeat_07,L2,stability,fresh,143,51143,1248.0219641530412
l2_repeat_07,L2,stability,fresh,144,51144,1412.7151376137745
l2_repeat_07,L2,stability,fresh,145,51145,1325.5797116470885
l2_repeat_07,L2,stability,fresh,146,51146,1313.1850329927015
l2_repeat_07,L2,stability,fresh,147,51147,1234.3562736395995
l2_repeat_07,L2,stability,fresh,148,51148,1236.6602282909776
l2_repeat_07,L2,stability,fresh,149,51149,1227.196822699386
l2_repeat_07,L2,stability,fresh,150,51150,1207.8433628651158
l2_repeat_07,L2,stability,fresh,151,51151,1242.8231007296301
l2_repeat_07,L2,stability,fresh,152,51152,1262.398487930441
l2_repeat_07,L2,stability,fresh,153,51153,1577.0683331673376
l2_repeat_07,L2,stability,fresh,154,51154,1171.8805649974772
l2_repeat_07,L2,stability,fresh,155,51155,1255.2053628718027
l2_repeat_07,L2,stability,fresh,156,51156,1292.2762886209393
l2_repeat_07,L2,stability,fresh,157,51157,1236.266015864604
l2_repeat_07,L2,stability,fresh,158,51158,1253.1828730263098
l2_repeat_07,L2,stability,fresh,159,51159,1145.2977167688111
l2_repeat_07,L2,stability,fresh,160,51160,1212.240992695889
l2_repeat_07,L2,stability,fresh,161,51161,1235.6544432256499
l2_repeat_07,L2,stability,fresh,162,51162,1310.0162488077572
l2_repeat_07,L2,stability,fresh,163,51163,1175.1434001515186
l2_repeat_07,L2,stability,fresh,164,51164,1423.7406791429723
l2_repeat_07,L2,stability,fresh,165,51165,1207.1274285428303
l2_repeat_07,L2,stability,fresh,166,51166,1324.9800928799077
l2_repeat_07,L2,stability,fresh,167,51167,1239.4420641002457
l2_repeat_07,L2,stability,fresh,168,51168,1425.365533706823
l2_repeat_07,L2,stability,fresh,169,51169,1342.7799313009466
l2_repeat_07,L2,stability,fresh,170,51170,1270.9705460291627
l2_repeat_07,L2,stability,fresh,171,51171,1281.201774769543
l2_repeat_07,L2,stability,fresh,172,51172,1346.3598379206546
l2_repeat_07,L2,stability,fresh,173,51173,1219.4533085123305
l2_repeat_07,L2,stability,fresh,174,51174,1293.389246168911
l2_repeat_07,L2,stability,fresh,175,51175,1252.6659827403573
l2_repeat_07,L2,stability,fresh,176,51176,1262.53694002743
l2_repeat_07,L2,stability,fresh,177,51177,1312.2243511956538
l2_repeat_07,L2,stability,fresh,178,51178,1272.8900853639707
l2_repeat_07,L2,stability,fresh,179,51179,1256.1701493500796
l2_repeat_07,L2,stability,fresh,180,51180,1281.6873511880758
l2_repeat_07,L2,stability,fresh,181,51181,1213.2239696233198
l2_repeat_07,L2,stability,fresh,182,51182,1285.9511871279406
l2_repeat_07,L2,stability,fresh,183,51183,1220.266536047246
l2_repeat_07,L2,stability,fresh,184,51184,1546.4774269680684
l2_repeat_07,L2,stability,fresh,185,51185,1178.4355153003746
l2_repeat_07,L2,stability,fresh,186,51186,1257.362145554365
l2_repeat_07,L2,stability,fresh,187,51187,1273.469483735859
l2_repeat_07,L2,stability,fresh,188,51188,1216.840748322422
l2_repeat_07,L2,stability,fresh,189,51189,1254.38784532253
l2_repeat_07,L2,stability,fresh,190,51190,1208.021640122187
l2_repeat_07,L2,stability,fresh,191,51191,1250.9175993803422
l2_repeat_07,L2,stability,fresh,192,51192,1238.95556647607
l2_repeat_07,L2,stability,fresh,193,51193,1269.7988658230809
l2_repeat_07,L2,stability,fresh,194,51194,1192.688748665398
l2_repeat_07,L2,stability,fresh,195,51195,1202.6321934579003
l2_repeat_07,L2,stability,fresh,196,51196,1269.9048648271212
l2_repeat_07,L2,stability,fresh,197,51197,1238.2412927433556
l2_repeat_07,L2,stability,fresh,198,51198,1207.2568253033444
l2_repeat_07,L2,stability,fresh,199,51199,1229.597724896692
l2_repeat_07,L2,stability,fresh,200,51200,1314.8146139099242
l2_repeat_08,L2,stability,excel,1,111,1345.8722360488716
l2_repeat_08,L2,stability,excel,2,112,1248.8704335563114
l2_repeat_08,L2,stability,excel,3,113,1199.1148902047025
l2_repeat_08,L2,stability,excel,4,114,1306.4375081580324
l2_repeat_08,L2,stability,excel,5,115,1705.3962952381212
l2_repeat_08,L2,stability,excel,6,116,1339.899219564311
l2_repeat_08,L2,stability,excel,7,117,1453.5632096297127
l2_repeat_08,L2,stability,excel,8,118,1269.0199038321662
l2_repeat_08,L2,stability,excel,9,119,1351.7558058546972
l2_repeat_08,L2,stability,excel,10,120,1274.8635732489674
l2_repeat_08,L2,stability,excel,11,121,1301.1022130094152
l2_repeat_08,L2,stability,excel,12,122,1326.6437678063337
l2_repeat_08,L2,stability,excel,13,123,1236.1874630428172
l2_repeat_08,L2,stability,excel,14,124,1252.7818059720626
l2_repeat_08,L2,stability,excel,15,125,1269.6063002384706
l2_repeat_08,L2,stability,excel,16,126,1329.0518629208202
l2_repeat_08,L2,stability,excel,17,127,1298.6243965259441
l2_repeat_08,L2,stability,excel,18,128,1287.8906221125887
l2_repeat_08,L2,stability,excel,19,129,1338.5889119192577
l2_repeat_08,L2,stability,excel,20,130,1300.0094636960093
l2_repeat_08,L2,stability,excel,21,131,1274.8372738449398
l2_repeat_08,L2,stability,excel,22,132,1314.7266908786762
l2_repeat_08,L2,stability,excel,23,133,1305.761273443081
l2_repeat_08,L2,stability,excel,24,134,1294.0861050110584
l2_repeat_08,L2,stability,excel,25,135,1246.218995919829
l2_repeat_08,L2,stability,excel,26,136,1401.98447365143
l2_repeat_08,L2,stability,excel,27,137,1196.6357883000642
l2_repeat_08,L2,stability,excel,28,138,1505.6624794073614
l2_repeat_08,L2,stability,excel,29,139,1373.9869875047198
l2_repeat_08,L2,stability,excel,30,140,1354.3587565382327
l2_repeat_08,L2,stability,excel,31,141,1294.1077617115438
l2_repeat_08,L2,stability,excel,32,142,1242.0889494695443
l2_repeat_08,L2,stability,excel,33,143,1361.135947988465
l2_repeat_08,L2,stability,excel,34,144,1215.7458808329636
l2_repeat_08,L2,stability,excel,35,145,1301.1634116823245
l2_repeat_08,L2,stability,excel,36,146,1200.9307739295357
l2_repeat_08,L2,stability,excel,37,147,1336.4930519252994
l2_repeat_08,L2,stability,excel,38,148,1319.153674006186
l2_repeat_08,L2,stability,excel,39,149,4457.202750717229
l2_repeat_08,L2,stability,excel,40,150,1268.4221279260016
l2_repeat_08,L2,stability,excel,41,151,1199.8650998663202
l2_repeat_08,L2,stability,excel,42,152,1323.7012433646157
l2_repeat_08,L2,stability,excel,43,153,1375.1458196413116
l2_repeat_08,L2,stability,excel,44,154,1281.2662123010568
l2_repeat_08,L2,stability,excel,45,155,1289.7194547481765
l2_repeat_08,L2,stability,excel,46,156,1307.5936765060535
l2_repeat_08,L2,stability,excel,47,157,1347.5166309032636
l2_repeat_08,L2,stability,excel,48,158,1251.7824327752053
l2_repeat_08,L2,stability,excel,49,159,1484.0724475012075
l2_repeat_08,L2,stability,excel,50,160,1266.1240676899674
l2_repeat_08,L2,stability,excel,51,161,1180.295419332501
l2_repeat_08,L2,stability,excel,52,162,1263.254619161639
l2_repeat_08,L2,stability,excel,53,163,1252.7095936526998
l2_repeat_08,L2,stability,excel,54,164,1278.1218740012237
l2_repeat_08,L2,stability,excel,55,165,2795.9795981182333
l2_repeat_08,L2,stability,excel,56,166,1234.8483928958503
l2_repeat_08,L2,stability,excel,57,167,1272.4630644579809
l2_repeat_08,L2,stability,excel,58,168,1318.4935279464237
l2_repeat_08,L2,stability,excel,59,169,1317.4872525424257
l2_repeat_08,L2,stability,excel,60,170,1251.266008936777
l2_repeat_08,L2,stability,excel,61,171,1268.3257408964664
l2_repeat_08,L2,stability,excel,62,172,1274.7362011245832
l2_repeat_08,L2,stability,excel,63,173,1245.5531353624672
l2_repeat_08,L2,stability,excel,64,174,1281.6591689321726
l2_repeat_08,L2,stability,excel,65,175,1240.7333369345818
l2_repeat_08,L2,stability,excel,66,176,1276.0414075310798
l2_repeat_08,L2,stability,excel,67,177,1230.166821041919
l2_repeat_08,L2,stability,excel,68,178,1360.5322937288513
l2_repeat_08,L2,stability,excel,69,179,1229.3068519966773
l2_repeat_08,L2,stability,excel,70,180,1248.7841536390345
l2_repeat_08,L2,stability,excel,71,181,1323.7497721133868
l2_repeat_08,L2,stability,excel,72,182,1232.4339895841108
l2_repeat_08,L2,stability,excel,73,183,1270.4563964735378
l2_repeat_08,L2,stability,excel,74,184,1277.7266370124125
l2_repeat_08,L2,stability,excel,75,185,1241.1924172133668
l2_repeat_08,L2,stability,excel,76,186,1195.9476744440487
l2_repeat_08,L2,stability,excel,77,187,1249.8839067775787
l2_repeat_08,L2,stability,excel,78,188,1311.7462376811745
l2_repeat_08,L2,stability,excel,79,189,1227.1555505486374
l2_repeat_08,L2,stability,excel,80,190,1263.769674321404
l2_repeat_08,L2,stability,excel,81,191,1294.1511588336805
l2_repeat_08,L2,stability,excel,82,192,1262.7966920955876
l2_repeat_08,L2,stability,excel,83,193,1221.729707477272
l2_repeat_08,L2,stability,excel,84,194,1283.8947810056104
l2_repeat_08,L2,stability,excel,85,195,1266.4148127279107
l2_repeat_08,L2,stability,excel,86,196,1244.4359304128584
l2_repeat_08,L2,stability,excel,87,197,1286.365959511081
l2_repeat_08,L2,stability,excel,88,198,1307.0440811020203
l2_repeat_08,L2,stability,excel,89,199,1200.7633398122093
l2_repeat_08,L2,stability,excel,90,200,1691.9119102370528
l2_repeat_08,L2,stability,excel,91,201,1311.5447651795553
l2_repeat_08,L2,stability,excel,92,202,1312.3643343931963
l2_repeat_08,L2,stability,excel,93,203,1161.8722293258088
l2_repeat_08,L2,stability,excel,94,204,1276.1980002661896
l2_repeat_08,L2,stability,excel,95,205,2050.2255902652605
l2_repeat_08,L2,stability,excel,96,206,1260.358003352071
l2_repeat_08,L2,stability,excel,97,207,1283.6216212687323
l2_repeat_08,L2,stability,excel,98,208,1263.2090354334862
l2_repeat_08,L2,stability,excel,99,209,1223.1622480532203
l2_repeat_08,L2,stability,excel,100,210,1253.863163885054
l2_repeat_08,L2,stability,excel,101,211,1210.9459945566243
l2_repeat_08,L2,stability,excel,102,212,1348.3326220507515
l2_repeat_08,L2,stability,excel,103,213,1397.1856334305714
l2_repeat_08,L2,stability,excel,104,214,1333.6358582325029
l2_repeat_08,L2,stability,excel,105,215,1324.0893599490548
l2_repeat_08,L2,stability,excel,106,216,1259.9254827675275
l2_repeat_08,L2,stability,excel,107,217,1212.4576651345703
l2_repeat_08,L2,stability,excel,108,218,1265.7443353687202
l2_repeat_08,L2,stability,excel,109,219,1379.522652261201
l2_repeat_08,L2,stability,excel,110,220,1236.0680035807866
l2_repeat_08,L2,stability,excel,111,221,1256.3236233167174
l2_repeat_08,L2,stability,excel,112,222,1266.58248985606
l2_repeat_08,L2,stability,excel,113,223,2057.4179875755326
l2_repeat_08,L2,stability,excel,114,224,1273.8901724887332
l2_repeat_08,L2,stability,excel,115,225,1209.447822228266
l2_repeat_08,L2,stability,excel,116,226,1230.0165180281947
l2_repeat_08,L2,stability,excel,117,227,1260.3743585239245
l2_repeat_08,L2,stability,excel,118,228,1286.3571009763593
l2_repeat_08,L2,stability,excel,119,229,1205.4836603418512
l2_repeat_08,L2,stability,excel,120,230,1260.5321752077027
l2_repeat_08,L2,stability,excel,121,231,1267.7373070449244
l2_repeat_08,L2,stability,excel,122,232,1314.769044528156
l2_repeat_08,L2,stability,excel,123,233,1242.8228280194476
l2_repeat_08,L2,stability,excel,124,234,1239.6700631584804
l2_repeat_08,L2,stability,excel,125,235,1257.962684338508
l2_repeat_08,L2,stability,excel,126,236,1335.657220990416
l2_repeat_08,L2,stability,excel,127,237,1214.4007614105653
l2_repeat_08,L2,stability,excel,128,238,1298.7962106717052
l2_repeat_08,L2,stability,excel,129,239,1247.4325738671846
l2_repeat_08,L2,stability,excel,130,240,1215.1032298526634
l2_repeat_08,L2,stability,excel,131,241,1263.5436999384178
l2_repeat_08,L2,stability,excel,132,242,1340.4503595305387
l2_repeat_08,L2,stability,excel,133,243,1227.0091607160452
l2_repeat_08,L2,stability,excel,134,244,1515.336914386115
l2_repeat_08,L2,stability,excel,135,245,1266.3428171538164
l2_repeat_08,L2,stability,excel,136,246,1241.3735849725479
l2_repeat_08,L2,stability,excel,137,247,1203.551535137156
l2_repeat_08,L2,stability,excel,138,248,1248.5124922219243
l2_repeat_08,L2,stability,excel,139,249,1303.939881766068
l2_repeat_08,L2,stability,excel,140,250,1206.6616685941678
l2_repeat_08,L2,stability,excel,141,251,1275.2848052788706
l2_repeat_08,L2,stability,excel,142,252,1337.0134125756763
l2_repeat_08,L2,stability,excel,143,253,1274.294203711486
l2_repeat_08,L2,stability,excel,144,254,1224.4969656372682
l2_repeat_08,L2,stability,excel,145,255,1337.9907233458764
l2_repeat_08,L2,stability,excel,146,256,1307.8778778212936
l2_repeat_08,L2,stability,excel,147,257,1343.3140496227236
l2_repeat_08,L2,stability,excel,148,258,1242.4180183684368
l2_repeat_08,L2,stability,excel,149,259,1258.1495098616049
l2_repeat_08,L2,stability,excel,150,260,1311.3120090528607
l2_repeat_08,L2,stability,excel,151,261,1322.0590371549765
l2_repeat_08,L2,stability,excel,152,262,1300.9775114949332
l2_repeat_08,L2,stability,excel,153,263,1241.4132344961322
l2_repeat_08,L2,stability,excel,154,264,1213.0169774968722
l2_repeat_08,L2,stability,excel,155,265,1250.0919348449809
l2_repeat_08,L2,stability,excel,156,266,1263.655752918766
l2_repeat_08,L2,stability,excel,157,267,1269.5749974808616
l2_repeat_08,L2,stability,excel,158,268,1333.1228998333188
l2_repeat_08,L2,stability,excel,159,269,1241.4065034216221
l2_repeat_08,L2,stability,excel,160,270,1320.8180050150427
l2_repeat_08,L2,stability,excel,161,271,1267.790879656671
l2_repeat_08,L2,stability,excel,162,272,1267.5862705800585
l2_repeat_08,L2,stability,excel,163,273,1365.9438329395557
l2_repeat_08,L2,stability,excel,164,274,1364.5226862258128
l2_repeat_08,L2,stability,excel,165,275,1222.9612091777155
l2_repeat_08,L2,stability,excel,166,276,1227.9298408299614
l2_repeat_08,L2,stability,excel,167,277,1309.9031876955735
l2_repeat_08,L2,stability,excel,168,278,2164.760404007867
l2_repeat_08,L2,stability,excel,169,279,1232.9231113806964
l2_repeat_08,L2,stability,excel,170,280,1352.7185502716575
l2_repeat_08,L2,stability,excel,171,281,1370.2504999513417
l2_repeat_08,L2,stability,excel,172,282,1281.641133386756
l2_repeat_08,L2,stability,excel,173,283,1197.6966032787839
l2_repeat_08,L2,stability,excel,174,284,1341.5054717202627
l2_repeat_08,L2,stability,excel,175,285,1314.7948534605205
l2_repeat_08,L2,stability,excel,176,286,1323.71362091863
l2_repeat_08,L2,stability,excel,177,287,1391.1276688245505
l2_repeat_08,L2,stability,excel,178,288,1193.4018906109845
l2_repeat_08,L2,stability,excel,179,289,1258.5654982515077
l2_repeat_08,L2,stability,excel,180,290,1321.6425463558837
l2_repeat_08,L2,stability,excel,181,291,1206.4678832766865
l2_repeat_08,L2,stability,excel,182,292,1276.2008793504417
l2_repeat_08,L2,stability,excel,183,293,1330.7762746888527
l2_repeat_08,L2,stability,excel,184,294,1257.65843684249
l2_repeat_08,L2,stability,excel,185,295,1232.1724131834287
l2_repeat_08,L2,stability,excel,186,296,1230.0198904521292
l2_repeat_08,L2,stability,excel,187,297,1320.980036811258
l2_repeat_08,L2,stability,excel,188,298,1247.031659168686
l2_repeat_08,L2,stability,excel,189,299,1335.1181846827321
l2_repeat_08,L2,stability,excel,190,300,1277.8259033654922
l2_repeat_08,L2,stability,excel,191,301,1302.3268878946928
l2_repeat_08,L2,stability,excel,192,302,1284.552077749645
l2_repeat_08,L2,stability,excel,193,303,1749.032893483519
l2_repeat_08,L2,stability,excel,194,304,1251.4217842854562
l2_repeat_08,L2,stability,excel,195,305,1235.625075929853
l2_repeat_08,L2,stability,excel,196,306,1372.0961881027702
l2_repeat_08,L2,stability,excel,197,307,1178.225980308155
l2_repeat_08,L2,stability,excel,198,308,1326.0803173585314
l2_repeat_08,L2,stability,excel,199,309,1355.430036617951
l2_repeat_08,L2,stability,excel,200,310,1250.5295759799844
l2_repeat_08,L2,stability,validation,1,41001,1295.980493010812
l2_repeat_08,L2,stability,validation,2,41002,1326.9819467036011
l2_repeat_08,L2,stability,validation,3,41003,1278.635204068161
l2_repeat_08,L2,stability,validation,4,41004,1280.5043376163094
l2_repeat_08,L2,stability,validation,5,41005,1248.5416395788902
l2_repeat_08,L2,stability,validation,6,41006,1270.3336072550912
l2_repeat_08,L2,stability,validation,7,41007,1216.2044225675986
l2_repeat_08,L2,stability,validation,8,41008,1328.5201866911784
l2_repeat_08,L2,stability,validation,9,41009,1240.1485529085
l2_repeat_08,L2,stability,validation,10,41010,1211.2044625946014
l2_repeat_08,L2,stability,validation,11,41011,1315.8375611713923
l2_repeat_08,L2,stability,validation,12,41012,1206.4373538090442
l2_repeat_08,L2,stability,validation,13,41013,1226.390764060471
l2_repeat_08,L2,stability,validation,14,41014,1302.2344220950865
l2_repeat_08,L2,stability,validation,15,41015,1331.5663202255282
l2_repeat_08,L2,stability,validation,16,41016,1261.0181382304386
l2_repeat_08,L2,stability,validation,17,41017,1277.8995726174087
l2_repeat_08,L2,stability,validation,18,41018,1362.3686298694195
l2_repeat_08,L2,stability,validation,19,41019,1305.4138309559394
l2_repeat_08,L2,stability,validation,20,41020,1209.197797973623
l2_repeat_08,L2,stability,validation,21,41021,1238.8581943712459
l2_repeat_08,L2,stability,validation,22,41022,1319.9980531552005
l2_repeat_08,L2,stability,validation,23,41023,1251.3567795739298
l2_repeat_08,L2,stability,validation,24,41024,1312.179666744565
l2_repeat_08,L2,stability,validation,25,41025,1391.5409803464595
l2_repeat_08,L2,stability,validation,26,41026,1788.7298259707184
l2_repeat_08,L2,stability,validation,27,41027,1275.4529744940842
l2_repeat_08,L2,stability,validation,28,41028,1220.862993577057
l2_repeat_08,L2,stability,validation,29,41029,1266.794804616876
l2_repeat_08,L2,stability,validation,30,41030,1275.7265543117924
l2_repeat_08,L2,stability,validation,31,41031,1275.5784929484191
l2_repeat_08,L2,stability,validation,32,41032,1269.5665080217009
l2_repeat_08,L2,stability,validation,33,41033,1323.4676010848416
l2_repeat_08,L2,stability,validation,34,41034,1267.5682671030888
l2_repeat_08,L2,stability,validation,35,41035,1257.1536791053152
l2_repeat_08,L2,stability,validation,36,41036,1343.8757629555641
l2_repeat_08,L2,stability,validation,37,41037,1254.784633703509
l2_repeat_08,L2,stability,validation,38,41038,1344.0992095658835
l2_repeat_08,L2,stability,validation,39,41039,1247.63002313231
l2_repeat_08,L2,stability,validation,40,41040,1310.7882597187747
l2_repeat_08,L2,stability,validation,41,41041,1291.3636480456091
l2_repeat_08,L2,stability,validation,42,41042,1214.8073027287762
l2_repeat_08,L2,stability,validation,43,41043,1208.3804234539646
l2_repeat_08,L2,stability,validation,44,41044,1270.2883808039467
l2_repeat_08,L2,stability,validation,45,41045,1326.1963405725373
l2_repeat_08,L2,stability,validation,46,41046,1240.9748453080342
l2_repeat_08,L2,stability,validation,47,41047,1275.4420155909008
l2_repeat_08,L2,stability,validation,48,41048,1296.3110722740735
l2_repeat_08,L2,stability,validation,49,41049,1787.9261651867566
l2_repeat_08,L2,stability,validation,50,41050,1206.092886011245
l2_repeat_08,L2,stability,validation,51,41051,1303.3817607510352
l2_repeat_08,L2,stability,validation,52,41052,1312.0814887085355
l2_repeat_08,L2,stability,validation,53,41053,1226.770203452148
l2_repeat_08,L2,stability,validation,54,41054,1248.3035785040481
l2_repeat_08,L2,stability,validation,55,41055,1310.0876317806833
l2_repeat_08,L2,stability,validation,56,41056,1281.0082352704599
l2_repeat_08,L2,stability,validation,57,41057,1319.2674282522848
l2_repeat_08,L2,stability,validation,58,41058,1232.1641900705847
l2_repeat_08,L2,stability,validation,59,41059,1294.5341391557463
l2_repeat_08,L2,stability,validation,60,41060,1266.737609253216
l2_repeat_08,L2,stability,validation,61,41061,1386.2088153645545
l2_repeat_08,L2,stability,validation,62,41062,1326.8546443914156
l2_repeat_08,L2,stability,validation,63,41063,1279.1617177316232
l2_repeat_08,L2,stability,validation,64,41064,1548.3352408888472
l2_repeat_08,L2,stability,validation,65,41065,1242.9996244336091
l2_repeat_08,L2,stability,validation,66,41066,1183.0393526303797
l2_repeat_08,L2,stability,validation,67,41067,1450.633680453956
l2_repeat_08,L2,stability,validation,68,41068,1255.7196031458493
l2_repeat_08,L2,stability,validation,69,41069,1277.6161214425983
l2_repeat_08,L2,stability,validation,70,41070,1305.2672050037327
l2_repeat_08,L2,stability,validation,71,41071,1865.438483516425
l2_repeat_08,L2,stability,validation,72,41072,1231.9067896630481
l2_repeat_08,L2,stability,validation,73,41073,1569.15935305617
l2_repeat_08,L2,stability,validation,74,41074,1309.1712101149185
l2_repeat_08,L2,stability,validation,75,41075,1252.0690579197403
l2_repeat_08,L2,stability,validation,76,41076,1255.5677214541886
l2_repeat_08,L2,stability,validation,77,41077,1266.5255988116553
l2_repeat_08,L2,stability,validation,78,41078,1218.5217783496298
l2_repeat_08,L2,stability,validation,79,41079,1228.7392871395398
l2_repeat_08,L2,stability,validation,80,41080,1451.5160728160931
l2_repeat_08,L2,stability,validation,81,41081,1257.4850756209016
l2_repeat_08,L2,stability,validation,82,41082,1294.8525489378412
l2_repeat_08,L2,stability,validation,83,41083,1184.851171822449
l2_repeat_08,L2,stability,validation,84,41084,1246.6719793891266
l2_repeat_08,L2,stability,validation,85,41085,1266.9764551527892
l2_repeat_08,L2,stability,validation,86,41086,1262.194904748758
l2_repeat_08,L2,stability,validation,87,41087,1255.0387320357609
l2_repeat_08,L2,stability,validation,88,41088,1195.4437768889934
l2_repeat_08,L2,stability,validation,89,41089,1303.2269846522527
l2_repeat_08,L2,stability,validation,90,41090,1325.8517309598526
l2_repeat_08,L2,stability,validation,91,41091,1231.5968877937323
l2_repeat_08,L2,stability,validation,92,41092,1282.3897188728376
l2_repeat_08,L2,stability,validation,93,41093,1307.9765787140268
l2_repeat_08,L2,stability,validation,94,41094,1252.909900149226
l2_repeat_08,L2,stability,validation,95,41095,1276.025570034063
l2_repeat_08,L2,stability,validation,96,41096,1207.140796394522
l2_repeat_08,L2,stability,validation,97,41097,1195.5866832195675
l2_repeat_08,L2,stability,validation,98,41098,1279.4803602957095
l2_repeat_08,L2,stability,validation,99,41099,1243.6608276002037
l2_repeat_08,L2,stability,validation,100,41100,1306.2169427007643
l2_repeat_08,L2,stability,validation,101,41101,1238.8647240933149
l2_repeat_08,L2,stability,validation,102,41102,1307.998893757397
l2_repeat_08,L2,stability,validation,103,41103,1252.772178836351
l2_repeat_08,L2,stability,validation,104,41104,1291.6598105196526
l2_repeat_08,L2,stability,validation,105,41105,1264.3710535497648
l2_repeat_08,L2,stability,validation,106,41106,1224.280202876298
l2_repeat_08,L2,stability,validation,107,41107,1325.573146652372
l2_repeat_08,L2,stability,validation,108,41108,1286.0046536146906
l2_repeat_08,L2,stability,validation,109,41109,1500.5025293222943
l2_repeat_08,L2,stability,validation,110,41110,1250.2993393455802
l2_repeat_08,L2,stability,validation,111,41111,1241.9394998533046
l2_repeat_08,L2,stability,validation,112,41112,1254.3071905486288
l2_repeat_08,L2,stability,validation,113,41113,1260.2599298500656
l2_repeat_08,L2,stability,validation,114,41114,1613.8177805148507
l2_repeat_08,L2,stability,validation,115,41115,1269.298374336559
l2_repeat_08,L2,stability,validation,116,41116,1263.9620283691113
l2_repeat_08,L2,stability,validation,117,41117,1217.6755822065863
l2_repeat_08,L2,stability,validation,118,41118,1297.818194768143
l2_repeat_08,L2,stability,validation,119,41119,1272.0464942350304
l2_repeat_08,L2,stability,validation,120,41120,1403.4847418115128
l2_repeat_08,L2,stability,validation,121,41121,1544.842881017455
l2_repeat_08,L2,stability,validation,122,41122,1266.733384757021
l2_repeat_08,L2,stability,validation,123,41123,1259.3064328825299
l2_repeat_08,L2,stability,validation,124,41124,1208.8650205908639
l2_repeat_08,L2,stability,validation,125,41125,1212.5166437645848
l2_repeat_08,L2,stability,validation,126,41126,1231.8222676943842
l2_repeat_08,L2,stability,validation,127,41127,1300.466216721523
l2_repeat_08,L2,stability,validation,128,41128,1320.6027449066546
l2_repeat_08,L2,stability,validation,129,41129,1323.8370019471115
l2_repeat_08,L2,stability,validation,130,41130,1286.2569723325591
l2_repeat_08,L2,stability,validation,131,41131,1310.2615367557546
l2_repeat_08,L2,stability,validation,132,41132,1269.5364389101237
l2_repeat_08,L2,stability,validation,133,41133,1318.3284315229032
l2_repeat_08,L2,stability,validation,134,41134,1280.7933002761174
l2_repeat_08,L2,stability,validation,135,41135,1244.60636192921
l2_repeat_08,L2,stability,validation,136,41136,1196.5627713944793
l2_repeat_08,L2,stability,validation,137,41137,1289.7887677257481
l2_repeat_08,L2,stability,validation,138,41138,1453.521668701533
l2_repeat_08,L2,stability,validation,139,41139,1297.6355116813165
l2_repeat_08,L2,stability,validation,140,41140,1285.2309341564332
l2_repeat_08,L2,stability,validation,141,41141,1292.0525928547609
l2_repeat_08,L2,stability,validation,142,41142,1283.1815105444289
l2_repeat_08,L2,stability,validation,143,41143,1347.777751950943
l2_repeat_08,L2,stability,validation,144,41144,1217.299762510857
l2_repeat_08,L2,stability,validation,145,41145,1237.6154343014384
l2_repeat_08,L2,stability,validation,146,41146,3497.828872611168
l2_repeat_08,L2,stability,validation,147,41147,1256.7845640180817
l2_repeat_08,L2,stability,validation,148,41148,1186.3156105916353
l2_repeat_08,L2,stability,validation,149,41149,1254.292407982288
l2_repeat_08,L2,stability,validation,150,41150,1284.6022914365935
l2_repeat_08,L2,stability,validation,151,41151,1280.9956027489256
l2_repeat_08,L2,stability,validation,152,41152,1326.1756710314542
l2_repeat_08,L2,stability,validation,153,41153,1276.0116634136261
l2_repeat_08,L2,stability,validation,154,41154,1263.1655118276697
l2_repeat_08,L2,stability,validation,155,41155,1297.9711982952106
l2_repeat_08,L2,stability,validation,156,41156,1267.8499944460011
l2_repeat_08,L2,stability,validation,157,41157,1339.631964526603
l2_repeat_08,L2,stability,validation,158,41158,1264.7780957477246
l2_repeat_08,L2,stability,validation,159,41159,1332.939102559309
l2_repeat_08,L2,stability,validation,160,41160,1261.8362686928951
l2_repeat_08,L2,stability,validation,161,41161,1263.661778731296
l2_repeat_08,L2,stability,validation,162,41162,1288.370060070916
l2_repeat_08,L2,stability,validation,163,41163,1590.8640994367506
l2_repeat_08,L2,stability,validation,164,41164,1277.0782284146997
l2_repeat_08,L2,stability,validation,165,41165,1208.822488400886
l2_repeat_08,L2,stability,validation,166,41166,1288.303778048941
l2_repeat_08,L2,stability,validation,167,41167,1260.4330025923819
l2_repeat_08,L2,stability,validation,168,41168,1262.2930144608888
l2_repeat_08,L2,stability,validation,169,41169,1659.7559004825716
l2_repeat_08,L2,stability,validation,170,41170,1213.056992403438
l2_repeat_08,L2,stability,validation,171,41171,1246.5329306448814
l2_repeat_08,L2,stability,validation,172,41172,1265.5945042669018
l2_repeat_08,L2,stability,validation,173,41173,1261.4668731436618
l2_repeat_08,L2,stability,validation,174,41174,1272.3177991212424
l2_repeat_08,L2,stability,validation,175,41175,1264.4113935266753
l2_repeat_08,L2,stability,validation,176,41176,1246.4524239719874
l2_repeat_08,L2,stability,validation,177,41177,1203.4712676153188
l2_repeat_08,L2,stability,validation,178,41178,1301.0114426891969
l2_repeat_08,L2,stability,validation,179,41179,1255.8892520289319
l2_repeat_08,L2,stability,validation,180,41180,1223.3856319416998
l2_repeat_08,L2,stability,validation,181,41181,1230.9599075297162
l2_repeat_08,L2,stability,validation,182,41182,1200.4283586045276
l2_repeat_08,L2,stability,validation,183,41183,1334.5186682900046
l2_repeat_08,L2,stability,validation,184,41184,1293.47027112181
l2_repeat_08,L2,stability,validation,185,41185,1218.4409213299696
l2_repeat_08,L2,stability,validation,186,41186,1265.3567945795348
l2_repeat_08,L2,stability,validation,187,41187,1290.022899281966
l2_repeat_08,L2,stability,validation,188,41188,1264.4465649380184
l2_repeat_08,L2,stability,validation,189,41189,1293.079030147237
l2_repeat_08,L2,stability,validation,190,41190,1289.9966220749272
l2_repeat_08,L2,stability,validation,191,41191,1345.8099735317865
l2_repeat_08,L2,stability,validation,192,41192,1257.9947750715637
l2_repeat_08,L2,stability,validation,193,41193,2080.3816328922226
l2_repeat_08,L2,stability,validation,194,41194,1225.5084906418988
l2_repeat_08,L2,stability,validation,195,41195,1257.3693347308067
l2_repeat_08,L2,stability,validation,196,41196,1240.8510488732973
l2_repeat_08,L2,stability,validation,197,41197,1285.9692403175045
l2_repeat_08,L2,stability,validation,198,41198,1258.7651597646723
l2_repeat_08,L2,stability,validation,199,41199,1275.6897329579292
l2_repeat_08,L2,stability,validation,200,41200,1360.550907376891
l2_repeat_08,L2,stability,fresh,1,51001,1257.5979620872108
l2_repeat_08,L2,stability,fresh,2,51002,1182.3328040071187
l2_repeat_08,L2,stability,fresh,3,51003,1370.4434002731325
l2_repeat_08,L2,stability,fresh,4,51004,1277.4340903885156
l2_repeat_08,L2,stability,fresh,5,51005,1314.488196422364
l2_repeat_08,L2,stability,fresh,6,51006,1276.1973289354073
l2_repeat_08,L2,stability,fresh,7,51007,1263.4359471204941
l2_repeat_08,L2,stability,fresh,8,51008,1234.017636978583
l2_repeat_08,L2,stability,fresh,9,51009,1233.6253403312012
l2_repeat_08,L2,stability,fresh,10,51010,1219.3811991837185
l2_repeat_08,L2,stability,fresh,11,51011,1330.1525765581064
l2_repeat_08,L2,stability,fresh,12,51012,1322.7675041962464
l2_repeat_08,L2,stability,fresh,13,51013,1184.7276815412158
l2_repeat_08,L2,stability,fresh,14,51014,1291.2357199047578
l2_repeat_08,L2,stability,fresh,15,51015,1253.5129290259288
l2_repeat_08,L2,stability,fresh,16,51016,1246.3986833795482
l2_repeat_08,L2,stability,fresh,17,51017,1331.1478167424543
l2_repeat_08,L2,stability,fresh,18,51018,1353.0912644869968
l2_repeat_08,L2,stability,fresh,19,51019,1306.0402939573419
l2_repeat_08,L2,stability,fresh,20,51020,1285.9653192397598
l2_repeat_08,L2,stability,fresh,21,51021,1304.2603804568878
l2_repeat_08,L2,stability,fresh,22,51022,1244.6798211671105
l2_repeat_08,L2,stability,fresh,23,51023,1315.595209629817
l2_repeat_08,L2,stability,fresh,24,51024,1267.2692603786504
l2_repeat_08,L2,stability,fresh,25,51025,1281.3798650368494
l2_repeat_08,L2,stability,fresh,26,51026,1311.952235731892
l2_repeat_08,L2,stability,fresh,27,51027,1297.9549422860143
l2_repeat_08,L2,stability,fresh,28,51028,1236.0628303604399
l2_repeat_08,L2,stability,fresh,29,51029,1318.2257424919949
l2_repeat_08,L2,stability,fresh,30,51030,1270.2642884230927
l2_repeat_08,L2,stability,fresh,31,51031,1305.1372874698704
l2_repeat_08,L2,stability,fresh,32,51032,1539.7076440182527
l2_repeat_08,L2,stability,fresh,33,51033,1278.8203865104836
l2_repeat_08,L2,stability,fresh,34,51034,1267.1629811418609
l2_repeat_08,L2,stability,fresh,35,51035,1279.353597586423
l2_repeat_08,L2,stability,fresh,36,51036,1275.1625311766545
l2_repeat_08,L2,stability,fresh,37,51037,1336.8379975385837
l2_repeat_08,L2,stability,fresh,38,51038,1251.3318333395302
l2_repeat_08,L2,stability,fresh,39,51039,1257.9744943958422
l2_repeat_08,L2,stability,fresh,40,51040,1193.5113552968253
l2_repeat_08,L2,stability,fresh,41,51041,1318.0922540909492
l2_repeat_08,L2,stability,fresh,42,51042,1269.5033567237795
l2_repeat_08,L2,stability,fresh,43,51043,1340.4077363067486
l2_repeat_08,L2,stability,fresh,44,51044,1233.104712472139
l2_repeat_08,L2,stability,fresh,45,51045,1197.801403462823
l2_repeat_08,L2,stability,fresh,46,51046,1301.1786258217708
l2_repeat_08,L2,stability,fresh,47,51047,1240.1334496888894
l2_repeat_08,L2,stability,fresh,48,51048,1240.225321854119
l2_repeat_08,L2,stability,fresh,49,51049,1284.4115552616981
l2_repeat_08,L2,stability,fresh,50,51050,1334.0713021330005
l2_repeat_08,L2,stability,fresh,51,51051,1217.3245573069576
l2_repeat_08,L2,stability,fresh,52,51052,1237.315763331818
l2_repeat_08,L2,stability,fresh,53,51053,1353.5781235353084
l2_repeat_08,L2,stability,fresh,54,51054,1828.3843419071613
l2_repeat_08,L2,stability,fresh,55,51055,1324.66175499174
l2_repeat_08,L2,stability,fresh,56,51056,1255.365776842719
l2_repeat_08,L2,stability,fresh,57,51057,1216.54060424152
l2_repeat_08,L2,stability,fresh,58,51058,1303.035448744747
l2_repeat_08,L2,stability,fresh,59,51059,1236.0879909423938
l2_repeat_08,L2,stability,fresh,60,51060,1238.6069355717016
l2_repeat_08,L2,stability,fresh,61,51061,1237.1682947668814
l2_repeat_08,L2,stability,fresh,62,51062,1414.444408159375
l2_repeat_08,L2,stability,fresh,63,51063,1308.672452031166
l2_repeat_08,L2,stability,fresh,64,51064,1196.3276550517141
l2_repeat_08,L2,stability,fresh,65,51065,1295.9701382203473
l2_repeat_08,L2,stability,fresh,66,51066,1291.9348153044607
l2_repeat_08,L2,stability,fresh,67,51067,1328.9285118068294
l2_repeat_08,L2,stability,fresh,68,51068,1234.40709426523
l2_repeat_08,L2,stability,fresh,69,51069,1242.2651337480538
l2_repeat_08,L2,stability,fresh,70,51070,1235.8299813495025
l2_repeat_08,L2,stability,fresh,71,51071,1248.9848694959983
l2_repeat_08,L2,stability,fresh,72,51072,1304.250099189913
l2_repeat_08,L2,stability,fresh,73,51073,1263.1608277448859
l2_repeat_08,L2,stability,fresh,74,51074,1285.618127549155
l2_repeat_08,L2,stability,fresh,75,51075,1259.5881594254604
l2_repeat_08,L2,stability,fresh,76,51076,2165.2144479897433
l2_repeat_08,L2,stability,fresh,77,51077,1305.6448801722288
l2_repeat_08,L2,stability,fresh,78,51078,1323.410508454878
l2_repeat_08,L2,stability,fresh,79,51079,1507.8874252260823
l2_repeat_08,L2,stability,fresh,80,51080,1318.4967853832632
l2_repeat_08,L2,stability,fresh,81,51081,1219.174799203302
l2_repeat_08,L2,stability,fresh,82,51082,1272.8829643518332
l2_repeat_08,L2,stability,fresh,83,51083,1289.6431574238743
l2_repeat_08,L2,stability,fresh,84,51084,1310.2066721113285
l2_repeat_08,L2,stability,fresh,85,51085,1295.1464167360766
l2_repeat_08,L2,stability,fresh,86,51086,1270.6806063137012
l2_repeat_08,L2,stability,fresh,87,51087,1285.3330811398168
l2_repeat_08,L2,stability,fresh,88,51088,1265.2430586209973
l2_repeat_08,L2,stability,fresh,89,51089,1270.2669868662679
l2_repeat_08,L2,stability,fresh,90,51090,1254.345106319785
l2_repeat_08,L2,stability,fresh,91,51091,2691.3503094297657
l2_repeat_08,L2,stability,fresh,92,51092,1268.0692943471415
l2_repeat_08,L2,stability,fresh,93,51093,1763.3060850363995
l2_repeat_08,L2,stability,fresh,94,51094,1264.6731788874533
l2_repeat_08,L2,stability,fresh,95,51095,1335.8901308932266
l2_repeat_08,L2,stability,fresh,96,51096,1232.9165077000348
l2_repeat_08,L2,stability,fresh,97,51097,1240.6558414131935
l2_repeat_08,L2,stability,fresh,98,51098,1211.4037826900346
l2_repeat_08,L2,stability,fresh,99,51099,1223.23653820396
l2_repeat_08,L2,stability,fresh,100,51100,1298.9801407719344
l2_repeat_08,L2,stability,fresh,101,51101,1266.5358343447806
l2_repeat_08,L2,stability,fresh,102,51102,1249.0297725679707
l2_repeat_08,L2,stability,fresh,103,51103,1319.1056597681545
l2_repeat_08,L2,stability,fresh,104,51104,1299.1227969226047
l2_repeat_08,L2,stability,fresh,105,51105,1261.2808581172042
l2_repeat_08,L2,stability,fresh,106,51106,1355.6723213943555
l2_repeat_08,L2,stability,fresh,107,51107,1287.0173973789172
l2_repeat_08,L2,stability,fresh,108,51108,1246.7855071656566
l2_repeat_08,L2,stability,fresh,109,51109,1200.9034303622689
l2_repeat_08,L2,stability,fresh,110,51110,1267.2762989500238
l2_repeat_08,L2,stability,fresh,111,51111,1315.523594039684
l2_repeat_08,L2,stability,fresh,112,51112,1629.6064785137105
l2_repeat_08,L2,stability,fresh,113,51113,1321.8907168111616
l2_repeat_08,L2,stability,fresh,114,51114,1241.5771970901526
l2_repeat_08,L2,stability,fresh,115,51115,1218.5478317020577
l2_repeat_08,L2,stability,fresh,116,51116,1213.3324087658348
l2_repeat_08,L2,stability,fresh,117,51117,1262.7766819980284
l2_repeat_08,L2,stability,fresh,118,51118,1263.4641181207453
l2_repeat_08,L2,stability,fresh,119,51119,1274.945138022973
l2_repeat_08,L2,stability,fresh,120,51120,1259.3294479391561
l2_repeat_08,L2,stability,fresh,121,51121,1255.8854471722632
l2_repeat_08,L2,stability,fresh,122,51122,1312.14740640934
l2_repeat_08,L2,stability,fresh,123,51123,1244.1476952129228
l2_repeat_08,L2,stability,fresh,124,51124,1203.7409553619632
l2_repeat_08,L2,stability,fresh,125,51125,1301.6826279226466
l2_repeat_08,L2,stability,fresh,126,51126,1241.9298212266135
l2_repeat_08,L2,stability,fresh,127,51127,1251.0518031781378
l2_repeat_08,L2,stability,fresh,128,51128,1351.9395878744974
l2_repeat_08,L2,stability,fresh,129,51129,1261.7702807099454
l2_repeat_08,L2,stability,fresh,130,51130,1310.1514323868114
l2_repeat_08,L2,stability,fresh,131,51131,1232.4637849948067
l2_repeat_08,L2,stability,fresh,132,51132,1334.1751964308996
l2_repeat_08,L2,stability,fresh,133,51133,1276.8492333852375
l2_repeat_08,L2,stability,fresh,134,51134,1264.4537877258279
l2_repeat_08,L2,stability,fresh,135,51135,1284.9091133041209
l2_repeat_08,L2,stability,fresh,136,51136,1267.9702427101322
l2_repeat_08,L2,stability,fresh,137,51137,1284.4362273613674
l2_repeat_08,L2,stability,fresh,138,51138,1297.8921511924837
l2_repeat_08,L2,stability,fresh,139,51139,1563.261751032545
l2_repeat_08,L2,stability,fresh,140,51140,1245.281099127837
l2_repeat_08,L2,stability,fresh,141,51141,2256.5548202875016
l2_repeat_08,L2,stability,fresh,142,51142,1255.9291907850063
l2_repeat_08,L2,stability,fresh,143,51143,1279.7755028804916
l2_repeat_08,L2,stability,fresh,144,51144,2645.387976145999
l2_repeat_08,L2,stability,fresh,145,51145,1271.1636717931192
l2_repeat_08,L2,stability,fresh,146,51146,1347.5623044883519
l2_repeat_08,L2,stability,fresh,147,51147,1283.9926628576875
l2_repeat_08,L2,stability,fresh,148,51148,1270.777157245738
l2_repeat_08,L2,stability,fresh,149,51149,1260.4732440577022
l2_repeat_08,L2,stability,fresh,150,51150,1253.1674962705645
l2_repeat_08,L2,stability,fresh,151,51151,1270.6495723517025
l2_repeat_08,L2,stability,fresh,152,51152,1274.5289101763624
l2_repeat_08,L2,stability,fresh,153,51153,1620.9873789246703
l2_repeat_08,L2,stability,fresh,154,51154,1210.947001260013
l2_repeat_08,L2,stability,fresh,155,51155,1287.0415341201972
l2_repeat_08,L2,stability,fresh,156,51156,1315.3005434977215
l2_repeat_08,L2,stability,fresh,157,51157,1267.9903155377808
l2_repeat_08,L2,stability,fresh,158,51158,1304.8412816591833
l2_repeat_08,L2,stability,fresh,159,51159,1190.8142337610177
l2_repeat_08,L2,stability,fresh,160,51160,1257.661889404956
l2_repeat_08,L2,stability,fresh,161,51161,1278.2289615448021
l2_repeat_08,L2,stability,fresh,162,51162,1364.3827081468432
l2_repeat_08,L2,stability,fresh,163,51163,1197.1743653717404
l2_repeat_08,L2,stability,fresh,164,51164,1523.5681749457317
l2_repeat_08,L2,stability,fresh,165,51165,1250.5267384318854
l2_repeat_08,L2,stability,fresh,166,51166,1398.5511726706247
l2_repeat_08,L2,stability,fresh,167,51167,1276.072514900842
l2_repeat_08,L2,stability,fresh,168,51168,1339.8160073691977
l2_repeat_08,L2,stability,fresh,169,51169,1399.3578347832256
l2_repeat_08,L2,stability,fresh,170,51170,1315.4757253796274
l2_repeat_08,L2,stability,fresh,171,51171,1325.9536109063072
l2_repeat_08,L2,stability,fresh,172,51172,1375.937699400617
l2_repeat_08,L2,stability,fresh,173,51173,1251.9133844503676
l2_repeat_08,L2,stability,fresh,174,51174,1333.629106892447
l2_repeat_08,L2,stability,fresh,175,51175,1281.9702256725318
l2_repeat_08,L2,stability,fresh,176,51176,1305.5426137988284
l2_repeat_08,L2,stability,fresh,177,51177,1337.2430933961894
l2_repeat_08,L2,stability,fresh,178,51178,1262.7806749394304
l2_repeat_08,L2,stability,fresh,179,51179,1288.0060120274052
l2_repeat_08,L2,stability,fresh,180,51180,1331.649308031247
l2_repeat_08,L2,stability,fresh,181,51181,1266.0678947956312
l2_repeat_08,L2,stability,fresh,182,51182,1308.5158188414357
l2_repeat_08,L2,stability,fresh,183,51183,1226.7642497690379
l2_repeat_08,L2,stability,fresh,184,51184,1588.0478805134182
l2_repeat_08,L2,stability,fresh,185,51185,1224.8095721492775
l2_repeat_08,L2,stability,fresh,186,51186,1251.2280671186263
l2_repeat_08,L2,stability,fresh,187,51187,1308.1397043390443
l2_repeat_08,L2,stability,fresh,188,51188,1246.4356636460552
l2_repeat_08,L2,stability,fresh,189,51189,1298.0320183625906
l2_repeat_08,L2,stability,fresh,190,51190,1254.644063062689
l2_repeat_08,L2,stability,fresh,191,51191,1300.7450975608383
l2_repeat_08,L2,stability,fresh,192,51192,1247.5714179849358
l2_repeat_08,L2,stability,fresh,193,51193,1309.1982329888242
l2_repeat_08,L2,stability,fresh,194,51194,1225.0976288261286
l2_repeat_08,L2,stability,fresh,195,51195,1232.772576082695
l2_repeat_08,L2,stability,fresh,196,51196,1310.6659306729289
l2_repeat_08,L2,stability,fresh,197,51197,1282.0936751085608
l2_repeat_08,L2,stability,fresh,198,51198,1240.8387250773353
l2_repeat_08,L2,stability,fresh,199,51199,1249.3912078689557
l2_repeat_08,L2,stability,fresh,200,51200,1357.671111775291
l2_repeat_09,L2,stability,excel,1,111,1365.7188517695972
l2_repeat_09,L2,stability,excel,2,112,1232.4308973428995
l2_repeat_09,L2,stability,excel,3,113,1175.9206510575505
l2_repeat_09,L2,stability,excel,4,114,1253.0256028886038
l2_repeat_09,L2,stability,excel,5,115,2008.2687363832542
l2_repeat_09,L2,stability,excel,6,116,1570.97742085673
l2_repeat_09,L2,stability,excel,7,117,1674.8789636395825
l2_repeat_09,L2,stability,excel,8,118,1240.2086707878138
l2_repeat_09,L2,stability,excel,9,119,1270.6413263370573
l2_repeat_09,L2,stability,excel,10,120,1296.8788384414775
l2_repeat_09,L2,stability,excel,11,121,1292.7986311656152
l2_repeat_09,L2,stability,excel,12,122,1277.482851440895
l2_repeat_09,L2,stability,excel,13,123,1198.6259204607315
l2_repeat_09,L2,stability,excel,14,124,1336.2099485185308
l2_repeat_09,L2,stability,excel,15,125,1223.6042841887006
l2_repeat_09,L2,stability,excel,16,126,1290.5794431452432
l2_repeat_09,L2,stability,excel,17,127,1257.0847919945045
l2_repeat_09,L2,stability,excel,18,128,1249.6494789074704
l2_repeat_09,L2,stability,excel,19,129,1278.8757169407388
l2_repeat_09,L2,stability,excel,20,130,1291.3194042659259
l2_repeat_09,L2,stability,excel,21,131,1248.1588443404833
l2_repeat_09,L2,stability,excel,22,132,1271.7716900660982
l2_repeat_09,L2,stability,excel,23,133,1311.13373122802
l2_repeat_09,L2,stability,excel,24,134,1278.5048859830697
l2_repeat_09,L2,stability,excel,25,135,1211.1839830281044
l2_repeat_09,L2,stability,excel,26,136,1353.0522180478756
l2_repeat_09,L2,stability,excel,27,137,1192.3269980120033
l2_repeat_09,L2,stability,excel,28,138,1437.8068635047264
l2_repeat_09,L2,stability,excel,29,139,1351.553930602133
l2_repeat_09,L2,stability,excel,30,140,1286.8796659945456
l2_repeat_09,L2,stability,excel,31,141,1257.1139808804205
l2_repeat_09,L2,stability,excel,32,142,1206.2385275535069
l2_repeat_09,L2,stability,excel,33,143,1269.7487011815524
l2_repeat_09,L2,stability,excel,34,144,1185.6362434287282
l2_repeat_09,L2,stability,excel,35,145,1248.1278321587683
l2_repeat_09,L2,stability,excel,36,146,1194.819153165533
l2_repeat_09,L2,stability,excel,37,147,1305.7008383990737
l2_repeat_09,L2,stability,excel,38,148,1305.299873565956
l2_repeat_09,L2,stability,excel,39,149,3689.700613487746
l2_repeat_09,L2,stability,excel,40,150,1255.3867029645576
l2_repeat_09,L2,stability,excel,41,151,1201.8003838806396
l2_repeat_09,L2,stability,excel,42,152,1306.9264573599207
l2_repeat_09,L2,stability,excel,43,153,1330.4547698357992
l2_repeat_09,L2,stability,excel,44,154,1254.733319276747
l2_repeat_09,L2,stability,excel,45,155,1272.7217555147945
l2_repeat_09,L2,stability,excel,46,156,1256.8655942943008
l2_repeat_09,L2,stability,excel,47,157,1377.3760811409952
l2_repeat_09,L2,stability,excel,48,158,1225.0853041182768
l2_repeat_09,L2,stability,excel,49,159,1646.7401040058621
l2_repeat_09,L2,stability,excel,50,160,1317.133911056424
l2_repeat_09,L2,stability,excel,51,161,1178.101497478853
l2_repeat_09,L2,stability,excel,52,162,1269.0535707807608
l2_repeat_09,L2,stability,excel,53,163,1240.9267886164764
l2_repeat_09,L2,stability,excel,54,164,1236.0537154935828
l2_repeat_09,L2,stability,excel,55,165,2808.8580087190676
l2_repeat_09,L2,stability,excel,56,166,1220.2264919316483
l2_repeat_09,L2,stability,excel,57,167,1263.0596417653148
l2_repeat_09,L2,stability,excel,58,168,1295.578445251597
l2_repeat_09,L2,stability,excel,59,169,1266.5358147834752
l2_repeat_09,L2,stability,excel,60,170,1279.842543329688
l2_repeat_09,L2,stability,excel,61,171,1215.3005260521254
l2_repeat_09,L2,stability,excel,62,172,1255.8070957947125
l2_repeat_09,L2,stability,excel,63,173,1243.4449926441132
l2_repeat_09,L2,stability,excel,64,174,1257.998949368077
l2_repeat_09,L2,stability,excel,65,175,1216.303805636983
l2_repeat_09,L2,stability,excel,66,176,1227.1834647105445
l2_repeat_09,L2,stability,excel,67,177,1213.462557223856
l2_repeat_09,L2,stability,excel,68,178,1371.7781695334133
l2_repeat_09,L2,stability,excel,69,179,1242.2847314075004
l2_repeat_09,L2,stability,excel,70,180,1196.0633355263556
l2_repeat_09,L2,stability,excel,71,181,1284.1951183529463
l2_repeat_09,L2,stability,excel,72,182,1215.8795617125554
l2_repeat_09,L2,stability,excel,73,183,1256.3460154571071
l2_repeat_09,L2,stability,excel,74,184,1238.9203362641106
l2_repeat_09,L2,stability,excel,75,185,1213.763627951709
l2_repeat_09,L2,stability,excel,76,186,1176.6145053760001
l2_repeat_09,L2,stability,excel,77,187,1193.9207627885664
l2_repeat_09,L2,stability,excel,78,188,1313.038886881389
l2_repeat_09,L2,stability,excel,79,189,1197.3438519652543
l2_repeat_09,L2,stability,excel,80,190,1253.5590179515966
l2_repeat_09,L2,stability,excel,81,191,1258.6592426630914
l2_repeat_09,L2,stability,excel,82,192,1189.8693286794144
l2_repeat_09,L2,stability,excel,83,193,1203.337853298925
l2_repeat_09,L2,stability,excel,84,194,1243.723045235947
l2_repeat_09,L2,stability,excel,85,195,1230.1655780335361
l2_repeat_09,L2,stability,excel,86,196,1235.7215376941476
l2_repeat_09,L2,stability,excel,87,197,1279.6242334971623
l2_repeat_09,L2,stability,excel,88,198,1255.3259024425504
l2_repeat_09,L2,stability,excel,89,199,1196.9166482904855
l2_repeat_09,L2,stability,excel,90,200,2062.497086407042
l2_repeat_09,L2,stability,excel,91,201,1253.0305492394355
l2_repeat_09,L2,stability,excel,92,202,1307.3510528619515
l2_repeat_09,L2,stability,excel,93,203,1147.4783706939754
l2_repeat_09,L2,stability,excel,94,204,1265.6419173021845
l2_repeat_09,L2,stability,excel,95,205,2019.6463831841697
l2_repeat_09,L2,stability,excel,96,206,1199.5137238635941
l2_repeat_09,L2,stability,excel,97,207,1259.2680107219646
l2_repeat_09,L2,stability,excel,98,208,1234.2786484411279
l2_repeat_09,L2,stability,excel,99,209,1224.1278967144588
l2_repeat_09,L2,stability,excel,100,210,1218.0974544406197
l2_repeat_09,L2,stability,excel,101,211,1196.656758748737
l2_repeat_09,L2,stability,excel,102,212,1305.4333249275458
l2_repeat_09,L2,stability,excel,103,213,1376.347702417591
l2_repeat_09,L2,stability,excel,104,214,1269.3417860806371
l2_repeat_09,L2,stability,excel,105,215,1283.7850470049614
l2_repeat_09,L2,stability,excel,106,216,1227.4170709570494
l2_repeat_09,L2,stability,excel,107,217,1171.9170092152174
l2_repeat_09,L2,stability,excel,108,218,1255.198485057811
l2_repeat_09,L2,stability,excel,109,219,1397.0466527396613
l2_repeat_09,L2,stability,excel,110,220,1219.0403512499947
l2_repeat_09,L2,stability,excel,111,221,1206.3318095269315
l2_repeat_09,L2,stability,excel,112,222,1202.671165995278
l2_repeat_09,L2,stability,excel,113,223,2064.7911581541694
l2_repeat_09,L2,stability,excel,114,224,1228.0757503730467
l2_repeat_09,L2,stability,excel,115,225,1189.1957751522596
l2_repeat_09,L2,stability,excel,116,226,1191.8142740642277
l2_repeat_09,L2,stability,excel,117,227,1360.9724669104467
l2_repeat_09,L2,stability,excel,118,228,1244.4934952251017
l2_repeat_09,L2,stability,excel,119,229,1200.0964542450035
l2_repeat_09,L2,stability,excel,120,230,1268.9951161231634
l2_repeat_09,L2,stability,excel,121,231,1247.083893121162
l2_repeat_09,L2,stability,excel,122,232,1253.4446221599808
l2_repeat_09,L2,stability,excel,123,233,1231.4708719869348
l2_repeat_09,L2,stability,excel,124,234,1244.433063512286
l2_repeat_09,L2,stability,excel,125,235,1186.43697800007
l2_repeat_09,L2,stability,excel,126,236,1320.0175337916066
l2_repeat_09,L2,stability,excel,127,237,1188.6985346284227
l2_repeat_09,L2,stability,excel,128,238,1311.3228720091063
l2_repeat_09,L2,stability,excel,129,239,1706.2558984509685
l2_repeat_09,L2,stability,excel,130,240,1206.914943213141
l2_repeat_09,L2,stability,excel,131,241,1321.6526174378043
l2_repeat_09,L2,stability,excel,132,242,1272.5015448023248
l2_repeat_09,L2,stability,excel,133,243,1210.4666524591432
l2_repeat_09,L2,stability,excel,134,244,1548.9641791013817
l2_repeat_09,L2,stability,excel,135,245,1287.9249236728674
l2_repeat_09,L2,stability,excel,136,246,1216.3773657142474
l2_repeat_09,L2,stability,excel,137,247,1178.7715721950178
l2_repeat_09,L2,stability,excel,138,248,1320.0007345204954
l2_repeat_09,L2,stability,excel,139,249,1244.8194394549334
l2_repeat_09,L2,stability,excel,140,250,1191.330209581423
l2_repeat_09,L2,stability,excel,141,251,1241.1092667827338
l2_repeat_09,L2,stability,excel,142,252,1361.4906087541667
l2_repeat_09,L2,stability,excel,143,253,1499.9022876646268
l2_repeat_09,L2,stability,excel,144,254,1177.6014340799495
l2_repeat_09,L2,stability,excel,145,255,1280.8745486786927
l2_repeat_09,L2,stability,excel,146,256,1286.8175797254735
l2_repeat_09,L2,stability,excel,147,257,1319.737929467628
l2_repeat_09,L2,stability,excel,148,258,1207.7280383112297
l2_repeat_09,L2,stability,excel,149,259,1234.5116700018798
l2_repeat_09,L2,stability,excel,150,260,1262.8796156373871
l2_repeat_09,L2,stability,excel,151,261,1264.8460212278026
l2_repeat_09,L2,stability,excel,152,262,1265.2926304498249
l2_repeat_09,L2,stability,excel,153,263,1241.453109242981
l2_repeat_09,L2,stability,excel,154,264,1169.7627771385153
l2_repeat_09,L2,stability,excel,155,265,1218.8139311306315
l2_repeat_09,L2,stability,excel,156,266,1278.541264639308
l2_repeat_09,L2,stability,excel,157,267,1266.4561444481624
l2_repeat_09,L2,stability,excel,158,268,1414.063740938194
l2_repeat_09,L2,stability,excel,159,269,1220.8551733854429
l2_repeat_09,L2,stability,excel,160,270,1267.8605856428746
l2_repeat_09,L2,stability,excel,161,271,1217.7796022038558
l2_repeat_09,L2,stability,excel,162,272,1246.0696312537164
l2_repeat_09,L2,stability,excel,163,273,1367.5842305718784
l2_repeat_09,L2,stability,excel,164,274,1342.8885298842497
l2_repeat_09,L2,stability,excel,165,275,1205.067898467477
l2_repeat_09,L2,stability,excel,166,276,1199.3627698760095
l2_repeat_09,L2,stability,excel,167,277,1298.5001972881503
l2_repeat_09,L2,stability,excel,168,278,1924.8269836995178
l2_repeat_09,L2,stability,excel,169,279,1411.749951157682
l2_repeat_09,L2,stability,excel,170,280,1328.7532590132346
l2_repeat_09,L2,stability,excel,171,281,1304.369809225422
l2_repeat_09,L2,stability,excel,172,282,1262.0996956152478
l2_repeat_09,L2,stability,excel,173,283,1165.6207527651652
l2_repeat_09,L2,stability,excel,174,284,1270.0111685629115
l2_repeat_09,L2,stability,excel,175,285,1265.0932760271098
l2_repeat_09,L2,stability,excel,176,286,1284.522328243669
l2_repeat_09,L2,stability,excel,177,287,1417.361554120242
l2_repeat_09,L2,stability,excel,178,288,1179.961350758076
l2_repeat_09,L2,stability,excel,179,289,1215.8058550440326
l2_repeat_09,L2,stability,excel,180,290,1291.8653624232386
l2_repeat_09,L2,stability,excel,181,291,1193.1038414642699
l2_repeat_09,L2,stability,excel,182,292,1261.394245084349
l2_repeat_09,L2,stability,excel,183,293,1262.3559906630474
l2_repeat_09,L2,stability,excel,184,294,1206.1400917567387
l2_repeat_09,L2,stability,excel,185,295,1208.6379206530876
l2_repeat_09,L2,stability,excel,186,296,1211.6638818619315
l2_repeat_09,L2,stability,excel,187,297,1258.5986359007259
l2_repeat_09,L2,stability,excel,188,298,1201.362263015185
l2_repeat_09,L2,stability,excel,189,299,1312.3054068425229
l2_repeat_09,L2,stability,excel,190,300,1231.6520077726666
l2_repeat_09,L2,stability,excel,191,301,1334.5752263475638
l2_repeat_09,L2,stability,excel,192,302,1237.9999907704653
l2_repeat_09,L2,stability,excel,193,303,1372.975921563277
l2_repeat_09,L2,stability,excel,194,304,1202.8921691251867
l2_repeat_09,L2,stability,excel,195,305,1239.485800703836
l2_repeat_09,L2,stability,excel,196,306,1333.391160810951
l2_repeat_09,L2,stability,excel,197,307,1173.6318782249364
l2_repeat_09,L2,stability,excel,198,308,1251.4690015973017
l2_repeat_09,L2,stability,excel,199,309,1339.7571603672152
l2_repeat_09,L2,stability,excel,200,310,1232.768754131767
l2_repeat_09,L2,stability,validation,1,41001,1290.696265517812
l2_repeat_09,L2,stability,validation,2,41002,1288.8717366323353
l2_repeat_09,L2,stability,validation,3,41003,1262.2486475242354
l2_repeat_09,L2,stability,validation,4,41004,1286.111922326967
l2_repeat_09,L2,stability,validation,5,41005,1231.9340348913306
l2_repeat_09,L2,stability,validation,6,41006,1232.3374126523468
l2_repeat_09,L2,stability,validation,7,41007,1173.6943069993677
l2_repeat_09,L2,stability,validation,8,41008,1297.1572850328744
l2_repeat_09,L2,stability,validation,9,41009,1211.782314527695
l2_repeat_09,L2,stability,validation,10,41010,1207.6959975515897
l2_repeat_09,L2,stability,validation,11,41011,1256.4311162298034
l2_repeat_09,L2,stability,validation,12,41012,1171.064851977362
l2_repeat_09,L2,stability,validation,13,41013,1237.7706054971088
l2_repeat_09,L2,stability,validation,14,41014,1313.2064019775312
l2_repeat_09,L2,stability,validation,15,41015,1298.666747383339
l2_repeat_09,L2,stability,validation,16,41016,1311.4728044665342
l2_repeat_09,L2,stability,validation,17,41017,1260.2195604942242
l2_repeat_09,L2,stability,validation,18,41018,1345.8831471227732
l2_repeat_09,L2,stability,validation,19,41019,1847.5603157727533
l2_repeat_09,L2,stability,validation,20,41020,1180.6582802915552
l2_repeat_09,L2,stability,validation,21,41021,1213.3870974981742
l2_repeat_09,L2,stability,validation,22,41022,1380.5564842234792
l2_repeat_09,L2,stability,validation,23,41023,1223.7613717171696
l2_repeat_09,L2,stability,validation,24,41024,1272.4952755733384
l2_repeat_09,L2,stability,validation,25,41025,1408.1160634341552
l2_repeat_09,L2,stability,validation,26,41026,1967.2375300468289
l2_repeat_09,L2,stability,validation,27,41027,1220.7184022733627
l2_repeat_09,L2,stability,validation,28,41028,1185.5200788922723
l2_repeat_09,L2,stability,validation,29,41029,1262.04014107636
l2_repeat_09,L2,stability,validation,30,41030,1273.4201808811497
l2_repeat_09,L2,stability,validation,31,41031,1222.965451653058
l2_repeat_09,L2,stability,validation,32,41032,1265.538110986157
l2_repeat_09,L2,stability,validation,33,41033,1257.729712396679
l2_repeat_09,L2,stability,validation,34,41034,1231.4751552604785
l2_repeat_09,L2,stability,validation,35,41035,1270.8685954381185
l2_repeat_09,L2,stability,validation,36,41036,2102.9372326880407
l2_repeat_09,L2,stability,validation,37,41037,1227.0854315511392
l2_repeat_09,L2,stability,validation,38,41038,1511.3493453382223
l2_repeat_09,L2,stability,validation,39,41039,1230.144240625555
l2_repeat_09,L2,stability,validation,40,41040,1261.0753558344074
l2_repeat_09,L2,stability,validation,41,41041,1232.5940236241483
l2_repeat_09,L2,stability,validation,42,41042,1198.1256910792474
l2_repeat_09,L2,stability,validation,43,41043,1177.8102155893491
l2_repeat_09,L2,stability,validation,44,41044,1239.546308080865
l2_repeat_09,L2,stability,validation,45,41045,1374.6920310540947
l2_repeat_09,L2,stability,validation,46,41046,1231.1290244259205
l2_repeat_09,L2,stability,validation,47,41047,1253.383441238053
l2_repeat_09,L2,stability,validation,48,41048,1275.9851900815731
l2_repeat_09,L2,stability,validation,49,41049,1584.5956530670162
l2_repeat_09,L2,stability,validation,50,41050,1177.3042970229924
l2_repeat_09,L2,stability,validation,51,41051,1252.4576544959552
l2_repeat_09,L2,stability,validation,52,41052,1310.565993414963
l2_repeat_09,L2,stability,validation,53,41053,1228.8102231821613
l2_repeat_09,L2,stability,validation,54,41054,1235.6795330851955
l2_repeat_09,L2,stability,validation,55,41055,1249.568642157671
l2_repeat_09,L2,stability,validation,56,41056,1262.412157909337
l2_repeat_09,L2,stability,validation,57,41057,1270.5017273415024
l2_repeat_09,L2,stability,validation,58,41058,1255.6269324903221
l2_repeat_09,L2,stability,validation,59,41059,1280.2919672036614
l2_repeat_09,L2,stability,validation,60,41060,1229.5994546654854
l2_repeat_09,L2,stability,validation,61,41061,1248.341667506547
l2_repeat_09,L2,stability,validation,62,41062,1305.4175843302621
l2_repeat_09,L2,stability,validation,63,41063,1277.3643574801772
l2_repeat_09,L2,stability,validation,64,41064,1865.085950565387
l2_repeat_09,L2,stability,validation,65,41065,1203.959718882275
l2_repeat_09,L2,stability,validation,66,41066,1159.6412523093957
l2_repeat_09,L2,stability,validation,67,41067,1474.5782138957352
l2_repeat_09,L2,stability,validation,68,41068,1228.197388904946
l2_repeat_09,L2,stability,validation,69,41069,1218.178696722582
l2_repeat_09,L2,stability,validation,70,41070,1268.6214317162421
l2_repeat_09,L2,stability,validation,71,41071,2177.836058458658
l2_repeat_09,L2,stability,validation,72,41072,1227.1574622508483
l2_repeat_09,L2,stability,validation,73,41073,2068.8801577841614
l2_repeat_09,L2,stability,validation,74,41074,1260.8599577241348
l2_repeat_09,L2,stability,validation,75,41075,1241.7116150612496
l2_repeat_09,L2,stability,validation,76,41076,1196.8404138747728
l2_repeat_09,L2,stability,validation,77,41077,1240.460964003101
l2_repeat_09,L2,stability,validation,78,41078,1199.2178093360044
l2_repeat_09,L2,stability,validation,79,41079,1246.4611239012559
l2_repeat_09,L2,stability,validation,80,41080,1362.8380790487354
l2_repeat_09,L2,stability,validation,81,41081,1270.2991984980458
l2_repeat_09,L2,stability,validation,82,41082,1256.362713241756
l2_repeat_09,L2,stability,validation,83,41083,1174.1744847967234
l2_repeat_09,L2,stability,validation,84,41084,1201.9993061553205
l2_repeat_09,L2,stability,validation,85,41085,1246.0993139403938
l2_repeat_09,L2,stability,validation,86,41086,1249.204965510603
l2_repeat_09,L2,stability,validation,87,41087,1203.739160587689
l2_repeat_09,L2,stability,validation,88,41088,1190.5295945033808
l2_repeat_09,L2,stability,validation,89,41089,1259.7777521038915
l2_repeat_09,L2,stability,validation,90,41090,1278.028584610966
l2_repeat_09,L2,stability,validation,91,41091,1205.2956937616593
l2_repeat_09,L2,stability,validation,92,41092,1267.1457456074957
l2_repeat_09,L2,stability,validation,93,41093,1248.7817915414028
l2_repeat_09,L2,stability,validation,94,41094,1222.6026596425888
l2_repeat_09,L2,stability,validation,95,41095,1226.1108983642914
l2_repeat_09,L2,stability,validation,96,41096,1270.0417251227614
l2_repeat_09,L2,stability,validation,97,41097,1143.4375295695736
l2_repeat_09,L2,stability,validation,98,41098,1248.1621845419595
l2_repeat_09,L2,stability,validation,99,41099,1225.7891778890469
l2_repeat_09,L2,stability,validation,100,41100,1583.929757794457
l2_repeat_09,L2,stability,validation,101,41101,1232.3394647984824
l2_repeat_09,L2,stability,validation,102,41102,1238.2095084071138
l2_repeat_09,L2,stability,validation,103,41103,1226.1640928990564
l2_repeat_09,L2,stability,validation,104,41104,2019.780833702373
l2_repeat_09,L2,stability,validation,105,41105,1213.1634016402584
l2_repeat_09,L2,stability,validation,106,41106,1227.0490880120958
l2_repeat_09,L2,stability,validation,107,41107,1314.0752778962428
l2_repeat_09,L2,stability,validation,108,41108,1235.0056700612736
l2_repeat_09,L2,stability,validation,109,41109,1499.5975215375229
l2_repeat_09,L2,stability,validation,110,41110,1219.4138586357367
l2_repeat_09,L2,stability,validation,111,41111,1233.583409213243
l2_repeat_09,L2,stability,validation,112,41112,1225.4239252608304
l2_repeat_09,L2,stability,validation,113,41113,1227.1231974593375
l2_repeat_09,L2,stability,validation,114,41114,1592.5367194289897
l2_repeat_09,L2,stability,validation,115,41115,1211.120574901782
l2_repeat_09,L2,stability,validation,116,41116,1219.303616475288
l2_repeat_09,L2,stability,validation,117,41117,1191.7993229787423
l2_repeat_09,L2,stability,validation,118,41118,1281.8430528047686
l2_repeat_09,L2,stability,validation,119,41119,1250.7619447032537
l2_repeat_09,L2,stability,validation,120,41120,1387.1365522976578
l2_repeat_09,L2,stability,validation,121,41121,1313.1713698890103
l2_repeat_09,L2,stability,validation,122,41122,1254.8226018670543
l2_repeat_09,L2,stability,validation,123,41123,1219.913412877914
l2_repeat_09,L2,stability,validation,124,41124,1186.7459108500593
l2_repeat_09,L2,stability,validation,125,41125,1169.8484733385646
l2_repeat_09,L2,stability,validation,126,41126,1191.1504169646528
l2_repeat_09,L2,stability,validation,127,41127,1275.7255357379677
l2_repeat_09,L2,stability,validation,128,41128,1309.512577959115
l2_repeat_09,L2,stability,validation,129,41129,1293.5249802956562
l2_repeat_09,L2,stability,validation,130,41130,1236.130124489427
l2_repeat_09,L2,stability,validation,131,41131,1286.1932543887856
l2_repeat_09,L2,stability,validation,132,41132,1241.829016761895
l2_repeat_09,L2,stability,validation,133,41133,1286.4772941931378
l2_repeat_09,L2,stability,validation,134,41134,1258.9190451312272
l2_repeat_09,L2,stability,validation,135,41135,1203.1622368765268
l2_repeat_09,L2,stability,validation,136,41136,1185.1057992081685
l2_repeat_09,L2,stability,validation,137,41137,1250.6031457761794
l2_repeat_09,L2,stability,validation,138,41138,1433.3575678088396
l2_repeat_09,L2,stability,validation,139,41139,1303.7720348179287
l2_repeat_09,L2,stability,validation,140,41140,1233.231735138203
l2_repeat_09,L2,stability,validation,141,41141,1308.355097742161
l2_repeat_09,L2,stability,validation,142,41142,1227.7866325760197
l2_repeat_09,L2,stability,validation,143,41143,1307.3048508901782
l2_repeat_09,L2,stability,validation,144,41144,1192.5028268780454
l2_repeat_09,L2,stability,validation,145,41145,1231.837111903284
l2_repeat_09,L2,stability,validation,146,41146,3512.6376588121616
l2_repeat_09,L2,stability,validation,147,41147,1218.3829433417532
l2_repeat_09,L2,stability,validation,148,41148,1168.6162328168584
l2_repeat_09,L2,stability,validation,149,41149,1237.4494028885206
l2_repeat_09,L2,stability,validation,150,41150,1254.706048165666
l2_repeat_09,L2,stability,validation,151,41151,1282.6402911940968
l2_repeat_09,L2,stability,validation,152,41152,1364.0764298300546
l2_repeat_09,L2,stability,validation,153,41153,1253.8225281219948
l2_repeat_09,L2,stability,validation,154,41154,1293.7609632910187
l2_repeat_09,L2,stability,validation,155,41155,1238.7548056692845
l2_repeat_09,L2,stability,validation,156,41156,1236.0057931391905
l2_repeat_09,L2,stability,validation,157,41157,1595.2736223871823
l2_repeat_09,L2,stability,validation,158,41158,1224.6582625907815
l2_repeat_09,L2,stability,validation,159,41159,1295.7920179677692
l2_repeat_09,L2,stability,validation,160,41160,1246.9735469693849
l2_repeat_09,L2,stability,validation,161,41161,1204.80511097394
l2_repeat_09,L2,stability,validation,162,41162,1243.4097411577486
l2_repeat_09,L2,stability,validation,163,41163,1524.6484562157623
l2_repeat_09,L2,stability,validation,164,41164,1261.445053708155
l2_repeat_09,L2,stability,validation,165,41165,1174.7206609756618
l2_repeat_09,L2,stability,validation,166,41166,1277.6759519629131
l2_repeat_09,L2,stability,validation,167,41167,1246.8435727502556
l2_repeat_09,L2,stability,validation,168,41168,1253.228552905189
l2_repeat_09,L2,stability,validation,169,41169,1583.3638032981726
l2_repeat_09,L2,stability,validation,170,41170,1188.7365627654965
l2_repeat_09,L2,stability,validation,171,41171,1221.4826167233093
l2_repeat_09,L2,stability,validation,172,41172,1242.6499924768084
l2_repeat_09,L2,stability,validation,173,41173,1249.9222357222495
l2_repeat_09,L2,stability,validation,174,41174,1268.821723347412
l2_repeat_09,L2,stability,validation,175,41175,1224.3317027980213
l2_repeat_09,L2,stability,validation,176,41176,1203.2692276910734
l2_repeat_09,L2,stability,validation,177,41177,1182.7183265030571
l2_repeat_09,L2,stability,validation,178,41178,1278.8352625460393
l2_repeat_09,L2,stability,validation,179,41179,1257.3560635817319
l2_repeat_09,L2,stability,validation,180,41180,1213.5186789825784
l2_repeat_09,L2,stability,validation,181,41181,1192.0298015500375
l2_repeat_09,L2,stability,validation,182,41182,1182.3696170160397
l2_repeat_09,L2,stability,validation,183,41183,1287.7327798868241
l2_repeat_09,L2,stability,validation,184,41184,1241.6204485015894
l2_repeat_09,L2,stability,validation,185,41185,1209.597180684326
l2_repeat_09,L2,stability,validation,186,41186,1239.5214461589896
l2_repeat_09,L2,stability,validation,187,41187,1314.7177361362947
l2_repeat_09,L2,stability,validation,188,41188,1227.6685665525579
l2_repeat_09,L2,stability,validation,189,41189,1351.7074877665916
l2_repeat_09,L2,stability,validation,190,41190,1263.6305917647983
l2_repeat_09,L2,stability,validation,191,41191,1384.1247535387815
l2_repeat_09,L2,stability,validation,192,41192,1251.384173448099
l2_repeat_09,L2,stability,validation,193,41193,1369.538406086839
l2_repeat_09,L2,stability,validation,194,41194,1160.9847665743414
l2_repeat_09,L2,stability,validation,195,41195,1252.7816396645544
l2_repeat_09,L2,stability,validation,196,41196,1196.6947949082248
l2_repeat_09,L2,stability,validation,197,41197,1286.2933219316446
l2_repeat_09,L2,stability,validation,198,41198,1226.2523997325986
l2_repeat_09,L2,stability,validation,199,41199,1291.063813509872
l2_repeat_09,L2,stability,validation,200,41200,1336.9365628268486
l2_repeat_09,L2,stability,fresh,1,51001,1242.9890889874864
l2_repeat_09,L2,stability,fresh,2,51002,1195.251898381497
l2_repeat_09,L2,stability,fresh,3,51003,1349.9234344562292
l2_repeat_09,L2,stability,fresh,4,51004,1211.3041504772236
l2_repeat_09,L2,stability,fresh,5,51005,1299.8467728814314
l2_repeat_09,L2,stability,fresh,6,51006,1244.1316059284284
l2_repeat_09,L2,stability,fresh,7,51007,1237.717745478932
l2_repeat_09,L2,stability,fresh,8,51008,1207.0782210956
l2_repeat_09,L2,stability,fresh,9,51009,1194.4738417052235
l2_repeat_09,L2,stability,fresh,10,51010,1198.9653144914548
l2_repeat_09,L2,stability,fresh,11,51011,1265.6951619324054
l2_repeat_09,L2,stability,fresh,12,51012,1681.472551926485
l2_repeat_09,L2,stability,fresh,13,51013,1162.959315466948
l2_repeat_09,L2,stability,fresh,14,51014,1217.0366047647767
l2_repeat_09,L2,stability,fresh,15,51015,1252.6225268954327
l2_repeat_09,L2,stability,fresh,16,51016,1231.3618861701711
l2_repeat_09,L2,stability,fresh,17,51017,1315.298775419308
l2_repeat_09,L2,stability,fresh,18,51018,1314.248003562148
l2_repeat_09,L2,stability,fresh,19,51019,1249.3093606476846
l2_repeat_09,L2,stability,fresh,20,51020,1273.5199020838554
l2_repeat_09,L2,stability,fresh,21,51021,1294.9890095355495
l2_repeat_09,L2,stability,fresh,22,51022,1212.1112653101504
l2_repeat_09,L2,stability,fresh,23,51023,1275.9670024265438
l2_repeat_09,L2,stability,fresh,24,51024,1203.3725720143807
l2_repeat_09,L2,stability,fresh,25,51025,1219.4063324117506
l2_repeat_09,L2,stability,fresh,26,51026,1272.08025955253
l2_repeat_09,L2,stability,fresh,27,51027,1284.9287379458997
l2_repeat_09,L2,stability,fresh,28,51028,1215.8296138872404
l2_repeat_09,L2,stability,fresh,29,51029,1240.7940245964526
l2_repeat_09,L2,stability,fresh,30,51030,1234.8328824520083
l2_repeat_09,L2,stability,fresh,31,51031,1253.6342216264065
l2_repeat_09,L2,stability,fresh,32,51032,1507.35063706004
l2_repeat_09,L2,stability,fresh,33,51033,1284.9527931886905
l2_repeat_09,L2,stability,fresh,34,51034,1222.9199220192295
l2_repeat_09,L2,stability,fresh,35,51035,1252.557026994998
l2_repeat_09,L2,stability,fresh,36,51036,1238.7511529934618
l2_repeat_09,L2,stability,fresh,37,51037,1404.7639589050013
l2_repeat_09,L2,stability,fresh,38,51038,1257.3134465079816
l2_repeat_09,L2,stability,fresh,39,51039,1204.1764830717789
l2_repeat_09,L2,stability,fresh,40,51040,1179.9306043257125
l2_repeat_09,L2,stability,fresh,41,51041,1291.6289792339126
l2_repeat_09,L2,stability,fresh,42,51042,1252.708040190026
l2_repeat_09,L2,stability,fresh,43,51043,1322.330455595395
l2_repeat_09,L2,stability,fresh,44,51044,1230.598535318638
l2_repeat_09,L2,stability,fresh,45,51045,1205.6671210998377
l2_repeat_09,L2,stability,fresh,46,51046,1275.249670744173
l2_repeat_09,L2,stability,fresh,47,51047,1219.9176529143608
l2_repeat_09,L2,stability,fresh,48,51048,1210.258013799
l2_repeat_09,L2,stability,fresh,49,51049,1245.5038855830153
l2_repeat_09,L2,stability,fresh,50,51050,1256.649125649078
l2_repeat_09,L2,stability,fresh,51,51051,1205.4842574367594
l2_repeat_09,L2,stability,fresh,52,51052,1230.7016713702635
l2_repeat_09,L2,stability,fresh,53,51053,1286.088430157606
l2_repeat_09,L2,stability,fresh,54,51054,1972.161660927324
l2_repeat_09,L2,stability,fresh,55,51055,1278.9585386082997
l2_repeat_09,L2,stability,fresh,56,51056,1212.3860794513882
l2_repeat_09,L2,stability,fresh,57,51057,1185.5263128492163
l2_repeat_09,L2,stability,fresh,58,51058,1236.207789779999
l2_repeat_09,L2,stability,fresh,59,51059,1199.8793349498221
l2_repeat_09,L2,stability,fresh,60,51060,1190.7680027320764
l2_repeat_09,L2,stability,fresh,61,51061,1229.001942803368
l2_repeat_09,L2,stability,fresh,62,51062,1332.0596425826443
l2_repeat_09,L2,stability,fresh,63,51063,1262.9405269258536
l2_repeat_09,L2,stability,fresh,64,51064,1158.841150920919
l2_repeat_09,L2,stability,fresh,65,51065,1278.989519925398
l2_repeat_09,L2,stability,fresh,66,51066,1213.7207151554296
l2_repeat_09,L2,stability,fresh,67,51067,1300.2049347967766
l2_repeat_09,L2,stability,fresh,68,51068,1215.3212849750357
l2_repeat_09,L2,stability,fresh,69,51069,1218.5276655254022
l2_repeat_09,L2,stability,fresh,70,51070,1201.877666669726
l2_repeat_09,L2,stability,fresh,71,51071,1241.3209021817843
l2_repeat_09,L2,stability,fresh,72,51072,1230.0294117664935
l2_repeat_09,L2,stability,fresh,73,51073,1225.020957095539
l2_repeat_09,L2,stability,fresh,74,51074,1237.7734268821732
l2_repeat_09,L2,stability,fresh,75,51075,2145.206702428882
l2_repeat_09,L2,stability,fresh,76,51076,1677.5702708759586
l2_repeat_09,L2,stability,fresh,77,51077,1257.7071000388007
l2_repeat_09,L2,stability,fresh,78,51078,1276.811361967796
l2_repeat_09,L2,stability,fresh,79,51079,1509.5633020356643
l2_repeat_09,L2,stability,fresh,80,51080,1288.0389952755604
l2_repeat_09,L2,stability,fresh,81,51081,1198.8004624698438
l2_repeat_09,L2,stability,fresh,82,51082,1298.1943961833167
l2_repeat_09,L2,stability,fresh,83,51083,1258.8206285513775
l2_repeat_09,L2,stability,fresh,84,51084,1319.8061312240472
l2_repeat_09,L2,stability,fresh,85,51085,1252.4319041401077
l2_repeat_09,L2,stability,fresh,86,51086,1270.7110411549038
l2_repeat_09,L2,stability,fresh,87,51087,1229.3332843613266
l2_repeat_09,L2,stability,fresh,88,51088,1268.905635849893
l2_repeat_09,L2,stability,fresh,89,51089,1281.3494593901073
l2_repeat_09,L2,stability,fresh,90,51090,1543.070618423836
l2_repeat_09,L2,stability,fresh,91,51091,2168.777188167166
l2_repeat_09,L2,stability,fresh,92,51092,1250.7964289388442
l2_repeat_09,L2,stability,fresh,93,51093,1804.2644850662002
l2_repeat_09,L2,stability,fresh,94,51094,1230.865534582908
l2_repeat_09,L2,stability,fresh,95,51095,1284.0173186961858
l2_repeat_09,L2,stability,fresh,96,51096,1213.310897165488
l2_repeat_09,L2,stability,fresh,97,51097,1236.380303850454
l2_repeat_09,L2,stability,fresh,98,51098,1185.4715899244488
l2_repeat_09,L2,stability,fresh,99,51099,1170.7127263090974
l2_repeat_09,L2,stability,fresh,100,51100,1307.6814845048361
l2_repeat_09,L2,stability,fresh,101,51101,1256.1430011308137
l2_repeat_09,L2,stability,fresh,102,51102,1200.4663473583812
l2_repeat_09,L2,stability,fresh,103,51103,1311.8646024902282
l2_repeat_09,L2,stability,fresh,104,51104,1223.6888824108453
l2_repeat_09,L2,stability,fresh,105,51105,1224.2267042906572
l2_repeat_09,L2,stability,fresh,106,51106,1287.3357217995328
l2_repeat_09,L2,stability,fresh,107,51107,1286.1885424507645
l2_repeat_09,L2,stability,fresh,108,51108,1208.9624157340013
l2_repeat_09,L2,stability,fresh,109,51109,1189.7272727481388
l2_repeat_09,L2,stability,fresh,110,51110,1230.4230789653732
l2_repeat_09,L2,stability,fresh,111,51111,1243.051046290997
l2_repeat_09,L2,stability,fresh,112,51112,2311.588303039064
l2_repeat_09,L2,stability,fresh,113,51113,1268.9360262458954
l2_repeat_09,L2,stability,fresh,114,51114,1215.6624419819007
l2_repeat_09,L2,stability,fresh,115,51115,1181.3619012320464
l2_repeat_09,L2,stability,fresh,116,51116,1164.4818050586612
l2_repeat_09,L2,stability,fresh,117,51117,1208.6556957530668
l2_repeat_09,L2,stability,fresh,118,51118,1243.5521064699901
l2_repeat_09,L2,stability,fresh,119,51119,1281.6809358044443
l2_repeat_09,L2,stability,fresh,120,51120,1231.6538506465147
l2_repeat_09,L2,stability,fresh,121,51121,1236.9517672248505
l2_repeat_09,L2,stability,fresh,122,51122,1277.0681198205311
l2_repeat_09,L2,stability,fresh,123,51123,1232.1723708830536
l2_repeat_09,L2,stability,fresh,124,51124,1175.3640624491466
l2_repeat_09,L2,stability,fresh,125,51125,1277.2924945571442
l2_repeat_09,L2,stability,fresh,126,51126,1220.059697610826
l2_repeat_09,L2,stability,fresh,127,51127,1189.858263252615
l2_repeat_09,L2,stability,fresh,128,51128,1296.2342425978284
l2_repeat_09,L2,stability,fresh,129,51129,1231.2611397731514
l2_repeat_09,L2,stability,fresh,130,51130,1296.169401655395
l2_repeat_09,L2,stability,fresh,131,51131,1220.353384960185
l2_repeat_09,L2,stability,fresh,132,51132,1301.9893780603252
l2_repeat_09,L2,stability,fresh,133,51133,1249.3783016879722
l2_repeat_09,L2,stability,fresh,134,51134,1207.0461995182413
l2_repeat_09,L2,stability,fresh,135,51135,1248.3762930779556
l2_repeat_09,L2,stability,fresh,136,51136,1219.7154663465838
l2_repeat_09,L2,stability,fresh,137,51137,1259.9212677017922
l2_repeat_09,L2,stability,fresh,138,51138,1286.3028048391568
l2_repeat_09,L2,stability,fresh,139,51139,1552.7630112815623
l2_repeat_09,L2,stability,fresh,140,51140,1249.1399504340964
l2_repeat_09,L2,stability,fresh,141,51141,3123.0046979145955
l2_repeat_09,L2,stability,fresh,142,51142,1221.8870982208996
l2_repeat_09,L2,stability,fresh,143,51143,1255.7887705724581
l2_repeat_09,L2,stability,fresh,144,51144,2195.668878297589
l2_repeat_09,L2,stability,fresh,145,51145,1290.7508960434827
l2_repeat_09,L2,stability,fresh,146,51146,1297.0840995049302
l2_repeat_09,L2,stability,fresh,147,51147,1238.8842972857494
l2_repeat_09,L2,stability,fresh,148,51148,1230.9470849276058
l2_repeat_09,L2,stability,fresh,149,51149,1244.4813065020057
l2_repeat_09,L2,stability,fresh,150,51150,1245.0003134510484
l2_repeat_09,L2,stability,fresh,151,51151,1257.8725813980336
l2_repeat_09,L2,stability,fresh,152,51152,1260.1074605516264
l2_repeat_09,L2,stability,fresh,153,51153,1585.589669951658
l2_repeat_09,L2,stability,fresh,154,51154,1181.9502596660118
l2_repeat_09,L2,stability,fresh,155,51155,1277.4298901245804
l2_repeat_09,L2,stability,fresh,156,51156,1313.5124562091385
l2_repeat_09,L2,stability,fresh,157,51157,1251.6518633429039
l2_repeat_09,L2,stability,fresh,158,51158,1259.2333544613546
l2_repeat_09,L2,stability,fresh,159,51159,1134.7976068113333
l2_repeat_09,L2,stability,fresh,160,51160,1196.8750974563313
l2_repeat_09,L2,stability,fresh,161,51161,1247.1104605969338
l2_repeat_09,L2,stability,fresh,162,51162,1293.677338438975
l2_repeat_09,L2,stability,fresh,163,51163,1185.8411344807553
l2_repeat_09,L2,stability,fresh,164,51164,1358.3626263830265
l2_repeat_09,L2,stability,fresh,165,51165,1228.722641452254
l2_repeat_09,L2,stability,fresh,166,51166,1319.000209104549
l2_repeat_09,L2,stability,fresh,167,51167,1243.5880731000266
l2_repeat_09,L2,stability,fresh,168,51168,1413.9405726496198
l2_repeat_09,L2,stability,fresh,169,51169,1327.3242778683773
l2_repeat_09,L2,stability,fresh,170,51170,1281.457708322817
l2_repeat_09,L2,stability,fresh,171,51171,1274.5237038639316
l2_repeat_09,L2,stability,fresh,172,51172,1379.7609800913676
l2_repeat_09,L2,stability,fresh,173,51173,1215.8788488075475
l2_repeat_09,L2,stability,fresh,174,51174,1285.4355745275784
l2_repeat_09,L2,stability,fresh,175,51175,1259.816995495624
l2_repeat_09,L2,stability,fresh,176,51176,1257.6989778467816
l2_repeat_09,L2,stability,fresh,177,51177,1327.723963217347
l2_repeat_09,L2,stability,fresh,178,51178,1272.7698715764216
l2_repeat_09,L2,stability,fresh,179,51179,1242.7464641707297
l2_repeat_09,L2,stability,fresh,180,51180,1275.3424646816372
l2_repeat_09,L2,stability,fresh,181,51181,1216.834119703584
l2_repeat_09,L2,stability,fresh,182,51182,1295.0669850270524
l2_repeat_09,L2,stability,fresh,183,51183,1245.904842047129
l2_repeat_09,L2,stability,fresh,184,51184,1377.1403910702088
l2_repeat_09,L2,stability,fresh,185,51185,1176.6830040128762
l2_repeat_09,L2,stability,fresh,186,51186,1247.498395475383
l2_repeat_09,L2,stability,fresh,187,51187,1255.3607439314226
l2_repeat_09,L2,stability,fresh,188,51188,1210.0717846135215
l2_repeat_09,L2,stability,fresh,189,51189,1253.6368753474417
l2_repeat_09,L2,stability,fresh,190,51190,1214.473466426437
l2_repeat_09,L2,stability,fresh,191,51191,1258.4645337542497
l2_repeat_09,L2,stability,fresh,192,51192,1223.7596185740774
l2_repeat_09,L2,stability,fresh,193,51193,1278.5074985588697
l2_repeat_09,L2,stability,fresh,194,51194,1196.6046396291438
l2_repeat_09,L2,stability,fresh,195,51195,1206.7390775959088
l2_repeat_09,L2,stability,fresh,196,51196,1256.6806053069597
l2_repeat_09,L2,stability,fresh,197,51197,1246.6220701408004
l2_repeat_09,L2,stability,fresh,198,51198,1222.121440289772
l2_repeat_09,L2,stability,fresh,199,51199,1252.9907149755663
l2_repeat_09,L2,stability,fresh,200,51200,1326.7039179277183
l2_repeat_10,L2,stability,excel,1,111,1658.999834628472
l2_repeat_10,L2,stability,excel,2,112,1229.2210543125127
l2_repeat_10,L2,stability,excel,3,113,1164.1973524306218
l2_repeat_10,L2,stability,excel,4,114,1258.7241572143687
l2_repeat_10,L2,stability,excel,5,115,1973.477243711564
l2_repeat_10,L2,stability,excel,6,116,1557.9945102542106
l2_repeat_10,L2,stability,excel,7,117,1678.57561320143
l2_repeat_10,L2,stability,excel,8,118,1243.5537037105241
l2_repeat_10,L2,stability,excel,9,119,1255.2758275410943
l2_repeat_10,L2,stability,excel,10,120,1270.9013247592563
l2_repeat_10,L2,stability,excel,11,121,1277.0212618870696
l2_repeat_10,L2,stability,excel,12,122,1264.1075842899502
l2_repeat_10,L2,stability,excel,13,123,1175.0855042981361
l2_repeat_10,L2,stability,excel,14,124,1202.0547098181148
l2_repeat_10,L2,stability,excel,15,125,1211.3535387426336
l2_repeat_10,L2,stability,excel,16,126,1273.5544642027237
l2_repeat_10,L2,stability,excel,17,127,1238.5051259267295
l2_repeat_10,L2,stability,excel,18,128,1240.1470822664567
l2_repeat_10,L2,stability,excel,19,129,1277.6677356059351
l2_repeat_10,L2,stability,excel,20,130,1265.8683423070281
l2_repeat_10,L2,stability,excel,21,131,1315.5653831112058
l2_repeat_10,L2,stability,excel,22,132,1274.2704705388696
l2_repeat_10,L2,stability,excel,23,133,1523.2301152350974
l2_repeat_10,L2,stability,excel,24,134,1285.9281924922996
l2_repeat_10,L2,stability,excel,25,135,1208.3213781180618
l2_repeat_10,L2,stability,excel,26,136,1311.3781489671985
l2_repeat_10,L2,stability,excel,27,137,1188.1104162491692
l2_repeat_10,L2,stability,excel,28,138,1489.1857170544242
l2_repeat_10,L2,stability,excel,29,139,1350.8699956972303
l2_repeat_10,L2,stability,excel,30,140,1271.141701610524
l2_repeat_10,L2,stability,excel,31,141,1287.9306994912197
l2_repeat_10,L2,stability,excel,32,142,1210.6371196668747
l2_repeat_10,L2,stability,excel,33,143,1268.3427499135476
l2_repeat_10,L2,stability,excel,34,144,1176.0367711247768
l2_repeat_10,L2,stability,excel,35,145,1226.1373620155584
l2_repeat_10,L2,stability,excel,36,146,1162.7579980387113
l2_repeat_10,L2,stability,excel,37,147,1305.7613414814489
l2_repeat_10,L2,stability,excel,38,148,1281.6941423546775
l2_repeat_10,L2,stability,excel,39,149,4278.310910865206
l2_repeat_10,L2,stability,excel,40,150,1241.5204381969456
l2_repeat_10,L2,stability,excel,41,151,1196.219267072869
l2_repeat_10,L2,stability,excel,42,152,1293.7411938396033
l2_repeat_10,L2,stability,excel,43,153,1295.4791614568323
l2_repeat_10,L2,stability,excel,44,154,1255.527618065674
l2_repeat_10,L2,stability,excel,45,155,1247.181459225875
l2_repeat_10,L2,stability,excel,46,156,1242.1020826896088
l2_repeat_10,L2,stability,excel,47,157,1433.180343556658
l2_repeat_10,L2,stability,excel,48,158,1224.2473209240031
l2_repeat_10,L2,stability,excel,49,159,1615.4117292847675
l2_repeat_10,L2,stability,excel,50,160,1594.0880841551968
l2_repeat_10,L2,stability,excel,51,161,1163.090957682495
l2_repeat_10,L2,stability,excel,52,162,1260.7118401819596
l2_repeat_10,L2,stability,excel,53,163,1219.539805196896
l2_repeat_10,L2,stability,excel,54,164,1213.5990714757625
l2_repeat_10,L2,stability,excel,55,165,2977.14470802516
l2_repeat_10,L2,stability,excel,56,166,1208.7492454663757
l2_repeat_10,L2,stability,excel,57,167,1253.4664965887898
l2_repeat_10,L2,stability,excel,58,168,1291.4406352319727
l2_repeat_10,L2,stability,excel,59,169,1254.1873615757884
l2_repeat_10,L2,stability,excel,60,170,1189.1519517785562
l2_repeat_10,L2,stability,excel,61,171,1210.7978986367489
l2_repeat_10,L2,stability,excel,62,172,1235.7802495359856
l2_repeat_10,L2,stability,excel,63,173,1228.1590710136195
l2_repeat_10,L2,stability,excel,64,174,1353.6712682180137
l2_repeat_10,L2,stability,excel,65,175,1210.3479891266284
l2_repeat_10,L2,stability,excel,66,176,1240.2118586002725
l2_repeat_10,L2,stability,excel,67,177,1205.4775808363272
l2_repeat_10,L2,stability,excel,68,178,1768.3265573942704
l2_repeat_10,L2,stability,excel,69,179,1235.747523365553
l2_repeat_10,L2,stability,excel,70,180,1172.7995820070366
l2_repeat_10,L2,stability,excel,71,181,1274.5170754587975
l2_repeat_10,L2,stability,excel,72,182,1207.7647041286193
l2_repeat_10,L2,stability,excel,73,183,1248.6671911513226
l2_repeat_10,L2,stability,excel,74,184,1232.5228976871986
l2_repeat_10,L2,stability,excel,75,185,1194.2992148870758
l2_repeat_10,L2,stability,excel,76,186,1161.4626729206923
l2_repeat_10,L2,stability,excel,77,187,1184.873524930324
l2_repeat_10,L2,stability,excel,78,188,1290.8980302350944
l2_repeat_10,L2,stability,excel,79,189,1184.3275885218727
l2_repeat_10,L2,stability,excel,80,190,1252.4221810064705
l2_repeat_10,L2,stability,excel,81,191,1248.7992738049686
l2_repeat_10,L2,stability,excel,82,192,1186.208964707024
l2_repeat_10,L2,stability,excel,83,193,1193.576138406893
l2_repeat_10,L2,stability,excel,84,194,1224.93317434394
l2_repeat_10,L2,stability,excel,85,195,1213.3509176984846
l2_repeat_10,L2,stability,excel,86,196,1204.3716010891208
l2_repeat_10,L2,stability,excel,87,197,1325.7377080782846
l2_repeat_10,L2,stability,excel,88,198,1237.8024628142616
l2_repeat_10,L2,stability,excel,89,199,1190.275590120502
l2_repeat_10,L2,stability,excel,90,200,2083.8948803032918
l2_repeat_10,L2,stability,excel,91,201,1260.5663449446215
l2_repeat_10,L2,stability,excel,92,202,2020.8552509090362
l2_repeat_10,L2,stability,excel,93,203,1138.2721787046376
l2_repeat_10,L2,stability,excel,94,204,1256.1513883191192
l2_repeat_10,L2,stability,excel,95,205,2819.6512685682883
l2_repeat_10,L2,stability,excel,96,206,1165.0968606030744
l2_repeat_10,L2,stability,excel,97,207,1231.7819515199672
l2_repeat_10,L2,stability,excel,98,208,1234.0740457203353
l2_repeat_10,L2,stability,excel,99,209,1278.4643258281894
l2_repeat_10,L2,stability,excel,100,210,1199.9991650594625
l2_repeat_10,L2,stability,excel,101,211,1194.247306884696
l2_repeat_10,L2,stability,excel,102,212,1317.775233362097
l2_repeat_10,L2,stability,excel,103,213,1370.4394060992358
l2_repeat_10,L2,stability,excel,104,214,1253.8334403062554
l2_repeat_10,L2,stability,excel,105,215,1256.1294926504486
l2_repeat_10,L2,stability,excel,106,216,1372.1308248161738
l2_repeat_10,L2,stability,excel,107,217,1153.4424078437185
l2_repeat_10,L2,stability,excel,108,218,1245.2532203925546
l2_repeat_10,L2,stability,excel,109,219,1388.909037861962
l2_repeat_10,L2,stability,excel,110,220,1200.610836487296
l2_repeat_10,L2,stability,excel,111,221,1184.2850964785268
l2_repeat_10,L2,stability,excel,112,222,1197.1583893303678
l2_repeat_10,L2,stability,excel,113,223,2054.4869785757287
l2_repeat_10,L2,stability,excel,114,224,1197.7058609260562
l2_repeat_10,L2,stability,excel,115,225,1175.7992067362509
l2_repeat_10,L2,stability,excel,116,226,1168.8838178186504
l2_repeat_10,L2,stability,excel,117,227,1346.0334216016963
l2_repeat_10,L2,stability,excel,118,228,1219.7645684489212
l2_repeat_10,L2,stability,excel,119,229,1170.2611508712655
l2_repeat_10,L2,stability,excel,120,230,1260.83704643234
l2_repeat_10,L2,stability,excel,121,231,1235.6811190604935
l2_repeat_10,L2,stability,excel,122,232,1219.297399606516
l2_repeat_10,L2,stability,excel,123,233,1223.4545190658962
l2_repeat_10,L2,stability,excel,124,234,1240.9040366332865
l2_repeat_10,L2,stability,excel,125,235,1168.8382768066365
l2_repeat_10,L2,stability,excel,126,236,1310.2767564568037
l2_repeat_10,L2,stability,excel,127,237,1168.679121265641
l2_repeat_10,L2,stability,excel,128,238,1304.6188586963774
l2_repeat_10,L2,stability,excel,129,239,1688.6535182096488
l2_repeat_10,L2,stability,excel,130,240,1192.663023475815
l2_repeat_10,L2,stability,excel,131,241,1267.704630874796
l2_repeat_10,L2,stability,excel,132,242,1246.8854830697499
l2_repeat_10,L2,stability,excel,133,243,1190.292315475994
l2_repeat_10,L2,stability,excel,134,244,1734.6565773433733
l2_repeat_10,L2,stability,excel,135,245,1272.6971332303308
l2_repeat_10,L2,stability,excel,136,246,1204.3340081354397
l2_repeat_10,L2,stability,excel,137,247,1157.700519025135
l2_repeat_10,L2,stability,excel,138,248,1243.868156207784
l2_repeat_10,L2,stability,excel,139,249,1236.048160747978
l2_repeat_10,L2,stability,excel,140,250,1160.5496633033717
l2_repeat_10,L2,stability,excel,141,251,1248.6888634855923
l2_repeat_10,L2,stability,excel,142,252,1337.0869647220177
l2_repeat_10,L2,stability,excel,143,253,1413.1173499621177
l2_repeat_10,L2,stability,excel,144,254,1163.9422411497328
l2_repeat_10,L2,stability,excel,145,255,1285.3937987706609
l2_repeat_10,L2,stability,excel,146,256,1261.3983802163837
l2_repeat_10,L2,stability,excel,147,257,1313.4592693012187
l2_repeat_10,L2,stability,excel,148,258,1191.1666437324072
l2_repeat_10,L2,stability,excel,149,259,1226.0071998266635
l2_repeat_10,L2,stability,excel,150,260,1237.04600423721
l2_repeat_10,L2,stability,excel,151,261,1243.6491203309001
l2_repeat_10,L2,stability,excel,152,262,1289.9658653448396
l2_repeat_10,L2,stability,excel,153,263,1240.1848976421775
l2_repeat_10,L2,stability,excel,154,264,1144.790318461887
l2_repeat_10,L2,stability,excel,155,265,1198.9372098933554
l2_repeat_10,L2,stability,excel,156,266,1272.0381409622387
l2_repeat_10,L2,stability,excel,157,267,1266.0606968222269
l2_repeat_10,L2,stability,excel,158,268,1335.8365610636463
l2_repeat_10,L2,stability,excel,159,269,1196.7263667456878
l2_repeat_10,L2,stability,excel,160,270,1240.2795339574727
l2_repeat_10,L2,stability,excel,161,271,1209.1875094807192
l2_repeat_10,L2,stability,excel,162,272,1239.1970099601617
l2_repeat_10,L2,stability,excel,163,273,1361.8477735434901
l2_repeat_10,L2,stability,excel,164,274,1321.0676517321604
l2_repeat_10,L2,stability,excel,165,275,1199.1977232844015
l2_repeat_10,L2,stability,excel,166,276,1197.6843436256984
l2_repeat_10,L2,stability,excel,167,277,1525.8027782063384
l2_repeat_10,L2,stability,excel,168,278,2151.3239101956838
l2_repeat_10,L2,stability,excel,169,279,1407.5828945314267
l2_repeat_10,L2,stability,excel,170,280,1304.385148072793
l2_repeat_10,L2,stability,excel,171,281,1276.9129062917775
l2_repeat_10,L2,stability,excel,172,282,1246.174169801252
l2_repeat_10,L2,stability,excel,173,283,1162.3619813334617
l2_repeat_10,L2,stability,excel,174,284,1268.250283830373
l2_repeat_10,L2,stability,excel,175,285,1238.730681186208
l2_repeat_10,L2,stability,excel,176,286,1287.5924066734665
l2_repeat_10,L2,stability,excel,177,287,1436.194969509028
l2_repeat_10,L2,stability,excel,178,288,1159.4259582344969
l2_repeat_10,L2,stability,excel,179,289,1203.7753073152192
l2_repeat_10,L2,stability,excel,180,290,1255.2184405916587
l2_repeat_10,L2,stability,excel,181,291,1177.1250930253373
l2_repeat_10,L2,stability,excel,182,292,1242.0775848017763
l2_repeat_10,L2,stability,excel,183,293,1326.760678863013
l2_repeat_10,L2,stability,excel,184,294,1197.4663982016948
l2_repeat_10,L2,stability,excel,185,295,1201.9019335205255
l2_repeat_10,L2,stability,excel,186,296,1201.3449950907334
l2_repeat_10,L2,stability,excel,187,297,1246.419107759468
l2_repeat_10,L2,stability,excel,188,298,1183.63403344528
l2_repeat_10,L2,stability,excel,189,299,1308.0760993205638
l2_repeat_10,L2,stability,excel,190,300,1251.68519705608
l2_repeat_10,L2,stability,excel,191,301,1324.1038757166837
l2_repeat_10,L2,stability,excel,192,302,1218.4310950861172
l2_repeat_10,L2,stability,excel,193,303,1459.2362745338355
l2_repeat_10,L2,stability,excel,194,304,1201.9015262326172
l2_repeat_10,L2,stability,excel,195,305,1222.910897432614
l2_repeat_10,L2,stability,excel,196,306,1337.0937531872603
l2_repeat_10,L2,stability,excel,197,307,1166.5603490766443
l2_repeat_10,L2,stability,excel,198,308,1231.0273765255865
l2_repeat_10,L2,stability,excel,199,309,1309.4266000078374
l2_repeat_10,L2,stability,excel,200,310,1219.2612760470818
l2_repeat_10,L2,stability,validation,1,41001,1280.1244970908176
l2_repeat_10,L2,stability,validation,2,41002,1257.1481590151152
l2_repeat_10,L2,stability,validation,3,41003,1234.6176511062342
l2_repeat_10,L2,stability,validation,4,41004,1261.3468398452155
l2_repeat_10,L2,stability,validation,5,41005,1226.7796826353622
l2_repeat_10,L2,stability,validation,6,41006,1215.1569782359145
l2_repeat_10,L2,stability,validation,7,41007,1160.0803569491682
l2_repeat_10,L2,stability,validation,8,41008,1276.6921442943906
l2_repeat_10,L2,stability,validation,9,41009,1187.4608137123832
l2_repeat_10,L2,stability,validation,10,41010,1190.7894024303089
l2_repeat_10,L2,stability,validation,11,41011,1251.4133917004212
l2_repeat_10,L2,stability,validation,12,41012,1158.7333703156517
l2_repeat_10,L2,stability,validation,13,41013,1237.711874869238
l2_repeat_10,L2,stability,validation,14,41014,1304.1882776037244
l2_repeat_10,L2,stability,validation,15,41015,1273.196006255928
l2_repeat_10,L2,stability,validation,16,41016,1308.173008777573
l2_repeat_10,L2,stability,validation,17,41017,1243.9341050741548
l2_repeat_10,L2,stability,validation,18,41018,1354.732444399913
l2_repeat_10,L2,stability,validation,19,41019,1862.5173221763434
l2_repeat_10,L2,stability,validation,20,41020,1153.1554264938
l2_repeat_10,L2,stability,validation,21,41021,1199.9371377581517
l2_repeat_10,L2,stability,validation,22,41022,1621.8885262928325
l2_repeat_10,L2,stability,validation,23,41023,1211.3587021899586
l2_repeat_10,L2,stability,validation,24,41024,1259.9899710802715
l2_repeat_10,L2,stability,validation,25,41025,1463.2417826132028
l2_repeat_10,L2,stability,validation,26,41026,2121.0823654527594
l2_repeat_10,L2,stability,validation,27,41027,1233.637786961318
l2_repeat_10,L2,stability,validation,28,41028,1180.3493923360431
l2_repeat_10,L2,stability,validation,29,41029,1239.406838544791
l2_repeat_10,L2,stability,validation,30,41030,1272.1689271403923
l2_repeat_10,L2,stability,validation,31,41031,1189.1251171049155
l2_repeat_10,L2,stability,validation,32,41032,1256.8183111428423
l2_repeat_10,L2,stability,validation,33,41033,1229.2845151372987
l2_repeat_10,L2,stability,validation,34,41034,1227.3850715817655
l2_repeat_10,L2,stability,validation,35,41035,1251.3585533301405
l2_repeat_10,L2,stability,validation,36,41036,2488.2147506730744
l2_repeat_10,L2,stability,validation,37,41037,1207.1718135246922
l2_repeat_10,L2,stability,validation,38,41038,2188.1415440013843
l2_repeat_10,L2,stability,validation,39,41039,1216.923478432222
l2_repeat_10,L2,stability,validation,40,41040,1244.731365499684
l2_repeat_10,L2,stability,validation,41,41041,1198.8517065398858
l2_repeat_10,L2,stability,validation,42,41042,1197.342780240933
l2_repeat_10,L2,stability,validation,43,41043,1166.8353818875275
l2_repeat_10,L2,stability,validation,44,41044,1231.121018817317
l2_repeat_10,L2,stability,validation,45,41045,1353.6969255502436
l2_repeat_10,L2,stability,validation,46,41046,1225.141618300768
l2_repeat_10,L2,stability,validation,47,41047,1221.4323952237166
l2_repeat_10,L2,stability,validation,48,41048,1249.4271744423127
l2_repeat_10,L2,stability,validation,49,41049,1587.3171877001264
l2_repeat_10,L2,stability,validation,50,41050,1169.8069561055577
l2_repeat_10,L2,stability,validation,51,41051,1240.984794714928
l2_repeat_10,L2,stability,validation,52,41052,1303.6335662513804
l2_repeat_10,L2,stability,validation,53,41053,1214.1031996599918
l2_repeat_10,L2,stability,validation,54,41054,1210.1871055506592
l2_repeat_10,L2,stability,validation,55,41055,1246.7505410921713
l2_repeat_10,L2,stability,validation,56,41056,1261.8265695668952
l2_repeat_10,L2,stability,validation,57,41057,1251.4434162417244
l2_repeat_10,L2,stability,validation,58,41058,1243.851920776493
l2_repeat_10,L2,stability,validation,59,41059,1264.8844353084567
l2_repeat_10,L2,stability,validation,60,41060,1217.4794595445676
l2_repeat_10,L2,stability,validation,61,41061,1236.8095307373083
l2_repeat_10,L2,stability,validation,62,41062,1284.9925942033383
l2_repeat_10,L2,stability,validation,63,41063,1314.8372226543443
l2_repeat_10,L2,stability,validation,64,41064,2018.97377152238
l2_repeat_10,L2,stability,validation,65,41065,1198.0706707090194
l2_repeat_10,L2,stability,validation,66,41066,1149.9886444005438
l2_repeat_10,L2,stability,validation,67,41067,1625.3061337305942
l2_repeat_10,L2,stability,validation,68,41068,1220.1690209120884
l2_repeat_10,L2,stability,validation,69,41069,1193.4843586283896
l2_repeat_10,L2,stability,validation,70,41070,1237.9537878487313
l2_repeat_10,L2,stability,validation,71,41071,2747.842115649064
l2_repeat_10,L2,stability,validation,72,41072,1220.7771819512034
l2_repeat_10,L2,stability,validation,73,41073,2341.1671163840574
l2_repeat_10,L2,stability,validation,74,41074,1253.7111456222713
l2_repeat_10,L2,stability,validation,75,41075,1226.0994221753194
l2_repeat_10,L2,stability,validation,76,41076,1182.3724553379548
l2_repeat_10,L2,stability,validation,77,41077,1234.1786151795384
l2_repeat_10,L2,stability,validation,78,41078,1190.2872378371935
l2_repeat_10,L2,stability,validation,79,41079,1230.9571421615788
l2_repeat_10,L2,stability,validation,80,41080,1347.8018520115834
l2_repeat_10,L2,stability,validation,81,41081,1672.0183344235456
l2_repeat_10,L2,stability,validation,82,41082,1238.069627008868
l2_repeat_10,L2,stability,validation,83,41083,1149.666878672654
l2_repeat_10,L2,stability,validation,84,41084,1198.2967081985983
l2_repeat_10,L2,stability,validation,85,41085,1235.8244732565756
l2_repeat_10,L2,stability,validation,86,41086,1247.1910172269547
l2_repeat_10,L2,stability,validation,87,41087,1182.9739022886777
l2_repeat_10,L2,stability,validation,88,41088,1185.9515804708349
l2_repeat_10,L2,stability,validation,89,41089,1255.530592711648
l2_repeat_10,L2,stability,validation,90,41090,1260.7087510471101
l2_repeat_10,L2,stability,validation,91,41091,1179.8280557664111
l2_repeat_10,L2,stability,validation,92,41092,1238.2007268873422
l2_repeat_10,L2,stability,validation,93,41093,1250.4990785298808
l2_repeat_10,L2,stability,validation,94,41094,1200.1737472246396
l2_repeat_10,L2,stability,validation,95,41095,1219.487002939446
l2_repeat_10,L2,stability,validation,96,41096,1364.7332343725575
l2_repeat_10,L2,stability,validation,97,41097,1131.953949427743
l2_repeat_10,L2,stability,validation,98,41098,1240.784030858763
l2_repeat_10,L2,stability,validation,99,41099,1214.170783732102
l2_repeat_10,L2,stability,validation,100,41100,1739.671912189308
l2_repeat_10,L2,stability,validation,101,41101,1215.5342148432346
l2_repeat_10,L2,stability,validation,102,41102,1213.866941956189
l2_repeat_10,L2,stability,validation,103,41103,1220.0387181049384
l2_repeat_10,L2,stability,validation,104,41104,2499.5596744224877
l2_repeat_10,L2,stability,validation,105,41105,1196.6378131345239
l2_repeat_10,L2,stability,validation,106,41106,1432.1867810230815
l2_repeat_10,L2,stability,validation,107,41107,1312.4929436264124
l2_repeat_10,L2,stability,validation,108,41108,1220.9641082825442
l2_repeat_10,L2,stability,validation,109,41109,1666.8106564484833
l2_repeat_10,L2,stability,validation,110,41110,1203.9555866626729
l2_repeat_10,L2,stability,validation,111,41111,1212.965647946449
l2_repeat_10,L2,stability,validation,112,41112,1216.6551214624847
l2_repeat_10,L2,stability,validation,113,41113,1210.9409917233038
l2_repeat_10,L2,stability,validation,114,41114,1728.6797389383596
l2_repeat_10,L2,stability,validation,115,41115,1196.7145818652077
l2_repeat_10,L2,stability,validation,116,41116,1206.576791638798
l2_repeat_10,L2,stability,validation,117,41117,1189.5506287801757
l2_repeat_10,L2,stability,validation,118,41118,1279.006968825224
l2_repeat_10,L2,stability,validation,119,41119,1220.4371022295861
l2_repeat_10,L2,stability,validation,120,41120,1740.884794243992
l2_repeat_10,L2,stability,validation,121,41121,1291.848707733853
l2_repeat_10,L2,stability,validation,122,41122,1248.800476452362
l2_repeat_10,L2,stability,validation,123,41123,1214.3533036776112
l2_repeat_10,L2,stability,validation,124,41124,1166.9820872283951
l2_repeat_10,L2,stability,validation,125,41125,1157.9622166573793
l2_repeat_10,L2,stability,validation,126,41126,1178.7427695179463
l2_repeat_10,L2,stability,validation,127,41127,1261.1925236435607
l2_repeat_10,L2,stability,validation,128,41128,1291.0304617536794
l2_repeat_10,L2,stability,validation,129,41129,1267.7740053711846
l2_repeat_10,L2,stability,validation,130,41130,1235.7881003951231
l2_repeat_10,L2,stability,validation,131,41131,1288.5618484052948
l2_repeat_10,L2,stability,validation,132,41132,1208.8276738535164
l2_repeat_10,L2,stability,validation,133,41133,1257.9521271005817
l2_repeat_10,L2,stability,validation,134,41134,1259.1641919106364
l2_repeat_10,L2,stability,validation,135,41135,1193.3399027012758
l2_repeat_10,L2,stability,validation,136,41136,1160.8076955571817
l2_repeat_10,L2,stability,validation,137,41137,1246.4623008060078
l2_repeat_10,L2,stability,validation,138,41138,1431.8743499574039
l2_repeat_10,L2,stability,validation,139,41139,1587.6170272102318
l2_repeat_10,L2,stability,validation,140,41140,1201.8050784678974
l2_repeat_10,L2,stability,validation,141,41141,1312.3105719421214
l2_repeat_10,L2,stability,validation,142,41142,1224.811634160196
l2_repeat_10,L2,stability,validation,143,41143,1298.92638482603
l2_repeat_10,L2,stability,validation,144,41144,1174.4092615689913
l2_repeat_10,L2,stability,validation,145,41145,1220.4144241614827
l2_repeat_10,L2,stability,validation,146,41146,3574.186121850631
l2_repeat_10,L2,stability,validation,147,41147,1205.553813506844
l2_repeat_10,L2,stability,validation,148,41148,1168.4567054181925
l2_repeat_10,L2,stability,validation,149,41149,1226.1255451674665
l2_repeat_10,L2,stability,validation,150,41150,1249.5955223807218
l2_repeat_10,L2,stability,validation,151,41151,1272.2360141339882
l2_repeat_10,L2,stability,validation,152,41152,1750.5904108247398
l2_repeat_10,L2,stability,validation,153,41153,1238.8050857341066
l2_repeat_10,L2,stability,validation,154,41154,1606.1710428640179
l2_repeat_10,L2,stability,validation,155,41155,1228.127966445378
l2_repeat_10,L2,stability,validation,156,41156,1205.9239574982983
l2_repeat_10,L2,stability,validation,157,41157,1968.175788043574
l2_repeat_10,L2,stability,validation,158,41158,1244.2196414025145
l2_repeat_10,L2,stability,validation,159,41159,1351.2775940547074
l2_repeat_10,L2,stability,validation,160,41160,1247.420281650526
l2_repeat_10,L2,stability,validation,161,41161,1179.7295497395883
l2_repeat_10,L2,stability,validation,162,41162,1249.1524237905228
l2_repeat_10,L2,stability,validation,163,41163,1518.1370042314356
l2_repeat_10,L2,stability,validation,164,41164,1236.1828869500293
l2_repeat_10,L2,stability,validation,165,41165,1164.3261156990525
l2_repeat_10,L2,stability,validation,166,41166,1277.6530725828122
l2_repeat_10,L2,stability,validation,167,41167,1233.0785928954115
l2_repeat_10,L2,stability,validation,168,41168,1245.7180005533417
l2_repeat_10,L2,stability,validation,169,41169,1702.1821939518063
l2_repeat_10,L2,stability,validation,170,41170,1181.797717199259
l2_repeat_10,L2,stability,validation,171,41171,1200.9164600820775
l2_repeat_10,L2,stability,validation,172,41172,1223.4375033314386
l2_repeat_10,L2,stability,validation,173,41173,1238.1604362517826
l2_repeat_10,L2,stability,validation,174,41174,1267.0227958313617
l2_repeat_10,L2,stability,validation,175,41175,1208.5323867813565
l2_repeat_10,L2,stability,validation,176,41176,1176.6106580147746
l2_repeat_10,L2,stability,validation,177,41177,1162.7105294125938
l2_repeat_10,L2,stability,validation,178,41178,1284.3033122602767
l2_repeat_10,L2,stability,validation,179,41179,1254.7033730572734
l2_repeat_10,L2,stability,validation,180,41180,1196.6478803441723
l2_repeat_10,L2,stability,validation,181,41181,1156.191814845109
l2_repeat_10,L2,stability,validation,182,41182,1154.5270015281435
l2_repeat_10,L2,stability,validation,183,41183,1272.8966416467135
l2_repeat_10,L2,stability,validation,184,41184,1249.2579834439412
l2_repeat_10,L2,stability,validation,185,41185,1194.5027356377711
l2_repeat_10,L2,stability,validation,186,41186,1215.608290083011
l2_repeat_10,L2,stability,validation,187,41187,1344.2975524260462
l2_repeat_10,L2,stability,validation,188,41188,1211.907484843538
l2_repeat_10,L2,stability,validation,189,41189,1331.3168592081902
l2_repeat_10,L2,stability,validation,190,41190,1253.7370149995784
l2_repeat_10,L2,stability,validation,191,41191,1398.16660364599
l2_repeat_10,L2,stability,validation,192,41192,1247.0618310928323
l2_repeat_10,L2,stability,validation,193,41193,1864.096044446087
l2_repeat_10,L2,stability,validation,194,41194,1138.0330972033612
l2_repeat_10,L2,stability,validation,195,41195,1251.9257523129565
l2_repeat_10,L2,stability,validation,196,41196,1194.0773095589852
l2_repeat_10,L2,stability,validation,197,41197,1281.7541617600511
l2_repeat_10,L2,stability,validation,198,41198,1204.330799030109
l2_repeat_10,L2,stability,validation,199,41199,1277.708703996703
l2_repeat_10,L2,stability,validation,200,41200,1323.1227606531834
l2_repeat_10,L2,stability,fresh,1,51001,1218.0562975328414
l2_repeat_10,L2,stability,fresh,2,51002,1183.782535578993
l2_repeat_10,L2,stability,fresh,3,51003,1322.1427422093427
l2_repeat_10,L2,stability,fresh,4,51004,1187.421909853867
l2_repeat_10,L2,stability,fresh,5,51005,1297.0877402460324
l2_repeat_10,L2,stability,fresh,6,51006,1233.5762273756154
l2_repeat_10,L2,stability,fresh,7,51007,1219.220291694573
l2_repeat_10,L2,stability,fresh,8,51008,1193.5254748456948
l2_repeat_10,L2,stability,fresh,9,51009,1166.2352827364973
l2_repeat_10,L2,stability,fresh,10,51010,1190.3771501218753
l2_repeat_10,L2,stability,fresh,11,51011,1241.4606539299486
l2_repeat_10,L2,stability,fresh,12,51012,2405.320136946033
l2_repeat_10,L2,stability,fresh,13,51013,1152.0758590587916
l2_repeat_10,L2,stability,fresh,14,51014,1215.252200297912
l2_repeat_10,L2,stability,fresh,15,51015,1226.6774166950615
l2_repeat_10,L2,stability,fresh,16,51016,1538.8719990377247
l2_repeat_10,L2,stability,fresh,17,51017,1286.998148635993
l2_repeat_10,L2,stability,fresh,18,51018,1305.165677243008
l2_repeat_10,L2,stability,fresh,19,51019,1225.578768069895
l2_repeat_10,L2,stability,fresh,20,51020,1254.2698723527815
l2_repeat_10,L2,stability,fresh,21,51021,1288.6560767394394
l2_repeat_10,L2,stability,fresh,22,51022,1199.7448516709235
l2_repeat_10,L2,stability,fresh,23,51023,1259.786069221231
l2_repeat_10,L2,stability,fresh,24,51024,1197.3913227731427
l2_repeat_10,L2,stability,fresh,25,51025,1216.0447471410591
l2_repeat_10,L2,stability,fresh,26,51026,1257.599520392066
l2_repeat_10,L2,stability,fresh,27,51027,1266.0771540342532
l2_repeat_10,L2,stability,fresh,28,51028,1212.699609593664
l2_repeat_10,L2,stability,fresh,29,51029,1245.6382379667814
l2_repeat_10,L2,stability,fresh,30,51030,1243.0319461988001
l2_repeat_10,L2,stability,fresh,31,51031,1243.029236464478
l2_repeat_10,L2,stability,fresh,32,51032,2076.716126065163
l2_repeat_10,L2,stability,fresh,33,51033,1294.9540605977759
l2_repeat_10,L2,stability,fresh,34,51034,1206.7283055812975
l2_repeat_10,L2,stability,fresh,35,51035,1231.651968394797
l2_repeat_10,L2,stability,fresh,36,51036,1232.6385108293277
l2_repeat_10,L2,stability,fresh,37,51037,1371.4243893731455
l2_repeat_10,L2,stability,fresh,38,51038,1249.3664564467067
l2_repeat_10,L2,stability,fresh,39,51039,1180.0084877515153
l2_repeat_10,L2,stability,fresh,40,51040,1177.7139908480403
l2_repeat_10,L2,stability,fresh,41,51041,1260.176549152024
l2_repeat_10,L2,stability,fresh,42,51042,1240.9419445937963
l2_repeat_10,L2,stability,fresh,43,51043,1306.7961477419342
l2_repeat_10,L2,stability,fresh,44,51044,1213.2686676414326
l2_repeat_10,L2,stability,fresh,45,51045,1192.9400032472327
l2_repeat_10,L2,stability,fresh,46,51046,1258.2190728033106
l2_repeat_10,L2,stability,fresh,47,51047,1187.4777435203152
l2_repeat_10,L2,stability,fresh,48,51048,1197.0511684109167
l2_repeat_10,L2,stability,fresh,49,51049,1221.0792797980891
l2_repeat_10,L2,stability,fresh,50,51050,1197.7000315953667
l2_repeat_10,L2,stability,fresh,51,51051,1199.7336237071108
l2_repeat_10,L2,stability,fresh,52,51052,1236.044112694347
l2_repeat_10,L2,stability,fresh,53,51053,1244.1792277013633
l2_repeat_10,L2,stability,fresh,54,51054,2107.3251789168717
l2_repeat_10,L2,stability,fresh,55,51055,1279.2634837386026
l2_repeat_10,L2,stability,fresh,56,51056,1191.8163140368788
l2_repeat_10,L2,stability,fresh,57,51057,1168.5730648206518
l2_repeat_10,L2,stability,fresh,58,51058,1238.8102843810384
l2_repeat_10,L2,stability,fresh,59,51059,1172.6581282388322
l2_repeat_10,L2,stability,fresh,60,51060,1178.2678668811825
l2_repeat_10,L2,stability,fresh,61,51061,1226.5495198348567
l2_repeat_10,L2,stability,fresh,62,51062,1331.7312485661569
l2_repeat_10,L2,stability,fresh,63,51063,1244.9831451754817
l2_repeat_10,L2,stability,fresh,64,51064,1146.444139461037
l2_repeat_10,L2,stability,fresh,65,51065,1254.1478897705704
l2_repeat_10,L2,stability,fresh,66,51066,1203.6298384597608
l2_repeat_10,L2,stability,fresh,67,51067,1295.4572503755085
l2_repeat_10,L2,stability,fresh,68,51068,1213.9354976527895
l2_repeat_10,L2,stability,fresh,69,51069,1200.6297360358442
l2_repeat_10,L2,stability,fresh,70,51070,1185.3543042922026
l2_repeat_10,L2,stability,fresh,71,51071,1237.1989692017466
l2_repeat_10,L2,stability,fresh,72,51072,1217.1475087284468
l2_repeat_10,L2,stability,fresh,73,51073,1185.821353812568
l2_repeat_10,L2,stability,fresh,74,51074,1198.9745767538627
l2_repeat_10,L2,stability,fresh,75,51075,2589.055179632176
l2_repeat_10,L2,stability,fresh,76,51076,2100.029099098773
l2_repeat_10,L2,stability,fresh,77,51077,1263.8647113832294
l2_repeat_10,L2,stability,fresh,78,51078,1278.1966653643437
l2_repeat_10,L2,stability,fresh,79,51079,1635.9377651257862
l2_repeat_10,L2,stability,fresh,80,51080,1268.2810399114535
l2_repeat_10,L2,stability,fresh,81,51081,1194.296308236971
l2_repeat_10,L2,stability,fresh,82,51082,1295.9853899380576
l2_repeat_10,L2,stability,fresh,83,51083,1222.7360526107109
l2_repeat_10,L2,stability,fresh,84,51084,1327.2285998195716
l2_repeat_10,L2,stability,fresh,85,51085,1265.9661056596626
l2_repeat_10,L2,stability,fresh,86,51086,1348.3641504149132
l2_repeat_10,L2,stability,fresh,87,51087,1196.9509804284066
l2_repeat_10,L2,stability,fresh,88,51088,1259.8241917232838
l2_repeat_10,L2,stability,fresh,89,51089,1258.1374018156507
l2_repeat_10,L2,stability,fresh,90,51090,1258.7561307847898
l2_repeat_10,L2,stability,fresh,91,51091,2159.6678064825737
l2_repeat_10,L2,stability,fresh,92,51092,1245.5085914365131
l2_repeat_10,L2,stability,fresh,93,51093,2048.7034588989445
l2_repeat_10,L2,stability,fresh,94,51094,1214.238581649663
l2_repeat_10,L2,stability,fresh,95,51095,1265.6550783232126
l2_repeat_10,L2,stability,fresh,96,51096,1181.8984057717885
l2_repeat_10,L2,stability,fresh,97,51097,1232.050726231228
l2_repeat_10,L2,stability,fresh,98,51098,1186.9261724481732
l2_repeat_10,L2,stability,fresh,99,51099,1149.6728033201232
l2_repeat_10,L2,stability,fresh,100,51100,1301.4867201512823
l2_repeat_10,L2,stability,fresh,101,51101,1243.2521344814597
l2_repeat_10,L2,stability,fresh,102,51102,1169.2484840133848
l2_repeat_10,L2,stability,fresh,103,51103,1300.205451507896
l2_repeat_10,L2,stability,fresh,104,51104,1221.2076543191288
l2_repeat_10,L2,stability,fresh,105,51105,1204.2555450099878
l2_repeat_10,L2,stability,fresh,106,51106,1254.8379020456664
l2_repeat_10,L2,stability,fresh,107,51107,1287.9441789591342
l2_repeat_10,L2,stability,fresh,108,51108,1186.1603231675679
l2_repeat_10,L2,stability,fresh,109,51109,1179.7326765934579
l2_repeat_10,L2,stability,fresh,110,51110,1224.3037636508639
l2_repeat_10,L2,stability,fresh,111,51111,1284.0793990210689
l2_repeat_10,L2,stability,fresh,112,51112,3013.2174904174417
l2_repeat_10,L2,stability,fresh,113,51113,1237.3861247490354
l2_repeat_10,L2,stability,fresh,114,51114,1207.9226346694327
l2_repeat_10,L2,stability,fresh,115,51115,1169.8571237092806
l2_repeat_10,L2,stability,fresh,116,51116,1164.1114212458338
l2_repeat_10,L2,stability,fresh,117,51117,1197.567681581003
l2_repeat_10,L2,stability,fresh,118,51118,1232.6335145851533
l2_repeat_10,L2,stability,fresh,119,51119,1260.8447424889566
l2_repeat_10,L2,stability,fresh,120,51120,1211.8727074759595
l2_repeat_10,L2,stability,fresh,121,51121,1220.581187391915
l2_repeat_10,L2,stability,fresh,122,51122,1244.6366099336983
l2_repeat_10,L2,stability,fresh,123,51123,1215.070352128121
l2_repeat_10,L2,stability,fresh,124,51124,1158.505592621055
l2_repeat_10,L2,stability,fresh,125,51125,1279.9666637442133
l2_repeat_10,L2,stability,fresh,126,51126,1218.0558930688458
l2_repeat_10,L2,stability,fresh,127,51127,1184.5080805299444
l2_repeat_10,L2,stability,fresh,128,51128,1274.8567027457234
l2_repeat_10,L2,stability,fresh,129,51129,1210.1520208122593
l2_repeat_10,L2,stability,fresh,130,51130,1288.4683161542014
l2_repeat_10,L2,stability,fresh,131,51131,1211.7485375886868
l2_repeat_10,L2,stability,fresh,132,51132,1289.8460251464967
l2_repeat_10,L2,stability,fresh,133,51133,1252.416831462138
l2_repeat_10,L2,stability,fresh,134,51134,1216.447726150007
l2_repeat_10,L2,stability,fresh,135,51135,1259.5867982786976
l2_repeat_10,L2,stability,fresh,136,51136,1185.4090915436668
l2_repeat_10,L2,stability,fresh,137,51137,1253.5770811237148
l2_repeat_10,L2,stability,fresh,138,51138,1281.3217216843307
l2_repeat_10,L2,stability,fresh,139,51139,2354.0348170047164
l2_repeat_10,L2,stability,fresh,140,51140,1251.494583649511
l2_repeat_10,L2,stability,fresh,141,51141,3713.6536246332516
l2_repeat_10,L2,stability,fresh,142,51142,1214.0465307892146
l2_repeat_10,L2,stability,fresh,143,51143,1249.6897454638215
l2_repeat_10,L2,stability,fresh,144,51144,2998.867589764206
l2_repeat_10,L2,stability,fresh,145,51145,1306.3753224029624
l2_repeat_10,L2,stability,fresh,146,51146,1264.374230605737
l2_repeat_10,L2,stability,fresh,147,51147,1245.2134869114675
l2_repeat_10,L2,stability,fresh,148,51148,1208.7811253201749
l2_repeat_10,L2,stability,fresh,149,51149,1228.8298857060186
l2_repeat_10,L2,stability,fresh,150,51150,1209.4189553132455
l2_repeat_10,L2,stability,fresh,151,51151,1235.258154549136
l2_repeat_10,L2,stability,fresh,152,51152,1262.0436909563111
l2_repeat_10,L2,stability,fresh,153,51153,2370.2039724050264
l2_repeat_10,L2,stability,fresh,154,51154,1162.0791821033984
l2_repeat_10,L2,stability,fresh,155,51155,1275.0211927000826
l2_repeat_10,L2,stability,fresh,156,51156,1310.936197976151
l2_repeat_10,L2,stability,fresh,157,51157,1240.191826734173
l2_repeat_10,L2,stability,fresh,158,51158,1257.7884541006388
l2_repeat_10,L2,stability,fresh,159,51159,1129.7356708973703
l2_repeat_10,L2,stability,fresh,160,51160,1167.2208212847222
l2_repeat_10,L2,stability,fresh,161,51161,1251.7084336609348
l2_repeat_10,L2,stability,fresh,162,51162,1262.4515307406643
l2_repeat_10,L2,stability,fresh,163,51163,1181.4689619258568
l2_repeat_10,L2,stability,fresh,164,51164,1395.2672784488934
l2_repeat_10,L2,stability,fresh,165,51165,1229.7887457369827
l2_repeat_10,L2,stability,fresh,166,51166,1308.1920620986077
l2_repeat_10,L2,stability,fresh,167,51167,1239.6313690197462
l2_repeat_10,L2,stability,fresh,168,51168,1524.9860782362487
l2_repeat_10,L2,stability,fresh,169,51169,1306.125638631787
l2_repeat_10,L2,stability,fresh,170,51170,1244.2972178476275
l2_repeat_10,L2,stability,fresh,171,51171,1257.4443980679223
l2_repeat_10,L2,stability,fresh,172,51172,1362.9517853222587
l2_repeat_10,L2,stability,fresh,173,51173,1200.7920861990865
l2_repeat_10,L2,stability,fresh,174,51174,1273.9316362532268
l2_repeat_10,L2,stability,fresh,175,51175,1251.9194143180198
l2_repeat_10,L2,stability,fresh,176,51176,1251.379795710906
l2_repeat_10,L2,stability,fresh,177,51177,1332.5688502131852
l2_repeat_10,L2,stability,fresh,178,51178,1270.5504061398924
l2_repeat_10,L2,stability,fresh,179,51179,1231.022413458956
l2_repeat_10,L2,stability,fresh,180,51180,1247.4500953550491
l2_repeat_10,L2,stability,fresh,181,51181,1225.762395684846
l2_repeat_10,L2,stability,fresh,182,51182,1272.7730807717476
l2_repeat_10,L2,stability,fresh,183,51183,1223.6493862670386
l2_repeat_10,L2,stability,fresh,184,51184,1364.7463250769395
l2_repeat_10,L2,stability,fresh,185,51185,1160.6916306926366
l2_repeat_10,L2,stability,fresh,186,51186,1263.3303946024353
l2_repeat_10,L2,stability,fresh,187,51187,1250.1411202889585
l2_repeat_10,L2,stability,fresh,188,51188,1198.6884281107536
l2_repeat_10,L2,stability,fresh,189,51189,1401.8591347379668
l2_repeat_10,L2,stability,fresh,190,51190,1208.984923496428
l2_repeat_10,L2,stability,fresh,191,51191,1237.214022955084
l2_repeat_10,L2,stability,fresh,192,51192,1195.7883142509825
l2_repeat_10,L2,stability,fresh,193,51193,1278.0304137771054
l2_repeat_10,L2,stability,fresh,194,51194,1191.8463058839081
l2_repeat_10,L2,stability,fresh,195,51195,1193.4928969687753
l2_repeat_10,L2,stability,fresh,196,51196,1231.882051972149
l2_repeat_10,L2,stability,fresh,197,51197,1238.9519805250443
l2_repeat_10,L2,stability,fresh,198,51198,1205.2200384324997
l2_repeat_10,L2,stability,fresh,199,51199,1244.2593883918682
l2_repeat_10,L2,stability,fresh,200,51200,1548.5029199961773
constant,reference,reference,excel,1,111,1395.3527507448741
constant,reference,reference,excel,2,112,1283.8946218736535
constant,reference,reference,excel,3,113,1239.8363208032142
constant,reference,reference,excel,4,114,1327.3568634235144
constant,reference,reference,excel,5,115,1474.3754025733829
constant,reference,reference,excel,6,116,1382.019076706049
constant,reference,reference,excel,7,117,1497.5266857970598
constant,reference,reference,excel,8,118,2054.76922429145
constant,reference,reference,excel,9,119,1431.4797074220232
constant,reference,reference,excel,10,120,1281.5955431329267
constant,reference,reference,excel,11,121,1407.8562704452854
constant,reference,reference,excel,12,122,1407.1722214993101
constant,reference,reference,excel,13,123,1302.8382163723609
constant,reference,reference,excel,14,124,1323.9232674189104
constant,reference,reference,excel,15,125,1369.9709691115036
constant,reference,reference,excel,16,126,1405.4289384789167
constant,reference,reference,excel,17,127,1407.9613168043907
constant,reference,reference,excel,18,128,1355.4578746226084
constant,reference,reference,excel,19,129,1425.4571664812245
constant,reference,reference,excel,20,130,1314.989015792589
constant,reference,reference,excel,21,131,1316.4059760428604
constant,reference,reference,excel,22,132,1318.5615326937836
constant,reference,reference,excel,23,133,1361.8216927637775
constant,reference,reference,excel,24,134,1282.3864091698556
constant,reference,reference,excel,25,135,1291.6583282580073
constant,reference,reference,excel,26,136,1507.3795888242346
constant,reference,reference,excel,27,137,1187.1846955498513
constant,reference,reference,excel,28,138,1599.3207293089015
constant,reference,reference,excel,29,139,1515.9735837094627
constant,reference,reference,excel,30,140,1422.1852060454933
constant,reference,reference,excel,31,141,1349.7143082726907
constant,reference,reference,excel,32,142,1220.5636964364758
constant,reference,reference,excel,33,143,1455.92253985712
constant,reference,reference,excel,34,144,1298.2791472500408
constant,reference,reference,excel,35,145,1398.1679154545307
constant,reference,reference,excel,36,146,1251.6853914505073
constant,reference,reference,excel,37,147,1409.22768071075
constant,reference,reference,excel,38,148,1342.1672567694498
constant,reference,reference,excel,39,149,5156.81672539398
constant,reference,reference,excel,40,150,1278.115083829881
constant,reference,reference,excel,41,151,1190.5756121094666
constant,reference,reference,excel,42,152,1394.8161798236908
constant,reference,reference,excel,43,153,1395.46499868625
constant,reference,reference,excel,44,154,1310.044532942014
constant,reference,reference,excel,45,155,1377.7036087937836
constant,reference,reference,excel,46,156,1415.3912329508505
constant,reference,reference,excel,47,157,1289.6463472114094
constant,reference,reference,excel,48,158,1277.3670395849242
constant,reference,reference,excel,49,159,1346.5121524919837
constant,reference,reference,excel,50,160,1283.0818213034092
constant,reference,reference,excel,51,161,1244.4364909160583
constant,reference,reference,excel,52,162,2381.348885588027
constant,reference,reference,excel,53,163,1273.1599611051017
constant,reference,reference,excel,54,164,1324.5897785043899
constant,reference,reference,excel,55,165,3518.5764770083683
constant,reference,reference,excel,56,166,1274.2630411550792
constant,reference,reference,excel,57,167,1269.6316659727793
constant,reference,reference,excel,58,168,3129.300114774953
constant,reference,reference,excel,59,169,1384.9799030699005
constant,reference,reference,excel,60,170,1341.4484937111915
constant,reference,reference,excel,61,171,1316.0564930420658
constant,reference,reference,excel,62,172,1392.0473077299823
constant,reference,reference,excel,63,173,1464.165339044178
constant,reference,reference,excel,64,174,1343.0595471713173
constant,reference,reference,excel,65,175,1291.2035137167434
constant,reference,reference,excel,66,176,1291.732175623627
constant,reference,reference,excel,67,177,1268.0667565232686
constant,reference,reference,excel,68,178,1336.751727682435
constant,reference,reference,excel,69,179,1859.3184604218416
constant,reference,reference,excel,70,180,1370.4080611215848
constant,reference,reference,excel,71,181,1463.188203883722
constant,reference,reference,excel,72,182,1248.4402877072137
constant,reference,reference,excel,73,183,1269.4742270317254
constant,reference,reference,excel,74,184,1286.3700444199965
constant,reference,reference,excel,75,185,1319.061192377474
constant,reference,reference,excel,76,186,1224.2993288721057
constant,reference,reference,excel,77,187,1333.4434069565136
constant,reference,reference,excel,78,188,1300.9721744067324
constant,reference,reference,excel,79,189,1309.7575495727658
constant,reference,reference,excel,80,190,1783.8264819183892
constant,reference,reference,excel,81,191,1394.044845804054
constant,reference,reference,excel,82,192,1306.915117444255
constant,reference,reference,excel,83,193,1290.8287749374772
constant,reference,reference,excel,84,194,1297.0812282150712
constant,reference,reference,excel,85,195,1354.0881904090093
constant,reference,reference,excel,86,196,1306.4024132302625
constant,reference,reference,excel,87,197,1283.206561530843
constant,reference,reference,excel,88,198,1346.9163319075067
constant,reference,reference,excel,89,199,1236.2435495209204
constant,reference,reference,excel,90,200,1220.7661630454425
constant,reference,reference,excel,91,201,1328.7752015403541
constant,reference,reference,excel,92,202,1313.1616687894832
constant,reference,reference,excel,93,203,1197.4435900357514
constant,reference,reference,excel,94,204,1241.7594242186437
constant,reference,reference,excel,95,205,2042.0561362166557
constant,reference,reference,excel,96,206,1385.933964703581
constant,reference,reference,excel,97,207,1366.3629453864828
constant,reference,reference,excel,98,208,1304.357548144009
constant,reference,reference,excel,99,209,1427.5009763313494
constant,reference,reference,excel,100,210,1333.5201354561934
constant,reference,reference,excel,101,211,1207.2289727377893
constant,reference,reference,excel,102,212,1417.8178472027855
constant,reference,reference,excel,103,213,1373.7000378807961
constant,reference,reference,excel,104,214,1428.38818751283
constant,reference,reference,excel,105,215,1412.761228687211
constant,reference,reference,excel,106,216,1300.2674817074462
constant,reference,reference,excel,107,217,1299.5601265393352
constant,reference,reference,excel,108,218,1348.9217700150496
constant,reference,reference,excel,109,219,1356.1780823158203
constant,reference,reference,excel,110,220,1283.6994291780381
constant,reference,reference,excel,111,221,1325.8859194162728
constant,reference,reference,excel,112,222,1309.6330236261829
constant,reference,reference,excel,113,223,3321.072861110324
constant,reference,reference,excel,114,224,1390.2389244174153
constant,reference,reference,excel,115,225,1251.8778924744931
constant,reference,reference,excel,116,226,1305.5167051801277
constant,reference,reference,excel,117,227,1309.7279773167568
constant,reference,reference,excel,118,228,1415.1764732983472
constant,reference,reference,excel,119,229,1244.488832820927
constant,reference,reference,excel,120,230,1264.4342654519749
constant,reference,reference,excel,121,231,1314.7228624316638
constant,reference,reference,excel,122,232,1410.698339235093
constant,reference,reference,excel,123,233,1269.3002892004015
constant,reference,reference,excel,124,234,1237.883561067571
constant,reference,reference,excel,125,235,1331.6410849451465
constant,reference,reference,excel,126,236,1332.2188261630713
constant,reference,reference,excel,127,237,1317.1423376825724
constant,reference,reference,excel,128,238,1409.4856532585075
constant,reference,reference,excel,129,239,1525.8593460426998
constant,reference,reference,excel,130,240,1227.2674400259084
constant,reference,reference,excel,131,241,1315.758757676932
constant,reference,reference,excel,132,242,1439.690584693307
constant,reference,reference,excel,133,243,1270.8899231010664
constant,reference,reference,excel,134,244,1411.837611718679
constant,reference,reference,excel,135,245,1281.8231782262483
constant,reference,reference,excel,136,246,1276.6538119079355
constant,reference,reference,excel,137,247,1280.151027513827
constant,reference,reference,excel,138,248,1251.2545228953995
constant,reference,reference,excel,139,249,1361.610917656367
constant,reference,reference,excel,140,250,1306.5527262781245
constant,reference,reference,excel,141,251,1327.9358259919902
constant,reference,reference,excel,142,252,1369.6611230379872
constant,reference,reference,excel,143,253,1330.718385699528
constant,reference,reference,excel,144,254,1344.989552742958
constant,reference,reference,excel,145,255,1447.747341348663
constant,reference,reference,excel,146,256,1393.7714504852509
constant,reference,reference,excel,147,257,1291.8504485213953
constant,reference,reference,excel,148,258,1352.2169452573228
constant,reference,reference,excel,149,259,1255.007315742047
constant,reference,reference,excel,150,260,1418.4919747544775
constant,reference,reference,excel,151,261,1402.1339680896658
constant,reference,reference,excel,152,262,1293.0306374985948
constant,reference,reference,excel,153,263,1227.027136042966
constant,reference,reference,excel,154,264,1286.9538272111242
constant,reference,reference,excel,155,265,1317.098815026348
constant,reference,reference,excel,156,266,1277.445396837669
constant,reference,reference,excel,157,267,1252.3448210758172
constant,reference,reference,excel,158,268,1391.675294435485
constant,reference,reference,excel,159,269,1281.523427727025
constant,reference,reference,excel,160,270,1391.1933443869102
constant,reference,reference,excel,161,271,1346.186131974541
constant,reference,reference,excel,162,272,1336.1708869908948
constant,reference,reference,excel,163,273,1384.0628289189585
constant,reference,reference,excel,164,274,1440.1018241934073
constant,reference,reference,excel,165,275,1235.0983234726914
constant,reference,reference,excel,166,276,1240.8840516474743
constant,reference,reference,excel,167,277,1376.8017543670258
constant,reference,reference,excel,168,278,3450.651249009736
constant,reference,reference,excel,169,279,1258.9754014583286
constant,reference,reference,excel,170,280,1353.729336189829
constant,reference,reference,excel,171,281,1507.966464622427
constant,reference,reference,excel,172,282,1335.564055850999
constant,reference,reference,excel,173,283,1267.8628935784475
constant,reference,reference,excel,174,284,1447.4702773703716
constant,reference,reference,excel,175,285,1430.9600757128346
constant,reference,reference,excel,176,286,1405.3974283422647
constant,reference,reference,excel,177,287,1364.4515903085771
constant,reference,reference,excel,178,288,1251.92928835602
constant,reference,reference,excel,179,289,1318.2912459589802
constant,reference,reference,excel,180,290,1401.0759395259547
constant,reference,reference,excel,181,291,1274.03633941154
constant,reference,reference,excel,182,292,1331.7781951085003
constant,reference,reference,excel,183,293,1272.124277075666
constant,reference,reference,excel,184,294,1334.4076855946807
constant,reference,reference,excel,185,295,1268.2067210630576
constant,reference,reference,excel,186,296,1279.9754755816525
constant,reference,reference,excel,187,297,1408.236742398724
constant,reference,reference,excel,188,298,1333.208491144688
constant,reference,reference,excel,189,299,1335.3966419081994
constant,reference,reference,excel,190,300,1355.302598210415
constant,reference,reference,excel,191,301,1240.3311501072678
constant,reference,reference,excel,192,302,1369.9091414491882
constant,reference,reference,excel,193,303,1850.001603336953
constant,reference,reference,excel,194,304,1296.232679768437
constant,reference,reference,excel,195,305,1284.1660402828736
constant,reference,reference,excel,196,306,1918.5215813619066
constant,reference,reference,excel,197,307,1223.2267921502832
constant,reference,reference,excel,198,308,1430.9987589628486
constant,reference,reference,excel,199,309,1300.4364115707087
constant,reference,reference,excel,200,310,1230.6443236364078
base_stock,reference,reference,excel,1,111,1664.3808781562716
base_stock,reference,reference,excel,2,112,1252.5220800121247
base_stock,reference,reference,excel,3,113,1185.8372139075825
base_stock,reference,reference,excel,4,114,1271.159860485012
base_stock,reference,reference,excel,5,115,1815.5893776792855
base_stock,reference,reference,excel,6,116,1380.9805293406203
base_stock,reference,reference,excel,7,117,1813.823207608345
base_stock,reference,reference,excel,8,118,1233.2836646572387
base_stock,reference,reference,excel,9,119,1269.372006012005
base_stock,reference,reference,excel,10,120,1306.4600581356683
base_stock,reference,reference,excel,11,121,1315.1492092253422
base_stock,reference,reference,excel,12,122,1277.01066982005
base_stock,reference,reference,excel,13,123,1202.8906115048221
base_stock,reference,reference,excel,14,124,1789.0852539287969
base_stock,reference,reference,excel,15,125,1242.3450727282088
base_stock,reference,reference,excel,16,126,1302.5513100131384
base_stock,reference,reference,excel,17,127,1268.2318538272943
base_stock,reference,reference,excel,18,128,1250.609711442316
base_stock,reference,reference,excel,19,129,1283.6637428859083
base_stock,reference,reference,excel,20,130,1311.0547790450303
base_stock,reference,reference,excel,21,131,1263.0275664663807
base_stock,reference,reference,excel,22,132,1277.6778859468016
base_stock,reference,reference,excel,23,133,1311.2369515006844
base_stock,reference,reference,excel,24,134,1293.595831271758
base_stock,reference,reference,excel,25,135,1237.363665332721
base_stock,reference,reference,excel,26,136,1363.8661560706828
base_stock,reference,reference,excel,27,137,1211.1721685156106
base_stock,reference,reference,excel,28,138,1456.9822622466195
base_stock,reference,reference,excel,29,139,1342.1855999384923
base_stock,reference,reference,excel,30,140,1286.0649678005127
base_stock,reference,reference,excel,31,141,1283.442251021683
base_stock,reference,reference,excel,32,142,1235.3478535152035
base_stock,reference,reference,excel,33,143,1269.3257095399426
base_stock,reference,reference,excel,34,144,1196.1347211218738
base_stock,reference,reference,excel,35,145,1255.2365790413635
base_stock,reference,reference,excel,36,146,1199.594710518844
base_stock,reference,reference,excel,37,147,1304.8396821173062
base_stock,reference,reference,excel,38,148,1306.2206588895042
base_stock,reference,reference,excel,39,149,3448.30462301552
base_stock,reference,reference,excel,40,150,1257.9739183294323
base_stock,reference,reference,excel,41,151,1211.0121206130448
base_stock,reference,reference,excel,42,152,1332.4842833225266
base_stock,reference,reference,excel,43,153,1327.5386456319866
base_stock,reference,reference,excel,44,154,1260.0482280923986
base_stock,reference,reference,excel,45,155,1262.3915406047436
base_stock,reference,reference,excel,46,156,1260.9176544500554
base_stock,reference,reference,excel,47,157,1377.9113557063552
base_stock,reference,reference,excel,48,158,1238.7790159076606
base_stock,reference,reference,excel,49,159,2254.273025136447
base_stock,reference,reference,excel,50,160,1319.8366582369129
base_stock,reference,reference,excel,51,161,1197.6672730550367
base_stock,reference,reference,excel,52,162,1289.1840877429474
base_stock,reference,reference,excel,53,163,1236.2066315372365
base_stock,reference,reference,excel,54,164,1240.601180487145
base_stock,reference,reference,excel,55,165,2173.758699858126
base_stock,reference,reference,excel,56,166,1224.498589790288
base_stock,reference,reference,excel,57,167,1265.774152289068
base_stock,reference,reference,excel,58,168,1300.5895237098753
base_stock,reference,reference,excel,59,169,1267.4316466165203
base_stock,reference,reference,excel,60,170,1287.2205447200524
base_stock,reference,reference,excel,61,171,1224.0500716099705
base_stock,reference,reference,excel,62,172,1375.6251525747882
base_stock,reference,reference,excel,63,173,1246.0378300905065
base_stock,reference,reference,excel,64,174,1258.6011234511013
base_stock,reference,reference,excel,65,175,1222.8887720998025
base_stock,reference,reference,excel,66,176,1241.9714425831019
base_stock,reference,reference,excel,67,177,1219.4857797857294
base_stock,reference,reference,excel,68,178,1383.1073470402623
base_stock,reference,reference,excel,69,179,1243.2491334739914
base_stock,reference,reference,excel,70,180,1202.9067260923453
base_stock,reference,reference,excel,71,181,1345.9972689700342
base_stock,reference,reference,excel,72,182,1225.2844390638325
base_stock,reference,reference,excel,73,183,1266.0317874140567
base_stock,reference,reference,excel,74,184,1238.8021204971337
base_stock,reference,reference,excel,75,185,1226.45061256844
base_stock,reference,reference,excel,76,186,1180.5095836808287
base_stock,reference,reference,excel,77,187,1201.7994437598002
base_stock,reference,reference,excel,78,188,1314.877889800935
base_stock,reference,reference,excel,79,189,1213.5409968787724
base_stock,reference,reference,excel,80,190,1261.4597572862228
base_stock,reference,reference,excel,81,191,1277.3752505248617
base_stock,reference,reference,excel,82,192,1194.9820887274868
base_stock,reference,reference,excel,83,193,1228.764655617785
base_stock,reference,reference,excel,84,194,1248.2206965614405
base_stock,reference,reference,excel,85,195,1244.9475359449245
base_stock,reference,reference,excel,86,196,1251.1851529114538
base_stock,reference,reference,excel,87,197,1285.3923498326233
base_stock,reference,reference,excel,88,198,1259.6833536607219
base_stock,reference,reference,excel,89,199,1211.061790964918
base_stock,reference,reference,excel,90,200,1563.822877070989
base_stock,reference,reference,excel,91,201,1249.6502466479462
base_stock,reference,reference,excel,92,202,1309.403103120688
base_stock,reference,reference,excel,93,203,1156.4860814230465
base_stock,reference,reference,excel,94,204,1288.1081741067628
base_stock,reference,reference,excel,95,205,2019.6611095266042
base_stock,reference,reference,excel,96,206,1194.6434574650007
base_stock,reference,reference,excel,97,207,1269.6926201666977
base_stock,reference,reference,excel,98,208,1223.525618225254
base_stock,reference,reference,excel,99,209,1296.6149100660002
base_stock,reference,reference,excel,100,210,1229.7632958538504
base_stock,reference,reference,excel,101,211,1211.475983643789
base_stock,reference,reference,excel,102,212,1306.8094965224523
base_stock,reference,reference,excel,103,213,1387.2064707525076
base_stock,reference,reference,excel,104,214,1281.5562948770262
base_stock,reference,reference,excel,105,215,1298.9779625183314
base_stock,reference,reference,excel,106,216,1229.0472903649213
base_stock,reference,reference,excel,107,217,1178.4234591984127
base_stock,reference,reference,excel,108,218,1272.362152584305
base_stock,reference,reference,excel,109,219,1778.0017600854756
base_stock,reference,reference,excel,110,220,1227.2429933164947
base_stock,reference,reference,excel,111,221,1214.8534833550636
base_stock,reference,reference,excel,112,222,1251.5703606305535
base_stock,reference,reference,excel,113,223,2699.3276731339897
base_stock,reference,reference,excel,114,224,1226.5385898027196
base_stock,reference,reference,excel,115,225,1197.1615268132305
base_stock,reference,reference,excel,116,226,1189.828424250292
base_stock,reference,reference,excel,117,227,2086.777897646736
base_stock,reference,reference,excel,118,228,1231.5396673129223
base_stock,reference,reference,excel,119,229,1216.1393811185926
base_stock,reference,reference,excel,120,230,1289.3872621524376
base_stock,reference,reference,excel,121,231,1257.541744009948
base_stock,reference,reference,excel,122,232,1248.4789353970227
base_stock,reference,reference,excel,123,233,1248.5986099071795
base_stock,reference,reference,excel,124,234,1262.575786112633
base_stock,reference,reference,excel,125,235,1195.8595490459265
base_stock,reference,reference,excel,126,236,1326.7084422722019
base_stock,reference,reference,excel,127,237,1207.5245947528963
base_stock,reference,reference,excel,128,238,1335.373813392949
base_stock,reference,reference,excel,129,239,1788.5958337122136
base_stock,reference,reference,excel,130,240,1213.735555591478
base_stock,reference,reference,excel,131,241,1427.584268382883
base_stock,reference,reference,excel,132,242,1277.1582875530958
base_stock,reference,reference,excel,133,243,1216.3706637151145
base_stock,reference,reference,excel,134,244,1556.7837967762443
base_stock,reference,reference,excel,135,245,1301.8852454687642
base_stock,reference,reference,excel,136,246,1227.6165551546992
base_stock,reference,reference,excel,137,247,1185.47060430862
base_stock,reference,reference,excel,138,248,1338.069772538824
base_stock,reference,reference,excel,139,249,1246.5075103225408
base_stock,reference,reference,excel,140,250,1193.960231934087
base_stock,reference,reference,excel,141,251,1330.3960619815848
base_stock,reference,reference,excel,142,252,1361.9411988300972
base_stock,reference,reference,excel,143,253,1414.5880843043087
base_stock,reference,reference,excel,144,254,1185.8805266554607
base_stock,reference,reference,excel,145,255,1279.390089700782
base_stock,reference,reference,excel,146,256,1304.0512365314407
base_stock,reference,reference,excel,147,257,1311.1994229894644
base_stock,reference,reference,excel,148,258,1213.9804737852353
base_stock,reference,reference,excel,149,259,1235.1405686469836
base_stock,reference,reference,excel,150,260,1273.1945200300463
base_stock,reference,reference,excel,151,261,1265.2056249744555
base_stock,reference,reference,excel,152,262,1278.1645810725097
base_stock,reference,reference,excel,153,263,1263.2137578873062
base_stock,reference,reference,excel,154,264,1172.1812273915152
base_stock,reference,reference,excel,155,265,1223.1299250570805
base_stock,reference,reference,excel,156,266,1301.4008806607287
base_stock,reference,reference,excel,157,267,1266.1514986253405
base_stock,reference,reference,excel,158,268,1635.5117197272705
base_stock,reference,reference,excel,159,269,1231.6409423249436
base_stock,reference,reference,excel,160,270,1281.6248744611428
base_stock,reference,reference,excel,161,271,1352.2035694545084
base_stock,reference,reference,excel,162,272,1255.9020717618362
base_stock,reference,reference,excel,163,273,1377.5492547810763
base_stock,reference,reference,excel,164,274,1367.0537000199877
base_stock,reference,reference,excel,165,275,1211.7304632811263
base_stock,reference,reference,excel,166,276,1217.1094104466708
base_stock,reference,reference,excel,167,277,1300.7692589371359
base_stock,reference,reference,excel,168,278,1930.0306631200913
base_stock,reference,reference,excel,169,279,2093.9124202103308
base_stock,reference,reference,excel,170,280,1334.9187954954168
base_stock,reference,reference,excel,171,281,1306.8655742868407
base_stock,reference,reference,excel,172,282,1272.533903217603
base_stock,reference,reference,excel,173,283,1169.901066780396
base_stock,reference,reference,excel,174,284,1292.5529392120843
base_stock,reference,reference,excel,175,285,1265.2869331570278
base_stock,reference,reference,excel,176,286,1310.3389185701183
base_stock,reference,reference,excel,177,287,1412.3913182610943
base_stock,reference,reference,excel,178,288,1186.3479880775305
base_stock,reference,reference,excel,179,289,1210.969438900305
base_stock,reference,reference,excel,180,290,1305.2792922306996
base_stock,reference,reference,excel,181,291,1191.29258846318
base_stock,reference,reference,excel,182,292,1263.081366398756
base_stock,reference,reference,excel,183,293,1322.7800850786218
base_stock,reference,reference,excel,184,294,1206.7031802077595
base_stock,reference,reference,excel,185,295,1223.1906326736394
base_stock,reference,reference,excel,186,296,1235.1573529658197
base_stock,reference,reference,excel,187,297,1257.8423050957538
base_stock,reference,reference,excel,188,298,1207.6037974957408
base_stock,reference,reference,excel,189,299,1313.2135306028872
base_stock,reference,reference,excel,190,300,1235.507666935596
base_stock,reference,reference,excel,191,301,1334.152117838883
base_stock,reference,reference,excel,192,302,1248.511125126366
base_stock,reference,reference,excel,193,303,1374.0107219874994
base_stock,reference,reference,excel,194,304,1208.4645543967022
base_stock,reference,reference,excel,195,305,1248.9463294339541
base_stock,reference,reference,excel,196,306,1336.9591437850288
base_stock,reference,reference,excel,197,307,1200.7048417489455
base_stock,reference,reference,excel,198,308,1255.8819768957796
base_stock,reference,reference,excel,199,309,1336.3491143303459
base_stock,reference,reference,excel,200,310,1233.4095177723116
constant,reference,reference,validation,1,41001,1263.4884020105023
constant,reference,reference,validation,2,41002,1418.060805169797
constant,reference,reference,validation,3,41003,1363.5115850794011
constant,reference,reference,validation,4,41004,1284.5342015057283
constant,reference,reference,validation,5,41005,1250.5064589195588
constant,reference,reference,validation,6,41006,1304.64843467995
constant,reference,reference,validation,7,41007,1278.7115867057898
constant,reference,reference,validation,8,41008,1350.2842085270465
constant,reference,reference,validation,9,41009,1279.116282943628
constant,reference,reference,validation,10,41010,1229.217615597405
constant,reference,reference,validation,11,41011,1375.6658049869461
constant,reference,reference,validation,12,41012,1293.6986025277529
constant,reference,reference,validation,13,41013,1259.0451197415498
constant,reference,reference,validation,14,41014,1297.8232696063055
constant,reference,reference,validation,15,41015,1396.682226732487
constant,reference,reference,validation,16,41016,1224.5282576042785
constant,reference,reference,validation,17,41017,1302.3977373058658
constant,reference,reference,validation,18,41018,1719.2988706340911
constant,reference,reference,validation,19,41019,1289.7960919077182
constant,reference,reference,validation,20,41020,1291.2024074636029
constant,reference,reference,validation,21,41021,1300.1013795887407
constant,reference,reference,validation,22,41022,1365.9002123535427
constant,reference,reference,validation,23,41023,1276.7191796272662
constant,reference,reference,validation,24,41024,1357.2065883457633
constant,reference,reference,validation,25,41025,1419.1015314789554
constant,reference,reference,validation,26,41026,1843.9948007866826
constant,reference,reference,validation,27,41027,1374.7423779225767
constant,reference,reference,validation,28,41028,1267.6173510715275
constant,reference,reference,validation,29,41029,1295.4387762057138
constant,reference,reference,validation,30,41030,1239.120313935222
constant,reference,reference,validation,31,41031,1382.783652454997
constant,reference,reference,validation,32,41032,1319.1267481432715
constant,reference,reference,validation,33,41033,1447.0628738817165
constant,reference,reference,validation,34,41034,1325.8253776546749
constant,reference,reference,validation,35,41035,1256.419147555644
constant,reference,reference,validation,36,41036,2046.1126577763373
constant,reference,reference,validation,37,41037,1301.6781339690374
constant,reference,reference,validation,38,41038,1332.4071280680469
constant,reference,reference,validation,39,41039,1299.9925032369404
constant,reference,reference,validation,40,41040,1394.1626840146012
constant,reference,reference,validation,41,41041,1415.6905821475325
constant,reference,reference,validation,42,41042,1238.782135864696
constant,reference,reference,validation,43,41043,1299.1661267454565
constant,reference,reference,validation,44,41044,1280.513618543312
constant,reference,reference,validation,45,41045,1306.5964271875216
constant,reference,reference,validation,46,41046,1239.937494795425
constant,reference,reference,validation,47,41047,1361.6521256042258
constant,reference,reference,validation,48,41048,1636.2033838362438
constant,reference,reference,validation,49,41049,1955.8741809524072
constant,reference,reference,validation,50,41050,1291.6157198571364
constant,reference,reference,validation,51,41051,1370.530807061124
constant,reference,reference,validation,52,41052,1354.8174914201136
constant,reference,reference,validation,53,41053,1222.3542450261566
constant,reference,reference,validation,54,41054,1345.7534389742389
constant,reference,reference,validation,55,41055,1393.881081976483
constant,reference,reference,validation,56,41056,1323.1196852717733
constant,reference,reference,validation,57,41057,1410.4441385111832
constant,reference,reference,validation,58,41058,1249.4234816105638
constant,reference,reference,validation,59,41059,1340.8831548821
constant,reference,reference,validation,60,41060,1308.5861709611436
constant,reference,reference,validation,61,41061,1346.3636738744194
constant,reference,reference,validation,62,41062,1393.5009065652455
constant,reference,reference,validation,63,41063,1368.8954411582201
constant,reference,reference,validation,64,41064,1407.2663538409315
constant,reference,reference,validation,65,41065,1291.3527170220414
constant,reference,reference,validation,66,41066,1221.925643328321
constant,reference,reference,validation,67,41067,1267.7270102377408
constant,reference,reference,validation,68,41068,1275.0198531832932
constant,reference,reference,validation,69,41069,1377.9966464883332
constant,reference,reference,validation,70,41070,1417.3751731647021
constant,reference,reference,validation,71,41071,1300.3428765561257
constant,reference,reference,validation,72,41072,1255.9200363977893
constant,reference,reference,validation,73,41073,1405.1676123044026
constant,reference,reference,validation,74,41074,1354.232407485479
constant,reference,reference,validation,75,41075,1273.589840985376
constant,reference,reference,validation,76,41076,1356.3196613969708
constant,reference,reference,validation,77,41077,1334.9515834016513
constant,reference,reference,validation,78,41078,1277.0383652134808
constant,reference,reference,validation,79,41079,1252.315163353858
constant,reference,reference,validation,80,41080,1788.0297870195209
constant,reference,reference,validation,81,41081,1270.568667222687
constant,reference,reference,validation,82,41082,1364.8043635872466
constant,reference,reference,validation,83,41083,1253.536802875328
constant,reference,reference,validation,84,41084,1288.2755945622646
constant,reference,reference,validation,85,41085,1305.0655423958212
constant,reference,reference,validation,86,41086,1288.908508298641
constant,reference,reference,validation,87,41087,1350.7720716119481
constant,reference,reference,validation,88,41088,1217.8204442856572
constant,reference,reference,validation,89,41089,1384.9792105780818
constant,reference,reference,validation,90,41090,1397.873792562577
constant,reference,reference,validation,91,41091,1324.670046179777
constant,reference,reference,validation,92,41092,1356.8395550575046
constant,reference,reference,validation,93,41093,1388.4110564726827
constant,reference,reference,validation,94,41094,1303.8617035027316
constant,reference,reference,validation,95,41095,1304.0549513930973
constant,reference,reference,validation,96,41096,1205.463350320323
constant,reference,reference,validation,97,41097,1271.5159866971196
constant,reference,reference,validation,98,41098,1304.897303325254
constant,reference,reference,validation,99,41099,1251.2562773238556
constant,reference,reference,validation,100,41100,1380.4839179234996
constant,reference,reference,validation,101,41101,1273.8959654055802
constant,reference,reference,validation,102,41102,1419.613299955519
constant,reference,reference,validation,103,41103,1331.9638740012485
constant,reference,reference,validation,104,41104,1312.8774435844637
constant,reference,reference,validation,105,41105,1344.7647712008734
constant,reference,reference,validation,106,41106,1233.7854703763119
constant,reference,reference,validation,107,41107,1310.60171470021
constant,reference,reference,validation,108,41108,1404.8115538066227
constant,reference,reference,validation,109,41109,1304.4883030675746
constant,reference,reference,validation,110,41110,1279.7156557463613
constant,reference,reference,validation,111,41111,1254.218076798989
constant,reference,reference,validation,112,41112,1313.2655663558505
constant,reference,reference,validation,113,41113,1362.9044690898272
constant,reference,reference,validation,114,41114,1475.0102461779784
constant,reference,reference,validation,115,41115,1324.228614709093
constant,reference,reference,validation,116,41116,1354.467677451554
constant,reference,reference,validation,117,41117,1276.1539343509057
constant,reference,reference,validation,118,41118,1322.7756122279748
constant,reference,reference,validation,119,41119,1346.988329180298
constant,reference,reference,validation,120,41120,1414.6700705674702
constant,reference,reference,validation,121,41121,2068.943314673803
constant,reference,reference,validation,122,41122,1271.002645685117
constant,reference,reference,validation,123,41123,1316.3496327277549
constant,reference,reference,validation,124,41124,1243.5806433087341
constant,reference,reference,validation,125,41125,1279.3925487328152
constant,reference,reference,validation,126,41126,1332.4614053045286
constant,reference,reference,validation,127,41127,1352.8097710435818
constant,reference,reference,validation,128,41128,1363.549056046205
constant,reference,reference,validation,129,41129,1416.8291185889004
constant,reference,reference,validation,130,41130,1347.2876754892623
constant,reference,reference,validation,131,41131,1317.6634537109105
constant,reference,reference,validation,132,41132,1387.3980639840424
constant,reference,reference,validation,133,41133,1428.8574505596998
constant,reference,reference,validation,134,41134,1984.0242233091499
constant,reference,reference,validation,135,41135,1278.4904134042197
constant,reference,reference,validation,136,41136,1216.2540684100284
constant,reference,reference,validation,137,41137,1358.235027493545
constant,reference,reference,validation,138,41138,3910.019194905601
constant,reference,reference,validation,139,41139,1758.4651930863163
constant,reference,reference,validation,140,41140,1331.703303690143
constant,reference,reference,validation,141,41141,1254.7972535067127
constant,reference,reference,validation,142,41142,1380.3788016366102
constant,reference,reference,validation,143,41143,1402.7243040643139
constant,reference,reference,validation,144,41144,1269.4946831417897
constant,reference,reference,validation,145,41145,1249.4817871629493
constant,reference,reference,validation,146,41146,3438.5857298143933
constant,reference,reference,validation,147,41147,1282.8436382422447
constant,reference,reference,validation,148,41148,1189.224381255297
constant,reference,reference,validation,149,41149,1305.9872873740264
constant,reference,reference,validation,150,41150,1382.1402168137447
constant,reference,reference,validation,151,41151,1321.1646731535
constant,reference,reference,validation,152,41152,1343.5374143348622
constant,reference,reference,validation,153,41153,1290.2253273667807
constant,reference,reference,validation,154,41154,1314.5703898326856
constant,reference,reference,validation,155,41155,1355.0995876403988
constant,reference,reference,validation,156,41156,1321.8246398093
constant,reference,reference,validation,157,41157,1371.7807740621563
constant,reference,reference,validation,158,41158,1271.6220938487168
constant,reference,reference,validation,159,41159,1416.4598409214861
constant,reference,reference,validation,160,41160,1280.9812748771833
constant,reference,reference,validation,161,41161,1311.2226445712652
constant,reference,reference,validation,162,41162,1333.3328694325414
constant,reference,reference,validation,163,41163,2010.0462226809764
constant,reference,reference,validation,164,41164,1325.583494218853
constant,reference,reference,validation,165,41165,1239.2987337565505
constant,reference,reference,validation,166,41166,1293.0222698526345
constant,reference,reference,validation,167,41167,1333.8926359879279
constant,reference,reference,validation,168,41168,2539.030210581943
constant,reference,reference,validation,169,41169,1644.1625887103853
constant,reference,reference,validation,170,41170,1257.2829663450361
constant,reference,reference,validation,171,41171,1322.3088673656916
constant,reference,reference,validation,172,41172,1305.174542783128
constant,reference,reference,validation,173,41173,1292.5653136678259
constant,reference,reference,validation,174,41174,1264.9691302416559
constant,reference,reference,validation,175,41175,1325.7879556064993
constant,reference,reference,validation,176,41176,1313.2240485970242
constant,reference,reference,validation,177,41177,1287.937416868103
constant,reference,reference,validation,178,41178,1544.8416502416908
constant,reference,reference,validation,179,41179,1268.9571895560664
constant,reference,reference,validation,180,41180,1292.702175685402
constant,reference,reference,validation,181,41181,1268.9818816659265
constant,reference,reference,validation,182,41182,1291.8068556798428
constant,reference,reference,validation,183,41183,1441.3000978010987
constant,reference,reference,validation,184,41184,1309.788783396479
constant,reference,reference,validation,185,41185,1260.7470986910027
constant,reference,reference,validation,186,41186,1306.1155471675745
constant,reference,reference,validation,187,41187,1314.5516235250766
constant,reference,reference,validation,188,41188,1361.3937257558473
constant,reference,reference,validation,189,41189,1389.2862707432685
constant,reference,reference,validation,190,41190,1345.4277703773396
constant,reference,reference,validation,191,41191,1374.9581981585657
constant,reference,reference,validation,192,41192,1278.7294679706872
constant,reference,reference,validation,193,41193,3470.490062415658
constant,reference,reference,validation,194,41194,1315.3075340352132
constant,reference,reference,validation,195,41195,1278.3052463110246
constant,reference,reference,validation,196,41196,1315.7644012608055
constant,reference,reference,validation,197,41197,1309.5538339164812
constant,reference,reference,validation,198,41198,1326.8530276050305
constant,reference,reference,validation,199,41199,1238.31739621568
constant,reference,reference,validation,200,41200,1395.8682459816457
base_stock,reference,reference,validation,1,41001,1310.0428034460706
base_stock,reference,reference,validation,2,41002,1303.6374132236622
base_stock,reference,reference,validation,3,41003,1264.1908233045297
base_stock,reference,reference,validation,4,41004,1299.734626364732
base_stock,reference,reference,validation,5,41005,1237.403923611801
base_stock,reference,reference,validation,6,41006,1240.1518472671116
base_stock,reference,reference,validation,7,41007,1197.543288931523
base_stock,reference,reference,validation,8,41008,1301.313621133126
base_stock,reference,reference,validation,9,41009,1200.3847250203712
base_stock,reference,reference,validation,10,41010,1279.40610329236
base_stock,reference,reference,validation,11,41011,1263.8119472865967
base_stock,reference,reference,validation,12,41012,1180.1449222889255
base_stock,reference,reference,validation,13,41013,1259.4911073029236
base_stock,reference,reference,validation,14,41014,1797.4824556309068
base_stock,reference,reference,validation,15,41015,1310.0531456130045
base_stock,reference,reference,validation,16,41016,1671.4667216331206
base_stock,reference,reference,validation,17,41017,1268.0968363257862
base_stock,reference,reference,validation,18,41018,1344.781803813449
base_stock,reference,reference,validation,19,41019,1868.5268483606935
base_stock,reference,reference,validation,20,41020,1185.3181171481299
base_stock,reference,reference,validation,21,41021,1215.633183690577
base_stock,reference,reference,validation,22,41022,1520.620435079244
base_stock,reference,reference,validation,23,41023,1226.0870279896212
base_stock,reference,reference,validation,24,41024,1286.2365050439676
base_stock,reference,reference,validation,25,41025,1411.6174960293174
base_stock,reference,reference,validation,26,41026,1984.3269787404463
base_stock,reference,reference,validation,27,41027,1224.2975433575762
base_stock,reference,reference,validation,28,41028,1199.7528792599865
base_stock,reference,reference,validation,29,41029,1274.123778717412
base_stock,reference,reference,validation,30,41030,1286.9422994125225
base_stock,reference,reference,validation,31,41031,1226.6701635332656
base_stock,reference,reference,validation,32,41032,1290.7572266390348
base_stock,reference,reference,validation,33,41033,1256.175284574032
base_stock,reference,reference,validation,34,41034,1236.6100132374108
base_stock,reference,reference,validation,35,41035,1284.1994063645875
base_stock,reference,reference,validation,36,41036,2118.3143348332555
base_stock,reference,reference,validation,37,41037,1240.1221676632117
base_stock,reference,reference,validation,38,41038,1518.12276120708
base_stock,reference,reference,validation,39,41039,1250.5786638972477
base_stock,reference,reference,validation,40,41040,1262.7777481276778
base_stock,reference,reference,validation,41,41041,1234.9087208146443
base_stock,reference,reference,validation,42,41042,1206.0628079093037
base_stock,reference,reference,validation,43,41043,1193.2317608559881
base_stock,reference,reference,validation,44,41044,1245.302862855777
base_stock,reference,reference,validation,45,41045,1394.3540877811972
base_stock,reference,reference,validation,46,41046,1292.6463202643747
base_stock,reference,reference,validation,47,41047,1296.3632831815723
base_stock,reference,reference,validation,48,41048,1291.9097053862329
base_stock,reference,reference,validation,49,41049,2171.8761858117336
base_stock,reference,reference,validation,50,41050,1270.3049753827759
base_stock,reference,reference,validation,51,41051,1266.1364248744844
base_stock,reference,reference,validation,52,41052,1332.7344035516298
base_stock,reference,reference,validation,53,41053,1243.8973486478485
base_stock,reference,reference,validation,54,41054,1253.625345534361
base_stock,reference,reference,validation,55,41055,1253.0250836112912
base_stock,reference,reference,validation,56,41056,1265.616404416764
base_stock,reference,reference,validation,57,41057,1276.8475102681778
base_stock,reference,reference,validation,58,41058,1291.739696164488
base_stock,reference,reference,validation,59,41059,1274.0907030586834
base_stock,reference,reference,validation,60,41060,1249.061304134688
base_stock,reference,reference,validation,61,41061,1253.2749784891444
base_stock,reference,reference,validation,62,41062,1315.7775646483
base_stock,reference,reference,validation,63,41063,1277.0188544157863
base_stock,reference,reference,validation,64,41064,2035.2160514649318
base_stock,reference,reference,validation,65,41065,1230.2011414619803
base_stock,reference,reference,validation,66,41066,1161.325472230621
base_stock,reference,reference,validation,67,41067,1412.4598513565948
base_stock,reference,reference,validation,68,41068,1241.0136438165362
base_stock,reference,reference,validation,69,41069,1221.8691291239065
base_stock,reference,reference,validation,70,41070,1271.9253363329494
base_stock,reference,reference,validation,71,41071,2180.5426843874684
base_stock,reference,reference,validation,72,41072,1238.2865615602516
base_stock,reference,reference,validation,73,41073,2068.6564408107506
base_stock,reference,reference,validation,74,41074,1270.5607971761733
base_stock,reference,reference,validation,75,41075,1244.5105375184944
base_stock,reference,reference,validation,76,41076,1214.0230043800273
base_stock,reference,reference,validation,77,41077,1248.20293999655
base_stock,reference,reference,validation,78,41078,1207.2700462423481
base_stock,reference,reference,validation,79,41079,1284.4977217262672
base_stock,reference,reference,validation,80,41080,1309.0874265378357
base_stock,reference,reference,validation,81,41081,1273.9652737167964
base_stock,reference,reference,validation,82,41082,1283.9090182805594
base_stock,reference,reference,validation,83,41083,1194.4669960628146
base_stock,reference,reference,validation,84,41084,1224.2803346088492
base_stock,reference,reference,validation,85,41085,1724.6055011023795
base_stock,reference,reference,validation,86,41086,1258.8661105317976
base_stock,reference,reference,validation,87,41087,1206.2417446394024
base_stock,reference,reference,validation,88,41088,1214.1100824951
base_stock,reference,reference,validation,89,41089,1278.1095769319763
base_stock,reference,reference,validation,90,41090,1284.4623499238946
base_stock,reference,reference,validation,91,41091,1211.6588162443456
base_stock,reference,reference,validation,92,41092,1282.0281241236967
base_stock,reference,reference,validation,93,41093,1247.4903557871025
base_stock,reference,reference,validation,94,41094,1252.6463856629841
base_stock,reference,reference,validation,95,41095,1237.4977459659165
base_stock,reference,reference,validation,96,41096,1278.6677853569502
base_stock,reference,reference,validation,97,41097,1144.1982976639804
base_stock,reference,reference,validation,98,41098,1255.025603163603
base_stock,reference,reference,validation,99,41099,1398.8548245659024
base_stock,reference,reference,validation,100,41100,1577.8276611939086
base_stock,reference,reference,validation,101,41101,1254.8401970595908
base_stock,reference,reference,validation,102,41102,1245.2635136746894
base_stock,reference,reference,validation,103,41103,1249.1663656585051
base_stock,reference,reference,validation,104,41104,2023.1251335594532
base_stock,reference,reference,validation,105,41105,1225.9051963109166
base_stock,reference,reference,validation,106,41106,1594.2414024842242
base_stock,reference,reference,validation,107,41107,1321.6896312210802
base_stock,reference,reference,validation,108,41108,1231.265790631449
base_stock,reference,reference,validation,109,41109,1519.938170663113
base_stock,reference,reference,validation,110,41110,1222.6132569261804
base_stock,reference,reference,validation,111,41111,1239.5448921315117
base_stock,reference,reference,validation,112,41112,1237.0941842444763
base_stock,reference,reference,validation,113,41113,1245.5654694476648
base_stock,reference,reference,validation,114,41114,1605.9161719059168
base_stock,reference,reference,validation,115,41115,1204.2297235206654
base_stock,reference,reference,validation,116,41116,1261.7376739586339
base_stock,reference,reference,validation,117,41117,1207.5942737154685
base_stock,reference,reference,validation,118,41118,1302.462293198286
base_stock,reference,reference,validation,119,41119,1250.4293683184783
base_stock,reference,reference,validation,120,41120,1385.1997734982592
base_stock,reference,reference,validation,121,41121,1278.1463176444547
base_stock,reference,reference,validation,122,41122,1259.1706945636652
base_stock,reference,reference,validation,123,41123,1235.2606505805963
base_stock,reference,reference,validation,124,41124,1208.8461504792267
base_stock,reference,reference,validation,125,41125,1177.3750340513798
base_stock,reference,reference,validation,126,41126,1204.9244556152084
base_stock,reference,reference,validation,127,41127,1280.9007626816206
base_stock,reference,reference,validation,128,41128,1322.6368485568971
base_stock,reference,reference,validation,129,41129,1316.9571172987078
base_stock,reference,reference,validation,130,41130,1252.7592010891294
base_stock,reference,reference,validation,131,41131,1287.2547048555703
base_stock,reference,reference,validation,132,41132,1245.5106122906873
base_stock,reference,reference,validation,133,41133,1288.6305811741781
base_stock,reference,reference,validation,134,41134,1276.028502791273
base_stock,reference,reference,validation,135,41135,1215.6781448090092
base_stock,reference,reference,validation,136,41136,1188.6953355566359
base_stock,reference,reference,validation,137,41137,1265.572406478823
base_stock,reference,reference,validation,138,41138,2027.7589265018098
base_stock,reference,reference,validation,139,41139,1310.9927035046735
base_stock,reference,reference,validation,140,41140,1235.041002894546
base_stock,reference,reference,validation,141,41141,1318.3760785315062
base_stock,reference,reference,validation,142,41142,1229.8479543850715
base_stock,reference,reference,validation,143,41143,1333.941258704609
base_stock,reference,reference,validation,144,41144,1198.531441639439
base_stock,reference,reference,validation,145,41145,1237.0617168085448
base_stock,reference,reference,validation,146,41146,2826.485243764138
base_stock,reference,reference,validation,147,41147,1218.059312814767
base_stock,reference,reference,validation,148,41148,1179.803297997197
base_stock,reference,reference,validation,149,41149,1253.311982350333
base_stock,reference,reference,validation,150,41150,1251.6412818945676
base_stock,reference,reference,validation,151,41151,1279.8497925893903
base_stock,reference,reference,validation,152,41152,1419.5914918504236
base_stock,reference,reference,validation,153,41153,1255.0277495464065
base_stock,reference,reference,validation,154,41154,1311.3895670852573
base_stock,reference,reference,validation,155,41155,1236.250946983952
base_stock,reference,reference,validation,156,41156,1230.5562763058344
base_stock,reference,reference,validation,157,41157,1822.251361886597
base_stock,reference,reference,validation,158,41158,1250.0310048907113
base_stock,reference,reference,validation,159,41159,1314.314393780369
base_stock,reference,reference,validation,160,41160,1249.9642825741637
base_stock,reference,reference,validation,161,41161,1210.0464170391501
base_stock,reference,reference,validation,162,41162,1244.967693186013
base_stock,reference,reference,validation,163,41163,1494.5965818788968
base_stock,reference,reference,validation,164,41164,1273.0977951869363
base_stock,reference,reference,validation,165,41165,1188.4278962411593
base_stock,reference,reference,validation,166,41166,1281.7475691574816
base_stock,reference,reference,validation,167,41167,1248.3317270488035
base_stock,reference,reference,validation,168,41168,1251.299313776243
base_stock,reference,reference,validation,169,41169,1596.1218833792047
base_stock,reference,reference,validation,170,41170,1212.2267610893396
base_stock,reference,reference,validation,171,41171,1276.4964177168508
base_stock,reference,reference,validation,172,41172,1251.7121801500257
base_stock,reference,reference,validation,173,41173,1274.4919352849465
base_stock,reference,reference,validation,174,41174,1279.8364832386778
base_stock,reference,reference,validation,175,41175,1235.8247248171879
base_stock,reference,reference,validation,176,41176,1199.954633725704
base_stock,reference,reference,validation,177,41177,1193.4579325900113
base_stock,reference,reference,validation,178,41178,1295.29419280275
base_stock,reference,reference,validation,179,41179,1274.3853374745988
base_stock,reference,reference,validation,180,41180,1220.6038663519453
base_stock,reference,reference,validation,181,41181,1204.1693986078803
base_stock,reference,reference,validation,182,41182,1190.363955605515
base_stock,reference,reference,validation,183,41183,1288.0866030338955
base_stock,reference,reference,validation,184,41184,1253.214238962447
base_stock,reference,reference,validation,185,41185,1229.0286371629047
base_stock,reference,reference,validation,186,41186,1242.1406152712395
base_stock,reference,reference,validation,187,41187,1345.9349027815597
base_stock,reference,reference,validation,188,41188,1251.7750260146931
base_stock,reference,reference,validation,189,41189,1360.139752145466
base_stock,reference,reference,validation,190,41190,1268.8459409145069
base_stock,reference,reference,validation,191,41191,1376.31858188774
base_stock,reference,reference,validation,192,41192,1275.3288271512245
base_stock,reference,reference,validation,193,41193,1392.4746909980593
base_stock,reference,reference,validation,194,41194,1156.3521730044972
base_stock,reference,reference,validation,195,41195,1381.2887646599158
base_stock,reference,reference,validation,196,41196,1220.0731816088385
base_stock,reference,reference,validation,197,41197,1324.423787147792
base_stock,reference,reference,validation,198,41198,1226.854473675717
base_stock,reference,reference,validation,199,41199,1302.3875196312388
base_stock,reference,reference,validation,200,41200,1346.0379679167609
constant,reference,reference,fresh,1,51001,1291.8789724470296
constant,reference,reference,fresh,2,51002,1238.2411615758929
constant,reference,reference,fresh,3,51003,1420.1840889386192
constant,reference,reference,fresh,4,51004,1378.4556232141047
constant,reference,reference,fresh,5,51005,1954.5382180278805
constant,reference,reference,fresh,6,51006,1329.3142968628524
constant,reference,reference,fresh,7,51007,1347.2537377699657
constant,reference,reference,fresh,8,51008,1327.8240954560247
constant,reference,reference,fresh,9,51009,1280.4773919646086
constant,reference,reference,fresh,10,51010,1225.1500745754938
constant,reference,reference,fresh,11,51011,1448.1814466087342
constant,reference,reference,fresh,12,51012,1308.818469633289
constant,reference,reference,fresh,13,51013,1214.0174388977512
constant,reference,reference,fresh,14,51014,1357.703245572816
constant,reference,reference,fresh,15,51015,1283.8519191310672
constant,reference,reference,fresh,16,51016,1263.7170200312607
constant,reference,reference,fresh,17,51017,1403.4951402695326
constant,reference,reference,fresh,18,51018,1354.982838804312
constant,reference,reference,fresh,19,51019,1406.785170873067
constant,reference,reference,fresh,20,51020,1324.218696449765
constant,reference,reference,fresh,21,51021,1262.1470479021293
constant,reference,reference,fresh,22,51022,1293.753710871736
constant,reference,reference,fresh,23,51023,1420.9256026435935
constant,reference,reference,fresh,24,51024,1349.3556269521516
constant,reference,reference,fresh,25,51025,1348.7962585983332
constant,reference,reference,fresh,26,51026,1388.953812573871
constant,reference,reference,fresh,27,51027,1326.5702232346414
constant,reference,reference,fresh,28,51028,1228.3309954653625
constant,reference,reference,fresh,29,51029,2365.505490116859
constant,reference,reference,fresh,30,51030,1349.566084131874
constant,reference,reference,fresh,31,51031,1393.9463279718207
constant,reference,reference,fresh,32,51032,1567.0132579231874
constant,reference,reference,fresh,33,51033,1250.658927814801
constant,reference,reference,fresh,34,51034,1351.8352892464102
constant,reference,reference,fresh,35,51035,1350.6608733292426
constant,reference,reference,fresh,36,51036,1302.1742284068143
constant,reference,reference,fresh,37,51037,1475.734985831178
constant,reference,reference,fresh,38,51038,1237.5605484938908
constant,reference,reference,fresh,39,51039,1373.5031104516913
constant,reference,reference,fresh,40,51040,1225.8513602057535
constant,reference,reference,fresh,41,51041,1416.7130544603262
constant,reference,reference,fresh,42,51042,1272.9312864717085
constant,reference,reference,fresh,43,51043,1414.4414101427803
constant,reference,reference,fresh,44,51044,1292.966421858972
constant,reference,reference,fresh,45,51045,1245.8592347485744
constant,reference,reference,fresh,46,51046,1336.234536334153
constant,reference,reference,fresh,47,51047,1331.4283541550458
constant,reference,reference,fresh,48,51048,1255.4556667963311
constant,reference,reference,fresh,49,51049,1398.324485029603
constant,reference,reference,fresh,50,51050,1708.1003329563823
constant,reference,reference,fresh,51,51051,1263.3285483619986
constant,reference,reference,fresh,52,51052,1217.327360498045
constant,reference,reference,fresh,53,51053,1491.4286405406415
constant,reference,reference,fresh,54,51054,1562.5944453328614
constant,reference,reference,fresh,55,51055,1362.3063472256101
constant,reference,reference,fresh,56,51056,1309.7899896846372
constant,reference,reference,fresh,57,51057,1312.9108326509975
constant,reference,reference,fresh,58,51058,1429.9491774156145
constant,reference,reference,fresh,59,51059,1349.861720133869
constant,reference,reference,fresh,60,51060,1318.6186729852714
constant,reference,reference,fresh,61,51061,1264.9340051158165
constant,reference,reference,fresh,62,51062,1526.2493860111676
constant,reference,reference,fresh,63,51063,1412.6008632399958
constant,reference,reference,fresh,64,51064,1247.2467964288526
constant,reference,reference,fresh,65,51065,1372.7605859191171
constant,reference,reference,fresh,66,51066,1400.4120111284305
constant,reference,reference,fresh,67,51067,4324.882917047247
constant,reference,reference,fresh,68,51068,1279.3308102128035
constant,reference,reference,fresh,69,51069,1317.720863364567
constant,reference,reference,fresh,70,51070,1303.6540608555279
constant,reference,reference,fresh,71,51071,2996.817363724815
constant,reference,reference,fresh,72,51072,1378.5454482876728
constant,reference,reference,fresh,73,51073,1384.9619074382013
constant,reference,reference,fresh,74,51074,1386.5028886885034
constant,reference,reference,fresh,75,51075,1313.77386457492
constant,reference,reference,fresh,76,51076,2993.089559562647
constant,reference,reference,fresh,77,51077,1410.1789813566309
constant,reference,reference,fresh,78,51078,1383.4829556355423
constant,reference,reference,fresh,79,51079,1396.4688305975535
constant,reference,reference,fresh,80,51080,1403.1098769943528
constant,reference,reference,fresh,81,51081,1260.733240991056
constant,reference,reference,fresh,82,51082,1268.3700113960485
constant,reference,reference,fresh,83,51083,1382.9839462715101
constant,reference,reference,fresh,84,51084,1290.2125282735572
constant,reference,reference,fresh,85,51085,1346.2858863236831
constant,reference,reference,fresh,86,51086,1312.602768778116
constant,reference,reference,fresh,87,51087,1368.2354151517768
constant,reference,reference,fresh,88,51088,1296.250328929472
constant,reference,reference,fresh,89,51089,1262.0481658801195
constant,reference,reference,fresh,90,51090,1247.090685965767
constant,reference,reference,fresh,91,51091,3791.339836968302
constant,reference,reference,fresh,92,51092,1282.6740301503241
constant,reference,reference,fresh,93,51093,1788.6226802624703
constant,reference,reference,fresh,94,51094,1301.316513354135
constant,reference,reference,fresh,95,51095,1400.1440123111186
constant,reference,reference,fresh,96,51096,1313.7648661630883
constant,reference,reference,fresh,97,51097,1262.4120426964196
constant,reference,reference,fresh,98,51098,1276.5947216016914
constant,reference,reference,fresh,99,51099,1280.0465183986103
constant,reference,reference,fresh,100,51100,1322.7146319445415
constant,reference,reference,fresh,101,51101,1272.8613159888564
constant,reference,reference,fresh,102,51102,1363.1926176887482
constant,reference,reference,fresh,103,51103,1323.1916562892338
constant,reference,reference,fresh,104,51104,1375.2970303756663
constant,reference,reference,fresh,105,51105,1320.6446957168193
constant,reference,reference,fresh,106,51106,1522.2472382083497
constant,reference,reference,fresh,107,51107,1312.3016154911231
constant,reference,reference,fresh,108,51108,1324.4634923670628
constant,reference,reference,fresh,109,51109,1232.254448166188
constant,reference,reference,fresh,110,51110,1316.9588098191348
constant,reference,reference,fresh,111,51111,1409.4557484257086
constant,reference,reference,fresh,112,51112,1466.5613336425645
constant,reference,reference,fresh,113,51113,1423.4880095387489
constant,reference,reference,fresh,114,51114,1272.4703698159246
constant,reference,reference,fresh,115,51115,1287.2404674914035
constant,reference,reference,fresh,116,51116,1258.145860245373
constant,reference,reference,fresh,117,51117,1337.3026552676308
constant,reference,reference,fresh,118,51118,1273.0054852004705
constant,reference,reference,fresh,119,51119,1315.9586933108535
constant,reference,reference,fresh,120,51120,1318.5626600417088
constant,reference,reference,fresh,121,51121,1271.3052271102881
constant,reference,reference,fresh,122,51122,1390.042721326957
constant,reference,reference,fresh,123,51123,1306.5949172703927
constant,reference,reference,fresh,124,51124,1260.2244984350548
constant,reference,reference,fresh,125,51125,1330.3094985026348
constant,reference,reference,fresh,126,51126,1261.6814082268324
constant,reference,reference,fresh,127,51127,1331.5091633271252
constant,reference,reference,fresh,128,51128,1486.3427567006183
constant,reference,reference,fresh,129,51129,1356.4779058858592
constant,reference,reference,fresh,130,51130,1397.4301466452248
constant,reference,reference,fresh,131,51131,1248.183485224767
constant,reference,reference,fresh,132,51132,1362.319747484001
constant,reference,reference,fresh,133,51133,1306.7588606907152
constant,reference,reference,fresh,134,51134,1347.006299560868
constant,reference,reference,fresh,135,51135,1255.1537535335408
constant,reference,reference,fresh,136,51136,1388.1414023859215
constant,reference,reference,fresh,137,51137,1285.6732414020307
constant,reference,reference,fresh,138,51138,1335.7605372670805
constant,reference,reference,fresh,139,51139,1848.0306926511832
constant,reference,reference,fresh,140,51140,1243.4231834641187
constant,reference,reference,fresh,141,51141,1363.0912275868056
constant,reference,reference,fresh,142,51142,1331.141609091109
constant,reference,reference,fresh,143,51143,1259.3603450016942
constant,reference,reference,fresh,144,51144,2623.6881478699356
constant,reference,reference,fresh,145,51145,1298.946569745176
constant,reference,reference,fresh,146,51146,1461.6261840634504
constant,reference,reference,fresh,147,51147,1327.022006615827
constant,reference,reference,fresh,148,51148,1356.0146406019098
constant,reference,reference,fresh,149,51149,1245.6483502109606
constant,reference,reference,fresh,150,51150,1274.7013862752244
constant,reference,reference,fresh,151,51151,1331.6553841511807
constant,reference,reference,fresh,152,51152,2357.617658892996
constant,reference,reference,fresh,153,51153,1880.903224464939
constant,reference,reference,fresh,154,51154,1254.706552061257
constant,reference,reference,fresh,155,51155,1298.5218714196853
constant,reference,reference,fresh,156,51156,1321.8902871342332
constant,reference,reference,fresh,157,51157,1311.7734326906875
constant,reference,reference,fresh,158,51158,1357.2738689736668
constant,reference,reference,fresh,159,51159,1268.4188032645109
constant,reference,reference,fresh,160,51160,1370.483266059682
constant,reference,reference,fresh,161,51161,1276.1330492592415
constant,reference,reference,fresh,162,51162,1464.399559382706
constant,reference,reference,fresh,163,51163,1238.2008751175856
constant,reference,reference,fresh,164,51164,1761.2828255029824
constant,reference,reference,fresh,165,51165,1299.522723154661
constant,reference,reference,fresh,166,51166,1474.9994677740008
constant,reference,reference,fresh,167,51167,1325.8536001802524
constant,reference,reference,fresh,168,51168,1409.9861300175
constant,reference,reference,fresh,169,51169,1511.0901746659717
constant,reference,reference,fresh,170,51170,1415.3825275656116
constant,reference,reference,fresh,171,51171,1384.6583514480014
constant,reference,reference,fresh,172,51172,1347.2194246477723
constant,reference,reference,fresh,173,51173,1333.750808415526
constant,reference,reference,fresh,174,51174,1439.876156622671
constant,reference,reference,fresh,175,51175,1664.2526262902968
constant,reference,reference,fresh,176,51176,1410.1799083766414
constant,reference,reference,fresh,177,51177,2777.6703182758342
constant,reference,reference,fresh,178,51178,1284.2439747224469
constant,reference,reference,fresh,179,51179,1351.9999536771836
constant,reference,reference,fresh,180,51180,1407.8438719557778
constant,reference,reference,fresh,181,51181,1331.50057248026
constant,reference,reference,fresh,182,51182,1395.564076058021
constant,reference,reference,fresh,183,51183,1231.5545668626417
constant,reference,reference,fresh,184,51184,1885.2548191198434
constant,reference,reference,fresh,185,51185,1305.2734175937544
constant,reference,reference,fresh,186,51186,1291.014204920306
constant,reference,reference,fresh,187,51187,1357.9953013592162
constant,reference,reference,fresh,188,51188,1347.212322722798
constant,reference,reference,fresh,189,51189,1362.5230050983969
constant,reference,reference,fresh,190,51190,1327.2101902295046
constant,reference,reference,fresh,191,51191,1401.4392145914865
constant,reference,reference,fresh,192,51192,1354.460102700061
constant,reference,reference,fresh,193,51193,1367.823475270769
constant,reference,reference,fresh,194,51194,1270.5936682674567
constant,reference,reference,fresh,195,51195,1312.8825133922403
constant,reference,reference,fresh,196,51196,1390.1755674338713
constant,reference,reference,fresh,197,51197,1353.8319430535037
constant,reference,reference,fresh,198,51198,1224.7309092380385
constant,reference,reference,fresh,199,51199,1218.431461202939
constant,reference,reference,fresh,200,51200,1355.9831960357544
base_stock,reference,reference,fresh,1,51001,1252.2904963217306
base_stock,reference,reference,fresh,2,51002,1214.5247086144532
base_stock,reference,reference,fresh,3,51003,1364.9500669951267
base_stock,reference,reference,fresh,4,51004,1206.5558603462512
base_stock,reference,reference,fresh,5,51005,1307.8885274007139
base_stock,reference,reference,fresh,6,51006,1245.665347135589
base_stock,reference,reference,fresh,7,51007,1253.6989343093492
base_stock,reference,reference,fresh,8,51008,1213.2561731233188
base_stock,reference,reference,fresh,9,51009,1196.9287728509735
base_stock,reference,reference,fresh,10,51010,1209.077703228012
base_stock,reference,reference,fresh,11,51011,1271.5520801023458
base_stock,reference,reference,fresh,12,51012,1688.3933380668677
base_stock,reference,reference,fresh,13,51013,1183.4271630414978
base_stock,reference,reference,fresh,14,51014,1216.4991245674757
base_stock,reference,reference,fresh,15,51015,1266.723693482676
base_stock,reference,reference,fresh,16,51016,1551.2074124409185
base_stock,reference,reference,fresh,17,51017,1330.5491389272431
base_stock,reference,reference,fresh,18,51018,1315.9990032277774
base_stock,reference,reference,fresh,19,51019,1247.0675251878336
base_stock,reference,reference,fresh,20,51020,1916.51495965338
base_stock,reference,reference,fresh,21,51021,1307.7267980700472
base_stock,reference,reference,fresh,22,51022,1222.4426335376413
base_stock,reference,reference,fresh,23,51023,1288.0246576027128
base_stock,reference,reference,fresh,24,51024,1203.3094464880094
base_stock,reference,reference,fresh,25,51025,1237.2095455578312
base_stock,reference,reference,fresh,26,51026,1282.5188398047853
base_stock,reference,reference,fresh,27,51027,1289.6043668142477
base_stock,reference,reference,fresh,28,51028,1229.204958138649
base_stock,reference,reference,fresh,29,51029,1321.6158620438894
base_stock,reference,reference,fresh,30,51030,1243.0997673610693
base_stock,reference,reference,fresh,31,51031,1270.0648320467105
base_stock,reference,reference,fresh,32,51032,1528.952333724123
base_stock,reference,reference,fresh,33,51033,1271.086965657167
base_stock,reference,reference,fresh,34,51034,1242.0910624892285
base_stock,reference,reference,fresh,35,51035,1258.7418518546006
base_stock,reference,reference,fresh,36,51036,1251.7157148229953
base_stock,reference,reference,fresh,37,51037,1435.0238750758936
base_stock,reference,reference,fresh,38,51038,1272.6409672459615
base_stock,reference,reference,fresh,39,51039,1207.693294968053
base_stock,reference,reference,fresh,40,51040,1195.5570007003225
base_stock,reference,reference,fresh,41,51041,1288.370714935033
base_stock,reference,reference,fresh,42,51042,1265.9033758323728
base_stock,reference,reference,fresh,43,51043,1329.7794981474422
base_stock,reference,reference,fresh,44,51044,1243.7420012471118
base_stock,reference,reference,fresh,45,51045,1223.9937416719922
base_stock,reference,reference,fresh,46,51046,1274.1737759912423
base_stock,reference,reference,fresh,47,51047,1239.21013969604
base_stock,reference,reference,fresh,48,51048,1221.7887487495645
base_stock,reference,reference,fresh,49,51049,1254.9930896356827
base_stock,reference,reference,fresh,50,51050,1303.2382717657588
base_stock,reference,reference,fresh,51,51051,1206.3133393800554
base_stock,reference,reference,fresh,52,51052,1245.9576400901374
base_stock,reference,reference,fresh,53,51053,1282.7077739268748
base_stock,reference,reference,fresh,54,51054,1973.1813131229972
base_stock,reference,reference,fresh,55,51055,1255.0679782804802
base_stock,reference,reference,fresh,56,51056,1218.4097759790466
base_stock,reference,reference,fresh,57,51057,1198.2655562457694
base_stock,reference,reference,fresh,58,51058,1238.6220388835193
base_stock,reference,reference,fresh,59,51059,1203.3440916600184
base_stock,reference,reference,fresh,60,51060,1197.153912778004
base_stock,reference,reference,fresh,61,51061,1239.9817354164236
base_stock,reference,reference,fresh,62,51062,1324.768258889121
base_stock,reference,reference,fresh,63,51063,1279.612693069597
base_stock,reference,reference,fresh,64,51064,1166.4326673696291
base_stock,reference,reference,fresh,65,51065,1280.6071522903933
base_stock,reference,reference,fresh,66,51066,1219.1171652155235
base_stock,reference,reference,fresh,67,51067,1303.9252836725323
base_stock,reference,reference,fresh,68,51068,1233.1195899761897
base_stock,reference,reference,fresh,69,51069,1235.8901080422752
base_stock,reference,reference,fresh,70,51070,1205.189118245187
base_stock,reference,reference,fresh,71,51071,1243.3907474703792
base_stock,reference,reference,fresh,72,51072,1231.8529795259317
base_stock,reference,reference,fresh,73,51073,1233.0920681707544
base_stock,reference,reference,fresh,74,51074,1232.7513792419534
base_stock,reference,reference,fresh,75,51075,2155.9794314145843
base_stock,reference,reference,fresh,76,51076,1679.0473849262785
base_stock,reference,reference,fresh,77,51077,1263.4473294951013
base_stock,reference,reference,fresh,78,51078,1282.745856935078
base_stock,reference,reference,fresh,79,51079,1518.9349182462938
base_stock,reference,reference,fresh,80,51080,1305.9150358440222
base_stock,reference,reference,fresh,81,51081,1214.040855810322
base_stock,reference,reference,fresh,82,51082,1689.813657451767
base_stock,reference,reference,fresh,83,51083,1269.8625096033595
base_stock,reference,reference,fresh,84,51084,1368.078268244302
base_stock,reference,reference,fresh,85,51085,1265.3490041276657
base_stock,reference,reference,fresh,86,51086,1276.0948893954578
base_stock,reference,reference,fresh,87,51087,1234.377594450118
base_stock,reference,reference,fresh,88,51088,1283.9241613435202
base_stock,reference,reference,fresh,89,51089,1286.4201126603248
base_stock,reference,reference,fresh,90,51090,2451.8502630641556
base_stock,reference,reference,fresh,91,51091,1827.6141485995495
base_stock,reference,reference,fresh,92,51092,1255.6537095226818
base_stock,reference,reference,fresh,93,51093,1611.2868304132885
base_stock,reference,reference,fresh,94,51094,1230.294885125689
base_stock,reference,reference,fresh,95,51095,1283.7760419830486
base_stock,reference,reference,fresh,96,51096,1216.9648226385573
base_stock,reference,reference,fresh,97,51097,1238.196144919158
base_stock,reference,reference,fresh,98,51098,1200.0966270069075
base_stock,reference,reference,fresh,99,51099,1176.7882555321496
base_stock,reference,reference,fresh,100,51100,1347.0743430142616
base_stock,reference,reference,fresh,101,51101,1253.9388361250114
base_stock,reference,reference,fresh,102,51102,1202.5318509355068
base_stock,reference,reference,fresh,103,51103,1324.4950474806265
base_stock,reference,reference,fresh,104,51104,1229.7850668660185
base_stock,reference,reference,fresh,105,51105,1231.5760431077954
base_stock,reference,reference,fresh,106,51106,1284.5905062115573
base_stock,reference,reference,fresh,107,51107,1724.4381312240373
base_stock,reference,reference,fresh,108,51108,1214.0584026894974
base_stock,reference,reference,fresh,109,51109,1201.5704661088262
base_stock,reference,reference,fresh,110,51110,1250.748551901216
base_stock,reference,reference,fresh,111,51111,1265.2706890863415
base_stock,reference,reference,fresh,112,51112,2336.8549142033903
base_stock,reference,reference,fresh,113,51113,1274.8752996689093
base_stock,reference,reference,fresh,114,51114,1223.9250060240583
base_stock,reference,reference,fresh,115,51115,1190.805600565579
base_stock,reference,reference,fresh,116,51116,1185.1526610282328
base_stock,reference,reference,fresh,117,51117,1223.2443723034262
base_stock,reference,reference,fresh,118,51118,1247.3055006048655
base_stock,reference,reference,fresh,119,51119,1290.1737116065965
base_stock,reference,reference,fresh,120,51120,1231.6251186582754
base_stock,reference,reference,fresh,121,51121,1234.9299602104074
base_stock,reference,reference,fresh,122,51122,1277.2769749993047
base_stock,reference,reference,fresh,123,51123,1238.7461049971541
base_stock,reference,reference,fresh,124,51124,1186.0320339790044
base_stock,reference,reference,fresh,125,51125,1275.7284249374247
base_stock,reference,reference,fresh,126,51126,1225.4644481774255
base_stock,reference,reference,fresh,127,51127,1218.3674158127403
base_stock,reference,reference,fresh,128,51128,1300.2667534265072
base_stock,reference,reference,fresh,129,51129,1434.6212361640273
base_stock,reference,reference,fresh,130,51130,1329.9614525850754
base_stock,reference,reference,fresh,131,51131,1220.554984165615
base_stock,reference,reference,fresh,132,51132,1285.7960984844128
base_stock,reference,reference,fresh,133,51133,1275.3832317773645
base_stock,reference,reference,fresh,134,51134,1220.9273131718662
base_stock,reference,reference,fresh,135,51135,1251.9935141976175
base_stock,reference,reference,fresh,136,51136,1221.7851748091812
base_stock,reference,reference,fresh,137,51137,1258.8791200645608
base_stock,reference,reference,fresh,138,51138,1307.5405476742849
base_stock,reference,reference,fresh,139,51139,1567.8102921831544
base_stock,reference,reference,fresh,140,51140,1243.8584197741995
base_stock,reference,reference,fresh,141,51141,3140.9260023512184
base_stock,reference,reference,fresh,142,51142,1217.7467833970484
base_stock,reference,reference,fresh,143,51143,1266.38240768885
base_stock,reference,reference,fresh,144,51144,2224.964212440139
base_stock,reference,reference,fresh,145,51145,1371.6992996066492
base_stock,reference,reference,fresh,146,51146,1302.1474949325027
base_stock,reference,reference,fresh,147,51147,1246.5996960100945
base_stock,reference,reference,fresh,148,51148,1234.9979706409958
base_stock,reference,reference,fresh,149,51149,1248.4839369170058
base_stock,reference,reference,fresh,150,51150,1250.5065190964208
base_stock,reference,reference,fresh,151,51151,1257.3170609557556
base_stock,reference,reference,fresh,152,51152,1273.714523426347
base_stock,reference,reference,fresh,153,51153,1591.454447552314
base_stock,reference,reference,fresh,154,51154,1183.1490468737784
base_stock,reference,reference,fresh,155,51155,1276.979245360531
base_stock,reference,reference,fresh,156,51156,1328.3322242314355
base_stock,reference,reference,fresh,157,51157,1254.4232424176062
base_stock,reference,reference,fresh,158,51158,1272.766531884814
base_stock,reference,reference,fresh,159,51159,1150.0870954809861
base_stock,reference,reference,fresh,160,51160,1196.4118454444465
base_stock,reference,reference,fresh,161,51161,1257.3506477488834
base_stock,reference,reference,fresh,162,51162,1295.8151870527147
base_stock,reference,reference,fresh,163,51163,1185.6324408509386
base_stock,reference,reference,fresh,164,51164,1356.4022171079655
base_stock,reference,reference,fresh,165,51165,1240.7923257501016
base_stock,reference,reference,fresh,166,51166,1327.1663967724062
base_stock,reference,reference,fresh,167,51167,1255.449742694438
base_stock,reference,reference,fresh,168,51168,1450.7562169071152
base_stock,reference,reference,fresh,169,51169,1330.849626246928
base_stock,reference,reference,fresh,170,51170,1286.2658689802115
base_stock,reference,reference,fresh,171,51171,1290.5089115487021
base_stock,reference,reference,fresh,172,51172,1384.3779088018596
base_stock,reference,reference,fresh,173,51173,1218.0137405227076
base_stock,reference,reference,fresh,174,51174,1287.6553073405714
base_stock,reference,reference,fresh,175,51175,1265.3416195271275
base_stock,reference,reference,fresh,176,51176,1266.7409026252126
base_stock,reference,reference,fresh,177,51177,1329.2199498099105
base_stock,reference,reference,fresh,178,51178,1310.490718880913
base_stock,reference,reference,fresh,179,51179,1248.4964940373998
base_stock,reference,reference,fresh,180,51180,1267.403867194835
base_stock,reference,reference,fresh,181,51181,1227.805761939342
base_stock,reference,reference,fresh,182,51182,1302.9825558833727
base_stock,reference,reference,fresh,183,51183,1760.6263827544974
base_stock,reference,reference,fresh,184,51184,1394.0991027015284
base_stock,reference,reference,fresh,185,51185,1189.358375038901
base_stock,reference,reference,fresh,186,51186,1270.7607354152474
base_stock,reference,reference,fresh,187,51187,1264.9992228283693
base_stock,reference,reference,fresh,188,51188,1221.9526554403321
base_stock,reference,reference,fresh,189,51189,1266.63501603243
base_stock,reference,reference,fresh,190,51190,1237.800877235435
base_stock,reference,reference,fresh,191,51191,1261.6968315083648
base_stock,reference,reference,fresh,192,51192,1227.1159536022608
base_stock,reference,reference,fresh,193,51193,1293.3529944620298
base_stock,reference,reference,fresh,194,51194,1204.6152344898549
base_stock,reference,reference,fresh,195,51195,1209.6511701221395
base_stock,reference,reference,fresh,196,51196,1297.6382168441603
base_stock,reference,reference,fresh,197,51197,1258.762169656386
base_stock,reference,reference,fresh,198,51198,1221.4803926710472
base_stock,reference,reference,fresh,199,51199,1278.0829700225484
base_stock,reference,reference,fresh,200,51200,1378.588675642634
