policy_hash,policy_short_hash,flat_policy_file,distribution_policy_files,distributions,matched_train_cells,source_prompt_file_count,best_rel_error_pct,best_target_performance,best_prompt_performance,example_source_txt,example_last_line
000365806d4f04bf94c75d7054fb132084620674139dd8c964ad1ecc0940a9b6,000365806d4f,policies/000365806d4f.py,policies_by_distribution/normal_std50_L6_c1_5/normal_std50_L6_c1_5__000365806d4f.py,normal_std50_L6_c1_5,20,1,0.007612,8407.34,8406.7,examples/inventory/deepseek-chat_normal_std50_L6_c1_5_50_plain_processed_scipy_15_default_m2_2_r7/prompt_for_code/m2_20260128_181410.txt,"mean = 8406.70, std=1026.84, range=(6788.76, 11043.85)"
000b8a305f77b386d82eb066d07fb1fb115090c75529bec14ac83491765e3c8b,000b8a305f77,policies/000b8a305f77.py,policies_by_distribution/normal_std30_L4_c1_5/normal_std30_L4_c1_5__000b8a305f77.py,normal_std30_L4_c1_5,36,1,0.016451,4133.46,4134.14,examples/inventory/deepseek-chat_normal_std30_L4_c1_5_50_plain_processed_scipy_15_default_m2_2_r6/prompt_for_code/m2_20260130_015844.txt,"mean = 4134.14, std=609.16, range=(3160.00, 5517.00)"
00256da4b1a0bd55bd71190285f35c9fc3bb3ef3b47326954030a68e917f293a,00256da4b1a0,policies/00256da4b1a0.py,policies_by_distribution/normal_std50_L6_c1_2/normal_std50_L6_c1_2__00256da4b1a0.py,normal_std50_L6_c1_2,15,1,0.040442,3783.23,3784.76,examples/inventory/deepseek-chat_normal_std50_L6_c1_2_50_plain_processed_scipy_15_default_m2_4_r1/prompt_for_code/m2_20251217_000013.txt,"mean = 3784.76, std=795.23, range=(2411.00, 7643.00)"
00322c7b5b599f2f02512c42b7b38ca361f854b5d24d43c8d6668d9b3a0e9f99,00322c7b5b59,policies/00322c7b5b59.py,policies_by_distribution/poisson_L2_c1_2/poisson_L2_c1_2__00322c7b5b59.py,poisson_L2_c1_2,5,1,0.000000,705.04,705.04,examples/inventory/deepseek-chat_poisson_L2_c1_2_50_plain_processed_scipy_15_default_m2_4_r1/prompt_for_code/m2_20251217_225852.txt,"mean = 705.04, std=101.51, range=(512.00, 966.00)"
0071d5a633f53cc1895f3a8721a44d9ac2b5b239a6066a9c14b5babc0e62182a,0071d5a633f5,policies/0071d5a633f5.py,policies_by_distribution/exponential_L2_c1_5/exponential_L2_c1_5__0071d5a633f5.py,exponential_L2_c1_5,3,1,0.000000,10279.66,10279.66,examples/inventory/deepseek-chat_exponential_L2_c1_5_50_plain_processed_scipy_15_default_m2_4_r2/prompt_for_code/m2_20251218_033316.txt,"mean = 10279.66, std=1794.61, range=(7195.00, 15581.00)"
008130c084592f7e256cde23d80269806f7111f5cad7e62035ce06a86f0a1189,008130c08459,policies/008130c08459.py,policies_by_distribution/exponential_L4_c1_5/exponential_L4_c1_5__008130c08459.py,exponential_L4_c1_5,30,1,0.003610,11079.08,11078.68,examples/inventory/deepseek-chat_exponential_L4_c1_5_50_plain_processed_scipy_15_default_m2_4_r2/prompt_for_code/m2_20251218_045339.txt,"mean = 11078.68, std=2111.04, range=(6859.00, 16240.00)"
00a17b29d235c7548543ac7b9541d6b9fd8d0da2fe855afe2f6e574a802eebf8,00a17b29d235,policies/00a17b29d235.py,policies_by_distribution/poisson_L2_c1_2/poisson_L2_c1_2__00a17b29d235.py,poisson_L2_c1_2,4,1,0.000000,1052.46,1052.46,examples/inventory/deepseek-chat_poisson_L2_c1_2_50_plain_processed_scipy_15_default_m2_4_r2/prompt_for_code/m2_20251218_021643.txt,"mean = 1052.46, std=105.44, range=(803.00, 1307.00)"
00edb8306cd7e8a80376aef23e6ce6f604e0e42c2952a321d8ca5a0017c2b378,00edb8306cd7,policies/00edb8306cd7.py,policies_by_distribution/exponential_L6_c1_2/exponential_L6_c1_2__00edb8306cd7.py,exponential_L6_c1_2,12,1,0.010830,6094.18,6094.84,examples/inventory/deepseek-chat_exponential_L6_c1_2_50_plain_processed_scipy_15_default_m2_4_r1/prompt_for_code/m2_20251222_043344.txt,"mean = 6094.84, std=1122.12, range=(3956.12, 9797.93)"
0107583364f891a38ccffa1d0e72bcc280fb70ab4f686aa564ac9823d1950d66,0107583364f8,policies/0107583364f8.py,policies_by_distribution/normal_std30_L6_c1_2/normal_std30_L6_c1_2__0107583364f8.py,normal_std30_L6_c1_2,19,1,0.057123,3518.74,3520.75,examples/inventory/deepseek-chat_normal_std30_L6_c1_2_50_plain_processed_scipy_15_default_m2_4_r1/prompt_for_code/m2_20251222_020759.txt,"mean = 3520.75, std=323.06, range=(2940.47, 4235.51)"
010e6b2055be94b979857dcb785f85e515b4e38fa8429bba3faf198613e064e8,010e6b2055be,policies/010e6b2055be.py,policies_by_distribution/poisson_L6_c1_5/poisson_L6_c1_5__010e6b2055be.py,poisson_L6_c1_5,4,2,0.049161,2949.48,2948.03,examples/inventory/deepseek-chat_poisson_L6_c1_5_50_plain_processed_scipy_15_default_m2_4_r2/prompt_for_code/m2_20251218_054434.txt,"mean = 2948.03, std=226.00, range=(2320.15, 3538.13)"
013c93430a0ae52a9e0fb9f5a6af78f28d4670018548ba3ca37fdf42680c5b4f,013c93430a0a,policies/013c93430a0a.py,policies_by_distribution/normal_std10_L6_c1_5/normal_std10_L6_c1_5__013c93430a0a.py,normal_std10_L6_c1_5,9,1,0.000000,1248.57,1248.57,examples/inventory/deepseek-chat_normal_std10_L6_c1_5_50_plain_processed_scipy_15_default_m2_2_r6/prompt_for_code/m2_20260130_012613.txt,"mean = 1248.57, std=237.32, range=(791.61, 1875.99)"
01b12de94d8004ba44498b58a92ca6f3e16510809886b9e0e212137c38dc6aea,01b12de94d80,policies/01b12de94d80.py,policies_by_distribution/poisson_L6_c1_5/poisson_L6_c1_5__01b12de94d80.py,poisson_L6_c1_5,2,1,0.055126,1759.6,1760.57,examples/inventory/deepseek-chat_poisson_L6_c1_5_50_plain_processed_scipy_15_default_m2_2_r6/prompt_for_code/m2_20260130_034407.txt,"mean = 1760.57, std=222.63, range=(1098.50, 2318.11)"
01c489d6841a94ef36ca723fcc878039f91312590ec23002967047b8120029e3,01c489d6841a,policies/01c489d6841a.py,policies_by_distribution/poisson_L6_c1_5/poisson_L6_c1_5__01c489d6841a.py,poisson_L6_c1_5,1,1,0.346873,3223.08,3234.26,examples/inventory/deepseek-chat_poisson_L6_c1_5_50_plain_processed_scipy_15_default_m2_4_r3/prompt_for_code/m2_20251218_093842.txt,"mean = 3234.26, std=288.22, range=(2840.30, 4090.30)"
01cba36c336ee323c32dcb490c5928533612ed3d1dbe43c71d6af52617fa1f3a,01cba36c336e,policies/01cba36c336e.py,policies_by_distribution/exponential_L6_c1_5/exponential_L6_c1_5__01cba36c336e.py,exponential_L6_c1_5,2,1,0.000000,11338.9,11338.9,examples/inventory/deepseek-chat_exponential_L6_c1_5_50_plain_processed_scipy_15_default_m2_4_r2/prompt_for_code/m2_20251218_062002.txt,"mean = 11338.90, std=2703.97, range=(5859.00, 16982.00)"
02413156dcee7cd98c78101e69e86a85cf0b3fcb76c2fcf25af7e78f4428c885,02413156dcee,policies/02413156dcee.py,policies_by_distribution/poisson_L6_c1_5/poisson_L6_c1_5__02413156dcee.py,poisson_L6_c1_5,2,1,0.017594,2671.41,2671.88,examples/inventory/deepseek-chat_poisson_L6_c1_5_50_plain_processed_scipy_15_default_m2_2_r6/prompt_for_code/m2_20260128_165319.txt,"mean = 2671.88, std=235.70, range=(2122.00, 3287.00)"
025577ce3e6f50b50ebea6834d9eb44acd13c3e03e0a7cc1d0ae295ae165e0e7,025577ce3e6f,policies/025577ce3e6f.py,policies_by_distribution/exponential_L4_c1_2/exponential_L4_c1_2__025577ce3e6f.py,exponential_L4_c1_2,21,1,0.007477,6152.1,6151.64,examples/inventory/deepseek-chat_exponential_L4_c1_2_50_plain_processed_scipy_15_default_m2_4_r3/prompt_for_code/m2_20251218_083114.txt,"mean = 6151.64, std=1296.22, range=(4244.00, 11514.00)"
0322663e04bca8dbc455224f176862bdf4f357cfdd7abfe473a9d942029f0932,0322663e04bc,policies/0322663e04bc.py,policies_by_distribution/normal_std30_L4_c1_5/normal_std30_L4_c1_5__0322663e04bc.py,normal_std30_L4_c1_5,9,1,0.000000,3524.24,3524.24,examples/inventory/deepseek-chat_normal_std30_L4_c1_5_50_plain_processed_scipy_15_default_m2_2_r6/prompt_for_code/m2_20260128_004253.txt,"mean = 3524.24, std=506.93, range=(2449.74, 4905.65)"
032cb01c458bbd3eb433c557c4575c601ff37f88646491285fc2b28f009b208c,032cb01c458b,policies/032cb01c458b.py,policies_by_distribution/normal_std10_L4_c1_2/normal_std10_L4_c1_2__032cb01c458b.py,normal_std10_L4_c1_2,1,1,0.066029,1272.16,1273.0,examples/inventory/deepseek-chat_normal_std10_L4_c1_2_50_plain_processed_scipy_15_default_m2_2_r7/prompt_for_code/m2_20260128_025633.txt,"mean = 1273.00, std=186.30, range=(920.00, 1744.00)"
03a80d62ba103b470edb916b09e21e8b7bd26f7d06df7c7ef23f0fd0a065b6cb,03a80d62ba10,policies/03a80d62ba10.py,policies_by_distribution/poisson_L6_c1_5/poisson_L6_c1_5__03a80d62ba10.py,poisson_L6_c1_5,77,1,0.000000,1167.37,1167.37,examples/inventory/deepseek-chat_poisson_L6_c1_5_50_plain_processed_scipy_15_default_m2_2_r7/prompt_for_code/m2_20260128_205317.txt,"mean = 1167.37, std=218.12, range=(697.40, 1670.34)"
03e95f69af1b94638b25af53ee544c600c9affc24b24d9ff2399c077f75062f5,03e95f69af1b,policies/03e95f69af1b.py,policies_by_distribution/normal_std30_L6_c1_2/normal_std30_L6_c1_2__03e95f69af1b.py,normal_std30_L6_c1_2,55,1,0.000000,4193.86,4193.86,examples/inventory/deepseek-chat_normal_std30_L6_c1_2_50_plain_processed_scipy_15_default_m2_2_r6/prompt_for_code/m2_20260130_014235.txt,"mean = 4193.86, std=399.04, range=(3537.82, 5277.00)"
042cdf250f0cdcd8ce703402bb9b6ed45808d4be298d4acf6e4caef38e4d911b,042cdf250f0c,policies/042cdf250f0c.py,policies_by_distribution/poisson_L6_c1_5/poisson_L6_c1_5__042cdf250f0c.py,poisson_L6_c1_5,17,1,0.000000,1602.92,1602.92,examples/inventory/deepseek-chat_poisson_L6_c1_5_50_plain_processed_scipy_15_default_m2_4_r1/prompt_for_code/m2_20251218_021146.txt,"mean = 1602.92, std=723.65, range=(791.00, 3799.00)"
0441771903fa26a2ed72448b38c8c84b6322562a05c3aa52c70cd07bdfb202ad,0441771903fa,policies/0441771903fa.py,policies_by_distribution/poisson_L2_c1_2/poisson_L2_c1_2__0441771903fa.py,poisson_L2_c1_2,13,1,0.000000,781.1,781.1,examples/inventory/deepseek-chat_poisson_L2_c1_2_50_plain_processed_scipy_15_default_m2_4_r4/prompt_for_code/m2_20251218_103633.txt,"mean = 781.10, std=93.71, range=(613.00, 1057.00)"
04945838bbe9e535c096b6a9546e93d19b9befaf2efa5447a85671f31acd50d0,04945838bbe9,policies/04945838bbe9.py,policies_by_distribution/normal_std50_L6_c1_5/normal_std50_L6_c1_5__04945838bbe9.py,normal_std50_L6_c1_5,50,1,0.000000,6456.52,6456.52,examples/inventory/deepseek-chat_normal_std50_L6_c1_5_50_plain_processed_scipy_15_default_m2_2_r6/prompt_for_code/m2_20260128_135915.txt,"mean = 6456.52, std=1214.33, range=(4536.22, 10080.58)"
0498aeee745890841a78e49951cb4e7ad0f560b912b6c98743a4b6aee7eb54a4,0498aeee7458,policies/0498aeee7458.py,policies_by_distribution/poisson_L2_c1_2/poisson_L2_c1_2__0498aeee7458.py,poisson_L2_c1_2,6,1,0.000000,985.7,985.7,examples/inventory/deepseek-chat_poisson_L2_c1_2_50_plain_processed_scipy_15_default_m2_4_r2/prompt_for_code/m2_20251218_022257.txt,"mean = 985.70, std=90.41, range=(795.00, 1256.00)"
04c1ef695e2d20f6e1a48005453e1baa8d5063b5870f2c3d720913d218749bc4,04c1ef695e2d,policies/04c1ef695e2d.py,policies_by_distribution/poisson_L2_c1_2/poisson_L2_c1_2__04c1ef695e2d.py,poisson_L2_c1_2,4,1,0.000000,1425.92,1425.92,examples/inventory/deepseek-chat_poisson_L2_c1_2_50_plain_processed_scipy_15_default_m2_4_r4/prompt_for_code/m2_20251218_100008.txt,"mean = 1425.92, std=122.44, range=(1187.00, 1749.00)"
04e90cf853d07de96f3f9ed68a7cafaa038768f1eca609f159280e31da1a2e07,04e90cf853d0,policies/04e90cf853d0.py,policies_by_distribution/poisson_L6_c1_2/poisson_L6_c1_2__04e90cf853d0.py,poisson_L6_c1_2,8,1,0.000000,766.37,766.37,examples/inventory/deepseek-chat_poisson_L6_c1_2_50_plain_processed_scipy_15_default_m2_2_r8/prompt_for_code/m2_20260129_001623.txt,"mean = 766.37, std=127.71, range=(462.63, 1280.80)"
0512ddd959bedb347c61734f97212854d69c90d8fb4672bde856dce9a702aa55,0512ddd959be,policies/0512ddd959be.py,policies_by_distribution/normal_std30_L4_c1_5/normal_std30_L4_c1_5__0512ddd959be.py,normal_std30_L4_c1_5,36,1,0.000000,3523.43,3523.43,examples/inventory/deepseek-chat_normal_std30_L4_c1_5_50_plain_processed_scipy_15_default_m2_2_r7/prompt_for_code/m2_20260130_062913.txt,"mean = 3523.43, std=502.12, range=(2448.96, 4872.91)"
051a816a2a9ed207e3c7b9ab4092d252bfdb4c73fca66fbe97d1101bb9c85488,051a816a2a9e,policies/051a816a2a9e.py,policies_by_distribution/normal_std30_L6_c1_2/normal_std30_L6_c1_2__051a816a2a9e.py,normal_std30_L6_c1_2,1,1,0.993416,3760.76,3723.4,examples/inventory/deepseek-chat_normal_std30_L6_c1_2_50_plain_processed_scipy_15_default_m2_4_r1/prompt_for_code/m2_20251219_115111.txt,"mean = 3723.40, std=319.62, range=(3151.00, 4437.00)"
052274b1eefcfe6fe619008da78542d78ebd0aaab4fb03067303ddcdd9935710,052274b1eefc,policies/052274b1eefc.py,policies_by_distribution/poisson_L2_c1_2/poisson_L2_c1_2__052274b1eefc.py,poisson_L2_c1_2,9,2,0.024735,970.28,970.04,examples/inventory/deepseek-chat_poisson_L2_c1_2_50_plain_processed_scipy_15_default_m2_4_r3/prompt_for_code/m2_20251218_064251.txt,"mean = 970.04, std=90.62, range=(778.00, 1218.00)"
05c0d3a08aff45f1e2b0bf5f8dfd01f01f89406f6ebd9f1cf612c39ab7925504,05c0d3a08aff,policies/05c0d3a08aff.py,policies_by_distribution/exponential_L6_c1_5/exponential_L6_c1_5__05c0d3a08aff.py,exponential_L6_c1_5,4,1,0.000000,11818.08,11818.08,examples/inventory/deepseek-chat_exponential_L6_c1_5_50_plain_processed_scipy_15_default_m2_4_r3/prompt_for_code/m2_20251218_102606.txt,"mean = 11818.08, std=2352.72, range=(6780.00, 17273.00)"
05cb28c308a373bdc2f1ccc585409270dc5b853921a1e8be3dc0b244c0994885,05cb28c308a3,policies/05cb28c308a3.py,policies_by_distribution/poisson_L4_c1_5/poisson_L4_c1_5__05cb28c308a3.py,poisson_L4_c1_5,12,1,0.000000,1508.34,1508.34,examples/inventory/deepseek-chat_poisson_L4_c1_5_50_plain_processed_scipy_15_default_m2_4_r3/prompt_for_code/m2_20251218_081715.txt,"mean = 1508.34, std=277.25, range=(966.00, 2331.00)"
0627c6dcd5da513d3c0974d3ef4204f239ce00066820f072cb93bdfa19c578d1,0627c6dcd5da,policies/0627c6dcd5da.py,policies_by_distribution/exponential_L4_c1_5/exponential_L4_c1_5__0627c6dcd5da.py,exponential_L4_c1_5,20,1,0.000000,11305.06,11305.06,examples/inventory/deepseek-chat_exponential_L4_c1_5_50_plain_processed_scipy_15_default_m2_4_r3/prompt_for_code/m2_20251218_085057.txt,"mean = 11305.06, std=2176.50, range=(6739.00, 17054.00)"
063b58117fdbfacfa8a288b340026a20bfc945bd6a6816970a1dd6f3ee99ee27,063b58117fdb,policies/063b58117fdb.py,policies_by_distribution/normal_std50_L6_c1_2/normal_std50_L6_c1_2__063b58117fdb.py,normal_std50_L6_c1_2,1,1,0.029612,4221.28,4220.03,examples/inventory/deepseek-chat_normal_std50_L6_c1_2_50_plain_processed_scipy_15_default_m2_4_r2/prompt_for_code/m2_20251217_003347.txt,"mean = 4220.03, std=595.54, range=(3285.56, 5891.76)"
0649966ff390e8eac9795bfa4274b1693f0d03b86fffc90a104543bc78a0319b,0649966ff390,policies/0649966ff390.py,policies_by_distribution/exponential_L4_c1_5/exponential_L4_c1_5__0649966ff390.py,exponential_L4_c1_5,2,1,0.000000,11396.96,11396.96,examples/inventory/deepseek-chat_exponential_L4_c1_5_50_plain_processed_scipy_15_default_m2_4_r2/prompt_for_code/m2_20251218_043352.txt,"mean = 11396.96, std=1979.97, range=(7258.00, 17171.00)"
065afc33193bd450c5b518545c333ab2050701649e77292f35e22ebe35ed7bd8,065afc33193b,policies/065afc33193b.py,policies_by_distribution/exponential_L6_c1_5/exponential_L6_c1_5__065afc33193b.py,exponential_L6_c1_5,12,1,0.002236,12520.78,12520.5,examples/inventory/deepseek-chat_exponential_L6_c1_5_50_plain_processed_scipy_15_default_m2_4_r3/prompt_for_code/m2_20251218_101304.txt,"mean = 12520.50, std=2344.32, range=(7714.52, 18483.25)"
0697f911d36e82e62e58d41badf5f830834e90d320684134a91836631e46dbd2,0697f911d36e,policies/0697f911d36e.py,policies_by_distribution/normal_std50_L6_c1_5/normal_std50_L6_c1_5__0697f911d36e.py,normal_std50_L6_c1_5,73,1,0.000000,8590.22,8590.22,examples/inventory/deepseek-chat_normal_std50_L6_c1_5_50_plain_processed_scipy_15_default_m2_2_r7/prompt_for_code/m2_20260129_085614.txt,"mean = 8590.22, std=1024.41, range=(6575.09, 11092.98)"
06aff9a194536b315d61d10dbb42ad78f6bea6a15578c7be0572aed57bbb1a36,06aff9a19453,policies/06aff9a19453.py,policies_by_distribution/exponential_L6_c1_5/exponential_L6_c1_5__06aff9a19453.py,exponential_L6_c1_5,25,1,0.002782,12942.56,12942.2,examples/inventory/deepseek-chat_exponential_L6_c1_5_50_plain_processed_scipy_15_default_m2_4_r3/prompt_for_code/m2_20251218_100903.txt,"mean = 12942.20, std=2332.44, range=(8613.00, 19268.00)"
06bcd152f99b365dbadc875b7c40989433287d62635e12ddf7c262f4d9b02cba,06bcd152f99b,policies/06bcd152f99b.py,policies_by_distribution/poisson_L6_c1_5/poisson_L6_c1_5__06bcd152f99b.py,poisson_L6_c1_5,6,1,0.009976,3207.8,3207.48,examples/inventory/deepseek-chat_poisson_L6_c1_5_50_plain_processed_scipy_15_default_m2_2_r6/prompt_for_code/m2_20260128_163444.txt,"mean = 3207.48, std=224.08, range=(2786.00, 3969.00)"
06dc2c8b1ff2520058bc2f3ff9b6698bf437c27b640c0d4682e00668b767c432,06dc2c8b1ff2,policies/06dc2c8b1ff2.py,policies_by_distribution/exponential_L6_c1_2/exponential_L6_c1_2__06dc2c8b1ff2.py,exponential_L6_c1_2,10,1,0.000000,6228.88,6228.88,examples/inventory/deepseek-chat_exponential_L6_c1_2_50_plain_processed_scipy_15_default_m2_2_r7/prompt_for_code/m2_20260129_094227.txt,"mean = 6228.88, std=1050.67, range=(4123.00, 9480.00)"
0712b61b9e3168dcf7efdca1fc0d2a076c270ce2be9a472f95548e52fff2e5d1,0712b61b9e31,policies/0712b61b9e31.py,policies_by_distribution/poisson_L6_c1_2/poisson_L6_c1_2__0712b61b9e31.py,poisson_L6_c1_2,5,1,0.529970,2313.34,2325.6,examples/inventory/deepseek-chat_poisson_L6_c1_2_50_plain_processed_scipy_15_default_m2_4_r1/prompt_for_code/m2_20251224_051941.txt,"mean = 2325.60, std=275.53, range=(1750.82, 3234.26)"
07220cc366c4a3f2dd06875dab8616104fe0214f94a9fb4e4bd29de387d9d2e9,07220cc366c4,policies/07220cc366c4.py,policies_by_distribution/exponential_L6_c1_2/exponential_L6_c1_2__07220cc366c4.py,exponential_L6_c1_2,31,1,0.028092,6051.54,6049.84,examples/inventory/deepseek-chat_exponential_L6_c1_2_50_plain_processed_scipy_15_default_m2_4_r2/prompt_for_code/m2_20251218_055204.txt,"mean = 6049.84, std=1165.49, range=(3749.00, 9278.00)"
073093f07067bd9cd29161531b887dadc7e7875dbe8c896a2fc6bc462148c792,073093f07067,policies/073093f07067.py,policies_by_distribution/exponential_L2_c1_5/exponential_L2_c1_5__073093f07067.py,exponential_L2_c1_5,45,1,0.001367,10237.94,10237.8,examples/inventory/deepseek-chat_exponential_L2_c1_5_50_plain_processed_scipy_15_default_m2_4_r2/prompt_for_code/m2_20251218_032815.txt,"mean = 10237.80, std=1741.12, range=(7170.00, 15269.00)"
076d002ec7960f706a5d386fe7a44f90fe187aba9538ffeef36b875b719e7051,076d002ec796,policies/076d002ec796.py,policies_by_distribution/exponential_L2_c1_2/exponential_L2_c1_2__076d002ec796.py,exponential_L2_c1_2,25,1,0.000000,5932.36,5932.36,examples/inventory/deepseek-chat_exponential_L2_c1_2_50_plain_processed_scipy_15_default_m2_4_r1/prompt_for_code/m2_20251217_224648.txt,"mean = 5932.36, std=986.00, range=(4577.00, 8488.00)"
07792ae04454756feeea4ff559ef2ed55122e83d7e60dc7d8682e25a9859a152,07792ae04454,policies/07792ae04454.py,policies_by_distribution/poisson_L6_c1_2/poisson_L6_c1_2__07792ae04454.py,poisson_L6_c1_2,11,1,0.501583,1194.22,1188.23,examples/inventory/deepseek-chat_poisson_L6_c1_2_50_plain_processed_scipy_15_default_m2_4_r2/prompt_for_code/m2_20251218_051713.txt,"mean = 1188.23, std=105.43, range=(936.29, 1403.13)"
07c390898c4368f77038153f67ddbf28ff622e3264d6d4bf2d149b30b672af14,07c390898c43,policies/07c390898c43.py,policies_by_distribution/exponential_L4_c1_5/exponential_L4_c1_5__07c390898c43.py,exponential_L4_c1_5,33,2,0.000000,11027.99,11027.99,examples/inventory/deepseek-chat_exponential_L4_c1_5_50_plain_processed_scipy_15_default_m2_4_r3/prompt_for_code/m2_20251218_084729.txt,"mean = 11027.99, std=2115.58, range=(6753.63, 16288.15)"
082c91d8fd35e92f9e5720391a66a1883e3d0578aae08aea45c39b0e28c94f37,082c91d8fd35,policies/082c91d8fd35.py,policies_by_distribution/exponential_L4_c1_5/exponential_L4_c1_5__082c91d8fd35.py,exponential_L4_c1_5,50,1,0.001177,11047.91,11047.78,examples/inventory/deepseek-chat_exponential_L4_c1_5_50_plain_processed_scipy_15_default_m2_4_r2/prompt_for_code/m2_20251218_044917.txt,"mean = 11047.78, std=2124.62, range=(6862.69, 16439.35)"
085ac011d83e1d9c4a90bd7990a5a314b178577bf3ac27e5607fa3cb51d59c90,085ac011d83e,policies/085ac011d83e.py,policies_by_distribution/poisson_L2_c1_5/poisson_L2_c1_5__085ac011d83e.py,poisson_L2_c1_5,57,2,0.000000,1427.26,1427.26,examples/inventory/deepseek-chat_poisson_L2_c1_5_50_plain_processed_scipy_15_default_m2_4_r1/prompt_for_code/m2_20251217_230444.txt,"mean = 1427.26, std=153.60, range=(1042.16, 1757.81)"
086267a558ed10b0f1cd022ff2422436db4c5d257ca77808bb514fd923229081,086267a558ed,policies/086267a558ed.py,policies_by_distribution/normal_std10_L4_c1_2/normal_std10_L4_c1_2__086267a558ed.py,normal_std10_L4_c1_2,40,1,0.000000,744.84,744.84,examples/inventory/deepseek-chat_normal_std10_L4_c1_2_50_plain_processed_scipy_15_default_m2_2_r6/prompt_for_code/m2_20260127_224553.txt,"mean = 744.84, std=134.20, range=(500.24, 1210.78)"
0877ea4a792902a3c5fb0b40c137f2413a7dfa2e1109a8e2d4c1db926599656e,0877ea4a7929,policies/0877ea4a7929.py,policies_by_distribution/exponential_L6_c1_2/exponential_L6_c1_2__0877ea4a7929.py,exponential_L6_c1_2,25,1,0.000000,6392.54,6392.54,examples/inventory/deepseek-chat_exponential_L6_c1_2_50_plain_processed_scipy_15_default_m2_4_r3/prompt_for_code/m2_20251218_092505.txt,"mean = 6392.54, std=1020.18, range=(4290.00, 9638.00)"
08f4eae2f6e7b760dfdc817d561f2f26d8b05b6571872bc35749c2212075d692,08f4eae2f6e7,policies/08f4eae2f6e7.py,policies_by_distribution/normal_std50_L6_c1_2/normal_std50_L6_c1_2__08f4eae2f6e7.py,normal_std50_L6_c1_2,4,1,0.007713,5185.78,5186.18,examples/inventory/deepseek-chat_normal_std50_L6_c1_2_50_plain_processed_scipy_15_default_m2_4_r1/prompt_for_code/m2_20251216_233319.txt,"mean = 5186.18, std=612.60, range=(4136.00, 7017.00)"
08fae30a8913389339f5908f78e7404b346b128c3aba8cd6af423a4223179ac9,08fae30a8913,policies/08fae30a8913.py,policies_by_distribution/exponential_L6_c1_5/exponential_L6_c1_5__08fae30a8913.py,exponential_L6_c1_5,9,1,0.000000,12234.86,12234.86,examples/inventory/deepseek-chat_exponential_L6_c1_5_50_plain_processed_scipy_15_default_m2_4_r1/prompt_for_code/m2_20251218_020341.txt,"mean = 12234.86, std=2271.35, range=(7854.00, 17142.00)"
0905aa2737709796ef5f65e681f30a8701eabeae35f63c5710836ec79c5e364b,0905aa273770,policies/0905aa273770.py,policies_by_distribution/poisson_L2_c1_5/poisson_L2_c1_5__0905aa273770.py,poisson_L2_c1_5,7,1,0.000000,1171.4,1171.4,examples/inventory/deepseek-chat_poisson_L2_c1_5_50_plain_processed_scipy_15_default_m2_4_r1/prompt_for_code/m2_20251217_231722.txt,"mean = 1171.40, std=157.04, range=(778.58, 1498.39)"
0980ded2323861dd7586f05fdb5d5494cd76ddcef33657e9d32d6a411bb96eae,0980ded23238,policies/0980ded23238.py,policies_by_distribution/poisson_L6_c1_5/poisson_L6_c1_5__0980ded23238.py,poisson_L6_c1_5,44,1,0.003397,1177.6,1177.56,examples/inventory/deepseek-chat_poisson_L6_c1_5_50_plain_processed_scipy_15_default_m2_4_r1/prompt_for_code/m2_20251218_015649.txt,"mean = 1177.56, std=225.56, range=(646.89, 1631.74)"
09a06bfbfd3f46dfdae434f51e26df988edf11700e63ab1c788f83b2fd14cab1,09a06bfbfd3f,policies/09a06bfbfd3f.py,policies_by_distribution/poisson_L2_c1_2/poisson_L2_c1_2__09a06bfbfd3f.py,poisson_L2_c1_2,23,1,0.000000,1032.26,1032.26,examples/inventory/deepseek-chat_poisson_L2_c1_2_50_plain_processed_scipy_15_default_m2_4_r1/prompt_for_code/m2_20251217_223251.txt,"mean = 1032.26, std=91.57, range=(859.00, 1317.00)"
0a08eb39de13972c6910acf2c6a307a4a35d239c2f102bf80f03545967ace7ff,0a08eb39de13,policies/0a08eb39de13.py,policies_by_distribution/exponential_L6_c1_2/exponential_L6_c1_2__0a08eb39de13.py,exponential_L6_c1_2,8,1,0.000000,6105.48,6105.48,examples/inventory/deepseek-chat_exponential_L6_c1_2_50_plain_processed_scipy_15_default_m2_4_r2/prompt_for_code/m2_20251218_053746.txt,"mean = 6105.48, std=1071.13, range=(3973.00, 9494.00)"
0a5c14bdb46ccda6db6ab3c51cb3f0d956249211cdef490f70dd97ae0fe0cf5d,0a5c14bdb46c,policies/0a5c14bdb46c.py,policies_by_distribution/poisson_L2_c1_5/poisson_L2_c1_5__0a5c14bdb46c.py,poisson_L2_c1_5,8,1,0.104448,1244.64,1243.34,examples/inventory/deepseek-chat_poisson_L2_c1_5_50_plain_processed_scipy_15_default_m2_4_r1/prompt_for_code/m2_20251217_232131.txt,"mean = 1243.34, std=177.48, range=(767.37, 1570.37)"
0a83a69ef17c948f60c719273e2163039609479d7eac9cb5ac9e49cb3cdbbe77,0a83a69ef17c,policies/0a83a69ef17c.py,policies_by_distribution/poisson_L4_c1_2/poisson_L4_c1_2__0a83a69ef17c.py,poisson_L4_c1_2,4,1,0.009943,804.6,804.52,examples/inventory/deepseek-chat_poisson_L4_c1_2_50_plain_processed_scipy_15_default_m2_4_r2/prompt_for_code/m2_20251218_040200.txt,"mean = 804.52, std=133.59, range=(550.00, 1189.00)"
0aca35de4ce5925b5ee77e618bc45b2306c3529d13af632cef6c3c4d340d50d4,0aca35de4ce5,policies/0aca35de4ce5.py,policies_by_distribution/exponential_L6_c1_2/exponential_L6_c1_2__0aca35de4ce5.py,exponential_L6_c1_2,7,1,0.000321,6236.94,6236.92,examples/inventory/deepseek-chat_exponential_L6_c1_2_50_plain_processed_scipy_15_default_m2_2_r7/prompt_for_code/m2_20260129_093807.txt,"mean = 6236.92, std=1020.46, range=(4243.00, 9456.00)"
0af29f6c7b1a55f3ea85817a01e6cbf7cedd4de75c6cb90ea409220800bb1b82,0af29f6c7b1a,policies/0af29f6c7b1a.py,policies_by_distribution/poisson_L2_c1_2/poisson_L2_c1_2__0af29f6c7b1a.py,poisson_L2_c1_2,6,1,0.439929,1013.8,1009.34,examples/inventory/deepseek-chat_poisson_L2_c1_2_50_plain_processed_scipy_15_default_m2_4_r3/prompt_for_code/m2_20251218_062517.txt,"mean = 1009.34, std=91.96, range=(825.00, 1269.00)"
0b33c7abc7faef420ef5c39f18c2020de4cfa63487652855f8646a4067439e87,0b33c7abc7fa,policies/0b33c7abc7fa.py,policies_by_distribution/exponential_L6_c1_2/exponential_L6_c1_2__0b33c7abc7fa.py,exponential_L6_c1_2,2,1,0.000000,6112.22,6112.22,examples/inventory/deepseek-chat_exponential_L6_c1_2_50_plain_processed_scipy_15_default_m2_4_r3/prompt_for_code/m2_20251218_093106.txt,"mean = 6112.22, std=1098.01, range=(3840.00, 9480.00)"
0bdb49120d6862a166cb5ead7dac22826f4159bba53d3f9468fab0417fe57348,0bdb49120d68,policies/0bdb49120d68.py,policies_by_distribution/normal_std50_L6_c1_2/normal_std50_L6_c1_2__0bdb49120d68.py,normal_std50_L6_c1_2,3,1,0.304550,4399.94,4386.54,examples/inventory/deepseek-chat_normal_std50_L6_c1_2_50_plain_processed_scipy_15_default_m2_4_r1/prompt_for_code/m2_20251216_231150.txt,"mean = 4386.54, std=592.92, range=(3239.00, 6017.00)"
0cab0a212bc92d7a217a1d9e7afddffd2e76a7b7cab3afa00a65bd56ed8316c4,0cab0a212bc9,policies/0cab0a212bc9.py,policies_by_distribution/poisson_L4_c1_5/poisson_L4_c1_5__0cab0a212bc9.py,poisson_L4_c1_5,27,2,0.000000,1214.26,1214.26,examples/inventory/deepseek-chat_poisson_L4_c1_5_50_plain_processed_scipy_15_default_m2_4_r1/prompt_for_code/m2_20251218_004305.txt,"mean = 1214.26, std=284.81, range=(715.00, 2064.00)"
0cc263962495be80103de4c4a055d5d281843c61b40380b19c047c5ec997ddbb,0cc263962495,policies/0cc263962495.py,policies_by_distribution/poisson_L4_c1_5/poisson_L4_c1_5__0cc263962495.py,poisson_L4_c1_5,15,2,0.000000,1327.1,1327.1,examples/inventory/deepseek-chat_poisson_L4_c1_5_50_plain_processed_scipy_15_default_m2_4_r3/prompt_for_code/m2_20251218_082959.txt,"mean = 1327.10, std=235.44, range=(850.00, 1899.00)"
0cd2598d87dd3225649d2c7acd4390c0f7c5421971ff5ac981e38819194ecf52,0cd2598d87dd,policies/0cd2598d87dd.py,policies_by_distribution/normal_std10_L2_c1_5/normal_std10_L2_c1_5__0cd2598d87dd.py,normal_std10_L2_c1_5,2,1,0.014836,1213.25,1213.43,examples/inventory/deepseek-chat_normal_std10_L2_c1_5_50_plain_processed_scipy_15_default_m2_2_r8/prompt_for_code/m2_20260130_095431.txt,"mean = 1213.43, std=154.41, range=(950.84, 1590.79)"
0d0f19047e4f8ecb98f953bfdad07c2f2c691bfccbed2d48073f34c62d3eabb9,0d0f19047e4f,policies/0d0f19047e4f.py,policies_by_distribution/normal_std50_L6_c1_2/normal_std50_L6_c1_2__0d0f19047e4f.py,normal_std50_L6_c1_2,2,1,0.043028,4299.55,4297.7,examples/inventory/deepseek-chat_normal_std50_L6_c1_2_50_plain_processed_scipy_15_default_m2_4_r2/prompt_for_code/m2_20251217_003928.txt,"mean = 4297.70, std=732.12, range=(3260.00, 7465.00)"
0d3eb5e14b9603c6292dfc05129d7aba947ccaea12e6fe6989ab8bec51434faf,0d3eb5e14b96,policies/0d3eb5e14b96.py,policies_by_distribution/poisson_L6_c1_5/poisson_L6_c1_5__0d3eb5e14b96.py,poisson_L6_c1_5,6,1,0.022107,3347.42,3346.68,examples/inventory/deepseek-chat_poisson_L6_c1_5_50_plain_processed_scipy_15_default_m2_4_r1/prompt_for_code/m2_20251218_014422.txt,"mean = 3346.68, std=251.88, range=(2861.89, 4075.63)"
0dbdd0196c2b85f2c03c023e005a4697f8f119b1c7f01b0cca3aad73cc4470cd,0dbdd0196c2b,policies/0dbdd0196c2b.py,policies_by_distribution/exponential_L2_c1_2/exponential_L2_c1_2__0dbdd0196c2b.py,exponential_L2_c1_2,4,1,0.007800,5897.18,5896.72,examples/inventory/deepseek-chat_exponential_L2_c1_2_50_plain_processed_scipy_15_default_m2_4_r3/prompt_for_code/m2_20251218_065824.txt,"mean = 5896.72, std=987.02, range=(4482.00, 8488.00)"
0e301c525ef016def5ad3a708bf4a95427cd3d5a1d34ccd54fa69d7f8ed563df,0e301c525ef0,policies/0e301c525ef0.py,policies_by_distribution/poisson_L4_c1_2/poisson_L4_c1_2__0e301c525ef0.py,poisson_L4_c1_2,20,1,0.140414,1025.54,1024.1,examples/inventory/deepseek-chat_poisson_L4_c1_2_50_plain_processed_scipy_15_default_m2_4_r3/prompt_for_code/m2_20251218_075449.txt,"mean = 1024.10, std=153.11, range=(738.00, 1435.00)"
0ed33bc078b6edf1b490ae2bfadd416b62fa83b52971aad7bccc77536c9cdc45,0ed33bc078b6,policies/0ed33bc078b6.py,policies_by_distribution/exponential_L4_c1_5/exponential_L4_c1_5__0ed33bc078b6.py,exponential_L4_c1_5,6,1,0.000000,11296.7,11296.7,examples/inventory/deepseek-chat_exponential_L4_c1_5_50_plain_processed_scipy_15_default_m2_4_r1/prompt_for_code/m2_20251218_004255.txt,"mean = 11296.70, std=2164.45, range=(6747.00, 17006.00)"
0edc81fcbea8358b32bad5658b5adce5a298580c76f42b46dfd82c64b924cf99,0edc81fcbea8,policies/0edc81fcbea8.py,policies_by_distribution/normal_std30_L6_c1_2/normal_std30_L6_c1_2__0edc81fcbea8.py,normal_std30_L6_c1_2,3,1,0.307477,2979.08,2969.92,examples/inventory/deepseek-chat_normal_std30_L6_c1_2_50_plain_processed_scipy_15_default_m2_4_r1/prompt_for_code/m2_20251222_024933.txt,"mean = 2969.92, std=299.29, range=(2387.00, 3650.00)"
0f51037ba495c81ed437cc23d748ad63200fa8eb7ef576c7f15338a09695dba9,0f51037ba495,policies/0f51037ba495.py,policies_by_distribution/exponential_L2_c1_2/exponential_L2_c1_2__0f51037ba495.py,exponential_L2_c1_2,3,1,0.000000,5864.08,5864.08,examples/inventory/deepseek-chat_exponential_L2_c1_2_50_plain_processed_scipy_15_default_m2_4_r1/prompt_for_code/m2_20251217_230534.txt,"mean = 5864.08, std=999.74, range=(4227.00, 8488.00)"
0f6ff6c98b1a341e9c783ff0b1ae97d5805dcf7a8451841644152e1e71b2aad3,0f6ff6c98b1a,policies/0f6ff6c98b1a.py,policies_by_distribution/exponential_L2_c1_2/exponential_L2_c1_2__0f6ff6c98b1a.py,exponential_L2_c1_2,21,1,0.000000,5930.83,5930.83,examples/inventory/deepseek-chat_exponential_L2_c1_2_50_plain_processed_scipy_15_default_m2_4_r1/prompt_for_code/m2_20251217_224320.txt,"mean = 5930.83, std=984.64, range=(4575.00, 8484.48)"
0f952b64be2fd1458267b6dfb45f50f9b5c3192c5796cf54d92b31b8aacffa23,0f952b64be2f,policies/0f952b64be2f.py,policies_by_distribution/normal_std10_L6_c1_5/normal_std10_L6_c1_5__0f952b64be2f.py,normal_std10_L6_c1_5,6,1,0.076777,1745.32,1746.66,examples/inventory/deepseek-chat_normal_std10_L6_c1_5_50_plain_processed_scipy_15_default_m2_2_r8/prompt_for_code/m2_20260128_084737.txt,"mean = 1746.66, std=221.59, range=(1279.13, 2391.29)"
0fb682cf6caad1ef6232d86f58b648ba865d482d939dee0cc609218d1cf8594a,0fb682cf6caa,policies/0fb682cf6caa.py,policies_by_distribution/exponential_L2_c1_5/exponential_L2_c1_5__0fb682cf6caa.py,exponential_L2_c1_5,19,1,0.000000,10170.44,10170.44,examples/inventory/deepseek-chat_exponential_L2_c1_5_50_plain_processed_scipy_15_default_m2_4_r3/prompt_for_code/m2_20251218_074345.txt,"mean = 10170.44, std=1798.33, range=(7217.29, 15527.61)"
0ff76f3361b5ec96c7152ccc29a7cd11c195a9d5db471678a5cf85d4070591ba,0ff76f3361b5,policies/0ff76f3361b5.py,policies_by_distribution/poisson_L2_c1_5/poisson_L2_c1_5__0ff76f3361b5.py,poisson_L2_c1_5,3,1,0.000000,1345.58,1345.58,examples/inventory/deepseek-chat_poisson_L2_c1_5_50_plain_processed_scipy_15_default_m2_4_r3/prompt_for_code/m2_20251218_071521.txt,"mean = 1345.58, std=165.15, range=(923.00, 1712.00)"
0ff7c49e3f3d0138efc577df614bb212e6e17f7d79147d3faab55c43e2b1fbdc,0ff7c49e3f3d,policies/0ff7c49e3f3d.py,policies_by_distribution/normal_std10_L6_c1_5/normal_std10_L6_c1_5__0ff7c49e3f3d.py,normal_std10_L6_c1_5,28,1,0.000000,1274.46,1274.46,examples/inventory/deepseek-chat_normal_std10_L6_c1_5_50_plain_processed_scipy_15_default_m2_2_r7/prompt_for_code/m2_20260129_065854.txt,"mean = 1274.46, std=249.36, range=(842.21, 2054.17)"
0ff911a5d8a510c98220ffe129b3deb53cbd7a1795ea16a68dbcde93ccb74abd,0ff911a5d8a5,policies/0ff911a5d8a5.py,policies_by_distribution/exponential_L6_c1_5/exponential_L6_c1_5__0ff911a5d8a5.py,exponential_L6_c1_5,38,2,0.000000,11790.2,11790.2,examples/inventory/deepseek-chat_exponential_L6_c1_5_50_plain_processed_scipy_15_default_m2_4_r1/prompt_for_code/m2_20251218_020140.txt,"mean = 11790.20, std=2911.95, range=(6160.85, 18978.65)"
10092a7d30a0a03992c00dfd0b45ba8419bc3ba725b4076659c64a4a8fa0dbb8,10092a7d30a0,policies/10092a7d30a0.py,policies_by_distribution/exponential_L6_c1_5/exponential_L6_c1_5__10092a7d30a0.py,exponential_L6_c1_5,5,1,0.000000,11655.54,11655.54,examples/inventory/deepseek-chat_exponential_L6_c1_5_50_plain_processed_scipy_15_default_m2_4_r2/prompt_for_code/m2_20251218_060438.txt,"mean = 11655.54, std=2372.39, range=(6976.00, 17041.00)"
104357b85571002919fe8c8139e23b91f971f9bb2de9241c5a66d9c220c9dc88,104357b85571,policies/104357b85571.py,policies_by_distribution/exponential_L6_c1_2/exponential_L6_c1_2__104357b85571.py,exponential_L6_c1_2,18,1,0.000000,6045.04,6045.04,examples/inventory/deepseek-chat_exponential_L6_c1_2_50_plain_processed_scipy_15_default_m2_4_r3/prompt_for_code/m2_20251218_095026.txt,"mean = 6045.04, std=1095.72, range=(4065.00, 9608.00)"
105ac53f9cb8ee81f364731d6584dd08a9c80dc5591ec11c4fe02a58d860c379,105ac53f9cb8,policies/105ac53f9cb8.py,policies_by_distribution/poisson_L4_c1_2/poisson_L4_c1_2__105ac53f9cb8.py,poisson_L4_c1_2,5,1,0.000000,1106.84,1106.84,examples/inventory/deepseek-chat_poisson_L4_c1_2_50_plain_processed_scipy_15_default_m2_4_r3/prompt_for_code/m2_20251218_075513.txt,"mean = 1106.84, std=101.27, range=(841.00, 1342.00)"
1105e3ffb6219dea75e0ea469b8d92433998d1263acebfc1cf7df4b31b86485d,1105e3ffb621,policies/1105e3ffb621.py,policies_by_distribution/normal_std10_L6_c1_2/normal_std10_L6_c1_2__1105e3ffb621.py,normal_std10_L6_c1_2,31,1,0.000000,712.34,712.34,examples/inventory/deepseek-chat_normal_std10_L6_c1_2_50_plain_processed_scipy_15_default_m2_2_r7/prompt_for_code/m2_20260128_040118.txt,"mean = 712.34, std=121.19, range=(500.16, 1088.87)"
11317c81dd5265e6ffa62a66fb06997233c660a78459daf894cec7aa963c5dd5,11317c81dd52,policies/11317c81dd52.py,policies_by_distribution/poisson_L4_c1_5/poisson_L4_c1_5__11317c81dd52.py,poisson_L4_c1_5,2,1,0.180299,2085.42,2089.18,examples/inventory/deepseek-chat_poisson_L4_c1_5_50_plain_processed_scipy_15_default_m2_4_r2/prompt_for_code/m2_20251218_044401.txt,"mean = 2089.18, std=190.92, range=(1674.00, 2585.00)"
1190d59e75be1216311367b0e8ab2278dcfacc036acd5282d2da350f3d6b2932,1190d59e75be,policies/1190d59e75be.py,policies_by_distribution/exponential_L2_c1_5/exponential_L2_c1_5__1190d59e75be.py,exponential_L2_c1_5,5,1,0.000000,10388.28,10388.28,examples/inventory/deepseek-chat_exponential_L2_c1_5_50_plain_processed_scipy_15_default_m2_4_r2/prompt_for_code/m2_20251218_032457.txt,"mean = 10388.28, std=1879.38, range=(7065.20, 15331.87)"
119480f0a3927aaad51a6079db9387c349214c8660dd8f3d192fbfef946ffc9a,119480f0a392,policies/119480f0a392.py,policies_by_distribution/normal_std10_L4_c1_2/normal_std10_L4_c1_2__119480f0a392.py,normal_std10_L4_c1_2,12,1,0.003822,784.85,784.88,examples/inventory/deepseek-chat_normal_std10_L4_c1_2_50_plain_processed_scipy_15_default_m2_2_r6/prompt_for_code/m2_20260129_235757.txt,"mean = 784.88, std=163.44, range=(526.00, 1498.00)"
11a2f187f2d9be2f9340f631ee7a9f39974d809853b650033add01553ee1ab7e,11a2f187f2d9,policies/11a2f187f2d9.py,policies_by_distribution/poisson_L2_c1_2/poisson_L2_c1_2__11a2f187f2d9.py,poisson_L2_c1_2,10,1,0.000000,914.74,914.74,examples/inventory/deepseek-chat_poisson_L2_c1_2_50_plain_processed_scipy_15_default_m2_4_r1/prompt_for_code/m2_20251217_223231.txt,"mean = 914.74, std=100.85, range=(657.00, 1146.00)"
11ba0092d8d57b63eb8b385adc0ee29ceb78489a0ab60693b89c013a726870d9,11ba0092d8d5,policies/11ba0092d8d5.py,policies_by_distribution/normal_std50_L6_c1_2/normal_std50_L6_c1_2__11ba0092d8d5.py,normal_std50_L6_c1_2,7,1,0.042253,4520.37,4518.46,examples/inventory/deepseek-chat_normal_std50_L6_c1_2_50_plain_processed_scipy_15_default_m2_4_r1/prompt_for_code/m2_20251216_230056.txt,"mean = 4518.46, std=631.52, range=(3505.00, 6736.00)"
11c597cafcdaf893c37548cafc0c7e46443087a597433e16deb2ad8cd39bd8ea,11c597cafcda,policies/11c597cafcda.py,policies_by_distribution/normal_std30_L6_c1_2/normal_std30_L6_c1_2__11c597cafcda.py,normal_std30_L6_c1_2,11,1,0.016502,4181.39,4180.7,examples/inventory/deepseek-chat_normal_std30_L6_c1_2_50_plain_processed_scipy_15_default_m2_4_r1/prompt_for_code/m2_20251222_024751.txt,"mean = 4180.70, std=382.52, range=(3539.26, 5152.11)"
11ec6c081f75f8d01a5ff8aa866efb9d10b25d6beeb58cbe292c4b6160a51350,11ec6c081f75,policies/11ec6c081f75.py,policies_by_distribution/poisson_L4_c1_2/poisson_L4_c1_2__11ec6c081f75.py,poisson_L4_c1_2,13,1,0.000000,840.2,840.2,examples/inventory/deepseek-chat_poisson_L4_c1_2_50_plain_processed_scipy_15_default_m2_4_r2/prompt_for_code/m2_20251218_040506.txt,"mean = 840.20, std=135.55, range=(612.00, 1198.00)"
1233b70d43fd9c52bd67761241111b80b85385aedb64005b16e9edaef73b4bcc,1233b70d43fd,policies/1233b70d43fd.py,policies_by_distribution/normal_std10_L4_c1_2/normal_std10_L4_c1_2__1233b70d43fd.py,normal_std10_L4_c1_2,6,1,0.017902,782.02,781.88,examples/inventory/deepseek-chat_normal_std10_L4_c1_2_50_plain_processed_scipy_15_default_m2_2_r6/prompt_for_code/m2_20260130_001442.txt,"mean = 781.88, std=160.05, range=(528.00, 1488.00)"
12920182243afa1c7b7d43ab7be4719c026d3e36c683eb60e5fa75bf58ece552,12920182243a,policies/12920182243a.py,policies_by_distribution/normal_std30_L6_c1_2/normal_std30_L6_c1_2__12920182243a.py,normal_std30_L6_c1_2,9,1,0.092957,4141.72,4145.57,examples/inventory/deepseek-chat_normal_std30_L6_c1_2_50_plain_processed_scipy_15_default_m2_4_r1/prompt_for_code/m2_20251222_024713.txt,"mean = 4145.57, std=443.98, range=(3375.32, 5279.49)"
139f2cd37c03d397837f4a7c4846a6a4d12b69e7e835e81783d980af4b709001,139f2cd37c03,policies/139f2cd37c03.py,policies_by_distribution/poisson_L4_c1_5/poisson_L4_c1_5__139f2cd37c03.py,poisson_L4_c1_5,2,1,0.000000,1219.78,1219.78,examples/inventory/deepseek-chat_poisson_L4_c1_5_50_plain_processed_scipy_15_default_m2_4_r1/prompt_for_code/m2_20251218_005830.txt,"mean = 1219.78, std=300.84, range=(706.00, 1999.00)"
13c9ddfff4930e2ba4815e4058933af852ac20eb267486150baf09190052cab8,13c9ddfff493,policies/13c9ddfff493.py,policies_by_distribution/exponential_L2_c1_5/exponential_L2_c1_5__13c9ddfff493.py,exponential_L2_c1_5,3,1,0.103930,10410.82,10421.64,examples/inventory/deepseek-chat_exponential_L2_c1_5_50_plain_processed_scipy_15_default_m2_4_r3/prompt_for_code/m2_20251218_072837.txt,"mean = 10421.64, std=1940.03, range=(6861.00, 16120.00)"
13f4ca169e09630dacfe1f93858f651bace54d7652d114b71aac2c0e1f0a7d90,13f4ca169e09,policies/13f4ca169e09.py,policies_by_distribution/normal_std50_L6_c1_2/normal_std50_L6_c1_2__13f4ca169e09.py,normal_std50_L6_c1_2,2,1,0.015403,5518.26,5517.41,examples/inventory/deepseek-chat_normal_std50_L6_c1_2_50_plain_processed_scipy_15_default_m2_4_r2/prompt_for_code/m2_20251217_002221.txt,"mean = 5517.41, std=769.49, range=(4260.35, 8734.47)"
13ff058fd928040d570da25fa0086b6a883c172f286189962a5f994cc3ff0b57,13ff058fd928,policies/13ff058fd928.py,policies_by_distribution/exponential_L4_c1_2/exponential_L4_c1_2__13ff058fd928.py,exponential_L4_c1_2,5,1,0.000000,6133.06,6133.06,examples/inventory/deepseek-chat_exponential_L4_c1_2_50_plain_processed_scipy_15_default_m2_4_r1/prompt_for_code/m2_20251218_001022.txt,"mean = 6133.06, std=1278.86, range=(4155.00, 11495.00)"
14009f609af76b88c749b19aaf9a972a9942e9b862d268377c232c5814fef4d1,14009f609af7,policies/14009f609af7.py,policies_by_distribution/exponential_L2_c1_5/exponential_L2_c1_5__14009f609af7.py,exponential_L2_c1_5,15,1,0.000000,10360.0,10360.0,examples/inventory/deepseek-chat_exponential_L2_c1_5_50_plain_processed_scipy_15_default_m2_4_r2/prompt_for_code/m2_20251218_032726.txt,"mean = 10360.00, std=1905.69, range=(6889.00, 16090.00)"
1409fb6eb5e3f02036203aa8ba2983cfdf1ae69686af5b784dc9c4447d320aa6,1409fb6eb5e3,policies/1409fb6eb5e3.py,policies_by_distribution/exponential_L2_c1_5/exponential_L2_c1_5__1409fb6eb5e3.py,exponential_L2_c1_5,3,1,0.000000,10798.44,10798.44,examples/inventory/deepseek-chat_exponential_L2_c1_5_50_plain_processed_scipy_15_default_m2_4_r3/prompt_for_code/m2_20251218_072213.txt,"mean = 10798.44, std=1805.36, range=(7785.97, 15995.97)"
1411281525b457c3891f5d37578845b9b110e4e69c06e62739a249ee4bd2512a,1411281525b4,policies/1411281525b4.py,policies_by_distribution/exponential_L2_c1_5/exponential_L2_c1_5__1411281525b4.py,exponential_L2_c1_5,1,1,0.065086,10401.67,10394.9,examples/inventory/deepseek-chat_exponential_L2_c1_5_50_plain_processed_scipy_15_default_m2_4_r3/prompt_for_code/m2_20251218_072425.txt,"mean = 10394.90, std=1872.69, range=(7031.00, 15290.00)"
146c5682230c594a5d63608871ad3fe7f7928f6ac51dc15a980f1f105ac1d609,146c5682230c,policies/146c5682230c.py,policies_by_distribution/exponential_L2_c1_5/exponential_L2_c1_5__146c5682230c.py,exponential_L2_c1_5,3,1,0.001757,10247.08,10246.9,examples/inventory/deepseek-chat_exponential_L2_c1_5_50_plain_processed_scipy_15_default_m2_4_r2/prompt_for_code/m2_20251218_034139.txt,"mean = 10246.90, std=1808.66, range=(7146.01, 15627.38)"
14842794650b6820c828f0b10424d171096aa061381fa508c5a52dd47bea42fe,14842794650b,policies/14842794650b.py,policies_by_distribution/exponential_L6_c1_5/exponential_L6_c1_5__14842794650b.py,exponential_L6_c1_5,5,1,0.000000,11953.2,11953.2,examples/inventory/deepseek-chat_exponential_L6_c1_5_50_plain_processed_scipy_15_default_m2_4_r1/prompt_for_code/m2_20251218_020043.txt,"mean = 11953.20, std=2510.75, range=(7335.00, 17839.00)"
1494201b7ce91a827f50fa9b7c3d03a5d4d3c574cef11d35fd1b0705e9cb20bf,1494201b7ce9,policies/1494201b7ce9.py,policies_by_distribution/poisson_L4_c1_2/poisson_L4_c1_2__1494201b7ce9.py,poisson_L4_c1_2,10,1,0.000000,917.02,917.02,examples/inventory/deepseek-chat_poisson_L4_c1_2_50_plain_processed_scipy_15_default_m2_4_r1/prompt_for_code/m2_20251218_001853.txt,"mean = 917.02, std=120.27, range=(645.00, 1219.00)"
14abaf6d3066abd16a1815b68ae89671fd15378907650896e8401027ef540deb,14abaf6d3066,policies/14abaf6d3066.py,policies_by_distribution/poisson_L4_c1_5/poisson_L4_c1_5__14abaf6d3066.py,poisson_L4_c1_5,3,1,0.000000,1301.56,1301.56,examples/inventory/deepseek-chat_poisson_L4_c1_5_50_plain_processed_scipy_15_default_m2_4_r1/prompt_for_code/m2_20251218_004813.txt,"mean = 1301.56, std=291.30, range=(764.00, 2164.00)"
14ae8263dd4a9ac923739227f8b88632571cbb75e376beec8cb07f02d0400241,14ae8263dd4a,policies/14ae8263dd4a.py,policies_by_distribution/poisson_L2_c1_5/poisson_L2_c1_5__14ae8263dd4a.py,poisson_L2_c1_5,7,1,0.000000,1228.22,1228.22,examples/inventory/deepseek-chat_poisson_L2_c1_5_50_plain_processed_scipy_15_default_m2_4_r2/prompt_for_code/m2_20251218_031357.txt,"mean = 1228.22, std=233.03, range=(857.00, 2001.00)"
14bc2d534f3790ec599449546b237bb99d85781d7684daf05b4b7dfe593ff9e0,14bc2d534f37,policies/14bc2d534f37.py,policies_by_distribution/normal_std30_L6_c1_2/normal_std30_L6_c1_2__14bc2d534f37.py,normal_std30_L6_c1_2,15,1,0.002151,3254.77,3254.7,examples/inventory/deepseek-chat_normal_std30_L6_c1_2_50_plain_processed_scipy_15_default_m2_4_r1/prompt_for_code/m2_20251222_025500.txt,"mean = 3254.70, std=361.39, range=(2641.00, 4080.00)"
14d05f9ab77a261240e9f9618a8bdaadfce844f49f335941bd5445325f26d4c2,14d05f9ab77a,policies/14d05f9ab77a.py,policies_by_distribution/normal_std50_L6_c1_2/normal_std50_L6_c1_2__14d05f9ab77a.py,normal_std50_L6_c1_2,3,1,0.000000,4656.26,4656.26,examples/inventory/deepseek-chat_normal_std50_L6_c1_2_50_plain_processed_scipy_15_default_m2_2_r6/prompt_for_code/m2_20260129_021723.txt,"mean = 4656.26, std=563.58, range=(3494.72, 5950.87)"
14e150bbb4eb41bd80d71d1473f5119f42eddb12b340a2c51834344db6337099,14e150bbb4eb,policies/14e150bbb4eb.py,policies_by_distribution/exponential_L2_c1_2/exponential_L2_c1_2__14e150bbb4eb.py,exponential_L2_c1_2,5,1,0.002695,5937.18,5937.02,examples/inventory/deepseek-chat_exponential_L2_c1_2_50_plain_processed_scipy_15_default_m2_4_r2/prompt_for_code/m2_20251218_025025.txt,"mean = 5937.02, std=964.84, range=(4357.00, 8471.00)"
14f39cfc2a8ed8e9324bbdf6af7e6032fc0c881e03bac76d57ee157e03b34072,14f39cfc2a8e,policies/14f39cfc2a8e.py,policies_by_distribution/poisson_L4_c1_5/poisson_L4_c1_5__14f39cfc2a8e.py,poisson_L4_c1_5,2,1,0.000000,2509.4,2509.4,examples/inventory/deepseek-chat_poisson_L4_c1_5_50_plain_processed_scipy_15_default_m2_4_r1/prompt_for_code/m2_20251218_002700.txt,"mean = 2509.40, std=213.75, range=(2191.00, 3071.00)"
15084c0f3631b67ac7ed68497356fdeb3fb2543c78fc1ac16607e97b1181ff0b,15084c0f3631,policies/15084c0f3631.py,policies_by_distribution/poisson_L4_c1_2/poisson_L4_c1_2__15084c0f3631.py,poisson_L4_c1_2,2,1,0.749723,1261.8,1271.26,examples/inventory/deepseek-chat_poisson_L4_c1_2_50_plain_processed_scipy_15_default_m2_2_r6/prompt_for_code/m2_20260128_150506.txt,"mean = 1271.26, std=116.00, range=(939.00, 1495.00)"
1597357353b21b69582bf2ba7bf7260167bb025bb0031d9b78db53141730ebcb,1597357353b2,policies/1597357353b2.py,policies_by_distribution/normal_std30_L6_c1_5/normal_std30_L6_c1_5__1597357353b2.py,normal_std30_L6_c1_5,69,1,0.000000,4080.86,4080.86,examples/inventory/deepseek-chat_normal_std30_L6_c1_5_50_plain_processed_scipy_15_default_m2_2_r6/prompt_for_code/m2_20260128_015614.txt,"mean = 4080.86, std=636.43, range=(2646.00, 5411.00)"
15aad6da027d077b80941fe3f6638ec0a7b2acaf76410e762f4b9ffa290b4004,15aad6da027d,policies/15aad6da027d.py,policies_by_distribution/normal_std50_L6_c1_2/normal_std50_L6_c1_2__15aad6da027d.py,normal_std50_L6_c1_2,1,1,0.002554,3916.12,3916.02,examples/inventory/deepseek-chat_normal_std50_L6_c1_2_50_plain_processed_scipy_15_default_m2_4_r2/prompt_for_code/m2_20251217_003807.txt,"mean = 3916.02, std=1377.80, range=(2324.00, 10645.00)"
15c62eb0fd4b66b7b6f63050efac4d42cc837e8f011173da379997cb4595ba3b,15c62eb0fd4b,policies/15c62eb0fd4b.py,policies_by_distribution/normal_std50_L6_c1_2/normal_std50_L6_c1_2__15c62eb0fd4b.py,normal_std50_L6_c1_2,12,1,0.063082,5437.39,5440.82,examples/inventory/deepseek-chat_normal_std50_L6_c1_2_50_plain_processed_scipy_15_default_m2_4_r2/prompt_for_code/m2_20251217_003436.txt,"mean = 5440.82, std=574.33, range=(4339.00, 6987.00)"
15eae5fc3d5b6e7c1ca6bcecab46ea1f39f8d7f22ed5cb3590c24fcb4e2b0659,15eae5fc3d5b,policies/15eae5fc3d5b.py,policies_by_distribution/exponential_L4_c1_5/exponential_L4_c1_5__15eae5fc3d5b.py,exponential_L4_c1_5,29,1,0.001681,11897.43,11897.23,examples/inventory/deepseek-chat_exponential_L4_c1_5_50_plain_processed_scipy_15_default_m2_4_r3/prompt_for_code/m2_20251218_084157.txt,"mean = 11897.23, std=2315.32, range=(6907.91, 16509.42)"
15f100199041211d9a39d73c015581541853012e645fd5a0f17225465bc164a4,15f100199041,policies/15f100199041.py,policies_by_distribution/poisson_L2_c1_2/poisson_L2_c1_2__15f100199041.py,poisson_L2_c1_2,72,2,0.000000,949.52,949.52,examples/inventory/deepseek-chat_poisson_L2_c1_2_50_plain_processed_scipy_15_default_m2_4_r2/prompt_for_code/m2_20251218_023252.txt,"mean = 949.52, std=99.78, range=(718.00, 1191.00)"
164bdddf096001bb878a4239c31c87b06378be00e0d87736bb953b2442a75dde,164bdddf0960,policies/164bdddf0960.py,policies_by_distribution/normal_std10_L6_c1_5/normal_std10_L6_c1_5__164bdddf0960.py,normal_std10_L6_c1_5,8,1,0.133698,2543.04,2546.44,examples/inventory/deepseek-chat_normal_std10_L6_c1_5_50_plain_processed_scipy_15_default_m2_2_r8/prompt_for_code/m2_20260130_104358.txt,"mean = 2546.44, std=446.83, range=(1622.00, 3565.00)"
16be11fd47f6221c348cd9333327caa625d4842ae602cdbf0a675c5ef153de5e,16be11fd47f6,policies/16be11fd47f6.py,policies_by_distribution/normal_std50_L6_c1_2/normal_std50_L6_c1_2__16be11fd47f6.py,normal_std50_L6_c1_2,8,1,0.055563,4283.46,4285.84,examples/inventory/deepseek-chat_normal_std50_L6_c1_2_50_plain_processed_scipy_15_default_m2_4_r1/prompt_for_code/m2_20251216_230727.txt,"mean = 4285.84, std=556.82, range=(3289.00, 5885.00)"
177e27e199f3cef70bbac03c84d9663dad9fe9b47bbda2702302c2e9fe6c9446,177e27e199f3,policies/177e27e199f3.py,policies_by_distribution/normal_std10_L4_c1_2/normal_std10_L4_c1_2__177e27e199f3.py,normal_std10_L4_c1_2,3,1,0.525761,1280.05,1273.32,examples/inventory/deepseek-chat_normal_std10_L4_c1_2_50_plain_processed_scipy_15_default_m2_2_r7/prompt_for_code/m2_20260128_024919.txt,"mean = 1273.32, std=185.37, range=(914.00, 1734.00)"
17b07f4b1eda0b0ee62b276596da7f4a48d60912c706780b08d14f6c75ebfff7,17b07f4b1eda,policies/17b07f4b1eda.py,policies_by_distribution/normal_std10_L6_c1_5/normal_std10_L6_c1_5__17b07f4b1eda.py,normal_std10_L6_c1_5,1,1,0.404352,2764.92,2776.1,examples/inventory/deepseek-chat_normal_std10_L6_c1_5_50_plain_processed_scipy_15_default_m2_2_r9/prompt_for_code/m2_20260129_221323.txt,"mean = 2776.10, std=235.28, range=(2231.00, 3515.00)"
17dc6ea13fb7a0ba37dd1852ab8176cb5f1e2f0f599f8273ffbc13d4636f8adb,17dc6ea13fb7,policies/17dc6ea13fb7.py,policies_by_distribution/poisson_L6_c1_5/poisson_L6_c1_5__17dc6ea13fb7.py,poisson_L6_c1_5,8,1,0.099055,2887.29,2890.15,examples/inventory/deepseek-chat_poisson_L6_c1_5_50_plain_processed_scipy_15_default_m2_4_r2/prompt_for_code/m2_20251218_055436.txt,"mean = 2890.15, std=226.51, range=(2221.52, 3450.72)"
17ef24db66b13f24ba8962a242045bd9f173165b7278cd96677bc4dfc2a16175,17ef24db66b1,policies/17ef24db66b1.py,policies_by_distribution/exponential_L4_c1_2/exponential_L4_c1_2__17ef24db66b1.py,exponential_L4_c1_2,11,1,0.000000,6168.4,6168.4,examples/inventory/deepseek-chat_exponential_L4_c1_2_50_plain_processed_scipy_15_default_m2_4_r3/prompt_for_code/m2_20251218_080507.txt,"mean = 6168.40, std=1310.68, range=(4130.00, 11671.00)"
18211c1d4f90ccb48616f769008f9b76e8bae7da3a03cfc54e6354e448fe0ce8,18211c1d4f90,policies/18211c1d4f90.py,policies_by_distribution/poisson_L6_c1_2/poisson_L6_c1_2__18211c1d4f90.py,poisson_L6_c1_2,7,2,0.000000,1233.44,1233.44,examples/inventory/deepseek-chat_poisson_L6_c1_2_50_plain_processed_scipy_15_default_m2_4_r1/prompt_for_code/m2_20251218_011748.txt,"mean = 1233.44, std=106.00, range=(981.00, 1454.99)"
1843369c138480e3697a14e864711fb0c4126c880339da733c63e58155b600f9,1843369c1384,policies/1843369c1384.py,policies_by_distribution/exponential_L4_c1_2/exponential_L4_c1_2__1843369c1384.py,exponential_L4_c1_2,1,1,0.000000,6207.88,6207.88,examples/inventory/deepseek-chat_exponential_L4_c1_2_50_plain_processed_scipy_15_default_m2_4_r3/prompt_for_code/m2_20251218_080405.txt,"mean = 6207.88, std=1262.21, range=(4277.00, 11249.00)"
1843ab34c4e2ae6970f0c3a790d25582ee710c484fc8cc37b82879937488b7db,1843ab34c4e2,policies/1843ab34c4e2.py,policies_by_distribution/exponential_L2_c1_2/exponential_L2_c1_2__1843ab34c4e2.py,exponential_L2_c1_2,3,1,0.000000,5892.76,5892.76,examples/inventory/deepseek-chat_exponential_L2_c1_2_50_plain_processed_scipy_15_default_m2_4_r3/prompt_for_code/m2_20251218_065836.txt,"mean = 5892.76, std=972.89, range=(4466.00, 8474.00)"
184f5547c3f168b010cb1feaa52cef7ac52c10906ac384ff9053fd21afa6336f,184f5547c3f1,policies/184f5547c3f1.py,policies_by_distribution/poisson_L2_c1_2/poisson_L2_c1_2__184f5547c3f1.py,poisson_L2_c1_2,4,1,0.000000,959.62,959.62,examples/inventory/deepseek-chat_poisson_L2_c1_2_50_plain_processed_scipy_15_default_m2_4_r1/prompt_for_code/m2_20251217_222922.txt,"mean = 959.62, std=95.78, range=(740.00, 1211.00)"
1863ed89e778507dd479e7354dff123197d178dd66c10610d5e225c6c22488bf,1863ed89e778,policies/1863ed89e778.py,policies_by_distribution/normal_std10_L6_c1_5/normal_std10_L6_c1_5__1863ed89e778.py,normal_std10_L6_c1_5,20,1,0.000000,1272.55,1272.55,examples/inventory/deepseek-chat_normal_std10_L6_c1_5_50_plain_processed_scipy_15_default_m2_2_r7/prompt_for_code/m2_20260129_070520.txt,"mean = 1272.55, std=215.49, range=(744.92, 1925.35)"
186d28b1570b379bb1d6c51b5028827f088e522ff09329e4e6727f952fc81e34,186d28b1570b,policies/186d28b1570b.py,policies_by_distribution/poisson_L4_c1_5/poisson_L4_c1_5__186d28b1570b.py,poisson_L4_c1_5,2,1,0.060992,1213.28,1212.54,examples/inventory/deepseek-chat_poisson_L4_c1_5_50_plain_processed_scipy_15_default_m2_4_r3/prompt_for_code/m2_20251218_083521.txt,"mean = 1212.54, std=283.29, range=(712.00, 2019.00)"
187b13821c79e8e9c27bc741370f7a182eba684f1796cddd9130c4cae99946d0,187b13821c79,policies/187b13821c79.py,policies_by_distribution/poisson_L6_c1_5/poisson_L6_c1_5__187b13821c79.py,poisson_L6_c1_5,2,1,0.197136,2353.7,2358.34,examples/inventory/deepseek-chat_poisson_L6_c1_5_50_plain_processed_scipy_15_default_m2_2_r6/prompt_for_code/m2_20260130_185408.txt,"mean = 2358.34, std=247.14, range=(1802.69, 2963.54)"
18a56d3f358e903947d9660ac181e2549a3beb813969fe012343b3d8e78c2918,18a56d3f358e,policies/18a56d3f358e.py,policies_by_distribution/exponential_L2_c1_2/exponential_L2_c1_2__18a56d3f358e.py,exponential_L2_c1_2,40,3,0.000000,5936.66,5936.66,examples/inventory/deepseek-chat_exponential_L2_c1_2_50_plain_processed_scipy_15_default_m2_4_r2/prompt_for_code/m2_20251218_024814.txt,"mean = 5936.66, std=956.57, range=(4351.00, 8456.00)"
1963aaa96999461125e3254102649a1b64e22dc5d0d3dd4a094157f5c5f5a250,1963aaa96999,policies/1963aaa96999.py,policies_by_distribution/normal_std10_L2_c1_5/normal_std10_L2_c1_5__1963aaa96999.py,normal_std10_L2_c1_5,5,1,0.157395,1181.74,1179.88,examples/inventory/deepseek-chat_normal_std10_L2_c1_5_50_plain_processed_scipy_15_default_m2_2_r7/prompt_for_code/m2_20260130_051601.txt,"mean = 1179.88, std=180.58, range=(773.00, 1579.00)"
1992cbfcd2102c0eb90b3e3edca9272c5fa0cedba0b81ef920400f9f33c91de7,1992cbfcd210,policies/1992cbfcd210.py,policies_by_distribution/normal_std30_L6_c1_2/normal_std30_L6_c1_2__1992cbfcd210.py,normal_std30_L6_c1_2,36,2,0.079953,4127.44,4124.14,examples/inventory/deepseek-chat_normal_std30_L6_c1_2_50_plain_processed_scipy_15_default_m2_4_r1/prompt_for_code/m2_20251222_024626.txt,"mean = 4124.14, std=376.97, range=(3422.00, 5134.00)"
19b245c004b1c4a27fbe746a1e4bb804c89ad36ac5c074573f21db6f9a87a448,19b245c004b1,policies/19b245c004b1.py,policies_by_distribution/exponential_L6_c1_5/exponential_L6_c1_5__19b245c004b1.py,exponential_L6_c1_5,12,1,0.000000,11293.85,11293.85,examples/inventory/deepseek-chat_exponential_L6_c1_5_50_plain_processed_scipy_15_default_m2_4_r2/prompt_for_code/m2_20251218_062823.txt,"mean = 11293.85, std=2680.78, range=(5906.44, 16725.84)"
19d15d496149d3b43dee126957bf2d8de03a31a8f89597b7fc3f6b58fda3aafc,19d15d496149,policies/19d15d496149.py,policies_by_distribution/normal_std30_L6_c1_2/normal_std30_L6_c1_2__19d15d496149.py,normal_std30_L6_c1_2,23,1,0.086146,3111.0,3108.32,examples/inventory/deepseek-chat_normal_std30_L6_c1_2_50_plain_processed_scipy_15_default_m2_2_r7/prompt_for_code/m2_20260130_065242.txt,"mean = 3108.32, std=366.27, range=(2467.00, 3894.00)"
19daa615c4850864387416caf68ff149317c92d6cdb35ba9ae43e0b5be825d70,19daa615c485,policies/19daa615c485.py,policies_by_distribution/normal_std10_L4_c1_2/normal_std10_L4_c1_2__19daa615c485.py,normal_std10_L4_c1_2,9,1,0.006508,768.27,768.22,examples/inventory/deepseek-chat_normal_std10_L4_c1_2_50_plain_processed_scipy_15_default_m2_2_r8/prompt_for_code/m2_20260128_074656.txt,"mean = 768.22, std=184.74, range=(527.38, 1740.33)"
19db1a06df0ac46e0f804dac5983453cf5299368b596a84db32cc9a925334bfe,19db1a06df0a,policies/19db1a06df0a.py,policies_by_distribution/poisson_L4_c1_5/poisson_L4_c1_5__19db1a06df0a.py,poisson_L4_c1_5,32,1,0.065226,1241.83,1242.64,examples/inventory/deepseek-chat_poisson_L4_c1_5_50_plain_processed_scipy_15_default_m2_2_r7/prompt_for_code/m2_20260128_191642.txt,"mean = 1242.64, std=217.89, range=(738.42, 1822.69)"
19df3aa9379fd94d585e87c207f46a954453fc384893c2616c74d8ced304ed50,19df3aa9379f,policies/19df3aa9379f.py,policies_by_distribution/poisson_L4_c1_5/poisson_L4_c1_5__19df3aa9379f.py,poisson_L4_c1_5,15,1,0.000000,1228.36,1228.36,examples/inventory/deepseek-chat_poisson_L4_c1_5_50_plain_processed_scipy_15_default_m2_4_r1/prompt_for_code/m2_20251218_004915.txt,"mean = 1228.36, std=223.46, range=(827.00, 1752.00)"
19eb47848ccf5a0aea8ebd70b2bae77a1ea33209a8a5910cc869b1b3e2618473,19eb47848ccf,policies/19eb47848ccf.py,policies_by_distribution/poisson_L2_c1_2/poisson_L2_c1_2__19eb47848ccf.py,poisson_L2_c1_2,9,1,0.000000,712.5,712.5,examples/inventory/deepseek-chat_poisson_L2_c1_2_50_plain_processed_scipy_15_default_m2_4_r2/prompt_for_code/m2_20251218_024421.txt,"mean = 712.50, std=92.51, range=(525.79, 983.62)"
1a17e941128d203a88508d25dcd9a8769ed31f0f19d164c23347e39e44ee8026,1a17e941128d,policies/1a17e941128d.py,policies_by_distribution/poisson_L6_c1_2/poisson_L6_c1_2__1a17e941128d.py,poisson_L6_c1_2,2,1,0.007296,1233.54,1233.45,examples/inventory/deepseek-chat_poisson_L6_c1_2_50_plain_processed_scipy_15_default_m2_4_r1/prompt_for_code/m2_20251218_012235.txt,"mean = 1233.45, std=106.10, range=(981.00, 1455.30)"
1a546ac3c58a2afeec5b582029ef9b49bb312cb58b7c8153454205ccb35d6075,1a546ac3c58a,policies/1a546ac3c58a.py,policies_by_distribution/poisson_L2_c1_5/poisson_L2_c1_5__1a546ac3c58a.py,poisson_L2_c1_5,7,1,0.000000,1232.88,1232.88,examples/inventory/deepseek-chat_poisson_L2_c1_5_50_plain_processed_scipy_15_default_m2_4_r2/prompt_for_code/m2_20251218_031756.txt,"mean = 1232.88, std=223.59, range=(855.00, 1906.00)"
1aa1e85d32a1d38d87623d2886a003c4b49dc6a1856e8be4fd191bf5a7bd51ed,1aa1e85d32a1,policies/1aa1e85d32a1.py,policies_by_distribution/poisson_L6_c1_2/poisson_L6_c1_2__1aa1e85d32a1.py,poisson_L6_c1_2,17,1,0.005257,760.86,760.9,examples/inventory/deepseek-chat_poisson_L6_c1_2_50_plain_processed_scipy_15_default_m2_4_r1/prompt_for_code/m2_20251218_010601.txt,"mean = 760.90, std=112.52, range=(489.27, 1098.05)"
1abe2d56ae62e779dd2003c7addbb7153953b0f60692c19c0a078b115b4ac37b,1abe2d56ae62,policies/1abe2d56ae62.py,policies_by_distribution/normal_std50_L6_c1_2/normal_std50_L6_c1_2__1abe2d56ae62.py,normal_std50_L6_c1_2,30,1,0.031497,3841.66,3842.87,examples/inventory/deepseek-chat_normal_std50_L6_c1_2_50_plain_processed_scipy_15_default_m2_4_r3/prompt_for_code/m2_20251217_013452.txt,"mean = 3842.87, std=725.34, range=(2448.49, 6562.95)"
1adeffd084d087e7a61ec044acd122ddfab45991b03e742ac595dd81c0d5a836,1adeffd084d0,policies/1adeffd084d0.py,policies_by_distribution/normal_std50_L6_c1_2/normal_std50_L6_c1_2__1adeffd084d0.py,normal_std50_L6_c1_2,6,1,0.003823,3924.05,3923.9,examples/inventory/deepseek-chat_normal_std50_L6_c1_2_50_plain_processed_scipy_15_default_m2_2_r7/prompt_for_code/m2_20260128_175755.txt,"mean = 3923.90, std=741.32, range=(2359.56, 6385.06)"
1b33b8690374b8c3b90e7f05b3a45d3a394976e80fb935366bb5a0b841b9aaf2,1b33b8690374,policies/1b33b8690374.py,policies_by_distribution/poisson_L6_c1_5/poisson_L6_c1_5__1b33b8690374.py,poisson_L6_c1_5,27,1,0.000000,1169.04,1169.04,examples/inventory/deepseek-chat_poisson_L6_c1_5_50_plain_processed_scipy_15_default_m2_4_r1/prompt_for_code/m2_20251218_021201.txt,"mean = 1169.04, std=218.42, range=(694.00, 1657.00)"
1b5e67850430bd41bbec317d50a38cf3530dd266187e076892f683e03a9de3f2,1b5e67850430,policies/1b5e67850430.py,policies_by_distribution/normal_std10_L2_c1_5/normal_std10_L2_c1_5__1b5e67850430.py,normal_std10_L2_c1_5,1,1,0.083175,1274.42,1273.36,examples/inventory/deepseek-chat_normal_std10_L2_c1_5_50_plain_processed_scipy_15_default_m2_2_r8/prompt_for_code/m2_20260130_094341.txt,"mean = 1273.36, std=160.43, range=(1000.98, 1611.05)"
1b6a71f2eac7dca92612a5921b9c84b389456da3e0b2e6495425602b609e2221,1b6a71f2eac7,policies/1b6a71f2eac7.py,policies_by_distribution/poisson_L4_c1_2/poisson_L4_c1_2__1b6a71f2eac7.py,poisson_L4_c1_2,19,1,0.000000,735.2,735.2,examples/inventory/deepseek-chat_poisson_L4_c1_2_50_plain_processed_scipy_15_default_m2_2_r6/prompt_for_code/m2_20260130_025913.txt,"mean = 735.20, std=105.35, range=(543.69, 974.47)"
1b7571fa1db1045d05d84d009be70e0cd64d5c71f5090b57404b6233d9cb248f,1b7571fa1db1,policies/1b7571fa1db1.py,policies_by_distribution/exponential_L6_c1_5/exponential_L6_c1_5__1b7571fa1db1.py,exponential_L6_c1_5,4,1,0.000085,11796.44,11796.43,examples/inventory/deepseek-chat_exponential_L6_c1_5_50_plain_processed_scipy_15_default_m2_4_r1/prompt_for_code/m2_20251218_020557.txt,"mean = 11796.43, std=2358.15, range=(7437.50, 17801.99)"
1ba3eda06f195d00d5ae99779062738ab85f62a44adb3321e4c3487de0101e7e,1ba3eda06f19,policies/1ba3eda06f19.py,policies_by_distribution/poisson_L2_c1_2/poisson_L2_c1_2__1ba3eda06f19.py,poisson_L2_c1_2,10,1,0.000000,719.66,719.66,examples/inventory/deepseek-chat_poisson_L2_c1_2_50_plain_processed_scipy_15_default_m2_4_r1/prompt_for_code/m2_20251217_224737.txt,"mean = 719.66, std=145.43, range=(498.00, 1352.00)"
1baa1f6f16256314f56cf6f0310d72e5b5d206d3a5310c5a161069665f69fd49,1baa1f6f1625,policies/1baa1f6f1625.py,policies_by_distribution/poisson_L6_c1_5/poisson_L6_c1_5__1baa1f6f1625.py,poisson_L6_c1_5,4,1,0.127813,2558.42,2555.15,examples/inventory/deepseek-chat_poisson_L6_c1_5_50_plain_processed_scipy_15_default_m2_4_r2/prompt_for_code/m2_20251218_055857.txt,"mean = 2555.15, std=259.87, range=(1810.22, 3134.16)"
1c35f4a94e826d60882d47d49b048cfd129126c6688e91aef2c1726f6d0d1d1d,1c35f4a94e82,policies/1c35f4a94e82.py,policies_by_distribution/normal_std30_L4_c1_5/normal_std30_L4_c1_5__1c35f4a94e82.py,normal_std30_L4_c1_5,15,1,0.016533,4173.5,4174.19,examples/inventory/deepseek-chat_normal_std30_L4_c1_5_50_plain_processed_scipy_15_default_m2_2_r7/prompt_for_code/m2_20260128_045632.txt,"mean = 4174.19, std=521.55, range=(3333.47, 5686.88)"
1c4bd8154996241040495217c6a998622a2b0e4343d323f5f31eb95d4e54be7a,1c4bd8154996,policies/1c4bd8154996.py,policies_by_distribution/poisson_L6_c1_2/poisson_L6_c1_2__1c4bd8154996.py,poisson_L6_c1_2,36,1,0.000000,810.78,810.78,examples/inventory/deepseek-chat_poisson_L6_c1_2_50_plain_processed_scipy_15_default_m2_4_r2/prompt_for_code/m2_20251218_051517.txt,"mean = 810.78, std=113.17, range=(537.00, 1113.12)"
1c56556138e55d8d7df0d113975d1ace31f5ed815b35c76b12da7e0b902168e7,1c56556138e5,policies/1c56556138e5.py,policies_by_distribution/exponential_L2_c1_5/exponential_L2_c1_5__1c56556138e5.py,exponential_L2_c1_5,46,2,0.000000,10253.76,10253.76,examples/inventory/deepseek-chat_exponential_L2_c1_5_50_plain_processed_scipy_15_default_m2_4_r3/prompt_for_code/m2_20251218_072107.txt,"mean = 10253.76, std=1844.02, range=(6973.00, 15814.00)"
1c9f5795c3cff01a25dad8b8185780a8d50032d1c590c0a5d971bf059d38a5d0,1c9f5795c3cf,policies/1c9f5795c3cf.py,policies_by_distribution/exponential_L6_c1_5/exponential_L6_c1_5__1c9f5795c3cf.py,exponential_L6_c1_5,9,2,0.000255,11778.73,11778.7,examples/inventory/deepseek-chat_exponential_L6_c1_5_50_plain_processed_scipy_15_default_m2_4_r1/prompt_for_code/m2_20251218_020634.txt,"mean = 11778.70, std=2879.95, range=(6178.40, 18541.25)"
1cd3fa960a0adacefa131427a841466f7dfa1409d7f6c2ef6735912cc16e21ab,1cd3fa960a0a,policies/1cd3fa960a0a.py,policies_by_distribution/poisson_L4_c1_2/poisson_L4_c1_2__1cd3fa960a0a.py,poisson_L4_c1_2,13,1,0.017937,780.5,780.36,examples/inventory/deepseek-chat_poisson_L4_c1_2_50_plain_processed_scipy_15_default_m2_4_r3/prompt_for_code/m2_20251218_080331.txt,"mean = 780.36, std=125.40, range=(499.00, 1151.00)"
1cd57259189ad1a4ac4e3ef5811e363e89681b14ec877a227dba66c1d43ee93a,1cd57259189a,policies/1cd57259189a.py,policies_by_distribution/exponential_L6_c1_5/exponential_L6_c1_5__1cd57259189a.py,exponential_L6_c1_5,5,1,0.004602,11298.8,11298.28,examples/inventory/deepseek-chat_exponential_L6_c1_5_50_plain_processed_scipy_15_default_m2_4_r2/prompt_for_code/m2_20251218_062403.txt,"mean = 11298.28, std=2439.80, range=(6323.00, 16588.00)"
1d99b564a1acb79b4f6cb27a8ec8ed014c89d2d919ae9094c75715df3e988d1a,1d99b564a1ac,policies/1d99b564a1ac.py,policies_by_distribution/exponential_L2_c1_5/exponential_L2_c1_5__1d99b564a1ac.py,exponential_L2_c1_5,11,1,0.000000,10165.44,10165.44,examples/inventory/deepseek-chat_exponential_L2_c1_5_50_plain_processed_scipy_15_default_m2_4_r1/prompt_for_code/m2_20251217_234017.txt,"mean = 10165.44, std=1798.35, range=(7176.42, 15518.54)"
1d99bf4421e67c9e68bf6b5a30c190950665017c858e7778869f7f7a39ec6d4e,1d99bf4421e6,policies/1d99bf4421e6.py,policies_by_distribution/poisson_L2_c1_2/poisson_L2_c1_2__1d99bf4421e6.py,poisson_L2_c1_2,6,1,0.000000,695.01,695.01,examples/inventory/deepseek-chat_poisson_L2_c1_2_50_plain_processed_scipy_15_default_m2_4_r2/prompt_for_code/m2_20251218_024013.txt,"mean = 695.01, std=90.59, range=(517.45, 967.01)"
1ddd19ee2f5379bffecb436251bb4d0d0cfad0f8b48df6d0aff3b16d816a35a9,1ddd19ee2f53,policies/1ddd19ee2f53.py,policies_by_distribution/poisson_L4_c1_5/poisson_L4_c1_5__1ddd19ee2f53.py,poisson_L4_c1_5,5,1,0.000000,2192.62,2192.62,examples/inventory/deepseek-chat_poisson_L4_c1_5_50_plain_processed_scipy_15_default_m2_4_r1/prompt_for_code/m2_20251218_002622.txt,"mean = 2192.62, std=179.18, range=(1751.32, 2651.54)"
1df9dd9b53455a890e9edd32a351d2cf80d0249c1dacc4146a99274a32127a76,1df9dd9b5345,policies/1df9dd9b5345.py,policies_by_distribution/poisson_L4_c1_5/poisson_L4_c1_5__1df9dd9b5345.py,poisson_L4_c1_5,4,1,0.000000,1295.1,1295.1,examples/inventory/deepseek-chat_poisson_L4_c1_5_50_plain_processed_scipy_15_default_m2_4_r1/prompt_for_code/m2_20251218_005102.txt,"mean = 1295.10, std=287.19, range=(761.00, 2137.00)"
1e12d2e5c3389bff923dcff5563b2052bd2e230b4500d84efc79830f5ddd66a8,1e12d2e5c338,policies/1e12d2e5c338.py,policies_by_distribution/poisson_L6_c1_5/poisson_L6_c1_5__1e12d2e5c338.py,poisson_L6_c1_5,4,1,0.069647,3273.66,3275.94,examples/inventory/deepseek-chat_poisson_L6_c1_5_50_plain_processed_scipy_15_default_m2_4_r3/prompt_for_code/m2_20251218_093939.txt,"mean = 3275.94, std=268.17, range=(2649.00, 4018.00)"
1e2a9394d562a2f86ae0313a8d141a7824afd4d4b55d778d3863b48b61c0e43d,1e2a9394d562,policies/1e2a9394d562.py,policies_by_distribution/poisson_L2_c1_2/poisson_L2_c1_2__1e2a9394d562.py,poisson_L2_c1_2,3,1,0.000000,1609.88,1609.88,examples/inventory/deepseek-chat_poisson_L2_c1_2_50_plain_processed_scipy_15_default_m2_4_r3/prompt_for_code/m2_20251218_061306.txt,"mean = 1609.88, std=135.98, range=(1280.00, 1941.00)"
1e2ab33ad1f2ddb3e2a0d6fd46f247dbe0319dccf25430cfcd4f62960e0e749c,1e2ab33ad1f2,policies/1e2ab33ad1f2.py,policies_by_distribution/poisson_L2_c1_5/poisson_L2_c1_5__1e2ab33ad1f2.py,poisson_L2_c1_5,23,1,0.000000,1248.18,1248.18,examples/inventory/deepseek-chat_poisson_L2_c1_5_50_plain_processed_scipy_15_default_m2_4_r3/prompt_for_code/m2_20251218_072747.txt,"mean = 1248.18, std=178.90, range=(864.00, 1615.00)"
1e5017a100e47247cf41f78be146c73904bc0c0fccc2d6bba6037cbbf229fcf6,1e5017a100e4,policies/1e5017a100e4.py,policies_by_distribution/poisson_L2_c1_5/poisson_L2_c1_5__1e5017a100e4.py,poisson_L2_c1_5,5,1,0.000000,1238.62,1238.62,examples/inventory/deepseek-chat_poisson_L2_c1_5_50_plain_processed_scipy_15_default_m2_4_r3/prompt_for_code/m2_20251218_071859.txt,"mean = 1238.62, std=163.54, range=(937.00, 1569.00)"
1e5610d4a3e356c0ae022201bf9c857ee53d459d1070e01d010aaa152f9522b0,1e5610d4a3e3,policies/1e5610d4a3e3.py,policies_by_distribution/exponential_L4_c1_5/exponential_L4_c1_5__1e5610d4a3e3.py,exponential_L4_c1_5,28,1,0.005594,11083.96,11084.58,examples/inventory/deepseek-chat_exponential_L4_c1_5_50_plain_processed_scipy_15_default_m2_4_r3/prompt_for_code/m2_20251218_085639.txt,"mean = 11084.58, std=2059.43, range=(7377.00, 16428.00)"
1eac87225ea6f7b5e5edeee3e04ac50734649f5bc5a88eec35d8830570f19e9d,1eac87225ea6,policies/1eac87225ea6.py,policies_by_distribution/poisson_L2_c1_5/poisson_L2_c1_5__1eac87225ea6.py,poisson_L2_c1_5,8,1,0.000000,1419.18,1419.18,examples/inventory/deepseek-chat_poisson_L2_c1_5_50_plain_processed_scipy_15_default_m2_4_r1/prompt_for_code/m2_20251217_231248.txt,"mean = 1419.18, std=178.33, range=(1115.26, 1749.26)"
1ed659cd0f44e8dfeb3d811edb8d56e752f043348ae3f1e54f930c08a22226be,1ed659cd0f44,policies/1ed659cd0f44.py,policies_by_distribution/normal_std10_L2_c1_5/normal_std10_L2_c1_5__1ed659cd0f44.py,normal_std10_L2_c1_5,10,1,0.005963,1341.6,1341.52,examples/inventory/deepseek-chat_normal_std10_L2_c1_5_50_plain_processed_scipy_15_default_m2_2_r6/prompt_for_code/m2_20260129_231152.txt,"mean = 1341.52, std=148.03, range=(1096.00, 1697.00)"
1f17c95e36e4e474480ed7e7d45a0c9ab750348a86e1a058e71110f67bb0ec26,1f17c95e36e4,policies/1f17c95e36e4.py,policies_by_distribution/poisson_L2_c1_5/poisson_L2_c1_5__1f17c95e36e4.py,poisson_L2_c1_5,1,1,0.000000,1351.76,1351.76,examples/inventory/deepseek-chat_poisson_L2_c1_5_50_plain_processed_scipy_15_default_m2_4_r2/prompt_for_code/m2_20251218_030500.txt,"mean = 1351.76, std=386.55, range=(789.00, 3308.00)"
1f4c33b8062959accd65569c27b6ff2da205cac5cc0905c1992935c862524e40,1f4c33b80629,policies/1f4c33b80629.py,policies_by_distribution/poisson_L6_c1_2/poisson_L6_c1_2__1f4c33b80629.py,poisson_L6_c1_2,4,1,0.343525,815.08,812.28,examples/inventory/deepseek-chat_poisson_L6_c1_2_50_plain_processed_scipy_15_default_m2_4_r1/prompt_for_code/m2_20251218_013418.txt,"mean = 812.28, std=131.68, range=(525.00, 1339.00)"
1f86a9d20678cc897243b486efeb0cddf9210a193233508e0c58c53915f9d1f9,1f86a9d20678,policies/1f86a9d20678.py,policies_by_distribution/poisson_L6_c1_2/poisson_L6_c1_2__1f86a9d20678.py,poisson_L6_c1_2,9,1,0.039282,763.7,763.4,examples/inventory/deepseek-chat_poisson_L6_c1_2_50_plain_processed_scipy_15_default_m2_4_r1/prompt_for_code/m2_20251222_022942.txt,"mean = 763.40, std=102.45, range=(518.52, 1008.40)"
1fa61d7f206f213f0eea77f9b0d1268903d18788004624289cd5aca8153a5d2d,1fa61d7f206f,policies/1fa61d7f206f.py,policies_by_distribution/normal_std30_L6_c1_2/normal_std30_L6_c1_2__1fa61d7f206f.py,normal_std30_L6_c1_2,2,1,0.687032,2660.72,2642.44,examples/inventory/deepseek-chat_normal_std30_L6_c1_2_50_plain_processed_scipy_15_default_m2_2_r7/prompt_for_code/m2_20260130_065928.txt,"mean = 2642.44, std=289.25, range=(2066.00, 3255.00)"
1ffc9a5d7c272f187428ee7021941325e61a0ba82ed75079337076f3917a4f08,1ffc9a5d7c27,policies/1ffc9a5d7c27.py,policies_by_distribution/normal_std10_L4_c1_2/normal_std10_L4_c1_2__1ffc9a5d7c27.py,normal_std10_L4_c1_2,11,1,0.000000,1005.02,1005.02,examples/inventory/deepseek-chat_normal_std10_L4_c1_2_50_plain_processed_scipy_15_default_m2_2_r6/prompt_for_code/m2_20260129_235344.txt,"mean = 1005.02, std=189.34, range=(665.00, 1551.00)"
203ab76dfc814c420157165ae62f3713c12b9dec988439fd9f275a1f607249de,203ab76dfc81,policies/203ab76dfc81.py,policies_by_distribution/exponential_L2_c1_5/exponential_L2_c1_5__203ab76dfc81.py,exponential_L2_c1_5,1,1,0.000000,11647.45,11647.45,examples/inventory/deepseek-chat_exponential_L2_c1_5_50_plain_processed_scipy_15_default_m2_4_r1/prompt_for_code/m2_20251217_231037.txt,"mean = 11647.45, std=1617.39, range=(8683.58, 15842.98)"
2060f89fcb169904d55ab85e5cd1094fe6e7d10e63930c23755724e2ad3a074a,2060f89fcb16,policies/2060f89fcb16.py,policies_by_distribution/exponential_L4_c1_2/exponential_L4_c1_2__2060f89fcb16.py,exponential_L4_c1_2,7,1,0.014944,6156.36,6155.44,examples/inventory/deepseek-chat_exponential_L4_c1_2_50_plain_processed_scipy_15_default_m2_4_r3/prompt_for_code/m2_20251218_082906.txt,"mean = 6155.44, std=1270.46, range=(4284.00, 11484.00)"
20a5bdc11321ca5f06c3a24414b97710e777bbb8edec17952dac8ca00a05def8,20a5bdc11321,policies/20a5bdc11321.py,policies_by_distribution/normal_std10_L6_c1_5/normal_std10_L6_c1_5__20a5bdc11321.py,normal_std10_L6_c1_5,3,1,0.049509,1535.08,1535.84,examples/inventory/deepseek-chat_normal_std10_L6_c1_5_50_plain_processed_scipy_15_default_m2_2_r8/prompt_for_code/m2_20260128_093610.txt,"mean = 1535.84, std=225.55, range=(1113.06, 2129.04)"
20ec9aa9b96208f6bab405edd2b706f1f2c634932ca43f169f17aec1b92b1f98,20ec9aa9b962,policies/20ec9aa9b962.py,policies_by_distribution/poisson_L4_c1_2/poisson_L4_c1_2__20ec9aa9b962.py,poisson_L4_c1_2,5,1,0.000000,846.82,846.82,examples/inventory/deepseek-chat_poisson_L4_c1_2_50_plain_processed_scipy_15_default_m2_4_r1/prompt_for_code/m2_20251218_001209.txt,"mean = 846.82, std=121.80, range=(607.00, 1187.00)"
216bb00480791e23246323b94d4f5caa0df0b3d0d2d9e8e80f9ff3d2a7abe20f,216bb0048079,policies/216bb0048079.py,policies_by_distribution/poisson_L4_c1_5/poisson_L4_c1_5__216bb0048079.py,poisson_L4_c1_5,9,1,0.388561,1760.34,1767.18,examples/inventory/deepseek-chat_poisson_L4_c1_5_50_plain_processed_scipy_15_default_m2_4_r1/prompt_for_code/m2_20251218_003652.txt,"mean = 1767.18, std=238.39, range=(1262.00, 2418.00)"
218960970a555aa980452aa0d9da8812c3dd60eebfc0b604081988a432c550dc,218960970a55,policies/218960970a55.py,policies_by_distribution/exponential_L6_c1_2/exponential_L6_c1_2__218960970a55.py,exponential_L6_c1_2,4,1,0.049686,6923.42,6926.86,examples/inventory/deepseek-chat_exponential_L6_c1_2_50_plain_processed_scipy_15_default_m2_4_r3/prompt_for_code/m2_20251218_091642.txt,"mean = 6926.86, std=1162.54, range=(4828.00, 10312.00)"
2192dd99dd8525c68374d689ad5cff6afc9fae54f9057e08194a5e35c6c8bd58,2192dd99dd85,policies/2192dd99dd85.py,policies_by_distribution/normal_std50_L6_c1_2/normal_std50_L6_c1_2__2192dd99dd85.py,normal_std50_L6_c1_2,7,1,0.034398,5378.27,5376.42,examples/inventory/deepseek-chat_normal_std50_L6_c1_2_50_plain_processed_scipy_15_default_m2_4_r1/prompt_for_code/m2_20251216_234021.txt,"mean = 5376.42, std=588.36, range=(4164.92, 7236.46)"
222e111bcc63cb2ee31b8a3b57ad974c68a74650d023854f571aa97f19d9d877,222e111bcc63,policies/222e111bcc63.py,policies_by_distribution/exponential_L6_c1_2/exponential_L6_c1_2__222e111bcc63.py,exponential_L6_c1_2,7,1,0.016351,6238.12,6237.1,examples/inventory/deepseek-chat_exponential_L6_c1_2_50_plain_processed_scipy_15_default_m2_4_r3/prompt_for_code/m2_20251218_091342.txt,"mean = 6237.10, std=1021.12, range=(4257.00, 9477.00)"
2261dbec8ab1ed9a07c70c3554720ff3f95d6dcb8ad6263301fa5204884b09fb,2261dbec8ab1,policies/2261dbec8ab1.py,policies_by_distribution/poisson_L2_c1_5/poisson_L2_c1_5__2261dbec8ab1.py,poisson_L2_c1_5,29,2,0.000000,1324.1,1324.1,examples/inventory/deepseek-chat_poisson_L2_c1_5_50_plain_processed_scipy_15_default_m2_4_r1/prompt_for_code/m2_20251217_231242.txt,"mean = 1324.10, std=166.25, range=(965.00, 1724.00)"
230a65ad4a785bedb4f3f45ed1d399bca0cd325898b01b590148456be712e1a4,230a65ad4a78,policies/230a65ad4a78.py,policies_by_distribution/poisson_L6_c1_2/poisson_L6_c1_2__230a65ad4a78.py,poisson_L6_c1_2,5,1,0.167531,2709.94,2705.4,examples/inventory/deepseek-chat_poisson_L6_c1_2_50_plain_processed_scipy_15_default_m2_4_r1/prompt_for_code/m2_20251222_014031.txt,"mean = 2705.40, std=126.96, range=(2451.00, 2932.00)"
232fbddbc77460706992cc18e9fcfa4715013ac78b5517b97e315fdc450eb80e,232fbddbc774,policies/232fbddbc774.py,policies_by_distribution/normal_std10_L6_c1_2/normal_std10_L6_c1_2__232fbddbc774.py,normal_std10_L6_c1_2,3,1,0.704828,2674.41,2693.26,examples/inventory/deepseek-chat_normal_std10_L6_c1_2_50_plain_processed_scipy_15_default_m2_2_r8/prompt_for_code/m2_20260128_100252.txt,"mean = 2693.26, std=118.55, range=(2451.00, 3023.00)"
232fde3a07bd79f63bb5ae8b498e110195b495edf824ec77bc972da1c7ca74db,232fde3a07bd,policies/232fde3a07bd.py,policies_by_distribution/exponential_L6_c1_2/exponential_L6_c1_2__232fde3a07bd.py,exponential_L6_c1_2,6,2,0.023424,6574.54,6576.08,examples/inventory/deepseek-chat_exponential_L6_c1_2_50_plain_processed_scipy_15_default_m2_4_r1/prompt_for_code/m2_20251222_041224.txt,"mean = 6576.08, std=1026.26, range=(4410.86, 9735.95)"
23343b61a59a9354fd3dc29572dc931c1d5d2d96451ef525e998475d9fe59cae,23343b61a59a,policies/23343b61a59a.py,policies_by_distribution/poisson_L4_c1_2/poisson_L4_c1_2__23343b61a59a.py,poisson_L4_c1_2,5,1,0.000000,804.74,804.74,examples/inventory/deepseek-chat_poisson_L4_c1_2_50_plain_processed_scipy_15_default_m2_4_r2/prompt_for_code/m2_20251218_041108.txt,"mean = 804.74, std=133.47, range=(550.00, 1189.00)"
23c64fb0517818a730c96557d3b26079be6a644b110a51103e76d97c625bdbda,23c64fb05178,policies/23c64fb05178.py,policies_by_distribution/normal_std10_L2_c1_2/normal_std10_L2_c1_2__23c64fb05178.py,normal_std10_L2_c1_2,45,1,0.000000,702.22,702.22,examples/inventory/deepseek-chat_normal_std10_L2_c1_2_50_plain_processed_scipy_15_default_m2_2_r9/prompt_for_code/m2_20260129_220043.txt,"mean = 702.22, std=121.94, range=(484.99, 1002.91)"
23cdbf977ac5563a39e190f1ef8a90ddb158c25432e84e8def55b8511b4618d8,23cdbf977ac5,policies/23cdbf977ac5.py,policies_by_distribution/normal_std50_L6_c1_2/normal_std50_L6_c1_2__23cdbf977ac5.py,normal_std50_L6_c1_2,19,1,0.037810,4998.73,5000.62,examples/inventory/deepseek-chat_normal_std50_L6_c1_2_50_plain_processed_scipy_15_default_m2_4_r2/prompt_for_code/m2_20251217_002548.txt,"mean = 5000.62, std=586.01, range=(3796.00, 7208.00)"
23fef4915b04742ec80a221f9d45896e0f741f699d769e326f5532f88f21310d,23fef4915b04,policies/23fef4915b04.py,policies_by_distribution/exponential_L2_c1_2/exponential_L2_c1_2__23fef4915b04.py,exponential_L2_c1_2,26,2,0.003705,5938.1,5937.88,examples/inventory/deepseek-chat_exponential_L2_c1_2_50_plain_processed_scipy_15_default_m2_4_r2/prompt_for_code/m2_20251218_024157.txt,"mean = 5937.88, std=953.61, range=(4370.00, 8438.00)"
246735491c4032c483356dedc882ca67005b3244ccdf67d4123bf3280b762a00,246735491c40,policies/246735491c40.py,policies_by_distribution/normal_std10_L6_c1_5/normal_std10_L6_c1_5__246735491c40.py,normal_std10_L6_c1_5,2,1,0.231310,2049.2,2044.46,examples/inventory/deepseek-chat_normal_std10_L6_c1_5_50_plain_processed_scipy_15_default_m2_2_r6/prompt_for_code/m2_20260127_230936.txt,"mean = 2044.46, std=222.46, range=(1568.70, 2515.92)"
24c11f4fa8b0088ed70a933e06131918a70bbfbe412b7245c7aa057d2ac77b22,24c11f4fa8b0,policies/24c11f4fa8b0.py,policies_by_distribution/exponential_L6_c1_5/exponential_L6_c1_5__24c11f4fa8b0.py,exponential_L6_c1_5,6,1,0.000000,11830.04,11830.04,examples/inventory/deepseek-chat_exponential_L6_c1_5_50_plain_processed_scipy_15_default_m2_4_r3/prompt_for_code/m2_20251218_101351.txt,"mean = 11830.04, std=2403.13, range=(7016.00, 17153.00)"
251b2f8709cf33db6063a3bcbff06ddea00e976acfe9c84e95d54d6a893b0418,251b2f8709cf,policies/251b2f8709cf.py,policies_by_distribution/exponential_L2_c1_5/exponential_L2_c1_5__251b2f8709cf.py,exponential_L2_c1_5,52,1,0.000000,10796.21,10796.21,examples/inventory/deepseek-chat_exponential_L2_c1_5_50_plain_processed_scipy_15_default_m2_4_r2/prompt_for_code/m2_20251218_031609.txt,"mean = 10796.21, std=1802.80, range=(7782.32, 15978.64)"
257e70955022234ed2bcccd717635aacdede0e7e20be6c3ef1a0e9bf0cded454,257e70955022,policies/257e70955022.py,policies_by_distribution/normal_std30_L6_c1_2/normal_std30_L6_c1_2__257e70955022.py,normal_std30_L6_c1_2,38,1,0.005931,2360.42,2360.28,examples/inventory/deepseek-chat_normal_std30_L6_c1_2_50_plain_processed_scipy_15_default_m2_2_r6/prompt_for_code/m2_20260128_010819.txt,"mean = 2360.28, std=391.88, range=(1675.00, 3461.00)"
2587b310811a1a3dc076a785e03aa25789e908649c7829ef42ad4f537bc4cbcf,2587b310811a,policies/2587b310811a.py,policies_by_distribution/exponential_L2_c1_2/exponential_L2_c1_2__2587b310811a.py,exponential_L2_c1_2,13,1,0.000000,5894.3,5894.3,examples/inventory/deepseek-chat_exponential_L2_c1_2_50_plain_processed_scipy_15_default_m2_4_r2/prompt_for_code/m2_20251218_030419.txt,"mean = 5894.30, std=985.11, range=(4462.00, 8497.00)"
258d98e00edb270559454d09c758a8eb3f12a07c8ed311bbbf0120b31d9f3c9e,258d98e00edb,policies/258d98e00edb.py,policies_by_distribution/exponential_L2_c1_5/exponential_L2_c1_5__258d98e00edb.py,exponential_L2_c1_5,4,1,0.000000,10211.99,10211.99,examples/inventory/deepseek-chat_exponential_L2_c1_5_50_plain_processed_scipy_15_default_m2_4_r2/prompt_for_code/m2_20251218_034211.txt,"mean = 10211.99, std=1805.49, range=(7207.71, 15346.77)"
2596589bfe64042a3ca346f10a19b797ca7ddc18c834286aaebb71f9381a86d2,2596589bfe64,policies/2596589bfe64.py,policies_by_distribution/exponential_L6_c1_2/exponential_L6_c1_2__2596589bfe64.py,exponential_L6_c1_2,5,1,0.012076,6293.5,6294.26,examples/inventory/deepseek-chat_exponential_L6_c1_2_50_plain_processed_scipy_15_default_m2_4_r2/prompt_for_code/m2_20251218_052651.txt,"mean = 6294.26, std=1087.60, range=(4144.89, 9682.45)"
25b38d3aa7c7d8bce277ccefaff1f5793305d9bb81a6fa6a419d5c2e25c207db,25b38d3aa7c7,policies/25b38d3aa7c7.py,policies_by_distribution/normal_std10_L6_c1_5/normal_std10_L6_c1_5__25b38d3aa7c7.py,normal_std10_L6_c1_5,6,1,0.175222,3098.92,3104.35,examples/inventory/deepseek-chat_normal_std10_L6_c1_5_50_plain_processed_scipy_15_default_m2_2_r7/prompt_for_code/m2_20260128_031933.txt,"mean = 3104.35, std=217.71, range=(2605.05, 3805.91)"
2621c32ac0e653eac9645c6713bdb91ac90109d9f46e4167d6735a639529702a,2621c32ac0e6,policies/2621c32ac0e6.py,policies_by_distribution/normal_std10_L2_c1_2/normal_std10_L2_c1_2__2621c32ac0e6.py,normal_std10_L2_c1_2,48,1,0.000000,738.52,738.52,examples/inventory/deepseek-chat_normal_std10_L2_c1_2_50_plain_processed_scipy_15_default_m2_2_r9/prompt_for_code/m2_20260129_213914.txt,"mean = 738.52, std=122.90, range=(521.89, 1061.58)"
262e71cb82f4b70ee50eac0313287f6f8ff20779809e3f6a94635ce5f5de12a9,262e71cb82f4,policies/262e71cb82f4.py,policies_by_distribution/normal_std10_L2_c1_5/normal_std10_L2_c1_5__262e71cb82f4.py,normal_std10_L2_c1_5,98,1,0.000000,1392.5,1392.5,examples/inventory/deepseek-chat_normal_std10_L2_c1_5_50_plain_processed_scipy_15_default_m2_2_r6/prompt_for_code/m2_20260128_234628.txt,"mean = 1392.50, std=151.67, range=(1126.00, 1771.00)"
268678713a0ec0c61dc2279e0e23387ff7d0159752a918a14e5dcbeb8d494406,268678713a0e,policies/268678713a0e.py,policies_by_distribution/normal_std10_L4_c1_2/normal_std10_L4_c1_2__268678713a0e.py,normal_std10_L4_c1_2,60,1,0.000000,1772.1,1772.1,examples/inventory/deepseek-chat_normal_std10_L4_c1_2_50_plain_processed_scipy_15_default_m2_2_r8/prompt_for_code/m2_20260128_074256.txt,"mean = 1772.10, std=112.89, range=(1546.06, 2048.84)"
2698f034af68c8165280d3f90bad23faade64bb6b349b70c10171440161d4801,2698f034af68,policies/2698f034af68.py,policies_by_distribution/normal_std50_L6_c1_5/normal_std50_L6_c1_5__2698f034af68.py,normal_std50_L6_c1_5,8,1,0.000000,6669.18,6669.18,examples/inventory/deepseek-chat_normal_std50_L6_c1_5_50_plain_processed_scipy_15_default_m2_2_r7/prompt_for_code/m2_20260129_090917.txt,"mean = 6669.18, std=1203.31, range=(4974.00, 10143.00)"
269a5e310bf9129554146a25f0990fa08d613e59be583b4c3a95c3548ee88f94,269a5e310bf9,policies/269a5e310bf9.py,policies_by_distribution/exponential_L2_c1_5/exponential_L2_c1_5__269a5e310bf9.py,exponential_L2_c1_5,3,1,0.000000,10161.03,10161.03,examples/inventory/deepseek-chat_exponential_L2_c1_5_50_plain_processed_scipy_15_default_m2_4_r1/prompt_for_code/m2_20251217_234104.txt,"mean = 10161.03, std=1828.91, range=(7071.10, 15692.74)"
26a4511847a3fecb9bfcabfad5c1551893eeb12b4b19b5bbeec5a6311a5b3a99,26a4511847a3,policies/26a4511847a3.py,policies_by_distribution/normal_std10_L2_c1_5/normal_std10_L2_c1_5__26a4511847a3.py,normal_std10_L2_c1_5,40,1,0.047393,1308.2,1308.82,examples/inventory/deepseek-chat_normal_std10_L2_c1_5_50_plain_processed_scipy_15_default_m2_2_r8/prompt_for_code/m2_20260130_090720.txt,"mean = 1308.82, std=149.87, range=(1044.05, 1633.17)"
26b627c70f7459f8a79cabe6868e2448507fe0fb5856f9a80923aaceae81c2eb,26b627c70f74,policies/26b627c70f74.py,policies_by_distribution/exponential_L4_c1_2/exponential_L4_c1_2__26b627c70f74.py,exponential_L4_c1_2,13,1,0.021837,6502.6,6501.18,examples/inventory/deepseek-chat_exponential_L4_c1_2_50_plain_processed_scipy_15_default_m2_4_r1/prompt_for_code/m2_20251217_235853.txt,"mean = 6501.18, std=1220.39, range=(4558.00, 11661.00)"
272d63b177c96f421a136b6859351df9a4c814bf89fef315508317acbac0f2d6,272d63b177c9,policies/272d63b177c9.py,policies_by_distribution/normal_std30_L6_c1_2/normal_std30_L6_c1_2__272d63b177c9.py,normal_std30_L6_c1_2,26,1,0.153259,3171.1,3166.24,examples/inventory/deepseek-chat_normal_std30_L6_c1_2_50_plain_processed_scipy_15_default_m2_4_r1/prompt_for_code/m2_20251222_025557.txt,"mean = 3166.24, std=307.95, range=(2623.00, 3895.00)"
272d6609aacd9e679555608432e6bc0ed41c96da060c28244b4bc184e855211d,272d6609aacd,policies/272d6609aacd.py,policies_by_distribution/normal_std50_L6_c1_5/normal_std50_L6_c1_5__272d6609aacd.py,normal_std50_L6_c1_5,3,1,0.000000,6171.03,6171.03,examples/inventory/deepseek-chat_normal_std50_L6_c1_5_50_plain_processed_scipy_15_default_m2_2_r6/prompt_for_code/m2_20260128_142452.txt,"mean = 6171.03, std=1210.73, range=(4096.53, 9974.27)"
272f87876f5085d32ee7fa88beaeea0136f2723b45c18c31e7976ae30ade2859,272f87876f50,policies/272f87876f50.py,policies_by_distribution/exponential_L6_c1_2/exponential_L6_c1_2__272f87876f50.py,exponential_L6_c1_2,6,1,0.000000,6038.08,6038.08,examples/inventory/deepseek-chat_exponential_L6_c1_2_50_plain_processed_scipy_15_default_m2_2_r6/prompt_for_code/m2_20260129_034723.txt,"mean = 6038.08, std=1185.79, range=(3912.90, 9580.18)"
275b112ab12b899a6e8fecc3f050d23c6139e69b37ca4de8e0243215bdfeb087,275b112ab12b,policies/275b112ab12b.py,policies_by_distribution/normal_std50_L6_c1_2/normal_std50_L6_c1_2__275b112ab12b.py,normal_std50_L6_c1_2,35,2,0.010238,3809.29,3808.9,examples/inventory/deepseek-chat_normal_std50_L6_c1_2_50_plain_processed_scipy_15_default_m2_4_r1/prompt_for_code/m2_20251217_001017.txt,"mean = 3808.90, std=740.86, range=(2435.00, 6718.00)"
2790a1723106ef53e7036af65cf6da73f1e8875298cbff15721c6c1ee2411aac,2790a1723106,policies/2790a1723106.py,policies_by_distribution/poisson_L6_c1_2/poisson_L6_c1_2__2790a1723106.py,poisson_L6_c1_2,4,1,0.341523,1569.44,1574.8,examples/inventory/deepseek-chat_poisson_L6_c1_2_50_plain_processed_scipy_15_default_m2_4_r2/prompt_for_code/m2_20251218_050635.txt,"mean = 1574.80, std=278.07, range=(956.55, 2624.80)"
27b28b441cbbd7b5cbea81fa0dc94fd9d8ade36b7d321662eb4bdd527c922518,27b28b441cbb,policies/27b28b441cbb.py,policies_by_distribution/exponential_L2_c1_5/exponential_L2_c1_5__27b28b441cbb.py,exponential_L2_c1_5,22,1,0.000000,10166.1,10166.1,examples/inventory/deepseek-chat_exponential_L2_c1_5_50_plain_processed_scipy_15_default_m2_4_r1/prompt_for_code/m2_20251217_232213.txt,"mean = 10166.10, std=1841.52, range=(7013.25, 15689.84)"
27d385712e8ea00b332705c3e692c9b4f8784450bc998f06f591a86848fba87c,27d385712e8e,policies/27d385712e8e.py,policies_by_distribution/normal_std10_L2_c1_5/normal_std10_L2_c1_5__27d385712e8e.py,normal_std10_L2_c1_5,11,1,0.035889,1337.44,1337.92,examples/inventory/deepseek-chat_normal_std10_L2_c1_5_50_plain_processed_scipy_15_default_m2_2_r8/prompt_for_code/m2_20260130_090446.txt,"mean = 1337.92, std=174.74, range=(982.07, 1769.81)"
283df0372c4096213ca2e48c615b89d3e0efbb496b0f822310714e69102d17c2,283df0372c40,policies/283df0372c40.py,policies_by_distribution/poisson_L6_c1_2/poisson_L6_c1_2__283df0372c40.py,poisson_L6_c1_2,4,1,0.015517,1031.1,1031.26,examples/inventory/deepseek-chat_poisson_L6_c1_2_50_plain_processed_scipy_15_default_m2_4_r1/prompt_for_code/m2_20251218_013112.txt,"mean = 1031.26, std=117.45, range=(811.80, 1373.06)"
28c7aa49431c5e11bacdd23b0b03cb6d42ed8abc80de0bfba31a5733b363a104,28c7aa49431c,policies/28c7aa49431c.py,policies_by_distribution/exponential_L2_c1_2/exponential_L2_c1_2__28c7aa49431c.py,exponential_L2_c1_2,5,1,0.001701,5878.32,5878.22,examples/inventory/deepseek-chat_exponential_L2_c1_2_50_plain_processed_scipy_15_default_m2_4_r1/prompt_for_code/m2_20251217_225956.txt,"mean = 5878.22, std=976.51, range=(4343.00, 8486.00)"
28f5e71a872b85f1728c30a7805380f044fb20a5db39cc81a18967028a61a684,28f5e71a872b,policies/28f5e71a872b.py,policies_by_distribution/normal_std10_L2_c1_5/normal_std10_L2_c1_5__28f5e71a872b.py,normal_std10_L2_c1_5,10,1,0.146263,1175.96,1177.68,examples/inventory/deepseek-chat_normal_std10_L2_c1_5_50_plain_processed_scipy_15_default_m2_2_r7/prompt_for_code/m2_20260130_053845.txt,"mean = 1177.68, std=181.52, range=(743.00, 1608.00)"
29bd0edfe2cb7ca75cb8a96c8c9d6ac895280e9d8ca5f42f341fd799e4f45435,29bd0edfe2cb,policies/29bd0edfe2cb.py,policies_by_distribution/exponential_L6_c1_2/exponential_L6_c1_2__29bd0edfe2cb.py,exponential_L6_c1_2,2,1,0.404166,7279.18,7249.76,examples/inventory/deepseek-chat_exponential_L6_c1_2_50_plain_processed_scipy_15_default_m2_4_r1/prompt_for_code/m2_20251222_033727.txt,"mean = 7249.76, std=1118.55, range=(5066.76, 10518.94)"
2a2ee56a36ce7d0f6c2d4dbdd5f91942e9c153fc7d85c090e7c5d0502053e439,2a2ee56a36ce,policies/2a2ee56a36ce.py,policies_by_distribution/poisson_L4_c1_2/poisson_L4_c1_2__2a2ee56a36ce.py,poisson_L4_c1_2,17,1,0.000000,823.14,823.14,examples/inventory/deepseek-chat_poisson_L4_c1_2_50_plain_processed_scipy_15_default_m2_4_r2/prompt_for_code/m2_20251218_040802.txt,"mean = 823.14, std=163.36, range=(601.00, 1438.00)"
2a57e8e77843fee3227a9f0eaa86cd96afd2a552a4b1d465e69929f1e31773bd,2a57e8e77843,policies/2a57e8e77843.py,policies_by_distribution/exponential_L4_c1_5/exponential_L4_c1_5__2a57e8e77843.py,exponential_L4_c1_5,25,1,0.000000,11609.64,11609.64,examples/inventory/deepseek-chat_exponential_L4_c1_5_50_plain_processed_scipy_15_default_m2_4_r3/prompt_for_code/m2_20251218_084634.txt,"mean = 11609.64, std=2427.55, range=(5646.00, 16707.00)"
2a6fb130b175e9c8b884c326701f547521866fb80889b97f42bb79c6fd254825,2a6fb130b175,policies/2a6fb130b175.py,policies_by_distribution/poisson_L4_c1_5/poisson_L4_c1_5__2a6fb130b175.py,poisson_L4_c1_5,21,1,0.000000,1223.82,1223.82,examples/inventory/deepseek-chat_poisson_L4_c1_5_50_plain_processed_scipy_15_default_m2_2_r7/prompt_for_code/m2_20260128_193649.txt,"mean = 1223.82, std=205.15, range=(729.86, 1823.62)"
2a8b14d4ab12e0ea5cb38f8724656c71de546f7a6662ec40bf1ec0303565019d,2a8b14d4ab12,policies/2a8b14d4ab12.py,policies_by_distribution/exponential_L6_c1_5/exponential_L6_c1_5__2a8b14d4ab12.py,exponential_L6_c1_5,16,1,0.006398,11566.08,11565.34,examples/inventory/deepseek-chat_exponential_L6_c1_5_50_plain_processed_scipy_15_default_m2_4_r3/prompt_for_code/m2_20251218_102828.txt,"mean = 11565.34, std=2800.63, range=(6126.00, 18414.00)"
2aa22a60d31c90b97a879c862f8c5cf94400976eeb7c0b1be7f5c0fbd7cac343,2aa22a60d31c,policies/2aa22a60d31c.py,policies_by_distribution/poisson_L4_c1_2/poisson_L4_c1_2__2aa22a60d31c.py,poisson_L4_c1_2,11,1,0.000000,1144.02,1144.02,examples/inventory/deepseek-chat_poisson_L4_c1_2_50_plain_processed_scipy_15_default_m2_4_r1/prompt_for_code/m2_20251217_234922.txt,"mean = 1144.02, std=132.83, range=(928.00, 1475.00)"
2ab553ed731a47d2e94b2f201ce4a3e35b4f0ae2cd4e23d7f80a2c7d4a99ec31,2ab553ed731a,policies/2ab553ed731a.py,policies_by_distribution/normal_std10_L4_c1_2/normal_std10_L4_c1_2__2ab553ed731a.py,normal_std10_L4_c1_2,15,1,0.292572,1681.64,1676.72,examples/inventory/deepseek-chat_normal_std10_L4_c1_2_50_plain_processed_scipy_15_default_m2_2_r7/prompt_for_code/m2_20260128_022824.txt,"mean = 1676.72, std=131.70, range=(1450.00, 1999.00)"
2aec807edc44593be06efe7aee9fda359d78d4e88aa1dd345549faac52cb2958,2aec807edc44,policies/2aec807edc44.py,policies_by_distribution/normal_std10_L6_c1_2/normal_std10_L6_c1_2__2aec807edc44.py,normal_std10_L6_c1_2,32,1,0.000000,1916.13,1916.13,examples/inventory/deepseek-chat_normal_std10_L6_c1_2_50_plain_processed_scipy_15_default_m2_2_r7/prompt_for_code/m2_20260128_034959.txt,"mean = 1916.13, std=142.61, range=(1604.13, 2208.47)"
2af0abd8f64c65d757608ec071f1909d334579264c26d5a2c46dbde1ecf61210,2af0abd8f64c,policies/2af0abd8f64c.py,policies_by_distribution/normal_std50_L6_c1_5/normal_std50_L6_c1_5__2af0abd8f64c.py,normal_std50_L6_c1_5,32,1,0.053487,7328.94,7325.02,examples/inventory/deepseek-chat_normal_std50_L6_c1_5_50_plain_processed_scipy_15_default_m2_2_r7/prompt_for_code/m2_20260128_183327.txt,"mean = 7325.02, std=1236.28, range=(5083.00, 10507.00)"
2b8a3e33e66d5525f2dba12913ee2ac797f60567fc304b14133108e6947676ff,2b8a3e33e66d,policies/2b8a3e33e66d.py,policies_by_distribution/poisson_L2_c1_5/poisson_L2_c1_5__2b8a3e33e66d.py,poisson_L2_c1_5,31,1,0.002550,1176.48,1176.45,examples/inventory/deepseek-chat_poisson_L2_c1_5_50_plain_processed_scipy_15_default_m2_4_r1/prompt_for_code/m2_20251217_232506.txt,"mean = 1176.45, std=154.38, range=(784.89, 1515.92)"
2b93be4f9f17f3c9d1d80db1763a71fb54f8c948a8ba4859a30975e6997764e5,2b93be4f9f17,policies/2b93be4f9f17.py,policies_by_distribution/poisson_L4_c1_2/poisson_L4_c1_2__2b93be4f9f17.py,poisson_L4_c1_2,5,1,0.064254,1494.06,1493.1,examples/inventory/deepseek-chat_poisson_L4_c1_2_50_plain_processed_scipy_15_default_m2_4_r3/prompt_for_code/m2_20251218_074546.txt,"mean = 1493.10, std=138.73, range=(1203.00, 1773.00)"
2bc92072c35c615756da91472f2a667495a05a1098c53d6a986d432285d638a3,2bc92072c35c,policies/2bc92072c35c.py,policies_by_distribution/normal_std30_L4_c1_5/normal_std30_L4_c1_5__2bc92072c35c.py,normal_std30_L4_c1_5,53,1,0.026072,3797.24,3796.25,examples/inventory/deepseek-chat_normal_std30_L4_c1_5_50_plain_processed_scipy_15_default_m2_2_r6/prompt_for_code/m2_20260130_012535.txt,"mean = 3796.25, std=616.22, range=(2710.84, 5183.48)"
2bf3b30f240e5bbf22f0108d539c2d8fd5cf2aa9cc27b567ba17d824caa0d1a7,2bf3b30f240e,policies/2bf3b30f240e.py,policies_by_distribution/exponential_L6_c1_2/exponential_L6_c1_2__2bf3b30f240e.py,exponential_L6_c1_2,12,1,0.000000,6024.48,6024.48,examples/inventory/deepseek-chat_exponential_L6_c1_2_50_plain_processed_scipy_15_default_m2_2_r6/prompt_for_code/m2_20260129_041101.txt,"mean = 6024.48, std=1183.90, range=(3908.68, 9577.09)"
2c462ea1dbdfd8f5ea2d0efdb17bc5c94c0aa987ef306adbc842e7b1a93ddfc3,2c462ea1dbdf,policies/2c462ea1dbdf.py,policies_by_distribution/poisson_L6_c1_2/poisson_L6_c1_2__2c462ea1dbdf.py,poisson_L6_c1_2,1,1,0.068766,1890.46,1891.76,examples/inventory/deepseek-chat_poisson_L6_c1_2_50_plain_processed_scipy_15_default_m2_4_r3/prompt_for_code/m2_20251218_092041.txt,"mean = 1891.76, std=149.39, range=(1410.18, 2175.13)"
2c8c1c7d19a3a7d63a91e7b0d057888ac2e59385447f00584311d3659f86314c,2c8c1c7d19a3,policies/2c8c1c7d19a3.py,policies_by_distribution/exponential_L6_c1_2/exponential_L6_c1_2__2c8c1c7d19a3.py,exponential_L6_c1_2,28,1,0.000000,6326.72,6326.72,examples/inventory/deepseek-chat_exponential_L6_c1_2_50_plain_processed_scipy_15_default_m2_4_r1/prompt_for_code/m2_20251218_013157.txt,"mean = 6326.72, std=1067.25, range=(4364.00, 9798.00)"
2c921343d62a636df5ccf1d30e669b685a77141a3f1866c5340aafa9f508942a,2c921343d62a,policies/2c921343d62a.py,policies_by_distribution/poisson_L4_c1_2/poisson_L4_c1_2__2c921343d62a.py,poisson_L4_c1_2,7,1,0.249765,796.75,798.74,examples/inventory/deepseek-chat_poisson_L4_c1_2_50_plain_processed_scipy_15_default_m2_2_r8/prompt_for_code/m2_20260128_230831.txt,"mean = 798.74, std=146.13, range=(550.00, 1325.00)"
2d40de36c2805b16fc8ab6015157708d45e833a4e3276b0c4a341f35200f74a9,2d40de36c280,policies/2d40de36c280.py,policies_by_distribution/normal_std50_L6_c1_2/normal_std50_L6_c1_2__2d40de36c280.py,normal_std50_L6_c1_2,14,1,0.001952,4098.02,4097.94,examples/inventory/deepseek-chat_normal_std50_L6_c1_2_50_plain_processed_scipy_15_default_m2_4_r2/prompt_for_code/m2_20251217_004712.txt,"mean = 4097.94, std=998.62, range=(2829.00, 9600.00)"
2d501b11c9c0cfce088fc50c4e1da571a9d6fb38157652a46754f27c89db70de,2d501b11c9c0,policies/2d501b11c9c0.py,policies_by_distribution/normal_std50_L6_c1_2/normal_std50_L6_c1_2__2d501b11c9c0.py,normal_std50_L6_c1_2,24,1,0.008373,3941.41,3941.08,examples/inventory/deepseek-chat_normal_std50_L6_c1_2_50_plain_processed_scipy_15_default_m2_4_r2/prompt_for_code/m2_20251217_004615.txt,"mean = 3941.08, std=1384.07, range=(2358.00, 10651.00)"
2d64d885326c9fa5bb9e74da5bccbd1031cb5bbae6937111a564f79530881b58,2d64d885326c,policies/2d64d885326c.py,policies_by_distribution/poisson_L4_c1_5/poisson_L4_c1_5__2d64d885326c.py,poisson_L4_c1_5,1,1,0.055922,2181.62,2180.4,examples/inventory/deepseek-chat_poisson_L4_c1_5_50_plain_processed_scipy_15_default_m2_4_r2/prompt_for_code/m2_20251218_043201.txt,"mean = 2180.40, std=181.42, range=(1796.00, 2668.00)"
2d66a12a03cb3895f38bd8e3552b44058f3e77fd9704bf67b0bcbfc994df5632,2d66a12a03cb,policies/2d66a12a03cb.py,policies_by_distribution/exponential_L6_c1_2/exponential_L6_c1_2__2d66a12a03cb.py,exponential_L6_c1_2,2,1,0.008989,6786.42,6787.03,examples/inventory/deepseek-chat_exponential_L6_c1_2_50_plain_processed_scipy_15_default_m2_4_r1/prompt_for_code/m2_20251222_040431.txt,"mean = 6787.03, std=1078.11, range=(4256.80, 10029.25)"
2d8af373ab021dcd36aae2cb81a3c6388de1b6dcf8dcdd341c21673d76529983,2d8af373ab02,policies/2d8af373ab02.py,policies_by_distribution/exponential_L4_c1_2/exponential_L4_c1_2__2d8af373ab02.py,exponential_L4_c1_2,16,1,0.000000,6199.1,6199.1,examples/inventory/deepseek-chat_exponential_L4_c1_2_50_plain_processed_scipy_15_default_m2_4_r1/prompt_for_code/m2_20251217_235925.txt,"mean = 6199.10, std=1244.37, range=(4165.00, 11439.00)"
2e19f0e6d6b24710e516391eaf0890f2e8ae5c74da2ce55265d8d2e3a3a1a697,2e19f0e6d6b2,policies/2e19f0e6d6b2.py,policies_by_distribution/normal_std30_L6_c1_2/normal_std30_L6_c1_2__2e19f0e6d6b2.py,normal_std30_L6_c1_2,59,1,0.000000,2339.98,2339.98,examples/inventory/deepseek-chat_normal_std30_L6_c1_2_50_plain_processed_scipy_15_default_m2_2_r7/prompt_for_code/m2_20260128_054013.txt,"mean = 2339.98, std=610.75, range=(1531.00, 4582.00)"
2ec4ca8da247dfb640fa3ccd69457b7c1692ed5cbcc4a1e9e7b50687428068f1,2ec4ca8da247,policies/2ec4ca8da247.py,policies_by_distribution/poisson_L4_c1_5/poisson_L4_c1_5__2ec4ca8da247.py,poisson_L4_c1_5,6,1,0.000000,1226.74,1226.74,examples/inventory/deepseek-chat_poisson_L4_c1_5_50_plain_processed_scipy_15_default_m2_4_r1/prompt_for_code/m2_20251218_005519.txt,"mean = 1226.74, std=223.95, range=(823.00, 1753.00)"
2edca626e237784241663924f520da1d2a1520a06729f3bc3dd59ceda6e1b3b8,2edca626e237,policies/2edca626e237.py,policies_by_distribution/exponential_L2_c1_5/exponential_L2_c1_5__2edca626e237.py,exponential_L2_c1_5,28,1,0.000000,10796.2,10796.2,examples/inventory/deepseek-chat_exponential_L2_c1_5_50_plain_processed_scipy_15_default_m2_4_r2/prompt_for_code/m2_20251218_030945.txt,"mean = 10796.20, std=1802.89, range=(7782.02, 15978.97)"
2ee15b7aeee746ae839bd1624a860c9d1709ad50962608bd155ad0c9e76a9590,2ee15b7aeee7,policies/2ee15b7aeee7.py,policies_by_distribution/poisson_L6_c1_5/poisson_L6_c1_5__2ee15b7aeee7.py,poisson_L6_c1_5,4,1,0.074222,3300.89,3298.44,examples/inventory/deepseek-chat_poisson_L6_c1_5_50_plain_processed_scipy_15_default_m2_2_r7/prompt_for_code/m2_20260130_084113.txt,"mean = 3298.44, std=266.12, range=(2819.95, 4035.95)"
2eec1e172ab1c9aca52b422f717d7b42eb12cfec8860de98350d4c89f3a87225,2eec1e172ab1,policies/2eec1e172ab1.py,policies_by_distribution/exponential_L6_c1_2/exponential_L6_c1_2__2eec1e172ab1.py,exponential_L6_c1_2,7,1,0.029150,6586.72,6584.8,examples/inventory/deepseek-chat_exponential_L6_c1_2_50_plain_processed_scipy_15_default_m2_4_r2/prompt_for_code/m2_20251218_052815.txt,"mean = 6584.80, std=1195.62, range=(4215.00, 9244.00)"
2f273bf320c5a07ec3cb03416fd0bcb758d58fe961a6193759795a158b394b4b,2f273bf320c5,policies/2f273bf320c5.py,policies_by_distribution/poisson_L4_c1_2/poisson_L4_c1_2__2f273bf320c5.py,poisson_L4_c1_2,2,1,0.000000,900.22,900.22,examples/inventory/deepseek-chat_poisson_L4_c1_2_50_plain_processed_scipy_15_default_m2_4_r3/prompt_for_code/m2_20251218_075757.txt,"mean = 900.22, std=209.54, range=(612.00, 1643.00)"
2f4d16edd34076b18e4375ef049bf8fbd825c0340c8645325ee2f8d907d6c55a,2f4d16edd340,policies/2f4d16edd340.py,policies_by_distribution/exponential_L4_c1_2/exponential_L4_c1_2__2f4d16edd340.py,exponential_L4_c1_2,7,1,0.032853,6331.24,6329.16,examples/inventory/deepseek-chat_exponential_L4_c1_2_50_plain_processed_scipy_15_default_m2_4_r1/prompt_for_code/m2_20251217_235914.txt,"mean = 6329.16, std=1262.99, range=(4165.00, 11965.00)"
306f6e235fcb553918509c94a4efd8d60d424cc94d0c02beb3aaeda44f7aea85,306f6e235fcb,policies/306f6e235fcb.py,policies_by_distribution/normal_std30_L6_c1_5/normal_std30_L6_c1_5__306f6e235fcb.py,normal_std30_L6_c1_5,71,1,0.000000,3795.66,3795.66,examples/inventory/deepseek-chat_normal_std30_L6_c1_5_50_plain_processed_scipy_15_default_m2_2_r7/prompt_for_code/m2_20260128_065630.txt,"mean = 3795.66, std=663.93, range=(2830.00, 5993.00)"
30e37d9018741ae62c9fc5488b4c6777048f8aa60336db785f5274d5826230d4,30e37d901874,policies/30e37d901874.py,policies_by_distribution/exponential_L6_c1_2/exponential_L6_c1_2__30e37d901874.py,exponential_L6_c1_2,9,1,0.000000,6078.3,6078.3,examples/inventory/deepseek-chat_exponential_L6_c1_2_50_plain_processed_scipy_15_default_m2_2_r7/prompt_for_code/m2_20260129_095218.txt,"mean = 6078.30, std=1083.56, range=(4211.00, 9710.00)"
30eaedb42ec4bb12e83d3168dcdec325d3803a7b04f812be27d655db6111f7cd,30eaedb42ec4,policies/30eaedb42ec4.py,policies_by_distribution/poisson_L6_c1_2/poisson_L6_c1_2__30eaedb42ec4.py,poisson_L6_c1_2,3,1,0.000000,2684.06,2684.06,examples/inventory/deepseek-chat_poisson_L6_c1_2_50_plain_processed_scipy_15_default_m2_4_r2/prompt_for_code/m2_20251218_050619.txt,"mean = 2684.06, std=151.75, range=(2319.00, 2956.00)"
3106071e2d298175b5601a934cc50305ae973958c39888cbeebccb05b64b180c,3106071e2d29,policies/3106071e2d29.py,policies_by_distribution/normal_std10_L4_c1_2/normal_std10_L4_c1_2__3106071e2d29.py,normal_std10_L4_c1_2,22,1,0.000000,816.03,816.03,examples/inventory/deepseek-chat_normal_std10_L4_c1_2_50_plain_processed_scipy_15_default_m2_2_r7/prompt_for_code/m2_20260130_050324.txt,"mean = 816.03, std=168.29, range=(465.20, 1373.67)"
31bc86cf861f4bcd581874a9a931ba005580691dc174143dc5fc8e69a56570bf,31bc86cf861f,policies/31bc86cf861f.py,policies_by_distribution/exponential_L2_c1_2/exponential_L2_c1_2__31bc86cf861f.py,exponential_L2_c1_2,37,1,0.001352,5918.58,5918.5,examples/inventory/deepseek-chat_exponential_L2_c1_2_50_plain_processed_scipy_15_default_m2_4_r1/prompt_for_code/m2_20251217_224630.txt,"mean = 5918.50, std=943.15, range=(4459.00, 8408.00)"
31da79e8ea39f7528009f81c009a05471788cbc92d078259c657d740738d5e6d,31da79e8ea39,policies/31da79e8ea39.py,policies_by_distribution/poisson_L4_c1_2/poisson_L4_c1_2__31da79e8ea39.py,poisson_L4_c1_2,13,1,0.000000,1727.95,1727.95,examples/inventory/deepseek-chat_poisson_L4_c1_2_50_plain_processed_scipy_15_default_m2_4_r1/prompt_for_code/m2_20251217_235041.txt,"mean = 1727.95, std=105.24, range=(1399.27, 1920.95)"
31f4f12c94af7a6099a1bdb1addd6edba22c5aa2c588331395cf5f69b8bae024,31f4f12c94af,policies/31f4f12c94af.py,policies_by_distribution/normal_std30_L6_c1_2/normal_std30_L6_c1_2__31f4f12c94af.py,normal_std30_L6_c1_2,8,1,0.334803,2849.44,2839.9,examples/inventory/deepseek-chat_normal_std30_L6_c1_2_50_plain_processed_scipy_15_default_m2_4_r1/prompt_for_code/m2_20251222_030315.txt,"mean = 2839.90, std=336.24, range=(2265.00, 3621.00)"
320b7478615de1f3a36448020d866143ff16b2acfa39c3dbebfbf3a570549e6f,320b7478615d,policies/320b7478615d.py,policies_by_distribution/poisson_L6_c1_2/poisson_L6_c1_2__320b7478615d.py,poisson_L6_c1_2,9,2,0.000000,2840.97,2840.97,examples/inventory/deepseek-chat_poisson_L6_c1_2_50_plain_processed_scipy_15_default_m2_4_r1/prompt_for_code/m2_20251222_015512.txt,"mean = 2840.97, std=122.35, range=(2608.44, 3069.91)"
321b4debcb95b4527e2ab387ea07dd371589e54709ff5f00f00f12d700acffac,321b4debcb95,policies/321b4debcb95.py,policies_by_distribution/poisson_L6_c1_5/poisson_L6_c1_5__321b4debcb95.py,poisson_L6_c1_5,2,1,0.018160,3138.77,3139.34,examples/inventory/deepseek-chat_poisson_L6_c1_5_50_plain_processed_scipy_15_default_m2_4_r2/prompt_for_code/m2_20251218_054402.txt,"mean = 3139.34, std=250.93, range=(2620.00, 3836.00)"
3222d06bd91ea1addd957182dc845282ac13e41da3b54ec2e36e811ade947164,3222d06bd91e,policies/3222d06bd91e.py,policies_by_distribution/poisson_L6_c1_2/poisson_L6_c1_2__3222d06bd91e.py,poisson_L6_c1_2,18,1,0.261768,1696.16,1700.6,examples/inventory/deepseek-chat_poisson_L6_c1_2_50_plain_processed_scipy_15_default_m2_2_r6/prompt_for_code/m2_20260128_161442.txt,"mean = 1700.60, std=117.51, range=(1436.66, 1983.14)"
32555de32cfbf75f32b8bf90a533ef488daa068d5e5cf9059d533f971a414669,32555de32cfb,policies/32555de32cfb.py,policies_by_distribution/poisson_L4_c1_5/poisson_L4_c1_5__32555de32cfb.py,poisson_L4_c1_5,1,1,0.033407,2035.52,2036.2,examples/inventory/deepseek-chat_poisson_L4_c1_5_50_plain_processed_scipy_15_default_m2_4_r2/prompt_for_code/m2_20251218_045049.txt,"mean = 2036.20, std=197.40, range=(1655.00, 2522.00)"
335d6929eb6cb6450eb7014863445a67b7ebd5c3e77f5b94f314ab19f070e3ef,335d6929eb6c,policies/335d6929eb6c.py,policies_by_distribution/exponential_L6_c1_5/exponential_L6_c1_5__335d6929eb6c.py,exponential_L6_c1_5,7,1,0.000000,12291.56,12291.56,examples/inventory/deepseek-chat_exponential_L6_c1_5_50_plain_processed_scipy_15_default_m2_4_r3/prompt_for_code/m2_20251218_102101.txt,"mean = 12291.56, std=3950.13, range=(6092.00, 28600.00)"
33bd036eb986f821103ab3fe6a0ea0dea38664766adc998eb02e9b1710c6daf4,33bd036eb986,policies/33bd036eb986.py,policies_by_distribution/exponential_L2_c1_5/exponential_L2_c1_5__33bd036eb986.py,exponential_L2_c1_5,3,1,0.000000,10223.66,10223.66,examples/inventory/deepseek-chat_exponential_L2_c1_5_50_plain_processed_scipy_15_default_m2_4_r3/prompt_for_code/m2_20251218_073611.txt,"mean = 10223.66, std=1775.31, range=(7357.98, 15559.43)"
33dfa68de041eb218383412ca396b8dea58fb0e0cf2aa579c35aa44760e516f3,33dfa68de041,policies/33dfa68de041.py,policies_by_distribution/poisson_L6_c1_5/poisson_L6_c1_5__33dfa68de041.py,poisson_L6_c1_5,16,1,0.000000,1316.4,1316.4,examples/inventory/deepseek-chat_poisson_L6_c1_5_50_plain_processed_scipy_15_default_m2_4_r1/prompt_for_code/m2_20251218_021126.txt,"mean = 1316.40, std=448.54, range=(636.00, 2579.00)"
33fd0f89a2a4fe79347050115c9020a274af700cd5e7f33ac365dad6076df4fc,33fd0f89a2a4,policies/33fd0f89a2a4.py,policies_by_distribution/poisson_L4_c1_2/poisson_L4_c1_2__33fd0f89a2a4.py,poisson_L4_c1_2,7,1,0.000000,1589.86,1589.86,examples/inventory/deepseek-chat_poisson_L4_c1_2_50_plain_processed_scipy_15_default_m2_2_r6/prompt_for_code/m2_20260128_143458.txt,"mean = 1589.86, std=116.73, range=(1292.00, 1864.00)"
343cd602026f485b71800e78943bb1afdd386ba11e342dd90130494ab5b3517d,343cd602026f,policies/343cd602026f.py,policies_by_distribution/exponential_L4_c1_5/exponential_L4_c1_5__343cd602026f.py,exponential_L4_c1_5,11,2,0.000000,11019.98,11019.98,examples/inventory/deepseek-chat_exponential_L4_c1_5_50_plain_processed_scipy_15_default_m2_4_r2/prompt_for_code/m2_20251218_050828.txt,"mean = 11019.98, std=2100.68, range=(7034.00, 16407.00)"
349aaec63d2457297e956849ed87cc31b1dbcd392ba2b3c367342a63258eecc0,349aaec63d24,policies/349aaec63d24.py,policies_by_distribution/exponential_L2_c1_2/exponential_L2_c1_2__349aaec63d24.py,exponential_L2_c1_2,13,1,0.000000,5891.52,5891.52,examples/inventory/deepseek-chat_exponential_L2_c1_2_50_plain_processed_scipy_15_default_m2_4_r2/prompt_for_code/m2_20251218_025546.txt,"mean = 5891.52, std=987.69, range=(4425.00, 8498.00)"
34a3baf690d683a9f255af2eb41232809a3c2cf394e7125d9cbfa936a4011ac2,34a3baf690d6,policies/34a3baf690d6.py,policies_by_distribution/poisson_L4_c1_2/poisson_L4_c1_2__34a3baf690d6.py,poisson_L4_c1_2,9,1,0.000000,1727.94,1727.94,examples/inventory/deepseek-chat_poisson_L4_c1_2_50_plain_processed_scipy_15_default_m2_4_r2/prompt_for_code/m2_20251218_034624.txt,"mean = 1727.94, std=105.26, range=(1399.03, 1921.03)"
34f5b0dd54d11fc01525a202790e7eb094572db989d911b1dc50c29d0ea6e637,34f5b0dd54d1,policies/34f5b0dd54d1.py,policies_by_distribution/poisson_L2_c1_5/poisson_L2_c1_5__34f5b0dd54d1.py,poisson_L2_c1_5,3,1,0.000000,1328.28,1328.28,examples/inventory/deepseek-chat_poisson_L2_c1_5_50_plain_processed_scipy_15_default_m2_4_r2/prompt_for_code/m2_20251218_030556.txt,"mean = 1328.28, std=163.11, range=(937.00, 1652.00)"
34f8e18010ee4c642fa62dfcf46fa3553d1c810ce2d77197bf8c33d8e3039bd7,34f8e18010ee,policies/34f8e18010ee.py,policies_by_distribution/exponential_L4_c1_5/exponential_L4_c1_5__34f8e18010ee.py,exponential_L4_c1_5,5,1,0.004423,11304.4,11303.9,examples/inventory/deepseek-chat_exponential_L4_c1_5_50_plain_processed_scipy_15_default_m2_4_r2/prompt_for_code/m2_20251218_044310.txt,"mean = 11303.90, std=2396.93, range=(5535.00, 16249.00)"
352ee3465c7c892ae0a08e76db23f98a86e9485d1b5120318601badef11eceaa,352ee3465c7c,policies/352ee3465c7c.py,policies_by_distribution/exponential_L4_c1_2/exponential_L4_c1_2__352ee3465c7c.py,exponential_L4_c1_2,18,1,0.000000,6115.2,6115.2,examples/inventory/deepseek-chat_exponential_L4_c1_2_50_plain_processed_scipy_15_default_m2_4_r2/prompt_for_code/m2_20251218_042327.txt,"mean = 6115.20, std=1285.45, range=(4062.00, 11386.00)"
3530478167ac00bb96415badacf4615bca89df05bd106204afb35a0d22a58c27,3530478167ac,policies/3530478167ac.py,policies_by_distribution/exponential_L2_c1_5/exponential_L2_c1_5__3530478167ac.py,exponential_L2_c1_5,9,1,0.000000,10213.1,10213.1,examples/inventory/deepseek-chat_exponential_L2_c1_5_50_plain_processed_scipy_15_default_m2_4_r3/prompt_for_code/m2_20251218_073605.txt,"mean = 10213.10, std=1806.35, range=(7164.00, 15616.00)"
3556667ac517965afa5dd370333df782589658a5ca7d80dfc1fc30cdebbb4c8a,3556667ac517,policies/3556667ac517.py,policies_by_distribution/poisson_L4_c1_5/poisson_L4_c1_5__3556667ac517.py,poisson_L4_c1_5,33,1,0.000000,1313.9,1313.9,examples/inventory/deepseek-chat_poisson_L4_c1_5_50_plain_processed_scipy_15_default_m2_4_r3/prompt_for_code/m2_20251218_083942.txt,"mean = 1313.90, std=288.02, range=(791.00, 2242.00)"
35970c84e0e748fd14b78307a413c4151a2923a762acbe31120ab11796381751,35970c84e0e7,policies/35970c84e0e7.py,policies_by_distribution/normal_std30_L6_c1_2/normal_std30_L6_c1_2__35970c84e0e7.py,normal_std30_L6_c1_2,17,1,0.079436,3474.5,3477.26,examples/inventory/deepseek-chat_normal_std30_L6_c1_2_50_plain_processed_scipy_15_default_m2_2_r6/prompt_for_code/m2_20260130_023349.txt,"mean = 3477.26, std=305.18, range=(2966.00, 4205.00)"
35978fff74547900160ea2a4d22d3c58693a191af3a273f6a8ea7e07f8ef2e09,35978fff7454,policies/35978fff7454.py,policies_by_distribution/normal_std10_L6_c1_5/normal_std10_L6_c1_5__35978fff7454.py,normal_std10_L6_c1_5,41,1,0.000000,1257.13,1257.13,examples/inventory/deepseek-chat_normal_std10_L6_c1_5_50_plain_processed_scipy_15_default_m2_2_r7/prompt_for_code/m2_20260129_073015.txt,"mean = 1257.13, std=231.68, range=(732.01, 2054.79)"
36585412405d6e405c49e77200d87fff7e437306a145cb0c9a328b92c467914e,36585412405d,policies/36585412405d.py,policies_by_distribution/exponential_L4_c1_2/exponential_L4_c1_2__36585412405d.py,exponential_L4_c1_2,32,1,0.000000,6308.02,6308.02,examples/inventory/deepseek-chat_exponential_L4_c1_2_50_plain_processed_scipy_15_default_m2_4_r2/prompt_for_code/m2_20251218_035744.txt,"mean = 6308.02, std=1241.26, range=(4471.00, 11736.00)"
366a0f9671d9e3d9f8226afd35c2ae5ae5796aab23387d6d706b40c3baa29965,366a0f9671d9,policies/366a0f9671d9.py,policies_by_distribution/exponential_L6_c1_5/exponential_L6_c1_5__366a0f9671d9.py,exponential_L6_c1_5,7,1,0.000000,11513.28,11513.28,examples/inventory/deepseek-chat_exponential_L6_c1_5_50_plain_processed_scipy_15_default_m2_4_r2/prompt_for_code/m2_20251218_060010.txt,"mean = 11513.28, std=2489.11, range=(6021.55, 16815.58)"
369089b54e5d5e191c448c32be23ccd842741b790ea1456537068617d6ae3623,369089b54e5d,policies/369089b54e5d.py,policies_by_distribution/exponential_L6_c1_2/exponential_L6_c1_2__369089b54e5d.py,exponential_L6_c1_2,38,1,0.000000,7242.44,7242.44,examples/inventory/deepseek-chat_exponential_L6_c1_2_50_plain_processed_scipy_15_default_m2_2_r6/prompt_for_code/m2_20260129_033832.txt,"mean = 7242.44, std=1116.48, range=(5069.07, 10510.13)"
36a25b966f80b582d477b5f7b947701395e5e63fda0dd5e05b5e2c268518d17c,36a25b966f80,policies/36a25b966f80.py,policies_by_distribution/poisson_L6_c1_2/poisson_L6_c1_2__36a25b966f80.py,poisson_L6_c1_2,46,1,0.000000,761.09,761.09,examples/inventory/deepseek-chat_poisson_L6_c1_2_50_plain_processed_scipy_15_default_m2_4_r2/prompt_for_code/m2_20251218_050956.txt,"mean = 761.09, std=116.17, range=(483.02, 1131.02)"
36a808b80787abd5f5b40231d756b256a46f447a3a36579083af4786523cb907,36a808b80787,policies/36a808b80787.py,policies_by_distribution/poisson_L2_c1_5/poisson_L2_c1_5__36a808b80787.py,poisson_L2_c1_5,2,1,0.000000,1347.53,1347.53,examples/inventory/deepseek-chat_poisson_L2_c1_5_50_plain_processed_scipy_15_default_m2_4_r1/prompt_for_code/m2_20251217_231809.txt,"mean = 1347.53, std=167.94, range=(876.50, 1740.87)"
36af3396625009f18a43c38b201189578d743720e86f9c56c50032bfcb4c0e38,36af33966250,policies/36af33966250.py,policies_by_distribution/exponential_L4_c1_5/exponential_L4_c1_5__36af33966250.py,exponential_L4_c1_5,4,1,0.090114,11196.99,11207.08,examples/inventory/deepseek-chat_exponential_L4_c1_5_50_plain_processed_scipy_15_default_m2_4_r3/prompt_for_code/m2_20251218_084334.txt,"mean = 11207.08, std=1996.55, range=(7291.00, 16825.00)"
36d2a9a25a54b000dea8f52af044fe3de33c487d315f31c31ffafa0d6aedd347,36d2a9a25a54,policies/36d2a9a25a54.py,policies_by_distribution/normal_std50_L6_c1_2/normal_std50_L6_c1_2__36d2a9a25a54.py,normal_std50_L6_c1_2,5,1,0.000805,3725.38,3725.35,examples/inventory/deepseek-chat_normal_std50_L6_c1_2_50_plain_processed_scipy_15_default_m2_2_r7/prompt_for_code/m2_20260129_083252.txt,"mean = 3725.35, std=792.78, range=(2325.53, 7257.35)"
374e806a609bc634c6633e43aa80a9fada4d81e775d35c6f361f1ef18035cf37,374e806a609b,policies/374e806a609b.py,policies_by_distribution/exponential_L6_c1_2/exponential_L6_c1_2__374e806a609b.py,exponential_L6_c1_2,4,1,0.004779,6276.98,6276.68,examples/inventory/deepseek-chat_exponential_L6_c1_2_50_plain_processed_scipy_15_default_m2_4_r1/prompt_for_code/m2_20251218_013809.txt,"mean = 6276.68, std=1041.53, range=(4219.00, 9400.00)"
3787a8a74592fe881f646d448783ad243bc190bb25c182851889c05ccff2399b,3787a8a74592,policies/3787a8a74592.py,policies_by_distribution/normal_std50_L6_c1_2/normal_std50_L6_c1_2__3787a8a74592.py,normal_std50_L6_c1_2,9,1,0.011942,5359.39,5358.75,examples/inventory/deepseek-chat_normal_std50_L6_c1_2_50_plain_processed_scipy_15_default_m2_4_r3/prompt_for_code/m2_20251217_011426.txt,"mean = 5358.75, std=633.61, range=(4116.22, 6896.25)"
38134593df25202e987bb83bf5a502ec8de240d1600f0da77fb93e71ac73d589,38134593df25,policies/38134593df25.py,policies_by_distribution/poisson_L2_c1_5/poisson_L2_c1_5__38134593df25.py,poisson_L2_c1_5,3,1,0.000000,1351.8,1351.8,examples/inventory/deepseek-chat_poisson_L2_c1_5_50_plain_processed_scipy_15_default_m2_4_r3/prompt_for_code/m2_20251218_070610.txt,"mean = 1351.80, std=165.13, range=(930.00, 1717.00)"
38c88335ca2a9dd1cf74589c19f37666de2bdf2fb7240cb67f28ec28cb8b671c,38c88335ca2a,policies/38c88335ca2a.py,policies_by_distribution/poisson_L6_c1_2/poisson_L6_c1_2__38c88335ca2a.py,poisson_L6_c1_2,1,1,0.066361,2245.31,2243.82,examples/inventory/deepseek-chat_poisson_L6_c1_2_50_plain_processed_scipy_15_default_m2_4_r3/prompt_for_code/m2_20251218_090706.txt,"mean = 2243.82, std=165.91, range=(1830.95, 2620.32)"
38d4b73d5703ef3622fd68806f3a2f9e59a43d3eb660aef167c39eca733ffd88,38d4b73d5703,policies/38d4b73d5703.py,policies_by_distribution/exponential_L6_c1_2/exponential_L6_c1_2__38d4b73d5703.py,exponential_L6_c1_2,3,1,0.000000,6572.42,6572.42,examples/inventory/deepseek-chat_exponential_L6_c1_2_50_plain_processed_scipy_15_default_m2_2_r7/prompt_for_code/m2_20260129_093232.txt,"mean = 6572.42, std=1095.55, range=(4525.00, 10265.00)"
394714e81aaea7678be27227ac7c3cb64f860f654aa7814be074e587627f95c5,394714e81aae,policies/394714e81aae.py,policies_by_distribution/normal_std30_L4_c1_5/normal_std30_L4_c1_5__394714e81aae.py,normal_std30_L4_c1_5,41,1,0.006548,3970.65,3970.91,examples/inventory/deepseek-chat_normal_std30_L4_c1_5_50_plain_processed_scipy_15_default_m2_2_r6/prompt_for_code/m2_20260130_010815.txt,"mean = 3970.91, std=602.45, range=(2938.08, 5375.37)"
397d63bf2335ec801c75923ade2e7d97a3dbb17826f11ef0fc4283e766ee8a88,397d63bf2335,policies/397d63bf2335.py,policies_by_distribution/poisson_L2_c1_5/poisson_L2_c1_5__397d63bf2335.py,poisson_L2_c1_5,9,1,0.000000,1303.32,1303.32,examples/inventory/deepseek-chat_poisson_L2_c1_5_50_plain_processed_scipy_15_default_m2_4_r3/prompt_for_code/m2_20251218_071327.txt,"mean = 1303.32, std=188.84, range=(860.00, 1682.00)"
39f1a4acf73a3856607ef029a4fa597509e273bb6b64ecdc6813c32908bd1a53,39f1a4acf73a,policies/39f1a4acf73a.py,policies_by_distribution/exponential_L2_c1_2/exponential_L2_c1_2__39f1a4acf73a.py,exponential_L2_c1_2,23,1,0.013204,5983.22,5982.43,examples/inventory/deepseek-chat_exponential_L2_c1_2_50_plain_processed_scipy_15_default_m2_4_r4/prompt_for_code/m2_20251218_104703.txt,"mean = 5982.43, std=993.09, range=(4237.69, 8613.61)"
3a2c494dff8d5dcdb1f6933d221771ad519cdd5707c1ff9da3099c434b8db62a,3a2c494dff8d,policies/3a2c494dff8d.py,policies_by_distribution/poisson_L4_c1_2/poisson_L4_c1_2__3a2c494dff8d.py,poisson_L4_c1_2,11,1,0.000000,827.62,827.62,examples/inventory/deepseek-chat_poisson_L4_c1_2_50_plain_processed_scipy_15_default_m2_2_r8/prompt_for_code/m2_20260128_224632.txt,"mean = 827.62, std=143.53, range=(591.00, 1234.00)"
3a792d6d2a2baf38974f88ec9c06d4df0faf6153131e59984753fa5e312b0a2b,3a792d6d2a2b,policies/3a792d6d2a2b.py,policies_by_distribution/poisson_L4_c1_2/poisson_L4_c1_2__3a792d6d2a2b.py,poisson_L4_c1_2,5,1,0.000000,1515.06,1515.06,examples/inventory/deepseek-chat_poisson_L4_c1_2_50_plain_processed_scipy_15_default_m2_4_r1/prompt_for_code/m2_20251217_235408.txt,"mean = 1515.06, std=139.00, range=(1233.00, 1836.00)"
3aa895d51c7b2be40517eee9a1844beffbb523f4c5543ada1de9a7ceb98ee1a2,3aa895d51c7b,policies/3aa895d51c7b.py,policies_by_distribution/normal_std10_L2_c1_5/normal_std10_L2_c1_5__3aa895d51c7b.py,normal_std10_L2_c1_5,19,1,0.075035,1372.7,1371.67,examples/inventory/deepseek-chat_normal_std10_L2_c1_5_50_plain_processed_scipy_15_default_m2_2_r8/prompt_for_code/m2_20260130_094005.txt,"mean = 1371.67, std=151.34, range=(1116.05, 1771.03)"
3adf243a530686ed57adc17643db438d3e9f8d7a9e8dd63d60997a2b3154ca90,3adf243a5306,policies/3adf243a5306.py,policies_by_distribution/poisson_L4_c1_5/poisson_L4_c1_5__3adf243a5306.py,poisson_L4_c1_5,15,1,0.000000,1480.16,1480.16,examples/inventory/deepseek-chat_poisson_L4_c1_5_50_plain_processed_scipy_15_default_m2_4_r1/prompt_for_code/m2_20251218_004224.txt,"mean = 1480.16, std=258.15, range=(952.00, 2257.00)"
3b1a8873951c60449bab4d13e7cb8a2dd3b2981aa59060a16f3410fd56791010,3b1a8873951c,policies/3b1a8873951c.py,policies_by_distribution/exponential_L2_c1_5/exponential_L2_c1_5__3b1a8873951c.py,exponential_L2_c1_5,26,2,0.000000,10168.64,10168.64,examples/inventory/deepseek-chat_exponential_L2_c1_5_50_plain_processed_scipy_15_default_m2_4_r1/prompt_for_code/m2_20251217_233223.txt,"mean = 10168.64, std=1806.90, range=(7224.51, 15588.16)"
3b530620f0f16ddbfb429b428503e7452714347a146fe671092893f056bd5b7c,3b530620f0f1,policies/3b530620f0f1.py,policies_by_distribution/normal_std50_L6_c1_2/normal_std50_L6_c1_2__3b530620f0f1.py,normal_std50_L6_c1_2,2,1,0.000217,4613.39,4613.38,examples/inventory/deepseek-chat_normal_std50_L6_c1_2_50_plain_processed_scipy_15_default_m2_2_r7/prompt_for_code/m2_20260128_173355.txt,"mean = 4613.38, std=669.78, range=(2856.89, 6806.14)"
3be128bae192b9d9ec1614f72a0f00e0861cc4f2b4d8abbf25d674de862c8e16,3be128bae192,policies/3be128bae192.py,policies_by_distribution/normal_std30_L6_c1_5/normal_std30_L6_c1_5__3be128bae192.py,normal_std30_L6_c1_5,1,1,0.199666,4657.77,4648.47,examples/inventory/deepseek-chat_normal_std30_L6_c1_5_50_plain_processed_scipy_15_default_m2_2_r8/prompt_for_code/m2_20260128_121714.txt,"mean = 4648.47, std=676.82, range=(3177.64, 6114.69)"
3c1965257436a02b3cddde34f3249c2718d7d1b97134c5d7ea6112f924acc837,3c1965257436,policies/3c1965257436.py,policies_by_distribution/poisson_L2_c1_5/poisson_L2_c1_5__3c1965257436.py,poisson_L2_c1_5,6,1,0.000000,1222.8,1222.8,examples/inventory/deepseek-chat_poisson_L2_c1_5_50_plain_processed_scipy_15_default_m2_4_r2/prompt_for_code/m2_20251218_032431.txt,"mean = 1222.80, std=227.45, range=(862.00, 1946.00)"
3c2a0d03ac9749a2585ee2a321cda68e277f67ee30eb5fa680407ddd365e6537,3c2a0d03ac97,policies/3c2a0d03ac97.py,policies_by_distribution/exponential_L6_c1_2/exponential_L6_c1_2__3c2a0d03ac97.py,exponential_L6_c1_2,5,1,0.000000,7200.12,7200.12,examples/inventory/deepseek-chat_exponential_L6_c1_2_50_plain_processed_scipy_15_default_m2_4_r1/prompt_for_code/m2_20251222_034509.txt,"mean = 7200.12, std=1124.84, range=(4882.86, 10372.12)"
3c6cc211c5288c544cc3830ed781dc46d80258989b3167bf01c7ed41cfd0deeb,3c6cc211c528,policies/3c6cc211c528.py,policies_by_distribution/exponential_L2_c1_5/exponential_L2_c1_5__3c6cc211c528.py,exponential_L2_c1_5,8,1,0.000925,10807.09,10806.99,examples/inventory/deepseek-chat_exponential_L2_c1_5_50_plain_processed_scipy_15_default_m2_4_r3/prompt_for_code/m2_20251218_072135.txt,"mean = 10806.99, std=1856.24, range=(7723.19, 16194.77)"
3ccd642afdba8c416aa6d0da56146a693622e3855969b3f86a8577291faedf2e,3ccd642afdba,policies/3ccd642afdba.py,policies_by_distribution/exponential_L4_c1_2/exponential_L4_c1_2__3ccd642afdba.py,exponential_L4_c1_2,54,1,0.000000,6103.12,6103.12,examples/inventory/deepseek-chat_exponential_L4_c1_2_50_plain_processed_scipy_15_default_m2_4_r1/prompt_for_code/m2_20251218_002134.txt,"mean = 6103.12, std=1265.67, range=(4072.00, 11508.00)"
3cdb1b540d0a2b6524f56359a23f0297cff3558acd9f1456eebeae71c6aebea7,3cdb1b540d0a,policies/3cdb1b540d0a.py,policies_by_distribution/exponential_L2_c1_2/exponential_L2_c1_2__3cdb1b540d0a.py,exponential_L2_c1_2,11,1,0.000000,5879.8,5879.8,examples/inventory/deepseek-chat_exponential_L2_c1_2_50_plain_processed_scipy_15_default_m2_4_r1/prompt_for_code/m2_20251217_230054.txt,"mean = 5879.80, std=983.30, range=(4397.00, 8499.00)"
3cecaf765fa739c6c5607dc70a2238e0ffbb047e2414dea4df8b6c332b9f4825,3cecaf765fa7,policies/3cecaf765fa7.py,policies_by_distribution/normal_std10_L6_c1_5/normal_std10_L6_c1_5__3cecaf765fa7.py,normal_std10_L6_c1_5,8,1,0.000967,2068.04,2068.06,examples/inventory/deepseek-chat_normal_std10_L6_c1_5_50_plain_processed_scipy_15_default_m2_2_r7/prompt_for_code/m2_20260130_054726.txt,"mean = 2068.06, std=220.21, range=(1530.51, 2715.64)"
3d0238aa01b73b452845876a4c04b08c8616c4805755d65b481b7d43669b2845,3d0238aa01b7,policies/3d0238aa01b7.py,policies_by_distribution/poisson_L4_c1_2/poisson_L4_c1_2__3d0238aa01b7.py,poisson_L4_c1_2,9,1,0.000000,802.5,802.5,examples/inventory/deepseek-chat_poisson_L4_c1_2_50_plain_processed_scipy_15_default_m2_4_r2/prompt_for_code/m2_20251218_035455.txt,"mean = 802.50, std=129.15, range=(545.00, 1155.00)"
3d0967aed0ee455ab7323904947b8ab78cd95a5238f36880813af2585733128c,3d0967aed0ee,policies/3d0967aed0ee.py,policies_by_distribution/exponential_L6_c1_5/exponential_L6_c1_5__3d0967aed0ee.py,exponential_L6_c1_5,2,1,0.000000,12693.96,12693.96,examples/inventory/deepseek-chat_exponential_L6_c1_5_50_plain_processed_scipy_15_default_m2_4_r1/prompt_for_code/m2_20251218_015903.txt,"mean = 12693.96, std=2244.80, range=(8132.00, 18412.00)"
3dc400894b5db20adef91ef49f2edd2464fc002f46b78a5c05e3620d17772d0a,3dc400894b5d,policies/3dc400894b5d.py,policies_by_distribution/poisson_L2_c1_2/poisson_L2_c1_2__3dc400894b5d.py,poisson_L2_c1_2,12,1,0.000000,1053.8,1053.8,examples/inventory/deepseek-chat_poisson_L2_c1_2_50_plain_processed_scipy_15_default_m2_4_r3/prompt_for_code/m2_20251218_061725.txt,"mean = 1053.80, std=88.83, range=(865.00, 1280.00)"
3dfbd7f62e62d0507f4410d24438d06a9c8112901a7ff487b5f96e1392225da2,3dfbd7f62e62,policies/3dfbd7f62e62.py,policies_by_distribution/normal_std50_L6_c1_2/normal_std50_L6_c1_2__3dfbd7f62e62.py,normal_std50_L6_c1_2,13,1,0.000000,4078.45,4078.45,examples/inventory/deepseek-chat_normal_std50_L6_c1_2_50_plain_processed_scipy_15_default_m2_2_r7/prompt_for_code/m2_20260128_174432.txt,"mean = 4078.45, std=562.64, range=(2728.55, 5863.98)"
3e5c939528ef25ce69b5af8447a59a48fa96d3e69dc0138608c6203ddcc57c71,3e5c939528ef,policies/3e5c939528ef.py,policies_by_distribution/poisson_L4_c1_2/poisson_L4_c1_2__3e5c939528ef.py,poisson_L4_c1_2,4,1,0.000000,1726.62,1726.62,examples/inventory/deepseek-chat_poisson_L4_c1_2_50_plain_processed_scipy_15_default_m2_4_r2/prompt_for_code/m2_20251218_035002.txt,"mean = 1726.62, std=105.68, range=(1393.46, 1921.71)"
3e91f46a731c11968352aa3927a6441cf1b2c014511066c171906780b27eebf8,3e91f46a731c,policies/3e91f46a731c.py,policies_by_distribution/poisson_L4_c1_5/poisson_L4_c1_5__3e91f46a731c.py,poisson_L4_c1_5,4,1,0.077968,2103.44,2105.08,examples/inventory/deepseek-chat_poisson_L4_c1_5_50_plain_processed_scipy_15_default_m2_4_r2/prompt_for_code/m2_20251218_044533.txt,"mean = 2105.08, std=189.08, range=(1698.00, 2591.00)"
3e9b9872fddabe2b665d21471880221f8f0ab08b72560e122aa523b2c0b67d18,3e9b9872fdda,policies/3e9b9872fdda.py,policies_by_distribution/poisson_L6_c1_5/poisson_L6_c1_5__3e9b9872fdda.py,poisson_L6_c1_5,4,1,0.091331,1883.25,1881.53,examples/inventory/deepseek-chat_poisson_L6_c1_5_50_plain_processed_scipy_15_default_m2_2_r6/prompt_for_code/m2_20260130_033746.txt,"mean = 1881.53, std=230.47, range=(1162.54, 2383.88)"
3eb0892c2747b687b743f9b5ef85a74ec2e4d7147e0599bfae74780c38d6404d,3eb0892c2747,policies/3eb0892c2747.py,policies_by_distribution/exponential_L4_c1_5/exponential_L4_c1_5__3eb0892c2747.py,exponential_L4_c1_5,24,1,0.002258,11070.73,11070.98,examples/inventory/deepseek-chat_exponential_L4_c1_5_50_plain_processed_scipy_15_default_m2_4_r2/prompt_for_code/m2_20251218_044957.txt,"mean = 11070.98, std=2102.31, range=(6903.00, 16268.00)"
3ebfa5543ee4fa1101c806c8eb6e718e66a52f76fe3bc04ffc7adcbfbb84b63c,3ebfa5543ee4,policies/3ebfa5543ee4.py,policies_by_distribution/exponential_L4_c1_5/exponential_L4_c1_5__3ebfa5543ee4.py,exponential_L4_c1_5,12,1,0.000000,12171.96,12171.96,examples/inventory/deepseek-chat_exponential_L4_c1_5_50_plain_processed_scipy_15_default_m2_4_r1/prompt_for_code/m2_20251218_002848.txt,"mean = 12171.96, std=2063.21, range=(8706.00, 16573.00)"
3ec3064a1e380c442a9fc5065c9297fab03bd08f74e572f3f1f0b938d2c39495,3ec3064a1e38,policies/3ec3064a1e38.py,policies_by_distribution/poisson_L2_c1_5/poisson_L2_c1_5__3ec3064a1e38.py,poisson_L2_c1_5,30,2,0.000000,1384.38,1384.38,examples/inventory/deepseek-chat_poisson_L2_c1_5_50_plain_processed_scipy_15_default_m2_4_r3/prompt_for_code/m2_20251218_065707.txt,"mean = 1384.38, std=162.80, range=(962.00, 1743.00)"
3ed1f108668679ac93985017b99d930e21ea1ce2c5b962d2c7cd7a782773008b,3ed1f1086686,policies/3ed1f1086686.py,policies_by_distribution/poisson_L6_c1_2/poisson_L6_c1_2__3ed1f1086686.py,poisson_L6_c1_2,4,1,0.333143,1930.1,1923.67,examples/inventory/deepseek-chat_poisson_L6_c1_2_50_plain_processed_scipy_15_default_m2_4_r3/prompt_for_code/m2_20251218_091750.txt,"mean = 1923.67, std=188.28, range=(1432.50, 2309.70)"
3ee7c3b09ad16cbd6e18a6badf11786d45ac40d92f6fcda54ab93186de14b9b3,3ee7c3b09ad1,policies/3ee7c3b09ad1.py,policies_by_distribution/exponential_L2_c1_5/exponential_L2_c1_5__3ee7c3b09ad1.py,exponential_L2_c1_5,6,1,0.004124,10185.16,10185.58,examples/inventory/deepseek-chat_exponential_L2_c1_5_50_plain_processed_scipy_15_default_m2_4_r3/prompt_for_code/m2_20251218_074722.txt,"mean = 10185.58, std=1815.69, range=(7145.00, 15440.00)"
3efda4eb6a3aaae9bf3ba7c2c83a085be9b7ae3ad44b34934436c0fe1aaafb11,3efda4eb6a3a,policies/3efda4eb6a3a.py,policies_by_distribution/normal_std50_L6_c1_5/normal_std50_L6_c1_5__3efda4eb6a3a.py,normal_std50_L6_c1_5,34,1,0.000000,6226.94,6226.94,examples/inventory/deepseek-chat_normal_std50_L6_c1_5_50_plain_processed_scipy_15_default_m2_2_r6/prompt_for_code/m2_20260129_032050.txt,"mean = 6226.94, std=1129.37, range=(4169.00, 9631.00)"
3f0b37b1ca568152cfad28be01b0d55940bc552236901d96366aa61b99e21fa9,3f0b37b1ca56,policies/3f0b37b1ca56.py,policies_by_distribution/poisson_L2_c1_2/poisson_L2_c1_2__3f0b37b1ca56.py,poisson_L2_c1_2,5,1,0.000000,1342.38,1342.38,examples/inventory/deepseek-chat_poisson_L2_c1_2_50_plain_processed_scipy_15_default_m2_4_r2/prompt_for_code/m2_20251218_021831.txt,"mean = 1342.38, std=132.17, range=(949.00, 1603.00)"
3f235494706b3366859067b85a8c084e698511c9a9a58cc03a32e0241daed2bb,3f235494706b,policies/3f235494706b.py,policies_by_distribution/exponential_L6_c1_5/exponential_L6_c1_5__3f235494706b.py,exponential_L6_c1_5,2,1,0.000000,11909.22,11909.22,examples/inventory/deepseek-chat_exponential_L6_c1_5_50_plain_processed_scipy_15_default_m2_4_r1/prompt_for_code/m2_20251218_020255.txt,"mean = 11909.22, std=2285.43, range=(7298.00, 17078.00)"
3f46bf5667528bce4ba1929ad0cae74cea87c0a07ed57e5383f251e28e249f69,3f46bf566752,policies/3f46bf566752.py,policies_by_distribution/normal_std50_L6_c1_2/normal_std50_L6_c1_2__3f46bf566752.py,normal_std50_L6_c1_2,3,1,0.000000,5539.58,5539.58,examples/inventory/deepseek-chat_normal_std50_L6_c1_2_50_plain_processed_scipy_15_default_m2_4_r3/prompt_for_code/m2_20251217_010804.txt,"mean = 5539.58, std=641.96, range=(4339.00, 6916.00)"
3f67c07d9117bb3712833b2682c4391ca4bac8c46e69b1f99723bb8c27f6234b,3f67c07d9117,policies/3f67c07d9117.py,policies_by_distribution/exponential_L6_c1_5/exponential_L6_c1_5__3f67c07d9117.py,exponential_L6_c1_5,1,1,0.055649,11698.28,11704.79,examples/inventory/deepseek-chat_exponential_L6_c1_5_50_plain_processed_scipy_15_default_m2_4_r1/prompt_for_code/m2_20251218_022534.txt,"mean = 11704.79, std=2801.76, range=(6295.49, 18309.32)"
3fa7f1a4d5f14eac45e2338d6e0a098c5e16ff69302428304ec4ec5cc1588fc0,3fa7f1a4d5f1,policies/3fa7f1a4d5f1.py,policies_by_distribution/normal_std50_L6_c1_2/normal_std50_L6_c1_2__3fa7f1a4d5f1.py,normal_std50_L6_c1_2,6,1,0.023567,5600.96,5602.28,examples/inventory/deepseek-chat_normal_std50_L6_c1_2_50_plain_processed_scipy_15_default_m2_4_r1/prompt_for_code/m2_20251216_232632.txt,"mean = 5602.28, std=638.20, range=(4374.01, 7125.53)"
3fe6ed09eabe45d10f462b8d0d74c327fe61a7e836c7b8392ccdd1872a50c919,3fe6ed09eabe,policies/3fe6ed09eabe.py,policies_by_distribution/exponential_L6_c1_2/exponential_L6_c1_2__3fe6ed09eabe.py,exponential_L6_c1_2,6,2,0.004487,6908.33,6908.02,examples/inventory/deepseek-chat_exponential_L6_c1_2_50_plain_processed_scipy_15_default_m2_4_r1/prompt_for_code/m2_20251222_040517.txt,"mean = 6908.02, std=1081.65, range=(4459.00, 9853.00)"
4015933e8f47c2f61dff1b7912894878f95d23c4ab9666987c9c030f1778ab2c,4015933e8f47,policies/4015933e8f47.py,policies_by_distribution/exponential_L2_c1_2/exponential_L2_c1_2__4015933e8f47.py,exponential_L2_c1_2,11,1,0.000000,6163.34,6163.34,examples/inventory/deepseek-chat_exponential_L2_c1_2_50_plain_processed_scipy_15_default_m2_4_r3/prompt_for_code/m2_20251218_065015.txt,"mean = 6163.34, std=1014.44, range=(4744.00, 8537.00)"
402ebdbfecdd8cf99793fcd47e45b06b744f65feed48f92ee82bb6743ccd3856,402ebdbfecdd,policies/402ebdbfecdd.py,policies_by_distribution/exponential_L4_c1_2/exponential_L4_c1_2__402ebdbfecdd.py,exponential_L4_c1_2,5,1,0.000292,6860.35,6860.33,examples/inventory/deepseek-chat_exponential_L4_c1_2_50_plain_processed_scipy_15_default_m2_4_r1/prompt_for_code/m2_20251217_234924.txt,"mean = 6860.33, std=1240.19, range=(4778.73, 11961.62)"
406cf99681bc8ccaad82b553b15b7ceb4ed0086fdbb92f2d3f2933b27bbd3be1,406cf99681bc,policies/406cf99681bc.py,policies_by_distribution/exponential_L6_c1_2/exponential_L6_c1_2__406cf99681bc.py,exponential_L6_c1_2,2,1,0.004910,6109.96,6110.26,examples/inventory/deepseek-chat_exponential_L6_c1_2_50_plain_processed_scipy_15_default_m2_4_r1/prompt_for_code/m2_20251218_014451.txt,"mean = 6110.26, std=1062.06, range=(4011.00, 9513.00)"
40995d4306e099451b2c4cb25fe69e9ccb6fd413c1d9811103607dec3d62beda,40995d4306e0,policies/40995d4306e0.py,policies_by_distribution/poisson_L2_c1_5/poisson_L2_c1_5__40995d4306e0.py,poisson_L2_c1_5,45,2,0.000000,1329.28,1329.28,examples/inventory/deepseek-chat_poisson_L2_c1_5_50_plain_processed_scipy_15_default_m2_4_r2/prompt_for_code/m2_20251218_031036.txt,"mean = 1329.28, std=195.65, range=(929.00, 1689.00)"
4099b2f233454aa9631b5e6b2d9bf7678442f4896e847b4f87ce772813dc091f,4099b2f23345,policies/4099b2f23345.py,policies_by_distribution/normal_std30_L4_c1_5/normal_std30_L4_c1_5__4099b2f23345.py,normal_std30_L4_c1_5,42,1,0.000000,3525.36,3525.36,examples/inventory/deepseek-chat_normal_std30_L4_c1_5_50_plain_processed_scipy_15_default_m2_2_r6/prompt_for_code/m2_20260128_003717.txt,"mean = 3525.36, std=507.44, range=(2451.88, 4901.89)"
40bd10cd5df8a032bf695637d6a160d81d43a356dd22a388426d6c15cc1f858c,40bd10cd5df8,policies/40bd10cd5df8.py,policies_by_distribution/normal_std50_L6_c1_2/normal_std50_L6_c1_2__40bd10cd5df8.py,normal_std50_L6_c1_2,8,1,0.079069,4198.88,4195.56,examples/inventory/deepseek-chat_normal_std50_L6_c1_2_50_plain_processed_scipy_15_default_m2_4_r1/prompt_for_code/m2_20251216_230626.txt,"mean = 4195.56, std=545.70, range=(3073.00, 5846.00)"
412abd8270c9e84c9fbed241532b1cce08174eccfd0e73dba2f2f8df68fa3a52,412abd8270c9,policies/412abd8270c9.py,policies_by_distribution/normal_std10_L6_c1_5/normal_std10_L6_c1_5__412abd8270c9.py,normal_std10_L6_c1_5,7,1,0.000000,1249.9,1249.9,examples/inventory/deepseek-chat_normal_std10_L6_c1_5_50_plain_processed_scipy_15_default_m2_2_r7/prompt_for_code/m2_20260130_064653.txt,"mean = 1249.90, std=246.16, range=(782.54, 2200.43)"
4163f43daf88e7200f847e45114360c0859079c3838a0784358b43c304257c94,4163f43daf88,policies/4163f43daf88.py,policies_by_distribution/exponential_L4_c1_2/exponential_L4_c1_2__4163f43daf88.py,exponential_L4_c1_2,13,1,0.147201,6650.75,6640.96,examples/inventory/deepseek-chat_exponential_L4_c1_2_50_plain_processed_scipy_15_default_m2_4_r2/prompt_for_code/m2_20251218_035029.txt,"mean = 6640.96, std=1425.92, range=(4707.75, 11866.97)"
41745722b068a559d257d176d675dfc0624f0ac6f94f1ed357b90d8addf71004,41745722b068,policies/41745722b068.py,policies_by_distribution/exponential_L2_c1_2/exponential_L2_c1_2__41745722b068.py,exponential_L2_c1_2,25,1,0.000000,5902.72,5902.72,examples/inventory/deepseek-chat_exponential_L2_c1_2_50_plain_processed_scipy_15_default_m2_4_r1/prompt_for_code/m2_20251217_225200.txt,"mean = 5902.72, std=982.72, range=(4508.00, 8501.00)"
420c3a8c0e3535c3937cc627a59d5688de62e33538d2c5e42d40d9a455c66fde,420c3a8c0e35,policies/420c3a8c0e35.py,policies_by_distribution/poisson_L4_c1_2/poisson_L4_c1_2__420c3a8c0e35.py,poisson_L4_c1_2,2,1,0.008490,1648.94,1648.8,examples/inventory/deepseek-chat_poisson_L4_c1_2_50_plain_processed_scipy_15_default_m2_2_r7/prompt_for_code/m2_20260130_072358.txt,"mean = 1648.80, std=107.76, range=(1317.00, 1879.00)"
422554454e7368730d53a1c17940bfc64b8c5601cddaf49074b665ed7b14a376,422554454e73,policies/422554454e73.py,policies_by_distribution/exponential_L2_c1_5/exponential_L2_c1_5__422554454e73.py,exponential_L2_c1_5,25,1,0.000098,10160.88,10160.87,examples/inventory/deepseek-chat_exponential_L2_c1_5_50_plain_processed_scipy_15_default_m2_4_r1/prompt_for_code/m2_20251217_233357.txt,"mean = 10160.87, std=1822.30, range=(7115.46, 15635.40)"
424b849e669f5aaa7d2aa5cbd2464a8ea3cb3b1888940b0ca684d6fa3e7f3bc8,424b849e669f,policies/424b849e669f.py,policies_by_distribution/exponential_L6_c1_2/exponential_L6_c1_2__424b849e669f.py,exponential_L6_c1_2,1,1,0.000000,7759.18,7759.18,examples/inventory/deepseek-chat_exponential_L6_c1_2_50_plain_processed_scipy_15_default_m2_4_r3/prompt_for_code/m2_20251218_091210.txt,"mean = 7759.18, std=1116.72, range=(4905.00, 10412.00)"
43ccfaa78244cbb74dde44cf5f22c7b69aa1d7b4982cc5b6e1d303b3148521b6,43ccfaa78244,policies/43ccfaa78244.py,policies_by_distribution/exponential_L4_c1_5/exponential_L4_c1_5__43ccfaa78244.py,exponential_L4_c1_5,13,1,0.001419,11279.5,11279.34,examples/inventory/deepseek-chat_exponential_L4_c1_5_50_plain_processed_scipy_15_default_m2_4_r1/prompt_for_code/m2_20251218_005542.txt,"mean = 11279.34, std=2108.87, range=(6900.00, 16500.00)"
43d174e2a57a4ebf86241a46a96efaeb97fc7e09cbc3ef60baa6ae0d10984d4b,43d174e2a57a,policies/43d174e2a57a.py,policies_by_distribution/poisson_L4_c1_5/poisson_L4_c1_5__43d174e2a57a.py,poisson_L4_c1_5,3,1,0.144861,1256.38,1254.56,examples/inventory/deepseek-chat_poisson_L4_c1_5_50_plain_processed_scipy_15_default_m2_4_r1/prompt_for_code/m2_20251218_005721.txt,"mean = 1254.56, std=289.89, range=(720.00, 2117.00)"
4403f8230f17da780c44094d79ebda1625657b41d61ca1235e4dd95c28fb61a6,4403f8230f17,policies/4403f8230f17.py,policies_by_distribution/exponential_L6_c1_2/exponential_L6_c1_2__4403f8230f17.py,exponential_L6_c1_2,1,1,0.001968,6096.49,6096.37,examples/inventory/deepseek-chat_exponential_L6_c1_2_50_plain_processed_scipy_15_default_m2_4_r2/prompt_for_code/m2_20251218_053701.txt,"mean = 6096.37, std=1102.76, range=(3871.14, 9516.64)"
4435fbbebde09af7686d7f252ade6cc07b1afd8ceccae451d5bf7efd63403100,4435fbbebde0,policies/4435fbbebde0.py,policies_by_distribution/normal_std10_L6_c1_5/normal_std10_L6_c1_5__4435fbbebde0.py,normal_std10_L6_c1_5,3,1,0.000000,1904.75,1904.75,examples/inventory/deepseek-chat_normal_std10_L6_c1_5_50_plain_processed_scipy_15_default_m2_2_r6/prompt_for_code/m2_20260129_010133.txt,"mean = 1904.75, std=262.66, range=(1439.13, 2407.05)"
448bb4266c0493bbb68808b0d36c11e9575c4edadb9fca489ab63d26f7a903bb,448bb4266c04,policies/448bb4266c04.py,policies_by_distribution/poisson_L4_c1_2/poisson_L4_c1_2__448bb4266c04.py,poisson_L4_c1_2,23,2,0.000000,857.12,857.12,examples/inventory/deepseek-chat_poisson_L4_c1_2_50_plain_processed_scipy_15_default_m2_4_r3/prompt_for_code/m2_20251218_075007.txt,"mean = 857.12, std=114.76, range=(600.00, 1174.00)"
44a858b6740ffbf99f6325da35aec6a1ea4a0148619a404ac077bb7362e13ed6,44a858b6740f,policies/44a858b6740f.py,policies_by_distribution/poisson_L2_c1_2/poisson_L2_c1_2__44a858b6740f.py,poisson_L2_c1_2,10,1,0.025252,1029.62,1029.88,examples/inventory/deepseek-chat_poisson_L2_c1_2_50_plain_processed_scipy_15_default_m2_4_r3/prompt_for_code/m2_20251218_062618.txt,"mean = 1029.88, std=95.54, range=(826.00, 1307.00)"
451fc0a9ef702980db29776caada2afe6ec97e0dfb15ccde011faffe13a307e4,451fc0a9ef70,policies/451fc0a9ef70.py,policies_by_distribution/exponential_L6_c1_2/exponential_L6_c1_2__451fc0a9ef70.py,exponential_L6_c1_2,14,1,0.000000,6043.52,6043.52,examples/inventory/deepseek-chat_exponential_L6_c1_2_50_plain_processed_scipy_15_default_m2_2_r6/prompt_for_code/m2_20260129_034103.txt,"mean = 6043.52, std=1183.85, range=(4015.91, 9604.47)"
455a844324e901ba19ef6e031766301e0351fa7d73d0ed069fe536ac39722d23,455a844324e9,policies/455a844324e9.py,policies_by_distribution/exponential_L2_c1_2/exponential_L2_c1_2__455a844324e9.py,exponential_L2_c1_2,7,2,0.000000,5878.12,5878.12,examples/inventory/deepseek-chat_exponential_L2_c1_2_50_plain_processed_scipy_15_default_m2_4_r1/prompt_for_code/m2_20251217_225757.txt,"mean = 5878.12, std=977.51, range=(4349.00, 8493.00)"
455f8f92759ad1a435ccbd3652b168f35c3ceb1bd492f7143c8e0d613432766c,455f8f92759a,policies/455f8f92759a.py,policies_by_distribution/poisson_L2_c1_2/poisson_L2_c1_2__455f8f92759a.py,poisson_L2_c1_2,1,1,0.000000,2338.34,2338.34,examples/inventory/deepseek-chat_poisson_L2_c1_2_50_plain_processed_scipy_15_default_m2_4_r1/prompt_for_code/m2_20251217_222940.txt,"mean = 2338.34, std=131.54, range=(2055.00, 2669.00)"
4569e8ab263a7544dec812565f8cca188de896e251eb09f32a2bf3d5becd79cb,4569e8ab263a,policies/4569e8ab263a.py,policies_by_distribution/exponential_L2_c1_5/exponential_L2_c1_5__4569e8ab263a.py,exponential_L2_c1_5,14,1,0.000000,10636.72,10636.72,examples/inventory/deepseek-chat_exponential_L2_c1_5_50_plain_processed_scipy_15_default_m2_4_r2/prompt_for_code/m2_20251218_032338.txt,"mean = 10636.72, std=1820.40, range=(7586.00, 15966.00)"
45707ff502788ca030526d228e371919645eb7d2c5b6f7940d7f29ce86b3b0ad,45707ff50278,policies/45707ff50278.py,policies_by_distribution/poisson_L4_c1_2/poisson_L4_c1_2__45707ff50278.py,poisson_L4_c1_2,2,1,0.000000,3903.44,3903.44,examples/inventory/deepseek-chat_poisson_L4_c1_2_50_plain_processed_scipy_15_default_m2_4_r2/prompt_for_code/m2_20251218_033505.txt,"mean = 3903.44, std=275.09, range=(3168.52, 4552.37)"
45a93a2ad9621b01857d3a3d5ad4516945ca021009599fdea9e306dae1987601,45a93a2ad962,policies/45a93a2ad962.py,policies_by_distribution/exponential_L2_c1_2/exponential_L2_c1_2__45a93a2ad962.py,exponential_L2_c1_2,3,1,0.000000,5885.76,5885.76,examples/inventory/deepseek-chat_exponential_L2_c1_2_50_plain_processed_scipy_15_default_m2_4_r1/prompt_for_code/m2_20251217_225442.txt,"mean = 5885.76, std=967.80, range=(4189.00, 8495.00)"
45eafa373b749d81e6c724166ef095a43caf3ff1c7feddc84c7e8795f6442c5b,45eafa373b74,policies/45eafa373b74.py,policies_by_distribution/normal_std50_L6_c1_2/normal_std50_L6_c1_2__45eafa373b74.py,normal_std50_L6_c1_2,42,1,0.000000,3806.13,3806.13,examples/inventory/deepseek-chat_normal_std50_L6_c1_2_50_plain_processed_scipy_15_default_m2_2_r6/prompt_for_code/m2_20260129_024057.txt,"mean = 3806.13, std=727.02, range=(2594.32, 7069.25)"
4671f8c74ad10d2e62126b3f6e4454174fd3d88f4c680fce507856ffaeb2096a,4671f8c74ad1,policies/4671f8c74ad1.py,policies_by_distribution/poisson_L4_c1_5/poisson_L4_c1_5__4671f8c74ad1.py,poisson_L4_c1_5,6,1,0.100421,2310.28,2312.6,examples/inventory/deepseek-chat_poisson_L4_c1_5_50_plain_processed_scipy_15_default_m2_4_r2/prompt_for_code/m2_20251218_042048.txt,"mean = 2312.60, std=189.72, range=(1906.00, 2843.00)"
4696d62e5c3e2b836218f7d7f33f375fab206fc60253d9f56a3ae515d4a8491e,4696d62e5c3e,policies/4696d62e5c3e.py,policies_by_distribution/exponential_L4_c1_2/exponential_L4_c1_2__4696d62e5c3e.py,exponential_L4_c1_2,6,1,0.000000,6732.48,6732.48,examples/inventory/deepseek-chat_exponential_L4_c1_2_50_plain_processed_scipy_15_default_m2_4_r1/prompt_for_code/m2_20251217_235538.txt,"mean = 6732.48, std=1474.91, range=(4265.00, 11061.00)"
46a3b5304adf1deccb50cb349ca024863667aae56e68417085fbe3847f397e4f,46a3b5304adf,policies/46a3b5304adf.py,policies_by_distribution/poisson_L6_c1_2/poisson_L6_c1_2__46a3b5304adf.py,poisson_L6_c1_2,13,1,0.026287,2548.78,2549.45,examples/inventory/deepseek-chat_poisson_L6_c1_2_50_plain_processed_scipy_15_default_m2_4_r1/prompt_for_code/m2_20251222_014201.txt,"mean = 2549.45, std=129.96, range=(2242.03, 2845.13)"
46b36711bc4b75b89a7d2bfe36950e6090f074921ff9426947cd007cafcff397,46b36711bc4b,policies/46b36711bc4b.py,policies_by_distribution/normal_std10_L6_c1_5/normal_std10_L6_c1_5__46b36711bc4b.py,normal_std10_L6_c1_5,3,1,0.000000,1249.37,1249.37,examples/inventory/deepseek-chat_normal_std10_L6_c1_5_50_plain_processed_scipy_15_default_m2_2_r7/prompt_for_code/m2_20260130_065841.txt,"mean = 1249.37, std=248.17, range=(785.43, 2215.55)"
46bc0881bd8108191421d772ef9a889809d43a71a495f51ca260d31e8bce0e15,46bc0881bd81,policies/46bc0881bd81.py,policies_by_distribution/normal_std30_L4_c1_5/normal_std30_L4_c1_5__46bc0881bd81.py,normal_std30_L4_c1_5,65,1,0.004899,3673.9,3674.08,examples/inventory/deepseek-chat_normal_std30_L4_c1_5_50_plain_processed_scipy_15_default_m2_2_r6/prompt_for_code/m2_20260129_225538.txt,"mean = 3674.08, std=670.44, range=(2659.00, 5543.00)"
46f2a17268e0d3a2fb42c176b133e01b60e17c87b540cffa538c42391f178be5,46f2a17268e0,policies/46f2a17268e0.py,policies_by_distribution/normal_std30_L4_c1_2/normal_std30_L4_c1_2__46f2a17268e0.py,normal_std30_L4_c1_2,131,1,0.000000,2210.76,2210.76,examples/inventory/deepseek-chat_normal_std30_L4_c1_2_50_plain_processed_scipy_15_default_m2_2_r6/prompt_for_code/m2_20260129_014000.txt,"mean = 2210.76, std=388.27, range=(1572.87, 3203.94)"
46f6704e351add819b8993f8196462c800be7544bf41639be0ca37af09379e58,46f6704e351a,policies/46f6704e351a.py,policies_by_distribution/exponential_L2_c1_5/exponential_L2_c1_5__46f6704e351a.py,exponential_L2_c1_5,1,1,0.000000,11249.02,11249.02,examples/inventory/deepseek-chat_exponential_L2_c1_5_50_plain_processed_scipy_15_default_m2_4_r2/prompt_for_code/m2_20251218_031231.txt,"mean = 11249.02, std=2010.21, range=(7913.17, 17309.89)"
47562782bc68417984f7e3af8a1c33d002877b65358d348208fbfba90cff4bbc,47562782bc68,policies/47562782bc68.py,policies_by_distribution/poisson_L6_c1_2/poisson_L6_c1_2__47562782bc68.py,poisson_L6_c1_2,2,1,0.082516,2666.16,2668.36,examples/inventory/deepseek-chat_poisson_L6_c1_2_50_plain_processed_scipy_15_default_m2_4_r3/prompt_for_code/m2_20251218_085520.txt,"mean = 2668.36, std=128.24, range=(2397.00, 2896.00)"
47624bcb6aae92ee8d20c5f98f634c74b9b2ce1a28912207c09cd46e8f81635e,47624bcb6aae,policies/47624bcb6aae.py,policies_by_distribution/poisson_L4_c1_5/poisson_L4_c1_5__47624bcb6aae.py,poisson_L4_c1_5,5,1,0.028196,2127.94,2127.34,examples/inventory/deepseek-chat_poisson_L4_c1_5_50_plain_processed_scipy_15_default_m2_4_r2/prompt_for_code/m2_20251218_044144.txt,"mean = 2127.34, std=186.89, range=(1741.00, 2638.00)"
4786fc1063a098e006e88dcbf9acd93f8ce69f6dbb483afbd1f12c40905cb656,4786fc1063a0,policies/4786fc1063a0.py,policies_by_distribution/exponential_L4_c1_5/exponential_L4_c1_5__4786fc1063a0.py,exponential_L4_c1_5,26,1,0.000000,10999.68,10999.68,examples/inventory/deepseek-chat_exponential_L4_c1_5_50_plain_processed_scipy_15_default_m2_4_r3/prompt_for_code/m2_20251218_090013.txt,"mean = 10999.68, std=2047.73, range=(7281.00, 16302.00)"
47db25687a962678f786f6d675fd727cf537362a2d5a3773c3b94cd949673b81,47db25687a96,policies/47db25687a96.py,policies_by_distribution/exponential_L4_c1_2/exponential_L4_c1_2__47db25687a96.py,exponential_L4_c1_2,5,1,0.001297,6168.2,6168.12,examples/inventory/deepseek-chat_exponential_L4_c1_2_50_plain_processed_scipy_15_default_m2_4_r3/prompt_for_code/m2_20251218_082904.txt,"mean = 6168.12, std=1247.52, range=(4292.00, 11427.00)"
48004ccdea28bc258bc1086c3b60ad3672c8a53cf7718bc166e6aba7f4d60bfa,48004ccdea28,policies/48004ccdea28.py,policies_by_distribution/poisson_L4_c1_2/poisson_L4_c1_2__48004ccdea28.py,poisson_L4_c1_2,14,1,0.000000,1035.94,1035.94,examples/inventory/deepseek-chat_poisson_L4_c1_2_50_plain_processed_scipy_15_default_m2_4_r1/prompt_for_code/m2_20251218_000151.txt,"mean = 1035.94, std=104.36, range=(760.00, 1323.00)"
486f8bf0b077eb512073c01d91d1846dd1f2494e6950f0d88b7c752e3f93a0f6,486f8bf0b077,policies/486f8bf0b077.py,policies_by_distribution/exponential_L2_c1_5/exponential_L2_c1_5__486f8bf0b077.py,exponential_L2_c1_5,5,1,0.000098,10167.81,10167.8,examples/inventory/deepseek-chat_exponential_L2_c1_5_50_plain_processed_scipy_15_default_m2_4_r3/prompt_for_code/m2_20251218_074445.txt,"mean = 10167.80, std=1806.05, range=(7175.09, 15576.11)"
48f5a0fcefbfe954234dbc4b98ec9bb2a277595b8a8745821cba090853018ce4,48f5a0fcefbf,policies/48f5a0fcefbf.py,policies_by_distribution/exponential_L2_c1_2/exponential_L2_c1_2__48f5a0fcefbf.py,exponential_L2_c1_2,16,1,0.006798,5884.32,5883.92,examples/inventory/deepseek-chat_exponential_L2_c1_2_50_plain_processed_scipy_15_default_m2_4_r3/prompt_for_code/m2_20251218_070137.txt,"mean = 5883.92, std=951.63, range=(4414.00, 8393.00)"
49268a59c1f1434bf16042ac689ddae3658a6c2497e9348ec7975da77f35ccc1,49268a59c1f1,policies/49268a59c1f1.py,policies_by_distribution/exponential_L6_c1_2/exponential_L6_c1_2__49268a59c1f1.py,exponential_L6_c1_2,22,1,0.000000,6075.3,6075.3,examples/inventory/deepseek-chat_exponential_L6_c1_2_50_plain_processed_scipy_15_default_m2_4_r3/prompt_for_code/m2_20251218_092851.txt,"mean = 6075.30, std=1146.97, range=(4083.00, 9673.00)"
497503fc901d3b8234e02f68ccd12ae82b71c0a04b0ef6a31c1f58f1d3fbb219,497503fc901d,policies/497503fc901d.py,policies_by_distribution/normal_std30_L6_c1_2/normal_std30_L6_c1_2__497503fc901d.py,normal_std30_L6_c1_2,4,1,0.123996,2790.42,2793.88,examples/inventory/deepseek-chat_normal_std30_L6_c1_2_50_plain_processed_scipy_15_default_m2_4_r1/prompt_for_code/m2_20251222_030804.txt,"mean = 2793.88, std=371.06, range=(2165.00, 3587.00)"
49ee2eac040b68abb65037ad4a35db5f45e7316a2ba90128e18249fd5e7ef5fc,49ee2eac040b,policies/49ee2eac040b.py,policies_by_distribution/exponential_L4_c1_2/exponential_L4_c1_2__49ee2eac040b.py,exponential_L4_c1_2,9,1,0.002906,6193.06,6193.24,examples/inventory/deepseek-chat_exponential_L4_c1_2_50_plain_processed_scipy_15_default_m2_4_r1/prompt_for_code/m2_20251217_234746.txt,"mean = 6193.24, std=1235.11, range=(4197.00, 11382.00)"
4a13a03b2e1eeb218a18eadf44fd5c3906645199225da91e365a625ffd14b62e,4a13a03b2e1e,policies/4a13a03b2e1e.py,policies_by_distribution/exponential_L4_c1_5/exponential_L4_c1_5__4a13a03b2e1e.py,exponential_L4_c1_5,4,1,0.000166,12078.04,12078.02,examples/inventory/deepseek-chat_exponential_L4_c1_5_50_plain_processed_scipy_15_default_m2_4_r3/prompt_for_code/m2_20251218_083731.txt,"mean = 12078.02, std=2281.87, range=(7379.24, 16600.26)"
4a2957338f95e42e9e2a9a1d3cf8ec4f891b43785987a4d53a35adc663885d9f,4a2957338f95,policies/4a2957338f95.py,policies_by_distribution/poisson_L2_c1_5/poisson_L2_c1_5__4a2957338f95.py,poisson_L2_c1_5,35,1,0.107367,1266.68,1268.04,examples/inventory/deepseek-chat_poisson_L2_c1_5_50_plain_processed_scipy_15_default_m2_4_r3/prompt_for_code/m2_20251218_072358.txt,"mean = 1268.04, std=165.34, range=(978.00, 1647.00)"
4a3484e16e8ed631cf27906eb4998a3dac10afe1a453e0e2fd2068120de90c1e,4a3484e16e8e,policies/4a3484e16e8e.py,policies_by_distribution/poisson_L2_c1_2/poisson_L2_c1_2__4a3484e16e8e.py,poisson_L2_c1_2,8,1,0.001022,978.23,978.22,examples/inventory/deepseek-chat_poisson_L2_c1_2_50_plain_processed_scipy_15_default_m2_4_r2/prompt_for_code/m2_20251218_022135.txt,"mean = 978.22, std=89.61, range=(822.77, 1264.02)"
4abeb99a296f25d11b4162e80fa71a9dacb9e59679d0373558707a765e100258,4abeb99a296f,policies/4abeb99a296f.py,policies_by_distribution/exponential_L2_c1_2/exponential_L2_c1_2__4abeb99a296f.py,exponential_L2_c1_2,26,1,0.000658,6074.88,6074.92,examples/inventory/deepseek-chat_exponential_L2_c1_2_50_plain_processed_scipy_15_default_m2_4_r3/prompt_for_code/m2_20251218_064738.txt,"mean = 6074.92, std=1031.04, range=(4645.00, 8731.00)"
4adcf0c69c2e417d298fb638762fb2fb75353dfb9db07c78646dfb7ff6be66d5,4adcf0c69c2e,policies/4adcf0c69c2e.py,policies_by_distribution/poisson_L6_c1_2/poisson_L6_c1_2__4adcf0c69c2e.py,poisson_L6_c1_2,6,1,0.000000,1421.79,1421.79,examples/inventory/deepseek-chat_poisson_L6_c1_2_50_plain_processed_scipy_15_default_m2_2_r8/prompt_for_code/m2_20260128_235615.txt,"mean = 1421.79, std=111.42, range=(1152.16, 1647.18)"
4af44e66346310e5b68651946b91f70cd04325c3976d0fe7f6d9ce76e0e5ad8c,4af44e663463,policies/4af44e663463.py,policies_by_distribution/exponential_L6_c1_2/exponential_L6_c1_2__4af44e663463.py,exponential_L6_c1_2,26,1,0.000000,6243.0,6243.0,examples/inventory/deepseek-chat_exponential_L6_c1_2_50_plain_processed_scipy_15_default_m2_4_r1/prompt_for_code/m2_20251218_012549.txt,"mean = 6243.00, std=1047.02, range=(4275.00, 9736.00)"
4b02b4a2ed6d1e1a24b00ce4a3660476fb0d0d697e9650ecbbda092ccd91aa22,4b02b4a2ed6d,policies/4b02b4a2ed6d.py,policies_by_distribution/normal_std10_L6_c1_5/normal_std10_L6_c1_5__4b02b4a2ed6d.py,normal_std10_L6_c1_5,4,1,0.001606,1245.03,1245.05,examples/inventory/deepseek-chat_normal_std10_L6_c1_5_50_plain_processed_scipy_15_default_m2_2_r6/prompt_for_code/m2_20260129_013155.txt,"mean = 1245.05, std=229.46, range=(802.82, 2109.98)"
4b2d3f504d37bfbd9368237919753ef5a2540e6a7030f7870c7a58cfbab92a45,4b2d3f504d37,policies/4b2d3f504d37.py,policies_by_distribution/poisson_L4_c1_5/poisson_L4_c1_5__4b2d3f504d37.py,poisson_L4_c1_5,16,1,0.000000,1301.24,1301.24,examples/inventory/deepseek-chat_poisson_L4_c1_5_50_plain_processed_scipy_15_default_m2_4_r3/prompt_for_code/m2_20251218_084623.txt,"mean = 1301.24, std=290.36, range=(764.00, 2148.00)"
4b452c1545c2e6dc62c0d475cb47499542e6665bb1672a52106dccd465342579,4b452c1545c2,policies/4b452c1545c2.py,policies_by_distribution/exponential_L2_c1_2/exponential_L2_c1_2__4b452c1545c2.py,exponential_L2_c1_2,7,1,0.001360,5880.4,5880.48,examples/inventory/deepseek-chat_exponential_L2_c1_2_50_plain_processed_scipy_15_default_m2_4_r2/prompt_for_code/m2_20251218_030446.txt,"mean = 5880.48, std=994.69, range=(4337.09, 8544.50)"
4ba5a8e58137ead46bee4605cbb159e6ab4d76be2b270b55a06bdce18087f2c2,4ba5a8e58137,policies/4ba5a8e58137.py,policies_by_distribution/poisson_L4_c1_2/poisson_L4_c1_2__4ba5a8e58137.py,poisson_L4_c1_2,3,1,0.000000,2039.82,2039.82,examples/inventory/deepseek-chat_poisson_L4_c1_2_50_plain_processed_scipy_15_default_m2_4_r1/prompt_for_code/m2_20251217_234400.txt,"mean = 2039.82, std=111.02, range=(1706.00, 2283.00)"
4c04cfe92b7adbd56abfaed842297e7b89ce65af9c3c1f671ae1bb30e4db1b36,4c04cfe92b7a,policies/4c04cfe92b7a.py,policies_by_distribution/normal_std50_L6_c1_2/normal_std50_L6_c1_2__4c04cfe92b7a.py,normal_std50_L6_c1_2,3,1,0.020649,4455.42,4456.34,examples/inventory/deepseek-chat_normal_std50_L6_c1_2_50_plain_processed_scipy_15_default_m2_4_r1/prompt_for_code/m2_20251216_230343.txt,"mean = 4456.34, std=612.80, range=(3505.00, 6495.00)"
4c76c0cd80e5b35a19a2b8444c0647d28d29de72c6322aff0a59c534df3b0f06,4c76c0cd80e5,policies/4c76c0cd80e5.py,policies_by_distribution/normal_std50_L6_c1_2/normal_std50_L6_c1_2__4c76c0cd80e5.py,normal_std50_L6_c1_2,5,1,0.063270,5421.2,5424.63,examples/inventory/deepseek-chat_normal_std50_L6_c1_2_50_plain_processed_scipy_15_default_m2_2_r7/prompt_for_code/m2_20260128_172643.txt,"mean = 5424.63, std=572.72, range=(4352.79, 6990.57)"
4cb2f2f1059b5bd4053d0c3e0071c3d8400487c93593d3187f9eea032acf625f,4cb2f2f1059b,policies/4cb2f2f1059b.py,policies_by_distribution/exponential_L4_c1_2/exponential_L4_c1_2__4cb2f2f1059b.py,exponential_L4_c1_2,42,2,0.000000,6162.66,6162.66,examples/inventory/deepseek-chat_exponential_L4_c1_2_50_plain_processed_scipy_15_default_m2_4_r3/prompt_for_code/m2_20251218_082836.txt,"mean = 6162.66, std=1267.93, range=(4238.00, 11446.00)"
4d251d48235e7a6f0b9910ae583e344dffba8ef08b8c5c0687ca434455b3df88,4d251d48235e,policies/4d251d48235e.py,policies_by_distribution/poisson_L2_c1_2/poisson_L2_c1_2__4d251d48235e.py,poisson_L2_c1_2,4,1,0.000000,712.49,712.49,examples/inventory/deepseek-chat_poisson_L2_c1_2_50_plain_processed_scipy_15_default_m2_4_r2/prompt_for_code/m2_20251218_024401.txt,"mean = 712.49, std=92.31, range=(527.16, 984.54)"
4db26f66b16b21b73f8930bf76f9af354fb435282061a39d488e3c8fcf9ee785,4db26f66b16b,policies/4db26f66b16b.py,policies_by_distribution/poisson_L4_c1_2/poisson_L4_c1_2__4db26f66b16b.py,poisson_L4_c1_2,5,1,0.000000,1621.93,1621.93,examples/inventory/deepseek-chat_poisson_L4_c1_2_50_plain_processed_scipy_15_default_m2_4_r2/prompt_for_code/m2_20251218_034558.txt,"mean = 1621.93, std=112.91, range=(1302.12, 1877.05)"
4ecb0f9ad76906fa84a02a5a86fa8016ffcb36702411697b622edf3b34f219f1,4ecb0f9ad769,policies/4ecb0f9ad769.py,policies_by_distribution/exponential_L2_c1_5/exponential_L2_c1_5__4ecb0f9ad769.py,exponential_L2_c1_5,3,1,0.000000,11369.9,11369.9,examples/inventory/deepseek-chat_exponential_L2_c1_5_50_plain_processed_scipy_15_default_m2_4_r2/prompt_for_code/m2_20251218_031230.txt,"mean = 11369.90, std=1611.55, range=(8384.30, 15918.36)"
4f4fe391db7505584088ecadeeca3e8e4799ae028f381f8f2a843bcb9765d9d5,4f4fe391db75,policies/4f4fe391db75.py,policies_by_distribution/poisson_L2_c1_2/poisson_L2_c1_2__4f4fe391db75.py,poisson_L2_c1_2,6,1,0.000000,716.44,716.44,examples/inventory/deepseek-chat_poisson_L2_c1_2_50_plain_processed_scipy_15_default_m2_4_r1/prompt_for_code/m2_20251217_224022.txt,"mean = 716.44, std=118.08, range=(513.00, 1117.00)"
4f5cacea49f36a82d4968621be44ef400fd7de956c3b03d6a323b65c4523f2a7,4f5cacea49f3,policies/4f5cacea49f3.py,policies_by_distribution/normal_std30_L6_c1_2/normal_std30_L6_c1_2__4f5cacea49f3.py,normal_std30_L6_c1_2,12,1,0.206455,4291.5,4300.36,examples/inventory/deepseek-chat_normal_std30_L6_c1_2_50_plain_processed_scipy_15_default_m2_4_r1/prompt_for_code/m2_20251219_115047.txt,"mean = 4300.36, std=394.42, range=(3661.00, 5552.00)"
4f718b612028bea265d8fa139ab4712de03a739f8b62a62e368634c97d12e9da,4f718b612028,policies/4f718b612028.py,policies_by_distribution/poisson_L2_c1_2/poisson_L2_c1_2__4f718b612028.py,poisson_L2_c1_2,5,1,0.022321,716.8,716.64,examples/inventory/deepseek-chat_poisson_L2_c1_2_50_plain_processed_scipy_15_default_m2_4_r1/prompt_for_code/m2_20251217_224630.txt,"mean = 716.64, std=116.10, range=(508.00, 1085.00)"
4f9cfc3006ee63633d91687ec78bcc23faadff3ca54bf48f06bb110b26a51ee1,4f9cfc3006ee,policies/4f9cfc3006ee.py,policies_by_distribution/poisson_L2_c1_2/poisson_L2_c1_2__4f9cfc3006ee.py,poisson_L2_c1_2,1,1,0.000000,1043.76,1043.76,examples/inventory/deepseek-chat_poisson_L2_c1_2_50_plain_processed_scipy_15_default_m2_4_r1/prompt_for_code/m2_20251217_222857.txt,"mean = 1043.76, std=83.94, range=(874.00, 1317.00)"
4feb8ad4141dd775beef29cdb5663cba8c96eca49127c7f9059bd30d6f54c04c,4feb8ad4141d,policies/4feb8ad4141d.py,policies_by_distribution/exponential_L4_c1_2/exponential_L4_c1_2__4feb8ad4141d.py,exponential_L4_c1_2,8,1,0.000000,6164.66,6164.66,examples/inventory/deepseek-chat_exponential_L4_c1_2_50_plain_processed_scipy_15_default_m2_4_r2/prompt_for_code/m2_20251218_040627.txt,"mean = 6164.66, std=1249.51, range=(4313.00, 11460.00)"
501a42e81aadbb8891745d72c2dae0ec3035825ee3abd13865cba9fddb99468e,501a42e81aad,policies/501a42e81aad.py,policies_by_distribution/exponential_L6_c1_5/exponential_L6_c1_5__501a42e81aad.py,exponential_L6_c1_5,123,1,0.000630,11103.46,11103.39,examples/inventory/deepseek-chat_exponential_L6_c1_5_50_plain_processed_scipy_15_default_m2_4_r2/prompt_for_code/m2_20251218_063511.txt,"mean = 11103.39, std=2552.31, range=(5789.69, 16678.43)"
501cecba68300a9981276c0a22aa241b6b4bb2fa4840625d25f450388cd22498,501cecba6830,policies/501cecba6830.py,policies_by_distribution/normal_std50_L6_c1_2/normal_std50_L6_c1_2__501cecba6830.py,normal_std50_L6_c1_2,2,1,0.043533,4364.46,4362.56,examples/inventory/deepseek-chat_normal_std50_L6_c1_2_50_plain_processed_scipy_15_default_m2_4_r1/prompt_for_code/m2_20251216_231331.txt,"mean = 4362.56, std=623.26, range=(3427.00, 6560.00)"
508b98c960f6a3fae0983709cbcc1f802ff7cf51a16b8a19100d9357220e6b09,508b98c960f6,policies/508b98c960f6.py,policies_by_distribution/exponential_L4_c1_5/exponential_L4_c1_5__508b98c960f6.py,exponential_L4_c1_5,5,1,0.000000,11573.82,11573.82,examples/inventory/deepseek-chat_exponential_L4_c1_5_50_plain_processed_scipy_15_default_m2_4_r3/prompt_for_code/m2_20251218_084638.txt,"mean = 11573.82, std=2443.13, range=(5602.85, 16827.44)"
50c5586cbfba9fc02b3320d64320bbf49bf914ad166d0f0622c8284d1e38afc4,50c5586cbfba,policies/50c5586cbfba.py,policies_by_distribution/poisson_L4_c1_5/poisson_L4_c1_5__50c5586cbfba.py,poisson_L4_c1_5,15,1,0.000000,1234.84,1234.84,examples/inventory/deepseek-chat_poisson_L4_c1_5_50_plain_processed_scipy_15_default_m2_4_r3/prompt_for_code/m2_20251218_083957.txt,"mean = 1234.84, std=271.90, range=(758.00, 2052.00)"
50de2cb866130256b8df25a6a39e560e9b4caa7d6bbe10f025b6b0e16334f409,50de2cb86613,policies/50de2cb86613.py,policies_by_distribution/exponential_L2_c1_2/exponential_L2_c1_2__50de2cb86613.py,exponential_L2_c1_2,4,1,0.005093,5890.6,5890.3,examples/inventory/deepseek-chat_exponential_L2_c1_2_50_plain_processed_scipy_15_default_m2_4_r2/prompt_for_code/m2_20251218_025831.txt,"mean = 5890.30, std=1003.11, range=(4390.00, 8583.00)"
50e340ebad0765ae989e2c05dcaeaba83392099103d0d08555ac95f7db948ec0,50e340ebad07,policies/50e340ebad07.py,policies_by_distribution/poisson_L4_c1_2/poisson_L4_c1_2__50e340ebad07.py,poisson_L4_c1_2,8,1,0.016214,740.09,739.97,examples/inventory/deepseek-chat_poisson_L4_c1_2_50_plain_processed_scipy_15_default_m2_2_r7/prompt_for_code/m2_20260130_080945.txt,"mean = 739.97, std=107.39, range=(497.23, 987.48)"
5113e6aa032a6d4210447338f811625c5e9fcdb80c0592102192771533341590,5113e6aa032a,policies/5113e6aa032a.py,policies_by_distribution/normal_std10_L2_c1_5/normal_std10_L2_c1_5__5113e6aa032a.py,normal_std10_L2_c1_5,1,1,0.038330,1200.1,1199.64,examples/inventory/deepseek-chat_normal_std10_L2_c1_5_50_plain_processed_scipy_15_default_m2_2_r7/prompt_for_code/m2_20260130_040156.txt,"mean = 1199.64, std=162.55, range=(913.00, 1509.00)"
5163302b49f1706227072a78f5a7cd5e22b20979de39450a43d9fc0e4e161f58,5163302b49f1,policies/5163302b49f1.py,policies_by_distribution/poisson_L4_c1_5/poisson_L4_c1_5__5163302b49f1.py,poisson_L4_c1_5,3,1,0.028391,2113.38,2112.78,examples/inventory/deepseek-chat_poisson_L4_c1_5_50_plain_processed_scipy_15_default_m2_4_r2/prompt_for_code/m2_20251218_044113.txt,"mean = 2112.78, std=201.87, range=(1689.00, 2578.00)"
51c1384bb14f50fc1a6d353af629c78a542cc12124d23df16f7667fa42710eef,51c1384bb14f,policies/51c1384bb14f.py,policies_by_distribution/poisson_L4_c1_2/poisson_L4_c1_2__51c1384bb14f.py,poisson_L4_c1_2,6,1,0.000000,1418.76,1418.76,examples/inventory/deepseek-chat_poisson_L4_c1_2_50_plain_processed_scipy_15_default_m2_4_r1/prompt_for_code/m2_20251217_235404.txt,"mean = 1418.76, std=142.40, range=(954.00, 1776.00)"
5234cc152bebd4dff5418ca7cbef316a8ce78aa5d3cffd479281cb72eb6cf3b4,5234cc152beb,policies/5234cc152beb.py,policies_by_distribution/poisson_L6_c1_5/poisson_L6_c1_5__5234cc152beb.py,poisson_L6_c1_5,10,1,0.000000,2114.56,2114.56,examples/inventory/deepseek-chat_poisson_L6_c1_5_50_plain_processed_scipy_15_default_m2_2_r7/prompt_for_code/m2_20260128_203253.txt,"mean = 2114.56, std=209.69, range=(1631.53, 2588.30)"
524ea7cc5f4ddd39e2b07173272562c10878e535535d33842bc54ff8e655cb13,524ea7cc5f4d,policies/524ea7cc5f4d.py,policies_by_distribution/exponential_L2_c1_2/exponential_L2_c1_2__524ea7cc5f4d.py,exponential_L2_c1_2,4,1,0.000000,5880.56,5880.56,examples/inventory/deepseek-chat_exponential_L2_c1_2_50_plain_processed_scipy_15_default_m2_4_r1/prompt_for_code/m2_20251217_225848.txt,"mean = 5880.56, std=987.23, range=(4394.00, 8510.00)"
525d17e30219e9023beb12cb32f7895a446e9e8542838ef697ab31e001c4e3c4,525d17e30219,policies/525d17e30219.py,policies_by_distribution/normal_std50_L6_c1_2/normal_std50_L6_c1_2__525d17e30219.py,normal_std50_L6_c1_2,12,1,0.033643,4042.42,4043.78,examples/inventory/deepseek-chat_normal_std50_L6_c1_2_50_plain_processed_scipy_15_default_m2_4_r2/prompt_for_code/m2_20251217_004726.txt,"mean = 4043.78, std=1127.83, range=(2770.00, 10309.00)"
52656d890581258d03e45c70add89b810b7868c929374cdc096708b759050cf9,52656d890581,policies/52656d890581.py,policies_by_distribution/exponential_L6_c1_2/exponential_L6_c1_2__52656d890581.py,exponential_L6_c1_2,5,1,0.000000,6100.66,6100.66,examples/inventory/deepseek-chat_exponential_L6_c1_2_50_plain_processed_scipy_15_default_m2_4_r3/prompt_for_code/m2_20251218_094745.txt,"mean = 6100.66, std=1060.10, range=(3956.00, 9485.00)"
5278d8b10822509e54ef53b6ee10bc0099bc6aff1e86c3bdfd84c4425dec1e14,5278d8b10822,policies/5278d8b10822.py,policies_by_distribution/poisson_L4_c1_2/poisson_L4_c1_2__5278d8b10822.py,poisson_L4_c1_2,37,1,0.000000,736.05,736.05,examples/inventory/deepseek-chat_poisson_L4_c1_2_50_plain_processed_scipy_15_default_m2_2_r6/prompt_for_code/m2_20260130_041742.txt,"mean = 736.05, std=108.28, range=(540.66, 991.11)"
5299ddb1a20179b3acd6dafeb84ea5a0a3bedb668c9152aee47bf63de703dc31,5299ddb1a201,policies/5299ddb1a201.py,policies_by_distribution/exponential_L4_c1_5/exponential_L4_c1_5__5299ddb1a201.py,exponential_L4_c1_5,11,1,0.000000,11335.82,11335.82,examples/inventory/deepseek-chat_exponential_L4_c1_5_50_plain_processed_scipy_15_default_m2_4_r1/prompt_for_code/m2_20251218_004824.txt,"mean = 11335.82, std=2265.86, range=(6550.00, 16275.00)"
529b69721889043f6230f5c495f537687a93f63dbb79424e93f093dbc492c7fc,529b69721889,policies/529b69721889.py,policies_by_distribution/exponential_L2_c1_2/exponential_L2_c1_2__529b69721889.py,exponential_L2_c1_2,3,1,0.000000,6420.3,6420.3,examples/inventory/deepseek-chat_exponential_L2_c1_2_50_plain_processed_scipy_15_default_m2_4_r2/prompt_for_code/m2_20251218_023552.txt,"mean = 6420.30, std=1049.40, range=(4916.43, 8708.17)"
52c1886b6f3c9b636d62b795be4f5bb1ffe9962cbdbb4829ba56ea62053bac98,52c1886b6f3c,policies/52c1886b6f3c.py,policies_by_distribution/exponential_L4_c1_5/exponential_L4_c1_5__52c1886b6f3c.py,exponential_L4_c1_5,25,1,0.000000,10995.78,10995.78,examples/inventory/deepseek-chat_exponential_L4_c1_5_50_plain_processed_scipy_15_default_m2_4_r3/prompt_for_code/m2_20251218_090545.txt,"mean = 10995.78, std=2050.46, range=(7253.00, 16258.00)"
5346ea696ca2d8ef57fc5dd6c64f56e0e771266487de912ca73d3ec12aa5de32,5346ea696ca2,policies/5346ea696ca2.py,policies_by_distribution/normal_std50_L6_c1_2/normal_std50_L6_c1_2__5346ea696ca2.py,normal_std50_L6_c1_2,46,1,0.000000,3753.58,3753.58,examples/inventory/deepseek-chat_normal_std50_L6_c1_2_50_plain_processed_scipy_15_default_m2_2_r7/prompt_for_code/m2_20260129_080940.txt,"mean = 3753.58, std=797.73, range=(2373.67, 7464.82)"
5355b7e582ed7e18601ae6d17b06caf25c2ce3e946917d3d855cb68a9873211a,5355b7e582ed,policies/5355b7e582ed.py,policies_by_distribution/normal_std50_L6_c1_2/normal_std50_L6_c1_2__5355b7e582ed.py,normal_std50_L6_c1_2,9,1,0.053308,5365.01,5367.87,examples/inventory/deepseek-chat_normal_std50_L6_c1_2_50_plain_processed_scipy_15_default_m2_4_r1/prompt_for_code/m2_20251216_233125.txt,"mean = 5367.87, std=616.28, range=(4050.25, 6897.96)"
537932c9b3d0a6d7ee65fba708f9d7723a2c4cb3e2ab32173f041bf6c5fcd4f8,537932c9b3d0,policies/537932c9b3d0.py,policies_by_distribution/exponential_L6_c1_5/exponential_L6_c1_5__537932c9b3d0.py,exponential_L6_c1_5,6,1,0.000000,11900.07,11900.07,examples/inventory/deepseek-chat_exponential_L6_c1_5_50_plain_processed_scipy_15_default_m2_4_r2/prompt_for_code/m2_20251218_060801.txt,"mean = 11900.07, std=2429.07, range=(7636.07, 17066.71)"
5384fe1920ea250b6d3bfc356793d029aa2d27792132cfcee8fa6eb7b8fd23ec,5384fe1920ea,policies/5384fe1920ea.py,policies_by_distribution/normal_std10_L6_c1_5/normal_std10_L6_c1_5__5384fe1920ea.py,normal_std10_L6_c1_5,19,1,0.016952,1415.74,1415.5,examples/inventory/deepseek-chat_normal_std10_L6_c1_5_50_plain_processed_scipy_15_default_m2_2_r7/prompt_for_code/m2_20260129_210333.txt,"mean = 1415.50, std=259.52, range=(940.00, 2019.00)"
5403d09208933a49bcbeff3d0603397b12d2697d49129f6d79a76fb1d3018a9e,5403d0920893,policies/5403d0920893.py,policies_by_distribution/exponential_L6_c1_2/exponential_L6_c1_2__5403d0920893.py,exponential_L6_c1_2,2,1,0.014771,6770.2,6769.2,examples/inventory/deepseek-chat_exponential_L6_c1_2_50_plain_processed_scipy_15_default_m2_4_r3/prompt_for_code/m2_20251218_091657.txt,"mean = 6769.20, std=1091.65, range=(4633.00, 10407.00)"
544624155db5f29790f5c197dc119366fd1909dee33616542e1da5dc5761b3ff,544624155db5,policies/544624155db5.py,policies_by_distribution/poisson_L6_c1_5/poisson_L6_c1_5__544624155db5.py,poisson_L6_c1_5,1,1,0.106487,2122.33,2124.59,examples/inventory/deepseek-chat_poisson_L6_c1_5_50_plain_processed_scipy_15_default_m2_2_r6/prompt_for_code/m2_20260130_032354.txt,"mean = 2124.59, std=224.34, range=(1447.53, 2670.39)"
544b02c6f3363e2961cb18a5b46e3bf40257dec211b60ab6198fc39a369dc425,544b02c6f336,policies/544b02c6f336.py,policies_by_distribution/poisson_L2_c1_5/poisson_L2_c1_5__544b02c6f336.py,poisson_L2_c1_5,7,1,0.020466,1368.14,1367.86,examples/inventory/deepseek-chat_poisson_L2_c1_5_50_plain_processed_scipy_15_default_m2_4_r2/prompt_for_code/m2_20251218_025700.txt,"mean = 1367.86, std=205.31, range=(954.00, 1747.00)"
546dc0041d2ba332acc8832323868077d785d7dc0dc32b294f331c083bd08d3b,546dc0041d2b,policies/546dc0041d2b.py,policies_by_distribution/poisson_L6_c1_5/poisson_L6_c1_5__546dc0041d2b.py,poisson_L6_c1_5,23,1,0.000000,3336.89,3336.89,examples/inventory/deepseek-chat_poisson_L6_c1_5_50_plain_processed_scipy_15_default_m2_4_r1/prompt_for_code/m2_20251218_015007.txt,"mean = 3336.89, std=250.63, range=(2832.23, 4048.23)"
5496ddbaee0331f661d17114674d6bff98901d4cb4c2f724366fa8d031ee1d6d,5496ddbaee03,policies/5496ddbaee03.py,policies_by_distribution/exponential_L6_c1_2/exponential_L6_c1_2__5496ddbaee03.py,exponential_L6_c1_2,20,1,0.004390,6377.9,6377.62,examples/inventory/deepseek-chat_exponential_L6_c1_2_50_plain_processed_scipy_15_default_m2_4_r1/prompt_for_code/m2_20251218_013150.txt,"mean = 6377.62, std=1033.56, range=(4263.00, 9506.00)"
54aaf61066a156801dedc5be641f2c3dd9b7a633f4949f7a56d22a0b956986f3,54aaf61066a1,policies/54aaf61066a1.py,policies_by_distribution/poisson_L2_c1_5/poisson_L2_c1_5__54aaf61066a1.py,poisson_L2_c1_5,37,1,0.000000,1349.8,1349.8,examples/inventory/deepseek-chat_poisson_L2_c1_5_50_plain_processed_scipy_15_default_m2_4_r3/prompt_for_code/m2_20251218_070043.txt,"mean = 1349.80, std=163.39, range=(922.00, 1709.00)"
54cd812de0b011dca47f3bd437614d401703f86e39f9dc11f54ad4f0c5ade4b4,54cd812de0b0,policies/54cd812de0b0.py,policies_by_distribution/poisson_L2_c1_2/poisson_L2_c1_2__54cd812de0b0.py,poisson_L2_c1_2,2,1,0.000000,718.4,718.4,examples/inventory/deepseek-chat_poisson_L2_c1_2_50_plain_processed_scipy_15_default_m2_4_r1/prompt_for_code/m2_20251217_224959.txt,"mean = 718.40, std=144.76, range=(486.00, 1356.00)"
54d50ad000a83e113d4ac21e4b84fbd86b740979ee840f49dfa3658b8a0af0f5,54d50ad000a8,policies/54d50ad000a8.py,policies_by_distribution/normal_std30_L4_c1_2/normal_std30_L4_c1_2__54d50ad000a8.py,normal_std30_L4_c1_2,18,1,0.000000,2145.29,2145.29,examples/inventory/deepseek-chat_normal_std30_L4_c1_2_50_plain_processed_scipy_15_default_m2_2_r6/prompt_for_code/m2_20260129_015313.txt,"mean = 2145.29, std=349.91, range=(1535.37, 2958.78)"
54e1353b175ca5e5953ef447a09c5f184225fe8a0bf67a9d69ed55a30dca790e,54e1353b175c,policies/54e1353b175c.py,policies_by_distribution/normal_std30_L6_c1_5/normal_std30_L6_c1_5__54e1353b175c.py,normal_std30_L6_c1_5,2,1,0.966383,4572.72,4616.91,examples/inventory/deepseek-chat_normal_std30_L6_c1_5_50_plain_processed_scipy_15_default_m2_2_r8/prompt_for_code/m2_20260128_123759.txt,"mean = 4616.91, std=676.91, range=(3137.29, 6077.04)"
554dbc95d51b240b8cf6f763bc926e38659d9baebdef8f45137739d087d7437d,554dbc95d51b,policies/554dbc95d51b.py,policies_by_distribution/exponential_L6_c1_5/exponential_L6_c1_5__554dbc95d51b.py,exponential_L6_c1_5,1,1,0.000000,11901.0,11901.0,examples/inventory/deepseek-chat_exponential_L6_c1_5_50_plain_processed_scipy_15_default_m2_4_r2/prompt_for_code/m2_20251218_061206.txt,"mean = 11901.00, std=2441.64, range=(7605.00, 17253.00)"
55bac475a99be1dfb373ad14c95ce463f6a5a0d4ea05e00a6bdb25d810f5440b,55bac475a99b,policies/55bac475a99b.py,policies_by_distribution/normal_std10_L6_c1_5/normal_std10_L6_c1_5__55bac475a99b.py,normal_std10_L6_c1_5,18,1,0.000000,1284.96,1284.96,examples/inventory/deepseek-chat_normal_std10_L6_c1_5_50_plain_processed_scipy_15_default_m2_2_r6/prompt_for_code/m2_20260129_193635.txt,"mean = 1284.96, std=314.49, range=(774.00, 2139.00)"
55ead38e3febe54dbcbbd4d5f0f9ed49e86f1dcfb9417a691417716beae468b2,55ead38e3feb,policies/55ead38e3feb.py,policies_by_distribution/normal_std10_L4_c1_2/normal_std10_L4_c1_2__55ead38e3feb.py,normal_std10_L4_c1_2,35,1,0.000000,804.54,804.54,examples/inventory/deepseek-chat_normal_std10_L4_c1_2_50_plain_processed_scipy_15_default_m2_2_r8/prompt_for_code/m2_20260130_095447.txt,"mean = 804.54, std=153.41, range=(521.00, 1408.00)"
560ad5ef861b1a6e64d8ad1c01ade6f058f2a4b28b20ed8b55ca0a5457f9e522,560ad5ef861b,policies/560ad5ef861b.py,policies_by_distribution/poisson_L4_c1_5/poisson_L4_c1_5__560ad5ef861b.py,poisson_L4_c1_5,12,1,0.000000,1230.32,1230.32,examples/inventory/deepseek-chat_poisson_L4_c1_5_50_plain_processed_scipy_15_default_m2_4_r1/prompt_for_code/m2_20251218_005849.txt,"mean = 1230.32, std=223.99, range=(811.00, 1752.00)"
566feef976279ee9c926254e8e04858c24b32047b4f662181a382e882a5ab58b,566feef97627,policies/566feef97627.py,policies_by_distribution/exponential_L4_c1_2/exponential_L4_c1_2__566feef97627.py,exponential_L4_c1_2,9,1,0.000980,6122.64,6122.58,examples/inventory/deepseek-chat_exponential_L4_c1_2_50_plain_processed_scipy_15_default_m2_4_r2/prompt_for_code/m2_20251218_042540.txt,"mean = 6122.58, std=1270.45, range=(4127.00, 11436.00)"
567cf9196a6586f76aa38050c703fd6a5cc95cd1b8daa7063715255f29b703bb,567cf9196a65,policies/567cf9196a65.py,policies_by_distribution/normal_std50_L6_c1_2/normal_std50_L6_c1_2__567cf9196a65.py,normal_std50_L6_c1_2,45,1,0.002585,3868.54,3868.44,examples/inventory/deepseek-chat_normal_std50_L6_c1_2_50_plain_processed_scipy_15_default_m2_4_r1/prompt_for_code/m2_20251216_233947.txt,"mean = 3868.44, std=884.83, range=(2413.00, 8494.00)"
56fec9033a1cf8723b3819284eed8d1df126f5d179826f5eda6b2c164e6d5bdd,56fec9033a1c,policies/56fec9033a1c.py,policies_by_distribution/exponential_L6_c1_2/exponential_L6_c1_2__56fec9033a1c.py,exponential_L6_c1_2,5,1,0.000000,6131.76,6131.76,examples/inventory/deepseek-chat_exponential_L6_c1_2_50_plain_processed_scipy_15_default_m2_2_r7/prompt_for_code/m2_20260129_094849.txt,"mean = 6131.76, std=1085.41, range=(4327.00, 9830.00)"
571ab6055c174c283eeeafa1227088c901b178851157e8728b692cdb39360c0b,571ab6055c17,policies/571ab6055c17.py,policies_by_distribution/poisson_L4_c1_2/poisson_L4_c1_2__571ab6055c17.py,poisson_L4_c1_2,5,1,0.207239,902.34,900.47,examples/inventory/deepseek-chat_poisson_L4_c1_2_50_plain_processed_scipy_15_default_m2_2_r7/prompt_for_code/m2_20260130_075929.txt,"mean = 900.47, std=103.26, range=(598.81, 1119.92)"
572d0f7791ea634617e0dbc93f79958641ac79dcf58fe8d289bf287dc8aa518f,572d0f7791ea,policies/572d0f7791ea.py,policies_by_distribution/poisson_L2_c1_2/poisson_L2_c1_2__572d0f7791ea.py,poisson_L2_c1_2,4,1,0.000000,912.86,912.86,examples/inventory/deepseek-chat_poisson_L2_c1_2_50_plain_processed_scipy_15_default_m2_4_r1/prompt_for_code/m2_20251217_223619.txt,"mean = 912.86, std=102.52, range=(686.40, 1166.93)"
573e97d41ead5000df4a746fa8e8cdeb82d089d20119cab17ddeee41813be85c,573e97d41ead,policies/573e97d41ead.py,policies_by_distribution/normal_std10_L2_c1_5/normal_std10_L2_c1_5__573e97d41ead.py,normal_std10_L2_c1_5,20,1,0.052095,1382.08,1382.8,examples/inventory/deepseek-chat_normal_std10_L2_c1_5_50_plain_processed_scipy_15_default_m2_2_r6/prompt_for_code/m2_20260129_231118.txt,"mean = 1382.80, std=151.46, range=(1133.00, 1758.00)"
5768e12b2955d439cf9b873460cc96142692f7a08db3d062aa7cadb62eb0a223,5768e12b2955,policies/5768e12b2955.py,policies_by_distribution/normal_std50_L6_c1_2/normal_std50_L6_c1_2__5768e12b2955.py,normal_std50_L6_c1_2,2,2,0.035479,4650.61,4652.26,examples/inventory/deepseek-chat_normal_std50_L6_c1_2_50_plain_processed_scipy_15_default_m2_4_r1/prompt_for_code/m2_20251216_225541.txt,"mean = 4652.26, std=560.44, range=(3536.19, 5824.55)"
57ac6c53c9bc857e8c9a84ae0ad8e0188e388099dd05d529e14d8535b618716b,57ac6c53c9bc,policies/57ac6c53c9bc.py,policies_by_distribution/normal_std10_L2_c1_5/normal_std10_L2_c1_5__57ac6c53c9bc.py,normal_std10_L2_c1_5,9,1,0.000000,1347.86,1347.86,examples/inventory/deepseek-chat_normal_std10_L2_c1_5_50_plain_processed_scipy_15_default_m2_2_r6/prompt_for_code/m2_20260128_234744.txt,"mean = 1347.86, std=184.48, range=(1054.00, 1873.00)"
57cefc72a2979bcaa70856728527efe271abceb9ed29d807ddf8733310dba1d4,57cefc72a297,policies/57cefc72a297.py,policies_by_distribution/poisson_L4_c1_5/poisson_L4_c1_5__57cefc72a297.py,poisson_L4_c1_5,11,1,0.000000,1859.73,1859.73,examples/inventory/deepseek-chat_poisson_L4_c1_5_50_plain_processed_scipy_15_default_m2_4_r1/prompt_for_code/m2_20251218_003706.txt,"mean = 1859.73, std=235.25, range=(1281.22, 2508.60)"
583d6da5adf747f1ab03aed7bca2f1cfe786a3818774f919b512310323b40ecc,583d6da5adf7,policies/583d6da5adf7.py,policies_by_distribution/poisson_L6_c1_2/poisson_L6_c1_2__583d6da5adf7.py,poisson_L6_c1_2,13,1,0.065058,2505.44,2503.81,examples/inventory/deepseek-chat_poisson_L6_c1_2_50_plain_processed_scipy_15_default_m2_4_r1/prompt_for_code/m2_20251222_015921.txt,"mean = 2503.81, std=138.37, range=(2207.45, 2777.17)"
5851880cf23f63c07c698db256b07521678a0578ca016417a4c4dc5d245699cc,5851880cf23f,policies/5851880cf23f.py,policies_by_distribution/poisson_L6_c1_2/poisson_L6_c1_2__5851880cf23f.py,poisson_L6_c1_2,6,1,0.018780,2555.86,2556.34,examples/inventory/deepseek-chat_poisson_L6_c1_2_50_plain_processed_scipy_15_default_m2_4_r1/prompt_for_code/m2_20251218_010544.txt,"mean = 2556.34, std=134.11, range=(2291.00, 2802.00)"
587f8548d91da4b3d51297c4ea105852e91608743a39363c7d07e9f7cf6f98c4,587f8548d91d,policies/587f8548d91d.py,policies_by_distribution/normal_std50_L6_c1_2/normal_std50_L6_c1_2__587f8548d91d.py,normal_std50_L6_c1_2,3,1,0.007155,3913.24,3912.96,examples/inventory/deepseek-chat_normal_std50_L6_c1_2_50_plain_processed_scipy_15_default_m2_4_r2/prompt_for_code/m2_20251217_005023.txt,"mean = 3912.96, std=1377.24, range=(2321.00, 10650.00)"
5891488afb75ce96c2d97d4b8d9d308cdfa5e458502347ee74029b2b8605dcc3,5891488afb75,policies/5891488afb75.py,policies_by_distribution/poisson_L2_c1_5/poisson_L2_c1_5__5891488afb75.py,poisson_L2_c1_5,6,1,0.000000,1224.1,1224.1,examples/inventory/deepseek-chat_poisson_L2_c1_5_50_plain_processed_scipy_15_default_m2_4_r2/prompt_for_code/m2_20251218_032731.txt,"mean = 1224.10, std=232.09, range=(859.00, 2003.00)"
5896905fe14f4a9a46bbeb9198b88de71cd446e150f13274815660f339352b18,5896905fe14f,policies/5896905fe14f.py,policies_by_distribution/exponential_L6_c1_5/exponential_L6_c1_5__5896905fe14f.py,exponential_L6_c1_5,13,1,0.003173,11345.38,11345.02,examples/inventory/deepseek-chat_exponential_L6_c1_5_50_plain_processed_scipy_15_default_m2_2_r6/prompt_for_code/m2_20260129_050615.txt,"mean = 11345.02, std=2974.71, range=(5823.00, 20964.00)"
58a7e90d6791cc82677c8568ea7df3cd62a52b0b5ccaf854e74f8f0cfc8278d9,58a7e90d6791,policies/58a7e90d6791.py,policies_by_distribution/exponential_L6_c1_2/exponential_L6_c1_2__58a7e90d6791.py,exponential_L6_c1_2,6,1,0.000000,6232.34,6232.34,examples/inventory/deepseek-chat_exponential_L6_c1_2_50_plain_processed_scipy_15_default_m2_4_r1/prompt_for_code/m2_20251218_014107.txt,"mean = 6232.34, std=1029.55, range=(4126.00, 9473.00)"
5905fb50bb040332ef071c2f676c1cb0b8377e5dad70a959fecc5388d7124d62,5905fb50bb04,policies/5905fb50bb04.py,policies_by_distribution/poisson_L4_c1_2/poisson_L4_c1_2__5905fb50bb04.py,poisson_L4_c1_2,15,1,0.000000,778.64,778.64,examples/inventory/deepseek-chat_poisson_L4_c1_2_50_plain_processed_scipy_15_default_m2_2_r7/prompt_for_code/m2_20260128_185225.txt,"mean = 778.64, std=122.61, range=(494.00, 1129.00)"
593b23fc081f0781deefcedd5015f1ec3448a8989d350d8b339f01b5bb650798,593b23fc081f,policies/593b23fc081f.py,policies_by_distribution/poisson_L4_c1_5/poisson_L4_c1_5__593b23fc081f.py,poisson_L4_c1_5,8,1,0.000000,1973.84,1973.84,examples/inventory/deepseek-chat_poisson_L4_c1_5_50_plain_processed_scipy_15_default_m2_4_r3/prompt_for_code/m2_20251218_082704.txt,"mean = 1973.84, std=245.66, range=(1488.00, 2679.00)"
596c2deea5186c50a0bc25b2e549ec3315a5f698f975b790461c8aa609eed4d2,596c2deea518,policies/596c2deea518.py,policies_by_distribution/normal_std50_L6_c1_2/normal_std50_L6_c1_2__596c2deea518.py,normal_std50_L6_c1_2,5,1,0.000000,4476.4,4476.4,examples/inventory/deepseek-chat_normal_std50_L6_c1_2_50_plain_processed_scipy_15_default_m2_4_r3/prompt_for_code/m2_20251217_011027.txt,"mean = 4476.40, std=943.30, range=(3139.93, 9568.60)"
59a374c04cd9143a79e831d58c7aa81e73254593249638c9c0130b5e3a3cb232,59a374c04cd9,policies/59a374c04cd9.py,policies_by_distribution/poisson_L2_c1_2/poisson_L2_c1_2__59a374c04cd9.py,poisson_L2_c1_2,5,1,0.000000,995.46,995.46,examples/inventory/deepseek-chat_poisson_L2_c1_2_50_plain_processed_scipy_15_default_m2_4_r2/prompt_for_code/m2_20251218_022136.txt,"mean = 995.46, std=122.56, range=(709.00, 1371.00)"
59bbd0b50cd63ae7704de96fa3d9c68d4c08395f49510d5a97114b7edafa1799,59bbd0b50cd6,policies/59bbd0b50cd6.py,policies_by_distribution/exponential_L6_c1_2/exponential_L6_c1_2__59bbd0b50cd6.py,exponential_L6_c1_2,4,1,0.019976,6307.42,6308.68,examples/inventory/deepseek-chat_exponential_L6_c1_2_50_plain_processed_scipy_15_default_m2_4_r1/prompt_for_code/m2_20251222_040350.txt,"mean = 6308.68, std=1394.41, range=(3831.00, 10090.00)"
59cabe52ea92e55a829ec3117865aba2b6e27191000bd9266edc5e95692145a0,59cabe52ea92,policies/59cabe52ea92.py,policies_by_distribution/exponential_L4_c1_2/exponential_L4_c1_2__59cabe52ea92.py,exponential_L4_c1_2,6,1,0.017940,6131.6,6132.7,examples/inventory/deepseek-chat_exponential_L4_c1_2_50_plain_processed_scipy_15_default_m2_4_r1/prompt_for_code/m2_20251218_000844.txt,"mean = 6132.70, std=1260.96, range=(4038.00, 11124.00)"
59ef8d82f28d924aa918e5529e5dd8b7d128beccc8cabfc98606dff0337a94c4,59ef8d82f28d,policies/59ef8d82f28d.py,policies_by_distribution/exponential_L6_c1_5/exponential_L6_c1_5__59ef8d82f28d.py,exponential_L6_c1_5,4,1,0.002135,11708.81,11708.56,examples/inventory/deepseek-chat_exponential_L6_c1_5_50_plain_processed_scipy_15_default_m2_4_r2/prompt_for_code/m2_20251218_061224.txt,"mean = 11708.56, std=2394.05, range=(6548.43, 17303.00)"
5a14900d1f750b8c790dfd3fe2414d6650b2c4a7e213b0d975fabc2d474c6427,5a14900d1f75,policies/5a14900d1f75.py,policies_by_distribution/normal_std50_L6_c1_5/normal_std50_L6_c1_5__5a14900d1f75.py,normal_std50_L6_c1_5,97,1,0.000000,6254.2,6254.2,examples/inventory/deepseek-chat_normal_std50_L6_c1_5_50_plain_processed_scipy_15_default_m2_2_r8/prompt_for_code/m2_20260128_223210.txt,"mean = 6254.20, std=1006.35, range=(4346.81, 9306.61)"
5aa52c4c0ca2f967f4dcc3e4eb04b9899ad624e9f4ffafd7c63c3090486453bf,5aa52c4c0ca2,policies/5aa52c4c0ca2.py,policies_by_distribution/poisson_L6_c1_5/poisson_L6_c1_5__5aa52c4c0ca2.py,poisson_L6_c1_5,11,1,0.041529,1637.42,1636.74,examples/inventory/deepseek-chat_poisson_L6_c1_5_50_plain_processed_scipy_15_default_m2_4_r1/prompt_for_code/m2_20251218_020022.txt,"mean = 1636.74, std=249.32, range=(1114.01, 2330.01)"
5acdab76c7e1b8a1df08086e40612934c4862ffaa3fb77d099c05c0435ddcfd6,5acdab76c7e1,policies/5acdab76c7e1.py,policies_by_distribution/poisson_L4_c1_5/poisson_L4_c1_5__5acdab76c7e1.py,poisson_L4_c1_5,1,1,0.028953,2555.86,2555.12,examples/inventory/deepseek-chat_poisson_L4_c1_5_50_plain_processed_scipy_15_default_m2_4_r2/prompt_for_code/m2_20251218_041715.txt,"mean = 2555.12, std=226.59, range=(2005.00, 3104.00)"
5ae4ad2a3466376cf06c498a7945c2df476ba284df7905b279e73290356710d3,5ae4ad2a3466,policies/5ae4ad2a3466.py,policies_by_distribution/exponential_L2_c1_5/exponential_L2_c1_5__5ae4ad2a3466.py,exponential_L2_c1_5,3,1,0.055304,10288.54,10282.85,examples/inventory/deepseek-chat_exponential_L2_c1_5_50_plain_processed_scipy_15_default_m2_4_r2/prompt_for_code/m2_20251218_033739.txt,"mean = 10282.85, std=1827.18, range=(7058.44, 15415.90)"
5b01d62d80e16daae3fe88c399f9b54a37f37e63157786c4309da29ca0eec7bc,5b01d62d80e1,policies/5b01d62d80e1.py,policies_by_distribution/poisson_L4_c1_2/poisson_L4_c1_2__5b01d62d80e1.py,poisson_L4_c1_2,7,1,0.000000,897.68,897.68,examples/inventory/deepseek-chat_poisson_L4_c1_2_50_plain_processed_scipy_15_default_m2_4_r2/prompt_for_code/m2_20251218_035334.txt,"mean = 897.68, std=117.47, range=(610.00, 1192.00)"
5b3dc6b0b45b8691882d06ba48b80f26d0b8e77afa191a79a966f8c7fafde73a,5b3dc6b0b45b,policies/5b3dc6b0b45b.py,policies_by_distribution/normal_std50_L6_c1_2/normal_std50_L6_c1_2__5b3dc6b0b45b.py,normal_std50_L6_c1_2,3,1,0.655343,5703.88,5741.26,examples/inventory/deepseek-chat_normal_std50_L6_c1_2_50_plain_processed_scipy_15_default_m2_4_r2/prompt_for_code/m2_20251217_002122.txt,"mean = 5741.26, std=698.07, range=(4270.00, 7874.00)"
5b4ef4903133a961385d746d8aa68570041737357ee7079b32bafbbef4f7cd63,5b4ef4903133,policies/5b4ef4903133.py,policies_by_distribution/poisson_L2_c1_2/poisson_L2_c1_2__5b4ef4903133.py,poisson_L2_c1_2,3,2,0.000000,1920.12,1920.12,examples/inventory/deepseek-chat_poisson_L2_c1_2_50_plain_processed_scipy_15_default_m2_4_r2/prompt_for_code/m2_20251218_021606.txt,"mean = 1920.12, std=131.29, range=(1646.00, 2249.00)"
5b7e8a1f0032adff4e43308922bb073a41e19caaf907ffa49e46753825689374,5b7e8a1f0032,policies/5b7e8a1f0032.py,policies_by_distribution/poisson_L4_c1_2/poisson_L4_c1_2__5b7e8a1f0032.py,poisson_L4_c1_2,28,1,0.031003,967.64,967.34,examples/inventory/deepseek-chat_poisson_L4_c1_2_50_plain_processed_scipy_15_default_m2_4_r1/prompt_for_code/m2_20251217_234714.txt,"mean = 967.34, std=113.45, range=(697.00, 1375.00)"
5bdeb6c7b041fee39e7593362e1e422f7121fb4fdd3fc8c6fce095ce42ec2d0d,5bdeb6c7b041,policies/5bdeb6c7b041.py,policies_by_distribution/exponential_L6_c1_2/exponential_L6_c1_2__5bdeb6c7b041.py,exponential_L6_c1_2,5,1,0.003969,6298.93,6298.68,examples/inventory/deepseek-chat_exponential_L6_c1_2_50_plain_processed_scipy_15_default_m2_4_r1/prompt_for_code/m2_20251222_044003.txt,"mean = 6298.68, std=1387.05, range=(3853.00, 10050.00)"
5beba999d8836cadef0fadc1c42bc65b7d0dc5e1d1beda8412aa3f11c66aa6d4,5beba999d883,policies/5beba999d883.py,policies_by_distribution/exponential_L6_c1_2/exponential_L6_c1_2__5beba999d883.py,exponential_L6_c1_2,19,1,0.000000,6026.81,6026.81,examples/inventory/deepseek-chat_exponential_L6_c1_2_50_plain_processed_scipy_15_default_m2_4_r2/prompt_for_code/m2_20251218_055023.txt,"mean = 6026.81, std=1104.29, range=(4009.97, 9533.27)"
5bfbca43dda13e4753a2bcb0792db7a939dda586fca9b27a83cbe48a36260733,5bfbca43dda1,policies/5bfbca43dda1.py,policies_by_distribution/poisson_L2_c1_5/poisson_L2_c1_5__5bfbca43dda1.py,poisson_L2_c1_5,29,1,0.000000,1218.84,1218.84,examples/inventory/deepseek-chat_poisson_L2_c1_5_50_plain_processed_scipy_15_default_m2_4_r2/prompt_for_code/m2_20251218_032834.txt,"mean = 1218.84, std=226.94, range=(855.00, 1966.00)"
5c36f06bbccbb4a6e91d74b043174f97009a43e6316ef1a434591e9b3df25080,5c36f06bbccb,policies/5c36f06bbccb.py,policies_by_distribution/poisson_L4_c1_5/poisson_L4_c1_5__5c36f06bbccb.py,poisson_L4_c1_5,41,1,0.000000,1422.29,1422.29,examples/inventory/deepseek-chat_poisson_L4_c1_5_50_plain_processed_scipy_15_default_m2_2_r7/prompt_for_code/m2_20260128_190724.txt,"mean = 1422.29, std=193.82, range=(983.06, 1905.90)"
5c9588bf8cdcaf58a98a7113e3dbbf9291f63309ffa8fd08dfaa2c3c3f12a540,5c9588bf8cdc,policies/5c9588bf8cdc.py,policies_by_distribution/poisson_L6_c1_2/poisson_L6_c1_2__5c9588bf8cdc.py,poisson_L6_c1_2,5,1,0.020010,799.61,799.77,examples/inventory/deepseek-chat_poisson_L6_c1_2_50_plain_processed_scipy_15_default_m2_4_r2/prompt_for_code/m2_20251218_052024.txt,"mean = 799.77, std=109.30, range=(552.70, 1084.41)"
5cdc4e78412202d8224a79cf3a5bcf0389565beb4133b741183920d67c72b0d0,5cdc4e784122,policies/5cdc4e784122.py,policies_by_distribution/poisson_L6_c1_2/poisson_L6_c1_2__5cdc4e784122.py,poisson_L6_c1_2,2,1,0.000000,3561.14,3561.14,examples/inventory/deepseek-chat_poisson_L6_c1_2_50_plain_processed_scipy_15_default_m2_4_r2/prompt_for_code/m2_20251218_045735.txt,"mean = 3561.14, std=150.28, range=(3199.00, 3826.00)"
5d64de85059d5c64f8fd86791b5f5cf5c5d61709222b8fe5c1959ce27a58240e,5d64de85059d,policies/5d64de85059d.py,policies_by_distribution/normal_std30_L6_c1_2/normal_std30_L6_c1_2__5d64de85059d.py,normal_std30_L6_c1_2,2,1,0.047171,2543.96,2545.16,examples/inventory/deepseek-chat_normal_std30_L6_c1_2_50_plain_processed_scipy_15_default_m2_2_r6/prompt_for_code/m2_20260130_025648.txt,"mean = 2545.16, std=393.04, range=(1895.00, 3525.00)"
5d82d19487533be3fff96b26a9544238ce33958fab94b0aed5ea3334f70f37c5,5d82d1948753,policies/5d82d1948753.py,policies_by_distribution/exponential_L6_c1_5/exponential_L6_c1_5__5d82d1948753.py,exponential_L6_c1_5,3,1,0.000000,12279.78,12279.78,examples/inventory/deepseek-chat_exponential_L6_c1_5_50_plain_processed_scipy_15_default_m2_4_r3/prompt_for_code/m2_20251218_102139.txt,"mean = 12279.78, std=3045.79, range=(6570.00, 19363.00)"
5d9445255968442644900053c26dbe6f44c3e9763298c55010343c7a45b0f2af,5d9445255968,policies/5d9445255968.py,policies_by_distribution/normal_std10_L6_c1_5/normal_std10_L6_c1_5__5d9445255968.py,normal_std10_L6_c1_5,7,1,0.740900,1859.9,1873.68,examples/inventory/deepseek-chat_normal_std10_L6_c1_5_50_plain_processed_scipy_15_default_m2_2_r8/prompt_for_code/m2_20260129_214204.txt,"mean = 1873.68, std=227.13, range=(1341.00, 2557.00)"
5d9a4b114ccfb70fb9aca0c94074451c436d21a08649b2d7aa59e6b23e3ecbd3,5d9a4b114ccf,policies/5d9a4b114ccf.py,policies_by_distribution/poisson_L2_c1_5/poisson_L2_c1_5__5d9a4b114ccf.py,poisson_L2_c1_5,1,1,0.010483,1335.44,1335.58,examples/inventory/deepseek-chat_poisson_L2_c1_5_50_plain_processed_scipy_15_default_m2_4_r1/prompt_for_code/m2_20251217_232224.txt,"mean = 1335.58, std=167.37, range=(903.00, 1652.00)"
5dbc0fcfc39b0f1e0ce592028a08d866350523ac8d47200e30ba12361caac6e7,5dbc0fcfc39b,policies/5dbc0fcfc39b.py,policies_by_distribution/exponential_L4_c1_2/exponential_L4_c1_2__5dbc0fcfc39b.py,exponential_L4_c1_2,31,2,0.000000,6157.6,6157.6,examples/inventory/deepseek-chat_exponential_L4_c1_2_50_plain_processed_scipy_15_default_m2_4_r3/prompt_for_code/m2_20251218_082642.txt,"mean = 6157.60, std=1286.33, range=(4248.00, 11515.00)"
5dfecf360f17dc345daa14fa24f88661a2e2f8abd5e9dd80d5591046eaded765,5dfecf360f17,policies/5dfecf360f17.py,policies_by_distribution/exponential_L2_c1_2/exponential_L2_c1_2__5dfecf360f17.py,exponential_L2_c1_2,7,1,0.000340,5885.16,5885.18,examples/inventory/deepseek-chat_exponential_L2_c1_2_50_plain_processed_scipy_15_default_m2_4_r3/prompt_for_code/m2_20251218_070304.txt,"mean = 5885.18, std=974.08, range=(4407.00, 8482.00)"
5e1033357e3241bd1879c04347bb2d4b2ae3f0799dc1d39e5352de57c23c678d,5e1033357e32,policies/5e1033357e32.py,policies_by_distribution/poisson_L4_c1_5/poisson_L4_c1_5__5e1033357e32.py,poisson_L4_c1_5,11,1,0.018666,1285.74,1285.5,examples/inventory/deepseek-chat_poisson_L4_c1_5_50_plain_processed_scipy_15_default_m2_4_r1/prompt_for_code/m2_20251218_004842.txt,"mean = 1285.50, std=288.74, range=(746.00, 2112.00)"
5e1fc2863eb699ae45aa7c06bcfa69dc39e4f3057ef6eda1993b095c5c04b7e1,5e1fc2863eb6,policies/5e1fc2863eb6.py,policies_by_distribution/normal_std10_L6_c1_5/normal_std10_L6_c1_5__5e1fc2863eb6.py,normal_std10_L6_c1_5,13,1,0.000000,1284.35,1284.35,examples/inventory/deepseek-chat_normal_std10_L6_c1_5_50_plain_processed_scipy_15_default_m2_2_r6/prompt_for_code/m2_20260130_005456.txt,"mean = 1284.35, std=275.62, range=(838.89, 2398.77)"
5e2946fec5e0df5668d87b546a538d9c3530097963f2e7e7f7ab52a580b571fe,5e2946fec5e0,policies/5e2946fec5e0.py,policies_by_distribution/normal_std30_L4_c1_5/normal_std30_L4_c1_5__5e2946fec5e0.py,normal_std30_L4_c1_5,56,1,0.000000,3532.72,3532.72,examples/inventory/deepseek-chat_normal_std30_L4_c1_5_50_plain_processed_scipy_15_default_m2_2_r7/prompt_for_code/m2_20260130_062010.txt,"mean = 3532.72, std=502.09, range=(2459.89, 4739.31)"
5e316f2d1934920bae87983d9c9eeaa8f042d5a351398598d4367c8581347c74,5e316f2d1934,policies/5e316f2d1934.py,policies_by_distribution/exponential_L4_c1_2/exponential_L4_c1_2__5e316f2d1934.py,exponential_L4_c1_2,10,1,0.000000,7018.06,7018.06,examples/inventory/deepseek-chat_exponential_L4_c1_2_50_plain_processed_scipy_15_default_m2_4_r1/prompt_for_code/m2_20251217_234709.txt,"mean = 7018.06, std=1254.76, range=(4948.00, 12219.00)"
5e37745847b72fc7956e188b8f2d35f6fffedcf3c79bd639377412ee6f7a8bdb,5e37745847b7,policies/5e37745847b7.py,policies_by_distribution/exponential_L4_c1_5/exponential_L4_c1_5__5e37745847b7.py,exponential_L4_c1_5,7,1,0.000000,11381.86,11381.86,examples/inventory/deepseek-chat_exponential_L4_c1_5_50_plain_processed_scipy_15_default_m2_4_r2/prompt_for_code/m2_20251218_043854.txt,"mean = 11381.86, std=2299.23, range=(6039.64, 15739.61)"
5e6b85fa03e7615ed813281c7a6351bd4019af4d5f7439f8eb1a9bdd0ec22335,5e6b85fa03e7,policies/5e6b85fa03e7.py,policies_by_distribution/normal_std10_L6_c1_2/normal_std10_L6_c1_2__5e6b85fa03e7.py,normal_std10_L6_c1_2,1,1,0.125128,2229.71,2226.92,examples/inventory/deepseek-chat_normal_std10_L6_c1_2_50_plain_processed_scipy_15_default_m2_2_r8/prompt_for_code/m2_20260128_101130.txt,"mean = 2226.92, std=158.47, range=(1930.00, 2598.00)"
5e6d40328300c995424d632750fcd641f5c9a3ca245728f304cd58e9bb5e3f7b,5e6d40328300,policies/5e6d40328300.py,policies_by_distribution/poisson_L2_c1_5/poisson_L2_c1_5__5e6d40328300.py,poisson_L2_c1_5,7,1,0.000000,1135.97,1135.97,examples/inventory/deepseek-chat_poisson_L2_c1_5_50_plain_processed_scipy_15_default_m2_4_r1/prompt_for_code/m2_20251217_232804.txt,"mean = 1135.97, std=184.14, range=(665.92, 1480.56)"
5e9aae8b6275f0aaadc749ea1d11d40a1e703ddacafc72ed5f089581924a446d,5e9aae8b6275,policies/5e9aae8b6275.py,policies_by_distribution/normal_std50_L6_c1_2/normal_std50_L6_c1_2__5e9aae8b6275.py,normal_std50_L6_c1_2,8,1,0.046868,5568.79,5571.4,examples/inventory/deepseek-chat_normal_std50_L6_c1_2_50_plain_processed_scipy_15_default_m2_4_r2/prompt_for_code/m2_20251217_002234.txt,"mean = 5571.40, std=666.83, range=(4264.39, 7043.30)"
5e9d49b52be23beb7417f03066b2f638f783710968858cc9147a96b911842355,5e9d49b52be2,policies/5e9d49b52be2.py,policies_by_distribution/poisson_L6_c1_2/poisson_L6_c1_2__5e9d49b52be2.py,poisson_L6_c1_2,8,1,0.788114,1548.0,1535.8,examples/inventory/deepseek-chat_poisson_L6_c1_2_50_plain_processed_scipy_15_default_m2_4_r1/prompt_for_code/m2_20251218_011243.txt,"mean = 1535.80, std=126.17, range=(1277.00, 1762.00)"
5eac08caefd9b02964de4515774b0285b32a3c2390a49e99c8ca5d5918fe2a30,5eac08caefd9,policies/5eac08caefd9.py,policies_by_distribution/exponential_L6_c1_5/exponential_L6_c1_5__5eac08caefd9.py,exponential_L6_c1_5,7,1,0.002149,12097.45,12097.19,examples/inventory/deepseek-chat_exponential_L6_c1_5_50_plain_processed_scipy_15_default_m2_4_r1/prompt_for_code/m2_20251218_015821.txt,"mean = 12097.19, std=2593.26, range=(7008.06, 17939.89)"
5ec04ddcf07c67c38a86ce9352c4b6d89bc3fc7bc237505da45638982ba72e82,5ec04ddcf07c,policies/5ec04ddcf07c.py,policies_by_distribution/poisson_L6_c1_5/poisson_L6_c1_5__5ec04ddcf07c.py,poisson_L6_c1_5,3,1,0.268943,2602.78,2609.78,examples/inventory/deepseek-chat_poisson_L6_c1_5_50_plain_processed_scipy_15_default_m2_2_r6/prompt_for_code/m2_20260128_165703.txt,"mean = 2609.78, std=243.54, range=(2163.00, 3209.00)"
5fb24fee150b3072d35f78b7e4eea26362f26bae7d19ff49bbd3b4896b80cb99,5fb24fee150b,policies/5fb24fee150b.py,policies_by_distribution/poisson_L6_c1_2/poisson_L6_c1_2__5fb24fee150b.py,poisson_L6_c1_2,4,1,0.222385,1393.98,1397.08,examples/inventory/deepseek-chat_poisson_L6_c1_2_50_plain_processed_scipy_15_default_m2_4_r1/prompt_for_code/m2_20251218_011818.txt,"mean = 1397.08, std=128.80, range=(1127.00, 1621.00)"
600c8f5dc3d2c8ac8d017e2a53f934e349fe30d1ab29ddee05e273613cac7a19,600c8f5dc3d2,policies/600c8f5dc3d2.py,policies_by_distribution/poisson_L4_c1_2/poisson_L4_c1_2__600c8f5dc3d2.py,poisson_L4_c1_2,14,1,0.000000,833.0,833.0,examples/inventory/deepseek-chat_poisson_L4_c1_2_50_plain_processed_scipy_15_default_m2_4_r3/prompt_for_code/m2_20251218_080528.txt,"mean = 833.00, std=122.98, range=(591.00, 1173.00)"
6042f651b2c148931d758afcbeab91ec74c5424ff2926c605ce939088a25c9b7,6042f651b2c1,policies/6042f651b2c1.py,policies_by_distribution/exponential_L6_c1_5/exponential_L6_c1_5__6042f651b2c1.py,exponential_L6_c1_5,4,1,0.067301,11857.22,11849.24,examples/inventory/deepseek-chat_exponential_L6_c1_5_50_plain_processed_scipy_15_default_m2_4_r3/prompt_for_code/m2_20251218_103228.txt,"mean = 11849.24, std=2804.41, range=(6658.00, 19563.00)"
60598423374321693da2f62394107ea023aa99468b979d272f0fd75cddbd2eb8,605984233743,policies/605984233743.py,policies_by_distribution/exponential_L2_c1_5/exponential_L2_c1_5__605984233743.py,exponential_L2_c1_5,31,1,0.001946,10791.44,10791.65,examples/inventory/deepseek-chat_exponential_L2_c1_5_50_plain_processed_scipy_15_default_m2_4_r2/prompt_for_code/m2_20251218_032153.txt,"mean = 10791.65, std=1789.64, range=(7776.10, 15947.60)"
6195c6511594b75ab9af8cafec5cd34ad692fc498fe7e350d1e0890351d5c928,6195c6511594,policies/6195c6511594.py,policies_by_distribution/normal_std30_L6_c1_2/normal_std30_L6_c1_2__6195c6511594.py,normal_std30_L6_c1_2,5,1,0.068450,2775.76,2777.66,examples/inventory/deepseek-chat_normal_std30_L6_c1_2_50_plain_processed_scipy_15_default_m2_4_r1/prompt_for_code/m2_20251222_032651.txt,"mean = 2777.66, std=369.68, range=(2146.00, 3585.00)"
619d46d44b51e2c91a5b6d41e9c0f0b4b42c98acb681c746b89828787b6c0543,619d46d44b51,policies/619d46d44b51.py,policies_by_distribution/exponential_L2_c1_2/exponential_L2_c1_2__619d46d44b51.py,exponential_L2_c1_2,11,1,0.000000,6431.03,6431.03,examples/inventory/deepseek-chat_exponential_L2_c1_2_50_plain_processed_scipy_15_default_m2_4_r1/prompt_for_code/m2_20251217_223102.txt,"mean = 6431.03, std=1105.00, range=(4665.45, 9038.43)"
61af51207a1396512f9e93ae875e4554ad432440743706a86a9d6f73c90618cf,61af51207a13,policies/61af51207a13.py,policies_by_distribution/poisson_L2_c1_5/poisson_L2_c1_5__61af51207a13.py,poisson_L2_c1_5,8,1,0.000000,1224.9,1224.9,examples/inventory/deepseek-chat_poisson_L2_c1_5_50_plain_processed_scipy_15_default_m2_4_r2/prompt_for_code/m2_20251218_032415.txt,"mean = 1224.90, std=217.09, range=(854.00, 1895.00)"
61cd2a7ec148564ec17b1a94d57a0e9b7323b8b17fea261ddc42312e8569bb7a,61cd2a7ec148,policies/61cd2a7ec148.py,policies_by_distribution/exponential_L6_c1_2/exponential_L6_c1_2__61cd2a7ec148.py,exponential_L6_c1_2,5,1,0.000000,6236.59,6236.59,examples/inventory/deepseek-chat_exponential_L6_c1_2_50_plain_processed_scipy_15_default_m2_4_r2/prompt_for_code/m2_20251218_053256.txt,"mean = 6236.59, std=1036.99, range=(4367.63, 9737.11)"
620edfcdcb05d5655c579e30566caf96476c1ed900bbb7e993d6aa677757abfa,620edfcdcb05,policies/620edfcdcb05.py,policies_by_distribution/poisson_L2_c1_2/poisson_L2_c1_2__620edfcdcb05.py,poisson_L2_c1_2,3,1,0.000000,1043.5,1043.5,examples/inventory/deepseek-chat_poisson_L2_c1_2_50_plain_processed_scipy_15_default_m2_4_r3/prompt_for_code/m2_20251218_061338.txt,"mean = 1043.50, std=93.58, range=(855.47, 1299.60)"
622679929a9ac8a6c5e7b3cabce7bde24d250a2219f1c27e7ed96e40d685a619,622679929a9a,policies/622679929a9a.py,policies_by_distribution/exponential_L6_c1_5/exponential_L6_c1_5__622679929a9a.py,exponential_L6_c1_5,4,1,0.000000,11627.47,11627.47,examples/inventory/deepseek-chat_exponential_L6_c1_5_50_plain_processed_scipy_15_default_m2_4_r1/prompt_for_code/m2_20251218_022027.txt,"mean = 11627.47, std=2311.36, range=(7167.50, 16908.68)"
629dbc0acea5b05346d944af7a748ec55bbca6c582411ce6672732ac1f1d91ca,629dbc0acea5,policies/629dbc0acea5.py,policies_by_distribution/normal_std10_L4_c1_2/normal_std10_L4_c1_2__629dbc0acea5.py,normal_std10_L4_c1_2,8,1,0.000000,1034.88,1034.88,examples/inventory/deepseek-chat_normal_std10_L4_c1_2_50_plain_processed_scipy_15_default_m2_2_r7/prompt_for_code/m2_20260130_045200.txt,"mean = 1034.88, std=156.23, range=(836.42, 1588.90)"
62e95ca745daaf048ac7d967b6170558ea8aeb010584439ff27b119e35dd6109,62e95ca745da,policies/62e95ca745da.py,policies_by_distribution/normal_std10_L2_c1_2/normal_std10_L2_c1_2__62e95ca745da.py,normal_std10_L2_c1_2,27,1,0.003771,795.44,795.47,examples/inventory/deepseek-chat_normal_std10_L2_c1_2_50_plain_processed_scipy_15_default_m2_2_r6/prompt_for_code/m2_20260128_233827.txt,"mean = 795.47, std=106.30, range=(653.63, 1062.28)"
62f4717f670627749380dcbe314eefc8887c141e17c3b9a2cebb450fbf71d173,62f4717f6706,policies/62f4717f6706.py,policies_by_distribution/poisson_L4_c1_2/poisson_L4_c1_2__62f4717f6706.py,poisson_L4_c1_2,2,1,0.000000,1090.8,1090.8,examples/inventory/deepseek-chat_poisson_L4_c1_2_50_plain_processed_scipy_15_default_m2_4_r1/prompt_for_code/m2_20251218_000558.txt,"mean = 1090.80, std=116.15, range=(837.00, 1341.00)"
63034613c9d85cf61ebaccf52255fba0aa079849a97d4439f001d88c169d30af,63034613c9d8,policies/63034613c9d8.py,policies_by_distribution/normal_std10_L4_c1_2/normal_std10_L4_c1_2__63034613c9d8.py,normal_std10_L4_c1_2,15,1,0.000000,1035.76,1035.76,examples/inventory/deepseek-chat_normal_std10_L4_c1_2_50_plain_processed_scipy_15_default_m2_2_r7/prompt_for_code/m2_20260130_044742.txt,"mean = 1035.76, std=154.16, range=(806.88, 1557.95)"
632c798760ee57a8428337e5f8fb73cab4e67530eeaf4fc550207bb88a5aac97,632c798760ee,policies/632c798760ee.py,policies_by_distribution/normal_std50_L6_c1_5/normal_std50_L6_c1_5__632c798760ee.py,normal_std50_L6_c1_5,15,1,0.000000,6461.1,6461.1,examples/inventory/deepseek-chat_normal_std50_L6_c1_5_50_plain_processed_scipy_15_default_m2_2_r7/prompt_for_code/m2_20260129_091224.txt,"mean = 6461.10, std=1230.82, range=(4613.00, 10058.00)"
6331fbad0c96b3f8bd8f2e48ded7273a488187678cf4a622d857b4bea77e731e,6331fbad0c96,policies/6331fbad0c96.py,policies_by_distribution/normal_std10_L4_c1_2/normal_std10_L4_c1_2__6331fbad0c96.py,normal_std10_L4_c1_2,13,1,0.000000,1047.97,1047.97,examples/inventory/deepseek-chat_normal_std10_L4_c1_2_50_plain_processed_scipy_15_default_m2_2_r7/prompt_for_code/m2_20260130_043933.txt,"mean = 1047.97, std=158.75, range=(797.57, 1668.40)"
635610d93b06ab219c089531bc83a4ee74bfb0f1c6fc30aa1146dae80fd15624,635610d93b06,policies/635610d93b06.py,policies_by_distribution/exponential_L2_c1_5/exponential_L2_c1_5__635610d93b06.py,exponential_L2_c1_5,8,1,0.000000,10209.32,10209.32,examples/inventory/deepseek-chat_exponential_L2_c1_5_50_plain_processed_scipy_15_default_m2_4_r3/prompt_for_code/m2_20251218_073703.txt,"mean = 10209.32, std=1785.22, range=(7276.00, 15343.00)"
636edda4011e59e4d0e09288393f36840d7ec722c5c64cda38f58f5c10ead49e,636edda4011e,policies/636edda4011e.py,policies_by_distribution/exponential_L2_c1_2/exponential_L2_c1_2__636edda4011e.py,exponential_L2_c1_2,2,1,0.000000,6736.14,6736.14,examples/inventory/deepseek-chat_exponential_L2_c1_2_50_plain_processed_scipy_15_default_m2_4_r1/prompt_for_code/m2_20251217_223042.txt,"mean = 6736.14, std=1094.96, range=(5178.15, 9358.56)"
63d4091cfdf35d595f0c057878e9b3d8dcbb8a2bab9793715e53e9e4172d15e2,63d4091cfdf3,policies/63d4091cfdf3.py,policies_by_distribution/exponential_L4_c1_5/exponential_L4_c1_5__63d4091cfdf3.py,exponential_L4_c1_5,10,1,0.010459,12046.84,12045.58,examples/inventory/deepseek-chat_exponential_L4_c1_5_50_plain_processed_scipy_15_default_m2_4_r3/prompt_for_code/m2_20251218_084320.txt,"mean = 12045.58, std=2246.83, range=(7413.00, 16757.00)"
63f0d39b3e0f470fbad9f9ada548f3356579f4971cc8ce909eaa732c1548a33b,63f0d39b3e0f,policies/63f0d39b3e0f.py,policies_by_distribution/poisson_L4_c1_2/poisson_L4_c1_2__63f0d39b3e0f.py,poisson_L4_c1_2,3,1,0.000000,2184.72,2184.72,examples/inventory/deepseek-chat_poisson_L4_c1_2_50_plain_processed_scipy_15_default_m2_4_r3/prompt_for_code/m2_20251218_073721.txt,"mean = 2184.72, std=416.77, range=(1593.00, 3636.00)"
6438727a1dfa3693ccdee0f60358ef19dee218a33d39f93483a7ea3282e881aa,6438727a1dfa,policies/6438727a1dfa.py,policies_by_distribution/exponential_L6_c1_2/exponential_L6_c1_2__6438727a1dfa.py,exponential_L6_c1_2,2,1,0.007247,6071.2,6070.76,examples/inventory/deepseek-chat_exponential_L6_c1_2_50_plain_processed_scipy_15_default_m2_4_r1/prompt_for_code/m2_20251218_014824.txt,"mean = 6070.76, std=1078.63, range=(3970.00, 9457.00)"
64553ee55879009cbfd2f7b75041cca66aecbd78c7ed504de1c5b350c2e5ddd2,64553ee55879,policies/64553ee55879.py,policies_by_distribution/normal_std50_L6_c1_2/normal_std50_L6_c1_2__64553ee55879.py,normal_std50_L6_c1_2,1,1,0.117639,4751.81,4746.22,examples/inventory/deepseek-chat_normal_std50_L6_c1_2_50_plain_processed_scipy_15_default_m2_4_r3/prompt_for_code/m2_20251217_011736.txt,"mean = 4746.22, std=642.39, range=(3681.00, 6937.00)"
6467f528941e05b024b2be64d22bd466a2df663f6d819e1c3100f8a5c99fa348,6467f528941e,policies/6467f528941e.py,policies_by_distribution/exponential_L6_c1_2/exponential_L6_c1_2__6467f528941e.py,exponential_L6_c1_2,39,1,0.000000,6020.64,6020.64,examples/inventory/deepseek-chat_exponential_L6_c1_2_50_plain_processed_scipy_15_default_m2_4_r2/prompt_for_code/m2_20251218_055041.txt,"mean = 6020.64, std=1117.00, range=(3963.74, 9521.84)"
64a60a23e59cdb76ba60b57e4261fb5308879089c2684580e69c4e67b745ca7a,64a60a23e59c,policies/64a60a23e59c.py,policies_by_distribution/exponential_L4_c1_2/exponential_L4_c1_2__64a60a23e59c.py,exponential_L4_c1_2,3,1,0.000000,6524.0,6524.0,examples/inventory/deepseek-chat_exponential_L4_c1_2_50_plain_processed_scipy_15_default_m2_4_r2/prompt_for_code/m2_20251218_035411.txt,"mean = 6524.00, std=1226.34, range=(4538.00, 11622.00)"
64b7f00c0717cd8878525a4c93edc54b32357cb5eb3b09f661478c20399579bb,64b7f00c0717,policies/64b7f00c0717.py,policies_by_distribution/normal_std10_L2_c1_2/normal_std10_L2_c1_2__64b7f00c0717.py,normal_std10_L2_c1_2,13,1,0.009903,908.79,908.7,examples/inventory/deepseek-chat_normal_std10_L2_c1_2_50_plain_processed_scipy_15_default_m2_2_r7/prompt_for_code/m2_20260129_202214.txt,"mean = 908.70, std=97.93, range=(733.00, 1101.00)"
64c09d50242b7a44ad936dfdd8806b591a1d91d1af9fabdeaadf34f3b542a9c7,64c09d50242b,policies/64c09d50242b.py,policies_by_distribution/poisson_L4_c1_5/poisson_L4_c1_5__64c09d50242b.py,poisson_L4_c1_5,3,1,0.121121,1271.46,1269.92,examples/inventory/deepseek-chat_poisson_L4_c1_5_50_plain_processed_scipy_15_default_m2_4_r1/prompt_for_code/m2_20251218_005040.txt,"mean = 1269.92, std=310.36, range=(720.00, 2160.00)"
64ceb086c908cde01fd68da1956c2ad267751efe7c9360157b07f83b9536b2a2,64ceb086c908,policies/64ceb086c908.py,policies_by_distribution/poisson_L4_c1_2/poisson_L4_c1_2__64ceb086c908.py,poisson_L4_c1_2,6,1,0.318155,1370.4,1374.76,examples/inventory/deepseek-chat_poisson_L4_c1_2_50_plain_processed_scipy_15_default_m2_4_r2/prompt_for_code/m2_20251218_034308.txt,"mean = 1374.76, std=143.40, range=(1088.00, 1724.00)"
64f72cc2a39b7fba983dfcbd7adc5f09cdda7abd083606d77187842bd38743d4,64f72cc2a39b,policies/64f72cc2a39b.py,policies_by_distribution/exponential_L6_c1_2/exponential_L6_c1_2__64f72cc2a39b.py,exponential_L6_c1_2,11,1,0.000000,6262.06,6262.06,examples/inventory/deepseek-chat_exponential_L6_c1_2_50_plain_processed_scipy_15_default_m2_4_r1/prompt_for_code/m2_20251218_013810.txt,"mean = 6262.06, std=1033.20, range=(4262.00, 9418.00)"
65369b22630b58bfe9a17efb3dd66735a21caf0b8408330e02fd8e3a7e9aeac2,65369b22630b,policies/65369b22630b.py,policies_by_distribution/exponential_L6_c1_2/exponential_L6_c1_2__65369b22630b.py,exponential_L6_c1_2,24,1,0.009708,6180.52,6179.92,examples/inventory/deepseek-chat_exponential_L6_c1_2_50_plain_processed_scipy_15_default_m2_4_r1/prompt_for_code/m2_20251218_013902.txt,"mean = 6179.92, std=1041.78, range=(4102.00, 9433.00)"
654bf484726d7e4d80abdcdcbc2ca0d91371fe2094a7de04644dec4202894017,654bf484726d,policies/654bf484726d.py,policies_by_distribution/normal_std10_L2_c1_5/normal_std10_L2_c1_5__654bf484726d.py,normal_std10_L2_c1_5,22,1,0.317058,1135.44,1131.84,examples/inventory/deepseek-chat_normal_std10_L2_c1_5_50_plain_processed_scipy_15_default_m2_2_r7/prompt_for_code/m2_20260130_042753.txt,"mean = 1131.84, std=158.05, range=(857.00, 1487.00)"
656e20cbcb33f47aa7115def31f6e142058e66097be630f24050da43964608bb,656e20cbcb33,policies/656e20cbcb33.py,policies_by_distribution/normal_std30_L4_c1_5/normal_std30_L4_c1_5__656e20cbcb33.py,normal_std30_L4_c1_5,39,1,0.000000,3556.73,3556.73,examples/inventory/deepseek-chat_normal_std30_L4_c1_5_50_plain_processed_scipy_15_default_m2_2_r7/prompt_for_code/m2_20260130_060630.txt,"mean = 3556.73, std=489.22, range=(2708.24, 5001.20)"
65c2f28848922393b7ea36352e269225d194b15036c9baec143878bcb52cb6b4,65c2f2884892,policies/65c2f2884892.py,policies_by_distribution/poisson_L2_c1_2/poisson_L2_c1_2__65c2f2884892.py,poisson_L2_c1_2,3,1,0.000000,1028.18,1028.18,examples/inventory/deepseek-chat_poisson_L2_c1_2_50_plain_processed_scipy_15_default_m2_4_r3/prompt_for_code/m2_20251218_062519.txt,"mean = 1028.18, std=87.57, range=(859.00, 1305.00)"
65f167e525192463f2395db2d6e43186ae4ffe9eaadf42805f8847f6804f015b,65f167e52519,policies/65f167e52519.py,policies_by_distribution/poisson_L6_c1_5/poisson_L6_c1_5__65f167e52519.py,poisson_L6_c1_5,10,1,0.000000,1378.91,1378.91,examples/inventory/deepseek-chat_poisson_L6_c1_5_50_plain_processed_scipy_15_default_m2_2_r7/prompt_for_code/m2_20260128_203525.txt,"mean = 1378.91, std=226.68, range=(903.69, 1927.11)"
663c57bbfcf5ebd4d6587644204dac0e4d5589d4a47caa092b675837713fce51,663c57bbfcf5,policies/663c57bbfcf5.py,policies_by_distribution/normal_std50_L6_c1_2/normal_std50_L6_c1_2__663c57bbfcf5.py,normal_std50_L6_c1_2,4,1,0.000000,5630.72,5630.72,examples/inventory/deepseek-chat_normal_std50_L6_c1_2_50_plain_processed_scipy_15_default_m2_4_r3/prompt_for_code/m2_20251217_010949.txt,"mean = 5630.72, std=685.05, range=(4204.00, 7407.00)"
664de29ebb86b4c01735a223e4e3d281f1013e4419cf09a330c064aa89c3ecde,664de29ebb86,policies/664de29ebb86.py,policies_by_distribution/normal_std10_L2_c1_2/normal_std10_L2_c1_2__664de29ebb86.py,normal_std10_L2_c1_2,33,1,0.000000,724.48,724.48,examples/inventory/deepseek-chat_normal_std10_L2_c1_2_50_plain_processed_scipy_15_default_m2_2_r6/prompt_for_code/m2_20260129_200243.txt,"mean = 724.48, std=137.71, range=(448.00, 1165.00)"
66637782f52d3dee1ead130c0a121a3b932523754a1383a35392431b34ec42d4,66637782f52d,policies/66637782f52d.py,policies_by_distribution/normal_std50_L6_c1_2/normal_std50_L6_c1_2__66637782f52d.py,normal_std50_L6_c1_2,14,1,0.006545,5500.58,5500.94,examples/inventory/deepseek-chat_normal_std50_L6_c1_2_50_plain_processed_scipy_15_default_m2_4_r2/prompt_for_code/m2_20251217_002743.txt,"mean = 5500.94, std=639.19, range=(4235.31, 7109.81)"
666c517e58d4492db925c7329a1df38692d2c7436b0fab523e473ceb69e4dfc8,666c517e58d4,policies/666c517e58d4.py,policies_by_distribution/exponential_L6_c1_2/exponential_L6_c1_2__666c517e58d4.py,exponential_L6_c1_2,12,1,0.000000,7177.57,7177.57,examples/inventory/deepseek-chat_exponential_L6_c1_2_50_plain_processed_scipy_15_default_m2_4_r1/prompt_for_code/m2_20251218_012203.txt,"mean = 7177.57, std=1075.84, range=(4729.49, 9528.59)"
66d148a5deb964292fae3435d24cfc80e10384b31cade9f3b5e2a332120957ee,66d148a5deb9,policies/66d148a5deb9.py,policies_by_distribution/poisson_L2_c1_2/poisson_L2_c1_2__66d148a5deb9.py,poisson_L2_c1_2,8,1,0.000000,942.56,942.56,examples/inventory/deepseek-chat_poisson_L2_c1_2_50_plain_processed_scipy_15_default_m2_4_r4/prompt_for_code/m2_20251218_100810.txt,"mean = 942.56, std=103.31, range=(680.00, 1187.00)"
66d5982a397572faafe84dde8ffdf9ada8421fcefeb0f0a8abb3ada227d77bb6,66d5982a3975,policies/66d5982a3975.py,policies_by_distribution/poisson_L2_c1_5/poisson_L2_c1_5__66d5982a3975.py,poisson_L2_c1_5,9,1,0.000000,1357.44,1357.44,examples/inventory/deepseek-chat_poisson_L2_c1_5_50_plain_processed_scipy_15_default_m2_4_r3/prompt_for_code/m2_20251218_065727.txt,"mean = 1357.44, std=161.98, range=(922.00, 1695.00)"
678a9c41d8dfd40ac7eaf2ec4cc97f1d24772dc3d5af7e87ff8b2b51b15654a4,678a9c41d8df,policies/678a9c41d8df.py,policies_by_distribution/exponential_L4_c1_5/exponential_L4_c1_5__678a9c41d8df.py,exponential_L4_c1_5,12,1,0.002918,11310.81,11310.48,examples/inventory/deepseek-chat_exponential_L4_c1_5_50_plain_processed_scipy_15_default_m2_4_r1/prompt_for_code/m2_20251218_005333.txt,"mean = 11310.48, std=2162.33, range=(6604.00, 16965.00)"
67cb7d969072e614d422180e029bc4eac6af4580e77dcc3e69abe634f4f3d675,67cb7d969072,policies/67cb7d969072.py,policies_by_distribution/exponential_L2_c1_2/exponential_L2_c1_2__67cb7d969072.py,exponential_L2_c1_2,8,1,0.000000,6312.54,6312.54,examples/inventory/deepseek-chat_exponential_L2_c1_2_50_plain_processed_scipy_15_default_m2_4_r2/prompt_for_code/m2_20251218_023523.txt,"mean = 6312.54, std=1023.27, range=(4888.00, 8658.00)"
67eb83db3c8c3d36f4785463794949bbc092f11c6955a1f3b2746bcc4a5c541b,67eb83db3c8c,policies/67eb83db3c8c.py,policies_by_distribution/exponential_L6_c1_2/exponential_L6_c1_2__67eb83db3c8c.py,exponential_L6_c1_2,11,1,0.000612,6535.6,6535.64,examples/inventory/deepseek-chat_exponential_L6_c1_2_50_plain_processed_scipy_15_default_m2_4_r2/prompt_for_code/m2_20251218_052337.txt,"mean = 6535.64, std=1027.42, range=(4279.00, 9718.00)"
6826ac47a3d3fc336ef0ef0dc553239a1ff3d37553172211104fead7c6c3c177,6826ac47a3d3,policies/6826ac47a3d3.py,policies_by_distribution/exponential_L4_c1_5/exponential_L4_c1_5__6826ac47a3d3.py,exponential_L4_c1_5,4,1,0.000000,11016.86,11016.86,examples/inventory/deepseek-chat_exponential_L4_c1_5_50_plain_processed_scipy_15_default_m2_4_r3/prompt_for_code/m2_20251218_090313.txt,"mean = 11016.86, std=2096.83, range=(7042.00, 16386.00)"
687d24d04a8b3e4023ed90879c9f5f1b540302451af454219376448f7cb5ad00,687d24d04a8b,policies/687d24d04a8b.py,policies_by_distribution/normal_std30_L6_c1_5/normal_std30_L6_c1_5__687d24d04a8b.py,normal_std30_L6_c1_5,151,1,0.000000,6033.8,6033.8,examples/inventory/deepseek-chat_normal_std30_L6_c1_5_50_plain_processed_scipy_15_default_m2_2_r7/prompt_for_code/m2_20260128_062554.txt,"mean = 6033.80, std=685.81, range=(4423.96, 7445.01)"
693c19df6653e2f7068436212693f65460caf82a9435555a0a1afa3872c53642,693c19df6653,policies/693c19df6653.py,policies_by_distribution/poisson_L6_c1_5/poisson_L6_c1_5__693c19df6653.py,poisson_L6_c1_5,1,1,0.099233,3123.96,3120.86,examples/inventory/deepseek-chat_poisson_L6_c1_5_50_plain_processed_scipy_15_default_m2_2_r6/prompt_for_code/m2_20260130_045630.txt,"mean = 3120.86, std=215.71, range=(2675.00, 3907.00)"
695110b323025d664ca6600caf3f0539474297a07e586aa839503a60968e556f,695110b32302,policies/695110b32302.py,policies_by_distribution/poisson_L2_c1_2/poisson_L2_c1_2__695110b32302.py,poisson_L2_c1_2,6,1,0.000000,697.99,697.99,examples/inventory/deepseek-chat_poisson_L2_c1_2_50_plain_processed_scipy_15_default_m2_4_r2/prompt_for_code/m2_20251218_023330.txt,"mean = 697.99, std=96.62, range=(518.25, 980.24)"
6975d0adad2a0c0e1a08a23b349c3f3c5f77d6f2ecdaec476d54ec4bca18ee7c,6975d0adad2a,policies/6975d0adad2a.py,policies_by_distribution/exponential_L4_c1_5/exponential_L4_c1_5__6975d0adad2a.py,exponential_L4_c1_5,24,1,0.000000,12023.2,12023.2,examples/inventory/deepseek-chat_exponential_L4_c1_5_50_plain_processed_scipy_15_default_m2_4_r1/prompt_for_code/m2_20251218_003201.txt,"mean = 12023.20, std=2310.84, range=(7344.00, 16736.00)"
699ce6ee881aba57a7ed7c3a8b4ceea7290303994865d7b3a2ddd26ed6cd3e6b,699ce6ee881a,policies/699ce6ee881a.py,policies_by_distribution/poisson_L6_c1_5/poisson_L6_c1_5__699ce6ee881a.py,poisson_L6_c1_5,2,1,0.049084,3035.64,3034.15,examples/inventory/deepseek-chat_poisson_L6_c1_5_50_plain_processed_scipy_15_default_m2_4_r3/prompt_for_code/m2_20251218_095622.txt,"mean = 3034.15, std=250.83, range=(2522.78, 3738.78)"
69c96ddb22e186a607bae87e7ce74f9f33d8a327c6fe36985089d1029abb02ee,69c96ddb22e1,policies/69c96ddb22e1.py,policies_by_distribution/exponential_L4_c1_2/exponential_L4_c1_2__69c96ddb22e1.py,exponential_L4_c1_2,43,2,0.000000,6950.32,6950.32,examples/inventory/deepseek-chat_exponential_L4_c1_2_50_plain_processed_scipy_15_default_m2_4_r2/prompt_for_code/m2_20251218_034559.txt,"mean = 6950.32, std=1237.81, range=(4869.97, 12102.92)"
69f0565fe71aaca8b18f4601cd876c01e3b3a846ebd7ce017311abb3f21cc4d6,69f0565fe71a,policies/69f0565fe71a.py,policies_by_distribution/poisson_L2_c1_5/poisson_L2_c1_5__69f0565fe71a.py,poisson_L2_c1_5,8,1,0.000000,1335.66,1335.66,examples/inventory/deepseek-chat_poisson_L2_c1_5_50_plain_processed_scipy_15_default_m2_4_r3/prompt_for_code/m2_20251218_070607.txt,"mean = 1335.66, std=164.75, range=(905.00, 1698.00)"
69faa363d63b892ca4dd7d1528931e7578247f9595e8bb1fc33b9e7fdaabfe7a,69faa363d63b,policies/69faa363d63b.py,policies_by_distribution/exponential_L6_c1_2/exponential_L6_c1_2__69faa363d63b.py,exponential_L6_c1_2,1,1,0.002540,6299.6,6299.44,examples/inventory/deepseek-chat_exponential_L6_c1_2_50_plain_processed_scipy_15_default_m2_4_r1/prompt_for_code/m2_20251218_013403.txt,"mean = 6299.44, std=1034.72, range=(4184.00, 9614.00)"
6a70eda8edcff8b7250bb6dbc450fcf6f202db58d457a7d6c6cf4c5968829ee1,6a70eda8edcf,policies/6a70eda8edcf.py,policies_by_distribution/exponential_L2_c1_5/exponential_L2_c1_5__6a70eda8edcf.py,exponential_L2_c1_5,24,1,0.000000,10205.76,10205.76,examples/inventory/deepseek-chat_exponential_L2_c1_5_50_plain_processed_scipy_15_default_m2_4_r1/prompt_for_code/m2_20251217_231851.txt,"mean = 10205.76, std=1835.94, range=(7069.90, 15480.40)"
6ac4b9cb2d56e8cf486d7a4d262407f7e83349979fdce4a2c47082b5b07ca901,6ac4b9cb2d56,policies/6ac4b9cb2d56.py,policies_by_distribution/normal_std30_L4_c1_5/normal_std30_L4_c1_5__6ac4b9cb2d56.py,normal_std30_L4_c1_5,22,1,0.038517,3894.43,3892.93,examples/inventory/deepseek-chat_normal_std30_L4_c1_5_50_plain_processed_scipy_15_default_m2_2_r7/prompt_for_code/m2_20260130_070959.txt,"mean = 3892.93, std=839.66, range=(2355.22, 6383.98)"
6adaf5e871eba6a75708406717eb2bf8e1ef979e5097f0569c96f7b1a82be38e,6adaf5e871eb,policies/6adaf5e871eb.py,policies_by_distribution/poisson_L6_c1_5/poisson_L6_c1_5__6adaf5e871eb.py,poisson_L6_c1_5,2,1,0.178734,3099.58,3094.04,examples/inventory/deepseek-chat_poisson_L6_c1_5_50_plain_processed_scipy_15_default_m2_2_r6/prompt_for_code/m2_20260130_050436.txt,"mean = 3094.04, std=220.30, range=(2580.00, 3823.00)"
6afe2955e4420507eda90f6141ef361a2551d44349ee3167bcb916aa4284f477,6afe2955e442,policies/6afe2955e442.py,policies_by_distribution/exponential_L4_c1_2/exponential_L4_c1_2__6afe2955e442.py,exponential_L4_c1_2,5,1,0.000000,6955.95,6955.95,examples/inventory/deepseek-chat_exponential_L4_c1_2_50_plain_processed_scipy_15_default_m2_4_r2/prompt_for_code/m2_20251218_034808.txt,"mean = 6955.95, std=1253.58, range=(4911.85, 12171.21)"
6b027ed02d5c052c9c1b68e9ee44d948a5d722f501ce3f2a2b93803304c5c19f,6b027ed02d5c,policies/6b027ed02d5c.py,policies_by_distribution/normal_std10_L2_c1_2/normal_std10_L2_c1_2__6b027ed02d5c.py,normal_std10_L2_c1_2,5,1,0.018533,701.45,701.32,examples/inventory/deepseek-chat_normal_std10_L2_c1_2_50_plain_processed_scipy_15_default_m2_2_r8/prompt_for_code/m2_20260129_204655.txt,"mean = 701.32, std=112.38, range=(513.95, 949.06)"
6b687eb0ef64517c71098f37f0bae6272eb94e60d4fb66f3a447afff0efe39df,6b687eb0ef64,policies/6b687eb0ef64.py,policies_by_distribution/normal_std50_L6_c1_2/normal_std50_L6_c1_2__6b687eb0ef64.py,normal_std50_L6_c1_2,5,1,0.012248,3919.14,3918.66,examples/inventory/deepseek-chat_normal_std50_L6_c1_2_50_plain_processed_scipy_15_default_m2_4_r2/prompt_for_code/m2_20251217_005239.txt,"mean = 3918.66, std=1378.09, range=(2328.00, 10641.00)"
6b74ea11e27dfede56c45fa0c7df096109854541ae0477df3d32fbf36e6837a1,6b74ea11e27d,policies/6b74ea11e27d.py,policies_by_distribution/poisson_L4_c1_2/poisson_L4_c1_2__6b74ea11e27d.py,poisson_L4_c1_2,8,1,0.000000,999.64,999.64,examples/inventory/deepseek-chat_poisson_L4_c1_2_50_plain_processed_scipy_15_default_m2_2_r6/prompt_for_code/m2_20260130_032825.txt,"mean = 999.64, std=149.48, range=(708.98, 1394.64)"
6b7a69dd09a3e8aa9fbfd67626a63db114b7ed976bb94d3c43607cf4240c9a8e,6b7a69dd09a3,policies/6b7a69dd09a3.py,policies_by_distribution/exponential_L2_c1_2/exponential_L2_c1_2__6b7a69dd09a3.py,exponential_L2_c1_2,5,1,0.000000,5880.68,5880.68,examples/inventory/deepseek-chat_exponential_L2_c1_2_50_plain_processed_scipy_15_default_m2_4_r3/prompt_for_code/m2_20251218_071243.txt,"mean = 5880.68, std=984.30, range=(4326.00, 8510.00)"
6b7ea0c42caf87af9bb9b119e412d4cfc2f0937276633c4f1644d49598acadf0,6b7ea0c42caf,policies/6b7ea0c42caf.py,policies_by_distribution/poisson_L4_c1_5/poisson_L4_c1_5__6b7ea0c42caf.py,poisson_L4_c1_5,7,1,0.000000,2003.96,2003.96,examples/inventory/deepseek-chat_poisson_L4_c1_5_50_plain_processed_scipy_15_default_m2_4_r3/prompt_for_code/m2_20251218_082607.txt,"mean = 2003.96, std=248.70, range=(1582.00, 2537.00)"
6bd59b9781fe66f8695fdf70e5584c2db311a296434cfa4e30b94f32f9b9673d,6bd59b9781fe,policies/6bd59b9781fe.py,policies_by_distribution/poisson_L4_c1_2/poisson_L4_c1_2__6bd59b9781fe.py,poisson_L4_c1_2,6,1,0.000000,803.7,803.7,examples/inventory/deepseek-chat_poisson_L4_c1_2_50_plain_processed_scipy_15_default_m2_4_r2/prompt_for_code/m2_20251218_041021.txt,"mean = 803.70, std=126.67, range=(545.00, 1126.00)"
6bf358e35215644f5b2e44d42f022ddc55569c5329f894e8e2f5de7666b30a2c,6bf358e35215,policies/6bf358e35215.py,policies_by_distribution/poisson_L6_c1_2/poisson_L6_c1_2__6bf358e35215.py,poisson_L6_c1_2,2,1,0.226258,2810.95,2804.59,examples/inventory/deepseek-chat_poisson_L6_c1_2_50_plain_processed_scipy_15_default_m2_4_r1/prompt_for_code/m2_20251222_015540.txt,"mean = 2804.59, std=108.58, range=(2570.33, 3034.88)"
6c1e3b24d091afc5ce5d976597f3301ebe04f3da4a2203571c31677647c8c3e3,6c1e3b24d091,policies/6c1e3b24d091.py,policies_by_distribution/exponential_L2_c1_5/exponential_L2_c1_5__6c1e3b24d091.py,exponential_L2_c1_5,7,1,0.000000,10249.0,10249.0,examples/inventory/deepseek-chat_exponential_L2_c1_5_50_plain_processed_scipy_15_default_m2_4_r3/prompt_for_code/m2_20251218_072530.txt,"mean = 10249.00, std=1845.44, range=(6957.00, 15807.00)"
6c2141d2ad130234b4e68e97f61847da2d17c2fd25d2333f45dd6ef7894de557,6c2141d2ad13,policies/6c2141d2ad13.py,policies_by_distribution/normal_std10_L6_c1_5/normal_std10_L6_c1_5__6c2141d2ad13.py,normal_std10_L6_c1_5,4,1,0.186263,3076.3,3070.57,examples/inventory/deepseek-chat_normal_std10_L6_c1_5_50_plain_processed_scipy_15_default_m2_2_r7/prompt_for_code/m2_20260128_033111.txt,"mean = 3070.57, std=226.79, range=(2568.20, 3797.75)"
6c6cb423948b0ca9d7cf0de38ffae8adfe8536255f5c0b0008d207691139510b,6c6cb423948b,policies/6c6cb423948b.py,policies_by_distribution/exponential_L2_c1_5/exponential_L2_c1_5__6c6cb423948b.py,exponential_L2_c1_5,16,2,0.000000,10299.88,10299.88,examples/inventory/deepseek-chat_exponential_L2_c1_5_50_plain_processed_scipy_15_default_m2_4_r1/prompt_for_code/m2_20251217_231900.txt,"mean = 10299.88, std=1821.00, range=(7191.31, 15773.88)"
6ccb3a57aaa9513605e4c44a791e3145a9dfbaaec2b8d444935846993ff4251a,6ccb3a57aaa9,policies/6ccb3a57aaa9.py,policies_by_distribution/poisson_L4_c1_2/poisson_L4_c1_2__6ccb3a57aaa9.py,poisson_L4_c1_2,5,1,0.000000,1738.82,1738.82,examples/inventory/deepseek-chat_poisson_L4_c1_2_50_plain_processed_scipy_15_default_m2_4_r2/prompt_for_code/m2_20251218_033700.txt,"mean = 1738.82, std=105.28, range=(1411.00, 1950.00)"
6ce337b358572c74a22672c50dbb40c6aeda2bfc14f01f6ce91045a5d597be3f,6ce337b35857,policies/6ce337b35857.py,policies_by_distribution/exponential_L4_c1_5/exponential_L4_c1_5__6ce337b35857.py,exponential_L4_c1_5,22,2,0.000000,10971.6,10971.6,examples/inventory/deepseek-chat_exponential_L4_c1_5_50_plain_processed_scipy_15_default_m2_4_r3/prompt_for_code/m2_20251218_090032.txt,"mean = 10971.60, std=2050.66, range=(6910.34, 16319.74)"
6cfe8aaefda17f4aa82f6b5875387f558340558f923282ade717bd743c26ac65,6cfe8aaefda1,policies/6cfe8aaefda1.py,policies_by_distribution/exponential_L2_c1_2/exponential_L2_c1_2__6cfe8aaefda1.py,exponential_L2_c1_2,47,1,0.000000,6301.86,6301.86,examples/inventory/deepseek-chat_exponential_L2_c1_2_50_plain_processed_scipy_15_default_m2_4_r4/prompt_for_code/m2_20251218_104303.txt,"mean = 6301.86, std=1037.22, range=(4844.98, 8664.04)"
6d6175c195361ab8c59526471e383d3c231b4832a0fd7787f08c09a88c047d96,6d6175c19536,policies/6d6175c19536.py,policies_by_distribution/normal_std50_L6_c1_2/normal_std50_L6_c1_2__6d6175c19536.py,normal_std50_L6_c1_2,21,1,0.000000,3997.4,3997.4,examples/inventory/deepseek-chat_normal_std50_L6_c1_2_50_plain_processed_scipy_15_default_m2_2_r8/prompt_for_code/m2_20260128_212224.txt,"mean = 3997.40, std=732.20, range=(2473.00, 6562.00)"
6d72c5a474a379d99f7d75d7f3dfde8d6b94a1fa26146f655344965eeef578f4,6d72c5a474a3,policies/6d72c5a474a3.py,policies_by_distribution/normal_std10_L6_c1_5/normal_std10_L6_c1_5__6d72c5a474a3.py,normal_std10_L6_c1_5,8,1,0.105782,1455.82,1454.28,examples/inventory/deepseek-chat_normal_std10_L6_c1_5_50_plain_processed_scipy_15_default_m2_2_r7/prompt_for_code/m2_20260129_205732.txt,"mean = 1454.28, std=239.09, range=(981.00, 2004.00)"
6d7bb94af256956b89f8eccc77463e39a11cdf66d284b89d5cb6609e33a85242,6d7bb94af256,policies/6d7bb94af256.py,policies_by_distribution/poisson_L2_c1_2/poisson_L2_c1_2__6d7bb94af256.py,poisson_L2_c1_2,17,1,0.000000,898.06,898.06,examples/inventory/deepseek-chat_poisson_L2_c1_2_50_plain_processed_scipy_15_default_m2_4_r1/prompt_for_code/m2_20251217_224011.txt,"mean = 898.06, std=103.87, range=(679.00, 1148.00)"
6dac791c23eeefd34145b4aaede6aa3de7bdc37ac5a0841d4713adaec1d87552,6dac791c23ee,policies/6dac791c23ee.py,policies_by_distribution/poisson_L6_c1_5/poisson_L6_c1_5__6dac791c23ee.py,poisson_L6_c1_5,3,2,0.217459,2938.48,2944.87,examples/inventory/deepseek-chat_poisson_L6_c1_5_50_plain_processed_scipy_15_default_m2_4_r2/prompt_for_code/m2_20251218_055020.txt,"mean = 2944.87, std=275.59, range=(1954.82, 3488.91)"
6dd0ea8501a5426f9d05730da3f561d8bd056d1d09b64c5ae715675fc455366b,6dd0ea8501a5,policies/6dd0ea8501a5.py,policies_by_distribution/poisson_L2_c1_5/poisson_L2_c1_5__6dd0ea8501a5.py,poisson_L2_c1_5,13,1,0.000000,1128.8,1128.8,examples/inventory/deepseek-chat_poisson_L2_c1_5_50_plain_processed_scipy_15_default_m2_4_r1/prompt_for_code/m2_20251217_232448.txt,"mean = 1128.80, std=165.79, range=(718.05, 1508.09)"
6dde9a518b7387aab79ef23bef615e59d91871d132d65ccb531648112aa12144,6dde9a518b73,policies/6dde9a518b73.py,policies_by_distribution/exponential_L6_c1_2/exponential_L6_c1_2__6dde9a518b73.py,exponential_L6_c1_2,4,1,0.000000,6234.28,6234.28,examples/inventory/deepseek-chat_exponential_L6_c1_2_50_plain_processed_scipy_15_default_m2_4_r1/prompt_for_code/m2_20251218_014140.txt,"mean = 6234.28, std=1022.10, range=(4170.00, 9450.00)"
6e8b3703faf5b04156d06ed7dab695707136c5cbb669a5bfbcfa5a978bf4b1b5,6e8b3703faf5,policies/6e8b3703faf5.py,policies_by_distribution/poisson_L6_c1_2/poisson_L6_c1_2__6e8b3703faf5.py,poisson_L6_c1_2,9,1,0.000000,760.91,760.91,examples/inventory/deepseek-chat_poisson_L6_c1_2_50_plain_processed_scipy_15_default_m2_4_r1/prompt_for_code/m2_20251222_023143.txt,"mean = 760.91, std=112.74, range=(488.77, 1100.28)"
6e9fada6c14e705608696a27a0ce5c86fe9382790ec0a7a8fe7f764c3f8ec0d5,6e9fada6c14e,policies/6e9fada6c14e.py,policies_by_distribution/exponential_L6_c1_2/exponential_L6_c1_2__6e9fada6c14e.py,exponential_L6_c1_2,1,1,0.002594,6167.66,6167.5,examples/inventory/deepseek-chat_exponential_L6_c1_2_50_plain_processed_scipy_15_default_m2_4_r3/prompt_for_code/m2_20251218_092800.txt,"mean = 6167.50, std=1049.61, range=(4286.00, 9713.00)"
6ead980145f21fded6e21127efcebe00fe96be12a92974e9b41967bded64ff6c,6ead980145f2,policies/6ead980145f2.py,policies_by_distribution/exponential_L6_c1_2/exponential_L6_c1_2__6ead980145f2.py,exponential_L6_c1_2,14,1,0.000000,6032.76,6032.76,examples/inventory/deepseek-chat_exponential_L6_c1_2_50_plain_processed_scipy_15_default_m2_2_r6/prompt_for_code/m2_20260129_035327.txt,"mean = 6032.76, std=1188.92, range=(3913.06, 9580.71)"
6ef893ce0c6d3137ff8ce68838446e1ffcc168a57bd3f36bed7726d8b4362697,6ef893ce0c6d,policies/6ef893ce0c6d.py,policies_by_distribution/normal_std10_L2_c1_5/normal_std10_L2_c1_5__6ef893ce0c6d.py,normal_std10_L2_c1_5,40,1,0.000000,1276.24,1276.24,examples/inventory/deepseek-chat_normal_std10_L2_c1_5_50_plain_processed_scipy_15_default_m2_2_r6/prompt_for_code/m2_20260129_231932.txt,"mean = 1276.24, std=149.87, range=(1026.00, 1647.00)"
6f11f8dfdd314138f78d9a2b12ad0439e4a2e07758ee6228dd18d70dc693163b,6f11f8dfdd31,policies/6f11f8dfdd31.py,policies_by_distribution/normal_std10_L4_c1_2/normal_std10_L4_c1_2__6f11f8dfdd31.py,normal_std10_L4_c1_2,15,1,0.000000,1251.8,1251.8,examples/inventory/deepseek-chat_normal_std10_L4_c1_2_50_plain_processed_scipy_15_default_m2_2_r8/prompt_for_code/m2_20260130_094039.txt,"mean = 1251.80, std=159.77, range=(926.00, 1597.00)"
6faa53142f39d07b581c6124404cc67ee858e093f4fe214f9916d2893a9d3f38,6faa53142f39,policies/6faa53142f39.py,policies_by_distribution/poisson_L6_c1_2/poisson_L6_c1_2__6faa53142f39.py,poisson_L6_c1_2,2,1,0.095587,2552.66,2550.22,examples/inventory/deepseek-chat_poisson_L6_c1_2_50_plain_processed_scipy_15_default_m2_4_r1/prompt_for_code/m2_20251222_013854.txt,"mean = 2550.22, std=141.41, range=(2289.52, 2806.50)"
6ff2f1dc5065eef324da2c997eafd81ef25e5a8dfb17aa02ff11993a57169bed,6ff2f1dc5065,policies/6ff2f1dc5065.py,policies_by_distribution/exponential_L2_c1_2/exponential_L2_c1_2__6ff2f1dc5065.py,exponential_L2_c1_2,4,1,0.000000,5886.5,5886.5,examples/inventory/deepseek-chat_exponential_L2_c1_2_50_plain_processed_scipy_15_default_m2_4_r2/prompt_for_code/m2_20251218_025935.txt,"mean = 5886.50, std=978.59, range=(4308.00, 8529.00)"
70c0bbe79480c4f60e96ca5227464b3d70844b83e16a05076d0ed78e72e84132,70c0bbe79480,policies/70c0bbe79480.py,policies_by_distribution/exponential_L6_c1_2/exponential_L6_c1_2__70c0bbe79480.py,exponential_L6_c1_2,1,1,0.009020,7205.89,7205.24,examples/inventory/deepseek-chat_exponential_L6_c1_2_50_plain_processed_scipy_15_default_m2_4_r1/prompt_for_code/m2_20251222_034421.txt,"mean = 7205.24, std=1121.27, range=(4878.00, 10332.00)"
70cf473f4182930924509219e7ec47cae0d90896db38d4c27d20d42c9fa40562,70cf473f4182,policies/70cf473f4182.py,policies_by_distribution/poisson_L6_c1_2/poisson_L6_c1_2__70cf473f4182.py,poisson_L6_c1_2,20,1,0.021678,784.2,784.37,examples/inventory/deepseek-chat_poisson_L6_c1_2_50_plain_processed_scipy_15_default_m2_4_r2/prompt_for_code/m2_20251218_052637.txt,"mean = 784.37, std=104.85, range=(534.76, 1028.94)"
70d05dc2d6e6c33587419fc04f42cac4ea3c35e5a95d591d2c51106e2351751a,70d05dc2d6e6,policies/70d05dc2d6e6.py,policies_by_distribution/normal_std30_L4_c1_5/normal_std30_L4_c1_5__70d05dc2d6e6.py,normal_std30_L4_c1_5,37,1,0.000000,3558.57,3558.57,examples/inventory/deepseek-chat_normal_std30_L4_c1_5_50_plain_processed_scipy_15_default_m2_2_r6/prompt_for_code/m2_20260128_003014.txt,"mean = 3558.57, std=536.41, range=(2602.13, 4830.35)"
70d399b0fb8c6bc78360228ac3de240d568bf9a81b92e218ce0a723e71c28b08,70d399b0fb8c,policies/70d399b0fb8c.py,policies_by_distribution/poisson_L4_c1_2/poisson_L4_c1_2__70d399b0fb8c.py,poisson_L4_c1_2,4,1,0.000000,1087.84,1087.84,examples/inventory/deepseek-chat_poisson_L4_c1_2_50_plain_processed_scipy_15_default_m2_4_r3/prompt_for_code/m2_20251218_075504.txt,"mean = 1087.84, std=138.99, range=(717.00, 1401.00)"
716d3535bbccf015c8b6348a1b76387458b2e290bc3be66e78dd7fb002d8dfc1,716d3535bbcc,policies/716d3535bbcc.py,policies_by_distribution/poisson_L2_c1_2/poisson_L2_c1_2__716d3535bbcc.py,poisson_L2_c1_2,2,1,0.000000,838.94,838.94,examples/inventory/deepseek-chat_poisson_L2_c1_2_50_plain_processed_scipy_15_default_m2_4_r2/prompt_for_code/m2_20251218_023758.txt,"mean = 838.94, std=96.29, range=(637.00, 1078.00)"
717cef5680328d77cc7a21eb6f60349b4683e2217ac0516dc6e815839de42af3,717cef568032,policies/717cef568032.py,policies_by_distribution/poisson_L6_c1_5/poisson_L6_c1_5__717cef568032.py,poisson_L6_c1_5,4,1,0.212325,3579.42,3587.02,examples/inventory/deepseek-chat_poisson_L6_c1_5_50_plain_processed_scipy_15_default_m2_4_r2/prompt_for_code/m2_20251218_053536.txt,"mean = 3587.02, std=286.68, range=(3213.00, 4446.00)"
71c16cc3a65b87debecb8212ec3178cb3bb92a4e5ede0debfc169dbf272e29b7,71c16cc3a65b,policies/71c16cc3a65b.py,policies_by_distribution/exponential_L6_c1_2/exponential_L6_c1_2__71c16cc3a65b.py,exponential_L6_c1_2,13,1,0.000000,6479.1,6479.1,examples/inventory/deepseek-chat_exponential_L6_c1_2_50_plain_processed_scipy_15_default_m2_4_r1/prompt_for_code/m2_20251218_012601.txt,"mean = 6479.10, std=1065.38, range=(4298.00, 9610.00)"
720b639743068207647a5a463c16e0d9c9ba2f3c9570384228ca131d1375d69a,720b63974306,policies/720b63974306.py,policies_by_distribution/poisson_L4_c1_2/poisson_L4_c1_2__720b63974306.py,poisson_L4_c1_2,5,1,0.000000,845.82,845.82,examples/inventory/deepseek-chat_poisson_L4_c1_2_50_plain_processed_scipy_15_default_m2_4_r1/prompt_for_code/m2_20251218_001211.txt,"mean = 845.82, std=125.90, range=(612.00, 1189.00)"
721b0efe68f1b24e11969a2c3e804c2bedbb08737f1a8c296fe79bce5a218cea,721b0efe68f1,policies/721b0efe68f1.py,policies_by_distribution/poisson_L6_c1_5/poisson_L6_c1_5__721b0efe68f1.py,poisson_L6_c1_5,33,1,0.000000,3336.88,3336.88,examples/inventory/deepseek-chat_poisson_L6_c1_5_50_plain_processed_scipy_15_default_m2_4_r2/prompt_for_code/m2_20251218_053124.txt,"mean = 3336.88, std=250.64, range=(2832.00, 4048.00)"
723975cae04f5a8a390b5b963851356c50ccca7aa12bc6229c82b7a54bda80bd,723975cae04f,policies/723975cae04f.py,policies_by_distribution/exponential_L6_c1_5/exponential_L6_c1_5__723975cae04f.py,exponential_L6_c1_5,14,1,0.000000,12063.16,12063.16,examples/inventory/deepseek-chat_exponential_L6_c1_5_50_plain_processed_scipy_15_default_m2_4_r3/prompt_for_code/m2_20251218_101908.txt,"mean = 12063.16, std=3552.37, range=(6222.00, 25898.00)"
725e9b7c5d765cd3b4afcb649f4a35943f1935a4203a78f1a15a2c0666e0c854,725e9b7c5d76,policies/725e9b7c5d76.py,policies_by_distribution/exponential_L2_c1_5/exponential_L2_c1_5__725e9b7c5d76.py,exponential_L2_c1_5,6,1,0.000000,10165.01,10165.01,examples/inventory/deepseek-chat_exponential_L2_c1_5_50_plain_processed_scipy_15_default_m2_4_r1/prompt_for_code/m2_20251217_233627.txt,"mean = 10165.01, std=1842.86, range=(6970.68, 15694.17)"
729669acc2b45d8729d79866a28d6cd9497230da84526d8e80dd0506efb25756,729669acc2b4,policies/729669acc2b4.py,policies_by_distribution/normal_std10_L6_c1_5/normal_std10_L6_c1_5__729669acc2b4.py,normal_std10_L6_c1_5,2,1,0.000000,2693.24,2693.24,examples/inventory/deepseek-chat_normal_std10_L6_c1_5_50_plain_processed_scipy_15_default_m2_2_r7/prompt_for_code/m2_20260130_061105.txt,"mean = 2693.24, std=228.24, range=(2166.64, 3417.21)"
72e9d7160251f120368fa400357cd591716ed09dba5b6a3eb7da573ef8a4b936,72e9d7160251,policies/72e9d7160251.py,policies_by_distribution/normal_std10_L6_c1_2/normal_std10_L6_c1_2__72e9d7160251.py,normal_std10_L6_c1_2,6,1,0.000000,712.27,712.27,examples/inventory/deepseek-chat_normal_std10_L6_c1_2_50_plain_processed_scipy_15_default_m2_2_r7/prompt_for_code/m2_20260128_041020.txt,"mean = 712.27, std=121.25, range=(502.99, 1081.89)"
7350d6ca534214ec99f728cf3feedabe6cee8855649fa33d2a918061b8f5a8af,7350d6ca5342,policies/7350d6ca5342.py,policies_by_distribution/exponential_L6_c1_5/exponential_L6_c1_5__7350d6ca5342.py,exponential_L6_c1_5,3,1,0.000000,12404.66,12404.66,examples/inventory/deepseek-chat_exponential_L6_c1_5_50_plain_processed_scipy_15_default_m2_4_r3/prompt_for_code/m2_20251218_101941.txt,"mean = 12404.66, std=4497.03, range=(5828.00, 31800.00)"
73cfcbc5a156803bec6e09d2cf725ebfa00bf8b2167c7979464803c05a59e3b9,73cfcbc5a156,policies/73cfcbc5a156.py,policies_by_distribution/exponential_L4_c1_5/exponential_L4_c1_5__73cfcbc5a156.py,exponential_L4_c1_5,13,2,0.000166,12072.9,12072.88,examples/inventory/deepseek-chat_exponential_L4_c1_5_50_plain_processed_scipy_15_default_m2_4_r2/prompt_for_code/m2_20251218_043326.txt,"mean = 12072.88, std=2298.25, range=(7171.00, 16620.00)"
73d3d88875c86a0d825b8ec726cb292df8384f315f4a9d449ed47693eff01d30,73d3d88875c8,policies/73d3d88875c8.py,policies_by_distribution/normal_std10_L4_c1_2/normal_std10_L4_c1_2__73d3d88875c8.py,normal_std10_L4_c1_2,8,1,0.631423,1453.86,1444.68,examples/inventory/deepseek-chat_normal_std10_L4_c1_2_50_plain_processed_scipy_15_default_m2_2_r7/prompt_for_code/m2_20260128_023506.txt,"mean = 1444.68, std=163.54, range=(1136.00, 1868.00)"
7431976cbf51b78494e7f883f4e92618f7c7adb913f04b78983bf9a88705320b,7431976cbf51,policies/7431976cbf51.py,policies_by_distribution/poisson_L2_c1_5/poisson_L2_c1_5__7431976cbf51.py,poisson_L2_c1_5,6,1,0.000000,1226.04,1226.04,examples/inventory/deepseek-chat_poisson_L2_c1_5_50_plain_processed_scipy_15_default_m2_4_r1/prompt_for_code/m2_20251217_233715.txt,"mean = 1226.04, std=154.38, range=(834.50, 1565.50)"
743bd9794ea45c983e1e7009f4443fa828115f6a7ccc03180857adec1c94e174,743bd9794ea4,policies/743bd9794ea4.py,policies_by_distribution/exponential_L2_c1_2/exponential_L2_c1_2__743bd9794ea4.py,exponential_L2_c1_2,2,1,0.000000,5881.44,5881.44,examples/inventory/deepseek-chat_exponential_L2_c1_2_50_plain_processed_scipy_15_default_m2_4_r1/prompt_for_code/m2_20251217_230424.txt,"mean = 5881.44, std=978.46, range=(4418.00, 8478.00)"
74ecd1c3eecd67db53569a058d490a1be87c534ce05dc252f735af7e8afdd40b,74ecd1c3eecd,policies/74ecd1c3eecd.py,policies_by_distribution/normal_std10_L6_c1_5/normal_std10_L6_c1_5__74ecd1c3eecd.py,normal_std10_L6_c1_5,11,1,0.186236,3210.98,3216.96,examples/inventory/deepseek-chat_normal_std10_L6_c1_5_50_plain_processed_scipy_15_default_m2_2_r9/prompt_for_code/m2_20260129_215128.txt,"mean = 3216.96, std=210.61, range=(2758.00, 3868.00)"
75413c38ddd011cb5e103886bc560ae175d02075c2c6552295662bc6f86536e8,75413c38ddd0,policies/75413c38ddd0.py,policies_by_distribution/normal_std10_L4_c1_2/normal_std10_L4_c1_2__75413c38ddd0.py,normal_std10_L4_c1_2,2,1,0.083513,814.24,814.92,examples/inventory/deepseek-chat_normal_std10_L4_c1_2_50_plain_processed_scipy_15_default_m2_2_r6/prompt_for_code/m2_20260130_001548.txt,"mean = 814.92, std=206.34, range=(493.00, 1660.00)"
756ef2998d711d6cebbb51288d8e3d195eb3fc13b04d3195d13aa3a1b8b18ce2,756ef2998d71,policies/756ef2998d71.py,policies_by_distribution/exponential_L4_c1_5/exponential_L4_c1_5__756ef2998d71.py,exponential_L4_c1_5,7,1,0.000000,11022.86,11022.86,examples/inventory/deepseek-chat_exponential_L4_c1_5_50_plain_processed_scipy_15_default_m2_4_r3/prompt_for_code/m2_20251218_090452.txt,"mean = 11022.86, std=2056.90, range=(7295.88, 16376.55)"
757900b95bca14f060817e18e289598ec41d6d44b347ffc259cdef53f3b47201,757900b95bca,policies/757900b95bca.py,policies_by_distribution/exponential_L2_c1_2/exponential_L2_c1_2__757900b95bca.py,exponential_L2_c1_2,23,1,0.000000,5899.76,5899.76,examples/inventory/deepseek-chat_exponential_L2_c1_2_50_plain_processed_scipy_15_default_m2_4_r1/prompt_for_code/m2_20251217_225041.txt,"mean = 5899.76, std=1014.11, range=(4455.00, 8607.00)"
75a9a61c303081b2c69698d842920791a281f87f27519c894e01bf44a3435f26,75a9a61c3030,policies/75a9a61c3030.py,policies_by_distribution/exponential_L6_c1_2/exponential_L6_c1_2__75a9a61c3030.py,exponential_L6_c1_2,9,1,0.000000,6048.86,6048.86,examples/inventory/deepseek-chat_exponential_L6_c1_2_50_plain_processed_scipy_15_default_m2_4_r3/prompt_for_code/m2_20251218_094907.txt,"mean = 6048.86, std=1097.82, range=(3894.00, 9483.00)"
75d70d44a5be7981cc127385fb1f2dd474d727044bd1c0c6d4aa5b03f6bc3864,75d70d44a5be,policies/75d70d44a5be.py,policies_by_distribution/normal_std10_L6_c1_5/normal_std10_L6_c1_5__75d70d44a5be.py,normal_std10_L6_c1_5,6,1,0.000000,1567.7,1567.7,examples/inventory/deepseek-chat_normal_std10_L6_c1_5_50_plain_processed_scipy_15_default_m2_2_r7/prompt_for_code/m2_20260130_061644.txt,"mean = 1567.70, std=260.19, range=(1063.75, 2217.88)"
761bc123397269aac144da4a50326ae26efa7f738640bef4f216fdfec2a0874a,761bc1233972,policies/761bc1233972.py,policies_by_distribution/exponential_L2_c1_2/exponential_L2_c1_2__761bc1233972.py,exponential_L2_c1_2,16,1,0.000000,6282.29,6282.29,examples/inventory/deepseek-chat_exponential_L2_c1_2_50_plain_processed_scipy_15_default_m2_4_r3/prompt_for_code/m2_20251218_064326.txt,"mean = 6282.29, std=1000.93, range=(4850.23, 8596.73)"
772b3a864bf077a52025604c0d772f9a8da0b4da025577532e39d3fd6c937e2c,772b3a864bf0,policies/772b3a864bf0.py,policies_by_distribution/exponential_L2_c1_2/exponential_L2_c1_2__772b3a864bf0.py,exponential_L2_c1_2,5,1,0.000340,5879.92,5879.94,examples/inventory/deepseek-chat_exponential_L2_c1_2_50_plain_processed_scipy_15_default_m2_4_r1/prompt_for_code/m2_20251217_225521.txt,"mean = 5879.94, std=985.90, range=(4381.00, 8512.00)"
775dc47936323312757ed79a65bc55f9dd0fe0156eb9e0678b27bf529400109e,775dc4793632,policies/775dc4793632.py,policies_by_distribution/normal_std30_L6_c1_2/normal_std30_L6_c1_2__775dc4793632.py,normal_std30_L6_c1_2,19,1,0.081234,3299.1,3301.78,examples/inventory/deepseek-chat_normal_std30_L6_c1_2_50_plain_processed_scipy_15_default_m2_2_r6/prompt_for_code/m2_20260130_023749.txt,"mean = 3301.78, std=294.88, range=(2811.00, 4007.00)"
77b9cc19a9a3f94abf48a713f086e0ea26ed15696d641ea1ef32c1a6d6558463,77b9cc19a9a3,policies/77b9cc19a9a3.py,policies_by_distribution/poisson_L2_c1_2/poisson_L2_c1_2__77b9cc19a9a3.py,poisson_L2_c1_2,31,2,0.000000,1035.5,1035.5,examples/inventory/deepseek-chat_poisson_L2_c1_2_50_plain_processed_scipy_15_default_m2_4_r4/prompt_for_code/m2_20251218_100311.txt,"mean = 1035.50, std=85.75, range=(862.00, 1308.00)"
77e118d601498a549793a6e725065a5ba0c45462ff5f1f30f2e6c43c33fbcf72,77e118d60149,policies/77e118d60149.py,policies_by_distribution/poisson_L4_c1_2/poisson_L4_c1_2__77e118d60149.py,poisson_L4_c1_2,10,1,0.000567,1763.38,1763.37,examples/inventory/deepseek-chat_poisson_L4_c1_2_50_plain_processed_scipy_15_default_m2_4_r3/prompt_for_code/m2_20251218_073424.txt,"mean = 1763.37, std=112.41, range=(1439.21, 2021.33)"
78ae1fe97e3f3a9fbb9241ddbb2faaceea4d050791154de1405d0a5f61cc7cb8,78ae1fe97e3f,policies/78ae1fe97e3f.py,policies_by_distribution/exponential_L2_c1_2/exponential_L2_c1_2__78ae1fe97e3f.py,exponential_L2_c1_2,8,1,0.000000,5889.7,5889.7,examples/inventory/deepseek-chat_exponential_L2_c1_2_50_plain_processed_scipy_15_default_m2_4_r3/prompt_for_code/m2_20251218_070444.txt,"mean = 5889.70, std=958.60, range=(4425.00, 8408.00)"
78b65089f93ad5a89d00f16de836bc7b091d69841dd875d0a187206bb0453f66,78b65089f93a,policies/78b65089f93a.py,policies_by_distribution/poisson_L2_c1_2/poisson_L2_c1_2__78b65089f93a.py,poisson_L2_c1_2,2,1,0.000000,704.24,704.24,examples/inventory/deepseek-chat_poisson_L2_c1_2_50_plain_processed_scipy_15_default_m2_4_r1/prompt_for_code/m2_20251217_225658.txt,"mean = 704.24, std=97.15, range=(513.00, 981.00)"
78c96a601be73fd54806ad6e1339840d77fc31670a264a8f9f1d807c89f003a7,78c96a601be7,policies/78c96a601be7.py,policies_by_distribution/poisson_L4_c1_5/poisson_L4_c1_5__78c96a601be7.py,poisson_L4_c1_5,11,1,0.000000,1324.06,1324.06,examples/inventory/deepseek-chat_poisson_L4_c1_5_50_plain_processed_scipy_15_default_m2_4_r1/prompt_for_code/m2_20251218_004647.txt,"mean = 1324.06, std=235.04, range=(850.00, 1899.00)"
7914cc6c0da3ff463f1d176e06315840a638d4cb87a4f825a60e571747cd9615,7914cc6c0da3,policies/7914cc6c0da3.py,policies_by_distribution/normal_std30_L6_c1_2/normal_std30_L6_c1_2__7914cc6c0da3.py,normal_std30_L6_c1_2,16,1,0.006643,2258.06,2257.91,examples/inventory/deepseek-chat_normal_std30_L6_c1_2_50_plain_processed_scipy_15_default_m2_2_r7/prompt_for_code/m2_20260130_074143.txt,"mean = 2257.91, std=361.80, range=(1636.24, 3315.12)"
795209d13976f2bc02f2527ab5fc4dab68588cd9e067983dfff76a2dde9ddd37,795209d13976,policies/795209d13976.py,policies_by_distribution/normal_std10_L6_c1_5/normal_std10_L6_c1_5__795209d13976.py,normal_std10_L6_c1_5,10,1,0.019675,1524.78,1524.48,examples/inventory/deepseek-chat_normal_std10_L6_c1_5_50_plain_processed_scipy_15_default_m2_2_r7/prompt_for_code/m2_20260129_203921.txt,"mean = 1524.48, std=253.70, range=(1016.00, 2143.00)"
7968a3763c54445401a29b96ed32ee8b866fe3583ce02a48fc869efca7d6b0bd,7968a3763c54,policies/7968a3763c54.py,policies_by_distribution/exponential_L2_c1_5/exponential_L2_c1_5__7968a3763c54.py,exponential_L2_c1_5,5,1,0.000000,10739.42,10739.42,examples/inventory/deepseek-chat_exponential_L2_c1_5_50_plain_processed_scipy_15_default_m2_4_r2/prompt_for_code/m2_20251218_031904.txt,"mean = 10739.42, std=1683.32, range=(8085.00, 15394.00)"
7a2401f881415be70b89394f1b9a65ebff4c65bc5ab21ba8bc4bc522466332ae,7a2401f88141,policies/7a2401f88141.py,policies_by_distribution/poisson_L4_c1_5/poisson_L4_c1_5__7a2401f88141.py,poisson_L4_c1_5,73,1,0.000000,2183.78,2183.78,examples/inventory/deepseek-chat_poisson_L4_c1_5_50_plain_processed_scipy_15_default_m2_4_r3/prompt_for_code/m2_20251218_080853.txt,"mean = 2183.78, std=178.39, range=(1783.04, 2649.00)"
7abd8bc7952c5be1c79093c4488c1d500a6a8fa35e4dd0891a4d621993a4788b,7abd8bc7952c,policies/7abd8bc7952c.py,policies_by_distribution/poisson_L6_c1_2/poisson_L6_c1_2__7abd8bc7952c.py,poisson_L6_c1_2,1,1,0.337128,2865.38,2855.72,examples/inventory/deepseek-chat_poisson_L6_c1_2_50_plain_processed_scipy_15_default_m2_4_r3/prompt_for_code/m2_20251218_085202.txt,"mean = 2855.72, std=121.66, range=(2638.00, 3093.00)"
7af440baca6dad730d801ba4ea6ecdbe632ae4bb01b0119a67ac6dde210a92ee,7af440baca6d,policies/7af440baca6d.py,policies_by_distribution/exponential_L2_c1_2/exponential_L2_c1_2__7af440baca6d.py,exponential_L2_c1_2,8,2,0.000000,5886.04,5886.04,examples/inventory/deepseek-chat_exponential_L2_c1_2_50_plain_processed_scipy_15_default_m2_4_r1/prompt_for_code/m2_20251217_225014.txt,"mean = 5886.04, std=977.19, range=(4444.00, 8475.00)"
7b6fa8ee087b4408e5b17df031e01629877bc6018bbaab3f2789ccceb975b70a,7b6fa8ee087b,policies/7b6fa8ee087b.py,policies_by_distribution/poisson_L4_c1_2/poisson_L4_c1_2__7b6fa8ee087b.py,poisson_L4_c1_2,9,1,0.000000,1055.54,1055.54,examples/inventory/deepseek-chat_poisson_L4_c1_2_50_plain_processed_scipy_15_default_m2_4_r1/prompt_for_code/m2_20251218_001151.txt,"mean = 1055.54, std=143.01, range=(764.00, 1686.00)"
7b9ac82968df65109881e0dda85237c3daeff857b785ccf192d7bb4e5ee05ea8,7b9ac82968df,policies/7b9ac82968df.py,policies_by_distribution/exponential_L6_c1_5/exponential_L6_c1_5__7b9ac82968df.py,exponential_L6_c1_5,4,1,0.114069,11975.22,11961.56,examples/inventory/deepseek-chat_exponential_L6_c1_5_50_plain_processed_scipy_15_default_m2_4_r2/prompt_for_code/m2_20251218_060742.txt,"mean = 11961.56, std=2284.43, range=(7338.00, 17398.00)"
7baec30e6aa03f8897bf68bd26aad985e0f7116c54a2fcd0cb920dab7e9d48e5,7baec30e6aa0,policies/7baec30e6aa0.py,policies_by_distribution/normal_std10_L2_c1_2/normal_std10_L2_c1_2__7baec30e6aa0.py,normal_std10_L2_c1_2,66,1,0.000000,695.62,695.62,examples/inventory/deepseek-chat_normal_std10_L2_c1_2_50_plain_processed_scipy_15_default_m2_2_r8/prompt_for_code/m2_20260129_204935.txt,"mean = 695.62, std=110.82, range=(509.82, 937.75)"
7bbdffbc33d4bdf6769bbc707bb55aa1a584957411218f2edf42aefab1e5264a,7bbdffbc33d4,policies/7bbdffbc33d4.py,policies_by_distribution/exponential_L6_c1_5/exponential_L6_c1_5__7bbdffbc33d4.py,exponential_L6_c1_5,39,1,0.000000,11200.19,11200.19,examples/inventory/deepseek-chat_exponential_L6_c1_5_50_plain_processed_scipy_15_default_m2_4_r2/prompt_for_code/m2_20251218_063520.txt,"mean = 11200.19, std=2642.50, range=(5788.49, 16761.26)"
7bc8bcd81705fa85b6184c1c941d142743f0794508db8f480e3f95f44a465170,7bc8bcd81705,policies/7bc8bcd81705.py,policies_by_distribution/normal_std10_L2_c1_2/normal_std10_L2_c1_2__7bc8bcd81705.py,normal_std10_L2_c1_2,13,1,0.000000,913.78,913.78,examples/inventory/deepseek-chat_normal_std10_L2_c1_2_50_plain_processed_scipy_15_default_m2_2_r8/prompt_for_code/m2_20260129_204444.txt,"mean = 913.78, std=98.63, range=(745.00, 1173.00)"
7beba1e5b5d5c550c9aa3e7881e2e18b0061314867121c19a1cc9ed030588324,7beba1e5b5d5,policies/7beba1e5b5d5.py,policies_by_distribution/exponential_L2_c1_5/exponential_L2_c1_5__7beba1e5b5d5.py,exponential_L2_c1_5,13,1,0.000885,10168.94,10168.85,examples/inventory/deepseek-chat_exponential_L2_c1_5_50_plain_processed_scipy_15_default_m2_4_r1/prompt_for_code/m2_20251217_233034.txt,"mean = 10168.85, std=1814.65, range=(7107.61, 15584.03)"
7d10859c4e70dae4660603044965bf45afa52f40ec8560caf6acc2c17b5ba279,7d10859c4e70,policies/7d10859c4e70.py,policies_by_distribution/poisson_L6_c1_2/poisson_L6_c1_2__7d10859c4e70.py,poisson_L6_c1_2,58,1,0.000000,761.07,761.07,examples/inventory/deepseek-chat_poisson_L6_c1_2_50_plain_processed_scipy_15_default_m2_4_r1/prompt_for_code/m2_20251222_022339.txt,"mean = 761.07, std=111.91, range=(490.78, 1092.11)"
7d51253af72aee25816bf6bcc003433fa338ecd66cb265db134934dc62bd20a6,7d51253af72a,policies/7d51253af72a.py,policies_by_distribution/exponential_L4_c1_5/exponential_L4_c1_5__7d51253af72a.py,exponential_L4_c1_5,26,1,0.000545,11013.12,11013.06,examples/inventory/deepseek-chat_exponential_L4_c1_5_50_plain_processed_scipy_15_default_m2_4_r3/prompt_for_code/m2_20251218_090709.txt,"mean = 11013.06, std=2084.99, range=(6852.00, 16354.00)"
7d8136c05c1fe23da0e9fa7ac21584131f14a335b85883de099caa3e1272275d,7d8136c05c1f,policies/7d8136c05c1f.py,policies_by_distribution/exponential_L6_c1_2/exponential_L6_c1_2__7d8136c05c1f.py,exponential_L6_c1_2,10,1,0.000000,6105.38,6105.38,examples/inventory/deepseek-chat_exponential_L6_c1_2_50_plain_processed_scipy_15_default_m2_4_r3/prompt_for_code/m2_20251218_094016.txt,"mean = 6105.38, std=1055.87, range=(4080.00, 9578.00)"
7db7236bc91b6c26d153c6921dc28c637eec7e0a031d46be88d154aef0f70e24,7db7236bc91b,policies/7db7236bc91b.py,policies_by_distribution/normal_std10_L2_c1_5/normal_std10_L2_c1_5__7db7236bc91b.py,normal_std10_L2_c1_5,31,1,0.000000,1223.3,1223.3,examples/inventory/deepseek-chat_normal_std10_L2_c1_5_50_plain_processed_scipy_15_default_m2_2_r6/prompt_for_code/m2_20260129_233801.txt,"mean = 1223.30, std=155.69, range=(946.00, 1571.00)"
7ddbc73172b7d713f8a2e02cee93a12a110d838f25de3688debb3d5440dceca0,7ddbc73172b7,policies/7ddbc73172b7.py,policies_by_distribution/poisson_L6_c1_5/poisson_L6_c1_5__7ddbc73172b7.py,poisson_L6_c1_5,3,1,0.000000,2638.88,2638.88,examples/inventory/deepseek-chat_poisson_L6_c1_5_50_plain_processed_scipy_15_default_m2_2_r7/prompt_for_code/m2_20260130_074401.txt,"mean = 2638.88, std=250.63, range=(2133.30, 3349.30)"
7df8b111c7cbf10d40d4ad513c30bdf9b92c1fddb9baa39d9f5c18a2ac2b289c,7df8b111c7cb,policies/7df8b111c7cb.py,policies_by_distribution/normal_std30_L6_c1_2/normal_std30_L6_c1_2__7df8b111c7cb.py,normal_std30_L6_c1_2,6,1,0.044568,4218.24,4220.12,examples/inventory/deepseek-chat_normal_std30_L6_c1_2_50_plain_processed_scipy_15_default_m2_4_r1/prompt_for_code/m2_20251222_024117.txt,"mean = 4220.12, std=382.56, range=(3535.00, 5299.00)"
7e906569d10a770eea995335d115c8aca708ea4fad6e6fc937371d1777205595,7e906569d10a,policies/7e906569d10a.py,policies_by_distribution/poisson_L4_c1_2/poisson_L4_c1_2__7e906569d10a.py,poisson_L4_c1_2,22,1,0.000000,954.04,954.04,examples/inventory/deepseek-chat_poisson_L4_c1_2_50_plain_processed_scipy_15_default_m2_4_r1/prompt_for_code/m2_20251218_000728.txt,"mean = 954.04, std=107.83, range=(658.00, 1325.00)"
7f3459daeb5c089b8a3c97df3eecfccf6bb02a76ffd6a67f52c0530e59f711b0,7f3459daeb5c,policies/7f3459daeb5c.py,policies_by_distribution/poisson_L4_c1_5/poisson_L4_c1_5__7f3459daeb5c.py,poisson_L4_c1_5,1,1,0.020591,1505.51,1505.82,examples/inventory/deepseek-chat_poisson_L4_c1_5_50_plain_processed_scipy_15_default_m2_4_r1/prompt_for_code/m2_20251218_004244.txt,"mean = 1505.82, std=264.07, range=(1001.00, 2284.00)"
7f82a77c823c09545c446a37f001eb157780c283809a97999228897b5c315676,7f82a77c823c,policies/7f82a77c823c.py,policies_by_distribution/exponential_L2_c1_5/exponential_L2_c1_5__7f82a77c823c.py,exponential_L2_c1_5,9,1,0.000000,10165.17,10165.17,examples/inventory/deepseek-chat_exponential_L2_c1_5_50_plain_processed_scipy_15_default_m2_4_r1/prompt_for_code/m2_20251217_234032.txt,"mean = 10165.17, std=1823.69, range=(7089.95, 15530.07)"
7f8bee4b5c7dceaddd9e611015a7293941e85d66269e1e523e176d5bd6aae288,7f8bee4b5c7d,policies/7f8bee4b5c7d.py,policies_by_distribution/exponential_L4_c1_5/exponential_L4_c1_5__7f8bee4b5c7d.py,exponential_L4_c1_5,7,1,0.000000,11017.77,11017.77,examples/inventory/deepseek-chat_exponential_L4_c1_5_50_plain_processed_scipy_15_default_m2_4_r2/prompt_for_code/m2_20251218_050226.txt,"mean = 11017.77, std=2116.93, range=(6644.56, 16213.91)"
7f94f2389e6b64172b1f52ba8f9ae652efb59580e5a47af19c80b3ede09914f4,7f94f2389e6b,policies/7f94f2389e6b.py,policies_by_distribution/poisson_L2_c1_2/poisson_L2_c1_2__7f94f2389e6b.py,poisson_L2_c1_2,4,1,0.000000,957.22,957.22,examples/inventory/deepseek-chat_poisson_L2_c1_2_50_plain_processed_scipy_15_default_m2_4_r1/prompt_for_code/m2_20251217_223639.txt,"mean = 957.22, std=114.78, range=(627.00, 1179.00)"
7fc1b996695d0f032f5e87c48bc9443c6c130fd3c633a62fd168bff7099d0da7,7fc1b996695d,policies/7fc1b996695d.py,policies_by_distribution/normal_std50_L6_c1_2/normal_std50_L6_c1_2__7fc1b996695d.py,normal_std50_L6_c1_2,36,1,0.006821,3811.68,3811.42,examples/inventory/deepseek-chat_normal_std50_L6_c1_2_50_plain_processed_scipy_15_default_m2_4_r1/prompt_for_code/m2_20251217_001246.txt,"mean = 3811.42, std=902.03, range=(2275.00, 8218.00)"
7fe98e9d6bf7edc9e9e0eaf32f7d2a7fb8c3cb2385ce37a7cd3d2ce98e3a6e7f,7fe98e9d6bf7,policies/7fe98e9d6bf7.py,policies_by_distribution/normal_std10_L6_c1_5/normal_std10_L6_c1_5__7fe98e9d6bf7.py,normal_std10_L6_c1_5,6,1,0.100682,2085.78,2083.68,examples/inventory/deepseek-chat_normal_std10_L6_c1_5_50_plain_processed_scipy_15_default_m2_2_r8/prompt_for_code/m2_20260128_084002.txt,"mean = 2083.68, std=219.23, range=(1665.17, 2668.96)"
8001baa0bbfaef28259493ba5c4c1099cad7c12f8dc8a7cd0d6b0485bfee3b25,8001baa0bbfa,policies/8001baa0bbfa.py,policies_by_distribution/poisson_L2_c1_5/poisson_L2_c1_5__8001baa0bbfa.py,poisson_L2_c1_5,1,1,0.738486,1925.56,1911.34,examples/inventory/deepseek-chat_poisson_L2_c1_5_50_plain_processed_scipy_15_default_m2_4_r2/prompt_for_code/m2_20251218_025049.txt,"mean = 1911.34, std=280.67, range=(1395.00, 2548.00)"
803d4a8c77b3bd51c970e08ea87f9f03de4f3b752f334fdba19343e7867b805b,803d4a8c77b3,policies/803d4a8c77b3.py,policies_by_distribution/poisson_L6_c1_2/poisson_L6_c1_2__803d4a8c77b3.py,poisson_L6_c1_2,13,1,0.001307,765.09,765.08,examples/inventory/deepseek-chat_poisson_L6_c1_2_50_plain_processed_scipy_15_default_m2_2_r7/prompt_for_code/m2_20260128_201340.txt,"mean = 765.08, std=101.03, range=(531.97, 1007.11)"
804aeb7081100b53101915706c3f736a4481a6e13a420a4ebb3ba529e0b6e3f4,804aeb708110,policies/804aeb708110.py,policies_by_distribution/exponential_L2_c1_2/exponential_L2_c1_2__804aeb708110.py,exponential_L2_c1_2,26,1,0.000850,5881.95,5882.0,examples/inventory/deepseek-chat_exponential_L2_c1_2_50_plain_processed_scipy_15_default_m2_4_r1/prompt_for_code/m2_20251217_225505.txt,"mean = 5882.00, std=1005.43, range=(4374.00, 8570.00)"
8056a2ebab29d8aba1b11a436e12870f1a49042a381f158ca5fb869a5068e161,8056a2ebab29,policies/8056a2ebab29.py,policies_by_distribution/normal_std50_L6_c1_2/normal_std50_L6_c1_2__8056a2ebab29.py,normal_std50_L6_c1_2,10,1,0.042539,3831.77,3830.14,examples/inventory/deepseek-chat_normal_std50_L6_c1_2_50_plain_processed_scipy_15_default_m2_4_r1/prompt_for_code/m2_20251216_235541.txt,"mean = 3830.14, std=635.55, range=(2644.00, 6614.00)"
807d6a98da764612d540a00984479a295279e4cbcd54219d7ba7075521d41ac1,807d6a98da76,policies/807d6a98da76.py,policies_by_distribution/poisson_L6_c1_5/poisson_L6_c1_5__807d6a98da76.py,poisson_L6_c1_5,7,1,0.086776,3411.08,3408.12,examples/inventory/deepseek-chat_poisson_L6_c1_5_50_plain_processed_scipy_15_default_m2_4_r3/prompt_for_code/m2_20251218_093445.txt,"mean = 3408.12, std=298.61, range=(2891.00, 4280.00)"
80e5eb8984909339c772bc1a208a6d631ca79a448ac82cfada61682c97a98e6e,80e5eb898490,policies/80e5eb898490.py,policies_by_distribution/exponential_L4_c1_5/exponential_L4_c1_5__80e5eb898490.py,exponential_L4_c1_5,6,1,0.000000,10967.19,10967.19,examples/inventory/deepseek-chat_exponential_L4_c1_5_50_plain_processed_scipy_15_default_m2_4_r2/prompt_for_code/m2_20251218_050356.txt,"mean = 10967.19, std=1902.20, range=(7631.18, 15914.72)"
812631d545b109ae42d51f81a64a1c9709f90c5989547b52458e15b9c6fbbde0,812631d545b1,policies/812631d545b1.py,policies_by_distribution/exponential_L4_c1_2/exponential_L4_c1_2__812631d545b1.py,exponential_L4_c1_2,11,1,0.000000,6162.72,6162.72,examples/inventory/deepseek-chat_exponential_L4_c1_2_50_plain_processed_scipy_15_default_m2_4_r3/prompt_for_code/m2_20251218_080752.txt,"mean = 6162.72, std=1252.44, range=(4275.00, 11456.00)"
8165f3b13eb1dc901d45f5d45863c7aa929f5890967e5445b0ee5910a44638f8,8165f3b13eb1,policies/8165f3b13eb1.py,policies_by_distribution/poisson_L4_c1_5/poisson_L4_c1_5__8165f3b13eb1.py,poisson_L4_c1_5,9,1,0.000000,1223.22,1223.22,examples/inventory/deepseek-chat_poisson_L4_c1_5_50_plain_processed_scipy_15_default_m2_4_r3/prompt_for_code/m2_20251218_083603.txt,"mean = 1223.22, std=270.99, range=(721.00, 1911.00)"
818b62b74aaa6fb447a7b6e86594243af1503a356ce0fe5ada04183f80d900e1,818b62b74aaa,policies/818b62b74aaa.py,policies_by_distribution/normal_std50_L6_c1_2/normal_std50_L6_c1_2__818b62b74aaa.py,normal_std50_L6_c1_2,5,1,0.000000,5516.93,5516.93,examples/inventory/deepseek-chat_normal_std50_L6_c1_2_50_plain_processed_scipy_15_default_m2_4_r3/prompt_for_code/m2_20251217_010937.txt,"mean = 5516.93, std=584.53, range=(4459.71, 6728.88)"
81b041e29c515032e1d3f61533c3d43755592b3fc95a15aceb18e13d0109fc9a,81b041e29c51,policies/81b041e29c51.py,policies_by_distribution/poisson_L4_c1_2/poisson_L4_c1_2__81b041e29c51.py,poisson_L4_c1_2,2,1,0.000000,1530.86,1530.86,examples/inventory/deepseek-chat_poisson_L4_c1_2_50_plain_processed_scipy_15_default_m2_4_r2/prompt_for_code/m2_20251218_034934.txt,"mean = 1530.86, std=139.24, range=(1233.50, 1867.69)"
8238ace20b55c50fef3c821a4a823cfc59c2ff726d0e5ba148dd1c00119682cc,8238ace20b55,policies/8238ace20b55.py,policies_by_distribution/poisson_L4_c1_5/poisson_L4_c1_5__8238ace20b55.py,poisson_L4_c1_5,39,1,0.000000,1124.11,1124.11,examples/inventory/deepseek-chat_poisson_L4_c1_5_50_plain_processed_scipy_15_default_m2_2_r8/prompt_for_code/m2_20260128_231431.txt,"mean = 1124.11, std=187.29, range=(633.38, 1541.66)"
82889e9783b451bb19efc2b5ff234f5f1c57e33ae3dfdfefec25be2cebd51e33,82889e9783b4,policies/82889e9783b4.py,policies_by_distribution/exponential_L6_c1_2/exponential_L6_c1_2__82889e9783b4.py,exponential_L6_c1_2,2,1,0.008018,6235.96,6235.46,examples/inventory/deepseek-chat_exponential_L6_c1_2_50_plain_processed_scipy_15_default_m2_4_r3/prompt_for_code/m2_20251218_092612.txt,"mean = 6235.46, std=1019.75, range=(4221.00, 9446.00)"
82d0b9158f526d7d098ef444f0844c4f01ccefc32b1e667f069b63c265164f27,82d0b9158f52,policies/82d0b9158f52.py,policies_by_distribution/exponential_L6_c1_2/exponential_L6_c1_2__82d0b9158f52.py,exponential_L6_c1_2,3,1,0.000000,6116.54,6116.54,examples/inventory/deepseek-chat_exponential_L6_c1_2_50_plain_processed_scipy_15_default_m2_4_r3/prompt_for_code/m2_20251218_093447.txt,"mean = 6116.54, std=1071.31, range=(4055.00, 9577.00)"
82fcd2bcd5ffa32d6991c9ab9dc61ae29b331a2b0e4d8f36f42f26be646f5ac3,82fcd2bcd5ff,policies/82fcd2bcd5ff.py,policies_by_distribution/exponential_L2_c1_5/exponential_L2_c1_5__82fcd2bcd5ff.py,exponential_L2_c1_5,4,1,0.000000,10794.88,10794.88,examples/inventory/deepseek-chat_exponential_L2_c1_5_50_plain_processed_scipy_15_default_m2_4_r2/prompt_for_code/m2_20251218_031910.txt,"mean = 10794.88, std=1763.62, range=(7877.92, 15877.47)"
835719a55c3aff7dcdb18c380e269a515a44e76646f8cc0e4a1c1496c35244fb,835719a55c3a,policies/835719a55c3a.py,policies_by_distribution/normal_std10_L6_c1_5/normal_std10_L6_c1_5__835719a55c3a.py,normal_std10_L6_c1_5,23,1,0.000000,1291.53,1291.53,examples/inventory/deepseek-chat_normal_std10_L6_c1_5_50_plain_processed_scipy_15_default_m2_2_r6/prompt_for_code/m2_20260129_192951.txt,"mean = 1291.53, std=278.43, range=(847.91, 2416.14)"
83613403c95a4134b24518a5f68014a39ebc6cd691de69bd5b81ce8907c3f8fb,83613403c95a,policies/83613403c95a.py,policies_by_distribution/poisson_L6_c1_2/poisson_L6_c1_2__83613403c95a.py,poisson_L6_c1_2,2,1,0.084640,2835.54,2837.94,examples/inventory/deepseek-chat_poisson_L6_c1_2_50_plain_processed_scipy_15_default_m2_4_r2/prompt_for_code/m2_20251218_050223.txt,"mean = 2837.94, std=125.04, range=(2515.00, 3049.00)"
8366408082f3668640ebf6e4b5ea6e1ea1c193c4d400871becc99275cfcd49cc,8366408082f3,policies/8366408082f3.py,policies_by_distribution/poisson_L2_c1_2/poisson_L2_c1_2__8366408082f3.py,poisson_L2_c1_2,1,1,0.000000,953.62,953.62,examples/inventory/deepseek-chat_poisson_L2_c1_2_50_plain_processed_scipy_15_default_m2_4_r1/prompt_for_code/m2_20251217_223540.txt,"mean = 953.62, std=94.64, range=(749.00, 1194.00)"
83b290ad525af36ac98cf99247cf8510d8277612cb2701d973178aa2076ffa89,83b290ad525a,policies/83b290ad525a.py,policies_by_distribution/poisson_L6_c1_5/poisson_L6_c1_5__83b290ad525a.py,poisson_L6_c1_5,4,1,0.002122,3298.3,3298.37,examples/inventory/deepseek-chat_poisson_L6_c1_5_50_plain_processed_scipy_15_default_m2_2_r7/prompt_for_code/m2_20260130_084801.txt,"mean = 3298.37, std=266.13, range=(2819.99, 4035.99)"
83c979d95fc0759bdee2e1357c390f268a64bab8ada34f632de8155bb033da2e,83c979d95fc0,policies/83c979d95fc0.py,policies_by_distribution/exponential_L6_c1_2/exponential_L6_c1_2__83c979d95fc0.py,exponential_L6_c1_2,7,1,0.000000,7029.07,7029.07,examples/inventory/deepseek-chat_exponential_L6_c1_2_50_plain_processed_scipy_15_default_m2_4_r1/prompt_for_code/m2_20251218_011602.txt,"mean = 7029.07, std=1076.71, range=(4548.25, 10035.63)"
83fe180dde2e13316b375af5e657e934a90d49d0780d307ea6da1f26fe409e92,83fe180dde2e,policies/83fe180dde2e.py,policies_by_distribution/exponential_L2_c1_5/exponential_L2_c1_5__83fe180dde2e.py,exponential_L2_c1_5,7,1,0.000000,10210.52,10210.52,examples/inventory/deepseek-chat_exponential_L2_c1_5_50_plain_processed_scipy_15_default_m2_4_r3/prompt_for_code/m2_20251218_073552.txt,"mean = 10210.52, std=1812.07, range=(7129.00, 15463.00)"
840eac41127b3a613be51d84503c6df6ba999847c25a95e591722db0733f438b,840eac41127b,policies/840eac41127b.py,policies_by_distribution/normal_std30_L6_c1_5/normal_std30_L6_c1_5__840eac41127b.py,normal_std30_L6_c1_5,4,1,0.057503,3791.1,3793.28,examples/inventory/deepseek-chat_normal_std30_L6_c1_5_50_plain_processed_scipy_15_default_m2_2_r7/prompt_for_code/m2_20260128_072014.txt,"mean = 3793.28, std=678.49, range=(2817.00, 6060.00)"
84b1422ae4de6a4ab0c059d4e40c603592a222ead5b8c7f0c943baa3bc5c60e3,84b1422ae4de,policies/84b1422ae4de.py,policies_by_distribution/normal_std30_L6_c1_2/normal_std30_L6_c1_2__84b1422ae4de.py,normal_std30_L6_c1_2,1,1,0.180808,2787.48,2782.44,examples/inventory/deepseek-chat_normal_std30_L6_c1_2_50_plain_processed_scipy_15_default_m2_4_r1/prompt_for_code/m2_20251222_032151.txt,"mean = 2782.44, std=399.56, range=(2107.00, 3600.00)"
84ed5c83eb6c9c1834b943360d5d0106796c353b07e5845ca15dc68923682875,84ed5c83eb6c,policies/84ed5c83eb6c.py,policies_by_distribution/exponential_L4_c1_5/exponential_L4_c1_5__84ed5c83eb6c.py,exponential_L4_c1_5,7,1,0.000000,11287.28,11287.28,examples/inventory/deepseek-chat_exponential_L4_c1_5_50_plain_processed_scipy_15_default_m2_4_r1/prompt_for_code/m2_20251218_010912.txt,"mean = 11287.28, std=2197.60, range=(6430.00, 16620.00)"
85241e3919b2cddcf0ac59c6a4f815167691cc9b3734b2628ff25667d5b799fd,85241e3919b2,policies/85241e3919b2.py,policies_by_distribution/exponential_L2_c1_5/exponential_L2_c1_5__85241e3919b2.py,exponential_L2_c1_5,24,1,0.000000,10427.65,10427.65,examples/inventory/deepseek-chat_exponential_L2_c1_5_50_plain_processed_scipy_15_default_m2_4_r2/prompt_for_code/m2_20251218_032228.txt,"mean = 10427.65, std=1768.81, range=(7476.26, 15260.21)"
85a04d06e5339e93f352e1226e9b1cf702f0ee92f9b17693cdcd4d73ec73c4d1,85a04d06e533,policies/85a04d06e533.py,policies_by_distribution/exponential_L4_c1_2/exponential_L4_c1_2__85a04d06e533.py,exponential_L4_c1_2,36,1,0.000000,6184.04,6184.04,examples/inventory/deepseek-chat_exponential_L4_c1_2_50_plain_processed_scipy_15_default_m2_4_r1/prompt_for_code/m2_20251217_234758.txt,"mean = 6184.04, std=1306.26, range=(4149.00, 11732.00)"
85faa17477542c185292e97ffa81a7920a3dab1b031faf785b77d8a68b63bab6,85faa1747754,policies/85faa1747754.py,policies_by_distribution/normal_std10_L6_c1_2/normal_std10_L6_c1_2__85faa1747754.py,normal_std10_L6_c1_2,13,1,0.000000,1302.22,1302.22,examples/inventory/deepseek-chat_normal_std10_L6_c1_2_50_plain_processed_scipy_15_default_m2_2_r6/prompt_for_code/m2_20260127_234839.txt,"mean = 1302.22, std=148.46, range=(1056.71, 1663.93)"
860aefbccfce796b505565ca19392867372b323ba29f031f404fb071a9334b0d,860aefbccfce,policies/860aefbccfce.py,policies_by_distribution/normal_std10_L6_c1_5/normal_std10_L6_c1_5__860aefbccfce.py,normal_std10_L6_c1_5,5,1,0.000000,1246.39,1246.39,examples/inventory/deepseek-chat_normal_std10_L6_c1_5_50_plain_processed_scipy_15_default_m2_2_r6/prompt_for_code/m2_20260129_012407.txt,"mean = 1246.39, std=223.19, range=(789.31, 2065.41)"
86597b8f0e00aa0516430b6dddff2a9d11dad1889fd78bf68e48a0623aa5f14a,86597b8f0e00,policies/86597b8f0e00.py,policies_by_distribution/normal_std10_L4_c1_2/normal_std10_L4_c1_2__86597b8f0e00.py,normal_std10_L4_c1_2,4,1,0.000000,762.2,762.2,examples/inventory/deepseek-chat_normal_std10_L4_c1_2_50_plain_processed_scipy_15_default_m2_2_r8/prompt_for_code/m2_20260130_102422.txt,"mean = 762.20, std=139.14, range=(486.00, 1233.00)"
86ade472c7240371f928680bd673b6f9cdda6b4b612e8f257681609e327bea66,86ade472c724,policies/86ade472c724.py,policies_by_distribution/exponential_L2_c1_5/exponential_L2_c1_5__86ade472c724.py,exponential_L2_c1_5,40,1,0.000000,10223.89,10223.89,examples/inventory/deepseek-chat_exponential_L2_c1_5_50_plain_processed_scipy_15_default_m2_4_r2/prompt_for_code/m2_20251218_034231.txt,"mean = 10223.89, std=1775.92, range=(7354.88, 15561.22)"
86c5941a2ca81d0d30ceb376602e01881f93e6711ac9a48ee3662447c227fc6a,86c5941a2ca8,policies/86c5941a2ca8.py,policies_by_distribution/normal_std30_L4_c1_5/normal_std30_L4_c1_5__86c5941a2ca8.py,normal_std30_L4_c1_5,8,1,0.000000,3520.35,3520.35,examples/inventory/deepseek-chat_normal_std30_L4_c1_5_50_plain_processed_scipy_15_default_m2_2_r7/prompt_for_code/m2_20260130_063618.txt,"mean = 3520.35, std=499.16, range=(2473.60, 4734.98)"
86d436581a386f5655b1096b536eefe92b79608e9867f6a17ad000f3bb094719,86d436581a38,policies/86d436581a38.py,policies_by_distribution/poisson_L6_c1_2/poisson_L6_c1_2__86d436581a38.py,poisson_L6_c1_2,2,2,0.036628,2238.72,2237.9,examples/inventory/deepseek-chat_poisson_L6_c1_2_50_plain_processed_scipy_15_default_m2_4_r3/prompt_for_code/m2_20251218_091142.txt,"mean = 2237.90, std=165.06, range=(1813.75, 2573.99)"
86e0909334ebe22019e7d898c55d2bc0b9c25dc19e1a3d1921ad86bb0b17deed,86e0909334eb,policies/86e0909334eb.py,policies_by_distribution/poisson_L4_c1_5/poisson_L4_c1_5__86e0909334eb.py,poisson_L4_c1_5,5,1,0.000000,1294.3,1294.3,examples/inventory/deepseek-chat_poisson_L4_c1_5_50_plain_processed_scipy_15_default_m2_4_r1/prompt_for_code/m2_20251218_004426.txt,"mean = 1294.30, std=284.26, range=(763.00, 2138.00)"
8741a7e6f807c201eb8ae5b3c977fb076daa17f1a0c088ac801b1820117a5afa,8741a7e6f807,policies/8741a7e6f807.py,policies_by_distribution/poisson_L4_c1_5/poisson_L4_c1_5__8741a7e6f807.py,poisson_L4_c1_5,1,1,0.177559,2055.65,2059.3,examples/inventory/deepseek-chat_poisson_L4_c1_5_50_plain_processed_scipy_15_default_m2_4_r2/prompt_for_code/m2_20251218_044930.txt,"mean = 2059.30, std=195.75, range=(1641.00, 2555.00)"
87b1ff9eadc465d4ec988582c355923ebf36c2d755942f23ee242448c08a89ed,87b1ff9eadc4,policies/87b1ff9eadc4.py,policies_by_distribution/poisson_L4_c1_5/poisson_L4_c1_5__87b1ff9eadc4.py,poisson_L4_c1_5,1,1,0.000000,24800.6,24800.6,examples/inventory/deepseek-chat_poisson_L4_c1_5_50_plain_processed_scipy_15_default_m2_4_r3/prompt_for_code/m2_20251218_081137.txt,"mean = 24800.60, std=371.45, range=(23890.00, 25625.00)"
88c232b122ba4395905ded148516408da730c2ef9e5d9f459c8e4289064a6a19,88c232b122ba,policies/88c232b122ba.py,policies_by_distribution/normal_std50_L6_c1_2/normal_std50_L6_c1_2__88c232b122ba.py,normal_std50_L6_c1_2,18,2,0.046585,3820.99,3822.77,examples/inventory/deepseek-chat_normal_std50_L6_c1_2_50_plain_processed_scipy_15_default_m2_4_r3/prompt_for_code/m2_20251217_012439.txt,"mean = 3822.77, std=731.92, range=(2418.99, 7231.29)"
88f626f03338683908e89e310dd5ee6ce54c0c961a2a5ed8eaecbef8a81ef70a,88f626f03338,policies/88f626f03338.py,policies_by_distribution/normal_std10_L4_c1_2/normal_std10_L4_c1_2__88f626f03338.py,normal_std10_L4_c1_2,35,1,0.000000,744.89,744.89,examples/inventory/deepseek-chat_normal_std10_L4_c1_2_50_plain_processed_scipy_15_default_m2_2_r8/prompt_for_code/m2_20260130_102202.txt,"mean = 744.89, std=133.90, range=(501.29, 1206.48)"
89050d918950c0a9294a6cc241c1455f61167a4294c35892c2e87697d566496b,89050d918950,policies/89050d918950.py,policies_by_distribution/normal_std50_L6_c1_2/normal_std50_L6_c1_2__89050d918950.py,normal_std50_L6_c1_2,1,1,0.056104,5668.0,5664.82,examples/inventory/deepseek-chat_normal_std50_L6_c1_2_50_plain_processed_scipy_15_default_m2_4_r1/prompt_for_code/m2_20251216_232610.txt,"mean = 5664.82, std=701.06, range=(4143.00, 7386.00)"
8913872b925294ee477d39ece3c1879cacbb9dc14e40128179b72ec80e82db2c,8913872b9252,policies/8913872b9252.py,policies_by_distribution/exponential_L4_c1_2/exponential_L4_c1_2__8913872b9252.py,exponential_L4_c1_2,17,2,0.000000,6188.0,6188.0,examples/inventory/deepseek-chat_exponential_L4_c1_2_50_plain_processed_scipy_15_default_m2_4_r2/prompt_for_code/m2_20251218_035425.txt,"mean = 6188.00, std=1323.25, range=(4254.00, 11553.00)"
8913999c4c5131c43770c9c74fe8eccab5263aac529c6a9b7a3db5f76ef5f8d6,8913999c4c51,policies/8913999c4c51.py,policies_by_distribution/poisson_L2_c1_5/poisson_L2_c1_5__8913999c4c51.py,poisson_L2_c1_5,28,1,0.000000,1427.24,1427.24,examples/inventory/deepseek-chat_poisson_L2_c1_5_50_plain_processed_scipy_15_default_m2_4_r1/prompt_for_code/m2_20251217_230728.txt,"mean = 1427.24, std=153.59, range=(1042.00, 1757.00)"
891f2b8bdf70ade1781e3a60864cc9d3067755207892a74fe8f453b5f53a900b,891f2b8bdf70,policies/891f2b8bdf70.py,policies_by_distribution/exponential_L4_c1_5/exponential_L4_c1_5__891f2b8bdf70.py,exponential_L4_c1_5,2,1,0.000000,11382.02,11382.02,examples/inventory/deepseek-chat_exponential_L4_c1_5_50_plain_processed_scipy_15_default_m2_4_r1/prompt_for_code/m2_20251218_003532.txt,"mean = 11382.02, std=2299.34, range=(6148.00, 17023.00)"
89233d68621d089e94b730ca69d03ad1dd8c12c375e1ef0dd9e35f850f106f5b,89233d68621d,policies/89233d68621d.py,policies_by_distribution/exponential_L4_c1_5/exponential_L4_c1_5__89233d68621d.py,exponential_L4_c1_5,22,1,0.000000,11569.76,11569.76,examples/inventory/deepseek-chat_exponential_L4_c1_5_50_plain_processed_scipy_15_default_m2_4_r3/prompt_for_code/m2_20251218_084851.txt,"mean = 11569.76, std=2334.77, range=(6583.00, 17376.00)"
8929cd6cf0ae28bf4090cc1ea747e4861618e8eac9b18632eaebfa71f439161e,8929cd6cf0ae,policies/8929cd6cf0ae.py,policies_by_distribution/poisson_L4_c1_2/poisson_L4_c1_2__8929cd6cf0ae.py,poisson_L4_c1_2,13,1,0.127292,1005.56,1004.28,examples/inventory/deepseek-chat_poisson_L4_c1_2_50_plain_processed_scipy_15_default_m2_4_r1/prompt_for_code/m2_20251218_001931.txt,"mean = 1004.28, std=94.15, range=(748.00, 1256.00)"
892c502341002af49a617fd4f4d5f25e01100b61a1ea323a01e32afec5c90e6d,892c50234100,policies/892c50234100.py,policies_by_distribution/normal_std30_L4_c1_5/normal_std30_L4_c1_5__892c50234100.py,normal_std30_L4_c1_5,22,1,0.039192,4210.05,4208.4,examples/inventory/deepseek-chat_normal_std30_L4_c1_5_50_plain_processed_scipy_15_default_m2_2_r6/prompt_for_code/m2_20260130_010004.txt,"mean = 4208.40, std=580.73, range=(3315.43, 5624.42)"
89433d036c8740218f15e95191b054541fbbcff86cce03fa17e927bb77b071e7,89433d036c87,policies/89433d036c87.py,policies_by_distribution/exponential_L2_c1_2/exponential_L2_c1_2__89433d036c87.py,exponential_L2_c1_2,1,1,0.003402,5878.44,5878.64,examples/inventory/deepseek-chat_exponential_L2_c1_2_50_plain_processed_scipy_15_default_m2_4_r3/prompt_for_code/m2_20251218_070326.txt,"mean = 5878.64, std=977.99, range=(4380.00, 8478.00)"
894ee45c97dfa7c7446638bbffaa32b5fd669f2375d866d590d2d5a54ef106a0,894ee45c97df,policies/894ee45c97df.py,policies_by_distribution/exponential_L4_c1_2/exponential_L4_c1_2__894ee45c97df.py,exponential_L4_c1_2,2,1,0.000000,6160.4,6160.4,examples/inventory/deepseek-chat_exponential_L4_c1_2_50_plain_processed_scipy_15_default_m2_4_r2/prompt_for_code/m2_20251218_041309.txt,"mean = 6160.40, std=1305.45, range=(4114.00, 11604.00)"
897e43c205eb5ae704a33ab9b021292faa65dcc4d5a8ae7762a563fd0b1c92f1,897e43c205eb,policies/897e43c205eb.py,policies_by_distribution/normal_std50_L6_c1_2/normal_std50_L6_c1_2__897e43c205eb.py,normal_std50_L6_c1_2,10,1,0.010553,3885.19,3884.78,examples/inventory/deepseek-chat_normal_std50_L6_c1_2_50_plain_processed_scipy_15_default_m2_4_r1/prompt_for_code/m2_20251216_234011.txt,"mean = 3884.78, std=913.22, range=(2416.00, 8669.00)"
8997f905b930b26ae68b74c13f956feb5152e9510653cf1af56f28578004761e,8997f905b930,policies/8997f905b930.py,policies_by_distribution/exponential_L4_c1_5/exponential_L4_c1_5__8997f905b930.py,exponential_L4_c1_5,18,1,0.000000,12085.93,12085.93,examples/inventory/deepseek-chat_exponential_L4_c1_5_50_plain_processed_scipy_15_default_m2_4_r1/prompt_for_code/m2_20251218_003320.txt,"mean = 12085.93, std=2236.28, range=(7332.47, 16498.91)"
89bd278a4115741defe2c87fe9e8e7c687678bc2ded100c5ce8164e571abd4ab,89bd278a4115,policies/89bd278a4115.py,policies_by_distribution/exponential_L6_c1_2/exponential_L6_c1_2__89bd278a4115.py,exponential_L6_c1_2,16,1,0.000000,7318.22,7318.22,examples/inventory/deepseek-chat_exponential_L6_c1_2_50_plain_processed_scipy_15_default_m2_4_r3/prompt_for_code/m2_20251218_091316.txt,"mean = 7318.22, std=1132.66, range=(5109.51, 10592.59)"
8a5a56e886b2652055da8926866fe85ec7dae2ad38e8d73b26b7c52d538a6887,8a5a56e886b2,policies/8a5a56e886b2.py,policies_by_distribution/exponential_L6_c1_2/exponential_L6_c1_2__8a5a56e886b2.py,exponential_L6_c1_2,5,2,0.000000,6263.7,6263.7,examples/inventory/deepseek-chat_exponential_L6_c1_2_50_plain_processed_scipy_15_default_m2_4_r1/prompt_for_code/m2_20251218_013645.txt,"mean = 6263.70, std=1034.27, range=(4297.00, 9489.00)"
8a5f52930ce5c1551527afbee24a715826bf132452e8f395fe356d4b7473b08d,8a5f52930ce5,policies/8a5f52930ce5.py,policies_by_distribution/normal_std30_L4_c1_5/normal_std30_L4_c1_5__8a5f52930ce5.py,normal_std30_L4_c1_5,10,1,0.052545,4186.92,4184.72,examples/inventory/deepseek-chat_normal_std30_L4_c1_5_50_plain_processed_scipy_15_default_m2_2_r7/prompt_for_code/m2_20260128_043828.txt,"mean = 4184.72, std=530.02, range=(3290.42, 5753.99)"
8a68b0918486eb8e61afe4c1ae298fbb9630cde5ea3ebff409f0d6109b07de50,8a68b0918486,policies/8a68b0918486.py,policies_by_distribution/normal_std10_L2_c1_5/normal_std10_L2_c1_5__8a68b0918486.py,normal_std10_L2_c1_5,82,1,0.009208,1303.16,1303.04,examples/inventory/deepseek-chat_normal_std10_L2_c1_5_50_plain_processed_scipy_15_default_m2_2_r7/prompt_for_code/m2_20260130_035511.txt,"mean = 1303.04, std=148.75, range=(1053.00, 1638.00)"
8a772de155d551c338b4fdbaf05cdccca4ddcab22773f9d38ed07a14555500e6,8a772de155d5,policies/8a772de155d5.py,policies_by_distribution/exponential_L6_c1_2/exponential_L6_c1_2__8a772de155d5.py,exponential_L6_c1_2,13,1,0.000000,6142.96,6142.96,examples/inventory/deepseek-chat_exponential_L6_c1_2_50_plain_processed_scipy_15_default_m2_4_r1/prompt_for_code/m2_20251218_014654.txt,"mean = 6142.96, std=1046.98, range=(4127.00, 9433.00)"
8add9bf3415b270c827ea0cfab22acfb7d84bcf935dd0e9a94da69be4b6a84f1,8add9bf3415b,policies/8add9bf3415b.py,policies_by_distribution/poisson_L2_c1_5/poisson_L2_c1_5__8add9bf3415b.py,poisson_L2_c1_5,5,1,0.000000,1427.12,1427.12,examples/inventory/deepseek-chat_poisson_L2_c1_5_50_plain_processed_scipy_15_default_m2_4_r1/prompt_for_code/m2_20251217_230831.txt,"mean = 1427.12, std=153.60, range=(1041.70, 1759.60)"
8af11c96e2e4efc622a10363be67610a6c4757bdd4b2d75515dbc330419b7e8b,8af11c96e2e4,policies/8af11c96e2e4.py,policies_by_distribution/exponential_L2_c1_2/exponential_L2_c1_2__8af11c96e2e4.py,exponential_L2_c1_2,12,1,0.000337,5938.62,5938.6,examples/inventory/deepseek-chat_exponential_L2_c1_2_50_plain_processed_scipy_15_default_m2_4_r2/prompt_for_code/m2_20251218_024216.txt,"mean = 5938.60, std=982.00, range=(4306.00, 8527.00)"
8af155e72dfd2a9bd22a856ad5e5b27442d750ac13c2355f7d3fab6ccf6922ec,8af155e72dfd,policies/8af155e72dfd.py,policies_by_distribution/normal_std50_L6_c1_2/normal_std50_L6_c1_2__8af155e72dfd.py,normal_std50_L6_c1_2,1,1,0.037019,5618.78,5616.7,examples/inventory/deepseek-chat_normal_std50_L6_c1_2_50_plain_processed_scipy_15_default_m2_4_r1/prompt_for_code/m2_20251216_232658.txt,"mean = 5616.70, std=711.66, range=(4057.00, 7516.00)"
8afefce91307fbc627f7a022fa2c17ddf45ba6e3a109a2be64c3435108e88783,8afefce91307,policies/8afefce91307.py,policies_by_distribution/exponential_L4_c1_5/exponential_L4_c1_5__8afefce91307.py,exponential_L4_c1_5,14,1,0.016154,11266.74,11268.56,examples/inventory/deepseek-chat_exponential_L4_c1_5_50_plain_processed_scipy_15_default_m2_4_r1/prompt_for_code/m2_20251218_005308.txt,"mean = 11268.56, std=2152.23, range=(6670.00, 16724.00)"
8b64b4a0db60be3ef792df83aba01ce752b25506e0c4a0a9bbdd820ed822a850,8b64b4a0db60,policies/8b64b4a0db60.py,policies_by_distribution/exponential_L2_c1_5/exponential_L2_c1_5__8b64b4a0db60.py,exponential_L2_c1_5,3,1,0.000000,10164.86,10164.86,examples/inventory/deepseek-chat_exponential_L2_c1_5_50_plain_processed_scipy_15_default_m2_4_r1/prompt_for_code/m2_20251217_233601.txt,"mean = 10164.86, std=1797.99, range=(7162.59, 15515.19)"
8bc70b4c9d627aa94db37dd5032ea40f78977e5af7c922f90b673fd706d4d4d7,8bc70b4c9d62,policies/8bc70b4c9d62.py,policies_by_distribution/normal_std10_L6_c1_5/normal_std10_L6_c1_5__8bc70b4c9d62.py,normal_std10_L6_c1_5,20,1,0.000000,1265.62,1265.62,examples/inventory/deepseek-chat_normal_std10_L6_c1_5_50_plain_processed_scipy_15_default_m2_2_r7/prompt_for_code/m2_20260129_070851.txt,"mean = 1265.62, std=238.35, range=(744.27, 2009.00)"
8bebb5c78a8bf0b726a44065277f90da334b81735cb6cac2449f562a112f83c5,8bebb5c78a8b,policies/8bebb5c78a8b.py,policies_by_distribution/poisson_L6_c1_5/poisson_L6_c1_5__8bebb5c78a8b.py,poisson_L6_c1_5,12,1,0.170149,1557.46,1554.81,examples/inventory/deepseek-chat_poisson_L6_c1_5_50_plain_processed_scipy_15_default_m2_4_r2/prompt_for_code/m2_20251218_060443.txt,"mean = 1554.81, std=239.94, range=(1064.23, 2027.60)"
8c0468db54a2bb72e9623d2e0c9e5894b19b1bac2a85d6c6e0e26862a04d941f,8c0468db54a2,policies/8c0468db54a2.py,policies_by_distribution/exponential_L2_c1_5/exponential_L2_c1_5__8c0468db54a2.py,exponential_L2_c1_5,4,1,0.000000,10393.92,10393.92,examples/inventory/deepseek-chat_exponential_L2_c1_5_50_plain_processed_scipy_15_default_m2_4_r2/prompt_for_code/m2_20251218_032606.txt,"mean = 10393.92, std=1913.43, range=(6985.13, 15446.72)"
8c2b1494983e3b598a8b82b7c2ca7cf7f1b296087577da58553da7366b93d4ff,8c2b1494983e,policies/8c2b1494983e.py,policies_by_distribution/poisson_L4_c1_2/poisson_L4_c1_2__8c2b1494983e.py,poisson_L4_c1_2,11,1,0.000000,1470.88,1470.88,examples/inventory/deepseek-chat_poisson_L4_c1_2_50_plain_processed_scipy_15_default_m2_4_r1/prompt_for_code/m2_20251217_234701.txt,"mean = 1470.88, std=165.26, range=(1168.00, 1887.00)"
8c6154f3d38f1c163ffd6a6a82e14ed743934efde3a692bbe9121104633c85e1,8c6154f3d38f,policies/8c6154f3d38f.py,policies_by_distribution/poisson_L2_c1_2/poisson_L2_c1_2__8c6154f3d38f.py,poisson_L2_c1_2,7,1,0.000000,902.32,902.32,examples/inventory/deepseek-chat_poisson_L2_c1_2_50_plain_processed_scipy_15_default_m2_4_r4/prompt_for_code/m2_20251218_102127.txt,"mean = 902.32, std=104.36, range=(681.00, 1152.00)"
8c7448247d4cd25e229506a2718ce51ff53c53aa3668fc1838f2350234880b16,8c7448247d4c,policies/8c7448247d4c.py,policies_by_distribution/exponential_L2_c1_2/exponential_L2_c1_2__8c7448247d4c.py,exponential_L2_c1_2,1,1,0.000000,7594.7,7594.7,examples/inventory/deepseek-chat_exponential_L2_c1_2_50_plain_processed_scipy_15_default_m2_4_r4/prompt_for_code/m2_20251218_103935.txt,"mean = 7594.70, std=723.40, range=(5368.00, 9008.00)"
8cbc075b3341e8d1f77fbdb91a68e672ca30e6480f728e0b1b06cbcbe33731d0,8cbc075b3341,policies/8cbc075b3341.py,policies_by_distribution/poisson_L4_c1_2/poisson_L4_c1_2__8cbc075b3341.py,poisson_L4_c1_2,8,1,0.000000,804.46,804.46,examples/inventory/deepseek-chat_poisson_L4_c1_2_50_plain_processed_scipy_15_default_m2_2_r8/prompt_for_code/m2_20260128_230325.txt,"mean = 804.46, std=132.19, range=(550.00, 1170.00)"
8ccdf500c5319bad6a885bc72b0bde8c87951dc6ac76f6027bb1b5cf2161293e,8ccdf500c531,policies/8ccdf500c531.py,policies_by_distribution/normal_std30_L6_c1_2/normal_std30_L6_c1_2__8ccdf500c531.py,normal_std30_L6_c1_2,27,1,0.000000,2514.62,2514.62,examples/inventory/deepseek-chat_normal_std30_L6_c1_2_50_plain_processed_scipy_15_default_m2_2_r7/prompt_for_code/m2_20260128_053057.txt,"mean = 2514.62, std=334.34, range=(1909.00, 3270.00)"
8cf862083789ba36c842c22757b876dcd36f5dac446d5ec662ea27d6425302ae,8cf862083789,policies/8cf862083789.py,policies_by_distribution/normal_std30_L4_c1_5/normal_std30_L4_c1_5__8cf862083789.py,normal_std30_L4_c1_5,33,1,0.000000,3524.25,3524.25,examples/inventory/deepseek-chat_normal_std30_L4_c1_5_50_plain_processed_scipy_15_default_m2_2_r6/prompt_for_code/m2_20260128_003826.txt,"mean = 3524.25, std=507.04, range=(2449.89, 4907.22)"
8d343bfa6e6c8214d13ed3b06883e635bfc52635f27ea5f964d54ac0e247e489,8d343bfa6e6c,policies/8d343bfa6e6c.py,policies_by_distribution/normal_std10_L4_c1_2/normal_std10_L4_c1_2__8d343bfa6e6c.py,normal_std10_L4_c1_2,44,1,0.000000,835.06,835.06,examples/inventory/deepseek-chat_normal_std10_L4_c1_2_50_plain_processed_scipy_15_default_m2_2_r8/prompt_for_code/m2_20260130_094906.txt,"mean = 835.06, std=151.56, range=(550.00, 1391.00)"
8d51357e8342cf1cd62c6c1f78f880660ae3f88a07ac6f96983792f38f9e22f1,8d51357e8342,policies/8d51357e8342.py,policies_by_distribution/poisson_L2_c1_2/poisson_L2_c1_2__8d51357e8342.py,poisson_L2_c1_2,9,1,0.000000,704.2,704.2,examples/inventory/deepseek-chat_poisson_L2_c1_2_50_plain_processed_scipy_15_default_m2_4_r1/prompt_for_code/m2_20251217_224334.txt,"mean = 704.20, std=96.91, range=(510.00, 978.00)"
8d615aad52a3e96e280d95e6f1512c4b62f1a103b6220d39d4af8f0b2d1b51e5,8d615aad52a3,policies/8d615aad52a3.py,policies_by_distribution/poisson_L2_c1_5/poisson_L2_c1_5__8d615aad52a3.py,poisson_L2_c1_5,12,1,0.000000,1401.8,1401.8,examples/inventory/deepseek-chat_poisson_L2_c1_5_50_plain_processed_scipy_15_default_m2_4_r2/prompt_for_code/m2_20251218_025616.txt,"mean = 1401.80, std=204.28, range=(994.00, 1794.00)"
8d61ccd2cae78b3c7c359e2e0fa04ba5c476bb2445c17c43bc05752bafa0a90b,8d61ccd2cae7,policies/8d61ccd2cae7.py,policies_by_distribution/poisson_L4_c1_2/poisson_L4_c1_2__8d61ccd2cae7.py,poisson_L4_c1_2,6,1,0.132615,738.98,739.96,examples/inventory/deepseek-chat_poisson_L4_c1_2_50_plain_processed_scipy_15_default_m2_2_r7/prompt_for_code/m2_20260130_082344.txt,"mean = 739.96, std=108.89, range=(499.09, 994.51)"
8dabbe12a2887421a085832bf2c2008950e16c3c9941acea819536292cb4cb11,8dabbe12a288,policies/8dabbe12a288.py,policies_by_distribution/exponential_L6_c1_2/exponential_L6_c1_2__8dabbe12a288.py,exponential_L6_c1_2,8,1,0.000000,6111.18,6111.18,examples/inventory/deepseek-chat_exponential_L6_c1_2_50_plain_processed_scipy_15_default_m2_4_r3/prompt_for_code/m2_20251218_094048.txt,"mean = 6111.18, std=1068.58, range=(3985.00, 9507.00)"
8dc7de3d90a603fbdf02fa297c56c2342172bc5ce01365c1f35ae7686f53ee72,8dc7de3d90a6,policies/8dc7de3d90a6.py,policies_by_distribution/exponential_L2_c1_2/exponential_L2_c1_2__8dc7de3d90a6.py,exponential_L2_c1_2,4,1,0.000000,6631.54,6631.54,examples/inventory/deepseek-chat_exponential_L2_c1_2_50_plain_processed_scipy_15_default_m2_4_r3/prompt_for_code/m2_20251218_064033.txt,"mean = 6631.54, std=826.03, range=(5433.00, 8388.00)"
8dcb82650023a0f2d4381d17b9a4455ec9e496be26be628e982ecb304f3d22f3,8dcb82650023,policies/8dcb82650023.py,policies_by_distribution/normal_std30_L6_c1_2/normal_std30_L6_c1_2__8dcb82650023.py,normal_std30_L6_c1_2,2,1,0.511160,2668.44,2682.08,examples/inventory/deepseek-chat_normal_std30_L6_c1_2_50_plain_processed_scipy_15_default_m2_2_r6/prompt_for_code/m2_20260130_024144.txt,"mean = 2682.08, std=351.71, range=(2059.00, 3396.00)"
8e896bcde0437a67d05cd638a069fccb79d32f48d5a43cb3f99903813f76677a,8e896bcde043,policies/8e896bcde043.py,policies_by_distribution/poisson_L4_c1_2/poisson_L4_c1_2__8e896bcde043.py,poisson_L4_c1_2,3,1,0.000000,1425.3,1425.3,examples/inventory/deepseek-chat_poisson_L4_c1_2_50_plain_processed_scipy_15_default_m2_4_r2/prompt_for_code/m2_20251218_035601.txt,"mean = 1425.30, std=121.67, range=(1171.00, 1703.00)"
8f008f8aad256a781575b9d7f43eb05131827123b74b07c0996396400b4fb42a,8f008f8aad25,policies/8f008f8aad25.py,policies_by_distribution/exponential_L6_c1_5/exponential_L6_c1_5__8f008f8aad25.py,exponential_L6_c1_5,10,1,0.002545,11397.07,11396.78,examples/inventory/deepseek-chat_exponential_L6_c1_5_50_plain_processed_scipy_15_default_m2_2_r7/prompt_for_code/m2_20260129_095931.txt,"mean = 11396.78, std=2393.33, range=(6854.53, 17181.08)"
8f80c817d4426e6a098c4d73813b56fc889eb26fb80166fba6bd978d85ab9a1c,8f80c817d442,policies/8f80c817d442.py,policies_by_distribution/exponential_L6_c1_5/exponential_L6_c1_5__8f80c817d442.py,exponential_L6_c1_5,4,1,0.000000,11265.44,11265.44,examples/inventory/deepseek-chat_exponential_L6_c1_5_50_plain_processed_scipy_15_default_m2_4_r1/prompt_for_code/m2_20251218_022615.txt,"mean = 11265.44, std=2387.66, range=(6689.00, 16792.00)"
8f9e36df995c65f8abe765416bf248e718f40eb8532d4a7fdf18a41160fb336f,8f9e36df995c,policies/8f9e36df995c.py,policies_by_distribution/poisson_L4_c1_2/poisson_L4_c1_2__8f9e36df995c.py,poisson_L4_c1_2,1,1,0.394374,1280.51,1275.46,examples/inventory/deepseek-chat_poisson_L4_c1_2_50_plain_processed_scipy_15_default_m2_2_r6/prompt_for_code/m2_20260128_145925.txt,"mean = 1275.46, std=122.02, range=(965.00, 1470.00)"
909a4531e7d7de52dbdf2f55f50480891a916b644caa3c29245e3fe0adcb65a2,909a4531e7d7,policies/909a4531e7d7.py,policies_by_distribution/exponential_L4_c1_5/exponential_L4_c1_5__909a4531e7d7.py,exponential_L4_c1_5,7,1,0.000000,10977.21,10977.21,examples/inventory/deepseek-chat_exponential_L4_c1_5_50_plain_processed_scipy_15_default_m2_4_r2/prompt_for_code/m2_20251218_045916.txt,"mean = 10977.21, std=2084.60, range=(6748.69, 16473.91)"
90e6216aae30aa13aade7cad49a61e1bf6ab2647ad3b66388bdc034aed049400,90e6216aae30,policies/90e6216aae30.py,policies_by_distribution/poisson_L6_c1_2/poisson_L6_c1_2__90e6216aae30.py,poisson_L6_c1_2,36,1,0.000000,810.79,810.79,examples/inventory/deepseek-chat_poisson_L6_c1_2_50_plain_processed_scipy_15_default_m2_2_r7/prompt_for_code/m2_20260128_200644.txt,"mean = 810.79, std=113.26, range=(536.96, 1113.97)"
90f0b9f57e4cbb71afb38cc4fa1efbf90284b5014fc1731315f7808b306caa7d,90f0b9f57e4c,policies/90f0b9f57e4c.py,policies_by_distribution/exponential_L6_c1_2/exponential_L6_c1_2__90f0b9f57e4c.py,exponential_L6_c1_2,7,2,0.000000,6102.88,6102.88,examples/inventory/deepseek-chat_exponential_L6_c1_2_50_plain_processed_scipy_15_default_m2_4_r2/prompt_for_code/m2_20251218_054229.txt,"mean = 6102.88, std=1086.25, range=(3962.37, 9551.07)"
9112838d500bece69b0cad3bff84ca5b5d2077d1b76d14e8a6b2d1f971fc1ee7,9112838d500b,policies/9112838d500b.py,policies_by_distribution/normal_std30_L6_c1_2/normal_std30_L6_c1_2__9112838d500b.py,normal_std30_L6_c1_2,6,1,0.000000,2365.82,2365.82,examples/inventory/deepseek-chat_normal_std30_L6_c1_2_50_plain_processed_scipy_15_default_m2_2_r7/prompt_for_code/m2_20260128_053621.txt,"mean = 2365.82, std=419.46, range=(1672.00, 3518.00)"
911ccb9b0eabf740616171a5b8907907de0370bd183183eb2be85cf2e5ba9a42,911ccb9b0eab,policies/911ccb9b0eab.py,policies_by_distribution/exponential_L6_c1_2/exponential_L6_c1_2__911ccb9b0eab.py,exponential_L6_c1_2,2,1,0.021971,7009.1,7010.64,examples/inventory/deepseek-chat_exponential_L6_c1_2_50_plain_processed_scipy_15_default_m2_4_r1/prompt_for_code/m2_20251222_035105.txt,"mean = 7010.64, std=1075.62, range=(4513.00, 9825.00)"
9146d57639ce420b08d0905cac39739312a5bd5b0f377a201697e873b1403963,9146d57639ce,policies/9146d57639ce.py,policies_by_distribution/normal_std10_L6_c1_5/normal_std10_L6_c1_5__9146d57639ce.py,normal_std10_L6_c1_5,17,1,0.160646,1475.29,1472.92,examples/inventory/deepseek-chat_normal_std10_L6_c1_5_50_plain_processed_scipy_15_default_m2_2_r7/prompt_for_code/m2_20260129_205012.txt,"mean = 1472.92, std=255.27, range=(973.00, 2078.00)"
914e9f982aec3100fb55fd36869c15265a1d100543209396c378fce21fd5cc6e,914e9f982aec,policies/914e9f982aec.py,policies_by_distribution/exponential_L4_c1_5/exponential_L4_c1_5__914e9f982aec.py,exponential_L4_c1_5,24,1,0.000000,11174.22,11174.22,examples/inventory/deepseek-chat_exponential_L4_c1_5_50_plain_processed_scipy_15_default_m2_4_r1/prompt_for_code/m2_20251218_010909.txt,"mean = 11174.22, std=2052.70, range=(7248.00, 16499.00)"
918d469018e1dac33284e6f99fa3e873740652e28e26a2f3fabe6a86037b12d3,918d469018e1,policies/918d469018e1.py,policies_by_distribution/exponential_L6_c1_2/exponential_L6_c1_2__918d469018e1.py,exponential_L6_c1_2,3,1,0.000000,6147.66,6147.66,examples/inventory/deepseek-chat_exponential_L6_c1_2_50_plain_processed_scipy_15_default_m2_4_r1/prompt_for_code/m2_20251218_014312.txt,"mean = 6147.66, std=1045.00, range=(4179.00, 9504.00)"
918f77ca721a233a7ec69c111f9617b24ea4d4e05cb83dee3e49e5a2d7385b8a,918f77ca721a,policies/918f77ca721a.py,policies_by_distribution/exponential_L2_c1_2/exponential_L2_c1_2__918f77ca721a.py,exponential_L2_c1_2,17,1,0.001009,5945.84,5945.78,examples/inventory/deepseek-chat_exponential_L2_c1_2_50_plain_processed_scipy_15_default_m2_4_r1/prompt_for_code/m2_20251217_223910.txt,"mean = 5945.78, std=938.38, range=(4589.00, 8352.00)"
91e3c88f1dce15df74f3be5e161942ea91fce1ed330176ee95f14f6c6beede0d,91e3c88f1dce,policies/91e3c88f1dce.py,policies_by_distribution/normal_std30_L6_c1_5/normal_std30_L6_c1_5__91e3c88f1dce.py,normal_std30_L6_c1_5,17,1,0.098364,4686.68,4682.07,examples/inventory/deepseek-chat_normal_std30_L6_c1_5_50_plain_processed_scipy_15_default_m2_2_r8/prompt_for_code/m2_20260128_120856.txt,"mean = 4682.07, std=668.26, range=(3189.21, 6139.10)"
920905be81324448e515b4605fd4d6bce4809756eb94871ef29e9cd6af66a3a0,920905be8132,policies/920905be8132.py,policies_by_distribution/poisson_L4_c1_2/poisson_L4_c1_2__920905be8132.py,poisson_L4_c1_2,1,1,0.657485,1542.24,1532.1,examples/inventory/deepseek-chat_poisson_L4_c1_2_50_plain_processed_scipy_15_default_m2_2_r7/prompt_for_code/m2_20260130_072817.txt,"mean = 1532.10, std=119.70, range=(1250.00, 1833.00)"
922151d7cc022b882b8740445891452b3b086ed87c9dbde037b17af4b600b92a,922151d7cc02,policies/922151d7cc02.py,policies_by_distribution/normal_std10_L6_c1_5/normal_std10_L6_c1_5__922151d7cc02.py,normal_std10_L6_c1_5,83,1,0.000000,1249.95,1249.95,examples/inventory/deepseek-chat_normal_std10_L6_c1_5_50_plain_processed_scipy_15_default_m2_2_r7/prompt_for_code/m2_20260130_062832.txt,"mean = 1249.95, std=254.66, range=(784.62, 2240.74)"
9250c5e2ed73946c4103ed6f5b5a3c779081b7b5ce29562ef014b96205736d27,9250c5e2ed73,policies/9250c5e2ed73.py,policies_by_distribution/exponential_L6_c1_2/exponential_L6_c1_2__9250c5e2ed73.py,exponential_L6_c1_2,15,1,0.000000,6202.36,6202.36,examples/inventory/deepseek-chat_exponential_L6_c1_2_50_plain_processed_scipy_15_default_m2_2_r7/prompt_for_code/m2_20260129_094451.txt,"mean = 6202.36, std=1055.35, range=(4105.00, 9530.00)"
92b028541d0defc3bf3e62639449e1153ae8829f66f014383c303339e24982ec,92b028541d0d,policies/92b028541d0d.py,policies_by_distribution/poisson_L2_c1_2/poisson_L2_c1_2__92b028541d0d.py,poisson_L2_c1_2,3,1,0.141834,965.92,967.29,examples/inventory/deepseek-chat_poisson_L2_c1_2_50_plain_processed_scipy_15_default_m2_4_r3/prompt_for_code/m2_20251218_064127.txt,"mean = 967.29, std=91.62, range=(776.57, 1213.84)"
92ef7d7eab152d60bf984d7e03ae8eb9ff4515eff118825235bd05b9837d3042,92ef7d7eab15,policies/92ef7d7eab15.py,policies_by_distribution/poisson_L6_c1_2/poisson_L6_c1_2__92ef7d7eab15.py,poisson_L6_c1_2,2,1,0.155121,1411.8,1413.99,examples/inventory/deepseek-chat_poisson_L6_c1_2_50_plain_processed_scipy_15_default_m2_4_r1/prompt_for_code/m2_20251222_022355.txt,"mean = 1413.99, std=119.90, range=(1181.89, 1634.79)"
92f9dd7ccd47431d6d25be9325162f749b2732fa5d0663db1aaf0727c10257f4,92f9dd7ccd47,policies/92f9dd7ccd47.py,policies_by_distribution/exponential_L2_c1_2/exponential_L2_c1_2__92f9dd7ccd47.py,exponential_L2_c1_2,8,1,0.000000,5896.16,5896.16,examples/inventory/deepseek-chat_exponential_L2_c1_2_50_plain_processed_scipy_15_default_m2_4_r1/prompt_for_code/m2_20251217_223742.txt,"mean = 5896.16, std=1006.38, range=(4277.00, 8656.00)"
930818861f3e9a8cd4be091a19325f06df18c23932be6f0b4ee6a617d8f35be0,930818861f3e,policies/930818861f3e.py,policies_by_distribution/exponential_L4_c1_5/exponential_L4_c1_5__930818861f3e.py,exponential_L4_c1_5,44,1,0.002048,11228.03,11227.8,examples/inventory/deepseek-chat_exponential_L4_c1_5_50_plain_processed_scipy_15_default_m2_4_r1/prompt_for_code/m2_20251218_005816.txt,"mean = 11227.80, std=2208.11, range=(6222.00, 16552.00)"
930ad6b86f0f1cfbb4f169d8957b34cd4af6249693736e711d4417379a43d6ab,930ad6b86f0f,policies/930ad6b86f0f.py,policies_by_distribution/poisson_L4_c1_2/poisson_L4_c1_2__930ad6b86f0f.py,poisson_L4_c1_2,1,1,0.000000,2670.1,2670.1,examples/inventory/deepseek-chat_poisson_L4_c1_2_50_plain_processed_scipy_15_default_m2_4_r3/prompt_for_code/m2_20251218_073456.txt,"mean = 2670.10, std=135.71, range=(2235.00, 2966.00)"
9336d8a635d470277c3c5e083bfd302ae0a9ceb8e4c4d8a1b9291489777d851e,9336d8a635d4,policies/9336d8a635d4.py,policies_by_distribution/normal_std10_L6_c1_5/normal_std10_L6_c1_5__9336d8a635d4.py,normal_std10_L6_c1_5,8,1,0.000000,1248.74,1248.74,examples/inventory/deepseek-chat_normal_std10_L6_c1_5_50_plain_processed_scipy_15_default_m2_2_r6/prompt_for_code/m2_20260129_195734.txt,"mean = 1248.74, std=248.64, range=(791.00, 2228.00)"
93750f864aa7a70d65b21956b269635c4232b995006d8d8a53ff07cfea078ca1,93750f864aa7,policies/93750f864aa7.py,policies_by_distribution/normal_std50_L6_c1_2/normal_std50_L6_c1_2__93750f864aa7.py,normal_std50_L6_c1_2,12,1,0.009523,3780.18,3780.54,examples/inventory/deepseek-chat_normal_std50_L6_c1_2_50_plain_processed_scipy_15_default_m2_2_r7/prompt_for_code/m2_20260129_080631.txt,"mean = 3780.54, std=851.38, range=(2365.76, 7928.94)"
93ba7f2d28020455b837e1e65b5a2412b4c31535ca2766375acda0a640bd0f83,93ba7f2d2802,policies/93ba7f2d2802.py,policies_by_distribution/normal_std10_L6_c1_2/normal_std10_L6_c1_2__93ba7f2d2802.py,normal_std10_L6_c1_2,19,1,0.000000,775.46,775.46,examples/inventory/deepseek-chat_normal_std10_L6_c1_2_50_plain_processed_scipy_15_default_m2_2_r6/prompt_for_code/m2_20260129_004404.txt,"mean = 775.46, std=144.34, range=(488.00, 1369.00)"
93c854c639858dba88b9971db272eeae1d358c26854e8bbc86354a0254b5da4a,93c854c63985,policies/93c854c63985.py,policies_by_distribution/normal_std50_L6_c1_2/normal_std50_L6_c1_2__93c854c63985.py,normal_std50_L6_c1_2,3,1,0.027587,3878.69,3877.62,examples/inventory/deepseek-chat_normal_std50_L6_c1_2_50_plain_processed_scipy_15_default_m2_4_r2/prompt_for_code/m2_20251217_005804.txt,"mean = 3877.62, std=675.61, range=(2638.00, 7029.00)"
93f54f9c39716bf59c9d21eb7ce6f0665404039ac757be750511a977838237ef,93f54f9c3971,policies/93f54f9c3971.py,policies_by_distribution/exponential_L4_c1_2/exponential_L4_c1_2__93f54f9c3971.py,exponential_L4_c1_2,6,1,0.002798,6791.25,6791.06,examples/inventory/deepseek-chat_exponential_L4_c1_2_50_plain_processed_scipy_15_default_m2_4_r2/prompt_for_code/m2_20251218_035031.txt,"mean = 6791.06, std=1287.88, range=(4968.25, 12492.23)"
941ea63c8eae2899bcd54611ca5b1733fd1128ed02d91d7476ccbcea41f13017,941ea63c8eae,policies/941ea63c8eae.py,policies_by_distribution/poisson_L6_c1_2/poisson_L6_c1_2__941ea63c8eae.py,poisson_L6_c1_2,1,1,0.000000,760.93,760.93,examples/inventory/deepseek-chat_poisson_L6_c1_2_50_plain_processed_scipy_15_default_m2_4_r1/prompt_for_code/m2_20251218_013058.txt,"mean = 760.93, std=112.07, range=(490.30, 1093.45)"
95201fdc9deae0b33af7de70a38ae2c6706bb217bba697d01966ac66e2635825,95201fdc9dea,policies/95201fdc9dea.py,policies_by_distribution/poisson_L4_c1_5/poisson_L4_c1_5__95201fdc9dea.py,poisson_L4_c1_5,1,1,0.114035,2043.23,2040.9,examples/inventory/deepseek-chat_poisson_L4_c1_5_50_plain_processed_scipy_15_default_m2_4_r2/prompt_for_code/m2_20251218_044339.txt,"mean = 2040.90, std=201.77, range=(1592.45, 2568.17)"
952bf106d3419bab1caee2541452968c2b58d5e6e358b1b53b1af0dc5a599921,952bf106d341,policies/952bf106d341.py,policies_by_distribution/exponential_L2_c1_2/exponential_L2_c1_2__952bf106d341.py,exponential_L2_c1_2,11,1,0.001859,5916.83,5916.72,examples/inventory/deepseek-chat_exponential_L2_c1_2_50_plain_processed_scipy_15_default_m2_4_r1/prompt_for_code/m2_20251217_224738.txt,"mean = 5916.72, std=1012.53, range=(4523.00, 8604.00)"
958255d69658029fa60d1c0b2b5dffcc9b3c56900ebc2e599301cf821ca0b862,958255d69658,policies/958255d69658.py,policies_by_distribution/poisson_L4_c1_5/poisson_L4_c1_5__958255d69658.py,poisson_L4_c1_5,11,1,0.000000,1316.06,1316.06,examples/inventory/deepseek-chat_poisson_L4_c1_5_50_plain_processed_scipy_15_default_m2_4_r3/prompt_for_code/m2_20251218_084144.txt,"mean = 1316.06, std=295.82, range=(768.00, 2203.00)"
95a37347ef80298454c7368c1235b799aada07e5f7bee46658a64847ae51bf1b,95a37347ef80,policies/95a37347ef80.py,policies_by_distribution/exponential_L4_c1_2/exponential_L4_c1_2__95a37347ef80.py,exponential_L4_c1_2,9,1,0.000980,6123.24,6123.3,examples/inventory/deepseek-chat_exponential_L4_c1_2_50_plain_processed_scipy_15_default_m2_4_r2/prompt_for_code/m2_20251218_041223.txt,"mean = 6123.30, std=1260.24, range=(3999.00, 11360.00)"
95b1c0d272e347587606b1cfbc71e63dbf44bfe5663fd910817e8a54bf2a426e,95b1c0d272e3,policies/95b1c0d272e3.py,policies_by_distribution/poisson_L6_c1_5/poisson_L6_c1_5__95b1c0d272e3.py,poisson_L6_c1_5,81,2,0.000000,1181.84,1181.84,examples/inventory/deepseek-chat_poisson_L6_c1_5_50_plain_processed_scipy_15_default_m2_4_r1/prompt_for_code/m2_20251218_020000.txt,"mean = 1181.84, std=219.58, range=(682.00, 1622.03)"
95c38752ae132369bc6d432d007ddc66196830ccc7c51cccd3e313732dcf68d4,95c38752ae13,policies/95c38752ae13.py,policies_by_distribution/poisson_L2_c1_2/poisson_L2_c1_2__95c38752ae13.py,poisson_L2_c1_2,4,1,0.000000,703.92,703.92,examples/inventory/deepseek-chat_poisson_L2_c1_2_50_plain_processed_scipy_15_default_m2_4_r1/prompt_for_code/m2_20251217_225316.txt,"mean = 703.92, std=97.33, range=(513.00, 956.00)"
9613d6b09c93b0cbd64d0f833d9e0ca89745764bbcc76073b00c37b5b62b8d59,9613d6b09c93,policies/9613d6b09c93.py,policies_by_distribution/poisson_L6_c1_5/poisson_L6_c1_5__9613d6b09c93.py,poisson_L6_c1_5,1,1,0.243932,2135.84,2141.05,examples/inventory/deepseek-chat_poisson_L6_c1_5_50_plain_processed_scipy_15_default_m2_2_r7/prompt_for_code/m2_20260130_085823.txt,"mean = 2141.05, std=265.71, range=(1705.00, 2945.54)"
96379f0b242db8c02c8cb120ce3d3f9f631a6b0dd028e968a60dc7103e1a8012,96379f0b242d,policies/96379f0b242d.py,policies_by_distribution/exponential_L4_c1_5/exponential_L4_c1_5__96379f0b242d.py,exponential_L4_c1_5,25,1,0.000000,11255.94,11255.94,examples/inventory/deepseek-chat_exponential_L4_c1_5_50_plain_processed_scipy_15_default_m2_4_r3/prompt_for_code/m2_20251218_084752.txt,"mean = 11255.94, std=2300.32, range=(6094.50, 16007.68)"
9653554d469cef4e330d92feff8999bec59edb258dd4f333adda86e5158516f5,9653554d469c,policies/9653554d469c.py,policies_by_distribution/poisson_L6_c1_2/poisson_L6_c1_2__9653554d469c.py,poisson_L6_c1_2,3,1,0.063996,1625.1,1624.06,examples/inventory/deepseek-chat_poisson_L6_c1_2_50_plain_processed_scipy_15_default_m2_4_r2/prompt_for_code/m2_20251218_050146.txt,"mean = 1624.06, std=307.16, range=(949.77, 2821.31)"
965bfb104897768409f6dced0395f64c4382d4cfe6d8735717343212bf0698e9,965bfb104897,policies/965bfb104897.py,policies_by_distribution/exponential_L6_c1_5/exponential_L6_c1_5__965bfb104897.py,exponential_L6_c1_5,71,2,0.000000,11115.09,11115.09,examples/inventory/deepseek-chat_exponential_L6_c1_5_50_plain_processed_scipy_15_default_m2_4_r2/prompt_for_code/m2_20251218_061624.txt,"mean = 11115.09, std=2574.33, range=(5790.26, 16728.51)"
96df9251cbdca1fa3e3aa83760e279e1bec874f62e0ad40747f0b6b49b97eb66,96df9251cbdc,policies/96df9251cbdc.py,policies_by_distribution/normal_std50_L6_c1_2/normal_std50_L6_c1_2__96df9251cbdc.py,normal_std50_L6_c1_2,30,1,0.000000,5539.37,5539.37,examples/inventory/deepseek-chat_normal_std50_L6_c1_2_50_plain_processed_scipy_15_default_m2_4_r2/prompt_for_code/m2_20251217_002106.txt,"mean = 5539.37, std=642.49, range=(4335.93, 6925.22)"
97a25557b23349b9191275a1254fb18e2ed1691a9b8eb77c400d694cbf7d77c1,97a25557b233,policies/97a25557b233.py,policies_by_distribution/poisson_L2_c1_5/poisson_L2_c1_5__97a25557b233.py,poisson_L2_c1_5,10,1,0.000000,1340.02,1340.02,examples/inventory/deepseek-chat_poisson_L2_c1_5_50_plain_processed_scipy_15_default_m2_4_r1/prompt_for_code/m2_20251217_232037.txt,"mean = 1340.02, std=164.16, range=(924.00, 1663.00)"
9802ece4d61f63fed23dea426c9016d48f2d7bad2bfdacc5c6e384e9ede8ec37,9802ece4d61f,policies/9802ece4d61f.py,policies_by_distribution/normal_std30_L6_c1_5/normal_std30_L6_c1_5__9802ece4d61f.py,normal_std30_L6_c1_5,58,1,0.000000,4007.0,4007.0,examples/inventory/deepseek-chat_normal_std30_L6_c1_5_50_plain_processed_scipy_15_default_m2_2_r7/prompt_for_code/m2_20260128_063509.txt,"mean = 4007.00, std=772.43, range=(2949.00, 6738.00)"
98af29894b506aceb684ddc3c988058deb99c3abc79ae71bdad6d734ca8e1ecb,98af29894b50,policies/98af29894b50.py,policies_by_distribution/poisson_L6_c1_5/poisson_L6_c1_5__98af29894b50.py,poisson_L6_c1_5,3,1,0.193441,3706.55,3699.38,examples/inventory/deepseek-chat_poisson_L6_c1_5_50_plain_processed_scipy_15_default_m2_4_r2/prompt_for_code/m2_20251218_053309.txt,"mean = 3699.38, std=292.20, range=(3293.00, 4609.00)"
98b37415308778a05fdf0f62b9003a1c550f613f3e09ab5a366b4e711caac7a5,98b374153087,policies/98b374153087.py,policies_by_distribution/poisson_L4_c1_2/poisson_L4_c1_2__98b374153087.py,poisson_L4_c1_2,3,1,0.000000,1103.01,1103.01,examples/inventory/deepseek-chat_poisson_L4_c1_2_50_plain_processed_scipy_15_default_m2_2_r7/prompt_for_code/m2_20260128_184105.txt,"mean = 1103.01, std=104.53, range=(777.06, 1299.36)"
98b70db7fa34ff678620a95f57cbf3bc350337cc27ec63a68621e87baae07ca2,98b70db7fa34,policies/98b70db7fa34.py,policies_by_distribution/poisson_L6_c1_2/poisson_L6_c1_2__98b70db7fa34.py,poisson_L6_c1_2,2,1,0.000000,3061.14,3061.14,examples/inventory/deepseek-chat_poisson_L6_c1_2_50_plain_processed_scipy_15_default_m2_4_r1/prompt_for_code/m2_20251222_013848.txt,"mean = 3061.14, std=150.28, range=(2699.00, 3326.00)"
98cd26b7f16027cba425a70489cf01b901c425e31ce2b1c3d6246b5efd00637c,98cd26b7f160,policies/98cd26b7f160.py,policies_by_distribution/exponential_L4_c1_5/exponential_L4_c1_5__98cd26b7f160.py,exponential_L4_c1_5,4,1,0.004535,11025.46,11024.96,examples/inventory/deepseek-chat_exponential_L4_c1_5_50_plain_processed_scipy_15_default_m2_4_r3/prompt_for_code/m2_20251218_084811.txt,"mean = 11024.96, std=2013.72, range=(7183.00, 16402.00)"
998fc696e534b9f1bbbc7c3c57f4be1ec3f6df47c9cf41c42dfe87af501c8e26,998fc696e534,policies/998fc696e534.py,policies_by_distribution/exponential_L2_c1_2/exponential_L2_c1_2__998fc696e534.py,exponential_L2_c1_2,3,1,0.000000,6011.46,6011.46,examples/inventory/deepseek-chat_exponential_L2_c1_2_50_plain_processed_scipy_15_default_m2_4_r1/prompt_for_code/m2_20251217_223844.txt,"mean = 6011.46, std=1060.02, range=(4493.00, 8819.00)"
99d826a8cf6a57f27f752224e2e77a705f334b8c5449f26662af662b4aa2f6c3,99d826a8cf6a,policies/99d826a8cf6a.py,policies_by_distribution/poisson_L6_c1_2/poisson_L6_c1_2__99d826a8cf6a.py,poisson_L6_c1_2,13,1,0.055860,2774.77,2776.32,examples/inventory/deepseek-chat_poisson_L6_c1_2_50_plain_processed_scipy_15_default_m2_4_r1/prompt_for_code/m2_20251222_013905.txt,"mean = 2776.32, std=96.72, range=(2527.99, 2957.04)"
9a1259eb3ee66ed6fc7b8f06e3b807e2a85fb14c48af0126fe865b8530864a03,9a1259eb3ee6,policies/9a1259eb3ee6.py,policies_by_distribution/poisson_L6_c1_5/poisson_L6_c1_5__9a1259eb3ee6.py,poisson_L6_c1_5,15,1,0.010116,1186.22,1186.34,examples/inventory/deepseek-chat_poisson_L6_c1_5_50_plain_processed_scipy_15_default_m2_4_r1/prompt_for_code/m2_20251218_020428.txt,"mean = 1186.34, std=220.88, range=(701.17, 1664.32)"
9a4b27d2a06820c4404337b2c30d36ecbb0e62daae08b3743f011cf7b51d6238,9a4b27d2a068,policies/9a4b27d2a068.py,policies_by_distribution/normal_std50_L6_c1_2/normal_std50_L6_c1_2__9a4b27d2a068.py,normal_std50_L6_c1_2,1,1,0.040706,4102.63,4100.96,examples/inventory/deepseek-chat_normal_std50_L6_c1_2_50_plain_processed_scipy_15_default_m2_4_r1/prompt_for_code/m2_20251216_231735.txt,"mean = 4100.96, std=659.71, range=(3063.00, 6624.00)"
9a5cfbb4cc228bf2900caf93a78d69d06b9648f703bbf940bf5ba7df4e9c841b,9a5cfbb4cc22,policies/9a5cfbb4cc22.py,policies_by_distribution/exponential_L4_c1_2/exponential_L4_c1_2__9a5cfbb4cc22.py,exponential_L4_c1_2,19,1,0.000000,6118.94,6118.94,examples/inventory/deepseek-chat_exponential_L4_c1_2_50_plain_processed_scipy_15_default_m2_4_r2/prompt_for_code/m2_20251218_041932.txt,"mean = 6118.94, std=1259.05, range=(4022.00, 11394.00)"
9ab252153ed08e20cdf6517f780dad474faa360a45af1c8becfe6c21b9795686,9ab252153ed0,policies/9ab252153ed0.py,policies_by_distribution/exponential_L2_c1_2/exponential_L2_c1_2__9ab252153ed0.py,exponential_L2_c1_2,17,1,0.000159,6276.22,6276.21,examples/inventory/deepseek-chat_exponential_L2_c1_2_50_plain_processed_scipy_15_default_m2_4_r2/prompt_for_code/m2_20251218_023848.txt,"mean = 6276.21, std=1041.80, range=(4637.98, 8697.73)"
9b26a2d55485391cbaf239b17ca45d778dbeecdee15fa91096b919786ed75f0b,9b26a2d55485,policies/9b26a2d55485.py,policies_by_distribution/exponential_L4_c1_2/exponential_L4_c1_2__9b26a2d55485.py,exponential_L4_c1_2,15,1,0.000000,6254.42,6254.42,examples/inventory/deepseek-chat_exponential_L4_c1_2_50_plain_processed_scipy_15_default_m2_4_r1/prompt_for_code/m2_20251218_000243.txt,"mean = 6254.42, std=1349.83, range=(4127.00, 11460.00)"
9b273d65dac18b17da300620d0b25e666fbb7490b937f85a247a46a62538dd44,9b273d65dac1,policies/9b273d65dac1.py,policies_by_distribution/poisson_L4_c1_5/poisson_L4_c1_5__9b273d65dac1.py,poisson_L4_c1_5,3,1,0.366808,2148.26,2156.14,examples/inventory/deepseek-chat_poisson_L4_c1_5_50_plain_processed_scipy_15_default_m2_4_r2/prompt_for_code/m2_20251218_042425.txt,"mean = 2156.14, std=183.02, range=(1722.00, 2646.00)"
9b645418b986d2dd1017f4e95c2fdc90b3c4f953118287dea3d8f46f597301bc,9b645418b986,policies/9b645418b986.py,policies_by_distribution/poisson_L4_c1_5/poisson_L4_c1_5__9b645418b986.py,poisson_L4_c1_5,6,1,0.000000,2274.55,2274.55,examples/inventory/deepseek-chat_poisson_L4_c1_5_50_plain_processed_scipy_15_default_m2_4_r3/prompt_for_code/m2_20251218_081355.txt,"mean = 2274.55, std=187.19, range=(1867.19, 2768.91)"
9b7eec6f951fd4e11fa71e5e3b4049851d031674d9321dcbca1a64a565f08121,9b7eec6f951f,policies/9b7eec6f951f.py,policies_by_distribution/normal_std10_L6_c1_2/normal_std10_L6_c1_2__9b7eec6f951f.py,normal_std10_L6_c1_2,12,1,0.000000,712.28,712.28,examples/inventory/deepseek-chat_normal_std10_L6_c1_2_50_plain_processed_scipy_15_default_m2_2_r7/prompt_for_code/m2_20260128_040318.txt,"mean = 712.28, std=121.18, range=(502.98, 1081.98)"
9bf5ab501ae3721695ca39ddee474fc4cdc278e8530be6a95e0f23e91025265b,9bf5ab501ae3,policies/9bf5ab501ae3.py,policies_by_distribution/normal_std10_L2_c1_5/normal_std10_L2_c1_5__9bf5ab501ae3.py,normal_std10_L2_c1_5,34,1,0.012015,1165.18,1165.04,examples/inventory/deepseek-chat_normal_std10_L2_c1_5_50_plain_processed_scipy_15_default_m2_2_r7/prompt_for_code/m2_20260130_041426.txt,"mean = 1165.04, std=162.25, range=(900.00, 1567.00)"
9c801726e87bab294e208bca2772c8f57c2b3df15134a2230d4813b9470712e6,9c801726e87b,policies/9c801726e87b.py,policies_by_distribution/exponential_L2_c1_5/exponential_L2_c1_5__9c801726e87b.py,exponential_L2_c1_5,30,1,0.002100,10478.22,10478.0,examples/inventory/deepseek-chat_exponential_L2_c1_5_50_plain_processed_scipy_15_default_m2_4_r2/prompt_for_code/m2_20251218_032217.txt,"mean = 10478.00, std=1702.40, range=(7668.00, 15341.00)"
9ca9b16107e22066359d7479fdcde6763ee864fd66646a5f3bc27dc63e15b168,9ca9b16107e2,policies/9ca9b16107e2.py,policies_by_distribution/normal_std50_L6_c1_2/normal_std50_L6_c1_2__9ca9b16107e2.py,normal_std50_L6_c1_2,10,1,0.000000,3828.3,3828.3,examples/inventory/deepseek-chat_normal_std50_L6_c1_2_50_plain_processed_scipy_15_default_m2_2_r6/prompt_for_code/m2_20260129_022116.txt,"mean = 3828.30, std=658.01, range=(2710.21, 6807.56)"
9cd13d84d7ba1267f2006158d8d5664c012af3760d667c670d3b03bd5a1afd78,9cd13d84d7ba,policies/9cd13d84d7ba.py,policies_by_distribution/exponential_L2_c1_2/exponential_L2_c1_2__9cd13d84d7ba.py,exponential_L2_c1_2,35,1,0.002859,5946.87,5947.04,examples/inventory/deepseek-chat_exponential_L2_c1_2_50_plain_processed_scipy_15_default_m2_4_r1/prompt_for_code/m2_20251217_224255.txt,"mean = 5947.04, std=1034.10, range=(4530.00, 8640.00)"
9d18f195730c0d3e3c3afab792d5d711960132e4804949d3f5aa51f982e3bccd,9d18f195730c,policies/9d18f195730c.py,policies_by_distribution/normal_std10_L4_c1_2/normal_std10_L4_c1_2__9d18f195730c.py,normal_std10_L4_c1_2,19,1,0.000000,743.9,743.9,examples/inventory/deepseek-chat_normal_std10_L4_c1_2_50_plain_processed_scipy_15_default_m2_2_r8/prompt_for_code/m2_20260128_081000.txt,"mean = 743.90, std=126.77, range=(492.03, 1096.49)"
9d44b05447cddb9d3ae73f3fc2939fe9988dd7dd3ce26be2c54b4fea85f16050,9d44b05447cd,policies/9d44b05447cd.py,policies_by_distribution/exponential_L4_c1_2/exponential_L4_c1_2__9d44b05447cd.py,exponential_L4_c1_2,4,1,0.174672,6881.47,6869.45,examples/inventory/deepseek-chat_exponential_L4_c1_2_50_plain_processed_scipy_15_default_m2_4_r3/prompt_for_code/m2_20251218_075402.txt,"mean = 6869.45, std=1242.81, range=(4931.57, 12209.60)"
9d54e44de8f899b65ef9e660989e1c1f0923eaf2db5f1d345655df1b6b7e4c75,9d54e44de8f8,policies/9d54e44de8f8.py,policies_by_distribution/exponential_L2_c1_5/exponential_L2_c1_5__9d54e44de8f8.py,exponential_L2_c1_5,3,1,0.000295,10167.72,10167.69,examples/inventory/deepseek-chat_exponential_L2_c1_5_50_plain_processed_scipy_15_default_m2_4_r1/prompt_for_code/m2_20251217_233240.txt,"mean = 10167.69, std=1799.21, range=(7154.53, 15505.42)"
9d56c79ca70f0f962ef617fcccaee6e83099e2c0691b411aa7112cd03e9e9ee4,9d56c79ca70f,policies/9d56c79ca70f.py,policies_by_distribution/poisson_L6_c1_5/poisson_L6_c1_5__9d56c79ca70f.py,poisson_L6_c1_5,1,1,0.686453,2188.06,2173.04,examples/inventory/deepseek-chat_poisson_L6_c1_5_50_plain_processed_scipy_15_default_m2_4_r1/prompt_for_code/m2_20251218_015751.txt,"mean = 2173.04, std=250.55, range=(1636.44, 2831.26)"
9d92e2b15a715a4fcbd35a649fdd48b828ac85791e184ebdeda8e575e507cb06,9d92e2b15a71,policies/9d92e2b15a71.py,policies_by_distribution/poisson_L2_c1_2/poisson_L2_c1_2__9d92e2b15a71.py,poisson_L2_c1_2,7,1,0.000000,972.28,972.28,examples/inventory/deepseek-chat_poisson_L2_c1_2_50_plain_processed_scipy_15_default_m2_4_r1/prompt_for_code/m2_20251217_223124.txt,"mean = 972.28, std=98.70, range=(748.00, 1221.00)"
9dcd16d81158e9fa4094d0f4d4f171bf65cdbca5651a8dded447856861d2ba8b,9dcd16d81158,policies/9dcd16d81158.py,policies_by_distribution/poisson_L6_c1_5/poisson_L6_c1_5__9dcd16d81158.py,poisson_L6_c1_5,3,1,0.207493,3643.5,3651.06,examples/inventory/deepseek-chat_poisson_L6_c1_5_50_plain_processed_scipy_15_default_m2_4_r3/prompt_for_code/m2_20251218_093126.txt,"mean = 3651.06, std=265.20, range=(3165.00, 4454.00)"
9ded9ca7bd74fff8fe09e501f9047d7446bf97ba96c6c16a42b956f0c5ce4219,9ded9ca7bd74,policies/9ded9ca7bd74.py,policies_by_distribution/normal_std30_L4_c1_5/normal_std30_L4_c1_5__9ded9ca7bd74.py,normal_std30_L4_c1_5,12,1,0.017636,3969.12,3969.82,examples/inventory/deepseek-chat_normal_std30_L4_c1_5_50_plain_processed_scipy_15_default_m2_2_r6/prompt_for_code/m2_20260130_020609.txt,"mean = 3969.82, std=598.73, range=(2907.00, 5415.00)"
9e76df7535dd4330282217def0803d8c3b49f5c126d879a72c18fd632c3cf650,9e76df7535dd,policies/9e76df7535dd.py,policies_by_distribution/normal_std30_L4_c1_5/normal_std30_L4_c1_5__9e76df7535dd.py,normal_std30_L4_c1_5,28,1,0.077390,3773.08,3776.0,examples/inventory/deepseek-chat_normal_std30_L4_c1_5_50_plain_processed_scipy_15_default_m2_2_r7/prompt_for_code/m2_20260128_051735.txt,"mean = 3776.00, std=523.75, range=(2790.40, 5266.70)"
9ea98c6dd12393f163000113cea965b96a0d4590d04b5cb4cf53c3633b9f7de5,9ea98c6dd123,policies/9ea98c6dd123.py,policies_by_distribution/exponential_L2_c1_5/exponential_L2_c1_5__9ea98c6dd123.py,exponential_L2_c1_5,3,1,0.000000,10703.74,10703.74,examples/inventory/deepseek-chat_exponential_L2_c1_5_50_plain_processed_scipy_15_default_m2_4_r1/prompt_for_code/m2_20251217_231013.txt,"mean = 10703.74, std=1811.66, range=(7903.00, 15179.00)"
9eed27713a6b906de09a4c636bc346c2c8c2f5a5dcd8a7c30e8b56f71035c18b,9eed27713a6b,policies/9eed27713a6b.py,policies_by_distribution/poisson_L4_c1_5/poisson_L4_c1_5__9eed27713a6b.py,poisson_L4_c1_5,18,1,0.000000,2183.79,2183.79,examples/inventory/deepseek-chat_poisson_L4_c1_5_50_plain_processed_scipy_15_default_m2_4_r1/prompt_for_code/m2_20251218_003312.txt,"mean = 2183.79, std=178.39, range=(1782.92, 2649.00)"
9f285d5ad75cb138d07c9358791586cd6e95de09ac47cfd33553534588a74d4e,9f285d5ad75c,policies/9f285d5ad75c.py,policies_by_distribution/poisson_L4_c1_2/poisson_L4_c1_2__9f285d5ad75c.py,poisson_L4_c1_2,1,1,0.000000,1741.54,1741.54,examples/inventory/deepseek-chat_poisson_L4_c1_2_50_plain_processed_scipy_15_default_m2_4_r2/prompt_for_code/m2_20251218_034643.txt,"mean = 1741.54, std=108.85, range=(1377.24, 1966.61)"
9f6594393108f14ae290bc7c6b6ec5387891cb955dc5aac1c2eeac55b196fac8,9f6594393108,policies/9f6594393108.py,policies_by_distribution/poisson_L2_c1_2/poisson_L2_c1_2__9f6594393108.py,poisson_L2_c1_2,1,1,0.000000,1956.08,1956.08,examples/inventory/deepseek-chat_poisson_L2_c1_2_50_plain_processed_scipy_15_default_m2_4_r2/prompt_for_code/m2_20251218_021628.txt,"mean = 1956.08, std=366.02, range=(1285.00, 3084.00)"
9f73482ecb4d996527153c4e7a74a664d65045953adb753cffce793c3d2cb22b,9f73482ecb4d,policies/9f73482ecb4d.py,policies_by_distribution/exponential_L6_c1_2/exponential_L6_c1_2__9f73482ecb4d.py,exponential_L6_c1_2,4,1,0.037127,6087.18,6089.44,examples/inventory/deepseek-chat_exponential_L6_c1_2_50_plain_processed_scipy_15_default_m2_4_r3/prompt_for_code/m2_20251218_093455.txt,"mean = 6089.44, std=1151.74, range=(3872.00, 9555.00)"
9f86e3b6eb79a3e3dee119d5b0bdd1eaaca508b97b3375967c1f935c5f18f2e7,9f86e3b6eb79,policies/9f86e3b6eb79.py,policies_by_distribution/normal_std50_L6_c1_2/normal_std50_L6_c1_2__9f86e3b6eb79.py,normal_std50_L6_c1_2,7,1,0.060317,4708.46,4705.62,examples/inventory/deepseek-chat_normal_std50_L6_c1_2_50_plain_processed_scipy_15_default_m2_4_r3/prompt_for_code/m2_20251217_013555.txt,"mean = 4705.62, std=592.25, range=(3206.00, 5984.00)"
9faef2b9d613e9a3ce6c83081a99364edaeb43dc13feab690f5cd089b3d6432e,9faef2b9d613,policies/9faef2b9d613.py,policies_by_distribution/poisson_L4_c1_5/poisson_L4_c1_5__9faef2b9d613.py,poisson_L4_c1_5,4,1,0.000000,1223.63,1223.63,examples/inventory/deepseek-chat_poisson_L4_c1_5_50_plain_processed_scipy_15_default_m2_2_r7/prompt_for_code/m2_20260128_194534.txt,"mean = 1223.63, std=208.02, range=(725.29, 1832.08)"
a01ded7434c0e1f2bc067fd88fa23fa95d04b12f3ec39aeea0631cd9735e8f08,a01ded7434c0,policies/a01ded7434c0.py,policies_by_distribution/poisson_L4_c1_2/poisson_L4_c1_2__a01ded7434c0.py,poisson_L4_c1_2,1,1,0.036534,1094.88,1095.28,examples/inventory/deepseek-chat_poisson_L4_c1_2_50_plain_processed_scipy_15_default_m2_4_r3/prompt_for_code/m2_20251218_074634.txt,"mean = 1095.28, std=140.63, range=(787.00, 1386.00)"
a0449580f1e57a71890102518b8e96934fb278940b83b1f08022aac96701ed95,a0449580f1e5,policies/a0449580f1e5.py,policies_by_distribution/poisson_L2_c1_2/poisson_L2_c1_2__a0449580f1e5.py,poisson_L2_c1_2,114,1,0.000000,781.4,781.4,examples/inventory/deepseek-chat_poisson_L2_c1_2_50_plain_processed_scipy_15_default_m2_4_r4/prompt_for_code/m2_20251218_100822.txt,"mean = 781.40, std=93.95, range=(607.00, 1070.00)"
a05ef3f9ea4e08077636c66a47f1b7aae1b1d8bd3ef926e7d58fb667fd18ee8c,a05ef3f9ea4e,policies/a05ef3f9ea4e.py,policies_by_distribution/exponential_L6_c1_5/exponential_L6_c1_5__a05ef3f9ea4e.py,exponential_L6_c1_5,15,1,0.000000,11627.4,11627.4,examples/inventory/deepseek-chat_exponential_L6_c1_5_50_plain_processed_scipy_15_default_m2_4_r1/prompt_for_code/m2_20251218_021051.txt,"mean = 11627.40, std=2312.78, range=(7151.50, 16858.22)"
a09ca520ca43dc3755f4e2ce5ddb9a0ae76183052508a7c6645b88b39726364d,a09ca520ca43,policies/a09ca520ca43.py,policies_by_distribution/normal_std10_L2_c1_5/normal_std10_L2_c1_5__a09ca520ca43.py,normal_std10_L2_c1_5,4,1,0.023046,1214.98,1215.26,examples/inventory/deepseek-chat_normal_std10_L2_c1_5_50_plain_processed_scipy_15_default_m2_2_r7/prompt_for_code/m2_20260130_035737.txt,"mean = 1215.26, std=156.06, range=(920.00, 1551.00)"
a0bea80c19785fd87368b79f32963488b9258bd04dbea0ca99ebcc797786ba4d,a0bea80c1978,policies/a0bea80c1978.py,policies_by_distribution/exponential_L4_c1_5/exponential_L4_c1_5__a0bea80c1978.py,exponential_L4_c1_5,39,3,0.000000,11292.32,11292.32,examples/inventory/deepseek-chat_exponential_L4_c1_5_50_plain_processed_scipy_15_default_m2_4_r1/prompt_for_code/m2_20251218_005712.txt,"mean = 11292.32, std=2167.09, range=(6726.00, 17027.00)"
a0facb5416123609c74202ae0ca218ca1664a1586f02d2d42f0ec8595d1b3aa0,a0facb541612,policies/a0facb541612.py,policies_by_distribution/normal_std50_L6_c1_2/normal_std50_L6_c1_2__a0facb541612.py,normal_std50_L6_c1_2,1,1,0.030802,4739.88,4741.34,examples/inventory/deepseek-chat_normal_std50_L6_c1_2_50_plain_processed_scipy_15_default_m2_4_r2/prompt_for_code/m2_20251217_004248.txt,"mean = 4741.34, std=1071.39, range=(3259.00, 10383.00)"
a15e4f2b42af32c28ab0e72b34a4c6aa743246857cbe2485d969e3d0bb8977a5,a15e4f2b42af,policies/a15e4f2b42af.py,policies_by_distribution/normal_std50_L6_c1_2/normal_std50_L6_c1_2__a15e4f2b42af.py,normal_std50_L6_c1_2,31,1,0.001573,3813.78,3813.84,examples/inventory/deepseek-chat_normal_std50_L6_c1_2_50_plain_processed_scipy_15_default_m2_4_r1/prompt_for_code/m2_20251216_235447.txt,"mean = 3813.84, std=782.45, range=(2384.00, 7747.00)"
a1d82a0c1f985513ff4fccf6865b2fad08437f43719ae0708f5c770b203d261e,a1d82a0c1f98,policies/a1d82a0c1f98.py,policies_by_distribution/normal_std30_L4_c1_5/normal_std30_L4_c1_5__a1d82a0c1f98.py,normal_std30_L4_c1_5,29,1,0.044587,3588.46,3590.06,examples/inventory/deepseek-chat_normal_std30_L4_c1_5_50_plain_processed_scipy_15_default_m2_2_r6/prompt_for_code/m2_20260129_230445.txt,"mean = 3590.06, std=553.65, range=(2506.00, 4859.00)"
a20198468cd8e4b8f8801891d9fd05380c3845959287e4c64e24ddc53dd85ab3,a20198468cd8,policies/a20198468cd8.py,policies_by_distribution/poisson_L6_c1_2/poisson_L6_c1_2__a20198468cd8.py,poisson_L6_c1_2,21,2,0.075205,1156.84,1155.97,examples/inventory/deepseek-chat_poisson_L6_c1_2_50_plain_processed_scipy_15_default_m2_4_r1/prompt_for_code/m2_20251218_012535.txt,"mean = 1155.97, std=115.44, range=(920.57, 1365.57)"
a232071da71e88a98cc44346bd87e05f3e75b34498ffffc699d95446c498838f,a232071da71e,policies/a232071da71e.py,policies_by_distribution/poisson_L4_c1_5/poisson_L4_c1_5__a232071da71e.py,poisson_L4_c1_5,8,1,0.000000,1218.22,1218.22,examples/inventory/deepseek-chat_poisson_L4_c1_5_50_plain_processed_scipy_15_default_m2_4_r3/prompt_for_code/m2_20251218_083510.txt,"mean = 1218.22, std=300.82, range=(694.00, 2025.00)"
a2a2e5395b3b957fa43072424710766bdfdb93653d51b33450dba7a754e43f15,a2a2e5395b3b,policies/a2a2e5395b3b.py,policies_by_distribution/exponential_L6_c1_5/exponential_L6_c1_5__a2a2e5395b3b.py,exponential_L6_c1_5,7,1,0.000157,12743.88,12743.86,examples/inventory/deepseek-chat_exponential_L6_c1_5_50_plain_processed_scipy_15_default_m2_4_r3/prompt_for_code/m2_20251218_095951.txt,"mean = 12743.86, std=2376.00, range=(8042.24, 19200.99)"
a2da769d9e354117b5390f239505305cd4e74ef5b74b666a0f479d11a6b0ecfd,a2da769d9e35,policies/a2da769d9e35.py,policies_by_distribution/normal_std10_L4_c1_2/normal_std10_L4_c1_2__a2da769d9e35.py,normal_std10_L4_c1_2,3,1,0.004029,744.65,744.62,examples/inventory/deepseek-chat_normal_std10_L4_c1_2_50_plain_processed_scipy_15_default_m2_2_r8/prompt_for_code/m2_20260130_103609.txt,"mean = 744.62, std=134.55, range=(497.93, 1212.12)"
a2ea9398e1ed7f888b7b03e70d10a0d763ba79563af7606ced05f810368880e8,a2ea9398e1ed,policies/a2ea9398e1ed.py,policies_by_distribution/poisson_L4_c1_2/poisson_L4_c1_2__a2ea9398e1ed.py,poisson_L4_c1_2,60,1,0.000000,737.62,737.62,examples/inventory/deepseek-chat_poisson_L4_c1_2_50_plain_processed_scipy_15_default_m2_2_r6/prompt_for_code/m2_20260130_025148.txt,"mean = 737.62, std=102.15, range=(555.22, 963.30)"
a30bd0472aac9e0f87796ae6bf8658d0c31a2881d6909d47faa6b64845ea170d,a30bd0472aac,policies/a30bd0472aac.py,policies_by_distribution/normal_std30_L6_c1_2/normal_std30_L6_c1_2__a30bd0472aac.py,normal_std30_L6_c1_2,3,1,0.452334,2752.39,2764.84,examples/inventory/deepseek-chat_normal_std30_L6_c1_2_50_plain_processed_scipy_15_default_m2_4_r1/prompt_for_code/m2_20251222_033312.txt,"mean = 2764.84, std=421.62, range=(2053.00, 3644.00)"
a360eefd24fc975629a901fb0c954bdf290b9097c606d5c8995e9ede23543ff2,a360eefd24fc,policies/a360eefd24fc.py,policies_by_distribution/poisson_L4_c1_2/poisson_L4_c1_2__a360eefd24fc.py,poisson_L4_c1_2,6,1,0.000000,1526.36,1526.36,examples/inventory/deepseek-chat_poisson_L4_c1_2_50_plain_processed_scipy_15_default_m2_4_r3/prompt_for_code/m2_20251218_074825.txt,"mean = 1526.36, std=122.39, range=(1257.03, 1781.07)"
a361996a8fbde787430f9077b31de35c1fedf75582d8eb860de5e8fcb631063a,a361996a8fbd,policies/a361996a8fbd.py,policies_by_distribution/exponential_L6_c1_2/exponential_L6_c1_2__a361996a8fbd.py,exponential_L6_c1_2,4,1,0.000000,6044.24,6044.24,examples/inventory/deepseek-chat_exponential_L6_c1_2_50_plain_processed_scipy_15_default_m2_4_r3/prompt_for_code/m2_20251218_094207.txt,"mean = 6044.24, std=1098.04, range=(3966.00, 9563.00)"
a3a7fb6999bfeb01b8d2d609bbe6ea64c7067fc963db7a566a1354a71b449456,a3a7fb6999bf,policies/a3a7fb6999bf.py,policies_by_distribution/exponential_L4_c1_2/exponential_L4_c1_2__a3a7fb6999bf.py,exponential_L4_c1_2,14,1,0.000000,6959.2,6959.2,examples/inventory/deepseek-chat_exponential_L4_c1_2_50_plain_processed_scipy_15_default_m2_4_r3/prompt_for_code/m2_20251218_075450.txt,"mean = 6959.20, std=1227.92, range=(4982.00, 11773.00)"
a3d314949c4c14b24627b9b6363a29f1ea3c4e045aa82e00503bb1577af521f4,a3d314949c4c,policies/a3d314949c4c.py,policies_by_distribution/poisson_L4_c1_2/poisson_L4_c1_2__a3d314949c4c.py,poisson_L4_c1_2,14,1,0.000000,887.04,887.04,examples/inventory/deepseek-chat_poisson_L4_c1_2_50_plain_processed_scipy_15_default_m2_2_r8/prompt_for_code/m2_20260128_224417.txt,"mean = 887.04, std=138.78, range=(613.00, 1257.00)"
a3f4c630a7a6dcb2639390da3f51d06b611d5bf2703a375b209c65c4f4a8e91e,a3f4c630a7a6,policies/a3f4c630a7a6.py,policies_by_distribution/normal_std10_L4_c1_2/normal_std10_L4_c1_2__a3f4c630a7a6.py,normal_std10_L4_c1_2,23,1,0.000000,791.72,791.72,examples/inventory/deepseek-chat_normal_std10_L4_c1_2_50_plain_processed_scipy_15_default_m2_2_r8/prompt_for_code/m2_20260130_100041.txt,"mean = 791.72, std=150.82, range=(510.00, 1393.00)"
a4560eabd57e1d16a77a823c3e357ac820f131a8d0e1bd287583ed5b87ad0ca3,a4560eabd57e,policies/a4560eabd57e.py,policies_by_distribution/normal_std30_L6_c1_2/normal_std30_L6_c1_2__a4560eabd57e.py,normal_std30_L6_c1_2,35,1,0.000000,2497.62,2497.62,examples/inventory/deepseek-chat_normal_std30_L6_c1_2_50_plain_processed_scipy_15_default_m2_2_r6/prompt_for_code/m2_20260130_020029.txt,"mean = 2497.62, std=430.10, range=(1704.00, 4255.00)"
a478422143c6302e08fb4e7c9e434a1162ee2b13ebc4b4d3ca0c300496293c8e,a478422143c6,policies/a478422143c6.py,policies_by_distribution/poisson_L4_c1_5/poisson_L4_c1_5__a478422143c6.py,poisson_L4_c1_5,5,1,0.000000,1123.6,1123.6,examples/inventory/deepseek-chat_poisson_L4_c1_5_50_plain_processed_scipy_15_default_m2_2_r6/prompt_for_code/m2_20260128_155518.txt,"mean = 1123.60, std=189.27, range=(642.67, 1543.71)"
a488a9f38238e3363cdf55d1d80fc6b8d0b25664bacbe8e45a97268476d40f7f,a488a9f38238,policies/a488a9f38238.py,policies_by_distribution/exponential_L2_c1_2/exponential_L2_c1_2__a488a9f38238.py,exponential_L2_c1_2,16,1,0.005563,6112.26,6111.92,examples/inventory/deepseek-chat_exponential_L2_c1_2_50_plain_processed_scipy_15_default_m2_4_r1/prompt_for_code/m2_20251217_223751.txt,"mean = 6111.92, std=981.37, range=(4707.00, 8570.00)"
a509ec3ac50aeda9ddcf77d01e94629a6c9e5f52771d40009152947b617107c9,a509ec3ac50a,policies/a509ec3ac50a.py,policies_by_distribution/exponential_L6_c1_5/exponential_L6_c1_5__a509ec3ac50a.py,exponential_L6_c1_5,3,1,0.000000,11633.84,11633.84,examples/inventory/deepseek-chat_exponential_L6_c1_5_50_plain_processed_scipy_15_default_m2_4_r2/prompt_for_code/m2_20251218_061555.txt,"mean = 11633.84, std=2365.52, range=(6786.00, 16813.00)"
a511a6f3ea8b43310f476dc9e07e3a5acab98f0c428d4c53bf1296af5919a11f,a511a6f3ea8b,policies/a511a6f3ea8b.py,policies_by_distribution/exponential_L2_c1_5/exponential_L2_c1_5__a511a6f3ea8b.py,exponential_L2_c1_5,34,2,0.000000,10223.65,10223.65,examples/inventory/deepseek-chat_exponential_L2_c1_5_50_plain_processed_scipy_15_default_m2_4_r3/prompt_for_code/m2_20251218_073131.txt,"mean = 10223.65, std=1775.70, range=(7355.43, 15560.91)"
a527e729e78d8a526e45d80110562bb78ad72880f7c8778cdcd90abdf7a3ab67,a527e729e78d,policies/a527e729e78d.py,policies_by_distribution/normal_std30_L4_c1_5/normal_std30_L4_c1_5__a527e729e78d.py,normal_std30_L4_c1_5,135,1,0.000000,4699.28,4699.28,examples/inventory/deepseek-chat_normal_std30_L4_c1_5_50_plain_processed_scipy_15_default_m2_2_r7/prompt_for_code/m2_20260128_043628.txt,"mean = 4699.28, std=502.66, range=(3790.80, 6137.21)"
a552b44cb39d0ba89df742cbed9193cf997a17c721d926b72575c2a4f9feb400,a552b44cb39d,policies/a552b44cb39d.py,policies_by_distribution/exponential_L2_c1_2/exponential_L2_c1_2__a552b44cb39d.py,exponential_L2_c1_2,4,1,0.000000,5888.58,5888.58,examples/inventory/deepseek-chat_exponential_L2_c1_2_50_plain_processed_scipy_15_default_m2_4_r3/prompt_for_code/m2_20251218_070046.txt,"mean = 5888.58, std=949.51, range=(4408.00, 8380.00)"
a57c88fc7bf19f70cbee7cb9e072fdfeb7b836da8452d9e6bb36d246cb4638c6,a57c88fc7bf1,policies/a57c88fc7bf1.py,policies_by_distribution/normal_std10_L4_c1_2/normal_std10_L4_c1_2__a57c88fc7bf1.py,normal_std10_L4_c1_2,3,1,0.742871,1335.36,1345.28,examples/inventory/deepseek-chat_normal_std10_L4_c1_2_50_plain_processed_scipy_15_default_m2_2_r7/prompt_for_code/m2_20260128_024005.txt,"mean = 1345.28, std=191.71, range=(990.00, 1797.00)"
a58150a0ebc2cecbfc13217f40d815f28e2304fc8580ac124b6779b7f5875b7a,a58150a0ebc2,policies/a58150a0ebc2.py,policies_by_distribution/poisson_L2_c1_5/poisson_L2_c1_5__a58150a0ebc2.py,poisson_L2_c1_5,26,1,0.000000,1243.1,1243.1,examples/inventory/deepseek-chat_poisson_L2_c1_5_50_plain_processed_scipy_15_default_m2_4_r3/prompt_for_code/m2_20251218_072527.txt,"mean = 1243.10, std=162.91, range=(937.00, 1590.00)"
a5d2ff50e9a7d2a5ac4f84e6ebe1854bfeaec9b913c1ded0dc1572f05ff271fd,a5d2ff50e9a7,policies/a5d2ff50e9a7.py,policies_by_distribution/exponential_L4_c1_2/exponential_L4_c1_2__a5d2ff50e9a7.py,exponential_L4_c1_2,10,1,0.000324,6167.72,6167.7,examples/inventory/deepseek-chat_exponential_L4_c1_2_50_plain_processed_scipy_15_default_m2_4_r2/prompt_for_code/m2_20251218_041303.txt,"mean = 6167.70, std=1282.69, range=(4212.00, 11722.00)"
a5d9fe740ba6cf9a2863c4d2a094c6a6bf23da773e740d8964bddade908fb42d,a5d9fe740ba6,policies/a5d9fe740ba6.py,policies_by_distribution/exponential_L6_c1_2/exponential_L6_c1_2__a5d9fe740ba6.py,exponential_L6_c1_2,3,1,0.000000,6824.57,6824.57,examples/inventory/deepseek-chat_exponential_L6_c1_2_50_plain_processed_scipy_15_default_m2_4_r3/prompt_for_code/m2_20251218_091603.txt,"mean = 6824.57, std=1066.87, range=(4283.30, 9813.78)"
a5f4596a5691e3010a313c4b8b698cdecc555a79738fb36fc0b8466370406afb,a5f4596a5691,policies/a5f4596a5691.py,policies_by_distribution/exponential_L4_c1_2/exponential_L4_c1_2__a5f4596a5691.py,exponential_L4_c1_2,14,2,0.000000,6184.3,6184.3,examples/inventory/deepseek-chat_exponential_L4_c1_2_50_plain_processed_scipy_15_default_m2_4_r3/prompt_for_code/m2_20251218_075957.txt,"mean = 6184.30, std=1320.29, range=(4084.00, 11668.00)"
a6334ff6adcd512b6263ac814d50d23dbf7ff5a9803dbe727e4fd0966497feaf,a6334ff6adcd,policies/a6334ff6adcd.py,policies_by_distribution/exponential_L2_c1_5/exponential_L2_c1_5__a6334ff6adcd.py,exponential_L2_c1_5,1,1,0.000000,11917.56,11917.56,examples/inventory/deepseek-chat_exponential_L2_c1_5_50_plain_processed_scipy_15_default_m2_4_r2/prompt_for_code/m2_20251218_031200.txt,"mean = 11917.56, std=1582.03, range=(9246.03, 16061.98)"
a66001e34119f0809891d39036649011b0643e984221e700cb1f038bec75baf1,a66001e34119,policies/a66001e34119.py,policies_by_distribution/poisson_L6_c1_2/poisson_L6_c1_2__a66001e34119.py,poisson_L6_c1_2,7,1,0.048013,2624.28,2623.02,examples/inventory/deepseek-chat_poisson_L6_c1_2_50_plain_processed_scipy_15_default_m2_4_r1/prompt_for_code/m2_20251222_015840.txt,"mean = 2623.02, std=133.62, range=(2335.00, 2842.00)"
a6648b26a6d883dd03324ef3fe4773de3119aa6a1dee5c23a6ba0d7f14606a04,a6648b26a6d8,policies/a6648b26a6d8.py,policies_by_distribution/exponential_L2_c1_2/exponential_L2_c1_2__a6648b26a6d8.py,exponential_L2_c1_2,4,1,0.000000,5895.98,5895.98,examples/inventory/deepseek-chat_exponential_L2_c1_2_50_plain_processed_scipy_15_default_m2_4_r2/prompt_for_code/m2_20251218_025049.txt,"mean = 5895.98, std=943.19, range=(4376.00, 8399.00)"
a680bea9c6d9a5eb78e896c4bcfbf52bcdae7036ee3985390cc842aef17c48d3,a680bea9c6d9,policies/a680bea9c6d9.py,policies_by_distribution/poisson_L6_c1_2/poisson_L6_c1_2__a680bea9c6d9.py,poisson_L6_c1_2,1,1,0.234085,1221.78,1224.64,examples/inventory/deepseek-chat_poisson_L6_c1_2_50_plain_processed_scipy_15_default_m2_4_r2/prompt_for_code/m2_20251218_051944.txt,"mean = 1224.64, std=114.00, range=(973.00, 1436.00)"
a6ca3c8752b946ae11797e77c83ddc68482a1cc906a5016f9deedc76302002ae,a6ca3c8752b9,policies/a6ca3c8752b9.py,policies_by_distribution/normal_std50_L6_c1_2/normal_std50_L6_c1_2__a6ca3c8752b9.py,normal_std50_L6_c1_2,14,1,0.009951,5426.32,5425.78,examples/inventory/deepseek-chat_normal_std50_L6_c1_2_50_plain_processed_scipy_15_default_m2_4_r1/prompt_for_code/m2_20251216_225610.txt,"mean = 5425.78, std=579.47, range=(4375.34, 7014.65)"
a6e2832c2916bbbe77ea262f584155890a0b7af2c554fd21a140452fa35cd56e,a6e2832c2916,policies/a6e2832c2916.py,policies_by_distribution/exponential_L6_c1_5/exponential_L6_c1_5__a6e2832c2916.py,exponential_L6_c1_5,27,1,0.000000,11007.47,11007.47,examples/inventory/deepseek-chat_exponential_L6_c1_5_50_plain_processed_scipy_15_default_m2_2_r7/prompt_for_code/m2_20260129_101507.txt,"mean = 11007.47, std=2578.06, range=(5684.79, 16927.42)"
a7465c3b854d6d82aadbb579ecd22176c519b6dc9c15f865076c4aa3e63c3702,a7465c3b854d,policies/a7465c3b854d.py,policies_by_distribution/normal_std50_L6_c1_2/normal_std50_L6_c1_2__a7465c3b854d.py,normal_std50_L6_c1_2,5,1,0.029665,3977.72,3976.54,examples/inventory/deepseek-chat_normal_std50_L6_c1_2_50_plain_processed_scipy_15_default_m2_4_r1/prompt_for_code/m2_20251216_231704.txt,"mean = 3976.54, std=656.28, range=(2983.00, 6608.00)"
a78c1188b07b2801b8cc11b35eae4fdb2886a727fde461d49e96aa59285ad831,a78c1188b07b,policies/a78c1188b07b.py,policies_by_distribution/normal_std50_L6_c1_5/normal_std50_L6_c1_5__a78c1188b07b.py,normal_std50_L6_c1_5,38,1,0.000000,6244.26,6244.26,examples/inventory/deepseek-chat_normal_std50_L6_c1_5_50_plain_processed_scipy_15_default_m2_2_r6/prompt_for_code/m2_20260129_030909.txt,"mean = 6244.26, std=1168.95, range=(3949.46, 9862.06)"
a7f1c5b8330bfd5b9293e62a2de2b05a31fe35a41b54354483b3cfaecf37b842,a7f1c5b8330b,policies/a7f1c5b8330b.py,policies_by_distribution/exponential_L6_c1_2/exponential_L6_c1_2__a7f1c5b8330b.py,exponential_L6_c1_2,3,1,0.000324,6170.5,6170.48,examples/inventory/deepseek-chat_exponential_L6_c1_2_50_plain_processed_scipy_15_default_m2_4_r2/prompt_for_code/m2_20251218_052932.txt,"mean = 6170.48, std=1100.30, range=(4095.99, 9536.58)"
a7f62ad9cb3888aa1f6fc80f7fc0af8f076ffdd13d3c95008249a180f5eb8125,a7f62ad9cb38,policies/a7f62ad9cb38.py,policies_by_distribution/normal_std10_L2_c1_5/normal_std10_L2_c1_5__a7f62ad9cb38.py,normal_std10_L2_c1_5,22,1,0.028709,1253.98,1253.62,examples/inventory/deepseek-chat_normal_std10_L2_c1_5_50_plain_processed_scipy_15_default_m2_2_r6/prompt_for_code/m2_20260129_231752.txt,"mean = 1253.62, std=147.22, range=(1018.00, 1620.00)"
a82e4de7d17772b5aad4c197b50ea929a7e916032243344e1baf19be44016947,a82e4de7d177,policies/a82e4de7d177.py,policies_by_distribution/poisson_L6_c1_5/poisson_L6_c1_5__a82e4de7d177.py,poisson_L6_c1_5,11,1,0.000000,1176.1,1176.1,examples/inventory/deepseek-chat_poisson_L6_c1_5_50_plain_processed_scipy_15_default_m2_2_r7/prompt_for_code/m2_20260130_075136.txt,"mean = 1176.10, std=222.30, range=(680.00, 1619.00)"
a83a3af57de916bfc504ba612a1ad53467e2e35950c6798df411ac1a6a754237,a83a3af57de9,policies/a83a3af57de9.py,policies_by_distribution/exponential_L2_c1_2/exponential_L2_c1_2__a83a3af57de9.py,exponential_L2_c1_2,3,1,0.000000,5881.8,5881.8,examples/inventory/deepseek-chat_exponential_L2_c1_2_50_plain_processed_scipy_15_default_m2_4_r1/prompt_for_code/m2_20251217_230254.txt,"mean = 5881.80, std=997.27, range=(4418.00, 8535.00)"
a862bc368c9a278a4048edc290862fcc08ea6000c5173ce71cd4309cb50c4493,a862bc368c9a,policies/a862bc368c9a.py,policies_by_distribution/poisson_L4_c1_5/poisson_L4_c1_5__a862bc368c9a.py,poisson_L4_c1_5,1,1,0.000000,17092.0,17092.0,examples/inventory/deepseek-chat_poisson_L4_c1_5_50_plain_processed_scipy_15_default_m2_4_r3/prompt_for_code/m2_20251218_081037.txt,"mean = 17092.00, std=460.84, range=(16008.00, 18106.00)"
a899b705f6fc1e4a5c9375ea3cd6ec1ec5c439c4920c2e4a0beae2161450ce84,a899b705f6fc,policies/a899b705f6fc.py,policies_by_distribution/normal_std10_L2_c1_2/normal_std10_L2_c1_2__a899b705f6fc.py,normal_std10_L2_c1_2,181,1,0.000000,1021.36,1021.36,examples/inventory/deepseek-chat_normal_std10_L2_c1_2_50_plain_processed_scipy_15_default_m2_2_r7/prompt_for_code/m2_20260129_200703.txt,"mean = 1021.36, std=100.18, range=(842.00, 1280.00)"
a9206a93990769763fab2180fcd2acdcf5fc3ed7e74a4978b587c25b60634741,a9206a939907,policies/a9206a939907.py,policies_by_distribution/poisson_L2_c1_5/poisson_L2_c1_5__a9206a939907.py,poisson_L2_c1_5,22,1,0.000000,1219.76,1219.76,examples/inventory/deepseek-chat_poisson_L2_c1_5_50_plain_processed_scipy_15_default_m2_4_r2/prompt_for_code/m2_20251218_031828.txt,"mean = 1219.76, std=231.16, range=(861.00, 1996.00)"
a93b7106da813660028c252f81c4931f20156f8b37bc243a420d3381254c1c2b,a93b7106da81,policies/a93b7106da81.py,policies_by_distribution/normal_std30_L4_c1_2/normal_std30_L4_c1_2__a93b7106da81.py,normal_std30_L4_c1_2,103,1,0.000000,3214.44,3214.44,examples/inventory/deepseek-chat_normal_std30_L4_c1_2_50_plain_processed_scipy_15_default_m2_2_r7/prompt_for_code/m2_20260129_073622.txt,"mean = 3214.44, std=321.88, range=(2619.00, 4051.00)"
a94b096fc06f1452f92a2ea099ffbf112fd6de3d88b331491c47406548260763,a94b096fc06f,policies/a94b096fc06f.py,policies_by_distribution/poisson_L6_c1_5/poisson_L6_c1_5__a94b096fc06f.py,poisson_L6_c1_5,3,1,0.721619,1836.15,1849.4,examples/inventory/deepseek-chat_poisson_L6_c1_5_50_plain_processed_scipy_15_default_m2_4_r2/prompt_for_code/m2_20251218_060208.txt,"mean = 1849.40, std=242.06, range=(1339.73, 2361.64)"
a9669f5cc21b20afa039a867c3f758720f1db169d8fe5ac03957f50320a0bc4a,a9669f5cc21b,policies/a9669f5cc21b.py,policies_by_distribution/poisson_L4_c1_2/poisson_L4_c1_2__a9669f5cc21b.py,poisson_L4_c1_2,11,2,0.000000,1682.66,1682.66,examples/inventory/deepseek-chat_poisson_L4_c1_2_50_plain_processed_scipy_15_default_m2_4_r2/prompt_for_code/m2_20251218_034229.txt,"mean = 1682.66, std=137.22, range=(1323.00, 2036.00)"
a996bacb4e1a5ad1d17682b4258fbb8e0e3ecc93a651cf03732a0f994f689127,a996bacb4e1a,policies/a996bacb4e1a.py,policies_by_distribution/normal_std10_L4_c1_2/normal_std10_L4_c1_2__a996bacb4e1a.py,normal_std10_L4_c1_2,11,1,0.022518,754.96,754.79,examples/inventory/deepseek-chat_normal_std10_L4_c1_2_50_plain_processed_scipy_15_default_m2_2_r8/prompt_for_code/m2_20260128_075126.txt,"mean = 754.79, std=112.06, range=(524.49, 1115.56)"
a9a6666eabdaaf01cac415fa78dc3d1f989b381eb3e4443b0e84e9018c1b4f41,a9a6666eabda,policies/a9a6666eabda.py,policies_by_distribution/exponential_L6_c1_2/exponential_L6_c1_2__a9a6666eabda.py,exponential_L6_c1_2,12,1,0.090467,7085.42,7091.83,examples/inventory/deepseek-chat_exponential_L6_c1_2_50_plain_processed_scipy_15_default_m2_4_r1/prompt_for_code/m2_20251222_034342.txt,"mean = 7091.83, std=1141.48, range=(4807.39, 10642.61)"
a9ace01d71220002a1833447adfe35dc1498c788c39455374fd2d45efe64a74e,a9ace01d7122,policies/a9ace01d7122.py,policies_by_distribution/exponential_L6_c1_5/exponential_L6_c1_5__a9ace01d7122.py,exponential_L6_c1_5,6,1,0.005163,11815.93,11815.32,examples/inventory/deepseek-chat_exponential_L6_c1_5_50_plain_processed_scipy_15_default_m2_4_r1/prompt_for_code/m2_20251218_021152.txt,"mean = 11815.32, std=2617.81, range=(6612.95, 17250.22)"
aa255bbb930dd278dfbca30e9a94829899e670ace4ef0fe5d6213593996997a3,aa255bbb930d,policies/aa255bbb930d.py,policies_by_distribution/poisson_L4_c1_2/poisson_L4_c1_2__aa255bbb930d.py,poisson_L4_c1_2,2,1,0.000000,1749.8,1749.8,examples/inventory/deepseek-chat_poisson_L4_c1_2_50_plain_processed_scipy_15_default_m2_4_r3/prompt_for_code/m2_20251218_073611.txt,"mean = 1749.80, std=107.57, range=(1401.00, 1984.00)"
aa388bffe93b937336428b9199041c08bf4f306c6fe4aed7406e279a48e4430f,aa388bffe93b,policies/aa388bffe93b.py,policies_by_distribution/exponential_L2_c1_2/exponential_L2_c1_2__aa388bffe93b.py,exponential_L2_c1_2,32,2,0.020133,5960.47,5959.27,examples/inventory/deepseek-chat_exponential_L2_c1_2_50_plain_processed_scipy_15_default_m2_4_r4/prompt_for_code/m2_20251218_104523.txt,"mean = 5959.27, std=914.14, range=(4406.45, 8345.33)"
aa4896dc94849d5376b68b144e02d3aa82b4e432e7302fcbe2f458c1166a446b,aa4896dc9484,policies/aa4896dc9484.py,policies_by_distribution/exponential_L2_c1_2/exponential_L2_c1_2__aa4896dc9484.py,exponential_L2_c1_2,1,1,0.000000,6165.14,6165.14,examples/inventory/deepseek-chat_exponential_L2_c1_2_50_plain_processed_scipy_15_default_m2_4_r2/prompt_for_code/m2_20251218_023853.txt,"mean = 6165.14, std=1010.39, range=(4651.63, 8729.04)"
aa72dba0d063f930e59d524c976f324d6730290d560688dbdd6bd08f0e5f73cf,aa72dba0d063,policies/aa72dba0d063.py,policies_by_distribution/normal_std50_L6_c1_2/normal_std50_L6_c1_2__aa72dba0d063.py,normal_std50_L6_c1_2,16,1,0.000000,5539.36,5539.36,examples/inventory/deepseek-chat_normal_std50_L6_c1_2_50_plain_processed_scipy_15_default_m2_2_r7/prompt_for_code/m2_20260128_172406.txt,"mean = 5539.36, std=642.48, range=(4336.02, 6924.95)"
aa940ecaaeb4440a33160e9ff95dae3a2ce32619a277210f46e1f31f88dc9525,aa940ecaaeb4,policies/aa940ecaaeb4.py,policies_by_distribution/normal_std10_L6_c1_2/normal_std10_L6_c1_2__aa940ecaaeb4.py,normal_std10_L6_c1_2,6,1,0.733035,2480.1,2498.28,examples/inventory/deepseek-chat_normal_std10_L6_c1_2_50_plain_processed_scipy_15_default_m2_2_r7/prompt_for_code/m2_20260129_063842.txt,"mean = 2498.28, std=130.14, range=(2238.00, 2894.00)"
aa95a102b3ea9c43bd4ddad55a9553950350d05f8199783ac8fc52be8b567005,aa95a102b3ea,policies/aa95a102b3ea.py,policies_by_distribution/normal_std30_L4_c1_5/normal_std30_L4_c1_5__aa95a102b3ea.py,normal_std30_L4_c1_5,13,1,0.000000,3524.23,3524.23,examples/inventory/deepseek-chat_normal_std30_L4_c1_5_50_plain_processed_scipy_15_default_m2_2_r6/prompt_for_code/m2_20260128_004647.txt,"mean = 3524.23, std=506.88, range=(2450.30, 4905.88)"
aacc96f62544cd07aab61c073aa79c9758a00c1c5df30716811016f3d50ae7ae,aacc96f62544,policies/aacc96f62544.py,policies_by_distribution/poisson_L2_c1_5/poisson_L2_c1_5__aacc96f62544.py,poisson_L2_c1_5,8,1,0.000000,3228.9,3228.9,examples/inventory/deepseek-chat_poisson_L2_c1_5_50_plain_processed_scipy_15_default_m2_4_r2/prompt_for_code/m2_20251218_025230.txt,"mean = 3228.90, std=238.95, range=(2631.00, 3673.00)"
aad3669cc0840b0e4ed14bd317b3c3c99bc913b4d292d37431ce97c89594f8a4,aad3669cc084,policies/aad3669cc084.py,policies_by_distribution/poisson_L6_c1_5/poisson_L6_c1_5__aad3669cc084.py,poisson_L6_c1_5,33,1,0.023531,1189.94,1190.22,examples/inventory/deepseek-chat_poisson_L6_c1_5_50_plain_processed_scipy_15_default_m2_4_r1/prompt_for_code/m2_20251218_020657.txt,"mean = 1190.22, std=230.46, range=(675.57, 1678.87)"
aadd3eec0968ecbd756cbf90a0818810c4118af8fa6a48193ad15c3fbd006d97,aadd3eec0968,policies/aadd3eec0968.py,policies_by_distribution/poisson_L2_c1_2/poisson_L2_c1_2__aadd3eec0968.py,poisson_L2_c1_2,7,1,0.000000,698.56,698.56,examples/inventory/deepseek-chat_poisson_L2_c1_2_50_plain_processed_scipy_15_default_m2_4_r1/prompt_for_code/m2_20251217_225040.txt,"mean = 698.56, std=101.82, range=(505.00, 955.00)"
aaee6e50f1f717e9c37702a2805baf4dc50ab5a385350af5a910b8290a9a9bb9,aaee6e50f1f7,policies/aaee6e50f1f7.py,policies_by_distribution/exponential_L2_c1_2/exponential_L2_c1_2__aaee6e50f1f7.py,exponential_L2_c1_2,6,1,0.000000,5936.56,5936.56,examples/inventory/deepseek-chat_exponential_L2_c1_2_50_plain_processed_scipy_15_default_m2_4_r4/prompt_for_code/m2_20251218_104718.txt,"mean = 5936.56, std=957.14, range=(4352.00, 8450.00)"
aaf31dc32233de0cf3e2d147114658d8dab8537a8139eeedb57a4b66c54a4f17,aaf31dc32233,policies/aaf31dc32233.py,policies_by_distribution/exponential_L6_c1_5/exponential_L6_c1_5__aaf31dc32233.py,exponential_L6_c1_5,2,1,0.004401,12270.96,12270.42,examples/inventory/deepseek-chat_exponential_L6_c1_5_50_plain_processed_scipy_15_default_m2_4_r2/prompt_for_code/m2_20251218_060753.txt,"mean = 12270.42, std=2625.06, range=(6707.00, 19258.00)"
ab54e7699907828bb2add1250e25d6fba71c6337c33444e3b18fc361db75c1bf,ab54e7699907,policies/ab54e7699907.py,policies_by_distribution/exponential_L4_c1_2/exponential_L4_c1_2__ab54e7699907.py,exponential_L4_c1_2,21,1,0.000646,6193.86,6193.82,examples/inventory/deepseek-chat_exponential_L4_c1_2_50_plain_processed_scipy_15_default_m2_4_r3/prompt_for_code/m2_20251218_075747.txt,"mean = 6193.82, std=1305.31, range=(4129.00, 11722.00)"
ab6a49794cf92578c4ca59a15d9e995fbfe36589fc0075a7869ab14a13ca79a9,ab6a49794cf9,policies/ab6a49794cf9.py,policies_by_distribution/poisson_L6_c1_2/poisson_L6_c1_2__ab6a49794cf9.py,poisson_L6_c1_2,4,1,0.032066,1091.5,1091.85,examples/inventory/deepseek-chat_poisson_L6_c1_2_50_plain_processed_scipy_15_default_m2_4_r1/prompt_for_code/m2_20251218_012938.txt,"mean = 1091.85, std=157.42, range=(772.67, 1765.18)"
ab6f8ab013301c7695411d05dda18ccae5c38e50a6dbe75c96908812beb893c7,ab6f8ab01330,policies/ab6f8ab01330.py,policies_by_distribution/poisson_L4_c1_2/poisson_L4_c1_2__ab6f8ab01330.py,poisson_L4_c1_2,3,1,0.000000,1461.74,1461.74,examples/inventory/deepseek-chat_poisson_L4_c1_2_50_plain_processed_scipy_15_default_m2_2_r6/prompt_for_code/m2_20260130_024318.txt,"mean = 1461.74, std=155.98, range=(1141.65, 1805.46)"
ab82e6c0244005abbacf523c348963a48e0a2063427d92fda0d193853efa0574,ab82e6c02440,policies/ab82e6c02440.py,policies_by_distribution/exponential_L6_c1_2/exponential_L6_c1_2__ab82e6c02440.py,exponential_L6_c1_2,28,1,0.000000,7148.52,7148.52,examples/inventory/deepseek-chat_exponential_L6_c1_2_50_plain_processed_scipy_15_default_m2_4_r3/prompt_for_code/m2_20251218_091452.txt,"mean = 7148.52, std=1114.00, range=(4633.18, 10139.03)"
abb096d5de56642507b7e8960c8d897fa4da2a06cda573e9f7defa63f987f17b,abb096d5de56,policies/abb096d5de56.py,policies_by_distribution/normal_std10_L2_c1_2/normal_std10_L2_c1_2__abb096d5de56.py,normal_std10_L2_c1_2,34,1,0.000000,974.18,974.18,examples/inventory/deepseek-chat_normal_std10_L2_c1_2_50_plain_processed_scipy_15_default_m2_2_r9/prompt_for_code/m2_20260129_213345.txt,"mean = 974.18, std=99.57, range=(786.76, 1234.76)"
abd20cb9dde467b051ada92d2697b4e44b2c291a08e159da10b23e3b5d146579,abd20cb9dde4,policies/abd20cb9dde4.py,policies_by_distribution/exponential_L2_c1_5/exponential_L2_c1_5__abd20cb9dde4.py,exponential_L2_c1_5,6,1,0.000000,10161.87,10161.87,examples/inventory/deepseek-chat_exponential_L2_c1_5_50_plain_processed_scipy_15_default_m2_4_r1/prompt_for_code/m2_20251217_232603.txt,"mean = 10161.87, std=1815.53, range=(7148.98, 15584.32)"
ac00e3a17df3ca620abc79efa7a73c8b03fbeb331d4c83a8747996db18196d26,ac00e3a17df3,policies/ac00e3a17df3.py,policies_by_distribution/normal_std30_L6_c1_2/normal_std30_L6_c1_2__ac00e3a17df3.py,normal_std30_L6_c1_2,4,1,0.000000,2378.1,2378.1,examples/inventory/deepseek-chat_normal_std30_L6_c1_2_50_plain_processed_scipy_15_default_m2_2_r6/prompt_for_code/m2_20260130_022741.txt,"mean = 2378.10, std=382.21, range=(1659.00, 3617.00)"
ac2f232434f002b6c8e65659f4a09834ecfa246703a52034111018c729e14c4d,ac2f232434f0,policies/ac2f232434f0.py,policies_by_distribution/normal_std10_L4_c1_2/normal_std10_L4_c1_2__ac2f232434f0.py,normal_std10_L4_c1_2,5,1,0.014162,1271.04,1270.86,examples/inventory/deepseek-chat_normal_std10_L4_c1_2_50_plain_processed_scipy_15_default_m2_2_r7/prompt_for_code/m2_20260128_030012.txt,"mean = 1270.86, std=186.18, range=(919.00, 1741.00)"
ac5bf147ec6d5652b8272c211ba557c77a9ace2efe9c170f677fe889f66bb44d,ac5bf147ec6d,policies/ac5bf147ec6d.py,policies_by_distribution/exponential_L6_c1_2/exponential_L6_c1_2__ac5bf147ec6d.py,exponential_L6_c1_2,1,1,0.076891,7022.95,7017.55,examples/inventory/deepseek-chat_exponential_L6_c1_2_50_plain_processed_scipy_15_default_m2_4_r1/prompt_for_code/m2_20251222_035717.txt,"mean = 7017.55, std=1133.43, range=(4520.89, 10085.37)"
ac5fa8a70e62f2c696e0a5bb12995d65fa2f514adea34a8e8f83f0b1030d3836,ac5fa8a70e62,policies/ac5fa8a70e62.py,policies_by_distribution/normal_std10_L2_c1_5/normal_std10_L2_c1_5__ac5fa8a70e62.py,normal_std10_L2_c1_5,13,1,0.000000,1188.58,1188.58,examples/inventory/deepseek-chat_normal_std10_L2_c1_5_50_plain_processed_scipy_15_default_m2_2_r6/prompt_for_code/m2_20260129_002629.txt,"mean = 1188.58, std=162.96, range=(914.00, 1554.00)"
ac6beae9280cad0ea3a57f20b9706f48c53362662c78281dbae6e37125e4fba5,ac6beae9280c,policies/ac6beae9280c.py,policies_by_distribution/exponential_L4_c1_2/exponential_L4_c1_2__ac6beae9280c.py,exponential_L4_c1_2,23,1,0.006840,6140.78,6140.36,examples/inventory/deepseek-chat_exponential_L4_c1_2_50_plain_processed_scipy_15_default_m2_4_r3/prompt_for_code/m2_20251218_080037.txt,"mean = 6140.36, std=1277.41, range=(4136.00, 11626.00)"
acdbe070eeb47aa23da287bce2e8fed03e5a4ef283c113c65f2acdeddd3b0d28,acdbe070eeb4,policies/acdbe070eeb4.py,policies_by_distribution/poisson_L2_c1_5/poisson_L2_c1_5__acdbe070eeb4.py,poisson_L2_c1_5,28,2,0.000000,1253.8,1253.8,examples/inventory/deepseek-chat_poisson_L2_c1_5_50_plain_processed_scipy_15_default_m2_4_r2/prompt_for_code/m2_20251218_031240.txt,"mean = 1253.80, std=233.58, range=(853.00, 1994.00)"
ad0e76d7ddcb355ec060e67fa70270ed008661467bc05dc75c8e08dfced94acd,ad0e76d7ddcb,policies/ad0e76d7ddcb.py,policies_by_distribution/normal_std30_L6_c1_2/normal_std30_L6_c1_2__ad0e76d7ddcb.py,normal_std30_L6_c1_2,37,1,0.033308,2401.8,2402.6,examples/inventory/deepseek-chat_normal_std30_L6_c1_2_50_plain_processed_scipy_15_default_m2_2_r6/prompt_for_code/m2_20260130_030338.txt,"mean = 2402.60, std=340.07, range=(1721.00, 3241.00)"
ad267bf9cefb9f1bdeb3c259381d5f7e83f32701a559104070720d1cf16fa5a2,ad267bf9cefb,policies/ad267bf9cefb.py,policies_by_distribution/poisson_L2_c1_5/poisson_L2_c1_5__ad267bf9cefb.py,poisson_L2_c1_5,7,1,0.000000,1373.18,1373.18,examples/inventory/deepseek-chat_poisson_L2_c1_5_50_plain_processed_scipy_15_default_m2_4_r1/prompt_for_code/m2_20251217_231135.txt,"mean = 1373.18, std=172.92, range=(1024.00, 1852.00)"
ad4955fec4198a9d337b6c7cd60dd85a8bb49a48be2220f8632176b7299948bc,ad4955fec419,policies/ad4955fec419.py,policies_by_distribution/normal_std10_L4_c1_2/normal_std10_L4_c1_2__ad4955fec419.py,normal_std10_L4_c1_2,16,1,0.400761,978.14,982.06,examples/inventory/deepseek-chat_normal_std10_L4_c1_2_50_plain_processed_scipy_15_default_m2_2_r6/prompt_for_code/m2_20260129_235533.txt,"mean = 982.06, std=154.75, range=(769.00, 1778.00)"
ad772ad7af9900ead0b4524e7a19207957dcb3763ac9cfa6f31b08ce46036926,ad772ad7af99,policies/ad772ad7af99.py,policies_by_distribution/poisson_L2_c1_2/poisson_L2_c1_2__ad772ad7af99.py,poisson_L2_c1_2,1,1,0.001039,962.22,962.21,examples/inventory/deepseek-chat_poisson_L2_c1_2_50_plain_processed_scipy_15_default_m2_4_r2/prompt_for_code/m2_20251218_023450.txt,"mean = 962.21, std=87.95, range=(798.74, 1247.96)"
adf6c3aac9899baa3db1bf79bf326425a27270866156e4b4ab6bc40a6bca156d,adf6c3aac989,policies/adf6c3aac989.py,policies_by_distribution/poisson_L4_c1_5/poisson_L4_c1_5__adf6c3aac989.py,poisson_L4_c1_5,1,1,0.000000,8159.5,8159.5,examples/inventory/deepseek-chat_poisson_L4_c1_5_50_plain_processed_scipy_15_default_m2_4_r1/prompt_for_code/m2_20251218_002808.txt,"mean = 8159.50, std=599.11, range=(6939.00, 9508.00)"
ae0b7194b853e78aff57ebffa98be55b2358868d103e28212b726ebcbb6cde24,ae0b7194b853,policies/ae0b7194b853.py,policies_by_distribution/normal_std10_L4_c1_2/normal_std10_L4_c1_2__ae0b7194b853.py,normal_std10_L4_c1_2,10,1,0.111533,1022.12,1020.98,examples/inventory/deepseek-chat_normal_std10_L4_c1_2_50_plain_processed_scipy_15_default_m2_2_r6/prompt_for_code/m2_20260129_235006.txt,"mean = 1020.98, std=144.92, range=(809.00, 1425.00)"
ae0dc9c57b435b724eccf10f0493d810b26bd8571928104cfa114d6ec4309835,ae0dc9c57b43,policies/ae0dc9c57b43.py,policies_by_distribution/exponential_L6_c1_2/exponential_L6_c1_2__ae0dc9c57b43.py,exponential_L6_c1_2,17,1,0.000000,6188.92,6188.92,examples/inventory/deepseek-chat_exponential_L6_c1_2_50_plain_processed_scipy_15_default_m2_2_r7/prompt_for_code/m2_20260129_094643.txt,"mean = 6188.92, std=1053.11, range=(4147.00, 9644.00)"
ae3d490f7fd6ef4554734c98f63ec0c524d7afdf5353f3bad892b51db3387c2f,ae3d490f7fd6,policies/ae3d490f7fd6.py,policies_by_distribution/exponential_L4_c1_2/exponential_L4_c1_2__ae3d490f7fd6.py,exponential_L4_c1_2,38,1,0.000000,6173.76,6173.76,examples/inventory/deepseek-chat_exponential_L4_c1_2_50_plain_processed_scipy_15_default_m2_4_r3/prompt_for_code/m2_20251218_081701.txt,"mean = 6173.76, std=1264.99, range=(4307.00, 11610.00)"
ae895c1885535b33982dc25da0a2e8e986de7845f7535450f6f08d001c129f93,ae895c188553,policies/ae895c188553.py,policies_by_distribution/exponential_L2_c1_2/exponential_L2_c1_2__ae895c188553.py,exponential_L2_c1_2,14,1,0.000000,5900.56,5900.56,examples/inventory/deepseek-chat_exponential_L2_c1_2_50_plain_processed_scipy_15_default_m2_4_r2/prompt_for_code/m2_20251218_024823.txt,"mean = 5900.56, std=942.17, range=(4350.00, 8430.00)"
aecf550c1b97ad402cb8916e7d2030f0cb638f0ebf4f20ab853b1a201a3f7cf1,aecf550c1b97,policies/aecf550c1b97.py,policies_by_distribution/exponential_L2_c1_2/exponential_L2_c1_2__aecf550c1b97.py,exponential_L2_c1_2,11,1,0.005062,5926.24,5926.54,examples/inventory/deepseek-chat_exponential_L2_c1_2_50_plain_processed_scipy_15_default_m2_4_r3/prompt_for_code/m2_20251218_065351.txt,"mean = 5926.54, std=1027.44, range=(4523.00, 8647.00)"
aee5212be3468e7c4dc91afd89559742cb5f7ea44cb373b863e5da460844c2ed,aee5212be346,policies/aee5212be346.py,policies_by_distribution/poisson_L6_c1_2/poisson_L6_c1_2__aee5212be346.py,poisson_L6_c1_2,5,1,0.287055,1661.7,1666.47,examples/inventory/deepseek-chat_poisson_L6_c1_2_50_plain_processed_scipy_15_default_m2_4_r3/prompt_for_code/m2_20251218_092045.txt,"mean = 1666.47, std=243.92, range=(1333.37, 2482.25)"
af33aff731577dfc2331422c5ace5b80ca671390b1290c8d076b7b9a56a1552c,af33aff73157,policies/af33aff73157.py,policies_by_distribution/normal_std50_L6_c1_2/normal_std50_L6_c1_2__af33aff73157.py,normal_std50_L6_c1_2,12,1,0.000000,4017.2,4017.2,examples/inventory/deepseek-chat_normal_std50_L6_c1_2_50_plain_processed_scipy_15_default_m2_2_r6/prompt_for_code/m2_20260128_133601.txt,"mean = 4017.20, std=648.80, range=(2898.00, 6696.00)"
af3a7c99e69aab87fab6f4a401ac20daf4c697ebffc20a267fe5354b729ff4e5,af3a7c99e69a,policies/af3a7c99e69a.py,policies_by_distribution/normal_std50_L6_c1_2/normal_std50_L6_c1_2__af3a7c99e69a.py,normal_std50_L6_c1_2,14,1,0.006573,3803.49,3803.74,examples/inventory/deepseek-chat_normal_std50_L6_c1_2_50_plain_processed_scipy_15_default_m2_4_r1/prompt_for_code/m2_20251216_234401.txt,"mean = 3803.74, std=829.45, range=(2380.00, 7616.00)"
af3d67c25938e38178248657511c70ca41366d4a7a47fe4b4d7d799e6b718b49,af3d67c25938,policies/af3d67c25938.py,policies_by_distribution/normal_std10_L6_c1_5/normal_std10_L6_c1_5__af3d67c25938.py,normal_std10_L6_c1_5,14,1,0.000000,3165.92,3165.92,examples/inventory/deepseek-chat_normal_std10_L6_c1_5_50_plain_processed_scipy_15_default_m2_2_r7/prompt_for_code/m2_20260130_051632.txt,"mean = 3165.92, std=215.17, range=(2706.57, 3821.14)"
afb92619ca012f9a36220257d35c1bebacd6ed24fdf986f2b798acbf77bb7a37,afb92619ca01,policies/afb92619ca01.py,policies_by_distribution/exponential_L2_c1_2/exponential_L2_c1_2__afb92619ca01.py,exponential_L2_c1_2,5,1,0.085935,6400.22,6394.72,examples/inventory/deepseek-chat_exponential_L2_c1_2_50_plain_processed_scipy_15_default_m2_4_r1/prompt_for_code/m2_20251217_223014.txt,"mean = 6394.72, std=856.83, range=(4833.00, 8539.00)"
afc30c92845f69eb5d93bb38eebd8ad63c92616d5d1222f1320a4511b77bc9ad,afc30c92845f,policies/afc30c92845f.py,policies_by_distribution/exponential_L2_c1_2/exponential_L2_c1_2__afc30c92845f.py,exponential_L2_c1_2,12,1,0.001357,5893.3,5893.22,examples/inventory/deepseek-chat_exponential_L2_c1_2_50_plain_processed_scipy_15_default_m2_4_r2/prompt_for_code/m2_20251218_030008.txt,"mean = 5893.22, std=989.57, range=(4458.00, 8516.00)"
afc9f0117b7eec3d4e43015b561554072961524cdcafdbbff270fac1146b29a0,afc9f0117b7e,policies/afc9f0117b7e.py,policies_by_distribution/normal_std30_L6_c1_2/normal_std30_L6_c1_2__afc9f0117b7e.py,normal_std30_L6_c1_2,65,1,0.006141,2279.7,2279.84,examples/inventory/deepseek-chat_normal_std30_L6_c1_2_50_plain_processed_scipy_15_default_m2_2_r6/prompt_for_code/m2_20260128_013209.txt,"mean = 2279.84, std=328.63, range=(1699.00, 3086.00)"
afe91d1b3b1cd5902732960c6cb72dc1074f436bb1497bd7f18297d48e74eeee,afe91d1b3b1c,policies/afe91d1b3b1c.py,policies_by_distribution/normal_std30_L6_c1_2/normal_std30_L6_c1_2__afe91d1b3b1c.py,normal_std30_L6_c1_2,34,1,0.006724,2379.48,2379.32,examples/inventory/deepseek-chat_normal_std30_L6_c1_2_50_plain_processed_scipy_15_default_m2_2_r6/prompt_for_code/m2_20260128_010031.txt,"mean = 2379.32, std=369.78, range=(1727.00, 3397.00)"
b01527a55c610fa0bb87de29176317265d252c920b0f8a2ce0120036003ba13e,b01527a55c61,policies/b01527a55c61.py,policies_by_distribution/poisson_L6_c1_2/poisson_L6_c1_2__b01527a55c61.py,poisson_L6_c1_2,3,1,0.363875,2580.56,2589.95,examples/inventory/deepseek-chat_poisson_L6_c1_2_50_plain_processed_scipy_15_default_m2_4_r1/prompt_for_code/m2_20251222_015846.txt,"mean = 2589.95, std=144.11, range=(2181.89, 2878.61)"
b0abed89e9f5fd451858d2e7f978cb45673285b28c517095d4d620a5b42dfca3,b0abed89e9f5,policies/b0abed89e9f5.py,policies_by_distribution/exponential_L2_c1_5/exponential_L2_c1_5__b0abed89e9f5.py,exponential_L2_c1_5,7,1,0.000000,10164.58,10164.58,examples/inventory/deepseek-chat_exponential_L2_c1_5_50_plain_processed_scipy_15_default_m2_4_r1/prompt_for_code/m2_20251217_232224.txt,"mean = 10164.58, std=1815.50, range=(7120.02, 15595.75)"
b1216e9a8766287ec6b872bd9052b983450e4afa3093a13208685b31302cf2fa,b1216e9a8766,policies/b1216e9a8766.py,policies_by_distribution/exponential_L2_c1_5/exponential_L2_c1_5__b1216e9a8766.py,exponential_L2_c1_5,13,1,0.000000,11186.14,11186.14,examples/inventory/deepseek-chat_exponential_L2_c1_5_50_plain_processed_scipy_15_default_m2_4_r2/prompt_for_code/m2_20251218_031159.txt,"mean = 11186.14, std=1649.23, range=(8489.00, 15857.00)"
b1dd6a475e275eaabc33410b48d722ccd04395d1b6d2c852eb20c9b737fde0da,b1dd6a475e27,policies/b1dd6a475e27.py,policies_by_distribution/normal_std50_L6_c1_5/normal_std50_L6_c1_5__b1dd6a475e27.py,normal_std50_L6_c1_5,11,1,0.000000,6977.38,6977.38,examples/inventory/deepseek-chat_normal_std50_L6_c1_5_50_plain_processed_scipy_15_default_m2_2_r6/prompt_for_code/m2_20260128_134753.txt,"mean = 6977.38, std=1220.30, range=(4789.00, 10447.00)"
b216381da017b66c3838f4691b055eb33deece7fafb50351da224d9911b2dd71,b216381da017,policies/b216381da017.py,policies_by_distribution/poisson_L6_c1_5/poisson_L6_c1_5__b216381da017.py,poisson_L6_c1_5,9,1,0.033363,2218.0,2218.74,examples/inventory/deepseek-chat_poisson_L6_c1_5_50_plain_processed_scipy_15_default_m2_4_r3/prompt_for_code/m2_20251218_095459.txt,"mean = 2218.74, std=306.61, range=(1309.00, 3081.00)"
b21ccf1e1fb70b17398758b2a8d170c5c745e0c7970623be7aab316a7d3bfdc9,b21ccf1e1fb7,policies/b21ccf1e1fb7.py,policies_by_distribution/exponential_L6_c1_2/exponential_L6_c1_2__b21ccf1e1fb7.py,exponential_L6_c1_2,1,1,0.029261,6561.65,6559.73,examples/inventory/deepseek-chat_exponential_L6_c1_2_50_plain_processed_scipy_15_default_m2_4_r1/prompt_for_code/m2_20251222_043331.txt,"mean = 6559.73, std=1050.01, range=(4413.07, 9859.42)"
b238c5d589de09d72d690135190c0a163dd962f02eae26720ce5c8ce9007523a,b238c5d589de,policies/b238c5d589de.py,policies_by_distribution/exponential_L6_c1_2/exponential_L6_c1_2__b238c5d589de.py,exponential_L6_c1_2,4,1,0.000000,6107.28,6107.28,examples/inventory/deepseek-chat_exponential_L6_c1_2_50_plain_processed_scipy_15_default_m2_4_r2/prompt_for_code/m2_20251218_054220.txt,"mean = 6107.28, std=1065.37, range=(4078.73, 9564.87)"
b24a7d4a6086cda1cc6b0f471f74346c08dd8611f69e2e7c204ad5024e65fdb9,b24a7d4a6086,policies/b24a7d4a6086.py,policies_by_distribution/normal_std10_L6_c1_5/normal_std10_L6_c1_5__b24a7d4a6086.py,normal_std10_L6_c1_5,15,1,0.160195,1304.66,1306.75,examples/inventory/deepseek-chat_normal_std10_L6_c1_5_50_plain_processed_scipy_15_default_m2_2_r6/prompt_for_code/m2_20260130_184253.txt,"mean = 1306.75, std=221.39, range=(843.07, 1932.04)"
b27326cd168519b9c778f7dc71c3e792484c7d49ce6769290fd4c274796d4686,b27326cd1685,policies/b27326cd1685.py,policies_by_distribution/exponential_L6_c1_2/exponential_L6_c1_2__b27326cd1685.py,exponential_L6_c1_2,1,1,0.000000,6235.26,6235.26,examples/inventory/deepseek-chat_exponential_L6_c1_2_50_plain_processed_scipy_15_default_m2_4_r3/prompt_for_code/m2_20251218_092608.txt,"mean = 6235.26, std=1019.65, range=(4222.00, 9480.00)"
b2b2d21185e71d9395792e262493f2355a3116c722d3293bcbdae948f8e522ef,b2b2d21185e7,policies/b2b2d21185e7.py,policies_by_distribution/normal_std10_L4_c1_2/normal_std10_L4_c1_2__b2b2d21185e7.py,normal_std10_L4_c1_2,34,1,0.000000,1053.83,1053.83,examples/inventory/deepseek-chat_normal_std10_L4_c1_2_50_plain_processed_scipy_15_default_m2_2_r7/prompt_for_code/m2_20260130_043701.txt,"mean = 1053.83, std=149.59, range=(796.36, 1579.95)"
b2d08417db71f9e2271397ef935a25f42f9e179c3a37b4595c32e88745bcba3e,b2d08417db71,policies/b2d08417db71.py,policies_by_distribution/poisson_L2_c1_5/poisson_L2_c1_5__b2d08417db71.py,poisson_L2_c1_5,6,1,0.000000,1432.82,1432.82,examples/inventory/deepseek-chat_poisson_L2_c1_5_50_plain_processed_scipy_15_default_m2_4_r2/prompt_for_code/m2_20251218_025753.txt,"mean = 1432.82, std=156.08, range=(1008.00, 1765.00)"
b2e11468a9dfcb0dc57612401ea99b1ef3f4f2de70cbb66616c23c1ebdcb4154,b2e11468a9df,policies/b2e11468a9df.py,policies_by_distribution/normal_std30_L6_c1_5/normal_std30_L6_c1_5__b2e11468a9df.py,normal_std30_L6_c1_5,20,1,0.221106,4378.0,4368.32,examples/inventory/deepseek-chat_normal_std30_L6_c1_5_50_plain_processed_scipy_15_default_m2_2_r6/prompt_for_code/m2_20260128_013659.txt,"mean = 4368.32, std=621.56, range=(2851.00, 5709.00)"
b3442b74ddaba20177939c5385caa03cbc4068396d181475170f4371ff8054ef,b3442b74ddab,policies/b3442b74ddab.py,policies_by_distribution/exponential_L6_c1_5/exponential_L6_c1_5__b3442b74ddab.py,exponential_L6_c1_5,12,2,0.000000,13808.1,13808.1,examples/inventory/deepseek-chat_exponential_L6_c1_5_50_plain_processed_scipy_15_default_m2_4_r2/prompt_for_code/m2_20251218_055822.txt,"mean = 13808.10, std=2947.13, range=(7901.00, 21379.00)"
b36f54192f40007901e4a218093aa76b0179638ec4819a15f014d84db5b32505,b36f54192f40,policies/b36f54192f40.py,policies_by_distribution/poisson_L6_c1_2/poisson_L6_c1_2__b36f54192f40.py,poisson_L6_c1_2,5,1,0.001314,761.03,761.02,examples/inventory/deepseek-chat_poisson_L6_c1_2_50_plain_processed_scipy_15_default_m2_4_r1/prompt_for_code/m2_20251222_023312.txt,"mean = 761.02, std=111.27, range=(492.07, 1085.18)"
b38534d2a069245c8b3a307ed069d044b8a57fca66ca6d6a30aca72c2f9db14d,b38534d2a069,policies/b38534d2a069.py,policies_by_distribution/normal_std30_L6_c1_2/normal_std30_L6_c1_2__b38534d2a069.py,normal_std30_L6_c1_2,33,1,0.092537,2420.66,2422.9,examples/inventory/deepseek-chat_normal_std30_L6_c1_2_50_plain_processed_scipy_15_default_m2_2_r7/prompt_for_code/m2_20260130_070959.txt,"mean = 2422.90, std=331.48, range=(1777.00, 3073.00)"
b44b8cec539bac3f789712dde9a8c481dd153c2ae9ef7e0099547e87a775e731,b44b8cec539b,policies/b44b8cec539b.py,policies_by_distribution/poisson_L4_c1_2/poisson_L4_c1_2__b44b8cec539b.py,poisson_L4_c1_2,9,1,0.042561,1033.82,1033.38,examples/inventory/deepseek-chat_poisson_L4_c1_2_50_plain_processed_scipy_15_default_m2_2_r7/prompt_for_code/m2_20260128_184505.txt,"mean = 1033.38, std=181.68, range=(714.00, 1498.00)"
b44d62b636f257861ca5d76cbefa98aaede6df5bb724f837b25f7c41051a71a6,b44d62b636f2,policies/b44d62b636f2.py,policies_by_distribution/normal_std50_L6_c1_2/normal_std50_L6_c1_2__b44d62b636f2.py,normal_std50_L6_c1_2,27,1,0.000000,3746.45,3746.45,examples/inventory/deepseek-chat_normal_std50_L6_c1_2_50_plain_processed_scipy_15_default_m2_2_r8/prompt_for_code/m2_20260128_214258.txt,"mean = 3746.45, std=748.00, range=(2329.25, 6631.76)"
b4d3a81e9ff7e773b900640ec8d935c61a635149bb55311e16993eeec458deb9,b4d3a81e9ff7,policies/b4d3a81e9ff7.py,policies_by_distribution/normal_std10_L6_c1_5/normal_std10_L6_c1_5__b4d3a81e9ff7.py,normal_std10_L6_c1_5,74,1,0.000000,3403.36,3403.36,examples/inventory/deepseek-chat_normal_std10_L6_c1_5_50_plain_processed_scipy_15_default_m2_2_r6/prompt_for_code/m2_20260130_001739.txt,"mean = 3403.36, std=229.31, range=(2969.00, 4013.00)"
b4e279740c9e82ee9bdc0e2652e170f41c3ff6a1d527e5de51e0fcb0b72647c7,b4e279740c9e,policies/b4e279740c9e.py,policies_by_distribution/normal_std50_L6_c1_5/normal_std50_L6_c1_5__b4e279740c9e.py,normal_std50_L6_c1_5,49,1,0.000000,6171.63,6171.63,examples/inventory/deepseek-chat_normal_std50_L6_c1_5_50_plain_processed_scipy_15_default_m2_2_r6/prompt_for_code/m2_20260128_140925.txt,"mean = 6171.63, std=1216.25, range=(4126.85, 9976.28)"
b4fb3822fb1cc798ffa2da016c4d0a98ec63a3ac362c9c89d4da5701b453bd19,b4fb3822fb1c,policies/b4fb3822fb1c.py,policies_by_distribution/poisson_L2_c1_2/poisson_L2_c1_2__b4fb3822fb1c.py,poisson_L2_c1_2,4,1,0.000000,958.73,958.73,examples/inventory/deepseek-chat_poisson_L2_c1_2_50_plain_processed_scipy_15_default_m2_4_r2/prompt_for_code/m2_20251218_022720.txt,"mean = 958.73, std=88.00, range=(795.63, 1244.51)"
b590435f7f81a69227a28cbdc8598af2ccda6ded4057960f00a307db1b3bd3ae,b590435f7f81,policies/b590435f7f81.py,policies_by_distribution/poisson_L2_c1_5/poisson_L2_c1_5__b590435f7f81.py,poisson_L2_c1_5,22,1,0.000000,1150.55,1150.55,examples/inventory/deepseek-chat_poisson_L2_c1_5_50_plain_processed_scipy_15_default_m2_4_r1/prompt_for_code/m2_20251217_231834.txt,"mean = 1150.55, std=163.43, range=(726.93, 1451.35)"
b5bb691099f4dcbede571be377575b4ddd157b4091bb4626fa1dbe34561dceef,b5bb691099f4,policies/b5bb691099f4.py,policies_by_distribution/normal_std10_L6_c1_2/normal_std10_L6_c1_2__b5bb691099f4.py,normal_std10_L6_c1_2,23,1,0.000000,796.11,796.11,examples/inventory/deepseek-chat_normal_std10_L6_c1_2_50_plain_processed_scipy_15_default_m2_2_r6/prompt_for_code/m2_20260128_002044.txt,"mean = 796.11, std=157.12, range=(534.56, 1315.85)"
b5c6cf733491fb3edb1704e32939177584f7e5532680ed8edf89af27c97ff4df,b5c6cf733491,policies/b5c6cf733491.py,policies_by_distribution/exponential_L2_c1_5/exponential_L2_c1_5__b5c6cf733491.py,exponential_L2_c1_5,1,1,0.245171,12138.47,12108.71,examples/inventory/deepseek-chat_exponential_L2_c1_5_50_plain_processed_scipy_15_default_m2_4_r3/prompt_for_code/m2_20251218_071934.txt,"mean = 12108.71, std=2008.95, range=(8243.95, 16880.51)"
b5d48b672a1453e5a510e919f29b4410927af972821730ee7afcfe46afd6dcdb,b5d48b672a14,policies/b5d48b672a14.py,policies_by_distribution/exponential_L2_c1_5/exponential_L2_c1_5__b5d48b672a14.py,exponential_L2_c1_5,17,1,0.007255,11026.74,11025.94,examples/inventory/deepseek-chat_exponential_L2_c1_5_50_plain_processed_scipy_15_default_m2_4_r2/prompt_for_code/m2_20251218_031625.txt,"mean = 11025.94, std=1934.79, range=(7091.00, 16396.00)"
b613ad322eb748e8042d227933e9aa4f146c4f4099ed9762f944f842f27bf93c,b613ad322eb7,policies/b613ad322eb7.py,policies_by_distribution/poisson_L4_c1_5/poisson_L4_c1_5__b613ad322eb7.py,poisson_L4_c1_5,2,1,0.000391,2557.65,2557.64,examples/inventory/deepseek-chat_poisson_L4_c1_5_50_plain_processed_scipy_15_default_m2_4_r3/prompt_for_code/m2_20251218_081239.txt,"mean = 2557.64, std=224.62, range=(2039.85, 3111.51)"
b63c7e71e324ea8312ed472609ebb0459e68f32d99b5511f1da3218210cfd0bc,b63c7e71e324,policies/b63c7e71e324.py,policies_by_distribution/poisson_L4_c1_5/poisson_L4_c1_5__b63c7e71e324.py,poisson_L4_c1_5,17,1,0.000000,1267.23,1267.23,examples/inventory/deepseek-chat_poisson_L4_c1_5_50_plain_processed_scipy_15_default_m2_2_r7/prompt_for_code/m2_20260128_191132.txt,"mean = 1267.23, std=266.76, range=(770.22, 2066.70)"
b67a1c3bf189c65bb82a40bcaf68144881808d090e85df08d82ef378a1f169c9,b67a1c3bf189,policies/b67a1c3bf189.py,policies_by_distribution/poisson_L2_c1_5/poisson_L2_c1_5__b67a1c3bf189.py,poisson_L2_c1_5,29,1,0.000000,1341.14,1341.14,examples/inventory/deepseek-chat_poisson_L2_c1_5_50_plain_processed_scipy_15_default_m2_4_r1/prompt_for_code/m2_20251217_230317.txt,"mean = 1341.14, std=165.62, range=(922.00, 1707.00)"
b727c6a2db5c9d78458663ecf576e4b15ea7f5e5bc675528d8496599606566f9,b727c6a2db5c,policies/b727c6a2db5c.py,policies_by_distribution/poisson_L4_c1_2/poisson_L4_c1_2__b727c6a2db5c.py,poisson_L4_c1_2,11,2,0.000000,1650.69,1650.69,examples/inventory/deepseek-chat_poisson_L4_c1_2_50_plain_processed_scipy_15_default_m2_4_r3/prompt_for_code/m2_20251218_073624.txt,"mean = 1650.69, std=110.31, range=(1311.94, 1884.33)"
b8a2f5218403a4edf65dbd3d767a0718184b449a694cec6b33cce7beace4467f,b8a2f5218403,policies/b8a2f5218403.py,policies_by_distribution/normal_std10_L2_c1_5/normal_std10_L2_c1_5__b8a2f5218403.py,normal_std10_L2_c1_5,6,1,0.112901,1257.74,1259.16,examples/inventory/deepseek-chat_normal_std10_L2_c1_5_50_plain_processed_scipy_15_default_m2_2_r7/prompt_for_code/m2_20260130_051114.txt,"mean = 1259.16, std=177.67, range=(939.00, 1591.00)"
b8e11d34c33772f415f89e247d779c6ac33a5d3db89f56aeec4e76772cc479a9,b8e11d34c337,policies/b8e11d34c337.py,policies_by_distribution/poisson_L6_c1_2/poisson_L6_c1_2__b8e11d34c337.py,poisson_L6_c1_2,42,1,0.000000,2781.1,2781.1,examples/inventory/deepseek-chat_poisson_L6_c1_2_50_plain_processed_scipy_15_default_m2_4_r1/prompt_for_code/m2_20251222_013551.txt,"mean = 2781.10, std=102.14, range=(2525.03, 2954.02)"
b9052bb310b38b49bbddd6b65fa25de92094f7f49f13c832e6ce9e094f876e82,b9052bb310b3,policies/b9052bb310b3.py,policies_by_distribution/normal_std10_L2_c1_5/normal_std10_L2_c1_5__b9052bb310b3.py,normal_std10_L2_c1_5,23,1,0.000000,1356.86,1356.86,examples/inventory/deepseek-chat_normal_std10_L2_c1_5_50_plain_processed_scipy_15_default_m2_2_r7/prompt_for_code/m2_20260129_055016.txt,"mean = 1356.86, std=148.14, range=(1110.49, 1724.79)"
b9702a576012df682fc37aaea9f5982f0d746f8bd769125401ca19e33f5ca75d,b9702a576012,policies/b9702a576012.py,policies_by_distribution/normal_std50_L6_c1_2/normal_std50_L6_c1_2__b9702a576012.py,normal_std50_L6_c1_2,4,1,0.117156,5548.14,5541.64,examples/inventory/deepseek-chat_normal_std50_L6_c1_2_50_plain_processed_scipy_15_default_m2_4_r1/prompt_for_code/m2_20251216_225404.txt,"mean = 5541.64, std=651.55, range=(4314.00, 6852.00)"
b9a01c8f4019e25f818488b1ef2306ec8db08d87dc732da7a6c3489db627a088,b9a01c8f4019,policies/b9a01c8f4019.py,policies_by_distribution/exponential_L6_c1_5/exponential_L6_c1_5__b9a01c8f4019.py,exponential_L6_c1_5,8,2,0.000000,13058.33,13058.33,examples/inventory/deepseek-chat_exponential_L6_c1_5_50_plain_processed_scipy_15_default_m2_4_r3/prompt_for_code/m2_20251218_100153.txt,"mean = 13058.33, std=2300.03, range=(8864.18, 19261.13)"
b9d3a3c345bbc7c5181904cb76b5adf141cd7beaa479328a66e37884c6fea43f,b9d3a3c345bb,policies/b9d3a3c345bb.py,policies_by_distribution/exponential_L6_c1_2/exponential_L6_c1_2__b9d3a3c345bb.py,exponential_L6_c1_2,1,1,0.000000,7047.4,7047.4,examples/inventory/deepseek-chat_exponential_L6_c1_2_50_plain_processed_scipy_15_default_m2_4_r3/prompt_for_code/m2_20251218_092141.txt,"mean = 7047.40, std=1054.25, range=(4788.10, 9393.26)"
b9f85900f291a8ab4fe606389df9a1639735c0bdb5d8deaf0d26f805b51e0b30,b9f85900f291,policies/b9f85900f291.py,policies_by_distribution/exponential_L4_c1_2/exponential_L4_c1_2__b9f85900f291.py,exponential_L4_c1_2,18,1,0.001309,6109.96,6110.04,examples/inventory/deepseek-chat_exponential_L4_c1_2_50_plain_processed_scipy_15_default_m2_4_r2/prompt_for_code/m2_20251218_042115.txt,"mean = 6110.04, std=1269.25, range=(4036.00, 11533.00)"
ba1f709cff726578c744ba2f623070f89bf13ff3bf17de6357451f768480bd06,ba1f709cff72,policies/ba1f709cff72.py,policies_by_distribution/normal_std10_L2_c1_5/normal_std10_L2_c1_5__ba1f709cff72.py,normal_std10_L2_c1_5,3,1,0.545007,1244.02,1237.24,examples/inventory/deepseek-chat_normal_std10_L2_c1_5_50_plain_processed_scipy_15_default_m2_2_r8/prompt_for_code/m2_20260130_094705.txt,"mean = 1237.24, std=150.98, range=(998.15, 1592.86)"
ba410f8c2bb84313c459eaf7a6c287c253478828eb8ae1f840dca29eee00cab4,ba410f8c2bb8,policies/ba410f8c2bb8.py,policies_by_distribution/normal_std50_L6_c1_2/normal_std50_L6_c1_2__ba410f8c2bb8.py,normal_std50_L6_c1_2,3,1,0.000000,3725.05,3725.05,examples/inventory/deepseek-chat_normal_std50_L6_c1_2_50_plain_processed_scipy_15_default_m2_2_r7/prompt_for_code/m2_20260129_085027.txt,"mean = 3725.05, std=800.26, range=(2309.46, 7302.60)"
baeeacdbac0d8ed975b46537dd280316673c4381f62040ee0ca0e9be5543d9d7,baeeacdbac0d,policies/baeeacdbac0d.py,policies_by_distribution/normal_std10_L2_c1_2/normal_std10_L2_c1_2__baeeacdbac0d.py,normal_std10_L2_c1_2,10,1,0.061987,838.88,839.4,examples/inventory/deepseek-chat_normal_std10_L2_c1_2_50_plain_processed_scipy_15_default_m2_2_r6/prompt_for_code/m2_20260128_233546.txt,"mean = 839.40, std=109.31, range=(677.11, 1109.73)"
bafaee46344e948806c42065b6c50a1911bcba1b057cdf4a7dd29bcf8cb8f557,bafaee46344e,policies/bafaee46344e.py,policies_by_distribution/exponential_L4_c1_2/exponential_L4_c1_2__bafaee46344e.py,exponential_L4_c1_2,9,1,0.000000,6133.16,6133.16,examples/inventory/deepseek-chat_exponential_L4_c1_2_50_plain_processed_scipy_15_default_m2_4_r1/prompt_for_code/m2_20251218_001635.txt,"mean = 6133.16, std=1273.38, range=(4195.00, 11520.00)"
baff75ecf8d1a041e8352c31666a194a553c6452a51d21092239e7d46adb7cfd,baff75ecf8d1,policies/baff75ecf8d1.py,policies_by_distribution/poisson_L2_c1_2/poisson_L2_c1_2__baff75ecf8d1.py,poisson_L2_c1_2,2,1,0.000000,716.38,716.38,examples/inventory/deepseek-chat_poisson_L2_c1_2_50_plain_processed_scipy_15_default_m2_4_r1/prompt_for_code/m2_20251217_225728.txt,"mean = 716.38, std=118.97, range=(511.00, 1128.00)"
bb0d5ed665565d34d1028f909ad127b91efbc8889fdfd3b09f30e1845bbe141b,bb0d5ed66556,policies/bb0d5ed66556.py,policies_by_distribution/poisson_L2_c1_2/poisson_L2_c1_2__bb0d5ed66556.py,poisson_L2_c1_2,5,1,0.000000,712.48,712.48,examples/inventory/deepseek-chat_poisson_L2_c1_2_50_plain_processed_scipy_15_default_m2_4_r2/prompt_for_code/m2_20251218_024135.txt,"mean = 712.48, std=92.49, range=(526.33, 984.78)"
bb4cc406f7df93905deee3ad519028061e7fb2d0feda57967795b2c40c3ec255,bb4cc406f7df,policies/bb4cc406f7df.py,policies_by_distribution/normal_std30_L6_c1_5/normal_std30_L6_c1_5__bb4cc406f7df.py,normal_std30_L6_c1_5,118,1,0.000000,3822.56,3822.56,examples/inventory/deepseek-chat_normal_std30_L6_c1_5_50_plain_processed_scipy_15_default_m2_2_r7/prompt_for_code/m2_20260128_064259.txt,"mean = 3822.56, std=655.94, range=(2815.00, 5884.00)"
bb8198fb8607e14dca4a7cdb3a74569d5b62ccad8c1522b123702186299a1afc,bb8198fb8607,policies/bb8198fb8607.py,policies_by_distribution/exponential_L4_c1_5/exponential_L4_c1_5__bb8198fb8607.py,exponential_L4_c1_5,13,2,0.000000,11391.4,11391.4,examples/inventory/deepseek-chat_exponential_L4_c1_5_50_plain_processed_scipy_15_default_m2_4_r1/prompt_for_code/m2_20251218_004304.txt,"mean = 11391.40, std=2314.64, range=(6188.00, 16876.00)"
bbd424fd0b435358c81f46fbb22286d5ce4475c51d746cd7ae5e8cfc42602b4a,bbd424fd0b43,policies/bbd424fd0b43.py,policies_by_distribution/normal_std50_L6_c1_2/normal_std50_L6_c1_2__bbd424fd0b43.py,normal_std50_L6_c1_2,3,1,0.133544,4432.98,4427.06,examples/inventory/deepseek-chat_normal_std50_L6_c1_2_50_plain_processed_scipy_15_default_m2_4_r3/prompt_for_code/m2_20251217_013856.txt,"mean = 4427.06, std=645.48, range=(3354.00, 6704.00)"
bbe44b9ee193e3b88710ddbc6ce926d303d77d73de0aa81c375aaa4361e3a29d,bbe44b9ee193,policies/bbe44b9ee193.py,policies_by_distribution/poisson_L4_c1_5/poisson_L4_c1_5__bbe44b9ee193.py,poisson_L4_c1_5,7,1,0.000000,2060.12,2060.12,examples/inventory/deepseek-chat_poisson_L4_c1_5_50_plain_processed_scipy_15_default_m2_4_r3/prompt_for_code/m2_20251218_082057.txt,"mean = 2060.12, std=193.57, range=(1673.00, 2540.00)"
bc2e56f579ca641605b128e7b8a55c3c7f40d438024f71390242d909b6e77bba,bc2e56f579ca,policies/bc2e56f579ca.py,policies_by_distribution/normal_std10_L6_c1_5/normal_std10_L6_c1_5__bc2e56f579ca.py,normal_std10_L6_c1_5,23,1,0.120803,1448.64,1446.89,examples/inventory/deepseek-chat_normal_std10_L6_c1_5_50_plain_processed_scipy_15_default_m2_2_r8/prompt_for_code/m2_20260128_095130.txt,"mean = 1446.89, std=216.57, range=(1027.81, 1956.61)"
bcac01da53b5dd5cdbee32b7fd06d46f4c14ac15b78a351f2a23af28b10b9a22,bcac01da53b5,policies/bcac01da53b5.py,policies_by_distribution/poisson_L4_c1_5/poisson_L4_c1_5__bcac01da53b5.py,poisson_L4_c1_5,12,1,0.000000,1273.68,1273.68,examples/inventory/deepseek-chat_poisson_L4_c1_5_50_plain_processed_scipy_15_default_m2_4_r3/prompt_for_code/m2_20251218_084449.txt,"mean = 1273.68, std=280.90, range=(747.00, 2098.00)"
bcebcb0675023e44b11a8bc2eb93f9897b87296a490783ba06140bb0f3918bce,bcebcb067502,policies/bcebcb067502.py,policies_by_distribution/poisson_L4_c1_2/poisson_L4_c1_2__bcebcb067502.py,poisson_L4_c1_2,12,1,0.000000,1957.74,1957.74,examples/inventory/deepseek-chat_poisson_L4_c1_2_50_plain_processed_scipy_15_default_m2_4_r2/prompt_for_code/m2_20251218_033537.txt,"mean = 1957.74, std=123.06, range=(1598.00, 2208.00)"
bcf9b1d6c38fb7aa89cc881de11674fa440f96861603146aba0c0da1cf760575,bcf9b1d6c38f,policies/bcf9b1d6c38f.py,policies_by_distribution/exponential_L6_c1_5/exponential_L6_c1_5__bcf9b1d6c38f.py,exponential_L6_c1_5,16,1,0.000397,12591.19,12591.24,examples/inventory/deepseek-chat_exponential_L6_c1_5_50_plain_processed_scipy_15_default_m2_4_r3/prompt_for_code/m2_20251218_100927.txt,"mean = 12591.24, std=2257.78, range=(8138.00, 18483.00)"
bd197c5e0053a7cef33849b86a3c40761c9d2050e3ff82d1ddb944d9010842f7,bd197c5e0053,policies/bd197c5e0053.py,policies_by_distribution/poisson_L2_c1_2/poisson_L2_c1_2__bd197c5e0053.py,poisson_L2_c1_2,15,1,0.002159,926.56,926.54,examples/inventory/deepseek-chat_poisson_L2_c1_2_50_plain_processed_scipy_15_default_m2_4_r1/prompt_for_code/m2_20251217_223903.txt,"mean = 926.54, std=90.95, range=(731.00, 1164.00)"
bd4551be10d1871f63b989b05490a34e62fad99c9b50d732c99ec7a5a43edaee,bd4551be10d1,policies/bd4551be10d1.py,policies_by_distribution/poisson_L6_c1_2/poisson_L6_c1_2__bd4551be10d1.py,poisson_L6_c1_2,2,1,0.000000,2949.42,2949.42,examples/inventory/deepseek-chat_poisson_L6_c1_2_50_plain_processed_scipy_15_default_m2_4_r1/prompt_for_code/m2_20251222_021813.txt,"mean = 2949.42, std=136.15, range=(2648.53, 3266.64)"
bd457b9ca7c4876acd32aa9fd350a41f8a3e29a51dd74c5b519a45065530b7eb,bd457b9ca7c4,policies/bd457b9ca7c4.py,policies_by_distribution/poisson_L2_c1_2/poisson_L2_c1_2__bd457b9ca7c4.py,poisson_L2_c1_2,2,1,0.000000,866.55,866.55,examples/inventory/deepseek-chat_poisson_L2_c1_2_50_plain_processed_scipy_15_default_m2_4_r2/prompt_for_code/m2_20251218_023659.txt,"mean = 866.55, std=86.16, range=(697.69, 1150.14)"
bd5d2ad91574964c6edf9d8c011d68f8bab1ef8b41f93184e2b7edd4abb7262d,bd5d2ad91574,policies/bd5d2ad91574.py,policies_by_distribution/exponential_L4_c1_5/exponential_L4_c1_5__bd5d2ad91574.py,exponential_L4_c1_5,29,1,0.000000,11126.28,11126.28,examples/inventory/deepseek-chat_exponential_L4_c1_5_50_plain_processed_scipy_15_default_m2_4_r3/prompt_for_code/m2_20251218_085206.txt,"mean = 11126.28, std=2134.75, range=(7098.00, 16483.00)"
bdb9750ed240a4949bbdbf592fdc31f9718272e11c2efcd4cef502310a4fb458,bdb9750ed240,policies/bdb9750ed240.py,policies_by_distribution/normal_std10_L2_c1_5/normal_std10_L2_c1_5__bdb9750ed240.py,normal_std10_L2_c1_5,17,1,0.000000,1193.9,1193.9,examples/inventory/deepseek-chat_normal_std10_L2_c1_5_50_plain_processed_scipy_15_default_m2_2_r6/prompt_for_code/m2_20260129_001441.txt,"mean = 1193.90, std=174.91, range=(856.00, 1565.00)"
be0337af0d221099442cb947e32da28cd0d8dbd7d0485278edac26a77e4961fe,be0337af0d22,policies/be0337af0d22.py,policies_by_distribution/exponential_L4_c1_5/exponential_L4_c1_5__be0337af0d22.py,exponential_L4_c1_5,3,1,0.000000,11030.34,11030.34,examples/inventory/deepseek-chat_exponential_L4_c1_5_50_plain_processed_scipy_15_default_m2_4_r2/prompt_for_code/m2_20251218_050834.txt,"mean = 11030.34, std=2093.65, range=(7002.00, 16278.00)"
be0936c044d818dc1c3a4b0ed2981eadf1ba151e6b320bee80bcbed69ceb2df9,be0936c044d8,policies/be0936c044d8.py,policies_by_distribution/poisson_L6_c1_5/poisson_L6_c1_5__be0936c044d8.py,poisson_L6_c1_5,1,1,0.030981,3163.28,3164.26,examples/inventory/deepseek-chat_poisson_L6_c1_5_50_plain_processed_scipy_15_default_m2_2_r6/prompt_for_code/m2_20260130_044259.txt,"mean = 3164.26, std=214.20, range=(2721.00, 3926.00)"
be27f071e41d3667a9c382a3813f280af43568fad10fd652450bff7f5adcc731,be27f071e41d,policies/be27f071e41d.py,policies_by_distribution/poisson_L4_c1_2/poisson_L4_c1_2__be27f071e41d.py,poisson_L4_c1_2,6,1,0.003637,1099.88,1099.84,examples/inventory/deepseek-chat_poisson_L4_c1_2_50_plain_processed_scipy_15_default_m2_4_r3/prompt_for_code/m2_20251218_074437.txt,"mean = 1099.84, std=106.39, range=(838.00, 1332.00)"
be758ac2f159724e1432330f6c422b077841cba41f4657f950e4a87ece2a19bf,be758ac2f159,policies/be758ac2f159.py,policies_by_distribution/exponential_L2_c1_2/exponential_L2_c1_2__be758ac2f159.py,exponential_L2_c1_2,5,1,0.000000,5888.16,5888.16,examples/inventory/deepseek-chat_exponential_L2_c1_2_50_plain_processed_scipy_15_default_m2_4_r1/prompt_for_code/m2_20251217_224750.txt,"mean = 5888.16, std=981.32, range=(4456.00, 8488.00)"
bea167cd21a9e2de64e5a7a6b0c6300e695b8d178fe47d7c0eeedcecc4c939f6,bea167cd21a9,policies/bea167cd21a9.py,policies_by_distribution/exponential_L2_c1_5/exponential_L2_c1_5__bea167cd21a9.py,exponential_L2_c1_5,10,1,0.000000,10277.48,10277.48,examples/inventory/deepseek-chat_exponential_L2_c1_5_50_plain_processed_scipy_15_default_m2_4_r3/prompt_for_code/m2_20251218_073116.txt,"mean = 10277.48, std=1831.74, range=(7170.00, 15391.00)"
beab58a88790a696303261fbb70b7ff71c0b3975b2a36856e36e1e58c1fb8e34,beab58a88790,policies/beab58a88790.py,policies_by_distribution/poisson_L4_c1_2/poisson_L4_c1_2__beab58a88790.py,poisson_L4_c1_2,4,1,0.000000,735.0,735.0,examples/inventory/deepseek-chat_poisson_L4_c1_2_50_plain_processed_scipy_15_default_m2_2_r6/prompt_for_code/m2_20260130_031145.txt,"mean = 735.00, std=101.66, range=(538.52, 961.51)"
bed5fc51dec24b4032a60bc0bdb2667f2a0d8972c9b2f1eaac73513447156001,bed5fc51dec2,policies/bed5fc51dec2.py,policies_by_distribution/poisson_L6_c1_5/poisson_L6_c1_5__bed5fc51dec2.py,poisson_L6_c1_5,13,1,0.000000,1250.48,1250.48,examples/inventory/deepseek-chat_poisson_L6_c1_5_50_plain_processed_scipy_15_default_m2_2_r7/prompt_for_code/m2_20260128_204034.txt,"mean = 1250.48, std=215.80, range=(753.83, 1703.55)"
bee427f3af6c9da04722b4e64f19a3e775df79f4a09af451bcf121f785ef2b34,bee427f3af6c,policies/bee427f3af6c.py,policies_by_distribution/exponential_L4_c1_2/exponential_L4_c1_2__bee427f3af6c.py,exponential_L4_c1_2,21,1,0.000000,6273.0,6273.0,examples/inventory/deepseek-chat_exponential_L4_c1_2_50_plain_processed_scipy_15_default_m2_4_r2/prompt_for_code/m2_20251218_035751.txt,"mean = 6273.00, std=1243.99, range=(4409.87, 11823.03)"
bf17adbbff51a800c6f80d8b82859b5ad3198714c8438ce04572e37bd480c1d0,bf17adbbff51,policies/bf17adbbff51.py,policies_by_distribution/normal_std30_L6_c1_5/normal_std30_L6_c1_5__bf17adbbff51.py,normal_std30_L6_c1_5,35,1,0.000000,4452.66,4452.66,examples/inventory/deepseek-chat_normal_std30_L6_c1_5_50_plain_processed_scipy_15_default_m2_2_r6/prompt_for_code/m2_20260128_014519.txt,"mean = 4452.66, std=711.26, range=(3064.00, 5936.00)"
bf78efd5afc1d547931054ff980df23d3214540c31ff7b3cf4b86912eed88605,bf78efd5afc1,policies/bf78efd5afc1.py,policies_by_distribution/normal_std10_L6_c1_5/normal_std10_L6_c1_5__bf78efd5afc1.py,normal_std10_L6_c1_5,3,1,0.615026,1821.06,1832.26,examples/inventory/deepseek-chat_normal_std10_L6_c1_5_50_plain_processed_scipy_15_default_m2_2_r7/prompt_for_code/m2_20260129_202335.txt,"mean = 1832.26, std=223.25, range=(1409.00, 2424.00)"
bf92c92988b2bd60566d157f1f126ae87ea3b2e71e75bc4f136f29720cbfa4a6,bf92c92988b2,policies/bf92c92988b2.py,policies_by_distribution/exponential_L2_c1_5/exponential_L2_c1_5__bf92c92988b2.py,exponential_L2_c1_5,3,1,0.001476,10163.5,10163.65,examples/inventory/deepseek-chat_exponential_L2_c1_5_50_plain_processed_scipy_15_default_m2_4_r3/prompt_for_code/m2_20251218_073656.txt,"mean = 10163.65, std=1809.37, range=(7159.94, 15626.15)"
bfc9ad0a06ac9c4a0fc301ebb9fd61948770617ad042d0d0f9d08ee4eeece7c3,bfc9ad0a06ac,policies/bfc9ad0a06ac.py,policies_by_distribution/normal_std10_L2_c1_2/normal_std10_L2_c1_2__bfc9ad0a06ac.py,normal_std10_L2_c1_2,4,1,0.000000,695.33,695.33,examples/inventory/deepseek-chat_normal_std10_L2_c1_2_50_plain_processed_scipy_15_default_m2_2_r8/prompt_for_code/m2_20260129_205517.txt,"mean = 695.33, std=112.14, range=(487.65, 937.97)"
bfe23c24bd02dff9f516689cbb3b1ea2b1989bb7acb2eda220967cb8acd6d6e1,bfe23c24bd02,policies/bfe23c24bd02.py,policies_by_distribution/poisson_L6_c1_2/poisson_L6_c1_2__bfe23c24bd02.py,poisson_L6_c1_2,3,1,0.155510,3028.74,3024.03,examples/inventory/deepseek-chat_poisson_L6_c1_2_50_plain_processed_scipy_15_default_m2_4_r1/prompt_for_code/m2_20251222_015246.txt,"mean = 3024.03, std=151.72, range=(2728.22, 3371.59)"
c00d6be3fd23badafd64b952d4bd937c81d89d4dd0d8a0995a18ff5c440e45e6,c00d6be3fd23,policies/c00d6be3fd23.py,policies_by_distribution/poisson_L2_c1_5/poisson_L2_c1_5__c00d6be3fd23.py,poisson_L2_c1_5,14,1,0.000000,1427.25,1427.25,examples/inventory/deepseek-chat_poisson_L2_c1_5_50_plain_processed_scipy_15_default_m2_4_r4/prompt_for_code/m2_20251218_104716.txt,"mean = 1427.25, std=153.59, range=(1042.04, 1756.93)"
c033345000cf69c902884706c303af9237c42098a07e9e7d8b09226929d9d953,c033345000cf,policies/c033345000cf.py,policies_by_distribution/normal_std10_L2_c1_2/normal_std10_L2_c1_2__c033345000cf.py,normal_std10_L2_c1_2,3,1,0.825282,1008.14,1016.46,examples/inventory/deepseek-chat_normal_std10_L2_c1_2_50_plain_processed_scipy_15_default_m2_2_r7/prompt_for_code/m2_20260129_200848.txt,"mean = 1016.46, std=100.05, range=(833.00, 1244.00)"
c041a1256ae0c0c7e8f1932da8e7bc44107eca96d502d72207bdd216bc46eef6,c041a1256ae0,policies/c041a1256ae0.py,policies_by_distribution/normal_std50_L6_c1_2/normal_std50_L6_c1_2__c041a1256ae0.py,normal_std50_L6_c1_2,3,1,0.093127,4252.28,4248.32,examples/inventory/deepseek-chat_normal_std50_L6_c1_2_50_plain_processed_scipy_15_default_m2_4_r2/prompt_for_code/m2_20251217_004532.txt,"mean = 4248.32, std=637.45, range=(3275.00, 6305.00)"
c0ae2b36fe2dd3edb4e2db528634dcfc9dae979df27afc1769adf76e50634d64,c0ae2b36fe2d,policies/c0ae2b36fe2d.py,policies_by_distribution/exponential_L2_c1_2/exponential_L2_c1_2__c0ae2b36fe2d.py,exponential_L2_c1_2,7,1,0.000000,6298.07,6298.07,examples/inventory/deepseek-chat_exponential_L2_c1_2_50_plain_processed_scipy_15_default_m2_4_r3/prompt_for_code/m2_20251218_064013.txt,"mean = 6298.07, std=1004.64, range=(4843.48, 8561.21)"
c0d7da516cf51fac975bef13896dd0508d808279ab188cc83d13b7196ae2d690,c0d7da516cf5,policies/c0d7da516cf5.py,policies_by_distribution/normal_std50_L6_c1_2/normal_std50_L6_c1_2__c0d7da516cf5.py,normal_std50_L6_c1_2,4,1,0.384540,4909.76,4928.64,examples/inventory/deepseek-chat_normal_std50_L6_c1_2_50_plain_processed_scipy_15_default_m2_4_r2/prompt_for_code/m2_20251217_003924.txt,"mean = 4928.64, std=599.49, range=(3898.89, 6958.39)"
c100ac55ad7aeac7b3220245db874b8abe237c3b84403221d469ba49b694c7b6,c100ac55ad7a,policies/c100ac55ad7a.py,policies_by_distribution/exponential_L2_c1_5/exponential_L2_c1_5__c100ac55ad7a.py,exponential_L2_c1_5,6,1,0.010000,10800.0,10798.92,examples/inventory/deepseek-chat_exponential_L2_c1_5_50_plain_processed_scipy_15_default_m2_4_r2/prompt_for_code/m2_20251218_031601.txt,"mean = 10798.92, std=1783.30, range=(7854.00, 15899.00)"
c10a0a095e3b5d67846f77e8dcb2896579fd86592104c60c97ca65337244b632,c10a0a095e3b,policies/c10a0a095e3b.py,policies_by_distribution/exponential_L4_c1_5/exponential_L4_c1_5__c10a0a095e3b.py,exponential_L4_c1_5,9,1,0.000000,11289.72,11289.72,examples/inventory/deepseek-chat_exponential_L4_c1_5_50_plain_processed_scipy_15_default_m2_4_r1/prompt_for_code/m2_20251218_010402.txt,"mean = 11289.72, std=2098.10, range=(6887.00, 16235.00)"
c1a9ca821eabe434bd874de38e08443937edb9ca9177b6e5acd64f1ee765150b,c1a9ca821eab,policies/c1a9ca821eab.py,policies_by_distribution/normal_std10_L6_c1_2/normal_std10_L6_c1_2__c1a9ca821eab.py,normal_std10_L6_c1_2,1,1,0.332919,2213.75,2221.12,examples/inventory/deepseek-chat_normal_std10_L6_c1_2_50_plain_processed_scipy_15_default_m2_2_r8/prompt_for_code/m2_20260128_103548.txt,"mean = 2221.12, std=160.14, range=(1925.00, 2584.00)"
c1cfe103e89fc5f5b18944f6caf44e69027045db89393a95fac6517f75509e07,c1cfe103e89f,policies/c1cfe103e89f.py,policies_by_distribution/poisson_L6_c1_5/poisson_L6_c1_5__c1cfe103e89f.py,poisson_L6_c1_5,43,1,0.006006,1165.54,1165.47,examples/inventory/deepseek-chat_poisson_L6_c1_5_50_plain_processed_scipy_15_default_m2_2_r7/prompt_for_code/m2_20260128_210344.txt,"mean = 1165.47, std=221.82, range=(681.61, 1666.40)"
c231d4e5aed0d2e4b2918dea43c51b6056d788cffc2f94ebcc74864a4da69cf9,c231d4e5aed0,policies/c231d4e5aed0.py,policies_by_distribution/poisson_L4_c1_2/poisson_L4_c1_2__c231d4e5aed0.py,poisson_L4_c1_2,2,1,0.108103,814.04,814.92,examples/inventory/deepseek-chat_poisson_L4_c1_2_50_plain_processed_scipy_15_default_m2_4_r2/prompt_for_code/m2_20251218_040655.txt,"mean = 814.92, std=112.00, range=(549.00, 1123.00)"
c272544554048004a1516d765463d9291435455f9aadc22d99212c6158fda0d5,c27254455404,policies/c27254455404.py,policies_by_distribution/poisson_L6_c1_2/poisson_L6_c1_2__c27254455404.py,poisson_L6_c1_2,5,1,0.070088,1597.98,1599.1,examples/inventory/deepseek-chat_poisson_L6_c1_2_50_plain_processed_scipy_15_default_m2_4_r1/prompt_for_code/m2_20251218_011550.txt,"mean = 1599.10, std=107.59, range=(1390.55, 1887.14)"
c2922e595fe3753a71c6d3937b766793307002cd0f131a181e5778c3b3698581,c2922e595fe3,policies/c2922e595fe3.py,policies_by_distribution/exponential_L2_c1_5/exponential_L2_c1_5__c2922e595fe3.py,exponential_L2_c1_5,4,1,0.000000,10686.54,10686.54,examples/inventory/deepseek-chat_exponential_L2_c1_5_50_plain_processed_scipy_15_default_m2_4_r1/prompt_for_code/m2_20251217_231325.txt,"mean = 10686.54, std=1660.73, range=(7922.48, 15496.02)"
c2a58f93002a5456f156437d8601a53aafa5bbf18aa8211d3dbf9949d3dfd8d4,c2a58f93002a,policies/c2a58f93002a.py,policies_by_distribution/exponential_L6_c1_2/exponential_L6_c1_2__c2a58f93002a.py,exponential_L6_c1_2,8,1,0.000000,6226.34,6226.34,examples/inventory/deepseek-chat_exponential_L6_c1_2_50_plain_processed_scipy_15_default_m2_4_r1/prompt_for_code/m2_20251218_012046.txt,"mean = 6226.34, std=1048.27, range=(4095.00, 9571.00)"
c2feee776c921edf6f4f61c27fe18a4fdf9a58b1f12fe01daa148c5581be435a,c2feee776c92,policies/c2feee776c92.py,policies_by_distribution/normal_std50_L6_c1_2/normal_std50_L6_c1_2__c2feee776c92.py,normal_std50_L6_c1_2,1,1,0.070548,3770.5,3767.84,examples/inventory/deepseek-chat_normal_std50_L6_c1_2_50_plain_processed_scipy_15_default_m2_4_r1/prompt_for_code/m2_20251217_001402.txt,"mean = 3767.84, std=862.03, range=(2250.00, 7727.00)"
c3391e93c08b0ccc125b960d554895d5ebad85a01e05c48376c580c0577a04e6,c3391e93c08b,policies/c3391e93c08b.py,policies_by_distribution/poisson_L4_c1_5/poisson_L4_c1_5__c3391e93c08b.py,poisson_L4_c1_5,21,1,0.000000,1123.63,1123.63,examples/inventory/deepseek-chat_poisson_L4_c1_5_50_plain_processed_scipy_15_default_m2_2_r6/prompt_for_code/m2_20260128_154141.txt,"mean = 1123.63, std=188.81, range=(640.19, 1543.27)"
c412086c1a393ad3ef48b532ce5f6bc2c95e2bc1381fda04d0a5611e6c407057,c412086c1a39,policies/c412086c1a39.py,policies_by_distribution/normal_std10_L4_c1_2/normal_std10_L4_c1_2__c412086c1a39.py,normal_std10_L4_c1_2,15,1,0.000000,769.68,769.68,examples/inventory/deepseek-chat_normal_std10_L4_c1_2_50_plain_processed_scipy_15_default_m2_2_r8/prompt_for_code/m2_20260130_101736.txt,"mean = 769.68, std=156.56, range=(480.00, 1382.00)"
c42bb46fa19fcd91c9e1f06d34799f63706fb370fed50127018ba71c9b007648,c42bb46fa19f,policies/c42bb46fa19f.py,policies_by_distribution/exponential_L4_c1_5/exponential_L4_c1_5__c42bb46fa19f.py,exponential_L4_c1_5,7,1,0.000000,11400.84,11400.84,examples/inventory/deepseek-chat_exponential_L4_c1_5_50_plain_processed_scipy_15_default_m2_4_r1/prompt_for_code/m2_20251218_004207.txt,"mean = 11400.84, std=2308.81, range=(6645.00, 16955.00)"
c43fa208a09ecc1e29d924ed964b343c5929c6d0f948a166b55bd3b36c68374d,c43fa208a09e,policies/c43fa208a09e.py,policies_by_distribution/exponential_L4_c1_2/exponential_L4_c1_2__c43fa208a09e.py,exponential_L4_c1_2,20,1,0.000000,6209.46,6209.46,examples/inventory/deepseek-chat_exponential_L4_c1_2_50_plain_processed_scipy_15_default_m2_4_r1/prompt_for_code/m2_20251217_235406.txt,"mean = 6209.46, std=1256.99, range=(4095.00, 11666.00)"
c4402dc9c1f93809b4435daaa3f1ea22a847f5332984a8e24cd4ffa6e339541f,c4402dc9c1f9,policies/c4402dc9c1f9.py,policies_by_distribution/exponential_L4_c1_5/exponential_L4_c1_5__c4402dc9c1f9.py,exponential_L4_c1_5,12,1,0.000000,11451.82,11451.82,examples/inventory/deepseek-chat_exponential_L4_c1_5_50_plain_processed_scipy_15_default_m2_4_r3/prompt_for_code/m2_20251218_084906.txt,"mean = 11451.82, std=2097.30, range=(8146.00, 16661.00)"
c4b55b23c55672437a7e2d1b99fbb5267268d63e54b63ee44445ab03178f4b6d,c4b55b23c556,policies/c4b55b23c556.py,policies_by_distribution/poisson_L6_c1_2/poisson_L6_c1_2__c4b55b23c556.py,poisson_L6_c1_2,2,1,0.032733,2780.08,2780.99,examples/inventory/deepseek-chat_poisson_L6_c1_2_50_plain_processed_scipy_15_default_m2_4_r1/prompt_for_code/m2_20251222_015926.txt,"mean = 2780.99, std=107.18, range=(2538.90, 2967.48)"
c4e365f3787b386b6fe361ad610561b2c04277e866d61d49e0da66d7d63b8718,c4e365f3787b,policies/c4e365f3787b.py,policies_by_distribution/exponential_L6_c1_2/exponential_L6_c1_2__c4e365f3787b.py,exponential_L6_c1_2,1,1,0.063448,6903.32,6898.94,examples/inventory/deepseek-chat_exponential_L6_c1_2_50_plain_processed_scipy_15_default_m2_4_r1/prompt_for_code/m2_20251222_041850.txt,"mean = 6898.94, std=1083.64, range=(4518.00, 9885.00)"
c5217c39d40958e8ea9683cf870485965fcc906ca4d764a981011b5f1087ba6f,c5217c39d409,policies/c5217c39d409.py,policies_by_distribution/normal_std30_L4_c1_5/normal_std30_L4_c1_5__c5217c39d409.py,normal_std30_L4_c1_5,17,1,0.000000,3517.23,3517.23,examples/inventory/deepseek-chat_normal_std30_L4_c1_5_50_plain_processed_scipy_15_default_m2_2_r7/prompt_for_code/m2_20260130_064258.txt,"mean = 3517.23, std=507.82, range=(2443.02, 4734.32)"
c57b2d6acb8fc5129db138d5f379ac7e43488841fe35647fd629cb00cbe1ff9d,c57b2d6acb8f,policies/c57b2d6acb8f.py,policies_by_distribution/poisson_L4_c1_5/poisson_L4_c1_5__c57b2d6acb8f.py,poisson_L4_c1_5,8,1,0.000000,2190.62,2190.62,examples/inventory/deepseek-chat_poisson_L4_c1_5_50_plain_processed_scipy_15_default_m2_4_r3/prompt_for_code/m2_20251218_081323.txt,"mean = 2190.62, std=181.60, range=(1792.00, 2673.00)"
c5e009cbd386769dcc0bee65cbdb07d0dd619447f9970eae824b33e7de893e6b,c5e009cbd386,policies/c5e009cbd386.py,policies_by_distribution/exponential_L2_c1_2/exponential_L2_c1_2__c5e009cbd386.py,exponential_L2_c1_2,23,1,0.000000,5941.16,5941.16,examples/inventory/deepseek-chat_exponential_L2_c1_2_50_plain_processed_scipy_15_default_m2_4_r2/prompt_for_code/m2_20251218_024736.txt,"mean = 5941.16, std=936.37, range=(4397.00, 8373.00)"
c6459f7903f63f0fd2cb07e45a41b9c997da44c8fb27639a96b8f32c9e73d22b,c6459f7903f6,policies/c6459f7903f6.py,policies_by_distribution/exponential_L6_c1_2/exponential_L6_c1_2__c6459f7903f6.py,exponential_L6_c1_2,3,1,0.029808,7212.78,7210.63,examples/inventory/deepseek-chat_exponential_L6_c1_2_50_plain_processed_scipy_15_default_m2_4_r2/prompt_for_code/m2_20251218_052202.txt,"mean = 7210.63, std=1125.18, range=(4843.88, 10393.27)"
c653eaa0c0c55eb0b2e994ba87d1c72a2d467c4adda4163eab20265e2b93677b,c653eaa0c0c5,policies/c653eaa0c0c5.py,policies_by_distribution/exponential_L6_c1_5/exponential_L6_c1_5__c653eaa0c0c5.py,exponential_L6_c1_5,61,2,0.000000,11390.49,11390.49,examples/inventory/deepseek-chat_exponential_L6_c1_5_50_plain_processed_scipy_15_default_m2_4_r2/prompt_for_code/m2_20251218_062003.txt,"mean = 11390.49, std=2581.24, range=(6079.47, 16890.18)"
c660450ab0b77227fabbca741890b5b9d22523aed7863fc13ba69c9d4b1c8f02,c660450ab0b7,policies/c660450ab0b7.py,policies_by_distribution/poisson_L4_c1_5/poisson_L4_c1_5__c660450ab0b7.py,poisson_L4_c1_5,1,1,0.148490,2572.56,2576.38,examples/inventory/deepseek-chat_poisson_L4_c1_5_50_plain_processed_scipy_15_default_m2_4_r2/prompt_for_code/m2_20251218_041632.txt,"mean = 2576.38, std=275.89, range=(1996.00, 3256.00)"
c66aa5e8e1d8d6da424d840fbf39b7ddd185d05bc07dc48d9c1d02554d933b47,c66aa5e8e1d8,policies/c66aa5e8e1d8.py,policies_by_distribution/poisson_L2_c1_5/poisson_L2_c1_5__c66aa5e8e1d8.py,poisson_L2_c1_5,4,1,0.000000,3932.46,3932.46,examples/inventory/deepseek-chat_poisson_L2_c1_5_50_plain_processed_scipy_15_default_m2_4_r1/prompt_for_code/m2_20251217_230424.txt,"mean = 3932.46, std=171.32, range=(3534.90, 4374.87)"
c6b625c5575b3864a29864454bc5abedd21c7016a4470b7af021267de0b33120,c6b625c5575b,policies/c6b625c5575b.py,policies_by_distribution/poisson_L2_c1_2/poisson_L2_c1_2__c6b625c5575b.py,poisson_L2_c1_2,7,1,0.019553,818.28,818.12,examples/inventory/deepseek-chat_poisson_L2_c1_2_50_plain_processed_scipy_15_default_m2_4_r4/prompt_for_code/m2_20251218_103127.txt,"mean = 818.12, std=112.55, range=(539.00, 1091.00)"
c6f12b14cbd018e0835c9d0c84deaeac10eb3144c311939aaf8d4b8fde8a50b5,c6f12b14cbd0,policies/c6f12b14cbd0.py,policies_by_distribution/poisson_L4_c1_5/poisson_L4_c1_5__c6f12b14cbd0.py,poisson_L4_c1_5,12,1,0.000000,1225.82,1225.82,examples/inventory/deepseek-chat_poisson_L4_c1_5_50_plain_processed_scipy_15_default_m2_4_r3/prompt_for_code/m2_20251218_084619.txt,"mean = 1225.82, std=277.99, range=(723.00, 2057.00)"
c73fb8ba52e7de9359950c380cfa09b047f8c23c464088197f163ba5857c1078,c73fb8ba52e7,policies/c73fb8ba52e7.py,policies_by_distribution/normal_std50_L6_c1_2/normal_std50_L6_c1_2__c73fb8ba52e7.py,normal_std50_L6_c1_2,2,1,0.008079,4208.64,4208.3,examples/inventory/deepseek-chat_normal_std50_L6_c1_2_50_plain_processed_scipy_15_default_m2_4_r1/prompt_for_code/m2_20251216_230402.txt,"mean = 4208.30, std=577.16, range=(3325.00, 5989.00)"
c79eace217391652f7d95e9dd683e232b9c800de5c910eee26c903a72ec7af95,c79eace21739,policies/c79eace21739.py,policies_by_distribution/normal_std10_L6_c1_2/normal_std10_L6_c1_2__c79eace21739.py,normal_std10_L6_c1_2,2,1,0.077737,2508.45,2510.4,examples/inventory/deepseek-chat_normal_std10_L6_c1_2_50_plain_processed_scipy_15_default_m2_2_r7/prompt_for_code/m2_20260129_062704.txt,"mean = 2510.40, std=130.84, range=(2252.00, 2912.00)"
c7aa6672b1593c3c94c2a7acd5f31faea8047b1df6436070839a9ef2674b1ddd,c7aa6672b159,policies/c7aa6672b159.py,policies_by_distribution/exponential_L6_c1_5/exponential_L6_c1_5__c7aa6672b159.py,exponential_L6_c1_5,6,1,0.047489,12845.0,12838.9,examples/inventory/deepseek-chat_exponential_L6_c1_5_50_plain_processed_scipy_15_default_m2_4_r2/prompt_for_code/m2_20251218_060507.txt,"mean = 12838.90, std=2259.20, range=(8443.00, 18091.00)"
c7ad9e44e17d92b0426e998dbf35a983e5de995502aba7eccc6083555a722891,c7ad9e44e17d,policies/c7ad9e44e17d.py,policies_by_distribution/poisson_L2_c1_5/poisson_L2_c1_5__c7ad9e44e17d.py,poisson_L2_c1_5,3,1,0.000000,1326.44,1326.44,examples/inventory/deepseek-chat_poisson_L2_c1_5_50_plain_processed_scipy_15_default_m2_4_r2/prompt_for_code/m2_20251218_031137.txt,"mean = 1326.44, std=179.90, range=(949.00, 1711.00)"
c7fc49e9c3cd5947fb744de73fd84d3afefe5aa4120eeb1f7c7f11ee800eb3d0,c7fc49e9c3cd,policies/c7fc49e9c3cd.py,policies_by_distribution/exponential_L6_c1_5/exponential_L6_c1_5__c7fc49e9c3cd.py,exponential_L6_c1_5,4,1,0.000000,11326.49,11326.49,examples/inventory/deepseek-chat_exponential_L6_c1_5_50_plain_processed_scipy_15_default_m2_4_r1/prompt_for_code/m2_20251218_022653.txt,"mean = 11326.49, std=2394.97, range=(6602.96, 16715.69)"
c830a8f0441f95da7b185a9db4d93d6d975dcd38ee0d31eb7a8c512b8925827a,c830a8f0441f,policies/c830a8f0441f.py,policies_by_distribution/poisson_L2_c1_2/poisson_L2_c1_2__c830a8f0441f.py,poisson_L2_c1_2,9,1,0.000000,695.07,695.07,examples/inventory/deepseek-chat_poisson_L2_c1_2_50_plain_processed_scipy_15_default_m2_4_r2/prompt_for_code/m2_20251218_024505.txt,"mean = 695.07, std=90.30, range=(518.64, 966.84)"
c8623d92a4d873145f9a37c8ce8dd4473901ccf5adc4d0f13773251f582c5642,c8623d92a4d8,policies/c8623d92a4d8.py,policies_by_distribution/poisson_L6_c1_2/poisson_L6_c1_2__c8623d92a4d8.py,poisson_L6_c1_2,15,1,0.365020,975.29,978.85,examples/inventory/deepseek-chat_poisson_L6_c1_2_50_plain_processed_scipy_15_default_m2_4_r3/prompt_for_code/m2_20251218_085459.txt,"mean = 978.85, std=148.17, range=(661.85, 1384.47)"
c9790b80ca4fb403997d27dfc2ae131dadd97a9798a5477351263053f333418d,c9790b80ca4f,policies/c9790b80ca4f.py,policies_by_distribution/normal_std10_L2_c1_5/normal_std10_L2_c1_5__c9790b80ca4f.py,normal_std10_L2_c1_5,17,1,0.043998,1227.32,1227.86,examples/inventory/deepseek-chat_normal_std10_L2_c1_5_50_plain_processed_scipy_15_default_m2_2_r8/prompt_for_code/m2_20260130_095012.txt,"mean = 1227.86, std=150.43, range=(979.25, 1594.94)"
c9b38c4848d3aeac88481c90aa23cbbf509e9d6634450b0dfeecd14a3983872e,c9b38c4848d3,policies/c9b38c4848d3.py,policies_by_distribution/exponential_L2_c1_5/exponential_L2_c1_5__c9b38c4848d3.py,exponential_L2_c1_5,15,1,0.000000,10161.49,10161.49,examples/inventory/deepseek-chat_exponential_L2_c1_5_50_plain_processed_scipy_15_default_m2_4_r3/prompt_for_code/m2_20251218_074746.txt,"mean = 10161.49, std=1829.48, range=(7078.23, 15650.09)"
c9cdf91846bb695dffb1324b245d46854c7e7f22fed518917a2f03fc492acec8,c9cdf91846bb,policies/c9cdf91846bb.py,policies_by_distribution/poisson_L2_c1_5/poisson_L2_c1_5__c9cdf91846bb.py,poisson_L2_c1_5,21,1,0.000000,1254.58,1254.58,examples/inventory/deepseek-chat_poisson_L2_c1_5_50_plain_processed_scipy_15_default_m2_4_r3/prompt_for_code/m2_20251218_072046.txt,"mean = 1254.58, std=176.21, range=(873.00, 1593.00)"
c9d48c7fcbc5449b2bbaf3d6045fa793e4acfd2e7d796e231f02253d3edd2c6f,c9d48c7fcbc5,policies/c9d48c7fcbc5.py,policies_by_distribution/exponential_L2_c1_5/exponential_L2_c1_5__c9d48c7fcbc5.py,exponential_L2_c1_5,19,1,0.000197,10171.43,10171.41,examples/inventory/deepseek-chat_exponential_L2_c1_5_50_plain_processed_scipy_15_default_m2_4_r1/prompt_for_code/m2_20251217_233050.txt,"mean = 10171.41, std=1826.15, range=(7095.36, 15474.04)"
ca5797efce647778c9c453f5a4835b45235faa44846a2f608c4f5b37cc64a52c,ca5797efce64,policies/ca5797efce64.py,policies_by_distribution/normal_std50_L6_c1_2/normal_std50_L6_c1_2__ca5797efce64.py,normal_std50_L6_c1_2,11,1,0.000000,3751.07,3751.07,examples/inventory/deepseek-chat_normal_std50_L6_c1_2_50_plain_processed_scipy_15_default_m2_2_r7/prompt_for_code/m2_20260129_081424.txt,"mean = 3751.07, std=811.03, range=(2345.98, 7527.23)"
ca5ebab813b1d4190324cb7fc573fea47c15ba915ead28014f077ec2d472b492,ca5ebab813b1,policies/ca5ebab813b1.py,policies_by_distribution/exponential_L6_c1_2/exponential_L6_c1_2__ca5ebab813b1.py,exponential_L6_c1_2,8,1,0.005848,7011.51,7011.1,examples/inventory/deepseek-chat_exponential_L6_c1_2_50_plain_processed_scipy_15_default_m2_4_r1/prompt_for_code/m2_20251222_034813.txt,"mean = 7011.10, std=1112.73, range=(4615.81, 10706.31)"
ca5f077c30542ae04a4be577eed366c7a4e3190f866c6862bb9d7c65c496fb06,ca5f077c3054,policies/ca5f077c3054.py,policies_by_distribution/normal_std10_L4_c1_2/normal_std10_L4_c1_2__ca5f077c3054.py,normal_std10_L4_c1_2,19,1,0.000000,1236.15,1236.15,examples/inventory/deepseek-chat_normal_std10_L4_c1_2_50_plain_processed_scipy_15_default_m2_2_r7/prompt_for_code/m2_20260130_054639.txt,"mean = 1236.15, std=194.43, range=(857.31, 1861.98)"
caac08d63e6fa11caddf83ba5c85a5d2cab34bbc26c4e6922db9120dba90f032,caac08d63e6f,policies/caac08d63e6f.py,policies_by_distribution/exponential_L6_c1_2/exponential_L6_c1_2__caac08d63e6f.py,exponential_L6_c1_2,4,1,0.031768,7239.99,7237.69,examples/inventory/deepseek-chat_exponential_L6_c1_2_50_plain_processed_scipy_15_default_m2_4_r1/prompt_for_code/m2_20251222_034134.txt,"mean = 7237.69, std=1141.63, range=(4990.81, 10508.92)"
cad27d6d709c7f6f64ce16c261b77aac0a52e436e200a4b9f5284a805439069b,cad27d6d709c,policies/cad27d6d709c.py,policies_by_distribution/exponential_L6_c1_5/exponential_L6_c1_5__cad27d6d709c.py,exponential_L6_c1_5,3,1,0.000000,11845.83,11845.83,examples/inventory/deepseek-chat_exponential_L6_c1_5_50_plain_processed_scipy_15_default_m2_4_r1/prompt_for_code/m2_20251218_021129.txt,"mean = 11845.83, std=2920.95, range=(6105.92, 17414.95)"
cae3992477c28ea57c5916de18d7c445fb4623109cca4f6ab9bdff11cec1bf42,cae3992477c2,policies/cae3992477c2.py,policies_by_distribution/normal_std10_L6_c1_2/normal_std10_L6_c1_2__cae3992477c2.py,normal_std10_L6_c1_2,104,1,0.000000,713.37,713.37,examples/inventory/deepseek-chat_normal_std10_L6_c1_2_50_plain_processed_scipy_15_default_m2_2_r7/prompt_for_code/m2_20260128_035629.txt,"mean = 713.37, std=118.67, range=(475.28, 1070.53)"
caef40eaa98ea8005b72f99c3f206a8830f11c55579f32ad124c81780433492f,caef40eaa98e,policies/caef40eaa98e.py,policies_by_distribution/poisson_L2_c1_2/poisson_L2_c1_2__caef40eaa98e.py,poisson_L2_c1_2,11,1,0.003851,1038.74,1038.7,examples/inventory/deepseek-chat_poisson_L2_c1_2_50_plain_processed_scipy_15_default_m2_4_r2/prompt_for_code/m2_20251218_021923.txt,"mean = 1038.70, std=83.22, range=(876.00, 1258.00)"
cb1fda0309d12e39b6976c21782171dcb55e11f8038a58b368a1a4929e0555ae,cb1fda0309d1,policies/cb1fda0309d1.py,policies_by_distribution/normal_std30_L6_c1_2/normal_std30_L6_c1_2__cb1fda0309d1.py,normal_std30_L6_c1_2,18,1,0.000000,2859.22,2859.22,examples/inventory/deepseek-chat_normal_std30_L6_c1_2_50_plain_processed_scipy_15_default_m2_2_r6/prompt_for_code/m2_20260130_014917.txt,"mean = 2859.22, std=478.13, range=(2042.56, 4538.01)"
cbb61094b4dc86077c8cbf1bd03f102bbfcb56c7200a2ec3f2a064071846d8c0,cbb61094b4dc,policies/cbb61094b4dc.py,policies_by_distribution/poisson_L4_c1_2/poisson_L4_c1_2__cbb61094b4dc.py,poisson_L4_c1_2,17,1,0.005965,1173.49,1173.42,examples/inventory/deepseek-chat_poisson_L4_c1_2_50_plain_processed_scipy_15_default_m2_2_r6/prompt_for_code/m2_20260130_024501.txt,"mean = 1173.42, std=121.41, range=(872.94, 1489.16)"
cbc3316131cac98934d38561d78a2bb1774c0e0d7d69bfa0c16f14c91781a0d3,cbc3316131ca,policies/cbc3316131ca.py,policies_by_distribution/poisson_L4_c1_2/poisson_L4_c1_2__cbc3316131ca.py,poisson_L4_c1_2,22,1,0.016124,744.21,744.33,examples/inventory/deepseek-chat_poisson_L4_c1_2_50_plain_processed_scipy_15_default_m2_2_r7/prompt_for_code/m2_20260130_080513.txt,"mean = 744.33, std=98.93, range=(497.79, 943.17)"
cbedc8d2336c3f4dd9b6f73cfec4b632a789a111c2f9b89a609a74cbcf981f65,cbedc8d2336c,policies/cbedc8d2336c.py,policies_by_distribution/poisson_L6_c1_5/poisson_L6_c1_5__cbedc8d2336c.py,poisson_L6_c1_5,44,1,0.025671,1636.06,1636.48,examples/inventory/deepseek-chat_poisson_L6_c1_5_50_plain_processed_scipy_15_default_m2_2_r7/prompt_for_code/m2_20260130_091319.txt,"mean = 1636.48, std=244.77, range=(1137.63, 2292.51)"
cc0959d63a310eedb9981a51f0d8654c353d09313ac194d1eb2186d4f209af3c,cc0959d63a31,policies/cc0959d63a31.py,policies_by_distribution/exponential_L2_c1_2/exponential_L2_c1_2__cc0959d63a31.py,exponential_L2_c1_2,5,1,0.000000,5877.24,5877.24,examples/inventory/deepseek-chat_exponential_L2_c1_2_50_plain_processed_scipy_15_default_m2_4_r3/prompt_for_code/m2_20251218_071008.txt,"mean = 5877.24, std=978.51, range=(4324.00, 8479.00)"
cc18bdad7475afbb559f99247dd4e3bb4f6c66f28e7e44cea5a6d341edec5325,cc18bdad7475,policies/cc18bdad7475.py,policies_by_distribution/poisson_L6_c1_2/poisson_L6_c1_2__cc18bdad7475.py,poisson_L6_c1_2,4,1,0.000000,810.73,810.73,examples/inventory/deepseek-chat_poisson_L6_c1_2_50_plain_processed_scipy_15_default_m2_2_r7/prompt_for_code/m2_20260128_201156.txt,"mean = 810.73, std=114.98, range=(540.41, 1132.44)"
cc89adc27d0a539cb099b79e98d8a1478d97d31192625685fea11fdf2f52f528,cc89adc27d0a,policies/cc89adc27d0a.py,policies_by_distribution/exponential_L4_c1_5/exponential_L4_c1_5__cc89adc27d0a.py,exponential_L4_c1_5,6,1,0.000000,11028.54,11028.54,examples/inventory/deepseek-chat_exponential_L4_c1_5_50_plain_processed_scipy_15_default_m2_4_r3/prompt_for_code/m2_20251218_085611.txt,"mean = 11028.54, std=2135.77, range=(6591.00, 16347.00)"
cc93cbcf5d751e31232e96dc2231db71b5e09bc0ec563283128ec788521cddd1,cc93cbcf5d75,policies/cc93cbcf5d75.py,policies_by_distribution/poisson_L6_c1_2/poisson_L6_c1_2__cc93cbcf5d75.py,poisson_L6_c1_2,1,1,0.691419,3167.4,3189.3,examples/inventory/deepseek-chat_poisson_L6_c1_2_50_plain_processed_scipy_15_default_m2_4_r2/prompt_for_code/m2_20251218_050032.txt,"mean = 3189.30, std=146.66, range=(2831.00, 3441.00)"
cca3ed94870abdbcb0a66c0e772913d36a14773d12c1d394f80a3fd2d6f7e9d4,cca3ed94870a,policies/cca3ed94870a.py,policies_by_distribution/poisson_L2_c1_5/poisson_L2_c1_5__cca3ed94870a.py,poisson_L2_c1_5,11,1,0.000000,1302.02,1302.02,examples/inventory/deepseek-chat_poisson_L2_c1_5_50_plain_processed_scipy_15_default_m2_4_r1/prompt_for_code/m2_20251217_232511.txt,"mean = 1302.02, std=167.51, range=(819.00, 1650.00)"
cd3c9579e7b7ee143043dcc9d33a8b009d7fe9cad83da8a732ef4587e61c92e9,cd3c9579e7b7,policies/cd3c9579e7b7.py,policies_by_distribution/poisson_L6_c1_2/poisson_L6_c1_2__cd3c9579e7b7.py,poisson_L6_c1_2,5,1,0.005247,762.35,762.39,examples/inventory/deepseek-chat_poisson_L6_c1_2_50_plain_processed_scipy_15_default_m2_4_r1/prompt_for_code/m2_20251222_022909.txt,"mean = 762.39, std=105.12, range=(504.47, 1020.68)"
cd4432780ba7b5432f735739f8b8e3842aa464bdc30da69bfea4687d4e33ce1b,cd4432780ba7,policies/cd4432780ba7.py,policies_by_distribution/exponential_L6_c1_5/exponential_L6_c1_5__cd4432780ba7.py,exponential_L6_c1_5,4,1,0.000688,11623.04,11622.96,examples/inventory/deepseek-chat_exponential_L6_c1_5_50_plain_processed_scipy_15_default_m2_4_r2/prompt_for_code/m2_20251218_060720.txt,"mean = 11622.96, std=2363.51, range=(6613.00, 16898.00)"
cd56d8734094b40431e898c806a597af3939302a4f72d8348aa037daab38d6ca,cd56d8734094,policies/cd56d8734094.py,policies_by_distribution/exponential_L4_c1_2/exponential_L4_c1_2__cd56d8734094.py,exponential_L4_c1_2,7,1,0.002101,6186.47,6186.6,examples/inventory/deepseek-chat_exponential_L4_c1_2_50_plain_processed_scipy_15_default_m2_4_r2/prompt_for_code/m2_20251218_040141.txt,"mean = 6186.60, std=1310.01, range=(4103.00, 11671.00)"
cdb6eb7c56d13b72bf0aac3b90b9f87ad650063e91936066043e615e367b1a12,cdb6eb7c56d1,policies/cdb6eb7c56d1.py,policies_by_distribution/normal_std30_L6_c1_2/normal_std30_L6_c1_2__cdb6eb7c56d1.py,normal_std30_L6_c1_2,70,1,0.000000,2252.22,2252.22,examples/inventory/deepseek-chat_normal_std30_L6_c1_2_50_plain_processed_scipy_15_default_m2_2_r7/prompt_for_code/m2_20260128_061935.txt,"mean = 2252.22, std=390.69, range=(1609.00, 3549.00)"
cde9807250075ddc5b83e72a2d98ba8a86d1e7e5896f6ed6202cd06e69d5bf53,cde980725007,policies/cde980725007.py,policies_by_distribution/exponential_L2_c1_2/exponential_L2_c1_2__cde980725007.py,exponential_L2_c1_2,12,1,0.000000,6467.08,6467.08,examples/inventory/deepseek-chat_exponential_L2_c1_2_50_plain_processed_scipy_15_default_m2_4_r1/prompt_for_code/m2_20251217_223058.txt,"mean = 6467.08, std=877.66, range=(5120.00, 8485.00)"
ce208f1463d55c41f01b3a6276fa82be646c1c93e3a265f2be96dcd4302de36d,ce208f1463d5,policies/ce208f1463d5.py,policies_by_distribution/poisson_L6_c1_2/poisson_L6_c1_2__ce208f1463d5.py,poisson_L6_c1_2,8,1,0.002557,782.14,782.16,examples/inventory/deepseek-chat_poisson_L6_c1_2_50_plain_processed_scipy_15_default_m2_4_r1/prompt_for_code/m2_20251218_013248.txt,"mean = 782.16, std=145.28, range=(522.71, 1415.81)"
ce81fe6640e75c6b334bf2e3420049c70fd238d225a0ee6544594ebb31241bb2,ce81fe6640e7,policies/ce81fe6640e7.py,policies_by_distribution/poisson_L6_c1_2/poisson_L6_c1_2__ce81fe6640e7.py,poisson_L6_c1_2,2,1,0.084741,778.84,779.5,examples/inventory/deepseek-chat_poisson_L6_c1_2_50_plain_processed_scipy_15_default_m2_4_r1/prompt_for_code/m2_20251218_012531.txt,"mean = 779.50, std=147.58, range=(487.00, 1343.00)"
ce89399813d0c0fd6b7666447526c06081eac1e4519c07f4066de1df851e84f9,ce89399813d0,policies/ce89399813d0.py,policies_by_distribution/poisson_L2_c1_5/poisson_L2_c1_5__ce89399813d0.py,poisson_L2_c1_5,2,1,0.000000,1535.36,1535.36,examples/inventory/deepseek-chat_poisson_L2_c1_5_50_plain_processed_scipy_15_default_m2_4_r1/prompt_for_code/m2_20251217_230344.txt,"mean = 1535.36, std=161.61, range=(1116.00, 1872.00)"
ce921a1a4b633a5771ea85af23bf787abb0dd66a4e42545f9ce16937dc00c98b,ce921a1a4b63,policies/ce921a1a4b63.py,policies_by_distribution/poisson_L4_c1_5/poisson_L4_c1_5__ce921a1a4b63.py,poisson_L4_c1_5,10,1,0.000000,1698.9,1698.9,examples/inventory/deepseek-chat_poisson_L4_c1_5_50_plain_processed_scipy_15_default_m2_4_r1/prompt_for_code/m2_20251218_003157.txt,"mean = 1698.90, std=245.07, range=(1115.00, 2363.00)"
cea2c174a7c36cf87d549cb707b0dc937de4930ca8da3ac8e2657a1ada1e5716,cea2c174a7c3,policies/cea2c174a7c3.py,policies_by_distribution/poisson_L6_c1_5/poisson_L6_c1_5__cea2c174a7c3.py,poisson_L6_c1_5,23,1,0.000000,3336.9,3336.9,examples/inventory/deepseek-chat_poisson_L6_c1_5_50_plain_processed_scipy_15_default_m2_4_r3/prompt_for_code/m2_20251218_093638.txt,"mean = 3336.90, std=250.63, range=(2832.34, 4048.34)"
ceb9084a445fcc0967620365339adcf740b633628d5b32927a55434c598b263b,ceb9084a445f,policies/ceb9084a445f.py,policies_by_distribution/poisson_L4_c1_2/poisson_L4_c1_2__ceb9084a445f.py,poisson_L4_c1_2,10,1,0.000000,824.8,824.8,examples/inventory/deepseek-chat_poisson_L4_c1_2_50_plain_processed_scipy_15_default_m2_4_r3/prompt_for_code/m2_20251218_075031.txt,"mean = 824.80, std=137.07, range=(584.00, 1186.00)"
cebc6f12126f9950c98faf2846f93280a04485426fae677fb9533b7217a96850,cebc6f12126f,policies/cebc6f12126f.py,policies_by_distribution/exponential_L4_c1_2/exponential_L4_c1_2__cebc6f12126f.py,exponential_L4_c1_2,8,1,0.001299,6158.22,6158.14,examples/inventory/deepseek-chat_exponential_L4_c1_2_50_plain_processed_scipy_15_default_m2_4_r2/prompt_for_code/m2_20251218_040638.txt,"mean = 6158.14, std=1235.20, range=(4266.00, 11211.00)"
cfcdd514e550f382d2835811ac86c464cc0f73447263c019143d0c43990389e1,cfcdd514e550,policies/cfcdd514e550.py,policies_by_distribution/exponential_L2_c1_5/exponential_L2_c1_5__cfcdd514e550.py,exponential_L2_c1_5,27,2,0.000000,10186.63,10186.63,examples/inventory/deepseek-chat_exponential_L2_c1_5_50_plain_processed_scipy_15_default_m2_4_r3/prompt_for_code/m2_20251218_074249.txt,"mean = 10186.63, std=1856.33, range=(6841.39, 15742.33)"
cfcf4e993391add9d80e67ef2fe70c5f7fca295cdb59ad3d0537d26927b4251b,cfcf4e993391,policies/cfcf4e993391.py,policies_by_distribution/poisson_L6_c1_2/poisson_L6_c1_2__cfcf4e993391.py,poisson_L6_c1_2,1,1,0.157997,2196.24,2199.71,examples/inventory/deepseek-chat_poisson_L6_c1_2_50_plain_processed_scipy_15_default_m2_4_r1/prompt_for_code/m2_20251224_052245.txt,"mean = 2199.71, std=100.64, range=(1933.23, 2375.26)"
cfdbb04c17cc3f3a79b13b2549ca29645b30ddc78a26bdce08857a7f6944d692,cfdbb04c17cc,policies/cfdbb04c17cc.py,policies_by_distribution/exponential_L4_c1_5/exponential_L4_c1_5__cfdbb04c17cc.py,exponential_L4_c1_5,10,1,0.041066,10982.31,10977.8,examples/inventory/deepseek-chat_exponential_L4_c1_5_50_plain_processed_scipy_15_default_m2_4_r2/prompt_for_code/m2_20251218_051331.txt,"mean = 10977.80, std=2071.07, range=(7101.00, 16405.00)"
cfe7deb02b9aeebadc032413b84645227a00d30b7e11543d5cbc0fb9572b7883,cfe7deb02b9a,policies/cfe7deb02b9a.py,policies_by_distribution/normal_std30_L6_c1_2/normal_std30_L6_c1_2__cfe7deb02b9a.py,normal_std30_L6_c1_2,19,2,0.127627,3024.44,3028.3,examples/inventory/deepseek-chat_normal_std30_L6_c1_2_50_plain_processed_scipy_15_default_m2_4_r1/prompt_for_code/m2_20251222_024959.txt,"mean = 3028.30, std=301.17, range=(2458.00, 3721.00)"
d010e110e1fbbba477a224abb5f023c0ed70b9a5bd629d675b656a15153fe913,d010e110e1fb,policies/d010e110e1fb.py,policies_by_distribution/poisson_L4_c1_5/poisson_L4_c1_5__d010e110e1fb.py,poisson_L4_c1_5,21,1,0.061367,1319.93,1319.12,examples/inventory/deepseek-chat_poisson_L4_c1_5_50_plain_processed_scipy_15_default_m2_4_r3/prompt_for_code/m2_20251218_083423.txt,"mean = 1319.12, std=242.72, range=(888.00, 2006.00)"
d057e293ba626171c18f40196cf90cdb3689d54e56189fa5bf1771d9c8ace2a6,d057e293ba62,policies/d057e293ba62.py,policies_by_distribution/poisson_L2_c1_5/poisson_L2_c1_5__d057e293ba62.py,poisson_L2_c1_5,12,1,0.000000,1237.56,1237.56,examples/inventory/deepseek-chat_poisson_L2_c1_5_50_plain_processed_scipy_15_default_m2_4_r3/prompt_for_code/m2_20251218_072732.txt,"mean = 1237.56, std=166.26, range=(944.00, 1578.00)"
d0de075aa1b0e9e4a327be4d7054aa7d6e8a225d812a17baf3825187b5c4b788,d0de075aa1b0,policies/d0de075aa1b0.py,policies_by_distribution/poisson_L4_c1_5/poisson_L4_c1_5__d0de075aa1b0.py,poisson_L4_c1_5,3,1,0.000000,1221.31,1221.31,examples/inventory/deepseek-chat_poisson_L4_c1_5_50_plain_processed_scipy_15_default_m2_2_r7/prompt_for_code/m2_20260128_195301.txt,"mean = 1221.31, std=206.57, range=(725.39, 1827.06)"
d1169f1af070779bc0a8ffee3960bdd6906686326663fddbe78f44c9d1608356,d1169f1af070,policies/d1169f1af070.py,policies_by_distribution/normal_std10_L6_c1_5/normal_std10_L6_c1_5__d1169f1af070.py,normal_std10_L6_c1_5,34,1,0.000000,1264.81,1264.81,examples/inventory/deepseek-chat_normal_std10_L6_c1_5_50_plain_processed_scipy_15_default_m2_2_r7/prompt_for_code/m2_20260129_071622.txt,"mean = 1264.81, std=237.49, range=(745.66, 1971.23)"
d13a21159e8b176b4a32f5970802e8a8ca6551c1120cc1c4e41d557b426d5e0a,d13a21159e8b,policies/d13a21159e8b.py,policies_by_distribution/normal_std10_L2_c1_5/normal_std10_L2_c1_5__d13a21159e8b.py,normal_std10_L2_c1_5,26,1,0.000000,1269.91,1269.91,examples/inventory/deepseek-chat_normal_std10_L2_c1_5_50_plain_processed_scipy_15_default_m2_2_r7/prompt_for_code/m2_20260129_061110.txt,"mean = 1269.91, std=150.98, range=(1033.94, 1610.16)"
d13b15b97c1fd92af3550eb80ec7b529369c1fb65772a0a2c1d0bca4b9687f20,d13b15b97c1f,policies/d13b15b97c1f.py,policies_by_distribution/exponential_L4_c1_5/exponential_L4_c1_5__d13b15b97c1f.py,exponential_L4_c1_5,12,2,0.000000,11167.0,11167.0,examples/inventory/deepseek-chat_exponential_L4_c1_5_50_plain_processed_scipy_15_default_m2_4_r2/prompt_for_code/m2_20251218_044500.txt,"mean = 11167.00, std=2311.73, range=(5852.00, 16178.00)"
d1438f0a6e6c99457f26434efe524513ded43b17cdfd16abea6af6863b282291,d1438f0a6e6c,policies/d1438f0a6e6c.py,policies_by_distribution/exponential_L4_c1_2/exponential_L4_c1_2__d1438f0a6e6c.py,exponential_L4_c1_2,26,1,0.000327,6107.84,6107.82,examples/inventory/deepseek-chat_exponential_L4_c1_2_50_plain_processed_scipy_15_default_m2_4_r1/prompt_for_code/m2_20251218_000932.txt,"mean = 6107.82, std=1258.87, range=(4102.00, 11421.00)"
d153ace20477b71f02495ff4d73f30b866107931d6e726f1ce25a99376c899aa,d153ace20477,policies/d153ace20477.py,policies_by_distribution/poisson_L2_c1_2/poisson_L2_c1_2__d153ace20477.py,poisson_L2_c1_2,14,2,0.000000,943.78,943.78,examples/inventory/deepseek-chat_poisson_L2_c1_2_50_plain_processed_scipy_15_default_m2_4_r2/prompt_for_code/m2_20251218_023633.txt,"mean = 943.78, std=91.25, range=(738.00, 1172.00)"
d156f4c306ab03a38a92d693c310d8d50e812b121e016c70a8c95f4fb1544230,d156f4c306ab,policies/d156f4c306ab.py,policies_by_distribution/normal_std50_L6_c1_2/normal_std50_L6_c1_2__d156f4c306ab.py,normal_std50_L6_c1_2,6,1,0.164475,5040.29,5048.58,examples/inventory/deepseek-chat_normal_std50_L6_c1_2_50_plain_processed_scipy_15_default_m2_4_r2/prompt_for_code/m2_20251217_002546.txt,"mean = 5048.58, std=604.68, range=(3891.00, 7417.00)"
d1581b5d82878163f4a99b29c0a6606451a5eedbaf8a78194dba1e3eaa191619,d1581b5d8287,policies/d1581b5d8287.py,policies_by_distribution/normal_std10_L2_c1_5/normal_std10_L2_c1_5__d1581b5d8287.py,normal_std10_L2_c1_5,6,1,0.523542,1147.95,1141.94,examples/inventory/deepseek-chat_normal_std10_L2_c1_5_50_plain_processed_scipy_15_default_m2_2_r8/prompt_for_code/m2_20260130_101145.txt,"mean = 1141.94, std=153.90, range=(887.97, 1497.87)"
d160af35bf755842b5cae64e397e0e09997b491042714b4c12c3c75235bb087a,d160af35bf75,policies/d160af35bf75.py,policies_by_distribution/normal_std10_L2_c1_2/normal_std10_L2_c1_2__d160af35bf75.py,normal_std10_L2_c1_2,12,1,0.013835,795.08,794.97,examples/inventory/deepseek-chat_normal_std10_L2_c1_2_50_plain_processed_scipy_15_default_m2_2_r6/prompt_for_code/m2_20260128_234403.txt,"mean = 794.97, std=106.71, range=(649.97, 1063.69)"
d18390957b51d2e08910995cb0bce2a6af02093b0a7093ea92435837a5a05115,d18390957b51,policies/d18390957b51.py,policies_by_distribution/poisson_L6_c1_5/poisson_L6_c1_5__d18390957b51.py,poisson_L6_c1_5,2,1,0.089315,2821.48,2818.96,examples/inventory/deepseek-chat_poisson_L6_c1_5_50_plain_processed_scipy_15_default_m2_2_r6/prompt_for_code/m2_20260128_164704.txt,"mean = 2818.96, std=214.02, range=(2376.00, 3589.00)"
d1e1ede1c6834e6952d73e49fb2005c45b27e7a12381f89a81ab6f82ece4394e,d1e1ede1c683,policies/d1e1ede1c683.py,policies_by_distribution/exponential_L6_c1_2/exponential_L6_c1_2__d1e1ede1c683.py,exponential_L6_c1_2,4,1,0.007580,6728.43,6728.94,examples/inventory/deepseek-chat_exponential_L6_c1_2_50_plain_processed_scipy_15_default_m2_4_r1/prompt_for_code/m2_20251218_012255.txt,"mean = 6728.94, std=1120.69, range=(4678.00, 10511.00)"
d229537b9f8051d17a9f1b42b1028ba8d9b1267cde240ad24ef9d9e8110041ff,d229537b9f80,policies/d229537b9f80.py,policies_by_distribution/poisson_L2_c1_2/poisson_L2_c1_2__d229537b9f80.py,poisson_L2_c1_2,5,1,0.000000,812.82,812.82,examples/inventory/deepseek-chat_poisson_L2_c1_2_50_plain_processed_scipy_15_default_m2_4_r4/prompt_for_code/m2_20251218_103538.txt,"mean = 812.82, std=90.34, range=(602.00, 1097.00)"
d2783764221451313dee23922614aced2987a8975e68c46c83a3a0b4232ee69c,d27837642214,policies/d27837642214.py,policies_by_distribution/exponential_L4_c1_5/exponential_L4_c1_5__d27837642214.py,exponential_L4_c1_5,10,1,0.014030,11119.4,11117.84,examples/inventory/deepseek-chat_exponential_L4_c1_5_50_plain_processed_scipy_15_default_m2_4_r2/prompt_for_code/m2_20251218_044927.txt,"mean = 11117.84, std=2133.85, range=(7215.00, 16235.00)"
d29c5434b8c21f0cd53804162d9dfd73d684730228944d3e8c5af5b4a265cddb,d29c5434b8c2,policies/d29c5434b8c2.py,policies_by_distribution/normal_std30_L4_c1_5/normal_std30_L4_c1_5__d29c5434b8c2.py,normal_std30_L4_c1_5,3,1,0.049931,3905.36,3903.41,examples/inventory/deepseek-chat_normal_std30_L4_c1_5_50_plain_processed_scipy_15_default_m2_2_r7/prompt_for_code/m2_20260128_050838.txt,"mean = 3903.41, std=536.38, range=(2978.79, 5295.16)"
d30cb4ac0b856f20d969cecc41bb8b607e3cea310c857df9b2f4ae6c47c96015,d30cb4ac0b85,policies/d30cb4ac0b85.py,policies_by_distribution/normal_std50_L6_c1_2/normal_std50_L6_c1_2__d30cb4ac0b85.py,normal_std50_L6_c1_2,14,1,0.003586,3903.98,3904.12,examples/inventory/deepseek-chat_normal_std50_L6_c1_2_50_plain_processed_scipy_15_default_m2_4_r2/prompt_for_code/m2_20251217_010256.txt,"mean = 3904.12, std=1378.41, range=(2313.00, 10676.00)"
d33a993e42bbc4df3054172c876ae81f59311163f66d354c9e0b4cd49fa1ed57,d33a993e42bb,policies/d33a993e42bb.py,policies_by_distribution/exponential_L6_c1_5/exponential_L6_c1_5__d33a993e42bb.py,exponential_L6_c1_5,7,1,0.005617,12461.91,12461.21,examples/inventory/deepseek-chat_exponential_L6_c1_5_50_plain_processed_scipy_15_default_m2_4_r3/prompt_for_code/m2_20251218_101605.txt,"mean = 12461.21, std=2367.82, range=(7731.64, 18333.50)"
d3786421c0b287988214425693c55d40e96afeeee8af9c2151bf136a1c738b87,d3786421c0b2,policies/d3786421c0b2.py,policies_by_distribution/poisson_L6_c1_2/poisson_L6_c1_2__d3786421c0b2.py,poisson_L6_c1_2,1,1,0.000000,3372.08,3372.08,examples/inventory/deepseek-chat_poisson_L6_c1_2_50_plain_processed_scipy_15_default_m2_4_r1/prompt_for_code/m2_20251222_015341.txt,"mean = 3372.08, std=314.17, range=(2706.00, 4369.00)"
d3ec4d4dc5e931122005e8809b57e0b036ca3fbbab058c72dcd688afb336e12e,d3ec4d4dc5e9,policies/d3ec4d4dc5e9.py,policies_by_distribution/exponential_L6_c1_2/exponential_L6_c1_2__d3ec4d4dc5e9.py,exponential_L6_c1_2,4,1,0.000000,6508.66,6508.66,examples/inventory/deepseek-chat_exponential_L6_c1_2_50_plain_processed_scipy_15_default_m2_4_r1/prompt_for_code/m2_20251218_012633.txt,"mean = 6508.66, std=1045.68, range=(4472.00, 9695.00)"
d44c26dbce96ac4e5d75a8cdd218a88f17bbf5d442b0552798adae32293e1554,d44c26dbce96,policies/d44c26dbce96.py,policies_by_distribution/exponential_L4_c1_2/exponential_L4_c1_2__d44c26dbce96.py,exponential_L4_c1_2,32,2,0.000000,6137.52,6137.52,examples/inventory/deepseek-chat_exponential_L4_c1_2_50_plain_processed_scipy_15_default_m2_4_r1/prompt_for_code/m2_20251218_001807.txt,"mean = 6137.52, std=1274.76, range=(4188.00, 11483.00)"
d4689d26270a4488f6f9403865850450b7b681c05859ad98db0f6758c95231b9,d4689d26270a,policies/d4689d26270a.py,policies_by_distribution/exponential_L2_c1_2/exponential_L2_c1_2__d4689d26270a.py,exponential_L2_c1_2,2,1,0.000955,6282.44,6282.5,examples/inventory/deepseek-chat_exponential_L2_c1_2_50_plain_processed_scipy_15_default_m2_4_r4/prompt_for_code/m2_20251218_104353.txt,"mean = 6282.50, std=997.29, range=(4834.28, 8594.78)"
d4753bc0b1ce6fa5e104b64711ff5f4d3ec1fe374365d8f010766aea35476ebf,d4753bc0b1ce,policies/d4753bc0b1ce.py,policies_by_distribution/normal_std50_L6_c1_5/normal_std50_L6_c1_5__d4753bc0b1ce.py,normal_std50_L6_c1_5,91,1,0.000633,6319.68,6319.72,examples/inventory/deepseek-chat_normal_std50_L6_c1_5_50_plain_processed_scipy_15_default_m2_2_r7/prompt_for_code/m2_20260129_092603.txt,"mean = 6319.72, std=1245.57, range=(3977.00, 9974.00)"
d488a8da2ea9783eb9479c4f0c2ac7243af2c4b04fe2692211b7fd7166381693,d488a8da2ea9,policies/d488a8da2ea9.py,policies_by_distribution/normal_std30_L6_c1_2/normal_std30_L6_c1_2__d488a8da2ea9.py,normal_std30_L6_c1_2,12,1,0.000000,2270.84,2270.84,examples/inventory/deepseek-chat_normal_std30_L6_c1_2_50_plain_processed_scipy_15_default_m2_2_r8/prompt_for_code/m2_20260128_113904.txt,"mean = 2270.84, std=413.27, range=(1628.00, 3603.00)"
d48ba6ef3e853dd1eeee3de8965df3ea6af1d4c2e331763a607f8a6ca7f7bcb3,d48ba6ef3e85,policies/d48ba6ef3e85.py,policies_by_distribution/exponential_L6_c1_2/exponential_L6_c1_2__d48ba6ef3e85.py,exponential_L6_c1_2,3,1,0.000000,6023.73,6023.73,examples/inventory/deepseek-chat_exponential_L6_c1_2_50_plain_processed_scipy_15_default_m2_2_r6/prompt_for_code/m2_20260129_041804.txt,"mean = 6023.73, std=1178.01, range=(3908.18, 9578.43)"
d49f22d9185287066d51bd2fff654d31f2a63a9cae691a88256c1ef673174a6a,d49f22d91852,policies/d49f22d91852.py,policies_by_distribution/exponential_L4_c1_5/exponential_L4_c1_5__d49f22d91852.py,exponential_L4_c1_5,17,2,0.000000,11094.6,11094.6,examples/inventory/deepseek-chat_exponential_L4_c1_5_50_plain_processed_scipy_15_default_m2_4_r2/prompt_for_code/m2_20251218_043838.txt,"mean = 11094.60, std=2161.42, range=(6215.34, 15173.18)"
d50d62532032bd96ab737a54557a496b2fc251e31384778c809fb390368f5a49,d50d62532032,policies/d50d62532032.py,policies_by_distribution/normal_std10_L2_c1_5/normal_std10_L2_c1_5__d50d62532032.py,normal_std10_L2_c1_5,2,1,0.322880,1207.88,1211.78,examples/inventory/deepseek-chat_normal_std10_L2_c1_5_50_plain_processed_scipy_15_default_m2_2_r6/prompt_for_code/m2_20260129_234100.txt,"mean = 1211.78, std=148.47, range=(956.00, 1585.00)"
d5253bb13ca482e4cef0e7092bc73c758a33f3665d821802f9319a6260d2b415,d5253bb13ca4,policies/d5253bb13ca4.py,policies_by_distribution/poisson_L2_c1_5/poisson_L2_c1_5__d5253bb13ca4.py,poisson_L2_c1_5,54,2,0.000000,1313.78,1313.78,examples/inventory/deepseek-chat_poisson_L2_c1_5_50_plain_processed_scipy_15_default_m2_4_r3/prompt_for_code/m2_20251218_071736.txt,"mean = 1313.78, std=165.13, range=(873.00, 1716.00)"
d56b1b1ef86c8e8e8140d3a55089c37d9782ed1d754f08e2d820fb15c993c558,d56b1b1ef86c,policies/d56b1b1ef86c.py,policies_by_distribution/normal_std10_L6_c1_5/normal_std10_L6_c1_5__d56b1b1ef86c.py,normal_std10_L6_c1_5,4,1,0.011996,1834.02,1833.8,examples/inventory/deepseek-chat_normal_std10_L6_c1_5_50_plain_processed_scipy_15_default_m2_2_r7/prompt_for_code/m2_20260129_202009.txt,"mean = 1833.80, std=218.54, range=(1411.00, 2354.00)"
d581b598c47dbf3e8e0f6b825fd19f99c5414124576354c8a247574af7a3f193,d581b598c47d,policies/d581b598c47d.py,policies_by_distribution/poisson_L4_c1_2/poisson_L4_c1_2__d581b598c47d.py,poisson_L4_c1_2,6,1,0.000000,1222.76,1222.76,examples/inventory/deepseek-chat_poisson_L4_c1_2_50_plain_processed_scipy_15_default_m2_4_r1/prompt_for_code/m2_20251217_235624.txt,"mean = 1222.76, std=122.68, range=(918.00, 1550.00)"
d691b65363fbd50d76c77b0575133f3bf40107ab40401016c6962bd59d804acb,d691b65363fb,policies/d691b65363fb.py,policies_by_distribution/poisson_L6_c1_5/poisson_L6_c1_5__d691b65363fb.py,poisson_L6_c1_5,11,1,0.000000,1173.52,1173.52,examples/inventory/deepseek-chat_poisson_L6_c1_5_50_plain_processed_scipy_15_default_m2_2_r7/prompt_for_code/m2_20260130_084455.txt,"mean = 1173.52, std=221.17, range=(685.10, 1650.21)"
d696b943bcef963d647d436e8c043586848a86a4dd905e7fda18a2e23e55e62c,d696b943bcef,policies/d696b943bcef.py,policies_by_distribution/exponential_L4_c1_2/exponential_L4_c1_2__d696b943bcef.py,exponential_L4_c1_2,1,1,0.002613,6122.9,6122.74,examples/inventory/deepseek-chat_exponential_L4_c1_2_50_plain_processed_scipy_15_default_m2_4_r2/prompt_for_code/m2_20251218_042505.txt,"mean = 6122.74, std=1266.69, range=(4104.00, 11328.00)"
d6aac90ef77ce6325975b1f296fc060b399a528f3f5f84da0c6f9587049dd480,d6aac90ef77c,policies/d6aac90ef77c.py,policies_by_distribution/normal_std30_L4_c1_5/normal_std30_L4_c1_5__d6aac90ef77c.py,normal_std30_L4_c1_5,51,1,0.006125,3591.8,3592.02,examples/inventory/deepseek-chat_normal_std30_L4_c1_5_50_plain_processed_scipy_15_default_m2_2_r6/prompt_for_code/m2_20260129_225930.txt,"mean = 3592.02, std=535.25, range=(2577.00, 4863.00)"
d6ced09ffc807b811ebe10947c09d4053511747064448556028dc0fc2a173606,d6ced09ffc80,policies/d6ced09ffc80.py,policies_by_distribution/poisson_L4_c1_2/poisson_L4_c1_2__d6ced09ffc80.py,poisson_L4_c1_2,1,1,0.000000,1646.41,1646.41,examples/inventory/deepseek-chat_poisson_L4_c1_2_50_plain_processed_scipy_15_default_m2_4_r3/prompt_for_code/m2_20251218_074007.txt,"mean = 1646.41, std=131.57, range=(1432.97, 1973.61)"
d6e1f70dedf62ffc9b29245f0f8d39a9a722d6154de6aa278b702675238f3437,d6e1f70dedf6,policies/d6e1f70dedf6.py,policies_by_distribution/normal_std30_L6_c1_5/normal_std30_L6_c1_5__d6e1f70dedf6.py,normal_std30_L6_c1_5,2,1,0.076158,4621.94,4618.42,examples/inventory/deepseek-chat_normal_std30_L6_c1_5_50_plain_processed_scipy_15_default_m2_2_r8/prompt_for_code/m2_20260128_123033.txt,"mean = 4618.42, std=672.53, range=(3123.85, 6070.81)"
d7029f25b14bf76d8fb1c3f714126a012567881c630f5305f4a462b2b89c3d7d,d7029f25b14b,policies/d7029f25b14b.py,policies_by_distribution/exponential_L4_c1_2/exponential_L4_c1_2__d7029f25b14b.py,exponential_L4_c1_2,3,1,0.085900,6263.09,6257.71,examples/inventory/deepseek-chat_exponential_L4_c1_2_50_plain_processed_scipy_15_default_m2_4_r3/prompt_for_code/m2_20251218_075529.txt,"mean = 6257.71, std=1272.53, range=(4215.31, 11752.58)"
d746f4e202678c7c33c9a62049872bad6cc7140be98b52c008fd70d68c0f11d0,d746f4e20267,policies/d746f4e20267.py,policies_by_distribution/normal_std10_L2_c1_5/normal_std10_L2_c1_5__d746f4e20267.py,normal_std10_L2_c1_5,11,1,0.113320,1235.44,1236.84,examples/inventory/deepseek-chat_normal_std10_L2_c1_5_50_plain_processed_scipy_15_default_m2_2_r6/prompt_for_code/m2_20260129_232105.txt,"mean = 1236.84, std=151.41, range=(981.00, 1602.00)"
d7542f21343cdcf89d0a81e9c118be878c64739b20cdc31e920d2c2497b5aba0,d7542f21343c,policies/d7542f21343c.py,policies_by_distribution/poisson_L2_c1_2/poisson_L2_c1_2__d7542f21343c.py,poisson_L2_c1_2,6,1,0.000000,963.42,963.42,examples/inventory/deepseek-chat_poisson_L2_c1_2_50_plain_processed_scipy_15_default_m2_4_r4/prompt_for_code/m2_20251218_102104.txt,"mean = 963.42, std=92.42, range=(771.00, 1203.00)"
d7593335506461adab64b979249dfdf357f725ef51fc76df4b414878c9cd2d3b,d75933355064,policies/d75933355064.py,policies_by_distribution/poisson_L4_c1_5/poisson_L4_c1_5__d75933355064.py,poisson_L4_c1_5,1,1,0.589122,2395.09,2380.98,examples/inventory/deepseek-chat_poisson_L4_c1_5_50_plain_processed_scipy_15_default_m2_4_r2/prompt_for_code/m2_20251218_041622.txt,"mean = 2380.98, std=190.65, range=(1987.00, 2922.00)"
d76c26387082f255f1870c0f901661259010f07d6e256b2230b034620a48dd98,d76c26387082,policies/d76c26387082.py,policies_by_distribution/normal_std50_L6_c1_2/normal_std50_L6_c1_2__d76c26387082.py,normal_std50_L6_c1_2,33,1,0.017787,3766.89,3766.22,examples/inventory/deepseek-chat_normal_std50_L6_c1_2_50_plain_processed_scipy_15_default_m2_4_r3/prompt_for_code/m2_20251217_014608.txt,"mean = 3766.22, std=827.56, range=(2321.62, 7764.48)"
d7c928fd42a55b237ebcaa54bfcf7d12ddffac39a0901da210530cc48ff12ef9,d7c928fd42a5,policies/d7c928fd42a5.py,policies_by_distribution/normal_std50_L6_c1_2/normal_std50_L6_c1_2__d7c928fd42a5.py,normal_std50_L6_c1_2,3,1,0.026238,5373.86,5375.27,examples/inventory/deepseek-chat_normal_std50_L6_c1_2_50_plain_processed_scipy_15_default_m2_4_r2/prompt_for_code/m2_20251217_003229.txt,"mean = 5375.27, std=588.03, range=(4226.07, 6953.18)"
d7ed73d1ac1e4be05d716a92d5a060ee6ba260b64b59f2ecb70b43ac470afb4f,d7ed73d1ac1e,policies/d7ed73d1ac1e.py,policies_by_distribution/poisson_L2_c1_2/poisson_L2_c1_2__d7ed73d1ac1e.py,poisson_L2_c1_2,31,1,0.000000,773.94,773.94,examples/inventory/deepseek-chat_poisson_L2_c1_2_50_plain_processed_scipy_15_default_m2_4_r4/prompt_for_code/m2_20251218_102408.txt,"mean = 773.94, std=99.20, range=(568.00, 1021.00)"
d88956a88ea9c433175352af7a2dcac4f308e676150abf13ec4f226f73476934,d88956a88ea9,policies/d88956a88ea9.py,policies_by_distribution/exponential_L4_c1_2/exponential_L4_c1_2__d88956a88ea9.py,exponential_L4_c1_2,2,1,0.000327,6108.72,6108.7,examples/inventory/deepseek-chat_exponential_L4_c1_2_50_plain_processed_scipy_15_default_m2_4_r2/prompt_for_code/m2_20251218_042635.txt,"mean = 6108.70, std=1262.20, range=(4021.00, 11370.00)"
d8f39b21b0eeb18140f03f8eff371143011fbba3ff0c4abbed7e3f75d3e09d10,d8f39b21b0ee,policies/d8f39b21b0ee.py,policies_by_distribution/exponential_L6_c1_2/exponential_L6_c1_2__d8f39b21b0ee.py,exponential_L6_c1_2,15,1,0.000000,6025.07,6025.07,examples/inventory/deepseek-chat_exponential_L6_c1_2_50_plain_processed_scipy_15_default_m2_2_r6/prompt_for_code/m2_20260129_035821.txt,"mean = 6025.07, std=1185.54, range=(3907.18, 9577.41)"
d938180728ce433f70cf1287b21e383d8183510b20dcbad343fccd4cbac7b448,d938180728ce,policies/d938180728ce.py,policies_by_distribution/normal_std10_L6_c1_5/normal_std10_L6_c1_5__d938180728ce.py,normal_std10_L6_c1_5,15,1,0.021793,3395.56,3394.82,examples/inventory/deepseek-chat_normal_std10_L6_c1_5_50_plain_processed_scipy_15_default_m2_2_r8/prompt_for_code/m2_20260128_083054.txt,"mean = 3394.82, std=224.84, range=(2978.04, 4034.60)"
d938797f1a4adea6b4954653afa9821cbf3e7766cfcf9a0c570472312ab4a32c,d938797f1a4a,policies/d938797f1a4a.py,policies_by_distribution/exponential_L6_c1_5/exponential_L6_c1_5__d938797f1a4a.py,exponential_L6_c1_5,3,1,0.000000,14087.26,14087.26,examples/inventory/deepseek-chat_exponential_L6_c1_5_50_plain_processed_scipy_15_default_m2_4_r2/prompt_for_code/m2_20251218_055848.txt,"mean = 14087.26, std=2265.51, range=(9519.00, 18785.00)"
d93cd4a7ea408d9cbdab938ac4e7379805dc2fc0700b9fa1bfa4009621595c49,d93cd4a7ea40,policies/d93cd4a7ea40.py,policies_by_distribution/normal_std50_L6_c1_2/normal_std50_L6_c1_2__d93cd4a7ea40.py,normal_std50_L6_c1_2,2,1,0.035624,4603.6,4601.96,examples/inventory/deepseek-chat_normal_std50_L6_c1_2_50_plain_processed_scipy_15_default_m2_4_r1/prompt_for_code/m2_20251216_230718.txt,"mean = 4601.96, std=691.91, range=(3266.00, 6883.00)"
d93ed6c6f5687b718b19013a072fe9cef304bcd0940091b82c0be6e8d1a39f95,d93ed6c6f568,policies/d93ed6c6f568.py,policies_by_distribution/exponential_L6_c1_2/exponential_L6_c1_2__d93ed6c6f568.py,exponential_L6_c1_2,6,1,0.054714,6159.27,6155.9,examples/inventory/deepseek-chat_exponential_L6_c1_2_50_plain_processed_scipy_15_default_m2_4_r3/prompt_for_code/m2_20251218_091910.txt,"mean = 6155.90, std=1082.65, range=(4234.00, 9827.00)"
d97cc4385a76cdcba2b6d1a1ee2e1956811d281b5f77e451bbd892ea51deb760,d97cc4385a76,policies/d97cc4385a76.py,policies_by_distribution/normal_std50_L6_c1_2/normal_std50_L6_c1_2__d97cc4385a76.py,normal_std50_L6_c1_2,9,1,0.048641,5345.32,5342.72,examples/inventory/deepseek-chat_normal_std50_L6_c1_2_50_plain_processed_scipy_15_default_m2_4_r1/prompt_for_code/m2_20251216_225429.txt,"mean = 5342.72, std=609.67, range=(4219.00, 6722.00)"
d9a0306964bef719df872ca928bf374ade46d923cefd1e886780614ff2e37826,d9a0306964be,policies/d9a0306964be.py,policies_by_distribution/poisson_L2_c1_2/poisson_L2_c1_2__d9a0306964be.py,poisson_L2_c1_2,22,1,0.000000,1020.44,1020.44,examples/inventory/deepseek-chat_poisson_L2_c1_2_50_plain_processed_scipy_15_default_m2_4_r4/prompt_for_code/m2_20251218_100831.txt,"mean = 1020.44, std=117.70, range=(820.00, 1461.00)"
d9b79f9caf28f82e1751d51d58847dd71932cbbe14975c274ee7df434082c513,d9b79f9caf28,policies/d9b79f9caf28.py,policies_by_distribution/normal_std50_L6_c1_2/normal_std50_L6_c1_2__d9b79f9caf28.py,normal_std50_L6_c1_2,4,1,0.000000,3874.47,3874.47,examples/inventory/deepseek-chat_normal_std50_L6_c1_2_50_plain_processed_scipy_15_default_m2_2_r7/prompt_for_code/m2_20260128_180023.txt,"mean = 3874.47, std=639.22, range=(2458.57, 5701.36)"
d9ba4d313233962ef00133d9f97c2b78ece1ba32946853f2bee88f9c95601c9c,d9ba4d313233,policies/d9ba4d313233.py,policies_by_distribution/poisson_L4_c1_2/poisson_L4_c1_2__d9ba4d313233.py,poisson_L4_c1_2,3,1,0.000000,812.94,812.94,examples/inventory/deepseek-chat_poisson_L4_c1_2_50_plain_processed_scipy_15_default_m2_2_r6/prompt_for_code/m2_20260130_033655.txt,"mean = 812.94, std=102.03, range=(501.60, 1043.66)"
d9cf8e514028257ef8a1a7206e28ea18ab5df14801fc47cbe1fab8fe6860a8e7,d9cf8e514028,policies/d9cf8e514028.py,policies_by_distribution/normal_std50_L6_c1_2/normal_std50_L6_c1_2__d9cf8e514028.py,normal_std50_L6_c1_2,8,1,0.036742,3973.63,3975.09,examples/inventory/deepseek-chat_normal_std50_L6_c1_2_50_plain_processed_scipy_15_default_m2_4_r2/prompt_for_code/m2_20251217_005327.txt,"mean = 3975.09, std=598.91, range=(2816.34, 5678.96)"
da0a6c4822a9d49c5623e49a25d6546713faf19f76920dc425f6632e841330f1,da0a6c4822a9,policies/da0a6c4822a9.py,policies_by_distribution/exponential_L6_c1_2/exponential_L6_c1_2__da0a6c4822a9.py,exponential_L6_c1_2,15,1,0.000000,6090.69,6090.69,examples/inventory/deepseek-chat_exponential_L6_c1_2_50_plain_processed_scipy_15_default_m2_4_r2/prompt_for_code/m2_20251218_055138.txt,"mean = 6090.69, std=1083.74, range=(3938.97, 9497.60)"
da31a785bbbad239975e39e36fe8d5220ae5d2d7f3ebe3903e17bbc2bbac5d97,da31a785bbba,policies/da31a785bbba.py,policies_by_distribution/poisson_L2_c1_2/poisson_L2_c1_2__da31a785bbba.py,poisson_L2_c1_2,3,1,0.000000,984.46,984.46,examples/inventory/deepseek-chat_poisson_L2_c1_2_50_plain_processed_scipy_15_default_m2_4_r2/prompt_for_code/m2_20251218_022915.txt,"mean = 984.46, std=101.71, range=(762.00, 1258.00)"
da3d8f09910baeac32cdf6081491dc689798a45a01d78133d3bc2bba7469d4c5,da3d8f09910b,policies/da3d8f09910b.py,policies_by_distribution/poisson_L6_c1_5/poisson_L6_c1_5__da3d8f09910b.py,poisson_L6_c1_5,3,1,0.370527,1462.78,1468.2,examples/inventory/deepseek-chat_poisson_L6_c1_5_50_plain_processed_scipy_15_default_m2_4_r2/prompt_for_code/m2_20251218_055446.txt,"mean = 1468.20, std=235.43, range=(1000.36, 1969.78)"
da623782155cfed7ac24bf27b310aab91d19452579c5cc9257db44273c5d204b,da623782155c,policies/da623782155c.py,policies_by_distribution/normal_std10_L2_c1_5/normal_std10_L2_c1_5__da623782155c.py,normal_std10_L2_c1_5,4,1,0.044098,1179.18,1178.66,examples/inventory/deepseek-chat_normal_std10_L2_c1_5_50_plain_processed_scipy_15_default_m2_2_r7/prompt_for_code/m2_20260130_052248.txt,"mean = 1178.66, std=182.02, range=(750.00, 1613.00)"
da8d1278d65b4aa643be1269b8e49d96dc6140c77f5311801a1d20d12c4ca413,da8d1278d65b,policies/da8d1278d65b.py,policies_by_distribution/exponential_L4_c1_5/exponential_L4_c1_5__da8d1278d65b.py,exponential_L4_c1_5,17,1,0.002175,11033.8,11034.04,examples/inventory/deepseek-chat_exponential_L4_c1_5_50_plain_processed_scipy_15_default_m2_4_r2/prompt_for_code/m2_20251218_045212.txt,"mean = 11034.04, std=2048.20, range=(7410.00, 16365.00)"
da9067e822699a35a1263bcd77457cb2f7d9de5d4660cceeb33100ad78289045,da9067e82269,policies/da9067e82269.py,policies_by_distribution/exponential_L4_c1_2/exponential_L4_c1_2__da9067e82269.py,exponential_L4_c1_2,12,1,0.000000,6120.74,6120.74,examples/inventory/deepseek-chat_exponential_L4_c1_2_50_plain_processed_scipy_15_default_m2_4_r2/prompt_for_code/m2_20251218_042359.txt,"mean = 6120.74, std=1280.22, range=(4077.00, 11523.00)"
da9cac29a5f413759b40d3397a9d41e2082a5f6b380f0dc5ef39bd0c7cd08e3f,da9cac29a5f4,policies/da9cac29a5f4.py,policies_by_distribution/poisson_L4_c1_2/poisson_L4_c1_2__da9cac29a5f4.py,poisson_L4_c1_2,2,1,0.105631,1098.16,1097.0,examples/inventory/deepseek-chat_poisson_L4_c1_2_50_plain_processed_scipy_15_default_m2_4_r1/prompt_for_code/m2_20251218_000642.txt,"mean = 1097.00, std=143.69, range=(778.00, 1422.00)"
daa6c87cd084d7b8ddc9ec698a3334a1a5b91040386342489d6881e21d0f9df7,daa6c87cd084,policies/daa6c87cd084.py,policies_by_distribution/normal_std10_L2_c1_2/normal_std10_L2_c1_2__daa6c87cd084.py,normal_std10_L2_c1_2,8,1,0.000000,893.24,893.24,examples/inventory/deepseek-chat_normal_std10_L2_c1_2_50_plain_processed_scipy_15_default_m2_2_r7/prompt_for_code/m2_20260129_052602.txt,"mean = 893.24, std=104.98, range=(728.08, 1137.61)"
daad46a13f148df3fd21975c3ae4c8948568b56f58829d41702bf667dc159943,daad46a13f14,policies/daad46a13f14.py,policies_by_distribution/poisson_L2_c1_2/poisson_L2_c1_2__daad46a13f14.py,poisson_L2_c1_2,2,1,0.000000,944.36,944.36,examples/inventory/deepseek-chat_poisson_L2_c1_2_50_plain_processed_scipy_15_default_m2_4_r2/prompt_for_code/m2_20251218_023236.txt,"mean = 944.36, std=95.90, range=(743.00, 1189.00)"
dab5e20ae89e1b58a65f2c26c73bbb4f23f7a2d3c3a80f310e04e11e10197cdb,dab5e20ae89e,policies/dab5e20ae89e.py,policies_by_distribution/normal_std50_L6_c1_2/normal_std50_L6_c1_2__dab5e20ae89e.py,normal_std50_L6_c1_2,38,1,0.000000,3813.14,3813.14,examples/inventory/deepseek-chat_normal_std50_L6_c1_2_50_plain_processed_scipy_15_default_m2_2_r7/prompt_for_code/m2_20260129_080426.txt,"mean = 3813.14, std=726.73, range=(2613.21, 7049.32)"
dab8ff7378de9a5827dcec0a174bca2893f5545e3afdf17d83361f5bdf74e52c,dab8ff7378de,policies/dab8ff7378de.py,policies_by_distribution/exponential_L6_c1_5/exponential_L6_c1_5__dab8ff7378de.py,exponential_L6_c1_5,9,1,0.000000,11691.4,11691.4,examples/inventory/deepseek-chat_exponential_L6_c1_5_50_plain_processed_scipy_15_default_m2_4_r3/prompt_for_code/m2_20251218_101528.txt,"mean = 11691.40, std=2738.35, range=(6349.00, 17633.00)"
dad8c20879f06d634b388a461ae29b2c0f4697f8b756fdeef27b7d71b19077a6,dad8c20879f0,policies/dad8c20879f0.py,policies_by_distribution/poisson_L4_c1_5/poisson_L4_c1_5__dad8c20879f0.py,poisson_L4_c1_5,24,1,0.000000,1212.4,1212.4,examples/inventory/deepseek-chat_poisson_L4_c1_5_50_plain_processed_scipy_15_default_m2_4_r3/prompt_for_code/m2_20251218_083131.txt,"mean = 1212.40, std=279.08, range=(720.00, 2028.00)"
db096342d8a35ce0ed9659d7ca71c4ee1ef5a73d43b707f4603c03032bb27739,db096342d8a3,policies/db096342d8a3.py,policies_by_distribution/poisson_L4_c1_5/poisson_L4_c1_5__db096342d8a3.py,poisson_L4_c1_5,7,2,0.000000,2186.4,2186.4,examples/inventory/deepseek-chat_poisson_L4_c1_5_50_plain_processed_scipy_15_default_m2_4_r3/prompt_for_code/m2_20251218_081635.txt,"mean = 2186.40, std=180.39, range=(1782.00, 2661.00)"
db1404c60373687a0bd31cf5990d65d40200e75dcdef562f7997955b6d5ed8dd,db1404c60373,policies/db1404c60373.py,policies_by_distribution/poisson_L2_c1_2/poisson_L2_c1_2__db1404c60373.py,poisson_L2_c1_2,16,1,0.000000,799.84,799.84,examples/inventory/deepseek-chat_poisson_L2_c1_2_50_plain_processed_scipy_15_default_m2_4_r4/prompt_for_code/m2_20251218_104321.txt,"mean = 799.84, std=100.98, range=(628.00, 1066.00)"
db4e7d29edfea449b463f3e6cb819e8c704aef127aae29f8cb0cbb936ad20250,db4e7d29edfe,policies/db4e7d29edfe.py,policies_by_distribution/exponential_L2_c1_2/exponential_L2_c1_2__db4e7d29edfe.py,exponential_L2_c1_2,3,1,0.000000,5881.4,5881.4,examples/inventory/deepseek-chat_exponential_L2_c1_2_50_plain_processed_scipy_15_default_m2_4_r3/prompt_for_code/m2_20251218_070949.txt,"mean = 5881.40, std=980.31, range=(4373.00, 8477.00)"
dc13b01b0251a7858a308808c7dcddc310bd6ad92133a75644f7cf2f574af0e5,dc13b01b0251,policies/dc13b01b0251.py,policies_by_distribution/exponential_L6_c1_2/exponential_L6_c1_2__dc13b01b0251.py,exponential_L6_c1_2,16,1,0.000000,6127.99,6127.99,examples/inventory/deepseek-chat_exponential_L6_c1_2_50_plain_processed_scipy_15_default_m2_4_r2/prompt_for_code/m2_20251218_054239.txt,"mean = 6127.99, std=1055.82, range=(4148.29, 9584.70)"
dc17678d6fa26f59f068002183792df0384d0988561a5227d83129f281409e1b,dc17678d6fa2,policies/dc17678d6fa2.py,policies_by_distribution/poisson_L4_c1_2/poisson_L4_c1_2__dc17678d6fa2.py,poisson_L4_c1_2,10,2,0.000000,870.32,870.32,examples/inventory/deepseek-chat_poisson_L4_c1_2_50_plain_processed_scipy_15_default_m2_4_r1/prompt_for_code/m2_20251218_000528.txt,"mean = 870.32, std=115.26, range=(606.00, 1162.00)"
dc31b2f0734bec3abf2ca1d217906f14ca431ee167058bab2e56996d618751cc,dc31b2f0734b,policies/dc31b2f0734b.py,policies_by_distribution/poisson_L2_c1_2/poisson_L2_c1_2__dc31b2f0734b.py,poisson_L2_c1_2,3,1,0.000000,862.08,862.08,examples/inventory/deepseek-chat_poisson_L2_c1_2_50_plain_processed_scipy_15_default_m2_4_r4/prompt_for_code/m2_20251218_102234.txt,"mean = 862.08, std=102.00, range=(623.00, 1100.00)"
dc42ae0121c68e763de1e4cae66ced63b79d7a6446b99f02b815a8037a3ee226,dc42ae0121c6,policies/dc42ae0121c6.py,policies_by_distribution/normal_std10_L6_c1_5/normal_std10_L6_c1_5__dc42ae0121c6.py,normal_std10_L6_c1_5,5,1,0.000000,1469.82,1469.82,examples/inventory/deepseek-chat_normal_std10_L6_c1_5_50_plain_processed_scipy_15_default_m2_2_r6/prompt_for_code/m2_20260129_010854.txt,"mean = 1469.82, std=265.54, range=(957.87, 2090.09)"
dc8ac5afdedf7179ff6f06b1ab59dabcda2a35c2a1d8ec030a19a2b2a3af05e0,dc8ac5afdedf,policies/dc8ac5afdedf.py,policies_by_distribution/poisson_L4_c1_5/poisson_L4_c1_5__dc8ac5afdedf.py,poisson_L4_c1_5,8,2,0.038141,2018.8,2019.57,examples/inventory/deepseek-chat_poisson_L4_c1_5_50_plain_processed_scipy_15_default_m2_4_r2/prompt_for_code/m2_20251218_045145.txt,"mean = 2019.57, std=199.71, range=(1572.90, 2542.71)"
dd0497be4630ac490542c5e1c424f036b2849c726990f74222ae2cdc08a43bf6,dd0497be4630,policies/dd0497be4630.py,policies_by_distribution/exponential_L6_c1_2/exponential_L6_c1_2__dd0497be4630.py,exponential_L6_c1_2,29,1,0.000000,6082.8,6082.8,examples/inventory/deepseek-chat_exponential_L6_c1_2_50_plain_processed_scipy_15_default_m2_4_r3/prompt_for_code/m2_20251218_095158.txt,"mean = 6082.80, std=1116.32, range=(3936.00, 9601.00)"
dd45e89d0a7decb53b478d557ccf206c47406829bf8c8d6948f727be9f4554e8,dd45e89d0a7d,policies/dd45e89d0a7d.py,policies_by_distribution/normal_std10_L6_c1_5/normal_std10_L6_c1_5__dd45e89d0a7d.py,normal_std10_L6_c1_5,11,1,0.000000,1249.26,1249.26,examples/inventory/deepseek-chat_normal_std10_L6_c1_5_50_plain_processed_scipy_15_default_m2_2_r6/prompt_for_code/m2_20260130_010417.txt,"mean = 1249.26, std=249.22, range=(787.52, 2226.80)"
dd4a166ec2fae9d844b5fc50342659dde1c15fe1707564d49e4dda4c3cbcb24a,dd4a166ec2fa,policies/dd4a166ec2fa.py,policies_by_distribution/normal_std50_L6_c1_5/normal_std50_L6_c1_5__dd4a166ec2fa.py,normal_std50_L6_c1_5,50,1,0.001405,8538.13,8538.01,examples/inventory/deepseek-chat_normal_std50_L6_c1_5_50_plain_processed_scipy_15_default_m2_2_r7/prompt_for_code/m2_20260128_181035.txt,"mean = 8538.01, std=1002.91, range=(6686.12, 11247.98)"
ddab312701c6938061359fff5b87329f906ba450b93d4ec74fbff93480ff9e3d,ddab312701c6,policies/ddab312701c6.py,policies_by_distribution/normal_std30_L6_c1_2/normal_std30_L6_c1_2__ddab312701c6.py,normal_std30_L6_c1_2,11,1,0.027083,2695.41,2696.14,examples/inventory/deepseek-chat_normal_std30_L6_c1_2_50_plain_processed_scipy_15_default_m2_2_r7/prompt_for_code/m2_20260130_065756.txt,"mean = 2696.14, std=285.41, range=(2089.00, 3298.00)"
ddd0a86c2affe16ba6bb868c8250b068f7db19f2d664abe735adac6f8ac9869f,ddd0a86c2aff,policies/ddd0a86c2aff.py,policies_by_distribution/poisson_L4_c1_5/poisson_L4_c1_5__ddd0a86c2aff.py,poisson_L4_c1_5,2,1,0.000000,2191.21,2191.21,examples/inventory/deepseek-chat_poisson_L4_c1_5_50_plain_processed_scipy_15_default_m2_4_r1/prompt_for_code/m2_20251218_002659.txt,"mean = 2191.21, std=232.93, range=(1744.54, 2788.39)"
ddd29a466ea535c04d670669b987fd5ccafbb2f39352dca629764ad0a0bd1b72,ddd29a466ea5,policies/ddd29a466ea5.py,policies_by_distribution/exponential_L6_c1_2/exponential_L6_c1_2__ddd29a466ea5.py,exponential_L6_c1_2,8,1,0.000000,6068.9,6068.9,examples/inventory/deepseek-chat_exponential_L6_c1_2_50_plain_processed_scipy_15_default_m2_4_r2/prompt_for_code/m2_20251218_054703.txt,"mean = 6068.90, std=1081.01, range=(4130.30, 9624.06)"
ddee195469b2baf1616df749bea6fdefb36c68c6b5880e78ee1e8fecf86a3936,ddee195469b2,policies/ddee195469b2.py,policies_by_distribution/poisson_L6_c1_2/poisson_L6_c1_2__ddee195469b2.py,poisson_L6_c1_2,3,1,0.000000,767.2,767.2,examples/inventory/deepseek-chat_poisson_L6_c1_2_50_plain_processed_scipy_15_default_m2_2_r8/prompt_for_code/m2_20260129_001304.txt,"mean = 767.20, std=127.59, range=(467.77, 1284.08)"
de054f6e35d55cd7222eab58e1cb49ff0b9b042dcf8e3484d8352301fe20448b,de054f6e35d5,policies/de054f6e35d5.py,policies_by_distribution/exponential_L6_c1_5/exponential_L6_c1_5__de054f6e35d5.py,exponential_L6_c1_5,26,1,0.000000,11444.73,11444.73,examples/inventory/deepseek-chat_exponential_L6_c1_5_50_plain_processed_scipy_15_default_m2_4_r2/prompt_for_code/m2_20251218_062024.txt,"mean = 11444.73, std=2513.86, range=(5925.62, 16835.15)"
de85167fbc76a86a512564e8de478222ec3604e39836971cf87f6bb71532d374,de85167fbc76,policies/de85167fbc76.py,policies_by_distribution/exponential_L6_c1_2/exponential_L6_c1_2__de85167fbc76.py,exponential_L6_c1_2,71,2,0.000000,5999.24,5999.24,examples/inventory/deepseek-chat_exponential_L6_c1_2_50_plain_processed_scipy_15_default_m2_4_r2/prompt_for_code/m2_20251218_053309.txt,"mean = 5999.24, std=1130.86, range=(3905.00, 9448.00)"
dea09c3728013bf3523fd9d93d72ee957f8d3a05083ef172e9b26ab8502ec2d2,dea09c372801,policies/dea09c372801.py,policies_by_distribution/exponential_L4_c1_2/exponential_L4_c1_2__dea09c372801.py,exponential_L4_c1_2,2,1,0.327069,6072.12,6091.98,examples/inventory/deepseek-chat_exponential_L4_c1_2_50_plain_processed_scipy_15_default_m2_4_r1/prompt_for_code/m2_20251218_000356.txt,"mean = 6091.98, std=1256.97, range=(3973.00, 11279.00)"
ded01449e67e01529dc01befbd0ca66fbb89765570b318dbd21484144ec6f351,ded01449e67e,policies/ded01449e67e.py,policies_by_distribution/exponential_L2_c1_2/exponential_L2_c1_2__ded01449e67e.py,exponential_L2_c1_2,46,1,0.000000,6301.87,6301.87,examples/inventory/deepseek-chat_exponential_L2_c1_2_50_plain_processed_scipy_15_default_m2_4_r4/prompt_for_code/m2_20251218_103649.txt,"mean = 6301.87, std=1037.01, range=(4845.09, 8663.81)"
ded515ef9d895ca213e813c66bcc26a681343aaf918542b8ff8b88989f21c412,ded515ef9d89,policies/ded515ef9d89.py,policies_by_distribution/exponential_L6_c1_5/exponential_L6_c1_5__ded515ef9d89.py,exponential_L6_c1_5,6,1,0.000000,12722.86,12722.86,examples/inventory/deepseek-chat_exponential_L6_c1_5_50_plain_processed_scipy_15_default_m2_4_r3/prompt_for_code/m2_20251218_101029.txt,"mean = 12722.86, std=2400.58, range=(7421.00, 18058.00)"
df03adcbac2cab14cc344989fb28ff62d67d9e7e38337a7ff217b9bfeaa863ca,df03adcbac2c,policies/df03adcbac2c.py,policies_by_distribution/poisson_L2_c1_2/poisson_L2_c1_2__df03adcbac2c.py,poisson_L2_c1_2,9,1,0.000000,717.3,717.3,examples/inventory/deepseek-chat_poisson_L2_c1_2_50_plain_processed_scipy_15_default_m2_4_r1/prompt_for_code/m2_20251217_223505.txt,"mean = 717.30, std=132.67, range=(501.00, 1268.00)"
df1933c2930f3da3d1db6dd155ade0d1176c3ccfb9dbc8ae5603fbd6f05549b1,df1933c2930f,policies/df1933c2930f.py,policies_by_distribution/exponential_L4_c1_5/exponential_L4_c1_5__df1933c2930f.py,exponential_L4_c1_5,8,1,0.000000,10987.34,10987.34,examples/inventory/deepseek-chat_exponential_L4_c1_5_50_plain_processed_scipy_15_default_m2_4_r3/prompt_for_code/m2_20251218_090559.txt,"mean = 10987.34, std=2088.56, range=(6937.00, 16209.00)"
df2884e0e8335ccdbc1f72370e3da0729dc5ccd33a8ee515f01ad3052144a0d6,df2884e0e833,policies/df2884e0e833.py,policies_by_distribution/poisson_L6_c1_2/poisson_L6_c1_2__df2884e0e833.py,poisson_L6_c1_2,13,1,0.000000,2781.11,2781.11,examples/inventory/deepseek-chat_poisson_L6_c1_2_50_plain_processed_scipy_15_default_m2_4_r1/prompt_for_code/m2_20251222_015546.txt,"mean = 2781.11, std=102.16, range=(2525.13, 2954.09)"
df84d341258ac085d79748f042589305e7f81dff4854d787b552e5492b826434,df84d341258a,policies/df84d341258a.py,policies_by_distribution/normal_std10_L6_c1_5/normal_std10_L6_c1_5__df84d341258a.py,normal_std10_L6_c1_5,1,1,0.164100,1560.02,1562.58,examples/inventory/deepseek-chat_normal_std10_L6_c1_5_50_plain_processed_scipy_15_default_m2_2_r7/prompt_for_code/m2_20260129_202919.txt,"mean = 1562.58, std=287.75, range=(1034.00, 2196.00)"
dfb85e4bf43a74123a3b48aae940e0cb6bb537b27aa8116dba37d13a0f81c015,dfb85e4bf43a,policies/dfb85e4bf43a.py,policies_by_distribution/normal_std50_L6_c1_2/normal_std50_L6_c1_2__dfb85e4bf43a.py,normal_std50_L6_c1_2,1,1,0.130593,4732.26,4726.08,examples/inventory/deepseek-chat_normal_std50_L6_c1_2_50_plain_processed_scipy_15_default_m2_4_r3/prompt_for_code/m2_20251217_010922.txt,"mean = 4726.08, std=557.84, range=(3587.00, 5932.00)"
e05d4f5f6c5e57fde6115fe31c0535f9eb71f4431eda54e68e7e5c3407c50afb,e05d4f5f6c5e,policies/e05d4f5f6c5e.py,policies_by_distribution/exponential_L2_c1_5/exponential_L2_c1_5__e05d4f5f6c5e.py,exponential_L2_c1_5,2,1,0.000000,24217.9,24217.9,examples/inventory/deepseek-chat_exponential_L2_c1_5_50_plain_processed_scipy_15_default_m2_4_r1/prompt_for_code/m2_20251217_231007.txt,"mean = 24217.90, std=2866.32, range=(18550.00, 31000.00)"
e074cb6f6427c2a3807525409329a37ba5cabc10ea6edbc95e24e8f2cc8c6368,e074cb6f6427,policies/e074cb6f6427.py,policies_by_distribution/normal_std30_L4_c1_2/normal_std30_L4_c1_2__e074cb6f6427.py,normal_std30_L4_c1_2,22,1,0.000000,2142.06,2142.06,examples/inventory/deepseek-chat_normal_std30_L4_c1_2_50_plain_processed_scipy_15_default_m2_2_r7/prompt_for_code/m2_20260129_075059.txt,"mean = 2142.06, std=343.45, range=(1557.98, 2984.09)"
e0991022b3f64284864e4ba5d9fcb1bcaf5d81a23a00136501c3abc6779b59f7,e0991022b3f6,policies/e0991022b3f6.py,policies_by_distribution/poisson_L2_c1_2/poisson_L2_c1_2__e0991022b3f6.py,poisson_L2_c1_2,2,1,0.059307,961.1,960.53,examples/inventory/deepseek-chat_poisson_L2_c1_2_50_plain_processed_scipy_15_default_m2_4_r3/prompt_for_code/m2_20251218_063040.txt,"mean = 960.53, std=97.66, range=(719.98, 1194.53)"
e0a140081930fcdb21b5258dd5c3f17ba295ec6141d94a47c8a9add84d1a6277,e0a140081930,policies/e0a140081930.py,policies_by_distribution/normal_std10_L2_c1_2/normal_std10_L2_c1_2__e0a140081930.py,normal_std10_L2_c1_2,13,1,0.000000,693.41,693.41,examples/inventory/deepseek-chat_normal_std10_L2_c1_2_50_plain_processed_scipy_15_default_m2_2_r8/prompt_for_code/m2_20260129_211218.txt,"mean = 693.41, std=111.50, range=(496.63, 943.82)"
e14d4e733db01e3bc8ac118ce466a30ec779999445da45e7b25142f6c296e2b8,e14d4e733db0,policies/e14d4e733db0.py,policies_by_distribution/poisson_L6_c1_2/poisson_L6_c1_2__e14d4e733db0.py,poisson_L6_c1_2,22,2,0.000000,761.01,761.01,examples/inventory/deepseek-chat_poisson_L6_c1_2_50_plain_processed_scipy_15_default_m2_4_r1/prompt_for_code/m2_20251222_022456.txt,"mean = 761.01, std=111.72, range=(490.88, 1089.60)"
e158f83d201163bdc1dab63f5b5df8e5b3e349d5f4b79eab65da8df05ce37fe6,e158f83d2011,policies/e158f83d2011.py,policies_by_distribution/poisson_L6_c1_2/poisson_L6_c1_2__e158f83d2011.py,poisson_L6_c1_2,17,1,0.446481,851.1,847.3,examples/inventory/deepseek-chat_poisson_L6_c1_2_50_plain_processed_scipy_15_default_m2_4_r2/prompt_for_code/m2_20251218_052557.txt,"mean = 847.30, std=108.99, range=(603.24, 1100.68)"
e1600d67d26dfd84dbfea4608c7428bc87a9ebba53f0bdddf9280920f060099b,e1600d67d26d,policies/e1600d67d26d.py,policies_by_distribution/normal_std10_L6_c1_5/normal_std10_L6_c1_5__e1600d67d26d.py,normal_std10_L6_c1_5,1,1,0.512863,2057.08,2067.63,examples/inventory/deepseek-chat_normal_std10_L6_c1_5_50_plain_processed_scipy_15_default_m2_2_r7/prompt_for_code/m2_20260130_055852.txt,"mean = 2067.63, std=217.34, range=(1612.10, 2668.55)"
e17aeab13dd8f69d295df4c13e0ffd9e5688945d45c3515b840c7513debf68b3,e17aeab13dd8,policies/e17aeab13dd8.py,policies_by_distribution/exponential_L6_c1_5/exponential_L6_c1_5__e17aeab13dd8.py,exponential_L6_c1_5,3,1,0.000000,11845.98,11845.98,examples/inventory/deepseek-chat_exponential_L6_c1_5_50_plain_processed_scipy_15_default_m2_4_r1/prompt_for_code/m2_20251218_015954.txt,"mean = 11845.98, std=2808.25, range=(6361.17, 18579.88)"
e1d36aa1ac54c95413080ad15ef256257e0a8d6b1906bea7efbe58923ca0da8a,e1d36aa1ac54,policies/e1d36aa1ac54.py,policies_by_distribution/normal_std10_L4_c1_2/normal_std10_L4_c1_2__e1d36aa1ac54.py,normal_std10_L4_c1_2,21,1,0.000000,920.57,920.57,examples/inventory/deepseek-chat_normal_std10_L4_c1_2_50_plain_processed_scipy_15_default_m2_2_r7/prompt_for_code/m2_20260130_045854.txt,"mean = 920.57, std=158.74, range=(699.25, 1469.07)"
e22f6497b8588a97dd26e7d8141409ddbba4e42d5272bdcaa30200fc4f3e0218,e22f6497b858,policies/e22f6497b858.py,policies_by_distribution/poisson_L6_c1_2/poisson_L6_c1_2__e22f6497b858.py,poisson_L6_c1_2,11,1,0.000000,760.96,760.96,examples/inventory/deepseek-chat_poisson_L6_c1_2_50_plain_processed_scipy_15_default_m2_2_r7/prompt_for_code/m2_20260128_202621.txt,"mean = 760.96, std=111.75, range=(490.92, 1090.13)"
e234fe39f5a1d6d75b3f915bf55de00e098d1db182a54b7e001b3632a0659189,e234fe39f5a1,policies/e234fe39f5a1.py,policies_by_distribution/poisson_L2_c1_2/poisson_L2_c1_2__e234fe39f5a1.py,poisson_L2_c1_2,11,1,0.000000,825.87,825.87,examples/inventory/deepseek-chat_poisson_L2_c1_2_50_plain_processed_scipy_15_default_m2_4_r2/prompt_for_code/m2_20251218_023734.txt,"mean = 825.87, std=100.72, range=(611.74, 1117.32)"
e252b8697d3808a6d45389c59ebfff7e4519a7b391b8d6dfc66a4816e787662d,e252b8697d38,policies/e252b8697d38.py,policies_by_distribution/normal_std50_L6_c1_2/normal_std50_L6_c1_2__e252b8697d38.py,normal_std50_L6_c1_2,4,1,0.016884,3908.96,3909.62,examples/inventory/deepseek-chat_normal_std50_L6_c1_2_50_plain_processed_scipy_15_default_m2_4_r2/prompt_for_code/m2_20251217_004145.txt,"mean = 3909.62, std=644.10, range=(2694.00, 6802.00)"
e28346cad92f54c0f9aad261f1dc9eec03dead09d8aa609c4eefb90416c45b37,e28346cad92f,policies/e28346cad92f.py,policies_by_distribution/poisson_L2_c1_2/poisson_L2_c1_2__e28346cad92f.py,poisson_L2_c1_2,103,1,0.000000,1031.2,1031.2,examples/inventory/deepseek-chat_poisson_L2_c1_2_50_plain_processed_scipy_15_default_m2_4_r2/prompt_for_code/m2_20251218_021407.txt,"mean = 1031.20, std=89.67, range=(876.00, 1317.00)"
e288c336d2ace427f951ca6890cb371660a2d76282f2f865adc0f9a58d2ca401,e288c336d2ac,policies/e288c336d2ac.py,policies_by_distribution/exponential_L2_c1_5/exponential_L2_c1_5__e288c336d2ac.py,exponential_L2_c1_5,21,1,0.000000,10227.67,10227.67,examples/inventory/deepseek-chat_exponential_L2_c1_5_50_plain_processed_scipy_15_default_m2_4_r2/prompt_for_code/m2_20251218_033805.txt,"mean = 10227.67, std=1797.29, range=(7215.58, 15641.81)"
e29beef27cf6e771b089da62712a6ac051ca5d5248223da5185351b77f9c2a4a,e29beef27cf6,policies/e29beef27cf6.py,policies_by_distribution/poisson_L4_c1_2/poisson_L4_c1_2__e29beef27cf6.py,poisson_L4_c1_2,4,1,0.000000,780.26,780.26,examples/inventory/deepseek-chat_poisson_L4_c1_2_50_plain_processed_scipy_15_default_m2_4_r3/prompt_for_code/m2_20251218_075854.txt,"mean = 780.26, std=122.74, range=(503.00, 1134.00)"
e2b2dd0a90d3eae0873feee0c4a836fe8785ad8b56fc6bf967c534c421303a2d,e2b2dd0a90d3,policies/e2b2dd0a90d3.py,policies_by_distribution/normal_std30_L6_c1_2/normal_std30_L6_c1_2__e2b2dd0a90d3.py,normal_std30_L6_c1_2,3,1,0.000000,2253.06,2253.06,examples/inventory/deepseek-chat_normal_std30_L6_c1_2_50_plain_processed_scipy_15_default_m2_2_r7/prompt_for_code/m2_20260128_060907.txt,"mean = 2253.06, std=397.55, range=(1606.00, 3587.00)"
e2eefe560b0ac2143972da1311a02551ae78953beb220999dfbd15ace76fcc03,e2eefe560b0a,policies/e2eefe560b0a.py,policies_by_distribution/poisson_L4_c1_5/poisson_L4_c1_5__e2eefe560b0a.py,poisson_L4_c1_5,9,1,0.000000,1506.22,1506.22,examples/inventory/deepseek-chat_poisson_L4_c1_5_50_plain_processed_scipy_15_default_m2_4_r1/prompt_for_code/m2_20251218_003209.txt,"mean = 1506.22, std=279.95, range=(964.00, 2331.00)"
e335c67bc589985e93009d201334ca9cfde73b6acca975f9bbf48124371fce77,e335c67bc589,policies/e335c67bc589.py,policies_by_distribution/exponential_L4_c1_2/exponential_L4_c1_2__e335c67bc589.py,exponential_L4_c1_2,15,1,0.000000,6161.54,6161.54,examples/inventory/deepseek-chat_exponential_L4_c1_2_50_plain_processed_scipy_15_default_m2_4_r3/prompt_for_code/m2_20251218_080854.txt,"mean = 6161.54, std=1299.47, range=(4257.00, 11517.00)"
e33d0d3e62f0b1439ae947fb343a0e55212addb4295fe53b8978d0078c80c964,e33d0d3e62f0,policies/e33d0d3e62f0.py,policies_by_distribution/exponential_L6_c1_5/exponential_L6_c1_5__e33d0d3e62f0.py,exponential_L6_c1_5,31,1,0.013738,11355.52,11353.96,examples/inventory/deepseek-chat_exponential_L6_c1_5_50_plain_processed_scipy_15_default_m2_2_r6/prompt_for_code/m2_20260129_044120.txt,"mean = 11353.96, std=2924.06, range=(5917.00, 20528.00)"
e3738e117b701c7e8596e03052eca8ac9be20e218a46eea14d3a769324f088a2,e3738e117b70,policies/e3738e117b70.py,policies_by_distribution/exponential_L2_c1_2/exponential_L2_c1_2__e3738e117b70.py,exponential_L2_c1_2,15,1,0.000000,5995.2,5995.2,examples/inventory/deepseek-chat_exponential_L2_c1_2_50_plain_processed_scipy_15_default_m2_4_r1/prompt_for_code/m2_20251217_223358.txt,"mean = 5995.20, std=1020.84, range=(4483.69, 8608.98)"
e392b393749082055c6e1acf95f9dd75675472e7290564da84085a1988b3fae3,e392b3937490,policies/e392b3937490.py,policies_by_distribution/normal_std50_L6_c1_2/normal_std50_L6_c1_2__e392b3937490.py,normal_std50_L6_c1_2,43,1,0.044218,3776.76,3775.09,examples/inventory/deepseek-chat_normal_std50_L6_c1_2_50_plain_processed_scipy_15_default_m2_4_r3/prompt_for_code/m2_20251217_013014.txt,"mean = 3775.09, std=808.86, range=(2369.09, 7353.65)"
e46c38272c4bb9ec30876b94d1e15aeb799ebdac8ef218b88d1c119b0f89a129,e46c38272c4b,policies/e46c38272c4b.py,policies_by_distribution/normal_std30_L6_c1_5/normal_std30_L6_c1_5__e46c38272c4b.py,normal_std30_L6_c1_5,16,1,0.000000,5036.14,5036.14,examples/inventory/deepseek-chat_normal_std30_L6_c1_5_50_plain_processed_scipy_15_default_m2_2_r8/prompt_for_code/m2_20260128_115809.txt,"mean = 5036.14, std=613.77, range=(3451.07, 6301.89)"
e4b38f2dfa80e287fc37ff1cfdd01d1e2fcc3a3165c68fcbd300f8acd7d973c5,e4b38f2dfa80,policies/e4b38f2dfa80.py,policies_by_distribution/poisson_L4_c1_2/poisson_L4_c1_2__e4b38f2dfa80.py,poisson_L4_c1_2,5,1,0.000000,1358.54,1358.54,examples/inventory/deepseek-chat_poisson_L4_c1_2_50_plain_processed_scipy_15_default_m2_4_r3/prompt_for_code/m2_20251218_074052.txt,"mean = 1358.54, std=139.50, range=(1064.00, 1687.00)"
e5366d4b3774e91de989ea564c3a175df290e133902637c3bd1d7e64209b799c,e5366d4b3774,policies/e5366d4b3774.py,policies_by_distribution/exponential_L6_c1_2/exponential_L6_c1_2__e5366d4b3774.py,exponential_L6_c1_2,5,2,0.000000,6113.14,6113.14,examples/inventory/deepseek-chat_exponential_L6_c1_2_50_plain_processed_scipy_15_default_m2_4_r3/prompt_for_code/m2_20251218_093713.txt,"mean = 6113.14, std=1087.68, range=(4251.00, 9798.00)"
e568c5fe16b5134139b42676da2d3750b8695d6acfb6e6099a29b365fe1c9a91,e568c5fe16b5,policies/e568c5fe16b5.py,policies_by_distribution/normal_std10_L6_c1_5/normal_std10_L6_c1_5__e568c5fe16b5.py,normal_std10_L6_c1_5,3,1,0.456341,3241.0,3226.21,examples/inventory/deepseek-chat_normal_std10_L6_c1_5_50_plain_processed_scipy_15_default_m2_2_r6/prompt_for_code/m2_20260130_002135.txt,"mean = 3226.21, std=211.34, range=(2810.29, 3815.42)"
e5f0d6def0dbd7e8a7bd5e1fade1c72bd0570231130fd576e7760b20b580cf04,e5f0d6def0db,policies/e5f0d6def0db.py,policies_by_distribution/exponential_L6_c1_5/exponential_L6_c1_5__e5f0d6def0db.py,exponential_L6_c1_5,30,1,0.000000,11147.32,11147.32,examples/inventory/deepseek-chat_exponential_L6_c1_5_50_plain_processed_scipy_15_default_m2_4_r2/prompt_for_code/m2_20251218_063454.txt,"mean = 11147.32, std=2614.49, range=(5738.06, 16860.43)"
e651f69ca9b697ebece81593d7c648e58f4a67664372da63b9bd544a6b74bf11,e651f69ca9b6,policies/e651f69ca9b6.py,policies_by_distribution/poisson_L2_c1_5/poisson_L2_c1_5__e651f69ca9b6.py,poisson_L2_c1_5,6,1,0.000000,1247.32,1247.32,examples/inventory/deepseek-chat_poisson_L2_c1_5_50_plain_processed_scipy_15_default_m2_4_r3/prompt_for_code/m2_20251218_072115.txt,"mean = 1247.32, std=178.93, range=(867.00, 1596.00)"
e667322ab9ffd8ea23d0c201aa06769463f227fe35f2dd43b57aece1113914aa,e667322ab9ff,policies/e667322ab9ff.py,policies_by_distribution/poisson_L6_c1_2/poisson_L6_c1_2__e667322ab9ff.py,poisson_L6_c1_2,2,1,0.398921,1609.34,1615.76,examples/inventory/deepseek-chat_poisson_L6_c1_2_50_plain_processed_scipy_15_default_m2_4_r2/prompt_for_code/m2_20251218_051011.txt,"mean = 1615.76, std=116.78, range=(1377.00, 1831.00)"
e683fc88c3ac3dee8532453ff4c34e1f2bdc24b2d83c736aeb065abe18d31359,e683fc88c3ac,policies/e683fc88c3ac.py,policies_by_distribution/normal_std30_L4_c1_5/normal_std30_L4_c1_5__e683fc88c3ac.py,normal_std30_L4_c1_5,11,1,0.098693,3698.33,3701.98,examples/inventory/deepseek-chat_normal_std30_L4_c1_5_50_plain_processed_scipy_15_default_m2_2_r7/prompt_for_code/m2_20260128_052355.txt,"mean = 3701.98, std=503.89, range=(2841.50, 5238.26)"
e6e8d9a5e8fbba4771470386c696a479aab2eb1b1be2520ea4512063d4181120,e6e8d9a5e8fb,policies/e6e8d9a5e8fb.py,policies_by_distribution/normal_std30_L6_c1_5/normal_std30_L6_c1_5__e6e8d9a5e8fb.py,normal_std30_L6_c1_5,36,1,0.000000,5365.4,5365.4,examples/inventory/deepseek-chat_normal_std30_L6_c1_5_50_plain_processed_scipy_15_default_m2_2_r7/prompt_for_code/m2_20260128_062942.txt,"mean = 5365.40, std=806.09, range=(3621.05, 7144.01)"
e73b5b82a7c7c3e7958c9bf7c6ef048327fcc87c8b0a03c64110b600e81876bc,e73b5b82a7c7,policies/e73b5b82a7c7.py,policies_by_distribution/poisson_L6_c1_2/poisson_L6_c1_2__e73b5b82a7c7.py,poisson_L6_c1_2,11,1,0.001303,767.24,767.23,examples/inventory/deepseek-chat_poisson_L6_c1_2_50_plain_processed_scipy_15_default_m2_2_r8/prompt_for_code/m2_20260129_000953.txt,"mean = 767.23, std=128.48, range=(465.06, 1290.49)"
e77310c63e8b497366ea5d6be13cb8c925593d41901241c892a251a914c8ed1a,e77310c63e8b,policies/e77310c63e8b.py,policies_by_distribution/poisson_L2_c1_2/poisson_L2_c1_2__e77310c63e8b.py,poisson_L2_c1_2,5,1,0.000000,697.27,697.27,examples/inventory/deepseek-chat_poisson_L2_c1_2_50_plain_processed_scipy_15_default_m2_4_r2/prompt_for_code/m2_20251218_023949.txt,"mean = 697.27, std=92.89, range=(528.12, 978.34)"
e79abf9793dae703ce1fdeba6bbdf52ec86418288a7995f9f4c68684884f51b3,e79abf9793da,policies/e79abf9793da.py,policies_by_distribution/exponential_L4_c1_5/exponential_L4_c1_5__e79abf9793da.py,exponential_L4_c1_5,2,1,0.006952,12083.5,12082.66,examples/inventory/deepseek-chat_exponential_L4_c1_5_50_plain_processed_scipy_15_default_m2_4_r1/prompt_for_code/m2_20251218_002802.txt,"mean = 12082.66, std=2251.80, range=(7387.06, 16481.79)"
e7ce20db61657eb35272bf0fe08de7c61311ac5f369d540b2cd301400baf0043,e7ce20db6165,policies/e7ce20db6165.py,policies_by_distribution/poisson_L2_c1_2/poisson_L2_c1_2__e7ce20db6165.py,poisson_L2_c1_2,2,1,0.001017,983.13,983.12,examples/inventory/deepseek-chat_poisson_L2_c1_2_50_plain_processed_scipy_15_default_m2_4_r2/prompt_for_code/m2_20251218_023029.txt,"mean = 983.12, std=96.00, range=(809.30, 1234.36)"
e7dfe232753c075ba184e0a47f0abf7ed2df38cc1a66a7eb2607f1e67712f65b,e7dfe232753c,policies/e7dfe232753c.py,policies_by_distribution/poisson_L6_c1_2/poisson_L6_c1_2__e7dfe232753c.py,poisson_L6_c1_2,3,1,0.113691,2234.12,2236.66,examples/inventory/deepseek-chat_poisson_L6_c1_2_50_plain_processed_scipy_15_default_m2_4_r3/prompt_for_code/m2_20251218_091613.txt,"mean = 2236.66, std=166.52, range=(1790.19, 2579.29)"
e7e545e9f89f2cd9b47e936161df6b10a07f2f15936b9ea02354817bd24f3c00,e7e545e9f89f,policies/e7e545e9f89f.py,policies_by_distribution/normal_std10_L2_c1_5/normal_std10_L2_c1_5__e7e545e9f89f.py,normal_std10_L2_c1_5,34,1,0.000000,1168.65,1168.65,examples/inventory/deepseek-chat_normal_std10_L2_c1_5_50_plain_processed_scipy_15_default_m2_2_r8/prompt_for_code/m2_20260130_091738.txt,"mean = 1168.65, std=195.69, range=(817.20, 1699.21)"
e7e8fcb6f66a79989d496e529328810567149df40fe1bbc9415b1c72a55ddef4,e7e8fcb6f66a,policies/e7e8fcb6f66a.py,policies_by_distribution/poisson_L6_c1_2/poisson_L6_c1_2__e7e8fcb6f66a.py,poisson_L6_c1_2,9,1,0.000000,761.08,761.08,examples/inventory/deepseek-chat_poisson_L6_c1_2_50_plain_processed_scipy_15_default_m2_4_r1/prompt_for_code/m2_20251222_023234.txt,"mean = 761.08, std=115.25, range=(484.66, 1121.68)"
e7fb289d8281b9a0d60a840f2da93463661702254a359117d8cfec2e97a2ad56,e7fb289d8281,policies/e7fb289d8281.py,policies_by_distribution/poisson_L4_c1_2/poisson_L4_c1_2__e7fb289d8281.py,poisson_L4_c1_2,14,3,0.000000,1735.63,1735.63,examples/inventory/deepseek-chat_poisson_L4_c1_2_50_plain_processed_scipy_15_default_m2_4_r1/prompt_for_code/m2_20251217_234620.txt,"mean = 1735.63, std=107.09, range=(1407.21, 1965.99)"
e847d123a3ac38f76ae495177b75cffe02208f9dbd5d4b7b99fa5ca27f1a2dec,e847d123a3ac,policies/e847d123a3ac.py,policies_by_distribution/poisson_L2_c1_2/poisson_L2_c1_2__e847d123a3ac.py,poisson_L2_c1_2,1,1,0.163948,951.52,949.96,examples/inventory/deepseek-chat_poisson_L2_c1_2_50_plain_processed_scipy_15_default_m2_4_r3/prompt_for_code/m2_20251218_064815.txt,"mean = 949.96, std=92.63, range=(758.75, 1198.06)"
e865692ce86becb49f679387ab33ab9e461669e49d8293e41fd14e9e2c741268,e865692ce86b,policies/e865692ce86b.py,policies_by_distribution/normal_std10_L6_c1_5/normal_std10_L6_c1_5__e865692ce86b.py,normal_std10_L6_c1_5,3,1,0.471239,2818.1,2804.82,examples/inventory/deepseek-chat_normal_std10_L6_c1_5_50_plain_processed_scipy_15_default_m2_2_r6/prompt_for_code/m2_20260130_004303.txt,"mean = 2804.82, std=256.22, range=(2357.18, 3521.74)"
e86ea385ff373e82e80d4a2e26d36740d6229f644149b5d1b31197c0658d06ef,e86ea385ff37,policies/e86ea385ff37.py,policies_by_distribution/normal_std50_L6_c1_2/normal_std50_L6_c1_2__e86ea385ff37.py,normal_std50_L6_c1_2,1,1,0.132803,4201.72,4207.3,examples/inventory/deepseek-chat_normal_std50_L6_c1_2_50_plain_processed_scipy_15_default_m2_4_r1/prompt_for_code/m2_20251216_231712.txt,"mean = 4207.30, std=685.88, range=(3101.00, 6676.00)"
e89513a75a503c2d9b71f91c5c4b0de9a6ff5f68f5463098496dff44f4c5cfbb,e89513a75a50,policies/e89513a75a50.py,policies_by_distribution/poisson_L6_c1_2/poisson_L6_c1_2__e89513a75a50.py,poisson_L6_c1_2,4,1,0.000000,2818.52,2818.52,examples/inventory/deepseek-chat_poisson_L6_c1_2_50_plain_processed_scipy_15_default_m2_4_r1/prompt_for_code/m2_20251222_015333.txt,"mean = 2818.52, std=106.91, range=(2547.49, 2977.54)"
e8a24d25a57e9dbfadec31dc08fdcfb27c525840680ef7e6c23469ed71c45971,e8a24d25a57e,policies/e8a24d25a57e.py,policies_by_distribution/exponential_L6_c1_5/exponential_L6_c1_5__e8a24d25a57e.py,exponential_L6_c1_5,14,2,0.000000,11730.02,11730.02,examples/inventory/deepseek-chat_exponential_L6_c1_5_50_plain_processed_scipy_15_default_m2_4_r3/prompt_for_code/m2_20251218_103211.txt,"mean = 11730.02, std=2969.58, range=(6150.00, 20396.00)"
e8d73f1b0b3c31099ab21251f7598edc284b93dc21c43b80d66c12e44fc33560,e8d73f1b0b3c,policies/e8d73f1b0b3c.py,policies_by_distribution/poisson_L6_c1_5/poisson_L6_c1_5__e8d73f1b0b3c.py,poisson_L6_c1_5,89,1,0.000000,1169.07,1169.07,examples/inventory/deepseek-chat_poisson_L6_c1_5_50_plain_processed_scipy_15_default_m2_4_r1/prompt_for_code/m2_20251218_015811.txt,"mean = 1169.07, std=218.76, range=(692.45, 1657.20)"
e8e42053455432977854265a6e566c3a5719b02c889de21e0a75c58f5688c3f3,e8e420534554,policies/e8e420534554.py,policies_by_distribution/exponential_L4_c1_2/exponential_L4_c1_2__e8e420534554.py,exponential_L4_c1_2,29,1,0.000000,6238.52,6238.52,examples/inventory/deepseek-chat_exponential_L4_c1_2_50_plain_processed_scipy_15_default_m2_4_r3/prompt_for_code/m2_20251218_080058.txt,"mean = 6238.52, std=1316.81, range=(4253.00, 11774.00)"
e92e52e5c629910d14fc9ebe848ea9467e78bbe95f95ca9ca802385e7da413b0,e92e52e5c629,policies/e92e52e5c629.py,policies_by_distribution/exponential_L4_c1_2/exponential_L4_c1_2__e92e52e5c629.py,exponential_L4_c1_2,43,1,0.010043,6372.58,6371.94,examples/inventory/deepseek-chat_exponential_L4_c1_2_50_plain_processed_scipy_15_default_m2_4_r1/prompt_for_code/m2_20251217_235426.txt,"mean = 6371.94, std=1185.96, range=(4470.00, 11433.00)"
e9411bef90b70c64e335917ed121e280aeef7c9c258aab771272be415d688f4d,e9411bef90b7,policies/e9411bef90b7.py,policies_by_distribution/normal_std10_L6_c1_5/normal_std10_L6_c1_5__e9411bef90b7.py,normal_std10_L6_c1_5,22,1,0.000000,1258.71,1258.71,examples/inventory/deepseek-chat_normal_std10_L6_c1_5_50_plain_processed_scipy_15_default_m2_2_r7/prompt_for_code/m2_20260129_072058.txt,"mean = 1258.71, std=239.07, range=(743.27, 2067.90)"
e99c55955da027af05bac0b0c9ba12e633edc02263f128531d5b7f4810baafa7,e99c55955da0,policies/e99c55955da0.py,policies_by_distribution/exponential_L6_c1_5/exponential_L6_c1_5__e99c55955da0.py,exponential_L6_c1_5,18,1,0.014200,13169.43,13167.56,examples/inventory/deepseek-chat_exponential_L6_c1_5_50_plain_processed_scipy_15_default_m2_4_r1/prompt_for_code/m2_20251218_015728.txt,"mean = 13167.56, std=2284.35, range=(8934.63, 19023.77)"
e9cbb226fca43098f0a9ce76cf921e03d6a96b896b7b3ddc3584071e644cdff3,e9cbb226fca4,policies/e9cbb226fca4.py,policies_by_distribution/normal_std30_L4_c1_2/normal_std30_L4_c1_2__e9cbb226fca4.py,normal_std30_L4_c1_2,174,1,0.000000,2147.22,2147.22,examples/inventory/deepseek-chat_normal_std30_L4_c1_2_50_plain_processed_scipy_15_default_m2_2_r7/prompt_for_code/m2_20260129_074228.txt,"mean = 2147.22, std=337.45, range=(1557.35, 2904.93)"
e9cff35f915dc8966987ddbfc63400a925c889bd9fb5be1eea9c1eceb6e60154,e9cff35f915d,policies/e9cff35f915d.py,policies_by_distribution/normal_std10_L4_c1_2/normal_std10_L4_c1_2__e9cff35f915d.py,normal_std10_L4_c1_2,21,1,0.000000,744.55,744.55,examples/inventory/deepseek-chat_normal_std10_L4_c1_2_50_plain_processed_scipy_15_default_m2_2_r8/prompt_for_code/m2_20260128_080013.txt,"mean = 744.55, std=126.30, range=(492.00, 1071.03)"
ea1c9c13f629665190f1d181a4ffc7f4d80ea1835c591f82c68a896ea4a550d7,ea1c9c13f629,policies/ea1c9c13f629.py,policies_by_distribution/exponential_L6_c1_2/exponential_L6_c1_2__ea1c9c13f629.py,exponential_L6_c1_2,2,1,0.021811,6097.85,6099.18,examples/inventory/deepseek-chat_exponential_L6_c1_2_50_plain_processed_scipy_15_default_m2_4_r1/prompt_for_code/m2_20251218_014239.txt,"mean = 6099.18, std=1068.15, range=(4030.00, 9435.00)"
ea4e59a4fe583bcf279df92039f5140bbc7488f8a87f37d03cd0fee7a751849a,ea4e59a4fe58,policies/ea4e59a4fe58.py,policies_by_distribution/exponential_L4_c1_2/exponential_L4_c1_2__ea4e59a4fe58.py,exponential_L4_c1_2,31,2,0.000000,6187.0,6187.0,examples/inventory/deepseek-chat_exponential_L4_c1_2_50_plain_processed_scipy_15_default_m2_4_r2/prompt_for_code/m2_20251218_035005.txt,"mean = 6187.00, std=1318.76, range=(4070.00, 11626.00)"
ea64682316b5d847371e663ae33ed37929146db764d8e09312f78852ca5dfcf0,ea64682316b5,policies/ea64682316b5.py,policies_by_distribution/normal_std50_L6_c1_5/normal_std50_L6_c1_5__ea64682316b5.py,normal_std50_L6_c1_5,49,1,0.000000,7164.1,7164.1,examples/inventory/deepseek-chat_normal_std50_L6_c1_5_50_plain_processed_scipy_15_default_m2_2_r7/prompt_for_code/m2_20260129_085928.txt,"mean = 7164.10, std=1290.22, range=(4593.00, 11072.00)"
ea9e7140f9004d18b342d74439221f94341578188705091a0e6f4d115a67eddb,ea9e7140f900,policies/ea9e7140f900.py,policies_by_distribution/exponential_L2_c1_5/exponential_L2_c1_5__ea9e7140f900.py,exponential_L2_c1_5,4,1,0.000481,10389.67,10389.62,examples/inventory/deepseek-chat_exponential_L2_c1_5_50_plain_processed_scipy_15_default_m2_4_r2/prompt_for_code/m2_20251218_032757.txt,"mean = 10389.62, std=1893.44, range=(7032.84, 15375.64)"
eab978cd24015e6bbebbd9a6e5d40f5da4f6cea4e6d0be3ecc57d57e4f1da7e9,eab978cd2401,policies/eab978cd2401.py,policies_by_distribution/normal_std10_L2_c1_2/normal_std10_L2_c1_2__eab978cd2401.py,normal_std10_L2_c1_2,45,1,0.045510,791.04,791.4,examples/inventory/deepseek-chat_normal_std10_L2_c1_2_50_plain_processed_scipy_15_default_m2_2_r7/prompt_for_code/m2_20260129_053804.txt,"mean = 791.40, std=114.28, range=(604.73, 1087.97)"
eacbe30e0fa07e220f6aa2d4a9f8612bff0ea95d07dcf0b98bc849fd7ace7438,eacbe30e0fa0,policies/eacbe30e0fa0.py,policies_by_distribution/normal_std50_L6_c1_2/normal_std50_L6_c1_2__eacbe30e0fa0.py,normal_std50_L6_c1_2,13,2,0.032367,3800.14,3798.91,examples/inventory/deepseek-chat_normal_std50_L6_c1_2_50_plain_processed_scipy_15_default_m2_4_r3/prompt_for_code/m2_20251217_012321.txt,"mean = 3798.91, std=732.46, range=(2407.34, 7173.32)"
eaecb26f62f0e2cbc61cf2ca768401ef7e42e65198e4c3fe2b4da6a1c9e9ad58,eaecb26f62f0,policies/eaecb26f62f0.py,policies_by_distribution/exponential_L6_c1_5/exponential_L6_c1_5__eaecb26f62f0.py,exponential_L6_c1_5,93,1,0.000000,13069.62,13069.62,examples/inventory/deepseek-chat_exponential_L6_c1_5_50_plain_processed_scipy_15_default_m2_4_r1/prompt_for_code/m2_20251218_015312.txt,"mean = 13069.62, std=2333.24, range=(9027.10, 19582.83)"
eaf23b87bc456ece687510e25efa52ca4d437a1fbfb183d82a04119914b14c63,eaf23b87bc45,policies/eaf23b87bc45.py,policies_by_distribution/exponential_L6_c1_2/exponential_L6_c1_2__eaf23b87bc45.py,exponential_L6_c1_2,2,1,0.000000,6095.08,6095.08,examples/inventory/deepseek-chat_exponential_L6_c1_2_50_plain_processed_scipy_15_default_m2_4_r2/prompt_for_code/m2_20251218_054904.txt,"mean = 6095.08, std=1090.36, range=(3927.08, 9522.05)"
ebf14830b0ccd373418b5fb46783256449a742bb714d6dd07b12055e4b12666e,ebf14830b0cc,policies/ebf14830b0cc.py,policies_by_distribution/poisson_L6_c1_2/poisson_L6_c1_2__ebf14830b0cc.py,poisson_L6_c1_2,4,1,0.077262,789.52,788.91,examples/inventory/deepseek-chat_poisson_L6_c1_2_50_plain_processed_scipy_15_default_m2_4_r3/prompt_for_code/m2_20251218_092553.txt,"mean = 788.91, std=120.19, range=(532.63, 1198.97)"
ebf4eea49c91eb7f4a0614498d0cf71a876eef3f7f89d24385e53647fb788f8e,ebf4eea49c91,policies/ebf4eea49c91.py,policies_by_distribution/exponential_L4_c1_2/exponential_L4_c1_2__ebf4eea49c91.py,exponential_L4_c1_2,13,1,0.000000,6512.56,6512.56,examples/inventory/deepseek-chat_exponential_L4_c1_2_50_plain_processed_scipy_15_default_m2_4_r1/prompt_for_code/m2_20251217_235439.txt,"mean = 6512.56, std=1229.32, range=(4307.03, 11821.12)"
ec02a8af62ec6b430cc92576bdf504f60e8a6174f04f316a1b1f772914e156ab,ec02a8af62ec,policies/ec02a8af62ec.py,policies_by_distribution/exponential_L6_c1_5/exponential_L6_c1_5__ec02a8af62ec.py,exponential_L6_c1_5,3,1,0.000000,13681.02,13681.02,examples/inventory/deepseek-chat_exponential_L6_c1_5_50_plain_processed_scipy_15_default_m2_4_r3/prompt_for_code/m2_20251218_095645.txt,"mean = 13681.02, std=2432.36, range=(9338.85, 20248.83)"
ec0e574accfcd7baf7bd1485f673c3b457cdc7b45bb3de5e4b5dc2e8e8b5e16f,ec0e574accfc,policies/ec0e574accfc.py,policies_by_distribution/exponential_L2_c1_5/exponential_L2_c1_5__ec0e574accfc.py,exponential_L2_c1_5,30,1,0.000000,10182.15,10182.15,examples/inventory/deepseek-chat_exponential_L2_c1_5_50_plain_processed_scipy_15_default_m2_4_r1/prompt_for_code/m2_20251217_232708.txt,"mean = 10182.15, std=1822.69, range=(7044.88, 15650.41)"
ecf2bd8b6b836f239c346f63aae8e04f56ba7f6dbd2d897cd40287071d2d299e,ecf2bd8b6b83,policies/ecf2bd8b6b83.py,policies_by_distribution/normal_std10_L2_c1_2/normal_std10_L2_c1_2__ecf2bd8b6b83.py,normal_std10_L2_c1_2,49,1,0.000000,695.13,695.13,examples/inventory/deepseek-chat_normal_std10_L2_c1_2_50_plain_processed_scipy_15_default_m2_2_r8/prompt_for_code/m2_20260129_210302.txt,"mean = 695.13, std=110.76, range=(510.33, 937.89)"
ecfd2b3d3a56e0a32414c0d5d69a3525098c352ef9b488a51a82ff3e79daaa5d,ecfd2b3d3a56,policies/ecfd2b3d3a56.py,policies_by_distribution/poisson_L4_c1_2/poisson_L4_c1_2__ecfd2b3d3a56.py,poisson_L4_c1_2,23,1,0.000000,1727.92,1727.92,examples/inventory/deepseek-chat_poisson_L4_c1_2_50_plain_processed_scipy_15_default_m2_2_r7/prompt_for_code/m2_20260128_183528.txt,"mean = 1727.92, std=105.26, range=(1399.02, 1921.00)"
ed2c27dbf4f1743099743c204f4b4a94db952d0add350f1594cb556dbf609083,ed2c27dbf4f1,policies/ed2c27dbf4f1.py,policies_by_distribution/exponential_L6_c1_5/exponential_L6_c1_5__ed2c27dbf4f1.py,exponential_L6_c1_5,5,1,0.000079,12708.27,12708.26,examples/inventory/deepseek-chat_exponential_L6_c1_5_50_plain_processed_scipy_15_default_m2_4_r3/prompt_for_code/m2_20251218_101037.txt,"mean = 12708.26, std=2264.04, range=(8198.84, 18237.29)"
ed797db39e005d104eaeb3882332a489dfbc8c294b64061b5f69e71573cea22f,ed797db39e00,policies/ed797db39e00.py,policies_by_distribution/poisson_L4_c1_2/poisson_L4_c1_2__ed797db39e00.py,poisson_L4_c1_2,29,2,0.000000,1727.93,1727.93,examples/inventory/deepseek-chat_poisson_L4_c1_2_50_plain_processed_scipy_15_default_m2_4_r3/prompt_for_code/m2_20251218_074029.txt,"mean = 1727.93, std=105.25, range=(1399.07, 1920.99)"
edd176ebd1d47249b322786b43784f6666cc36f77bb499d8928ada21e381e2d4,edd176ebd1d4,policies/edd176ebd1d4.py,policies_by_distribution/poisson_L4_c1_2/poisson_L4_c1_2__edd176ebd1d4.py,poisson_L4_c1_2,2,1,0.586446,1331.75,1323.94,examples/inventory/deepseek-chat_poisson_L4_c1_2_50_plain_processed_scipy_15_default_m2_2_r6/prompt_for_code/m2_20260128_144759.txt,"mean = 1323.94, std=107.45, range=(1006.00, 1582.00)"
ee0f8dd16911f46f7cafeb371b986e991aa57226dd0ac98be6d796f7e233be35,ee0f8dd16911,policies/ee0f8dd16911.py,policies_by_distribution/exponential_L2_c1_2/exponential_L2_c1_2__ee0f8dd16911.py,exponential_L2_c1_2,5,1,0.000000,5912.72,5912.72,examples/inventory/deepseek-chat_exponential_L2_c1_2_50_plain_processed_scipy_15_default_m2_4_r1/prompt_for_code/m2_20251217_225107.txt,"mean = 5912.72, std=1002.06, range=(4562.00, 8587.00)"
eead2c0d432fa83beebb48a34c462acd3f910252c8c98241a826999f68c4f04e,eead2c0d432f,policies/eead2c0d432f.py,policies_by_distribution/exponential_L2_c1_5/exponential_L2_c1_5__eead2c0d432f.py,exponential_L2_c1_5,16,1,0.000000,10191.99,10191.99,examples/inventory/deepseek-chat_exponential_L2_c1_5_50_plain_processed_scipy_15_default_m2_4_r1/prompt_for_code/m2_20251217_232146.txt,"mean = 10191.99, std=1818.16, range=(7140.64, 15423.00)"
ef19406061cec901d09336e61222eec35b9aa5bdd151fa06385ceccddc6dae1e,ef19406061ce,policies/ef19406061ce.py,policies_by_distribution/poisson_L4_c1_2/poisson_L4_c1_2__ef19406061ce.py,poisson_L4_c1_2,7,1,0.000000,1572.98,1572.98,examples/inventory/deepseek-chat_poisson_L4_c1_2_50_plain_processed_scipy_15_default_m2_4_r2/prompt_for_code/m2_20251218_035727.txt,"mean = 1572.98, std=115.97, range=(1284.09, 1827.25)"
ef87b0721b7e38b778d0dc3c4d1facf85a02c3c4c1cc3ed1cfcfd8b96b744936,ef87b0721b7e,policies/ef87b0721b7e.py,policies_by_distribution/exponential_L4_c1_2/exponential_L4_c1_2__ef87b0721b7e.py,exponential_L4_c1_2,7,1,0.000000,6562.86,6562.86,examples/inventory/deepseek-chat_exponential_L4_c1_2_50_plain_processed_scipy_15_default_m2_4_r1/prompt_for_code/m2_20251217_235038.txt,"mean = 6562.86, std=1277.14, range=(4357.00, 12279.00)"
ef9e0af20ff33b2ee8a9e9286bf4ffb76e880a85179c9231116d23bb35d64a38,ef9e0af20ff3,policies/ef9e0af20ff3.py,policies_by_distribution/normal_std50_L6_c1_2/normal_std50_L6_c1_2__ef9e0af20ff3.py,normal_std50_L6_c1_2,5,1,0.006468,4483.71,4484.0,examples/inventory/deepseek-chat_normal_std50_L6_c1_2_50_plain_processed_scipy_15_default_m2_4_r3/prompt_for_code/m2_20251217_013915.txt,"mean = 4484.00, std=621.24, range=(3307.00, 6396.00)"
efa1ab6a5d2bbdc16493b6494ee1b15e9935b9ba24a6cc03f19c2f08f53b5c48,efa1ab6a5d2b,policies/efa1ab6a5d2b.py,policies_by_distribution/normal_std30_L6_c1_2/normal_std30_L6_c1_2__efa1ab6a5d2b.py,normal_std30_L6_c1_2,10,1,0.000000,4235.51,4235.51,examples/inventory/deepseek-chat_normal_std30_L6_c1_2_50_plain_processed_scipy_15_default_m2_4_r1/prompt_for_code/m2_20251222_024045.txt,"mean = 4235.51, std=403.64, range=(3531.18, 5378.49)"
efad3a2739f9861354579a79270f5579eaa6904157dcb8961a80bce3971d4fa9,efad3a2739f9,policies/efad3a2739f9.py,policies_by_distribution/exponential_L4_c1_5/exponential_L4_c1_5__efad3a2739f9.py,exponential_L4_c1_5,9,1,0.000000,11296.33,11296.33,examples/inventory/deepseek-chat_exponential_L4_c1_5_50_plain_processed_scipy_15_default_m2_4_r1/prompt_for_code/m2_20251218_003333.txt,"mean = 11296.33, std=2172.95, range=(6593.12, 17025.62)"
efad700b20289fefceb4d3724294ded0a47277f3964d6ceae7d9307eab43e3c2,efad700b2028,policies/efad700b2028.py,policies_by_distribution/poisson_L4_c1_2/poisson_L4_c1_2__efad700b2028.py,poisson_L4_c1_2,8,1,0.000000,737.41,737.41,examples/inventory/deepseek-chat_poisson_L4_c1_2_50_plain_processed_scipy_15_default_m2_2_r6/prompt_for_code/m2_20260130_034928.txt,"mean = 737.41, std=103.80, range=(492.01, 963.65)"
efc7b05306930a1d80982e7db88af8a246a31c705432d2ae3f381f39846fd7d1,efc7b0530693,policies/efc7b0530693.py,policies_by_distribution/exponential_L2_c1_2/exponential_L2_c1_2__efc7b0530693.py,exponential_L2_c1_2,5,1,0.001360,5883.08,5883.16,examples/inventory/deepseek-chat_exponential_L2_c1_2_50_plain_processed_scipy_15_default_m2_4_r3/prompt_for_code/m2_20251218_071009.txt,"mean = 5883.16, std=985.57, range=(4361.00, 8486.00)"
efddcc93ba0f96f3f183aa3f49b85004aba4edb61f8fc1a660a4de94251c7599,efddcc93ba0f,policies/efddcc93ba0f.py,policies_by_distribution/normal_std50_L6_c1_5/normal_std50_L6_c1_5__efddcc93ba0f.py,normal_std50_L6_c1_5,30,1,0.000000,6492.93,6492.93,examples/inventory/deepseek-chat_normal_std50_L6_c1_5_50_plain_processed_scipy_15_default_m2_2_r6/prompt_for_code/m2_20260128_135501.txt,"mean = 6492.93, std=1198.81, range=(4522.86, 10123.39)"
f07f34cf9e6c6b29d6cab3d7cef601c8628e5f83f741485d82713ee73d02b58c,f07f34cf9e6c,policies/f07f34cf9e6c.py,policies_by_distribution/normal_std30_L6_c1_2/normal_std30_L6_c1_2__f07f34cf9e6c.py,normal_std30_L6_c1_2,27,1,0.000000,2265.2,2265.2,examples/inventory/deepseek-chat_normal_std30_L6_c1_2_50_plain_processed_scipy_15_default_m2_2_r7/prompt_for_code/m2_20260128_055310.txt,"mean = 2265.20, std=378.81, range=(1621.00, 3515.00)"
f0be4843ab66c92d662194d172d4e9c977b53125f0a524759fffe1f8a7206a7e,f0be4843ab66,policies/f0be4843ab66.py,policies_by_distribution/poisson_L4_c1_2/poisson_L4_c1_2__f0be4843ab66.py,poisson_L4_c1_2,28,1,0.000000,815.94,815.94,examples/inventory/deepseek-chat_poisson_L4_c1_2_50_plain_processed_scipy_15_default_m2_2_r8/prompt_for_code/m2_20260128_230113.txt,"mean = 815.94, std=127.65, range=(575.00, 1157.00)"
f0e48573f502f07247b02485b47e47886c0102a86ff2eb81b7b88d64816c9394,f0e48573f502,policies/f0e48573f502.py,policies_by_distribution/normal_std50_L6_c1_5/normal_std50_L6_c1_5__f0e48573f502.py,normal_std50_L6_c1_5,27,1,0.000000,6574.56,6574.56,examples/inventory/deepseek-chat_normal_std50_L6_c1_5_50_plain_processed_scipy_15_default_m2_2_r8/prompt_for_code/m2_20260128_221634.txt,"mean = 6574.56, std=961.71, range=(4686.08, 9358.73)"
f13c39bb15ab74e9cac6905039129da9f9e9ef681aa73d4944d9f7a21c1b2316,f13c39bb15ab,policies/f13c39bb15ab.py,policies_by_distribution/poisson_L6_c1_2/poisson_L6_c1_2__f13c39bb15ab.py,poisson_L6_c1_2,10,1,0.084812,2499.66,2501.78,examples/inventory/deepseek-chat_poisson_L6_c1_2_50_plain_processed_scipy_15_default_m2_4_r1/prompt_for_code/m2_20251222_014051.txt,"mean = 2501.78, std=146.98, range=(2213.98, 2783.08)"
f1d4e75baa08690f88f6a3cc8d9f9337f5c3fb92673eb4dffbb88c5581928b34,f1d4e75baa08,policies/f1d4e75baa08.py,policies_by_distribution/poisson_L2_c1_2/poisson_L2_c1_2__f1d4e75baa08.py,poisson_L2_c1_2,16,2,0.000000,715.82,715.82,examples/inventory/deepseek-chat_poisson_L2_c1_2_50_plain_processed_scipy_15_default_m2_4_r1/prompt_for_code/m2_20251217_223906.txt,"mean = 715.82, std=118.14, range=(513.00, 1113.00)"
f22f77f660acc76697653e1a855f647594f47be56002e9199c5dff89288f4395,f22f77f660ac,policies/f22f77f660ac.py,policies_by_distribution/normal_std10_L2_c1_5/normal_std10_L2_c1_5__f22f77f660ac.py,normal_std10_L2_c1_5,39,1,0.000000,1200.74,1200.74,examples/inventory/deepseek-chat_normal_std10_L2_c1_5_50_plain_processed_scipy_15_default_m2_2_r6/prompt_for_code/m2_20260128_235611.txt,"mean = 1200.74, std=161.05, range=(951.00, 1514.00)"
f274212919196bf5b03980bb354b823694a836d7af252d98d19800407e95352f,f27421291919,policies/f27421291919.py,policies_by_distribution/normal_std30_L6_c1_5/normal_std30_L6_c1_5__f27421291919.py,normal_std30_L6_c1_5,3,1,0.012313,4629.34,4629.91,examples/inventory/deepseek-chat_normal_std30_L6_c1_5_50_plain_processed_scipy_15_default_m2_2_r8/prompt_for_code/m2_20260128_122142.txt,"mean = 4629.91, std=676.08, range=(3152.50, 6092.50)"
f2bb9daaab6c65ed5930913257a6b675d055436f40113095a7b6c5efa5dfbc97,f2bb9daaab6c,policies/f2bb9daaab6c.py,policies_by_distribution/exponential_L4_c1_2/exponential_L4_c1_2__f2bb9daaab6c.py,exponential_L4_c1_2,9,1,0.000000,6161.04,6161.04,examples/inventory/deepseek-chat_exponential_L4_c1_2_50_plain_processed_scipy_15_default_m2_4_r2/prompt_for_code/m2_20251218_040817.txt,"mean = 6161.04, std=1244.78, range=(4156.00, 11522.00)"
f2ddb97d1a5c4ee65c7edc6869b9d72121ee628398a01d66ff35ba9d0f5e8931,f2ddb97d1a5c,policies/f2ddb97d1a5c.py,policies_by_distribution/poisson_L2_c1_2/poisson_L2_c1_2__f2ddb97d1a5c.py,poisson_L2_c1_2,16,1,0.000000,994.08,994.08,examples/inventory/deepseek-chat_poisson_L2_c1_2_50_plain_processed_scipy_15_default_m2_4_r2/prompt_for_code/m2_20251218_022926.txt,"mean = 994.08, std=91.26, range=(810.00, 1264.00)"
f2f28e751dc565835cd47e1d1dbf50daa86c5fa130aaf319fff9f755c02f97de,f2f28e751dc5,policies/f2f28e751dc5.py,policies_by_distribution/exponential_L2_c1_2/exponential_L2_c1_2__f2f28e751dc5.py,exponential_L2_c1_2,33,2,0.000000,5936.48,5936.48,examples/inventory/deepseek-chat_exponential_L2_c1_2_50_plain_processed_scipy_15_default_m2_4_r4/prompt_for_code/m2_20251218_104840.txt,"mean = 5936.48, std=964.22, range=(4358.00, 8467.00)"
f324b895fcae3a03604dbdda4e0e405b8fc5f29d67990cddf4e54fcaff8cc666,f324b895fcae,policies/f324b895fcae.py,policies_by_distribution/poisson_L6_c1_5/poisson_L6_c1_5__f324b895fcae.py,poisson_L6_c1_5,1,1,0.043730,3315.82,3314.37,examples/inventory/deepseek-chat_poisson_L6_c1_5_50_plain_processed_scipy_15_default_m2_2_r7/prompt_for_code/m2_20260130_083346.txt,"mean = 3314.37, std=261.03, range=(2835.82, 4044.93)"
f3558e9bf83b78b0b3f77aaa45bc1530ff248f864abc4e31601075d0112cf60b,f3558e9bf83b,policies/f3558e9bf83b.py,policies_by_distribution/exponential_L2_c1_5/exponential_L2_c1_5__f3558e9bf83b.py,exponential_L2_c1_5,8,1,0.000000,10307.66,10307.66,examples/inventory/deepseek-chat_exponential_L2_c1_5_50_plain_processed_scipy_15_default_m2_4_r1/prompt_for_code/m2_20251217_232323.txt,"mean = 10307.66, std=1913.44, range=(6335.58, 15165.54)"
f35e6769d06a1a09fad93043b3135c3c4d67d2780b06ea83c126c5d69105e3db,f35e6769d06a,policies/f35e6769d06a.py,policies_by_distribution/poisson_L2_c1_2/poisson_L2_c1_2__f35e6769d06a.py,poisson_L2_c1_2,74,1,0.000000,792.02,792.02,examples/inventory/deepseek-chat_poisson_L2_c1_2_50_plain_processed_scipy_15_default_m2_4_r4/prompt_for_code/m2_20251218_104146.txt,"mean = 792.02, std=100.95, range=(575.00, 1111.00)"
f37bf86d1b2b4126c74be8499418951694e148beda58ea2f6280a78d3a7fa3ac,f37bf86d1b2b,policies/f37bf86d1b2b.py,policies_by_distribution/poisson_L2_c1_5/poisson_L2_c1_5__f37bf86d1b2b.py,poisson_L2_c1_5,4,1,0.000000,1228.5,1228.5,examples/inventory/deepseek-chat_poisson_L2_c1_5_50_plain_processed_scipy_15_default_m2_4_r2/prompt_for_code/m2_20251218_031735.txt,"mean = 1228.50, std=221.34, range=(847.00, 1906.00)"
f3ae08154aab1e582f390344de027ba1486dba45ef51cda577b5c378c1b24141,f3ae08154aab,policies/f3ae08154aab.py,policies_by_distribution/exponential_L6_c1_5/exponential_L6_c1_5__f3ae08154aab.py,exponential_L6_c1_5,9,1,0.000000,11264.49,11264.49,examples/inventory/deepseek-chat_exponential_L6_c1_5_50_plain_processed_scipy_15_default_m2_4_r2/prompt_for_code/m2_20251218_062528.txt,"mean = 11264.49, std=2553.40, range=(5947.23, 16646.10)"
f3b0209ea380d8a4a1ccda6dec1647acd4951e206c1199eb6428a1f1cee5d50b,f3b0209ea380,policies/f3b0209ea380.py,policies_by_distribution/normal_std50_L6_c1_2/normal_std50_L6_c1_2__f3b0209ea380.py,normal_std50_L6_c1_2,1,1,0.600520,5237.13,5268.58,examples/inventory/deepseek-chat_normal_std50_L6_c1_2_50_plain_processed_scipy_15_default_m2_4_r1/prompt_for_code/m2_20251216_233858.txt,"mean = 5268.58, std=576.34, range=(3948.00, 6634.00)"
f3d44589446e8063d18e7129639fdc797c00d6c28fcc5b7a93fda1d531cdcc27,f3d44589446e,policies/f3d44589446e.py,policies_by_distribution/exponential_L6_c1_5/exponential_L6_c1_5__f3d44589446e.py,exponential_L6_c1_5,12,1,0.000000,11504.64,11504.64,examples/inventory/deepseek-chat_exponential_L6_c1_5_50_plain_processed_scipy_15_default_m2_2_r6/prompt_for_code/m2_20260129_042928.txt,"mean = 11504.64, std=2558.94, range=(6269.00, 16918.00)"
f455f29e0aa05fd8f2d48192f881e587f6082abf7c44186e1c3d4d779be65743,f455f29e0aa0,policies/f455f29e0aa0.py,policies_by_distribution/normal_std50_L6_c1_5/normal_std50_L6_c1_5__f455f29e0aa0.py,normal_std50_L6_c1_5,7,1,0.000000,6167.12,6167.12,examples/inventory/deepseek-chat_normal_std50_L6_c1_5_50_plain_processed_scipy_15_default_m2_2_r6/prompt_for_code/m2_20260129_033250.txt,"mean = 6167.12, std=1145.17, range=(3933.00, 9818.00)"
f473eb2df421de0865c26acb051cf051378e82eab5f03935a01b99c73aedac8b,f473eb2df421,policies/f473eb2df421.py,policies_by_distribution/normal_std10_L2_c1_5/normal_std10_L2_c1_5__f473eb2df421.py,normal_std10_L2_c1_5,45,1,0.000000,1329.22,1329.22,examples/inventory/deepseek-chat_normal_std10_L2_c1_5_50_plain_processed_scipy_15_default_m2_2_r6/prompt_for_code/m2_20260129_231347.txt,"mean = 1329.22, std=146.62, range=(1080.00, 1673.00)"
f47d6d8e3c1365818ff0f28d930c48c59a620a45063571c38eeb2ee0bec7844f,f47d6d8e3c13,policies/f47d6d8e3c13.py,policies_by_distribution/poisson_L4_c1_2/poisson_L4_c1_2__f47d6d8e3c13.py,poisson_L4_c1_2,7,1,0.000000,993.2,993.2,examples/inventory/deepseek-chat_poisson_L4_c1_2_50_plain_processed_scipy_15_default_m2_2_r8/prompt_for_code/m2_20260128_223838.txt,"mean = 993.20, std=145.40, range=(706.00, 1385.00)"
f49bdfb38328d86eda904274f606dc007990f7422b58fdced311bffd0338b97b,f49bdfb38328,policies/f49bdfb38328.py,policies_by_distribution/exponential_L2_c1_5/exponential_L2_c1_5__f49bdfb38328.py,exponential_L2_c1_5,12,1,0.000000,10167.65,10167.65,examples/inventory/deepseek-chat_exponential_L2_c1_5_50_plain_processed_scipy_15_default_m2_4_r1/prompt_for_code/m2_20251217_233036.txt,"mean = 10167.65, std=1819.65, range=(7137.66, 15503.62)"
f4d35aaf6cb6e4d29e2645484ac0fd62bccadd1362192890da6c3771252e852c,f4d35aaf6cb6,policies/f4d35aaf6cb6.py,policies_by_distribution/exponential_L6_c1_2/exponential_L6_c1_2__f4d35aaf6cb6.py,exponential_L6_c1_2,4,1,0.000000,6286.76,6286.76,examples/inventory/deepseek-chat_exponential_L6_c1_2_50_plain_processed_scipy_15_default_m2_4_r1/prompt_for_code/m2_20251218_013503.txt,"mean = 6286.76, std=1049.96, range=(4124.00, 9371.00)"
f4f2fcc5d7919e8c439d65571ee7d6402ca7105a19e1beab7103740da32eeca8,f4f2fcc5d791,policies/f4f2fcc5d791.py,policies_by_distribution/poisson_L2_c1_2/poisson_L2_c1_2__f4f2fcc5d791.py,poisson_L2_c1_2,8,1,0.000000,1287.06,1287.06,examples/inventory/deepseek-chat_poisson_L2_c1_2_50_plain_processed_scipy_15_default_m2_4_r3/prompt_for_code/m2_20251218_061421.txt,"mean = 1287.06, std=101.32, range=(1053.00, 1511.00)"
f521d2728347af41b9583a25e559d6d1e1b7d0ecc94af70e2b541f25afdc1b8b,f521d2728347,policies/f521d2728347.py,policies_by_distribution/poisson_L4_c1_2/poisson_L4_c1_2__f521d2728347.py,poisson_L4_c1_2,2,1,0.000000,823.2,823.2,examples/inventory/deepseek-chat_poisson_L4_c1_2_50_plain_processed_scipy_15_default_m2_4_r3/prompt_for_code/m2_20251218_080217.txt,"mean = 823.20, std=127.71, range=(583.00, 1167.00)"
f549f511306862fd6e5d3d4b57f104a781d9285032939f318582267e53f94e3d,f549f5113068,policies/f549f5113068.py,policies_by_distribution/exponential_L2_c1_5/exponential_L2_c1_5__f549f5113068.py,exponential_L2_c1_5,5,1,0.000000,10556.76,10556.76,examples/inventory/deepseek-chat_exponential_L2_c1_5_50_plain_processed_scipy_15_default_m2_4_r3/prompt_for_code/m2_20251218_072455.txt,"mean = 10556.76, std=2070.39, range=(6396.00, 16598.00)"
f57168eb3399b690543a46960614342d3428c94a0b7eaacc1dc7bb2bf3f1d5db,f57168eb3399,policies/f57168eb3399.py,policies_by_distribution/poisson_L4_c1_2/poisson_L4_c1_2__f57168eb3399.py,poisson_L4_c1_2,5,1,0.000000,811.84,811.84,examples/inventory/deepseek-chat_poisson_L4_c1_2_50_plain_processed_scipy_15_default_m2_4_r2/prompt_for_code/m2_20251218_040557.txt,"mean = 811.84, std=125.95, range=(566.00, 1147.00)"
f58823d7b7cd6f26818fe3c6470c18872b47ff71ddf1018d3b897eadc3431011,f58823d7b7cd,policies/f58823d7b7cd.py,policies_by_distribution/exponential_L2_c1_2/exponential_L2_c1_2__f58823d7b7cd.py,exponential_L2_c1_2,17,1,0.003183,6282.75,6282.95,examples/inventory/deepseek-chat_exponential_L2_c1_2_50_plain_processed_scipy_15_default_m2_4_r1/prompt_for_code/m2_20251217_223243.txt,"mean = 6282.95, std=1044.09, range=(4785.90, 8675.62)"
f5b71427f8dd0d34ac08b15b4ed203a7c4004736b359e102511c59f126c35cdd,f5b71427f8dd,policies/f5b71427f8dd.py,policies_by_distribution/poisson_L2_c1_2/poisson_L2_c1_2__f5b71427f8dd.py,poisson_L2_c1_2,51,2,0.000000,780.26,780.26,examples/inventory/deepseek-chat_poisson_L2_c1_2_50_plain_processed_scipy_15_default_m2_4_r4/prompt_for_code/m2_20251218_103607.txt,"mean = 780.26, std=91.35, range=(614.00, 1039.00)"
f5c68fe548c4571c59ebfc651b33a4c5b700bc85ac37559a178278833b26285d,f5c68fe548c4,policies/f5c68fe548c4.py,policies_by_distribution/normal_std10_L6_c1_2/normal_std10_L6_c1_2__f5c68fe548c4.py,normal_std10_L6_c1_2,14,1,0.000000,2753.6,2753.6,examples/inventory/deepseek-chat_normal_std10_L6_c1_2_50_plain_processed_scipy_15_default_m2_2_r7/prompt_for_code/m2_20260128_034752.txt,"mean = 2753.60, std=123.97, range=(2454.00, 2991.00)"
f5de3cf9672342232023bb354e8279b9c5ca120a2ebf4809662dc8eacf7bab83,f5de3cf96723,policies/f5de3cf96723.py,policies_by_distribution/exponential_L4_c1_2/exponential_L4_c1_2__f5de3cf96723.py,exponential_L4_c1_2,5,1,0.013569,6190.6,6191.44,examples/inventory/deepseek-chat_exponential_L4_c1_2_50_plain_processed_scipy_15_default_m2_4_r2/prompt_for_code/m2_20251218_040103.txt,"mean = 6191.44, std=1247.31, range=(4394.00, 11543.00)"
f5f43cf79cb73303eb04209b5759a887c23a867a09328fc8cbc57ea6915f2591,f5f43cf79cb7,policies/f5f43cf79cb7.py,policies_by_distribution/poisson_L2_c1_2/poisson_L2_c1_2__f5f43cf79cb7.py,poisson_L2_c1_2,3,1,0.000000,1050.6,1050.6,examples/inventory/deepseek-chat_poisson_L2_c1_2_50_plain_processed_scipy_15_default_m2_4_r3/prompt_for_code/m2_20251218_061618.txt,"mean = 1050.60, std=83.01, range=(884.00, 1317.00)"
f6018475bf273f95245b07ad0cfe0213777fa52cce4e72a3a9bce87cfdb2a145,f6018475bf27,policies/f6018475bf27.py,policies_by_distribution/poisson_L2_c1_5/poisson_L2_c1_5__f6018475bf27.py,poisson_L2_c1_5,25,1,0.000000,1351.88,1351.88,examples/inventory/deepseek-chat_poisson_L2_c1_5_50_plain_processed_scipy_15_default_m2_4_r3/prompt_for_code/m2_20251218_065841.txt,"mean = 1351.88, std=163.42, range=(923.00, 1713.00)"
f618f0a5b2739372d7ac9a641ed2194f0fa726fa1be634ebdb227157a5cbaf5f,f618f0a5b273,policies/f618f0a5b273.py,policies_by_distribution/exponential_L6_c1_2/exponential_L6_c1_2__f618f0a5b273.py,exponential_L6_c1_2,8,1,0.000000,6028.02,6028.02,examples/inventory/deepseek-chat_exponential_L6_c1_2_50_plain_processed_scipy_15_default_m2_2_r7/prompt_for_code/m2_20260129_095403.txt,"mean = 6028.02, std=1101.39, range=(3993.00, 9508.00)"
f633c77f2c7e470ae34c65a55efcbdd057a075165a43b30fd6f3f80588552f01,f633c77f2c7e,policies/f633c77f2c7e.py,policies_by_distribution/normal_std10_L2_c1_2/normal_std10_L2_c1_2__f633c77f2c7e.py,normal_std10_L2_c1_2,24,1,0.000000,737.3,737.3,examples/inventory/deepseek-chat_normal_std10_L2_c1_2_50_plain_processed_scipy_15_default_m2_2_r6/prompt_for_code/m2_20260129_195901.txt,"mean = 737.30, std=157.27, range=(436.00, 1307.00)"
f64629da6e1b5a7c355c22865bc26f225a448c95a008ab86328156edd9c8a248,f64629da6e1b,policies/f64629da6e1b.py,policies_by_distribution/poisson_L6_c1_5/poisson_L6_c1_5__f64629da6e1b.py,poisson_L6_c1_5,33,1,0.003402,1175.74,1175.7,examples/inventory/deepseek-chat_poisson_L6_c1_5_50_plain_processed_scipy_15_default_m2_2_r7/prompt_for_code/m2_20260130_080430.txt,"mean = 1175.70, std=220.35, range=(663.00, 1626.00)"
f65011fa5e0216325acc63362b80b1aa974c8bae2c34fbfda120c329410cd084,f65011fa5e02,policies/f65011fa5e02.py,policies_by_distribution/exponential_L2_c1_5/exponential_L2_c1_5__f65011fa5e02.py,exponential_L2_c1_5,10,1,0.001375,10184.67,10184.53,examples/inventory/deepseek-chat_exponential_L2_c1_5_50_plain_processed_scipy_15_default_m2_4_r3/prompt_for_code/m2_20251218_074652.txt,"mean = 10184.53, std=1823.23, range=(7040.19, 15656.76)"
f6aa320ea5a69dc9870b9bcce527f1cedc680ef078343de257bb3327512eaaed,f6aa320ea5a6,policies/f6aa320ea5a6.py,policies_by_distribution/exponential_L2_c1_2/exponential_L2_c1_2__f6aa320ea5a6.py,exponential_L2_c1_2,32,2,0.000340,5887.72,5887.74,examples/inventory/deepseek-chat_exponential_L2_c1_2_50_plain_processed_scipy_15_default_m2_4_r3/prompt_for_code/m2_20251218_065257.txt,"mean = 5887.74, std=986.09, range=(4449.00, 8484.00)"
f6e5d150bad30a92001d93ae99642973f4270793d554e26285f15c1e01ccd55a,f6e5d150bad3,policies/f6e5d150bad3.py,policies_by_distribution/exponential_L4_c1_5/exponential_L4_c1_5__f6e5d150bad3.py,exponential_L4_c1_5,20,1,0.000000,11100.96,11100.96,examples/inventory/deepseek-chat_exponential_L4_c1_5_50_plain_processed_scipy_15_default_m2_4_r2/prompt_for_code/m2_20251218_044943.txt,"mean = 11100.96, std=2109.20, range=(7187.00, 16460.00)"
f6ed166ac5911d8d1a0ec885d50b6329bbef6273f3daf072ebac06b3f3a75290,f6ed166ac591,policies/f6ed166ac591.py,policies_by_distribution/exponential_L4_c1_2/exponential_L4_c1_2__f6ed166ac591.py,exponential_L4_c1_2,22,1,0.000289,6924.8,6924.78,examples/inventory/deepseek-chat_exponential_L4_c1_2_50_plain_processed_scipy_15_default_m2_4_r2/prompt_for_code/m2_20251218_034811.txt,"mean = 6924.78, std=1229.35, range=(4826.75, 12201.10)"
f70e21d2103a7759de5933a04d64de15d91d86691ba8e78cce2889ec914f2e61,f70e21d2103a,policies/f70e21d2103a.py,policies_by_distribution/exponential_L6_c1_5/exponential_L6_c1_5__f70e21d2103a.py,exponential_L6_c1_5,2,1,0.000383,13046.85,13046.8,examples/inventory/deepseek-chat_exponential_L6_c1_5_50_plain_processed_scipy_15_default_m2_4_r3/prompt_for_code/m2_20251218_100349.txt,"mean = 13046.80, std=2313.26, range=(9054.76, 19414.06)"
f71298c047d500f5d70fd328bab7c4dce4298a9a938b48e46fd1f2d32cddbf86,f71298c047d5,policies/f71298c047d5.py,policies_by_distribution/poisson_L2_c1_5/poisson_L2_c1_5__f71298c047d5.py,poisson_L2_c1_5,25,1,0.000000,1116.62,1116.62,examples/inventory/deepseek-chat_poisson_L2_c1_5_50_plain_processed_scipy_15_default_m2_4_r2/prompt_for_code/m2_20251218_032717.txt,"mean = 1116.62, std=168.71, range=(797.00, 1469.00)"
f7f55a278f679f59532f64494c5d8978dce6579f5c1fe9fd68b81e82fc61eaeb,f7f55a278f67,policies/f7f55a278f67.py,policies_by_distribution/exponential_L6_c1_2/exponential_L6_c1_2__f7f55a278f67.py,exponential_L6_c1_2,29,2,0.000000,6002.04,6002.04,examples/inventory/deepseek-chat_exponential_L6_c1_2_50_plain_processed_scipy_15_default_m2_4_r2/prompt_for_code/m2_20251218_054933.txt,"mean = 6002.04, std=1130.11, range=(3869.00, 9412.00)"
f7f621ab6c64718e89ef29907b3978ba5c3e1a6e5612d47fbd0a98068d5ac9c1,f7f621ab6c64,policies/f7f621ab6c64.py,policies_by_distribution/normal_std10_L4_c1_2/normal_std10_L4_c1_2__f7f621ab6c64.py,normal_std10_L4_c1_2,14,1,0.071283,757.54,757.0,examples/inventory/deepseek-chat_normal_std10_L4_c1_2_50_plain_processed_scipy_15_default_m2_2_r8/prompt_for_code/m2_20260130_103031.txt,"mean = 757.00, std=136.96, range=(473.00, 1185.00)"
f811b3eb4b62b6edafcb62edebbd15a57f902460f9349d87da5ac31a30ba4e7e,f811b3eb4b62,policies/f811b3eb4b62.py,policies_by_distribution/poisson_L2_c1_5/poisson_L2_c1_5__f811b3eb4b62.py,poisson_L2_c1_5,25,1,0.000000,1333.36,1333.36,examples/inventory/deepseek-chat_poisson_L2_c1_5_50_plain_processed_scipy_15_default_m2_4_r1/prompt_for_code/m2_20251217_231733.txt,"mean = 1333.36, std=177.53, range=(953.00, 1777.00)"
f83adfa42c7027fb80be3bbc41e20d7b992d6f5f428fee9ea4f4011ae04f2dbd,f83adfa42c70,policies/f83adfa42c70.py,policies_by_distribution/normal_std50_L6_c1_2/normal_std50_L6_c1_2__f83adfa42c70.py,normal_std50_L6_c1_2,9,2,0.009227,4118.16,4118.54,examples/inventory/deepseek-chat_normal_std50_L6_c1_2_50_plain_processed_scipy_15_default_m2_4_r1/prompt_for_code/m2_20251216_231616.txt,"mean = 4118.54, std=642.37, range=(3084.00, 6552.00)"
f85504a265dd0ac4ea2cefca3180e4f89b919d9d57b6dfc85c158b90e8bdbe97,f85504a265dd,policies/f85504a265dd.py,policies_by_distribution/exponential_L2_c1_2/exponential_L2_c1_2__f85504a265dd.py,exponential_L2_c1_2,9,1,0.000000,6025.24,6025.24,examples/inventory/deepseek-chat_exponential_L2_c1_2_50_plain_processed_scipy_15_default_m2_4_r3/prompt_for_code/m2_20251218_064327.txt,"mean = 6025.24, std=1078.82, range=(4481.00, 8844.00)"
f8726967be9a9c30090bf11b663b5b922c9bb29cfad94f4f7a4230a89fa2e0d6,f8726967be9a,policies/f8726967be9a.py,policies_by_distribution/poisson_L2_c1_5/poisson_L2_c1_5__f8726967be9a.py,poisson_L2_c1_5,14,1,0.000000,1136.41,1136.41,examples/inventory/deepseek-chat_poisson_L2_c1_5_50_plain_processed_scipy_15_default_m2_4_r1/prompt_for_code/m2_20251217_233704.txt,"mean = 1136.41, std=167.38, range=(732.39, 1512.56)"
f88641bf09fa07c716ac498e579debaa09c9eca6429e1b583d9fc4dbab029955,f88641bf09fa,policies/f88641bf09fa.py,policies_by_distribution/poisson_L6_c1_5/poisson_L6_c1_5__f88641bf09fa.py,poisson_L6_c1_5,4,2,0.124118,3061.61,3065.41,examples/inventory/deepseek-chat_poisson_L6_c1_5_50_plain_processed_scipy_15_default_m2_4_r3/prompt_for_code/m2_20251218_095133.txt,"mean = 3065.41, std=250.66, range=(2557.99, 3773.99)"
f8b5db78ca66e6649d6af31f70d82846730b9c024ac5fc65bf6868001cda7aad,f8b5db78ca66,policies/f8b5db78ca66.py,policies_by_distribution/poisson_L4_c1_5/poisson_L4_c1_5__f8b5db78ca66.py,poisson_L4_c1_5,1,1,0.004847,2475.58,2475.46,examples/inventory/deepseek-chat_poisson_L4_c1_5_50_plain_processed_scipy_15_default_m2_4_r3/prompt_for_code/m2_20251218_081818.txt,"mean = 2475.46, std=220.11, range=(1979.00, 3041.00)"
f8e5a1026402e2112342ef849df1550ba1ecd5ae9918d399ad37de445c877923,f8e5a1026402,policies/f8e5a1026402.py,policies_by_distribution/exponential_L6_c1_2/exponential_L6_c1_2__f8e5a1026402.py,exponential_L6_c1_2,9,1,0.000000,6120.39,6120.39,examples/inventory/deepseek-chat_exponential_L6_c1_2_50_plain_processed_scipy_15_default_m2_4_r2/prompt_for_code/m2_20251218_053206.txt,"mean = 6120.39, std=1064.77, range=(4137.63, 9608.95)"
f8ebd33d1f2a200dba5c4b0872965690b2f3ac7e25efa7cbf10044c37eb9adc0,f8ebd33d1f2a,policies/f8ebd33d1f2a.py,policies_by_distribution/exponential_L2_c1_5/exponential_L2_c1_5__f8ebd33d1f2a.py,exponential_L2_c1_5,52,1,0.000000,10174.28,10174.28,examples/inventory/deepseek-chat_exponential_L2_c1_5_50_plain_processed_scipy_15_default_m2_4_r2/prompt_for_code/m2_20251218_033257.txt,"mean = 10174.28, std=1784.97, range=(6893.00, 15190.00)"
f8f318a2fc53fc254998f9bf45f3114987d51f78ac49c9fe6e7d05a6efb36484,f8f318a2fc53,policies/f8f318a2fc53.py,policies_by_distribution/exponential_L6_c1_5/exponential_L6_c1_5__f8f318a2fc53.py,exponential_L6_c1_5,32,1,0.006826,11133.82,11133.06,examples/inventory/deepseek-chat_exponential_L6_c1_5_50_plain_processed_scipy_15_default_m2_4_r2/prompt_for_code/m2_20251218_062732.txt,"mean = 11133.06, std=2613.76, range=(5729.59, 16828.53)"
f92a804a1fc0dbd49307c1f062956ea4755d25c67081a56e2d3f27c4140a09b1,f92a804a1fc0,policies/f92a804a1fc0.py,policies_by_distribution/poisson_L6_c1_2/poisson_L6_c1_2__f92a804a1fc0.py,poisson_L6_c1_2,36,1,0.000000,1327.86,1327.86,examples/inventory/deepseek-chat_poisson_L6_c1_2_50_plain_processed_scipy_15_default_m2_4_r1/prompt_for_code/m2_20251218_011415.txt,"mean = 1327.86, std=159.09, range=(1012.00, 1915.00)"
f983c823c39c988078b901a6fe355058b151ee71931a949c3334901594b9e82c,f983c823c39c,policies/f983c823c39c.py,policies_by_distribution/poisson_L6_c1_2/poisson_L6_c1_2__f983c823c39c.py,poisson_L6_c1_2,5,1,0.516910,1590.22,1582.0,examples/inventory/deepseek-chat_poisson_L6_c1_2_50_plain_processed_scipy_15_default_m2_4_r1/prompt_for_code/m2_20251224_054105.txt,"mean = 1582.00, std=171.37, range=(1196.11, 2013.72)"
f9c47ddbf97f6af54f59e51027192afea25cbb125ad8cdc705863ab26b1450ea,f9c47ddbf97f,policies/f9c47ddbf97f.py,policies_by_distribution/normal_std10_L6_c1_2/normal_std10_L6_c1_2__f9c47ddbf97f.py,normal_std10_L6_c1_2,34,1,0.000000,2753.61,2753.61,examples/inventory/deepseek-chat_normal_std10_L6_c1_2_50_plain_processed_scipy_15_default_m2_2_r7/prompt_for_code/m2_20260129_062209.txt,"mean = 2753.61, std=123.95, range=(2454.14, 2990.97)"
fa068eda4ef91936da919b6b216724ec52c2d57ad8ea6b335db8e9dc1717452f,fa068eda4ef9,policies/fa068eda4ef9.py,policies_by_distribution/normal_std50_L6_c1_5/normal_std50_L6_c1_5__fa068eda4ef9.py,normal_std50_L6_c1_5,63,1,0.000000,6858.28,6858.28,examples/inventory/deepseek-chat_normal_std50_L6_c1_5_50_plain_processed_scipy_15_default_m2_2_r7/prompt_for_code/m2_20260129_090514.txt,"mean = 6858.28, std=1123.47, range=(5112.00, 10272.00)"
fa49de62c40afb22cf32b756e7baada78ebfadd4db9648b5c7cbdcbd49958f9f,fa49de62c40a,policies/fa49de62c40a.py,policies_by_distribution/exponential_L2_c1_2/exponential_L2_c1_2__fa49de62c40a.py,exponential_L2_c1_2,9,1,0.000000,5881.36,5881.36,examples/inventory/deepseek-chat_exponential_L2_c1_2_50_plain_processed_scipy_15_default_m2_4_r2/prompt_for_code/m2_20251218_030417.txt,"mean = 5881.36, std=979.21, range=(4361.00, 8493.00)"
fa4ae61761b951585e888027ff18dd330cfb3c0a5ee9bace2084d596c70f506b,fa4ae61761b9,policies/fa4ae61761b9.py,policies_by_distribution/normal_std30_L4_c1_5/normal_std30_L4_c1_5__fa4ae61761b9.py,normal_std30_L4_c1_5,29,1,0.013795,3914.32,3914.86,examples/inventory/deepseek-chat_normal_std30_L4_c1_5_50_plain_processed_scipy_15_default_m2_2_r8/prompt_for_code/m2_20260128_105913.txt,"mean = 3914.86, std=807.91, range=(2344.62, 6067.18)"
fa59558b440ba7b1f58b9e88ba3f39d73183e3db7fad78306598697c72692a8f,fa59558b440b,policies/fa59558b440b.py,policies_by_distribution/exponential_L4_c1_2/exponential_L4_c1_2__fa59558b440b.py,exponential_L4_c1_2,22,1,0.001960,6123.56,6123.68,examples/inventory/deepseek-chat_exponential_L4_c1_2_50_plain_processed_scipy_15_default_m2_4_r1/prompt_for_code/m2_20251218_001441.txt,"mean = 6123.68, std=1259.30, range=(4175.00, 11609.00)"
fa6e0b911ba2fd9b8352314be1febd9e1f578d78ee06482da89fb62fa5bd568e,fa6e0b911ba2,policies/fa6e0b911ba2.py,policies_by_distribution/normal_std50_L6_c1_2/normal_std50_L6_c1_2__fa6e0b911ba2.py,normal_std50_L6_c1_2,3,1,0.055301,4412.22,4414.66,examples/inventory/deepseek-chat_normal_std50_L6_c1_2_50_plain_processed_scipy_15_default_m2_4_r1/prompt_for_code/m2_20251216_230649.txt,"mean = 4414.66, std=583.46, range=(3360.00, 6060.00)"
fa8c64f1ba311ee2fd7cd3061253da39cc960bf8391661dc6b3d184b982fc1a1,fa8c64f1ba31,policies/fa8c64f1ba31.py,policies_by_distribution/poisson_L6_c1_2/poisson_L6_c1_2__fa8c64f1ba31.py,poisson_L6_c1_2,2,1,0.466378,2890.36,2876.88,examples/inventory/deepseek-chat_poisson_L6_c1_2_50_plain_processed_scipy_15_default_m2_4_r1/prompt_for_code/m2_20251222_021748.txt,"mean = 2876.88, std=117.64, range=(2617.00, 3081.01)"
faa3dabbb3ea0ad7290f944477ebcfe38cd99bc1f91dba36b6b263e5d72c6c4e,faa3dabbb3ea,policies/faa3dabbb3ea.py,policies_by_distribution/normal_std10_L2_c1_5/normal_std10_L2_c1_5__faa3dabbb3ea.py,normal_std10_L2_c1_5,21,1,0.000000,1190.92,1190.92,examples/inventory/deepseek-chat_normal_std10_L2_c1_5_50_plain_processed_scipy_15_default_m2_2_r6/prompt_for_code/m2_20260129_002202.txt,"mean = 1190.92, std=164.01, range=(907.00, 1549.00)"
faa9f7a1d499f05641214ac4f4d4a3124b009ecef03371546ef749a62f5fe851,faa9f7a1d499,policies/faa9f7a1d499.py,policies_by_distribution/normal_std50_L6_c1_2/normal_std50_L6_c1_2__faa9f7a1d499.py,normal_std50_L6_c1_2,2,1,0.009013,3883.31,3883.66,examples/inventory/deepseek-chat_normal_std50_L6_c1_2_50_plain_processed_scipy_15_default_m2_4_r1/prompt_for_code/m2_20251217_000356.txt,"mean = 3883.66, std=901.29, range=(2426.00, 8565.00)"
fac3a988199e2862ece61bc00c5f10dd31bdfac5c8e938c72f62a3f30ec1e515,fac3a988199e,policies/fac3a988199e.py,policies_by_distribution/poisson_L6_c1_2/poisson_L6_c1_2__fac3a988199e.py,poisson_L6_c1_2,20,1,0.049257,1218.1,1218.7,examples/inventory/deepseek-chat_poisson_L6_c1_2_50_plain_processed_scipy_15_default_m2_4_r1/prompt_for_code/m2_20251218_012635.txt,"mean = 1218.70, std=118.06, range=(983.00, 1459.00)"
fae1e48a13e611ed7cda294327741990129f19575b5e6cd0f9676c4a9a35b979,fae1e48a13e6,policies/fae1e48a13e6.py,policies_by_distribution/exponential_L2_c1_2/exponential_L2_c1_2__fae1e48a13e6.py,exponential_L2_c1_2,1,1,0.000000,5893.96,5893.96,examples/inventory/deepseek-chat_exponential_L2_c1_2_50_plain_processed_scipy_15_default_m2_4_r2/prompt_for_code/m2_20251218_030352.txt,"mean = 5893.96, std=932.45, range=(4320.00, 8378.00)"
fae8ea0027e8e130bf0418700e9f3fa80f859f4dbfa6d9ed427c24d56b950442,fae8ea0027e8,policies/fae8ea0027e8.py,policies_by_distribution/normal_std10_L2_c1_5/normal_std10_L2_c1_5__fae8ea0027e8.py,normal_std10_L2_c1_5,30,1,0.000000,1198.44,1198.44,examples/inventory/deepseek-chat_normal_std10_L2_c1_5_50_plain_processed_scipy_15_default_m2_2_r6/prompt_for_code/m2_20260129_000439.txt,"mean = 1198.44, std=157.11, range=(931.00, 1483.00)"
fb14c4eedf6fc8eb66a95c555b4b8d6e8cd5ac4d9f86b9631a7472e156e20a60,fb14c4eedf6f,policies/fb14c4eedf6f.py,policies_by_distribution/normal_std10_L4_c1_2/normal_std10_L4_c1_2__fb14c4eedf6f.py,normal_std10_L4_c1_2,14,1,0.053662,745.4,745.8,examples/inventory/deepseek-chat_normal_std10_L4_c1_2_50_plain_processed_scipy_15_default_m2_2_r8/prompt_for_code/m2_20260130_101725.txt,"mean = 745.80, std=129.87, range=(507.06, 1186.11)"
fb15082b0424de78481b58dc131f7fc2dd28244f645ee93f5def7d1f15aa83df,fb15082b0424,policies/fb15082b0424.py,policies_by_distribution/exponential_L4_c1_5/exponential_L4_c1_5__fb15082b0424.py,exponential_L4_c1_5,7,1,0.000000,12299.44,12299.44,examples/inventory/deepseek-chat_exponential_L4_c1_5_50_plain_processed_scipy_15_default_m2_4_r2/prompt_for_code/m2_20251218_043507.txt,"mean = 12299.44, std=2002.00, range=(9168.00, 16476.00)"
fb2e85ccf55ec8d8570ccfe30e895c86d2fcef8b4ecc7ea4a281db834a26444c,fb2e85ccf55e,policies/fb2e85ccf55e.py,policies_by_distribution/normal_std50_L6_c1_2/normal_std50_L6_c1_2__fb2e85ccf55e.py,normal_std50_L6_c1_2,4,1,0.057944,4349.02,4351.54,examples/inventory/deepseek-chat_normal_std50_L6_c1_2_50_plain_processed_scipy_15_default_m2_4_r3/prompt_for_code/m2_20251217_014004.txt,"mean = 4351.54, std=651.77, range=(3209.00, 6760.00)"
fb413b8ef3f9094fadc39c6c8b967538d9c66d7aa448e795f3053e9d7d43daae,fb413b8ef3f9,policies/fb413b8ef3f9.py,policies_by_distribution/poisson_L6_c1_2/poisson_L6_c1_2__fb413b8ef3f9.py,poisson_L6_c1_2,11,1,0.000000,1170.32,1170.32,examples/inventory/deepseek-chat_poisson_L6_c1_2_50_plain_processed_scipy_15_default_m2_2_r8/prompt_for_code/m2_20260129_000111.txt,"mean = 1170.32, std=140.89, range=(818.18, 1477.97)"
fb4237be563234ea3db555fe0be193801f1601f52045907d6cd6c5b75ada0182,fb4237be5632,policies/fb4237be5632.py,policies_by_distribution/poisson_L6_c1_2/poisson_L6_c1_2__fb4237be5632.py,poisson_L6_c1_2,3,1,0.009621,2494.5,2494.26,examples/inventory/deepseek-chat_poisson_L6_c1_2_50_plain_processed_scipy_15_default_m2_4_r1/prompt_for_code/m2_20251222_014514.txt,"mean = 2494.26, std=138.81, range=(2161.46, 2768.47)"
fb466867aadec4a448794ce62d1bc7570f7a4087d9e59b0ae41844af221e40a9,fb466867aade,policies/fb466867aade.py,policies_by_distribution/exponential_L2_c1_5/exponential_L2_c1_5__fb466867aade.py,exponential_L2_c1_5,26,1,0.007014,10550.8,10550.06,examples/inventory/deepseek-chat_exponential_L2_c1_5_50_plain_processed_scipy_15_default_m2_4_r3/prompt_for_code/m2_20251218_072518.txt,"mean = 10550.06, std=1859.47, range=(7430.00, 15691.00)"
fbc2b3ef85c44759dd66b18347850aa01542be9b56f7f209842433f52e352424,fbc2b3ef85c4,policies/fbc2b3ef85c4.py,policies_by_distribution/normal_std10_L4_c1_2/normal_std10_L4_c1_2__fbc2b3ef85c4.py,normal_std10_L4_c1_2,36,1,0.364795,778.52,781.36,examples/inventory/deepseek-chat_normal_std10_L4_c1_2_50_plain_processed_scipy_15_default_m2_2_r6/prompt_for_code/m2_20260130_002647.txt,"mean = 781.36, std=153.40, range=(483.00, 1289.00)"
fbc53e911ccf804e3dfe8bb9ea9269ccb726c6618d04c463d045e078f9fb362d,fbc53e911ccf,policies/fbc53e911ccf.py,policies_by_distribution/normal_std10_L6_c1_5/normal_std10_L6_c1_5__fbc53e911ccf.py,normal_std10_L6_c1_5,22,1,0.000000,3114.85,3114.85,examples/inventory/deepseek-chat_normal_std10_L6_c1_5_50_plain_processed_scipy_15_default_m2_2_r6/prompt_for_code/m2_20260129_005858.txt,"mean = 3114.85, std=222.20, range=(2625.94, 3813.58)"
fbddd5ab1a8b8460154bb4052d11e081c3a2928fdc0795923528ce09fca8144b,fbddd5ab1a8b,policies/fbddd5ab1a8b.py,policies_by_distribution/exponential_L4_c1_5/exponential_L4_c1_5__fbddd5ab1a8b.py,exponential_L4_c1_5,5,1,0.000000,10958.63,10958.63,examples/inventory/deepseek-chat_exponential_L4_c1_5_50_plain_processed_scipy_15_default_m2_4_r2/prompt_for_code/m2_20251218_050954.txt,"mean = 10958.63, std=2008.32, range=(7084.08, 15560.35)"
fbeecbaee45e0248650c47a7c6a16cd9f8a692d9adb1e029fc6b1828fc47d6b6,fbeecbaee45e,policies/fbeecbaee45e.py,policies_by_distribution/exponential_L2_c1_2/exponential_L2_c1_2__fbeecbaee45e.py,exponential_L2_c1_2,10,1,0.007950,6289.26,6288.76,examples/inventory/deepseek-chat_exponential_L2_c1_2_50_plain_processed_scipy_15_default_m2_4_r4/prompt_for_code/m2_20251218_103923.txt,"mean = 6288.76, std=1025.68, range=(4775.99, 8619.04)"
fbfedb63b50d4c74af83fca0a7492293a4e03ca30aa4853f5d3a46c307ffbd9a,fbfedb63b50d,policies/fbfedb63b50d.py,policies_by_distribution/exponential_L6_c1_5/exponential_L6_c1_5__fbfedb63b50d.py,exponential_L6_c1_5,17,1,0.001902,11567.96,11568.18,examples/inventory/deepseek-chat_exponential_L6_c1_5_50_plain_processed_scipy_15_default_m2_4_r3/prompt_for_code/m2_20251218_103354.txt,"mean = 11568.18, std=2863.17, range=(5984.00, 19064.00)"
fc003338f721b577da82d2a134d8b992e37ccda7921c9023ac6ed03bde5d4f33,fc003338f721,policies/fc003338f721.py,policies_by_distribution/exponential_L4_c1_5/exponential_L4_c1_5__fc003338f721.py,exponential_L4_c1_5,52,1,0.000000,12085.92,12085.92,examples/inventory/deepseek-chat_exponential_L4_c1_5_50_plain_processed_scipy_15_default_m2_4_r3/prompt_for_code/m2_20251218_083521.txt,"mean = 12085.92, std=2236.06, range=(7334.00, 16498.00)"
fc0b5abb48ad19fe78014ccce62d1ebf5d716b4a6f85c76cfbcb1a44be74b3a2,fc0b5abb48ad,policies/fc0b5abb48ad.py,policies_by_distribution/poisson_L2_c1_5/poisson_L2_c1_5__fc0b5abb48ad.py,poisson_L2_c1_5,2,1,0.000000,3768.46,3768.46,examples/inventory/deepseek-chat_poisson_L2_c1_5_50_plain_processed_scipy_15_default_m2_4_r3/prompt_for_code/m2_20251218_065522.txt,"mean = 3768.46, std=380.50, range=(2992.00, 4818.00)"
fc9a5fd0827f04f0b7364dd046e1968e84e07186d35145c154a04936138c8ebd,fc9a5fd0827f,policies/fc9a5fd0827f.py,policies_by_distribution/exponential_L6_c1_5/exponential_L6_c1_5__fc9a5fd0827f.py,exponential_L6_c1_5,2,1,0.022832,11387.46,11384.86,examples/inventory/deepseek-chat_exponential_L6_c1_5_50_plain_processed_scipy_15_default_m2_4_r1/prompt_for_code/m2_20251218_021045.txt,"mean = 11384.86, std=2286.51, range=(6958.93, 16457.12)"
fd0ec04ae736b255a1f4b88b2e47a1d72886be34bf80f734b495113fc0004513,fd0ec04ae736,policies/fd0ec04ae736.py,policies_by_distribution/exponential_L4_c1_5/exponential_L4_c1_5__fd0ec04ae736.py,exponential_L4_c1_5,13,1,0.000000,11031.43,11031.43,examples/inventory/deepseek-chat_exponential_L4_c1_5_50_plain_processed_scipy_15_default_m2_4_r2/prompt_for_code/m2_20251218_045029.txt,"mean = 11031.43, std=2125.25, range=(7047.59, 16434.21)"
fd152b3b61aa799fd2acec955a454f725a3f0a52bbab973c6aadf3f24ffe4ed4,fd152b3b61aa,policies/fd152b3b61aa.py,policies_by_distribution/poisson_L4_c1_2/poisson_L4_c1_2__fd152b3b61aa.py,poisson_L4_c1_2,2,1,0.237072,809.88,807.96,examples/inventory/deepseek-chat_poisson_L4_c1_2_50_plain_processed_scipy_15_default_m2_2_r7/prompt_for_code/m2_20260130_080244.txt,"mean = 807.96, std=107.86, range=(552.58, 1049.45)"
fd24475e36aeee0470ff476b75acb4f9ce9175ba6a3133e02e6dc05fc0630583,fd24475e36ae,policies/fd24475e36ae.py,policies_by_distribution/normal_std50_L6_c1_2/normal_std50_L6_c1_2__fd24475e36ae.py,normal_std50_L6_c1_2,4,1,0.000000,4345.32,4345.32,examples/inventory/deepseek-chat_normal_std50_L6_c1_2_50_plain_processed_scipy_15_default_m2_2_r7/prompt_for_code/m2_20260128_173912.txt,"mean = 4345.32, std=620.77, range=(3009.41, 5895.59)"
fd412557c8bf3d362e36477a2322ca83f4382d3fc89894950e0613832e88032b,fd412557c8bf,policies/fd412557c8bf.py,policies_by_distribution/normal_std50_L6_c1_2/normal_std50_L6_c1_2__fd412557c8bf.py,normal_std50_L6_c1_2,3,1,0.058301,5077.08,5080.04,examples/inventory/deepseek-chat_normal_std50_L6_c1_2_50_plain_processed_scipy_15_default_m2_4_r3/prompt_for_code/m2_20251217_011715.txt,"mean = 5080.04, std=582.75, range=(3816.00, 6406.00)"
fd818cecaaca7ccd4241321c5cf7d62314f3cf58b3f522a5b079631e76f4c790,fd818cecaaca,policies/fd818cecaaca.py,policies_by_distribution/exponential_L6_c1_2/exponential_L6_c1_2__fd818cecaaca.py,exponential_L6_c1_2,12,1,0.009559,6067.54,6068.12,examples/inventory/deepseek-chat_exponential_L6_c1_2_50_plain_processed_scipy_15_default_m2_4_r3/prompt_for_code/m2_20251218_094645.txt,"mean = 6068.12, std=1057.35, range=(4124.00, 9589.00)"
fd87533d1d808ebabd6b681e4474dce32a5fb00b8259b6c92f4a141a15b42ebf,fd87533d1d80,policies/fd87533d1d80.py,policies_by_distribution/poisson_L6_c1_5/poisson_L6_c1_5__fd87533d1d80.py,poisson_L6_c1_5,1,1,0.281621,1960.08,1954.56,examples/inventory/deepseek-chat_poisson_L6_c1_5_50_plain_processed_scipy_15_default_m2_4_r1/prompt_for_code/m2_20251218_015408.txt,"mean = 1954.56, std=249.93, range=(1415.20, 2631.20)"
fd8bbb3a5859d553a171c4adb01d71fa05721269b9ebf6e4fc3df4b80738efa3,fd8bbb3a5859,policies/fd8bbb3a5859.py,policies_by_distribution/poisson_L4_c1_2/poisson_L4_c1_2__fd8bbb3a5859.py,poisson_L4_c1_2,8,1,0.111321,826.44,827.36,examples/inventory/deepseek-chat_poisson_L4_c1_2_50_plain_processed_scipy_15_default_m2_4_r3/prompt_for_code/m2_20251218_080329.txt,"mean = 827.36, std=98.56, range=(558.00, 1075.00)"
fe077f1888df16f408ce412dc6cdc1391ba0331d0ddebb31e0e0c1366bfe162e,fe077f1888df,policies/fe077f1888df.py,policies_by_distribution/poisson_L4_c1_2/poisson_L4_c1_2__fe077f1888df.py,poisson_L4_c1_2,36,1,0.009494,737.27,737.2,examples/inventory/deepseek-chat_poisson_L4_c1_2_50_plain_processed_scipy_15_default_m2_2_r6/prompt_for_code/m2_20260130_034319.txt,"mean = 737.20, std=106.63, range=(502.92, 979.44)"
fe2902f882b5a2ea9f6aacc4a62b73192c51edd17c7317182a7d9de607170cfc,fe2902f882b5,policies/fe2902f882b5.py,policies_by_distribution/poisson_L4_c1_5/poisson_L4_c1_5__fe2902f882b5.py,poisson_L4_c1_5,11,1,0.000000,1230.15,1230.15,examples/inventory/deepseek-chat_poisson_L4_c1_5_50_plain_processed_scipy_15_default_m2_2_r7/prompt_for_code/m2_20260128_192228.txt,"mean = 1230.15, std=217.19, range=(723.31, 1826.40)"
fe33d8df415b1a0a33b9bd9e20a007b9028c4329152bbe853231c6ac2f69f10a,fe33d8df415b,policies/fe33d8df415b.py,policies_by_distribution/poisson_L6_c1_5/poisson_L6_c1_5__fe33d8df415b.py,poisson_L6_c1_5,3,1,0.721800,1420.06,1409.81,examples/inventory/deepseek-chat_poisson_L6_c1_5_50_plain_processed_scipy_15_default_m2_4_r1/prompt_for_code/m2_20251218_020508.txt,"mean = 1409.81, std=434.30, range=(791.00, 2680.17)"
fea90b2849fc739c9090bd7305abe526c9ab47bd9631c0fb5e3244e6c1cbd4c7,fea90b2849fc,policies/fea90b2849fc.py,policies_by_distribution/normal_std30_L6_c1_5/normal_std30_L6_c1_5__fea90b2849fc.py,normal_std30_L6_c1_5,12,1,0.001845,3794.39,3794.32,examples/inventory/deepseek-chat_normal_std30_L6_c1_5_50_plain_processed_scipy_15_default_m2_2_r7/prompt_for_code/m2_20260128_064742.txt,"mean = 3794.32, std=681.75, range=(2803.00, 6064.00)"
fecb7b0976fa93afe95fd672d74bcfee901e51613cadb6fb666de7ae25b0afbb,fecb7b0976fa,policies/fecb7b0976fa.py,policies_by_distribution/exponential_L6_c1_2/exponential_L6_c1_2__fecb7b0976fa.py,exponential_L6_c1_2,6,1,0.000000,6287.7,6287.7,examples/inventory/deepseek-chat_exponential_L6_c1_2_50_plain_processed_scipy_15_default_m2_4_r2/prompt_for_code/m2_20251218_052752.txt,"mean = 6287.70, std=1072.84, range=(4096.57, 9590.12)"
feeb13bc74572ba5e4a75ae43a2369ca6a68863312861e222620bef74ec7cc01,feeb13bc7457,policies/feeb13bc7457.py,policies_by_distribution/poisson_L2_c1_2/poisson_L2_c1_2__feeb13bc7457.py,poisson_L2_c1_2,2,1,0.021431,1119.86,1119.62,examples/inventory/deepseek-chat_poisson_L2_c1_2_50_plain_processed_scipy_15_default_m2_4_r4/prompt_for_code/m2_20251218_100135.txt,"mean = 1119.62, std=80.14, range=(959.00, 1309.00)"
fef5ed5bb770a26e9cdff9cca44b2a8fe034a7b2973bd7a9427cbf37048c555d,fef5ed5bb770,policies/fef5ed5bb770.py,policies_by_distribution/exponential_L2_c1_2/exponential_L2_c1_2__fef5ed5bb770.py,exponential_L2_c1_2,23,1,0.000673,5943.46,5943.42,examples/inventory/deepseek-chat_exponential_L2_c1_2_50_plain_processed_scipy_15_default_m2_4_r4/prompt_for_code/m2_20251218_104923.txt,"mean = 5943.42, std=972.48, range=(4323.00, 8512.00)"
ff7f0f1e2a01d3dba67ad3ac03758fb14c5e89bbd69a3a53267353878f5aa75d,ff7f0f1e2a01,policies/ff7f0f1e2a01.py,policies_by_distribution/poisson_L6_c1_2/poisson_L6_c1_2__ff7f0f1e2a01.py,poisson_L6_c1_2,6,1,0.000000,773.45,773.45,examples/inventory/deepseek-chat_poisson_L6_c1_2_50_plain_processed_scipy_15_default_m2_2_r8/prompt_for_code/m2_20260129_000718.txt,"mean = 773.45, std=125.06, range=(464.11, 1236.34)"
ffa5072b67339df064f56202a60a5e10e86776d25785dad84588008f1ab54ca6,ffa5072b6733,policies/ffa5072b6733.py,policies_by_distribution/exponential_L6_c1_2/exponential_L6_c1_2__ffa5072b6733.py,exponential_L6_c1_2,17,1,0.000000,6038.36,6038.36,examples/inventory/deepseek-chat_exponential_L6_c1_2_50_plain_processed_scipy_15_default_m2_2_r6/prompt_for_code/m2_20260129_034456.txt,"mean = 6038.36, std=1192.73, range=(3937.70, 9563.53)"
ffe9fbeb1abc341aebbc75bd35c991a2e71049c531c33f9e74b057c8d39d0c87,ffe9fbeb1abc,policies/ffe9fbeb1abc.py,policies_by_distribution/normal_std10_L4_c1_2/normal_std10_L4_c1_2__ffe9fbeb1abc.py,normal_std10_L4_c1_2,11,1,0.236707,1077.28,1074.73,examples/inventory/deepseek-chat_normal_std10_L4_c1_2_50_plain_processed_scipy_15_default_m2_2_r7/prompt_for_code/m2_20260130_054821.txt,"mean = 1074.73, std=158.19, range=(849.18, 1778.41)"
