csv_row,dist,n_pop,column,target_performance,matched
2,exponential_L2_c1_2,1,repeat_1.9,6981.9,0
2,exponential_L2_c1_2,1,repeat_3.8,6536.76,0
2,exponential_L2_c1_2,1,repeat_3.9,6819.42,0
4,exponential_L2_c1_2,2,repeat_9.9,8265.56,0
22,exponential_L2_c1_5,1,repeat_1.7,12955.62,0
22,exponential_L2_c1_5,1,repeat_1.8,14664.52,0
22,exponential_L2_c1_5,1,repeat_1.9,21715.59,0
22,exponential_L2_c1_5,1,repeat_7.9,13653.91,0
42,exponential_L4_c1_2,1,repeat_3.8,9924.44,0
42,exponential_L4_c1_2,1,repeat_5.9,9529.0,0
42,exponential_L4_c1_2,1,repeat_6.8,7184.48,0
42,exponential_L4_c1_2,1,repeat_6.9,7660.22,0
42,exponential_L4_c1_2,1,repeat_7.9,7383.17,0
42,exponential_L4_c1_2,1,repeat_9.9,7591.42,0
44,exponential_L4_c1_2,2,repeat_7.9,7383.17,0
44,exponential_L4_c1_2,2,repeat_10.7,7196.99,0
44,exponential_L4_c1_2,2,repeat_10.8,8035.26,0
44,exponential_L4_c1_2,2,repeat_10.9,8080.58,0
46,exponential_L4_c1_2,3,repeat_7.9,7383.17,0
48,exponential_L4_c1_2,4,repeat_7.9,7383.17,0
62,exponential_L4_c1_5,1,repeat_1.8,13047.16,0
62,exponential_L4_c1_5,1,repeat_1.9,13754.67,0
62,exponential_L4_c1_5,1,repeat_2.7,20511.9,0
62,exponential_L4_c1_5,1,repeat_3.7,13040.3,0
62,exponential_L4_c1_5,1,repeat_5.7,15601.11,0
62,exponential_L4_c1_5,1,repeat_5.8,36845.23,0
62,exponential_L4_c1_5,1,repeat_6.8,12806.5,0
62,exponential_L4_c1_5,1,repeat_6.9,13544.5,0
62,exponential_L4_c1_5,1,repeat_8.6,13782.58,0
62,exponential_L4_c1_5,1,repeat_8.7,14409.76,0
62,exponential_L4_c1_5,1,repeat_8.8,15610.07,0
62,exponential_L4_c1_5,1,repeat_10.8,12902.5,0
62,exponential_L4_c1_5,1,repeat_10.9,13280.73,0
64,exponential_L4_c1_5,2,repeat_10.8,12902.5,0
64,exponential_L4_c1_5,2,repeat_10.9,13280.73,0
66,exponential_L4_c1_5,3,repeat_10.8,12902.5,0
66,exponential_L4_c1_5,3,repeat_10.9,13280.73,0
72,exponential_L4_c1_5,6,repeat_9.5,11726.93,0
74,exponential_L4_c1_5,7,repeat_9.5,11726.93,0
76,exponential_L4_c1_5,8,repeat_9.7,11726.93,0
78,exponential_L4_c1_5,9,repeat_9.7,11726.93,0
80,exponential_L4_c1_5,10,repeat_9.7,11726.93,0
82,exponential_L6_c1_2,1,repeat_3.9,8425.84,0
82,exponential_L6_c1_2,1,repeat_4.7,7677.41,0
82,exponential_L6_c1_2,1,repeat_5.9,7521.56,0
82,exponential_L6_c1_2,1,repeat_8.9,7463.62,0
102,exponential_L6_c1_5,1,repeat_1.5,13395.2,0
102,exponential_L6_c1_5,1,repeat_1.8,14553.14,0
102,exponential_L6_c1_5,1,repeat_1.9,15474.22,0
102,exponential_L6_c1_5,1,repeat_2.8,13475.5,0
102,exponential_L6_c1_5,1,repeat_3.5,13514.58,0
102,exponential_L6_c1_5,1,repeat_5.9,33722.46,0
102,exponential_L6_c1_5,1,repeat_6.8,13357.32,0
102,exponential_L6_c1_5,1,repeat_6.9,15743.32,0
102,exponential_L6_c1_5,1,repeat_7.8,24536.1,0
102,exponential_L6_c1_5,1,repeat_9.7,15712.2,0
102,exponential_L6_c1_5,1,repeat_9.8,25730.49,0
102,exponential_L6_c1_5,1,repeat_10.7,13395.58,0
102,exponential_L6_c1_5,1,repeat_10.8,13493.62,0
104,exponential_L6_c1_5,2,repeat_1.8,13395.2,0
104,exponential_L6_c1_5,2,repeat_1.9,13519.56,0
122,normal_std10_L2_c1_2,1,repeat_1,946.42,0
122,normal_std10_L2_c1_2,1,repeat_1.5,1050.78,0
122,normal_std10_L2_c1_2,1,repeat_1.6,1060.7,0
122,normal_std10_L2_c1_2,1,repeat_1.7,1680.84,0
122,normal_std10_L2_c1_2,1,repeat_2.4,1051.16,0
122,normal_std10_L2_c1_2,1,repeat_2.5,1179.16,0
122,normal_std10_L2_c1_2,1,repeat_2.6,1336.54,0
122,normal_std10_L2_c1_2,1,repeat_2.7,1874.86,0
122,normal_std10_L2_c1_2,1,repeat_2.8,1936.06,0
122,normal_std10_L2_c1_2,1,repeat_3,828.22,0
122,normal_std10_L2_c1_2,1,repeat_3.3,1052.54,0
122,normal_std10_L2_c1_2,1,repeat_3.4,1052.54,0
122,normal_std10_L2_c1_2,1,repeat_3.5,1070.44,0
122,normal_std10_L2_c1_2,1,repeat_3.6,1287.79,0
122,normal_std10_L2_c1_2,1,repeat_3.7,1936.06,0
122,normal_std10_L2_c1_2,1,repeat_3.8,2397.22,0
122,normal_std10_L2_c1_2,1,repeat_4.5,1039.18,0
122,normal_std10_L2_c1_2,1,repeat_4.6,3356.84,0
122,normal_std10_L2_c1_2,1,repeat_4.7,5522.72,0
122,normal_std10_L2_c1_2,1,repeat_5.1,933.96,0
122,normal_std10_L2_c1_2,1,repeat_5.4,1046.82,0
122,normal_std10_L2_c1_2,1,repeat_5.5,1052.54,0
122,normal_std10_L2_c1_2,1,repeat_5.6,1107.66,0
122,normal_std10_L2_c1_2,1,repeat_5.7,1308.26,0
122,normal_std10_L2_c1_2,1,repeat_5.8,2118.53,0
122,normal_std10_L2_c1_2,1,repeat_5.9,2953.4,0
122,normal_std10_L2_c1_2,1,repeat_6.5,1066.22,0
122,normal_std10_L2_c1_2,1,repeat_6.6,1083.61,0
122,normal_std10_L2_c1_2,1,repeat_6.7,1256.14,0
122,normal_std10_L2_c1_2,1,repeat_6.8,1287.79,0
122,normal_std10_L2_c1_2,1,repeat_7.5,1037.59,0
122,normal_std10_L2_c1_2,1,repeat_7.6,1485.96,0
122,normal_std10_L2_c1_2,1,repeat_7.7,1936.06,0
122,normal_std10_L2_c1_2,1,repeat_7.8,2319.51,0
122,normal_std10_L2_c1_2,1,repeat_7.9,2588.58,0
122,normal_std10_L2_c1_2,1,repeat_8.5,1308.26,0
122,normal_std10_L2_c1_2,1,repeat_8.6,3040.68,0
122,normal_std10_L2_c1_2,1,repeat_8.7,4399.08,0
122,normal_std10_L2_c1_2,1,repeat_9.5,1032.36,0
122,normal_std10_L2_c1_2,1,repeat_9.6,1052.54,0
122,normal_std10_L2_c1_2,1,repeat_9.7,1374.46,0
122,normal_std10_L2_c1_2,1,repeat_9.8,7577.28,0
122,normal_std10_L2_c1_2,1,repeat_10.2,1054.38,0
122,normal_std10_L2_c1_2,1,repeat_10.3,1179.16,0
122,normal_std10_L2_c1_2,1,repeat_10.4,1188.05,0
122,normal_std10_L2_c1_2,1,repeat_10.5,1342.1,0
122,normal_std10_L2_c1_2,1,repeat_10.6,2583.36,0
122,normal_std10_L2_c1_2,1,repeat_10.7,2583.56,0
122,normal_std10_L2_c1_2,1,repeat_10.8,2914.86,0
124,normal_std10_L2_c1_2,2,repeat_1,825.62,0
124,normal_std10_L2_c1_2,2,repeat_1.1,924.88,0
124,normal_std10_L2_c1_2,2,repeat_1.2,946.42,0
124,normal_std10_L2_c1_2,2,repeat_1.7,1044.56,0
124,normal_std10_L2_c1_2,2,repeat_1.8,1050.78,0
124,normal_std10_L2_c1_2,2,repeat_1.9,1050.92,0
124,normal_std10_L2_c1_2,2,repeat_2,927.95,0
124,normal_std10_L2_c1_2,2,repeat_2.8,1042.24,0
124,normal_std10_L2_c1_2,2,repeat_2.9,1051.16,0
124,normal_std10_L2_c1_2,2,repeat_3.1,828.22,0
124,normal_std10_L2_c1_2,2,repeat_3.5,1037.58,0
124,normal_std10_L2_c1_2,2,repeat_3.6,1052.54,0
124,normal_std10_L2_c1_2,2,repeat_3.7,1052.54,0
124,normal_std10_L2_c1_2,2,repeat_3.8,1070.44,0
124,normal_std10_L2_c1_2,2,repeat_3.9,1143.59,0
124,normal_std10_L2_c1_2,2,repeat_4.1,772.74,0
124,normal_std10_L2_c1_2,2,repeat_5.1,930.46,0
124,normal_std10_L2_c1_2,2,repeat_5.2,933.96,0
124,normal_std10_L2_c1_2,2,repeat_5.3,942.56,0
124,normal_std10_L2_c1_2,2,repeat_5.4,947.38,0
124,normal_std10_L2_c1_2,2,repeat_5.5,992.38,0
124,normal_std10_L2_c1_2,2,repeat_6.6,1056.92,0
124,normal_std10_L2_c1_2,2,repeat_6.7,1066.22,0
124,normal_std10_L2_c1_2,2,repeat_6.8,1083.61,0
124,normal_std10_L2_c1_2,2,repeat_6.9,1256.14,0
124,normal_std10_L2_c1_2,2,repeat_8.6,1180.34,0
124,normal_std10_L2_c1_2,2,repeat_8.7,1308.26,0
124,normal_std10_L2_c1_2,2,repeat_8.8,1936.06,0
124,normal_std10_L2_c1_2,2,repeat_8.9,2832.84,0
124,normal_std10_L2_c1_2,2,repeat_9.8,1032.36,0
124,normal_std10_L2_c1_2,2,repeat_9.9,1052.54,0
124,normal_std10_L2_c1_2,2,repeat_10.2,1054.38,0
124,normal_std10_L2_c1_2,2,repeat_10.3,1179.16,0
124,normal_std10_L2_c1_2,2,repeat_10.4,1188.05,0
124,normal_std10_L2_c1_2,2,repeat_10.5,1342.1,0
124,normal_std10_L2_c1_2,2,repeat_10.6,2583.36,0
124,normal_std10_L2_c1_2,2,repeat_10.7,2583.56,0
124,normal_std10_L2_c1_2,2,repeat_10.8,2914.86,0
126,normal_std10_L2_c1_2,3,repeat_1.1,825.62,0
126,normal_std10_L2_c1_2,3,repeat_1.4,924.88,0
126,normal_std10_L2_c1_2,3,repeat_1.5,945.56,0
126,normal_std10_L2_c1_2,3,repeat_1.6,946.42,0
126,normal_std10_L2_c1_2,3,repeat_1.7,962.7,0
126,normal_std10_L2_c1_2,3,repeat_2.1,927.95,0
126,normal_std10_L2_c1_2,3,repeat_2.3,1003.26,0
126,normal_std10_L2_c1_2,3,repeat_3.1,828.22,0
126,normal_std10_L2_c1_2,3,repeat_3.7,1037.58,0
126,normal_std10_L2_c1_2,3,repeat_3.8,1037.58,0
126,normal_std10_L2_c1_2,3,repeat_3.9,1052.54,0
126,normal_std10_L2_c1_2,3,repeat_4.1,772.74,0
126,normal_std10_L2_c1_2,3,repeat_4.4,942.2,0
126,normal_std10_L2_c1_2,3,repeat_5.5,930.46,0
126,normal_std10_L2_c1_2,3,repeat_5.6,932.28,0
126,normal_std10_L2_c1_2,3,repeat_5.7,933.96,0
126,normal_std10_L2_c1_2,3,repeat_5.8,942.56,0
126,normal_std10_L2_c1_2,3,repeat_5.9,947.38,0
126,normal_std10_L2_c1_2,3,repeat_6.6,1056.92,0
126,normal_std10_L2_c1_2,3,repeat_6.7,1066.22,0
126,normal_std10_L2_c1_2,3,repeat_6.8,1083.61,0
126,normal_std10_L2_c1_2,3,repeat_6.9,1108.38,0
126,normal_std10_L2_c1_2,3,repeat_8.1,777.86,0
126,normal_std10_L2_c1_2,3,repeat_8.5,1003.68,0
126,normal_std10_L2_c1_2,3,repeat_8.6,1004.5,0
126,normal_std10_L2_c1_2,3,repeat_9.2,959.36,0
126,normal_std10_L2_c1_2,3,repeat_10,808.78,0
126,normal_std10_L2_c1_2,3,repeat_10.6,1041.68,0
126,normal_std10_L2_c1_2,3,repeat_10.7,1054.3,0
126,normal_std10_L2_c1_2,3,repeat_10.8,1054.38,0
126,normal_std10_L2_c1_2,3,repeat_10.9,1083.18,0
128,normal_std10_L2_c1_2,4,repeat_1,780.74,0
128,normal_std10_L2_c1_2,4,repeat_1.3,819.6,0
128,normal_std10_L2_c1_2,4,repeat_1.4,825.62,0
128,normal_std10_L2_c1_2,4,repeat_1.8,924.88,0
128,normal_std10_L2_c1_2,4,repeat_1.9,945.56,0
128,normal_std10_L2_c1_2,4,repeat_2.2,927.95,0
128,normal_std10_L2_c1_2,4,repeat_2.6,984.48,0
128,normal_std10_L2_c1_2,4,repeat_2.7,987.0,0
128,normal_std10_L2_c1_2,4,repeat_2.8,1003.26,0
128,normal_std10_L2_c1_2,4,repeat_3.1,828.22,0
128,normal_std10_L2_c1_2,4,repeat_3.2,882.92,0
128,normal_std10_L2_c1_2,4,repeat_3.3,882.92,0
128,normal_std10_L2_c1_2,4,repeat_3.4,929.77,0
128,normal_std10_L2_c1_2,4,repeat_3.5,932.7,0
128,normal_std10_L2_c1_2,4,repeat_4.1,772.74,0
128,normal_std10_L2_c1_2,4,repeat_4.3,810.29,0
128,normal_std10_L2_c1_2,4,repeat_4.5,849.53,0
128,normal_std10_L2_c1_2,4,repeat_4.6,930.68,0
128,normal_std10_L2_c1_2,4,repeat_4.7,942.2,0
128,normal_std10_L2_c1_2,4,repeat_5.2,816.66,0
128,normal_std10_L2_c1_2,4,repeat_5.8,930.46,0
128,normal_std10_L2_c1_2,4,repeat_5.9,932.28,0
128,normal_std10_L2_c1_2,4,repeat_6.6,1039.34,0
128,normal_std10_L2_c1_2,4,repeat_6.7,1056.92,0
128,normal_std10_L2_c1_2,4,repeat_6.8,1066.22,0
128,normal_std10_L2_c1_2,4,repeat_6.9,1083.61,0
128,normal_std10_L2_c1_2,4,repeat_8.9,777.86,0
128,normal_std10_L2_c1_2,4,repeat_9.2,959.36,0
128,normal_std10_L2_c1_2,4,repeat_10,808.78,0
130,normal_std10_L2_c1_2,5,repeat_1,780.04,0
130,normal_std10_L2_c1_2,5,repeat_1.1,780.74,0
130,normal_std10_L2_c1_2,5,repeat_1.7,817.26,0
130,normal_std10_L2_c1_2,5,repeat_1.8,819.6,0
130,normal_std10_L2_c1_2,5,repeat_1.9,824.8,0
130,normal_std10_L2_c1_2,5,repeat_2,780.06,0
130,normal_std10_L2_c1_2,5,repeat_2.6,927.95,0
130,normal_std10_L2_c1_2,5,repeat_2.7,943.95,0
130,normal_std10_L2_c1_2,5,repeat_2.8,958.6,0
130,normal_std10_L2_c1_2,5,repeat_3.1,816.98,0
130,normal_std10_L2_c1_2,5,repeat_3.2,828.22,0
130,normal_std10_L2_c1_2,5,repeat_3.3,882.92,0
130,normal_std10_L2_c1_2,5,repeat_3.4,882.92,0
130,normal_std10_L2_c1_2,5,repeat_3.5,882.92,0
130,normal_std10_L2_c1_2,5,repeat_3.7,929.77,0
130,normal_std10_L2_c1_2,5,repeat_3.8,932.7,0
130,normal_std10_L2_c1_2,5,repeat_3.9,938.67,0
130,normal_std10_L2_c1_2,5,repeat_4.1,772.74,0
130,normal_std10_L2_c1_2,5,repeat_4.2,777.88,0
130,normal_std10_L2_c1_2,5,repeat_4.3,778.01,0
130,normal_std10_L2_c1_2,5,repeat_4.4,778.12,0
130,normal_std10_L2_c1_2,5,repeat_4.8,810.29,0
130,normal_std10_L2_c1_2,5,repeat_5.3,747.66,0
130,normal_std10_L2_c1_2,5,repeat_5.4,816.66,0
130,normal_std10_L2_c1_2,5,repeat_5.5,823.42,0
130,normal_std10_L2_c1_2,5,repeat_6.7,1039.34,0
130,normal_std10_L2_c1_2,5,repeat_6.8,1042.24,0
130,normal_std10_L2_c1_2,5,repeat_6.9,1056.92,0
130,normal_std10_L2_c1_2,5,repeat_8.5,711.88,0
130,normal_std10_L2_c1_2,5,repeat_8.6,717.02,0
130,normal_std10_L2_c1_2,5,repeat_9.3,746.44,0
130,normal_std10_L2_c1_2,5,repeat_9.5,946.73,0
130,normal_std10_L2_c1_2,5,repeat_9.6,959.36,0
130,normal_std10_L2_c1_2,5,repeat_9.7,990.04,0
130,normal_std10_L2_c1_2,5,repeat_10.1,808.78,0
130,normal_std10_L2_c1_2,5,repeat_10.2,819.98,0
132,normal_std10_L2_c1_2,6,repeat_1,777.58,0
132,normal_std10_L2_c1_2,6,repeat_1.1,779.82,0
132,normal_std10_L2_c1_2,6,repeat_1.2,780.04,0
132,normal_std10_L2_c1_2,6,repeat_1.3,780.74,0
132,normal_std10_L2_c1_2,6,repeat_1.4,780.96,0
132,normal_std10_L2_c1_2,6,repeat_1.5,783.24,0
132,normal_std10_L2_c1_2,6,repeat_2,780.06,0
132,normal_std10_L2_c1_2,6,repeat_2.1,782.98,0
132,normal_std10_L2_c1_2,6,repeat_2.4,854.18,0
132,normal_std10_L2_c1_2,6,repeat_2.9,927.95,0
132,normal_std10_L2_c1_2,6,repeat_3.3,804.12,0
132,normal_std10_L2_c1_2,6,repeat_3.4,816.98,0
132,normal_std10_L2_c1_2,6,repeat_3.5,828.22,0
132,normal_std10_L2_c1_2,6,repeat_3.6,882.92,0
132,normal_std10_L2_c1_2,6,repeat_3.7,882.92,0
132,normal_std10_L2_c1_2,6,repeat_3.8,882.92,0
132,normal_std10_L2_c1_2,6,repeat_4.1,772.74,0
132,normal_std10_L2_c1_2,6,repeat_4.2,777.88,0
132,normal_std10_L2_c1_2,6,repeat_4.3,778.01,0
132,normal_std10_L2_c1_2,6,repeat_4.4,778.12,0
132,normal_std10_L2_c1_2,6,repeat_4.5,781.85,0
132,normal_std10_L2_c1_2,6,repeat_4.6,782.63,0
132,normal_std10_L2_c1_2,6,repeat_5.6,747.66,0
132,normal_std10_L2_c1_2,6,repeat_5.7,756.15,0
132,normal_std10_L2_c1_2,6,repeat_5.8,816.66,0
132,normal_std10_L2_c1_2,6,repeat_5.9,818.9,0
132,normal_std10_L2_c1_2,6,repeat_6.7,1039.34,0
132,normal_std10_L2_c1_2,6,repeat_6.8,1042.24,0
132,normal_std10_L2_c1_2,6,repeat_6.9,1056.92,0
132,normal_std10_L2_c1_2,6,repeat_8.6,711.88,0
132,normal_std10_L2_c1_2,6,repeat_8.7,716.9,0
132,normal_std10_L2_c1_2,6,repeat_8.8,717.02,0
132,normal_std10_L2_c1_2,6,repeat_9.3,746.44,0
132,normal_std10_L2_c1_2,6,repeat_9.5,946.73,0
132,normal_std10_L2_c1_2,6,repeat_9.6,959.36,0
132,normal_std10_L2_c1_2,6,repeat_9.7,990.04,0
132,normal_std10_L2_c1_2,6,repeat_10,764.64,0
132,normal_std10_L2_c1_2,6,repeat_10.3,808.78,0
132,normal_std10_L2_c1_2,6,repeat_10.4,812.0,0
132,normal_std10_L2_c1_2,6,repeat_10.5,819.98,0
132,normal_std10_L2_c1_2,6,repeat_10.9,996.24,0
134,normal_std10_L2_c1_2,7,repeat_1,777.58,0
134,normal_std10_L2_c1_2,7,repeat_1.1,779.6,0
134,normal_std10_L2_c1_2,7,repeat_1.2,779.82,0
134,normal_std10_L2_c1_2,7,repeat_1.3,780.04,0
134,normal_std10_L2_c1_2,7,repeat_1.4,780.74,0
134,normal_std10_L2_c1_2,7,repeat_1.5,780.96,0
134,normal_std10_L2_c1_2,7,repeat_1.6,783.24,0
134,normal_std10_L2_c1_2,7,repeat_2,780.06,0
134,normal_std10_L2_c1_2,7,repeat_2.1,782.98,0
134,normal_std10_L2_c1_2,7,repeat_2.8,854.18,0
134,normal_std10_L2_c1_2,7,repeat_3.3,804.12,0
134,normal_std10_L2_c1_2,7,repeat_3.4,816.98,0
134,normal_std10_L2_c1_2,7,repeat_3.5,828.22,0
134,normal_std10_L2_c1_2,7,repeat_3.6,882.92,0
134,normal_std10_L2_c1_2,7,repeat_3.7,882.92,0
134,normal_std10_L2_c1_2,7,repeat_3.8,882.92,0
134,normal_std10_L2_c1_2,7,repeat_4.4,772.74,0
134,normal_std10_L2_c1_2,7,repeat_4.5,777.59,0
134,normal_std10_L2_c1_2,7,repeat_4.6,777.88,0
134,normal_std10_L2_c1_2,7,repeat_4.7,778.01,0
134,normal_std10_L2_c1_2,7,repeat_4.8,778.12,0
134,normal_std10_L2_c1_2,7,repeat_4.9,781.75,0
134,normal_std10_L2_c1_2,7,repeat_6.8,1039.34,0
134,normal_std10_L2_c1_2,7,repeat_6.9,1042.24,0
134,normal_std10_L2_c1_2,7,repeat_8.6,711.88,0
134,normal_std10_L2_c1_2,7,repeat_8.7,716.9,0
134,normal_std10_L2_c1_2,7,repeat_8.8,717.02,0
134,normal_std10_L2_c1_2,7,repeat_9.6,746.44,0
134,normal_std10_L2_c1_2,7,repeat_9.9,805.04,0
134,normal_std10_L2_c1_2,7,repeat_10,764.64,0
134,normal_std10_L2_c1_2,7,repeat_10.3,808.78,0
134,normal_std10_L2_c1_2,7,repeat_10.4,812.0,0
134,normal_std10_L2_c1_2,7,repeat_10.5,819.98,0
134,normal_std10_L2_c1_2,7,repeat_10.9,996.24,0
136,normal_std10_L2_c1_2,8,repeat_1,777.58,0
136,normal_std10_L2_c1_2,8,repeat_1.1,779.6,0
136,normal_std10_L2_c1_2,8,repeat_1.2,779.82,0
136,normal_std10_L2_c1_2,8,repeat_1.3,780.04,0
136,normal_std10_L2_c1_2,8,repeat_1.4,780.74,0
136,normal_std10_L2_c1_2,8,repeat_1.5,780.96,0
136,normal_std10_L2_c1_2,8,repeat_1.6,781.68,0
136,normal_std10_L2_c1_2,8,repeat_1.7,782.04,0
136,normal_std10_L2_c1_2,8,repeat_1.8,783.24,0
136,normal_std10_L2_c1_2,8,repeat_2,779.6,0
136,normal_std10_L2_c1_2,8,repeat_2.1,780.04,0
136,normal_std10_L2_c1_2,8,repeat_2.2,780.06,0
136,normal_std10_L2_c1_2,8,repeat_2.3,780.96,0
136,normal_std10_L2_c1_2,8,repeat_2.4,782.98,0
136,normal_std10_L2_c1_2,8,repeat_3.3,804.12,0
136,normal_std10_L2_c1_2,8,repeat_3.4,805.56,0
136,normal_std10_L2_c1_2,8,repeat_3.5,810.76,0
136,normal_std10_L2_c1_2,8,repeat_3.6,816.98,0
136,normal_std10_L2_c1_2,8,repeat_3.7,828.22,0
136,normal_std10_L2_c1_2,8,repeat_3.8,869.58,0
136,normal_std10_L2_c1_2,8,repeat_3.9,882.91,0
136,normal_std10_L2_c1_2,8,repeat_4.5,762.48,0
136,normal_std10_L2_c1_2,8,repeat_4.6,772.74,0
136,normal_std10_L2_c1_2,8,repeat_4.7,777.59,0
136,normal_std10_L2_c1_2,8,repeat_4.8,777.75,0
136,normal_std10_L2_c1_2,8,repeat_4.9,777.88,0
136,normal_std10_L2_c1_2,8,repeat_6.9,1039.34,0
136,normal_std10_L2_c1_2,8,repeat_9.9,746.44,0
136,normal_std10_L2_c1_2,8,repeat_10,764.64,0
136,normal_std10_L2_c1_2,8,repeat_10.3,808.78,0
136,normal_std10_L2_c1_2,8,repeat_10.4,812.0,0
136,normal_std10_L2_c1_2,8,repeat_10.5,819.98,0
136,normal_std10_L2_c1_2,8,repeat_10.9,996.24,0
138,normal_std10_L2_c1_2,9,repeat_1,777.58,0
138,normal_std10_L2_c1_2,9,repeat_1.1,779.6,0
138,normal_std10_L2_c1_2,9,repeat_1.2,779.82,0
138,normal_std10_L2_c1_2,9,repeat_1.3,780.04,0
138,normal_std10_L2_c1_2,9,repeat_1.4,780.74,0
138,normal_std10_L2_c1_2,9,repeat_1.5,780.96,0
138,normal_std10_L2_c1_2,9,repeat_1.6,780.98,0
138,normal_std10_L2_c1_2,9,repeat_1.7,781.68,0
138,normal_std10_L2_c1_2,9,repeat_1.8,782.04,0
138,normal_std10_L2_c1_2,9,repeat_1.9,783.24,0
138,normal_std10_L2_c1_2,9,repeat_2,779.6,0
138,normal_std10_L2_c1_2,9,repeat_2.1,780.04,0
138,normal_std10_L2_c1_2,9,repeat_2.2,780.06,0
138,normal_std10_L2_c1_2,9,repeat_2.3,780.54,0
138,normal_std10_L2_c1_2,9,repeat_2.4,780.7,0
138,normal_std10_L2_c1_2,9,repeat_2.5,780.96,0
138,normal_std10_L2_c1_2,9,repeat_2.6,781.84,0
138,normal_std10_L2_c1_2,9,repeat_2.7,782.98,0
138,normal_std10_L2_c1_2,9,repeat_3,783.24,0
138,normal_std10_L2_c1_2,9,repeat_3.4,804.12,0
138,normal_std10_L2_c1_2,9,repeat_3.5,805.56,0
138,normal_std10_L2_c1_2,9,repeat_3.6,806.12,0
138,normal_std10_L2_c1_2,9,repeat_3.7,809.6,0
138,normal_std10_L2_c1_2,9,repeat_3.8,810.76,0
138,normal_std10_L2_c1_2,9,repeat_3.9,811.44,0
138,normal_std10_L2_c1_2,9,repeat_4.7,762.48,0
138,normal_std10_L2_c1_2,9,repeat_4.8,772.74,0
138,normal_std10_L2_c1_2,9,repeat_4.9,777.59,0
138,normal_std10_L2_c1_2,9,repeat_6.5,862.96,0
138,normal_std10_L2_c1_2,9,repeat_6.6,863.12,0
138,normal_std10_L2_c1_2,9,repeat_9.9,746.44,0
138,normal_std10_L2_c1_2,9,repeat_10,764.64,0
138,normal_std10_L2_c1_2,9,repeat_10.3,808.78,0
138,normal_std10_L2_c1_2,9,repeat_10.4,812.0,0
138,normal_std10_L2_c1_2,9,repeat_10.5,819.98,0
138,normal_std10_L2_c1_2,9,repeat_10.9,996.24,0
140,normal_std10_L2_c1_2,10,repeat_1,777.58,0
140,normal_std10_L2_c1_2,10,repeat_1.1,779.6,0
140,normal_std10_L2_c1_2,10,repeat_1.2,779.82,0
140,normal_std10_L2_c1_2,10,repeat_1.3,780.04,0
140,normal_std10_L2_c1_2,10,repeat_1.4,780.74,0
140,normal_std10_L2_c1_2,10,repeat_1.5,780.96,0
140,normal_std10_L2_c1_2,10,repeat_1.6,780.98,0
140,normal_std10_L2_c1_2,10,repeat_1.7,781.68,0
140,normal_std10_L2_c1_2,10,repeat_1.8,782.04,0
140,normal_std10_L2_c1_2,10,repeat_1.9,783.24,0
140,normal_std10_L2_c1_2,10,repeat_2,779.6,0
140,normal_std10_L2_c1_2,10,repeat_2.1,779.94,0
140,normal_std10_L2_c1_2,10,repeat_2.2,780.04,0
140,normal_std10_L2_c1_2,10,repeat_2.3,780.06,0
140,normal_std10_L2_c1_2,10,repeat_2.4,780.54,0
140,normal_std10_L2_c1_2,10,repeat_2.5,780.7,0
140,normal_std10_L2_c1_2,10,repeat_2.6,780.96,0
140,normal_std10_L2_c1_2,10,repeat_2.7,781.58,0
140,normal_std10_L2_c1_2,10,repeat_2.8,781.84,0
140,normal_std10_L2_c1_2,10,repeat_2.9,782.98,0
140,normal_std10_L2_c1_2,10,repeat_3,783.24,0
140,normal_std10_L2_c1_2,10,repeat_3.9,803.76,0
140,normal_std10_L2_c1_2,10,repeat_9.9,746.44,0
140,normal_std10_L2_c1_2,10,repeat_10,764.64,0
140,normal_std10_L2_c1_2,10,repeat_10.3,808.78,0
140,normal_std10_L2_c1_2,10,repeat_10.4,812.0,0
140,normal_std10_L2_c1_2,10,repeat_10.5,819.98,0
140,normal_std10_L2_c1_2,10,repeat_10.9,996.24,0
142,normal_std10_L2_c1_5,1,repeat_1,1100.54,0
142,normal_std10_L2_c1_5,1,repeat_1.5,1414.44,0
142,normal_std10_L2_c1_5,1,repeat_1.6,1437.32,0
142,normal_std10_L2_c1_5,1,repeat_1.7,1560.18,0
142,normal_std10_L2_c1_5,1,repeat_1.8,2287.74,0
142,normal_std10_L2_c1_5,1,repeat_1.9,3219.38,0
142,normal_std10_L2_c1_5,1,repeat_2.3,1450.57,0
142,normal_std10_L2_c1_5,1,repeat_2.4,1817.43,0
142,normal_std10_L2_c1_5,1,repeat_2.5,1907.04,0
142,normal_std10_L2_c1_5,1,repeat_2.6,2040.73,0
142,normal_std10_L2_c1_5,1,repeat_2.7,3398.12,0
142,normal_std10_L2_c1_5,1,repeat_2.8,4107.14,0
142,normal_std10_L2_c1_5,1,repeat_2.9,12290.3,0
142,normal_std10_L2_c1_5,1,repeat_3.6,1432.88,0
142,normal_std10_L2_c1_5,1,repeat_3.7,1436.25,0
142,normal_std10_L2_c1_5,1,repeat_3.8,1817.42,0
142,normal_std10_L2_c1_5,1,repeat_4.5,1432.82,0
142,normal_std10_L2_c1_5,1,repeat_4.6,1560.18,0
142,normal_std10_L2_c1_5,1,repeat_4.7,2030.4,0
142,normal_std10_L2_c1_5,1,repeat_4.8,3219.38,0
142,normal_std10_L2_c1_5,1,repeat_5.3,1430.94,0
142,normal_std10_L2_c1_5,1,repeat_5.4,1436.25,0
142,normal_std10_L2_c1_5,1,repeat_5.5,3195.44,0
142,normal_std10_L2_c1_5,1,repeat_5.6,3944.55,0
142,normal_std10_L2_c1_5,1,repeat_7.4,1424.38,0
142,normal_std10_L2_c1_5,1,repeat_7.5,1463.07,0
142,normal_std10_L2_c1_5,1,repeat_7.6,1561.93,0
142,normal_std10_L2_c1_5,1,repeat_7.7,1808.8,0
142,normal_std10_L2_c1_5,1,repeat_7.8,2665.74,0
142,normal_std10_L2_c1_5,1,repeat_8.2,1687.82,0
142,normal_std10_L2_c1_5,1,repeat_8.3,6719.38,0
142,normal_std10_L2_c1_5,1,repeat_8.4,8321.33,0
142,normal_std10_L2_c1_5,1,repeat_8.5,8819.38,0
142,normal_std10_L2_c1_5,1,repeat_8.6,9739.08,0
142,normal_std10_L2_c1_5,1,repeat_9.6,1478.61,0
142,normal_std10_L2_c1_5,1,repeat_10.4,1640.82,0
142,normal_std10_L2_c1_5,1,repeat_10.5,1903.46,0
142,normal_std10_L2_c1_5,1,repeat_10.6,1907.34,0
142,normal_std10_L2_c1_5,1,repeat_10.7,2013.08,0
142,normal_std10_L2_c1_5,1,repeat_10.8,2542.0,0
142,normal_std10_L2_c1_5,1,repeat_10.9,4387.56,0
144,normal_std10_L2_c1_5,2,repeat_1,1100.54,0
144,normal_std10_L2_c1_5,2,repeat_2.7,1411.58,0
144,normal_std10_L2_c1_5,2,repeat_2.8,1435.1,0
144,normal_std10_L2_c1_5,2,repeat_2.9,1450.57,0
144,normal_std10_L2_c1_5,2,repeat_4,1099.68,0
144,normal_std10_L2_c1_5,2,repeat_5.7,1408.25,0
144,normal_std10_L2_c1_5,2,repeat_5.8,1415.67,0
144,normal_std10_L2_c1_5,2,repeat_5.9,1424.3,0
144,normal_std10_L2_c1_5,2,repeat_6.2,1406.82,0
144,normal_std10_L2_c1_5,2,repeat_6.3,1408.0,0
144,normal_std10_L2_c1_5,2,repeat_6.4,1529.07,0
144,normal_std10_L2_c1_5,2,repeat_6.5,1817.36,0
144,normal_std10_L2_c1_5,2,repeat_6.6,4928.36,0
144,normal_std10_L2_c1_5,2,repeat_6.7,7387.78,0
144,normal_std10_L2_c1_5,2,repeat_7.8,1424.38,0
144,normal_std10_L2_c1_5,2,repeat_7.9,1432.9,0
144,normal_std10_L2_c1_5,2,repeat_8.3,1450.58,0
144,normal_std10_L2_c1_5,2,repeat_8.4,1467.82,0
144,normal_std10_L2_c1_5,2,repeat_8.5,1557.11,0
144,normal_std10_L2_c1_5,2,repeat_8.6,1659.32,0
144,normal_std10_L2_c1_5,2,repeat_8.7,1672.35,0
144,normal_std10_L2_c1_5,2,repeat_8.8,1687.82,0
144,normal_std10_L2_c1_5,2,repeat_8.9,1778.65,0
144,normal_std10_L2_c1_5,2,repeat_10.8,1408.25,0
144,normal_std10_L2_c1_5,2,repeat_10.9,1411.66,0
146,normal_std10_L2_c1_5,3,repeat_1,1100.54,0
146,normal_std10_L2_c1_5,3,repeat_4,1099.68,0
146,normal_std10_L2_c1_5,3,repeat_4.1,1102.86,0
146,normal_std10_L2_c1_5,3,repeat_6,1047.47,0
146,normal_std10_L2_c1_5,3,repeat_6.5,1406.82,0
146,normal_std10_L2_c1_5,3,repeat_6.6,1408.0,0
146,normal_std10_L2_c1_5,3,repeat_6.7,1418.36,0
146,normal_std10_L2_c1_5,3,repeat_6.8,1453.74,0
146,normal_std10_L2_c1_5,3,repeat_6.9,1470.32,0
146,normal_std10_L2_c1_5,3,repeat_8.7,1449.23,0
146,normal_std10_L2_c1_5,3,repeat_8.8,1450.58,0
146,normal_std10_L2_c1_5,3,repeat_8.9,1467.82,0
148,normal_std10_L2_c1_5,4,repeat_1,1100.54,0
148,normal_std10_L2_c1_5,4,repeat_2,1120.3,0
148,normal_std10_L2_c1_5,4,repeat_4,1099.68,0
148,normal_std10_L2_c1_5,4,repeat_4.1,1102.86,0
148,normal_std10_L2_c1_5,4,repeat_4.2,1109.96,0
148,normal_std10_L2_c1_5,4,repeat_6,1047.47,0
148,normal_std10_L2_c1_5,4,repeat_6.5,1406.82,0
148,normal_std10_L2_c1_5,4,repeat_6.6,1408.0,0
148,normal_std10_L2_c1_5,4,repeat_6.7,1418.36,0
148,normal_std10_L2_c1_5,4,repeat_6.8,1453.74,0
148,normal_std10_L2_c1_5,4,repeat_6.9,1470.32,0
150,normal_std10_L2_c1_5,5,repeat_1,1091.38,0
150,normal_std10_L2_c1_5,5,repeat_1.1,1100.54,0
150,normal_std10_L2_c1_5,5,repeat_2,1116.38,0
150,normal_std10_L2_c1_5,5,repeat_2.1,1120.3,0
150,normal_std10_L2_c1_5,5,repeat_4,1099.68,0
150,normal_std10_L2_c1_5,5,repeat_4.1,1102.86,0
150,normal_std10_L2_c1_5,5,repeat_4.2,1109.96,0
150,normal_std10_L2_c1_5,5,repeat_6,1047.47,0
150,normal_std10_L2_c1_5,5,repeat_6.5,1406.82,0
150,normal_std10_L2_c1_5,5,repeat_6.6,1408.0,0
150,normal_std10_L2_c1_5,5,repeat_6.7,1418.36,0
150,normal_std10_L2_c1_5,5,repeat_6.8,1453.74,0
150,normal_std10_L2_c1_5,5,repeat_6.9,1470.32,0
152,normal_std10_L2_c1_5,6,repeat_1,1091.38,0
152,normal_std10_L2_c1_5,6,repeat_1.1,1100.54,0
152,normal_std10_L2_c1_5,6,repeat_2,1102.83,0
152,normal_std10_L2_c1_5,6,repeat_2.1,1104.56,0
152,normal_std10_L2_c1_5,6,repeat_2.2,1109.04,0
152,normal_std10_L2_c1_5,6,repeat_2.3,1116.38,0
152,normal_std10_L2_c1_5,6,repeat_2.4,1120.3,0
152,normal_std10_L2_c1_5,6,repeat_4,1099.68,0
152,normal_std10_L2_c1_5,6,repeat_4.1,1102.86,0
152,normal_std10_L2_c1_5,6,repeat_4.2,1109.96,0
152,normal_std10_L2_c1_5,6,repeat_4.3,1115.28,0
152,normal_std10_L2_c1_5,6,repeat_4.4,1119.66,0
152,normal_std10_L2_c1_5,6,repeat_6,1047.47,0
152,normal_std10_L2_c1_5,6,repeat_6.5,1406.82,0
152,normal_std10_L2_c1_5,6,repeat_6.6,1408.0,0
152,normal_std10_L2_c1_5,6,repeat_6.7,1418.36,0
152,normal_std10_L2_c1_5,6,repeat_6.8,1453.74,0
152,normal_std10_L2_c1_5,6,repeat_6.9,1470.32,0
154,normal_std10_L2_c1_5,7,repeat_1,1091.38,0
154,normal_std10_L2_c1_5,7,repeat_1.1,1100.54,0
154,normal_std10_L2_c1_5,7,repeat_2,1102.16,0
154,normal_std10_L2_c1_5,7,repeat_2.1,1102.3,0
154,normal_std10_L2_c1_5,7,repeat_2.2,1102.83,0
154,normal_std10_L2_c1_5,7,repeat_2.3,1104.56,0
154,normal_std10_L2_c1_5,7,repeat_2.4,1109.04,0
154,normal_std10_L2_c1_5,7,repeat_2.5,1116.38,0
154,normal_std10_L2_c1_5,7,repeat_2.6,1117.48,0
154,normal_std10_L2_c1_5,7,repeat_2.7,1120.3,0
154,normal_std10_L2_c1_5,7,repeat_4,1099.68,0
154,normal_std10_L2_c1_5,7,repeat_4.1,1102.86,0
154,normal_std10_L2_c1_5,7,repeat_4.2,1108.26,0
154,normal_std10_L2_c1_5,7,repeat_4.3,1109.96,0
154,normal_std10_L2_c1_5,7,repeat_4.4,1112.08,0
154,normal_std10_L2_c1_5,7,repeat_4.5,1115.28,0
154,normal_std10_L2_c1_5,7,repeat_4.6,1119.66,0
154,normal_std10_L2_c1_5,7,repeat_6,1047.47,0
154,normal_std10_L2_c1_5,7,repeat_6.5,1406.82,0
154,normal_std10_L2_c1_5,7,repeat_6.6,1408.0,0
154,normal_std10_L2_c1_5,7,repeat_6.7,1418.36,0
154,normal_std10_L2_c1_5,7,repeat_6.8,1453.74,0
154,normal_std10_L2_c1_5,7,repeat_6.9,1470.32,0
156,normal_std10_L2_c1_5,8,repeat_1,1060.12,0
156,normal_std10_L2_c1_5,8,repeat_1.1,1091.38,0
156,normal_std10_L2_c1_5,8,repeat_1.2,1100.54,0
156,normal_std10_L2_c1_5,8,repeat_2,1044.09,0
156,normal_std10_L2_c1_5,8,repeat_2.1,1100.82,0
156,normal_std10_L2_c1_5,8,repeat_2.2,1101.32,0
156,normal_std10_L2_c1_5,8,repeat_2.3,1101.41,0
156,normal_std10_L2_c1_5,8,repeat_2.4,1102.16,0
156,normal_std10_L2_c1_5,8,repeat_2.5,1102.3,0
156,normal_std10_L2_c1_5,8,repeat_2.6,1102.83,0
156,normal_std10_L2_c1_5,8,repeat_2.7,1104.56,0
156,normal_std10_L2_c1_5,8,repeat_2.8,1105.66,0
156,normal_std10_L2_c1_5,8,repeat_2.9,1106.15,0
156,normal_std10_L2_c1_5,8,repeat_4,1099.68,0
156,normal_std10_L2_c1_5,8,repeat_4.1,1102.86,0
156,normal_std10_L2_c1_5,8,repeat_4.2,1103.86,0
156,normal_std10_L2_c1_5,8,repeat_4.3,1108.26,0
156,normal_std10_L2_c1_5,8,repeat_4.4,1109.96,0
156,normal_std10_L2_c1_5,8,repeat_4.5,1112.08,0
156,normal_std10_L2_c1_5,8,repeat_4.6,1112.24,0
156,normal_std10_L2_c1_5,8,repeat_4.7,1115.28,0
156,normal_std10_L2_c1_5,8,repeat_4.8,1117.36,0
156,normal_std10_L2_c1_5,8,repeat_4.9,1119.66,0
156,normal_std10_L2_c1_5,8,repeat_6,1047.47,0
156,normal_std10_L2_c1_5,8,repeat_6.9,1406.82,0
158,normal_std10_L2_c1_5,9,repeat_1,1060.12,0
158,normal_std10_L2_c1_5,9,repeat_1.1,1060.6,0
158,normal_std10_L2_c1_5,9,repeat_1.2,1091.38,0
158,normal_std10_L2_c1_5,9,repeat_1.3,1100.54,0
158,normal_std10_L2_c1_5,9,repeat_2,1044.09,0
158,normal_std10_L2_c1_5,9,repeat_2.1,1045.68,0
158,normal_std10_L2_c1_5,9,repeat_2.2,1073.18,0
158,normal_std10_L2_c1_5,9,repeat_2.3,1098.28,0
158,normal_std10_L2_c1_5,9,repeat_2.4,1100.4,0
158,normal_std10_L2_c1_5,9,repeat_2.5,1100.53,0
158,normal_std10_L2_c1_5,9,repeat_2.6,1100.82,0
158,normal_std10_L2_c1_5,9,repeat_2.7,1100.93,0
158,normal_std10_L2_c1_5,9,repeat_2.8,1101.32,0
158,normal_std10_L2_c1_5,9,repeat_2.9,1101.41,0
158,normal_std10_L2_c1_5,9,repeat_4,1099.68,0
158,normal_std10_L2_c1_5,9,repeat_4.1,1102.86,0
158,normal_std10_L2_c1_5,9,repeat_4.2,1103.86,0
158,normal_std10_L2_c1_5,9,repeat_4.3,1108.26,0
158,normal_std10_L2_c1_5,9,repeat_4.4,1109.96,0
158,normal_std10_L2_c1_5,9,repeat_4.5,1112.08,0
158,normal_std10_L2_c1_5,9,repeat_4.6,1112.2,0
158,normal_std10_L2_c1_5,9,repeat_4.7,1112.24,0
158,normal_std10_L2_c1_5,9,repeat_4.8,1115.28,0
158,normal_std10_L2_c1_5,9,repeat_4.9,1117.36,0
158,normal_std10_L2_c1_5,9,repeat_6,1047.47,0
160,normal_std10_L2_c1_5,10,repeat_1,1050.54,0
160,normal_std10_L2_c1_5,10,repeat_1.1,1060.12,0
160,normal_std10_L2_c1_5,10,repeat_1.2,1060.6,0
160,normal_std10_L2_c1_5,10,repeat_1.3,1091.38,0
160,normal_std10_L2_c1_5,10,repeat_1.4,1100.54,0
160,normal_std10_L2_c1_5,10,repeat_2,1044.09,0
160,normal_std10_L2_c1_5,10,repeat_2.1,1045.68,0
160,normal_std10_L2_c1_5,10,repeat_2.2,1055.36,0
160,normal_std10_L2_c1_5,10,repeat_2.3,1073.18,0
160,normal_std10_L2_c1_5,10,repeat_2.4,1097.38,0
160,normal_std10_L2_c1_5,10,repeat_2.5,1097.73,0
160,normal_std10_L2_c1_5,10,repeat_2.6,1097.91,0
160,normal_std10_L2_c1_5,10,repeat_2.7,1098.28,0
160,normal_std10_L2_c1_5,10,repeat_2.8,1100.4,0
160,normal_std10_L2_c1_5,10,repeat_2.9,1100.53,0
160,normal_std10_L2_c1_5,10,repeat_4,1099.68,0
160,normal_std10_L2_c1_5,10,repeat_4.1,1102.86,0
160,normal_std10_L2_c1_5,10,repeat_4.2,1103.86,0
160,normal_std10_L2_c1_5,10,repeat_4.3,1105.08,0
160,normal_std10_L2_c1_5,10,repeat_4.4,1108.26,0
160,normal_std10_L2_c1_5,10,repeat_4.5,1109.96,0
160,normal_std10_L2_c1_5,10,repeat_4.6,1112.08,0
160,normal_std10_L2_c1_5,10,repeat_4.7,1112.14,0
160,normal_std10_L2_c1_5,10,repeat_4.8,1112.2,0
160,normal_std10_L2_c1_5,10,repeat_4.9,1112.24,0
160,normal_std10_L2_c1_5,10,repeat_6,1047.47,0
162,normal_std10_L4_c1_2,1,repeat_1.1,1626.13,0
162,normal_std10_L4_c1_2,1,repeat_1.5,1821.07,0
162,normal_std10_L4_c1_2,1,repeat_1.6,1844.84,0
162,normal_std10_L4_c1_2,1,repeat_1.7,1960.67,0
162,normal_std10_L4_c1_2,1,repeat_1.8,1965.48,0
162,normal_std10_L4_c1_2,1,repeat_1.9,5839.1,0
162,normal_std10_L4_c1_2,1,repeat_2.3,1826.0,0
162,normal_std10_L4_c1_2,1,repeat_2.4,1892.12,0
162,normal_std10_L4_c1_2,1,repeat_2.5,1920.96,0
162,normal_std10_L4_c1_2,1,repeat_2.6,1965.48,0
162,normal_std10_L4_c1_2,1,repeat_2.7,2208.72,0
162,normal_std10_L4_c1_2,1,repeat_2.8,5165.15,0
162,normal_std10_L4_c1_2,1,repeat_2.9,5441.37,0
162,normal_std10_L4_c1_2,1,repeat_3.2,1805.99,0
162,normal_std10_L4_c1_2,1,repeat_3.3,1809.14,0
162,normal_std10_L4_c1_2,1,repeat_3.4,1852.82,0
162,normal_std10_L4_c1_2,1,repeat_3.5,1963.86,0
162,normal_std10_L4_c1_2,1,repeat_3.6,1965.48,0
162,normal_std10_L4_c1_2,1,repeat_3.7,1970.92,0
162,normal_std10_L4_c1_2,1,repeat_3.8,2821.28,0
162,normal_std10_L4_c1_2,1,repeat_3.9,8500.82,0
162,normal_std10_L4_c1_2,1,repeat_4.2,1623.12,0
162,normal_std10_L4_c1_2,1,repeat_4.4,1805.99,0
162,normal_std10_L4_c1_2,1,repeat_4.5,1922.25,0
162,normal_std10_L4_c1_2,1,repeat_4.6,1951.66,0
162,normal_std10_L4_c1_2,1,repeat_4.7,2209.06,0
162,normal_std10_L4_c1_2,1,repeat_4.8,4601.17,0
162,normal_std10_L4_c1_2,1,repeat_4.9,9777.68,0
162,normal_std10_L4_c1_2,1,repeat_5,860.28,0
162,normal_std10_L4_c1_2,1,repeat_5.6,1797.28,0
162,normal_std10_L4_c1_2,1,repeat_5.7,1852.82,0
162,normal_std10_L4_c1_2,1,repeat_5.8,1857.08,0
162,normal_std10_L4_c1_2,1,repeat_5.9,1965.48,0
162,normal_std10_L4_c1_2,1,repeat_6.2,1641.63,0
162,normal_std10_L4_c1_2,1,repeat_6.7,1829.74,0
162,normal_std10_L4_c1_2,1,repeat_6.8,3156.24,0
162,normal_std10_L4_c1_2,1,repeat_6.9,4337.94,0
162,normal_std10_L4_c1_2,1,repeat_7.1,1327.06,0
162,normal_std10_L4_c1_2,1,repeat_7.6,1965.3,0
162,normal_std10_L4_c1_2,1,repeat_7.7,3324.04,0
162,normal_std10_L4_c1_2,1,repeat_7.8,3383.26,0
162,normal_std10_L4_c1_2,1,repeat_8.2,1400.43,0
162,normal_std10_L4_c1_2,1,repeat_8.6,2821.28,0
162,normal_std10_L4_c1_2,1,repeat_8.7,5441.37,0
162,normal_std10_L4_c1_2,1,repeat_9.5,1800.39,0
162,normal_std10_L4_c1_2,1,repeat_9.6,2012.03,0
162,normal_std10_L4_c1_2,1,repeat_9.7,9947.68,0
162,normal_std10_L4_c1_2,1,repeat_9.8,28453.08,0
162,normal_std10_L4_c1_2,1,repeat_10.1,1614.74,0
162,normal_std10_L4_c1_2,1,repeat_10.6,1805.99,0
162,normal_std10_L4_c1_2,1,repeat_10.7,2821.28,0
162,normal_std10_L4_c1_2,1,repeat_10.8,4178.44,0
164,normal_std10_L4_c1_2,2,repeat_1.2,1626.13,0
164,normal_std10_L4_c1_2,2,repeat_1.4,1736.2,0
164,normal_std10_L4_c1_2,2,repeat_1.8,1821.07,0
164,normal_std10_L4_c1_2,2,repeat_1.9,1842.16,0
164,normal_std10_L4_c1_2,2,repeat_2.8,1826.0,0
164,normal_std10_L4_c1_2,2,repeat_2.9,1892.12,0
164,normal_std10_L4_c1_2,2,repeat_3.1,857.4,0
164,normal_std10_L4_c1_2,2,repeat_3.5,1463.08,0
164,normal_std10_L4_c1_2,2,repeat_3.6,1603.7,0
164,normal_std10_L4_c1_2,2,repeat_3.8,1706.12,0
164,normal_std10_L4_c1_2,2,repeat_4,961.67,0
164,normal_std10_L4_c1_2,2,repeat_4.5,1623.12,0
164,normal_std10_L4_c1_2,2,repeat_4.9,1805.99,0
164,normal_std10_L4_c1_2,2,repeat_5,860.28,0
164,normal_std10_L4_c1_2,2,repeat_5.2,1645.92,0
164,normal_std10_L4_c1_2,2,repeat_5.8,1791.74,0
164,normal_std10_L4_c1_2,2,repeat_5.9,1797.28,0
164,normal_std10_L4_c1_2,2,repeat_6.5,1186.72,0
164,normal_std10_L4_c1_2,2,repeat_6.7,1563.53,0
164,normal_std10_L4_c1_2,2,repeat_6.8,1641.63,0
164,normal_std10_L4_c1_2,2,repeat_7.5,890.54,0
164,normal_std10_L4_c1_2,2,repeat_7.7,1327.06,0
164,normal_std10_L4_c1_2,2,repeat_7.8,1589.0,0
164,normal_std10_L4_c1_2,2,repeat_8.1,849.86,0
164,normal_std10_L4_c1_2,2,repeat_8.2,942.82,0
164,normal_std10_L4_c1_2,2,repeat_8.8,1118.54,0
164,normal_std10_L4_c1_2,2,repeat_8.9,1218.6,0
164,normal_std10_L4_c1_2,2,repeat_9.2,1091.07,0
164,normal_std10_L4_c1_2,2,repeat_10.2,1582.3,0
164,normal_std10_L4_c1_2,2,repeat_10.3,1614.74,0
164,normal_std10_L4_c1_2,2,repeat_10.6,1745.36,0
166,normal_std10_L4_c1_2,3,repeat_1.3,1545.72,0
166,normal_std10_L4_c1_2,3,repeat_1.4,1626.13,0
166,normal_std10_L4_c1_2,3,repeat_1.6,1723.47,0
166,normal_std10_L4_c1_2,3,repeat_1.7,1736.2,0
166,normal_std10_L4_c1_2,3,repeat_1.8,1742.9,0
166,normal_std10_L4_c1_2,3,repeat_2.7,1704.4,0
166,normal_std10_L4_c1_2,3,repeat_3.1,857.4,0
166,normal_std10_L4_c1_2,3,repeat_3.2,872.48,0
166,normal_std10_L4_c1_2,3,repeat_3.4,1143.88,0
166,normal_std10_L4_c1_2,3,repeat_3.5,1211.14,0
166,normal_std10_L4_c1_2,3,repeat_4,865.0,0
166,normal_std10_L4_c1_2,3,repeat_4.1,961.67,0
166,normal_std10_L4_c1_2,3,repeat_4.2,962.1,0
166,normal_std10_L4_c1_2,3,repeat_4.6,1151.79,0
166,normal_std10_L4_c1_2,3,repeat_4.9,1623.12,0
166,normal_std10_L4_c1_2,3,repeat_5,860.28,0
166,normal_std10_L4_c1_2,3,repeat_5.1,950.41,0
166,normal_std10_L4_c1_2,3,repeat_5.3,1546.46,0
166,normal_std10_L4_c1_2,3,repeat_5.4,1577.36,0
166,normal_std10_L4_c1_2,3,repeat_5.5,1645.92,0
166,normal_std10_L4_c1_2,3,repeat_5.7,1704.28,0
166,normal_std10_L4_c1_2,3,repeat_5.8,1744.0,0
166,normal_std10_L4_c1_2,3,repeat_7.8,890.54,0
166,normal_std10_L4_c1_2,3,repeat_8.2,849.86,0
166,normal_std10_L4_c1_2,3,repeat_8.3,872.1,0
166,normal_std10_L4_c1_2,3,repeat_8.4,942.82,0
166,normal_std10_L4_c1_2,3,repeat_8.5,944.18,0
166,normal_std10_L4_c1_2,3,repeat_9.4,1091.07,0
166,normal_std10_L4_c1_2,3,repeat_9.5,1124.38,0
166,normal_std10_L4_c1_2,3,repeat_9.8,1522.2,0
166,normal_std10_L4_c1_2,3,repeat_10.3,1559.38,0
166,normal_std10_L4_c1_2,3,repeat_10.4,1582.3,0
166,normal_std10_L4_c1_2,3,repeat_10.5,1614.74,0
166,normal_std10_L4_c1_2,3,repeat_10.6,1648.84,0
166,normal_std10_L4_c1_2,3,repeat_10.9,1695.02,0
168,normal_std10_L4_c1_2,4,repeat_1.3,1218.28,0
168,normal_std10_L4_c1_2,4,repeat_1.5,1545.72,0
168,normal_std10_L4_c1_2,4,repeat_1.6,1563.86,0
168,normal_std10_L4_c1_2,4,repeat_1.7,1626.13,0
168,normal_std10_L4_c1_2,4,repeat_1.8,1650.91,0
168,normal_std10_L4_c1_2,4,repeat_2.9,1393.0,0
168,normal_std10_L4_c1_2,4,repeat_3.2,857.4,0
168,normal_std10_L4_c1_2,4,repeat_3.3,872.48,0
168,normal_std10_L4_c1_2,4,repeat_3.6,1143.88,0
168,normal_std10_L4_c1_2,4,repeat_3.7,1211.14,0
168,normal_std10_L4_c1_2,4,repeat_4,865.0,0
168,normal_std10_L4_c1_2,4,repeat_4.1,894.7,0
168,normal_std10_L4_c1_2,4,repeat_4.2,897.05,0
168,normal_std10_L4_c1_2,4,repeat_4.3,961.67,0
168,normal_std10_L4_c1_2,4,repeat_4.4,962.1,0
168,normal_std10_L4_c1_2,4,repeat_4.9,1121.64,0
168,normal_std10_L4_c1_2,4,repeat_5,860.28,0
168,normal_std10_L4_c1_2,4,repeat_5.1,941.98,0
168,normal_std10_L4_c1_2,4,repeat_5.2,950.41,0
168,normal_std10_L4_c1_2,4,repeat_5.4,1546.46,0
168,normal_std10_L4_c1_2,4,repeat_5.5,1577.36,0
168,normal_std10_L4_c1_2,4,repeat_5.6,1645.92,0
168,normal_std10_L4_c1_2,4,repeat_5.8,1704.28,0
168,normal_std10_L4_c1_2,4,repeat_5.9,1718.3,0
168,normal_std10_L4_c1_2,4,repeat_8.2,849.86,0
168,normal_std10_L4_c1_2,4,repeat_8.3,850.18,0
168,normal_std10_L4_c1_2,4,repeat_8.4,872.1,0
168,normal_std10_L4_c1_2,4,repeat_8.5,911.12,0
168,normal_std10_L4_c1_2,4,repeat_8.6,942.82,0
168,normal_std10_L4_c1_2,4,repeat_8.7,944.18,0
168,normal_std10_L4_c1_2,4,repeat_9.8,1091.07,0
168,normal_std10_L4_c1_2,4,repeat_9.9,1124.38,0
168,normal_std10_L4_c1_2,4,repeat_10.3,1559.38,0
168,normal_std10_L4_c1_2,4,repeat_10.4,1582.3,0
168,normal_std10_L4_c1_2,4,repeat_10.5,1614.74,0
168,normal_std10_L4_c1_2,4,repeat_10.6,1648.84,0
168,normal_std10_L4_c1_2,4,repeat_10.9,1695.02,0
170,normal_std10_L4_c1_2,5,repeat_1.3,1218.28,0
170,normal_std10_L4_c1_2,5,repeat_1.6,1545.65,0
170,normal_std10_L4_c1_2,5,repeat_1.7,1545.72,0
170,normal_std10_L4_c1_2,5,repeat_1.8,1563.86,0
170,normal_std10_L4_c1_2,5,repeat_1.9,1626.13,0
170,normal_std10_L4_c1_2,5,repeat_2.5,1111.52,0
170,normal_std10_L4_c1_2,5,repeat_2.6,1191.96,0
170,normal_std10_L4_c1_2,5,repeat_3.5,857.4,0
170,normal_std10_L4_c1_2,5,repeat_3.6,872.48,0
170,normal_std10_L4_c1_2,5,repeat_3.9,1104.78,0
170,normal_std10_L4_c1_2,5,repeat_4,849.24,0
170,normal_std10_L4_c1_2,5,repeat_4.1,862.49,0
170,normal_std10_L4_c1_2,5,repeat_4.2,865.0,0
170,normal_std10_L4_c1_2,5,repeat_4.3,869.73,0
170,normal_std10_L4_c1_2,5,repeat_4.4,892.09,0
170,normal_std10_L4_c1_2,5,repeat_4.5,894.7,0
170,normal_std10_L4_c1_2,5,repeat_4.6,897.05,0
170,normal_std10_L4_c1_2,5,repeat_4.7,904.12,0
170,normal_std10_L4_c1_2,5,repeat_4.9,961.67,0
170,normal_std10_L4_c1_2,5,repeat_5,860.28,0
170,normal_std10_L4_c1_2,5,repeat_5.1,941.98,0
170,normal_std10_L4_c1_2,5,repeat_5.2,943.27,0
170,normal_std10_L4_c1_2,5,repeat_5.3,944.01,0
170,normal_std10_L4_c1_2,5,repeat_5.4,950.41,0
170,normal_std10_L4_c1_2,5,repeat_5.6,1411.74,0
170,normal_std10_L4_c1_2,5,repeat_5.8,1470.42,0
170,normal_std10_L4_c1_2,5,repeat_5.9,1546.46,0
170,normal_std10_L4_c1_2,5,repeat_8.3,849.86,0
170,normal_std10_L4_c1_2,5,repeat_8.4,850.18,0
170,normal_std10_L4_c1_2,5,repeat_8.5,872.1,0
170,normal_std10_L4_c1_2,5,repeat_8.6,874.16,0
170,normal_std10_L4_c1_2,5,repeat_8.7,911.12,0
170,normal_std10_L4_c1_2,5,repeat_8.8,932.2,0
170,normal_std10_L4_c1_2,5,repeat_8.9,942.82,0
170,normal_std10_L4_c1_2,5,repeat_10.5,1140.88,0
170,normal_std10_L4_c1_2,5,repeat_10.7,1559.38,0
170,normal_std10_L4_c1_2,5,repeat_10.8,1582.3,0
170,normal_std10_L4_c1_2,5,repeat_10.9,1614.74,0
172,normal_std10_L4_c1_2,6,repeat_1.3,1218.28,0
172,normal_std10_L4_c1_2,6,repeat_1.6,1537.75,0
172,normal_std10_L4_c1_2,6,repeat_1.7,1545.65,0
172,normal_std10_L4_c1_2,6,repeat_1.8,1545.72,0
172,normal_std10_L4_c1_2,6,repeat_1.9,1559.42,0
172,normal_std10_L4_c1_2,6,repeat_2.4,874.92,0
172,normal_std10_L4_c1_2,6,repeat_3.9,857.4,0
172,normal_std10_L4_c1_2,6,repeat_4,849.24,0
172,normal_std10_L4_c1_2,6,repeat_4.1,862.49,0
172,normal_std10_L4_c1_2,6,repeat_4.2,865.0,0
172,normal_std10_L4_c1_2,6,repeat_4.3,869.73,0
172,normal_std10_L4_c1_2,6,repeat_4.4,892.09,0
172,normal_std10_L4_c1_2,6,repeat_4.5,894.7,0
172,normal_std10_L4_c1_2,6,repeat_4.6,897.05,0
172,normal_std10_L4_c1_2,6,repeat_4.7,904.12,0
172,normal_std10_L4_c1_2,6,repeat_4.8,904.9,0
172,normal_std10_L4_c1_2,6,repeat_5,860.28,0
172,normal_std10_L4_c1_2,6,repeat_5.1,941.98,0
172,normal_std10_L4_c1_2,6,repeat_5.2,943.27,0
172,normal_std10_L4_c1_2,6,repeat_5.3,944.01,0
172,normal_std10_L4_c1_2,6,repeat_5.4,944.54,0
172,normal_std10_L4_c1_2,6,repeat_5.5,950.41,0
172,normal_std10_L4_c1_2,6,repeat_5.6,962.73,0
172,normal_std10_L4_c1_2,6,repeat_5.9,1172.46,0
172,normal_std10_L4_c1_2,6,repeat_8.4,849.86,0
172,normal_std10_L4_c1_2,6,repeat_8.5,850.18,0
172,normal_std10_L4_c1_2,6,repeat_8.6,872.1,0
172,normal_std10_L4_c1_2,6,repeat_8.7,874.16,0
172,normal_std10_L4_c1_2,6,repeat_8.8,911.12,0
172,normal_std10_L4_c1_2,6,repeat_8.9,932.2,0
172,normal_std10_L4_c1_2,6,repeat_10.5,1140.88,0
172,normal_std10_L4_c1_2,6,repeat_10.7,1559.38,0
172,normal_std10_L4_c1_2,6,repeat_10.8,1582.3,0
172,normal_std10_L4_c1_2,6,repeat_10.9,1614.74,0
174,normal_std10_L4_c1_2,7,repeat_1.3,1127.71,0
174,normal_std10_L4_c1_2,7,repeat_1.4,1218.28,0
174,normal_std10_L4_c1_2,7,repeat_1.6,1400.84,0
174,normal_std10_L4_c1_2,7,repeat_1.9,1537.75,0
174,normal_std10_L4_c1_2,7,repeat_2.5,860.48,0
174,normal_std10_L4_c1_2,7,repeat_2.6,868.6,0
174,normal_std10_L4_c1_2,7,repeat_2.7,869.02,0
174,normal_std10_L4_c1_2,7,repeat_2.8,872.84,0
174,normal_std10_L4_c1_2,7,repeat_2.9,874.92,0
174,normal_std10_L4_c1_2,7,repeat_4,849.24,0
174,normal_std10_L4_c1_2,7,repeat_4.1,862.49,0
174,normal_std10_L4_c1_2,7,repeat_4.2,865.0,0
174,normal_std10_L4_c1_2,7,repeat_4.3,869.73,0
174,normal_std10_L4_c1_2,7,repeat_4.4,892.09,0
174,normal_std10_L4_c1_2,7,repeat_4.5,894.7,0
174,normal_std10_L4_c1_2,7,repeat_4.6,897.05,0
174,normal_std10_L4_c1_2,7,repeat_4.7,904.12,0
174,normal_std10_L4_c1_2,7,repeat_4.8,904.9,0
174,normal_std10_L4_c1_2,7,repeat_5.1,860.28,0
174,normal_std10_L4_c1_2,7,repeat_5.2,941.94,0
174,normal_std10_L4_c1_2,7,repeat_5.3,941.98,0
174,normal_std10_L4_c1_2,7,repeat_5.4,943.27,0
174,normal_std10_L4_c1_2,7,repeat_5.5,944.01,0
174,normal_std10_L4_c1_2,7,repeat_5.6,944.54,0
174,normal_std10_L4_c1_2,7,repeat_5.7,950.41,0
174,normal_std10_L4_c1_2,7,repeat_5.8,962.73,0
174,normal_std10_L4_c1_2,7,repeat_8.4,846.32,0
174,normal_std10_L4_c1_2,7,repeat_8.5,849.86,0
174,normal_std10_L4_c1_2,7,repeat_8.6,850.18,0
174,normal_std10_L4_c1_2,7,repeat_8.7,872.1,0
174,normal_std10_L4_c1_2,7,repeat_8.8,874.16,0
174,normal_std10_L4_c1_2,7,repeat_8.9,884.82,0
174,normal_std10_L4_c1_2,7,repeat_10.5,1140.88,0
174,normal_std10_L4_c1_2,7,repeat_10.7,1559.38,0
174,normal_std10_L4_c1_2,7,repeat_10.8,1582.3,0
174,normal_std10_L4_c1_2,7,repeat_10.9,1614.74,0
176,normal_std10_L4_c1_2,8,repeat_1.3,1106.71,0
176,normal_std10_L4_c1_2,8,repeat_1.4,1127.71,0
176,normal_std10_L4_c1_2,8,repeat_1.5,1200.0,0
176,normal_std10_L4_c1_2,8,repeat_1.6,1218.28,0
176,normal_std10_L4_c1_2,8,repeat_1.8,1306.52,0
176,normal_std10_L4_c1_2,8,repeat_2.7,849.24,0
176,normal_std10_L4_c1_2,8,repeat_2.8,860.48,0
176,normal_std10_L4_c1_2,8,repeat_2.9,862.14,0
176,normal_std10_L4_c1_2,8,repeat_4.1,849.24,0
176,normal_std10_L4_c1_2,8,repeat_4.2,862.49,0
176,normal_std10_L4_c1_2,8,repeat_4.3,865.0,0
176,normal_std10_L4_c1_2,8,repeat_4.4,869.73,0
176,normal_std10_L4_c1_2,8,repeat_4.5,892.09,0
176,normal_std10_L4_c1_2,8,repeat_4.6,894.7,0
176,normal_std10_L4_c1_2,8,repeat_4.7,897.05,0
176,normal_std10_L4_c1_2,8,repeat_4.8,904.12,0
176,normal_std10_L4_c1_2,8,repeat_4.9,904.9,0
176,normal_std10_L4_c1_2,8,repeat_5.1,860.28,0
176,normal_std10_L4_c1_2,8,repeat_5.2,941.94,0
176,normal_std10_L4_c1_2,8,repeat_5.3,941.98,0
176,normal_std10_L4_c1_2,8,repeat_5.4,943.27,0
176,normal_std10_L4_c1_2,8,repeat_5.5,944.01,0
176,normal_std10_L4_c1_2,8,repeat_5.6,944.54,0
176,normal_std10_L4_c1_2,8,repeat_5.7,945.28,0
176,normal_std10_L4_c1_2,8,repeat_5.8,945.4,0
176,normal_std10_L4_c1_2,8,repeat_5.9,950.41,0
176,normal_std10_L4_c1_2,8,repeat_8.1,824.62,0
176,normal_std10_L4_c1_2,8,repeat_8.6,846.32,0
176,normal_std10_L4_c1_2,8,repeat_8.7,849.86,0
176,normal_std10_L4_c1_2,8,repeat_8.8,850.18,0
176,normal_std10_L4_c1_2,8,repeat_8.9,872.1,0
176,normal_std10_L4_c1_2,8,repeat_9.1,895.33,0
176,normal_std10_L4_c1_2,8,repeat_9.5,938.22,0
176,normal_std10_L4_c1_2,8,repeat_9.6,942.15,0
176,normal_std10_L4_c1_2,8,repeat_9.7,943.34,0
176,normal_std10_L4_c1_2,8,repeat_9.8,949.9,0
176,normal_std10_L4_c1_2,8,repeat_10.9,1140.88,0
178,normal_std10_L4_c1_2,9,repeat_1.6,1106.71,0
178,normal_std10_L4_c1_2,9,repeat_1.7,1127.71,0
178,normal_std10_L4_c1_2,9,repeat_1.8,1200.0,0
178,normal_std10_L4_c1_2,9,repeat_1.9,1218.28,0
178,normal_std10_L4_c1_2,9,repeat_4.1,849.24,0
178,normal_std10_L4_c1_2,9,repeat_4.2,849.29,0
178,normal_std10_L4_c1_2,9,repeat_4.3,862.49,0
178,normal_std10_L4_c1_2,9,repeat_4.4,865.0,0
178,normal_std10_L4_c1_2,9,repeat_4.5,869.73,0
178,normal_std10_L4_c1_2,9,repeat_4.6,892.09,0
178,normal_std10_L4_c1_2,9,repeat_4.7,894.44,0
178,normal_std10_L4_c1_2,9,repeat_4.8,894.7,0
178,normal_std10_L4_c1_2,9,repeat_4.9,897.05,0
178,normal_std10_L4_c1_2,9,repeat_5.1,848.06,0
178,normal_std10_L4_c1_2,9,repeat_5.2,860.28,0
178,normal_std10_L4_c1_2,9,repeat_5.3,941.94,0
178,normal_std10_L4_c1_2,9,repeat_5.4,941.98,0
178,normal_std10_L4_c1_2,9,repeat_5.5,942.57,0
178,normal_std10_L4_c1_2,9,repeat_5.6,943.27,0
178,normal_std10_L4_c1_2,9,repeat_5.7,944.01,0
178,normal_std10_L4_c1_2,9,repeat_5.8,944.54,0
178,normal_std10_L4_c1_2,9,repeat_5.9,945.28,0
178,normal_std10_L4_c1_2,9,repeat_8.1,824.62,0
178,normal_std10_L4_c1_2,9,repeat_8.6,846.32,0
178,normal_std10_L4_c1_2,9,repeat_8.7,849.86,0
178,normal_std10_L4_c1_2,9,repeat_8.8,850.18,0
178,normal_std10_L4_c1_2,9,repeat_8.9,872.1,0
178,normal_std10_L4_c1_2,9,repeat_9.5,851.87,0
178,normal_std10_L4_c1_2,9,repeat_9.6,853.06,0
178,normal_std10_L4_c1_2,9,repeat_9.7,895.33,0
178,normal_std10_L4_c1_2,9,repeat_10.3,852.48,0
178,normal_std10_L4_c1_2,9,repeat_10.4,857.38,0
178,normal_std10_L4_c1_2,9,repeat_10.6,969.92,0
180,normal_std10_L4_c1_2,10,repeat_1.9,1106.71,0
180,normal_std10_L4_c1_2,10,repeat_4.2,849.24,0
180,normal_std10_L4_c1_2,10,repeat_4.3,849.29,0
180,normal_std10_L4_c1_2,10,repeat_4.4,862.49,0
180,normal_std10_L4_c1_2,10,repeat_4.5,865.0,0
180,normal_std10_L4_c1_2,10,repeat_4.6,869.73,0
180,normal_std10_L4_c1_2,10,repeat_4.7,892.09,0
180,normal_std10_L4_c1_2,10,repeat_4.8,894.44,0
180,normal_std10_L4_c1_2,10,repeat_4.9,894.7,0
180,normal_std10_L4_c1_2,10,repeat_5.1,848.06,0
180,normal_std10_L4_c1_2,10,repeat_5.2,860.28,0
180,normal_std10_L4_c1_2,10,repeat_5.3,878.37,0
180,normal_std10_L4_c1_2,10,repeat_5.4,941.94,0
180,normal_std10_L4_c1_2,10,repeat_5.5,941.98,0
180,normal_std10_L4_c1_2,10,repeat_5.6,942.57,0
180,normal_std10_L4_c1_2,10,repeat_5.7,943.27,0
180,normal_std10_L4_c1_2,10,repeat_5.8,944.01,0
180,normal_std10_L4_c1_2,10,repeat_5.9,944.54,0
180,normal_std10_L4_c1_2,10,repeat_8.1,824.62,0
180,normal_std10_L4_c1_2,10,repeat_8.6,846.32,0
180,normal_std10_L4_c1_2,10,repeat_8.7,849.86,0
180,normal_std10_L4_c1_2,10,repeat_8.8,850.18,0
180,normal_std10_L4_c1_2,10,repeat_8.9,855.44,0
180,normal_std10_L4_c1_2,10,repeat_9.4,826.77,0
180,normal_std10_L4_c1_2,10,repeat_9.8,847.42,0
180,normal_std10_L4_c1_2,10,repeat_9.9,851.87,0
180,normal_std10_L4_c1_2,10,repeat_10.3,852.48,0
180,normal_std10_L4_c1_2,10,repeat_10.4,857.38,0
180,normal_std10_L4_c1_2,10,repeat_10.6,969.92,0
182,normal_std10_L4_c1_5,1,repeat_1,2255.54,0
182,normal_std10_L4_c1_5,1,repeat_1.1,2255.55,0
182,normal_std10_L4_c1_5,1,repeat_1.2,2293.07,0
182,normal_std10_L4_c1_5,1,repeat_1.3,2755.09,0
182,normal_std10_L4_c1_5,1,repeat_1.4,2768.9,0
182,normal_std10_L4_c1_5,1,repeat_1.5,2891.08,0
182,normal_std10_L4_c1_5,1,repeat_1.6,4289.43,0
182,normal_std10_L4_c1_5,1,repeat_1.7,4645.44,0
182,normal_std10_L4_c1_5,1,repeat_1.8,4789.76,0
182,normal_std10_L4_c1_5,1,repeat_1.9,30200.91,0
182,normal_std10_L4_c1_5,1,repeat_2,2159.18,0
182,normal_std10_L4_c1_5,1,repeat_2.1,2229.37,0
182,normal_std10_L4_c1_5,1,repeat_2.2,2255.54,0
182,normal_std10_L4_c1_5,1,repeat_2.3,2255.54,0
182,normal_std10_L4_c1_5,1,repeat_2.4,2255.55,0
182,normal_std10_L4_c1_5,1,repeat_2.5,3413.82,0
182,normal_std10_L4_c1_5,1,repeat_2.6,7416.88,0
182,normal_std10_L4_c1_5,1,repeat_3,2255.54,0
182,normal_std10_L4_c1_5,1,repeat_3.1,2255.54,0
182,normal_std10_L4_c1_5,1,repeat_3.2,2255.55,0
182,normal_std10_L4_c1_5,1,repeat_3.3,2255.55,0
182,normal_std10_L4_c1_5,1,repeat_3.4,2423.2,0
182,normal_std10_L4_c1_5,1,repeat_3.5,2716.98,0
182,normal_std10_L4_c1_5,1,repeat_3.6,3824.03,0
182,normal_std10_L4_c1_5,1,repeat_3.7,5745.83,0
182,normal_std10_L4_c1_5,1,repeat_4,2255.54,0
182,normal_std10_L4_c1_5,1,repeat_4.1,2255.54,0
182,normal_std10_L4_c1_5,1,repeat_4.2,2369.91,0
182,normal_std10_L4_c1_5,1,repeat_4.3,2493.52,0
182,normal_std10_L4_c1_5,1,repeat_4.4,2638.46,0
182,normal_std10_L4_c1_5,1,repeat_4.5,2768.9,0
182,normal_std10_L4_c1_5,1,repeat_4.6,2961.53,0
182,normal_std10_L4_c1_5,1,repeat_4.7,3553.58,0
182,normal_std10_L4_c1_5,1,repeat_4.8,12674.32,0
182,normal_std10_L4_c1_5,1,repeat_4.9,16074.12,0
182,normal_std10_L4_c1_5,1,repeat_5,2110.06,0
182,normal_std10_L4_c1_5,1,repeat_5.1,2226.58,0
182,normal_std10_L4_c1_5,1,repeat_5.2,2255.53,0
182,normal_std10_L4_c1_5,1,repeat_5.3,2255.54,0
182,normal_std10_L4_c1_5,1,repeat_5.4,2586.24,0
182,normal_std10_L4_c1_5,1,repeat_5.5,2768.9,0
182,normal_std10_L4_c1_5,1,repeat_5.6,2789.32,0
182,normal_std10_L4_c1_5,1,repeat_5.7,3107.48,0
182,normal_std10_L4_c1_5,1,repeat_5.8,4077.72,0
182,normal_std10_L4_c1_5,1,repeat_5.9,4444.48,0
182,normal_std10_L4_c1_5,1,repeat_6,2255.54,0
182,normal_std10_L4_c1_5,1,repeat_7,2255.54,0
182,normal_std10_L4_c1_5,1,repeat_7.1,2255.55,0
182,normal_std10_L4_c1_5,1,repeat_7.2,2470.68,0
182,normal_std10_L4_c1_5,1,repeat_7.3,2732.78,0
182,normal_std10_L4_c1_5,1,repeat_7.4,2869.49,0
182,normal_std10_L4_c1_5,1,repeat_7.5,2888.57,0
182,normal_std10_L4_c1_5,1,repeat_7.6,3356.12,0
182,normal_std10_L4_c1_5,1,repeat_7.7,3366.76,0
182,normal_std10_L4_c1_5,1,repeat_7.8,3696.25,0
182,normal_std10_L4_c1_5,1,repeat_7.9,4775.75,0
182,normal_std10_L4_c1_5,1,repeat_8,2255.54,0
182,normal_std10_L4_c1_5,1,repeat_9,1595.82,0
182,normal_std10_L4_c1_5,1,repeat_9.1,1906.92,0
182,normal_std10_L4_c1_5,1,repeat_9.2,2188.33,0
182,normal_std10_L4_c1_5,1,repeat_9.3,2255.54,0
182,normal_std10_L4_c1_5,1,repeat_9.4,2586.18,0
182,normal_std10_L4_c1_5,1,repeat_9.5,2757.22,0
182,normal_std10_L4_c1_5,1,repeat_9.6,2765.28,0
182,normal_std10_L4_c1_5,1,repeat_9.7,2888.57,0
182,normal_std10_L4_c1_5,1,repeat_9.8,2888.57,0
182,normal_std10_L4_c1_5,1,repeat_9.9,16074.12,0
182,normal_std10_L4_c1_5,1,repeat_10,1547.34,0
182,normal_std10_L4_c1_5,1,repeat_10.1,2255.54,0
182,normal_std10_L4_c1_5,1,repeat_10.2,2255.54,0
182,normal_std10_L4_c1_5,1,repeat_10.3,2255.98,0
182,normal_std10_L4_c1_5,1,repeat_10.4,2471.94,0
182,normal_std10_L4_c1_5,1,repeat_10.5,2516.96,0
182,normal_std10_L4_c1_5,1,repeat_10.6,3324.06,0
182,normal_std10_L4_c1_5,1,repeat_10.7,3599.16,0
182,normal_std10_L4_c1_5,1,repeat_10.8,4884.48,0
182,normal_std10_L4_c1_5,1,repeat_10.9,17574.12,0
184,normal_std10_L4_c1_5,2,repeat_1,2255.54,0
184,normal_std10_L4_c1_5,2,repeat_1.1,2255.54,0
184,normal_std10_L4_c1_5,2,repeat_1.2,2255.55,0
184,normal_std10_L4_c1_5,2,repeat_1.3,2257.83,0
184,normal_std10_L4_c1_5,2,repeat_1.4,2271.85,0
184,normal_std10_L4_c1_5,2,repeat_1.5,2285.89,0
184,normal_std10_L4_c1_5,2,repeat_1.6,2293.07,0
184,normal_std10_L4_c1_5,2,repeat_1.7,2507.76,0
184,normal_std10_L4_c1_5,2,repeat_1.8,2755.09,0
184,normal_std10_L4_c1_5,2,repeat_1.9,2768.9,0
184,normal_std10_L4_c1_5,2,repeat_2,2159.18,0
184,normal_std10_L4_c1_5,2,repeat_2.1,2216.68,0
184,normal_std10_L4_c1_5,2,repeat_2.2,2229.37,0
184,normal_std10_L4_c1_5,2,repeat_2.3,2255.52,0
184,normal_std10_L4_c1_5,2,repeat_2.4,2255.54,0
184,normal_std10_L4_c1_5,2,repeat_2.5,2255.54,0
184,normal_std10_L4_c1_5,2,repeat_2.6,2255.55,0
184,normal_std10_L4_c1_5,2,repeat_2.7,2255.98,0
184,normal_std10_L4_c1_5,2,repeat_2.8,2258.12,0
184,normal_std10_L4_c1_5,2,repeat_2.9,2334.0,0
184,normal_std10_L4_c1_5,2,repeat_3,2240.75,0
184,normal_std10_L4_c1_5,2,repeat_3.1,2255.54,0
184,normal_std10_L4_c1_5,2,repeat_3.2,2255.54,0
184,normal_std10_L4_c1_5,2,repeat_3.3,2255.54,0
184,normal_std10_L4_c1_5,2,repeat_3.4,2255.55,0
184,normal_std10_L4_c1_5,2,repeat_3.5,2255.55,0
184,normal_std10_L4_c1_5,2,repeat_3.6,2261.49,0
184,normal_std10_L4_c1_5,2,repeat_3.7,2288.3,0
184,normal_std10_L4_c1_5,2,repeat_3.8,2338.34,0
184,normal_std10_L4_c1_5,2,repeat_3.9,2423.2,0
184,normal_std10_L4_c1_5,2,repeat_4,2057.55,0
184,normal_std10_L4_c1_5,2,repeat_4.1,2247.58,0
184,normal_std10_L4_c1_5,2,repeat_4.2,2255.54,0
184,normal_std10_L4_c1_5,2,repeat_4.3,2255.54,0
184,normal_std10_L4_c1_5,2,repeat_4.4,2258.98,0
184,normal_std10_L4_c1_5,2,repeat_4.5,2369.91,0
184,normal_std10_L4_c1_5,2,repeat_4.6,2465.27,0
184,normal_std10_L4_c1_5,2,repeat_4.7,2493.52,0
184,normal_std10_L4_c1_5,2,repeat_4.8,2638.46,0
184,normal_std10_L4_c1_5,2,repeat_4.9,2768.9,0
184,normal_std10_L4_c1_5,2,repeat_5,1519.84,0
184,normal_std10_L4_c1_5,2,repeat_5.1,1584.33,0
184,normal_std10_L4_c1_5,2,repeat_5.2,2110.06,0
184,normal_std10_L4_c1_5,2,repeat_5.3,2132.28,0
184,normal_std10_L4_c1_5,2,repeat_5.4,2179.67,0
184,normal_std10_L4_c1_5,2,repeat_5.5,2226.58,0
184,normal_std10_L4_c1_5,2,repeat_5.6,2228.46,0
184,normal_std10_L4_c1_5,2,repeat_5.7,2255.53,0
184,normal_std10_L4_c1_5,2,repeat_5.8,2255.54,0
184,normal_std10_L4_c1_5,2,repeat_5.9,2255.55,0
184,normal_std10_L4_c1_5,2,repeat_6,1506.94,0
184,normal_std10_L4_c1_5,2,repeat_6.1,1818.1,0
184,normal_std10_L4_c1_5,2,repeat_6.2,2255.54,0
184,normal_std10_L4_c1_5,2,repeat_6.3,2255.55,0
184,normal_std10_L4_c1_5,2,repeat_6.4,2255.98,0
184,normal_std10_L4_c1_5,2,repeat_6.5,2276.54,0
184,normal_std10_L4_c1_5,2,repeat_6.6,2571.2,0
184,normal_std10_L4_c1_5,2,repeat_6.7,2768.9,0
184,normal_std10_L4_c1_5,2,repeat_6.8,3013.93,0
184,normal_std10_L4_c1_5,2,repeat_6.9,3603.96,0
184,normal_std10_L4_c1_5,2,repeat_7,2255.54,0
184,normal_std10_L4_c1_5,2,repeat_7.1,2255.55,0
184,normal_std10_L4_c1_5,2,repeat_7.2,2470.68,0
184,normal_std10_L4_c1_5,2,repeat_7.3,2732.78,0
184,normal_std10_L4_c1_5,2,repeat_7.4,2869.49,0
184,normal_std10_L4_c1_5,2,repeat_7.5,2888.57,0
184,normal_std10_L4_c1_5,2,repeat_7.6,3356.12,0
184,normal_std10_L4_c1_5,2,repeat_7.7,3366.76,0
184,normal_std10_L4_c1_5,2,repeat_7.8,3696.25,0
184,normal_std10_L4_c1_5,2,repeat_7.9,4775.75,0
184,normal_std10_L4_c1_5,2,repeat_8,2255.54,0
184,normal_std10_L4_c1_5,2,repeat_8.1,2255.54,0
184,normal_std10_L4_c1_5,2,repeat_8.2,2255.54,0
184,normal_std10_L4_c1_5,2,repeat_8.3,2255.54,0
184,normal_std10_L4_c1_5,2,repeat_8.4,2255.54,0
184,normal_std10_L4_c1_5,2,repeat_8.5,2255.55,0
184,normal_std10_L4_c1_5,2,repeat_8.6,2985.26,0
184,normal_std10_L4_c1_5,2,repeat_8.7,3842.85,0
184,normal_std10_L4_c1_5,2,repeat_8.8,4126.14,0
184,normal_std10_L4_c1_5,2,repeat_8.9,8864.39,0
184,normal_std10_L4_c1_5,2,repeat_9,1595.82,0
184,normal_std10_L4_c1_5,2,repeat_9.1,1906.92,0
184,normal_std10_L4_c1_5,2,repeat_9.2,2188.33,0
184,normal_std10_L4_c1_5,2,repeat_9.3,2255.54,0
184,normal_std10_L4_c1_5,2,repeat_9.4,2586.18,0
184,normal_std10_L4_c1_5,2,repeat_9.5,2757.22,0
184,normal_std10_L4_c1_5,2,repeat_9.6,2765.28,0
184,normal_std10_L4_c1_5,2,repeat_9.7,2888.57,0
184,normal_std10_L4_c1_5,2,repeat_9.8,2888.57,0
184,normal_std10_L4_c1_5,2,repeat_9.9,16074.12,0
184,normal_std10_L4_c1_5,2,repeat_10,1547.34,0
184,normal_std10_L4_c1_5,2,repeat_10.1,1930.36,0
184,normal_std10_L4_c1_5,2,repeat_10.2,1948.82,0
184,normal_std10_L4_c1_5,2,repeat_10.3,2049.16,0
184,normal_std10_L4_c1_5,2,repeat_10.4,2255.54,0
184,normal_std10_L4_c1_5,2,repeat_10.5,2255.54,0
184,normal_std10_L4_c1_5,2,repeat_10.6,2255.98,0
184,normal_std10_L4_c1_5,2,repeat_10.7,2338.34,0
184,normal_std10_L4_c1_5,2,repeat_10.8,2439.58,0
184,normal_std10_L4_c1_5,2,repeat_10.9,2470.67,0
186,normal_std10_L4_c1_5,3,repeat_1,1553.27,0
186,normal_std10_L4_c1_5,3,repeat_1.1,2255.53,0
186,normal_std10_L4_c1_5,3,repeat_1.2,2255.54,0
186,normal_std10_L4_c1_5,3,repeat_1.3,2255.54,0
186,normal_std10_L4_c1_5,3,repeat_1.4,2255.55,0
186,normal_std10_L4_c1_5,3,repeat_1.5,2257.83,0
186,normal_std10_L4_c1_5,3,repeat_1.6,2259.32,0
186,normal_std10_L4_c1_5,3,repeat_1.7,2271.85,0
186,normal_std10_L4_c1_5,3,repeat_1.8,2285.89,0
186,normal_std10_L4_c1_5,3,repeat_1.9,2293.07,0
186,normal_std10_L4_c1_5,3,repeat_2,2159.18,0
186,normal_std10_L4_c1_5,3,repeat_2.1,2164.36,0
186,normal_std10_L4_c1_5,3,repeat_2.2,2167.6,0
186,normal_std10_L4_c1_5,3,repeat_2.3,2169.96,0
186,normal_std10_L4_c1_5,3,repeat_2.4,2215.14,0
186,normal_std10_L4_c1_5,3,repeat_2.5,2216.68,0
186,normal_std10_L4_c1_5,3,repeat_2.6,2229.37,0
186,normal_std10_L4_c1_5,3,repeat_2.7,2255.52,0
186,normal_std10_L4_c1_5,3,repeat_2.8,2255.54,0
186,normal_std10_L4_c1_5,3,repeat_2.9,2255.54,0
186,normal_std10_L4_c1_5,3,repeat_3,2240.75,0
186,normal_std10_L4_c1_5,3,repeat_3.1,2255.54,0
186,normal_std10_L4_c1_5,3,repeat_3.2,2255.54,0
186,normal_std10_L4_c1_5,3,repeat_3.3,2255.54,0
186,normal_std10_L4_c1_5,3,repeat_3.4,2255.55,0
186,normal_std10_L4_c1_5,3,repeat_3.5,2255.55,0
186,normal_std10_L4_c1_5,3,repeat_3.6,2261.49,0
186,normal_std10_L4_c1_5,3,repeat_3.7,2288.3,0
186,normal_std10_L4_c1_5,3,repeat_3.8,2289.0,0
186,normal_std10_L4_c1_5,3,repeat_3.9,2338.34,0
186,normal_std10_L4_c1_5,3,repeat_4,2057.55,0
186,normal_std10_L4_c1_5,3,repeat_4.1,2235.44,0
186,normal_std10_L4_c1_5,3,repeat_4.2,2247.58,0
186,normal_std10_L4_c1_5,3,repeat_4.3,2255.54,0
186,normal_std10_L4_c1_5,3,repeat_4.4,2255.54,0
186,normal_std10_L4_c1_5,3,repeat_4.5,2258.98,0
186,normal_std10_L4_c1_5,3,repeat_4.6,2259.22,0
186,normal_std10_L4_c1_5,3,repeat_4.7,2369.84,0
186,normal_std10_L4_c1_5,3,repeat_4.8,2369.91,0
186,normal_std10_L4_c1_5,3,repeat_4.9,2375.88,0
186,normal_std10_L4_c1_5,3,repeat_5,1272.8,0
186,normal_std10_L4_c1_5,3,repeat_5.1,1519.84,0
186,normal_std10_L4_c1_5,3,repeat_5.2,1528.12,0
186,normal_std10_L4_c1_5,3,repeat_5.3,1583.46,0
186,normal_std10_L4_c1_5,3,repeat_5.4,1584.33,0
186,normal_std10_L4_c1_5,3,repeat_5.5,2110.06,0
186,normal_std10_L4_c1_5,3,repeat_5.6,2132.28,0
186,normal_std10_L4_c1_5,3,repeat_5.7,2179.67,0
186,normal_std10_L4_c1_5,3,repeat_5.8,2216.07,0
186,normal_std10_L4_c1_5,3,repeat_5.9,2226.58,0
186,normal_std10_L4_c1_5,3,repeat_6,1414.54,0
186,normal_std10_L4_c1_5,3,repeat_6.1,1506.94,0
186,normal_std10_L4_c1_5,3,repeat_6.2,1641.64,0
186,normal_std10_L4_c1_5,3,repeat_6.3,1818.1,0
186,normal_std10_L4_c1_5,3,repeat_6.4,2255.54,0
186,normal_std10_L4_c1_5,3,repeat_6.5,2255.54,0
186,normal_std10_L4_c1_5,3,repeat_6.6,2255.55,0
186,normal_std10_L4_c1_5,3,repeat_6.7,2255.98,0
186,normal_std10_L4_c1_5,3,repeat_6.8,2276.54,0
186,normal_std10_L4_c1_5,3,repeat_6.9,2300.56,0
186,normal_std10_L4_c1_5,3,repeat_7,2255.54,0
186,normal_std10_L4_c1_5,3,repeat_7.1,2255.55,0
186,normal_std10_L4_c1_5,3,repeat_7.2,2470.68,0
186,normal_std10_L4_c1_5,3,repeat_7.3,2732.78,0
186,normal_std10_L4_c1_5,3,repeat_7.4,2869.49,0
186,normal_std10_L4_c1_5,3,repeat_7.5,2888.57,0
186,normal_std10_L4_c1_5,3,repeat_7.6,3356.12,0
186,normal_std10_L4_c1_5,3,repeat_7.7,3366.76,0
186,normal_std10_L4_c1_5,3,repeat_7.8,3696.25,0
186,normal_std10_L4_c1_5,3,repeat_7.9,4775.75,0
186,normal_std10_L4_c1_5,3,repeat_8,2223.28,0
186,normal_std10_L4_c1_5,3,repeat_8.1,2255.52,0
186,normal_std10_L4_c1_5,3,repeat_8.2,2255.53,0
186,normal_std10_L4_c1_5,3,repeat_8.3,2255.54,0
186,normal_std10_L4_c1_5,3,repeat_8.4,2255.54,0
186,normal_std10_L4_c1_5,3,repeat_8.5,2255.54,0
186,normal_std10_L4_c1_5,3,repeat_8.6,2255.54,0
186,normal_std10_L4_c1_5,3,repeat_8.7,2255.54,0
186,normal_std10_L4_c1_5,3,repeat_8.8,2255.55,0
186,normal_std10_L4_c1_5,3,repeat_8.9,2468.36,0
186,normal_std10_L4_c1_5,3,repeat_9,1470.68,0
186,normal_std10_L4_c1_5,3,repeat_9.1,1595.82,0
186,normal_std10_L4_c1_5,3,repeat_9.2,1690.24,0
186,normal_std10_L4_c1_5,3,repeat_9.3,1906.92,0
186,normal_std10_L4_c1_5,3,repeat_9.4,2049.37,0
186,normal_std10_L4_c1_5,3,repeat_9.5,2188.33,0
186,normal_std10_L4_c1_5,3,repeat_9.6,2254.19,0
186,normal_std10_L4_c1_5,3,repeat_9.7,2255.54,0
186,normal_std10_L4_c1_5,3,repeat_9.8,2255.55,0
186,normal_std10_L4_c1_5,3,repeat_9.9,2529.04,0
186,normal_std10_L4_c1_5,3,repeat_10,1547.34,0
186,normal_std10_L4_c1_5,3,repeat_10.1,1930.36,0
186,normal_std10_L4_c1_5,3,repeat_10.2,1948.82,0
186,normal_std10_L4_c1_5,3,repeat_10.3,2049.16,0
186,normal_std10_L4_c1_5,3,repeat_10.4,2255.54,0
186,normal_std10_L4_c1_5,3,repeat_10.5,2255.54,0
186,normal_std10_L4_c1_5,3,repeat_10.6,2255.98,0
186,normal_std10_L4_c1_5,3,repeat_10.7,2338.34,0
186,normal_std10_L4_c1_5,3,repeat_10.8,2439.58,0
186,normal_std10_L4_c1_5,3,repeat_10.9,2470.67,0
188,normal_std10_L4_c1_5,4,repeat_1,1553.27,0
188,normal_std10_L4_c1_5,4,repeat_1.1,2251.88,0
188,normal_std10_L4_c1_5,4,repeat_1.2,2255.52,0
188,normal_std10_L4_c1_5,4,repeat_1.3,2255.52,0
188,normal_std10_L4_c1_5,4,repeat_1.4,2255.53,0
188,normal_std10_L4_c1_5,4,repeat_1.5,2255.54,0
188,normal_std10_L4_c1_5,4,repeat_1.6,2255.54,0
188,normal_std10_L4_c1_5,4,repeat_1.7,2255.55,0
188,normal_std10_L4_c1_5,4,repeat_1.8,2257.83,0
188,normal_std10_L4_c1_5,4,repeat_1.9,2259.32,0
188,normal_std10_L4_c1_5,4,repeat_2,2073.93,0
188,normal_std10_L4_c1_5,4,repeat_2.1,2159.18,0
188,normal_std10_L4_c1_5,4,repeat_2.2,2164.36,0
188,normal_std10_L4_c1_5,4,repeat_2.3,2167.6,0
188,normal_std10_L4_c1_5,4,repeat_2.4,2169.96,0
188,normal_std10_L4_c1_5,4,repeat_2.5,2199.76,0
188,normal_std10_L4_c1_5,4,repeat_2.6,2206.58,0
188,normal_std10_L4_c1_5,4,repeat_2.7,2215.14,0
188,normal_std10_L4_c1_5,4,repeat_2.8,2216.68,0
188,normal_std10_L4_c1_5,4,repeat_2.9,2226.88,0
188,normal_std10_L4_c1_5,4,repeat_3,2169.27,0
188,normal_std10_L4_c1_5,4,repeat_3.1,2169.88,0
188,normal_std10_L4_c1_5,4,repeat_3.2,2198.28,0
188,normal_std10_L4_c1_5,4,repeat_3.3,2212.18,0
188,normal_std10_L4_c1_5,4,repeat_3.4,2240.75,0
188,normal_std10_L4_c1_5,4,repeat_3.5,2255.54,0
188,normal_std10_L4_c1_5,4,repeat_3.6,2255.54,0
188,normal_std10_L4_c1_5,4,repeat_3.7,2255.54,0
188,normal_std10_L4_c1_5,4,repeat_3.8,2255.55,0
188,normal_std10_L4_c1_5,4,repeat_3.9,2255.55,0
188,normal_std10_L4_c1_5,4,repeat_4,1336.72,0
188,normal_std10_L4_c1_5,4,repeat_4.1,1585.37,0
188,normal_std10_L4_c1_5,4,repeat_4.2,2057.55,0
188,normal_std10_L4_c1_5,4,repeat_4.3,2235.44,0
188,normal_std10_L4_c1_5,4,repeat_4.4,2247.58,0
188,normal_std10_L4_c1_5,4,repeat_4.5,2255.54,0
188,normal_std10_L4_c1_5,4,repeat_4.6,2255.54,0
188,normal_std10_L4_c1_5,4,repeat_4.7,2255.98,0
188,normal_std10_L4_c1_5,4,repeat_4.8,2258.66,0
188,normal_std10_L4_c1_5,4,repeat_4.9,2258.98,0
188,normal_std10_L4_c1_5,4,repeat_5,1218.86,0
188,normal_std10_L4_c1_5,4,repeat_5.1,1272.8,0
188,normal_std10_L4_c1_5,4,repeat_5.2,1298.44,0
188,normal_std10_L4_c1_5,4,repeat_5.3,1497.91,0
188,normal_std10_L4_c1_5,4,repeat_5.4,1518.78,0
188,normal_std10_L4_c1_5,4,repeat_5.5,1519.84,0
188,normal_std10_L4_c1_5,4,repeat_5.6,1528.12,0
188,normal_std10_L4_c1_5,4,repeat_5.7,1583.46,0
188,normal_std10_L4_c1_5,4,repeat_5.8,1584.33,0
188,normal_std10_L4_c1_5,4,repeat_5.9,2026.46,0
188,normal_std10_L4_c1_5,4,repeat_6,1414.54,0
188,normal_std10_L4_c1_5,4,repeat_6.1,1506.94,0
188,normal_std10_L4_c1_5,4,repeat_6.2,1641.64,0
188,normal_std10_L4_c1_5,4,repeat_6.3,1818.1,0
188,normal_std10_L4_c1_5,4,repeat_6.4,2255.54,0
188,normal_std10_L4_c1_5,4,repeat_6.5,2255.54,0
188,normal_std10_L4_c1_5,4,repeat_6.6,2255.55,0
188,normal_std10_L4_c1_5,4,repeat_6.7,2255.98,0
188,normal_std10_L4_c1_5,4,repeat_6.8,2276.54,0
188,normal_std10_L4_c1_5,4,repeat_6.9,2300.56,0
188,normal_std10_L4_c1_5,4,repeat_7,2255.54,0
188,normal_std10_L4_c1_5,4,repeat_7.1,2255.55,0
188,normal_std10_L4_c1_5,4,repeat_7.2,2325.98,0
188,normal_std10_L4_c1_5,4,repeat_7.3,2470.68,0
188,normal_std10_L4_c1_5,4,repeat_7.4,2471.94,0
188,normal_std10_L4_c1_5,4,repeat_7.5,2732.78,0
188,normal_std10_L4_c1_5,4,repeat_7.6,2869.49,0
188,normal_std10_L4_c1_5,4,repeat_7.7,2888.57,0
188,normal_std10_L4_c1_5,4,repeat_7.8,3005.52,0
188,normal_std10_L4_c1_5,4,repeat_7.9,3028.81,0
188,normal_std10_L4_c1_5,4,repeat_8,2223.28,0
188,normal_std10_L4_c1_5,4,repeat_8.1,2255.52,0
188,normal_std10_L4_c1_5,4,repeat_8.2,2255.53,0
188,normal_std10_L4_c1_5,4,repeat_8.3,2255.54,0
188,normal_std10_L4_c1_5,4,repeat_8.4,2255.54,0
188,normal_std10_L4_c1_5,4,repeat_8.5,2255.54,0
188,normal_std10_L4_c1_5,4,repeat_8.6,2255.54,0
188,normal_std10_L4_c1_5,4,repeat_8.7,2255.54,0
188,normal_std10_L4_c1_5,4,repeat_8.8,2255.55,0
188,normal_std10_L4_c1_5,4,repeat_8.9,2468.36,0
188,normal_std10_L4_c1_5,4,repeat_9,1470.68,0
188,normal_std10_L4_c1_5,4,repeat_9.1,1595.82,0
188,normal_std10_L4_c1_5,4,repeat_9.2,1690.24,0
188,normal_std10_L4_c1_5,4,repeat_9.3,1906.92,0
188,normal_std10_L4_c1_5,4,repeat_9.4,2049.37,0
188,normal_std10_L4_c1_5,4,repeat_9.5,2188.33,0
188,normal_std10_L4_c1_5,4,repeat_9.6,2254.19,0
188,normal_std10_L4_c1_5,4,repeat_9.7,2255.54,0
188,normal_std10_L4_c1_5,4,repeat_9.8,2255.55,0
188,normal_std10_L4_c1_5,4,repeat_9.9,2529.04,0
188,normal_std10_L4_c1_5,4,repeat_10,1547.34,0
188,normal_std10_L4_c1_5,4,repeat_10.1,1885.62,0
188,normal_std10_L4_c1_5,4,repeat_10.2,1930.36,0
188,normal_std10_L4_c1_5,4,repeat_10.3,1948.82,0
188,normal_std10_L4_c1_5,4,repeat_10.4,1968.14,0
188,normal_std10_L4_c1_5,4,repeat_10.5,1988.52,0
188,normal_std10_L4_c1_5,4,repeat_10.6,2045.8,0
188,normal_std10_L4_c1_5,4,repeat_10.7,2049.16,0
188,normal_std10_L4_c1_5,4,repeat_10.8,2255.53,0
188,normal_std10_L4_c1_5,4,repeat_10.9,2255.54,0
190,normal_std10_L4_c1_5,5,repeat_1,1484.49,0
190,normal_std10_L4_c1_5,5,repeat_1.1,1553.27,0
190,normal_std10_L4_c1_5,5,repeat_1.2,2251.88,0
190,normal_std10_L4_c1_5,5,repeat_1.3,2255.52,0
190,normal_std10_L4_c1_5,5,repeat_1.4,2255.52,0
190,normal_std10_L4_c1_5,5,repeat_1.5,2255.53,0
190,normal_std10_L4_c1_5,5,repeat_1.6,2255.54,0
190,normal_std10_L4_c1_5,5,repeat_1.7,2255.54,0
190,normal_std10_L4_c1_5,5,repeat_1.8,2255.55,0
190,normal_std10_L4_c1_5,5,repeat_1.9,2255.98,0
190,normal_std10_L4_c1_5,5,repeat_2,2073.93,0
190,normal_std10_L4_c1_5,5,repeat_2.1,2159.18,0
190,normal_std10_L4_c1_5,5,repeat_2.2,2164.36,0
190,normal_std10_L4_c1_5,5,repeat_2.3,2167.6,0
190,normal_std10_L4_c1_5,5,repeat_2.4,2169.96,0
190,normal_std10_L4_c1_5,5,repeat_2.5,2173.86,0
190,normal_std10_L4_c1_5,5,repeat_2.6,2178.7,0
190,normal_std10_L4_c1_5,5,repeat_2.7,2182.7,0
190,normal_std10_L4_c1_5,5,repeat_2.8,2195.48,0
190,normal_std10_L4_c1_5,5,repeat_2.9,2199.76,0
190,normal_std10_L4_c1_5,5,repeat_3,1713.21,0
190,normal_std10_L4_c1_5,5,repeat_3.1,2149.51,0
190,normal_std10_L4_c1_5,5,repeat_3.2,2149.78,0
190,normal_std10_L4_c1_5,5,repeat_3.3,2169.27,0
190,normal_std10_L4_c1_5,5,repeat_3.4,2169.88,0
190,normal_std10_L4_c1_5,5,repeat_3.5,2198.28,0
190,normal_std10_L4_c1_5,5,repeat_3.6,2212.18,0
190,normal_std10_L4_c1_5,5,repeat_3.7,2240.75,0
190,normal_std10_L4_c1_5,5,repeat_3.8,2255.54,0
190,normal_std10_L4_c1_5,5,repeat_3.9,2255.54,0
190,normal_std10_L4_c1_5,5,repeat_4,1326.63,0
190,normal_std10_L4_c1_5,5,repeat_4.1,1336.72,0
190,normal_std10_L4_c1_5,5,repeat_4.2,1361.75,0
190,normal_std10_L4_c1_5,5,repeat_4.3,1408.8,0
190,normal_std10_L4_c1_5,5,repeat_4.4,1585.25,0
190,normal_std10_L4_c1_5,5,repeat_4.5,1585.37,0
190,normal_std10_L4_c1_5,5,repeat_4.6,1909.24,0
190,normal_std10_L4_c1_5,5,repeat_4.7,2057.55,0
190,normal_std10_L4_c1_5,5,repeat_4.8,2235.44,0
190,normal_std10_L4_c1_5,5,repeat_4.9,2247.58,0
190,normal_std10_L4_c1_5,5,repeat_5,1218.86,0
190,normal_std10_L4_c1_5,5,repeat_5.1,1272.8,0
190,normal_std10_L4_c1_5,5,repeat_5.2,1298.44,0
190,normal_std10_L4_c1_5,5,repeat_5.3,1411.21,0
190,normal_std10_L4_c1_5,5,repeat_5.4,1433.2,0
190,normal_std10_L4_c1_5,5,repeat_5.5,1478.23,0
190,normal_std10_L4_c1_5,5,repeat_5.6,1497.91,0
190,normal_std10_L4_c1_5,5,repeat_5.7,1518.78,0
190,normal_std10_L4_c1_5,5,repeat_5.8,1519.84,0
190,normal_std10_L4_c1_5,5,repeat_5.9,1526.36,0
190,normal_std10_L4_c1_5,5,repeat_6,1343.4,0
190,normal_std10_L4_c1_5,5,repeat_6.1,1414.54,0
190,normal_std10_L4_c1_5,5,repeat_6.2,1506.94,0
190,normal_std10_L4_c1_5,5,repeat_6.3,1514.12,0
190,normal_std10_L4_c1_5,5,repeat_6.4,1641.64,0
190,normal_std10_L4_c1_5,5,repeat_6.5,1818.1,0
190,normal_std10_L4_c1_5,5,repeat_6.6,2042.07,0
190,normal_std10_L4_c1_5,5,repeat_6.7,2081.16,0
190,normal_std10_L4_c1_5,5,repeat_6.8,2255.54,0
190,normal_std10_L4_c1_5,5,repeat_6.9,2255.54,0
190,normal_std10_L4_c1_5,5,repeat_7,2255.54,0
190,normal_std10_L4_c1_5,5,repeat_7.1,2255.55,0
190,normal_std10_L4_c1_5,5,repeat_7.2,2257.97,0
190,normal_std10_L4_c1_5,5,repeat_7.3,2295.02,0
190,normal_std10_L4_c1_5,5,repeat_7.4,2295.1,0
190,normal_std10_L4_c1_5,5,repeat_7.5,2325.98,0
190,normal_std10_L4_c1_5,5,repeat_7.6,2466.47,0
190,normal_std10_L4_c1_5,5,repeat_7.7,2470.68,0
190,normal_std10_L4_c1_5,5,repeat_7.8,2471.94,0
190,normal_std10_L4_c1_5,5,repeat_7.9,2732.78,0
190,normal_std10_L4_c1_5,5,repeat_8,1913.98,0
190,normal_std10_L4_c1_5,5,repeat_8.1,1979.0,0
190,normal_std10_L4_c1_5,5,repeat_8.2,2223.28,0
190,normal_std10_L4_c1_5,5,repeat_8.3,2255.52,0
190,normal_std10_L4_c1_5,5,repeat_8.4,2255.53,0
190,normal_std10_L4_c1_5,5,repeat_8.5,2255.54,0
190,normal_std10_L4_c1_5,5,repeat_8.6,2255.54,0
190,normal_std10_L4_c1_5,5,repeat_8.7,2255.54,0
190,normal_std10_L4_c1_5,5,repeat_8.8,2255.54,0
190,normal_std10_L4_c1_5,5,repeat_8.9,2255.54,0
190,normal_std10_L4_c1_5,5,repeat_9,1301.48,0
190,normal_std10_L4_c1_5,5,repeat_9.1,1470.68,0
190,normal_std10_L4_c1_5,5,repeat_9.2,1487.16,0
190,normal_std10_L4_c1_5,5,repeat_9.3,1504.56,0
190,normal_std10_L4_c1_5,5,repeat_9.4,1595.82,0
190,normal_std10_L4_c1_5,5,repeat_9.5,1690.24,0
190,normal_std10_L4_c1_5,5,repeat_9.6,1906.92,0
190,normal_std10_L4_c1_5,5,repeat_9.7,2049.37,0
190,normal_std10_L4_c1_5,5,repeat_9.8,2132.22,0
190,normal_std10_L4_c1_5,5,repeat_9.9,2188.33,0
190,normal_std10_L4_c1_5,5,repeat_10,1547.34,0
190,normal_std10_L4_c1_5,5,repeat_10.1,1885.62,0
190,normal_std10_L4_c1_5,5,repeat_10.2,1930.36,0
190,normal_std10_L4_c1_5,5,repeat_10.3,1948.82,0
190,normal_std10_L4_c1_5,5,repeat_10.4,1968.14,0
190,normal_std10_L4_c1_5,5,repeat_10.5,1988.52,0
190,normal_std10_L4_c1_5,5,repeat_10.6,2045.8,0
190,normal_std10_L4_c1_5,5,repeat_10.7,2049.16,0
190,normal_std10_L4_c1_5,5,repeat_10.8,2255.53,0
190,normal_std10_L4_c1_5,5,repeat_10.9,2255.54,0
192,normal_std10_L4_c1_5,6,repeat_1,1304.39,0
192,normal_std10_L4_c1_5,6,repeat_1.1,1484.49,0
192,normal_std10_L4_c1_5,6,repeat_1.2,1553.27,0
192,normal_std10_L4_c1_5,6,repeat_1.3,1949.4,0
192,normal_std10_L4_c1_5,6,repeat_1.4,2036.22,0
192,normal_std10_L4_c1_5,6,repeat_1.5,2251.88,0
192,normal_std10_L4_c1_5,6,repeat_1.6,2255.52,0
192,normal_std10_L4_c1_5,6,repeat_1.7,2255.52,0
192,normal_std10_L4_c1_5,6,repeat_1.8,2255.53,0
192,normal_std10_L4_c1_5,6,repeat_1.9,2255.54,0
192,normal_std10_L4_c1_5,6,repeat_2,2061.89,0
192,normal_std10_L4_c1_5,6,repeat_2.1,2073.93,0
192,normal_std10_L4_c1_5,6,repeat_2.2,2126.3,0
192,normal_std10_L4_c1_5,6,repeat_2.3,2150.02,0
192,normal_std10_L4_c1_5,6,repeat_2.4,2159.18,0
192,normal_std10_L4_c1_5,6,repeat_2.5,2164.36,0
192,normal_std10_L4_c1_5,6,repeat_2.6,2167.6,0
192,normal_std10_L4_c1_5,6,repeat_2.7,2169.96,0
192,normal_std10_L4_c1_5,6,repeat_2.8,2173.86,0
192,normal_std10_L4_c1_5,6,repeat_2.9,2178.7,0
192,normal_std10_L4_c1_5,6,repeat_3,1208.62,0
192,normal_std10_L4_c1_5,6,repeat_3.1,1594.51,0
192,normal_std10_L4_c1_5,6,repeat_3.2,1713.21,0
192,normal_std10_L4_c1_5,6,repeat_3.3,1794.01,0
192,normal_std10_L4_c1_5,6,repeat_3.4,2149.51,0
192,normal_std10_L4_c1_5,6,repeat_3.5,2149.78,0
192,normal_std10_L4_c1_5,6,repeat_3.6,2150.24,0
192,normal_std10_L4_c1_5,6,repeat_3.7,2159.02,0
192,normal_std10_L4_c1_5,6,repeat_3.8,2169.27,0
192,normal_std10_L4_c1_5,6,repeat_3.9,2169.88,0
192,normal_std10_L4_c1_5,6,repeat_4,1280.95,0
192,normal_std10_L4_c1_5,6,repeat_4.1,1326.63,0
192,normal_std10_L4_c1_5,6,repeat_4.2,1336.72,0
192,normal_std10_L4_c1_5,6,repeat_4.3,1337.03,0
192,normal_std10_L4_c1_5,6,repeat_4.4,1337.98,0
192,normal_std10_L4_c1_5,6,repeat_4.5,1340.56,0
192,normal_std10_L4_c1_5,6,repeat_4.6,1361.75,0
192,normal_std10_L4_c1_5,6,repeat_4.7,1375.91,0
192,normal_std10_L4_c1_5,6,repeat_4.8,1408.8,0
192,normal_std10_L4_c1_5,6,repeat_4.9,1523.25,0
192,normal_std10_L4_c1_5,6,repeat_5,1210.83,0
192,normal_std10_L4_c1_5,6,repeat_5.1,1218.86,0
192,normal_std10_L4_c1_5,6,repeat_5.2,1272.8,0
192,normal_std10_L4_c1_5,6,repeat_5.3,1298.44,0
192,normal_std10_L4_c1_5,6,repeat_5.4,1391.72,0
192,normal_std10_L4_c1_5,6,repeat_5.5,1411.21,0
192,normal_std10_L4_c1_5,6,repeat_5.6,1411.41,0
192,normal_std10_L4_c1_5,6,repeat_5.7,1416.57,0
192,normal_std10_L4_c1_5,6,repeat_5.8,1433.2,0
192,normal_std10_L4_c1_5,6,repeat_5.9,1478.23,0
192,normal_std10_L4_c1_5,6,repeat_6,1211.87,0
192,normal_std10_L4_c1_5,6,repeat_6.1,1343.4,0
192,normal_std10_L4_c1_5,6,repeat_6.2,1356.82,0
192,normal_std10_L4_c1_5,6,repeat_6.3,1357.14,0
192,normal_std10_L4_c1_5,6,repeat_6.4,1414.54,0
192,normal_std10_L4_c1_5,6,repeat_6.5,1466.7,0
192,normal_std10_L4_c1_5,6,repeat_6.6,1503.28,0
192,normal_std10_L4_c1_5,6,repeat_6.7,1506.94,0
192,normal_std10_L4_c1_5,6,repeat_6.8,1514.12,0
192,normal_std10_L4_c1_5,6,repeat_6.9,1641.64,0
192,normal_std10_L4_c1_5,6,repeat_7,1650.12,0
192,normal_std10_L4_c1_5,6,repeat_7.1,1650.14,0
192,normal_std10_L4_c1_5,6,repeat_7.2,2194.35,0
192,normal_std10_L4_c1_5,6,repeat_7.3,2255.53,0
192,normal_std10_L4_c1_5,6,repeat_7.4,2255.54,0
192,normal_std10_L4_c1_5,6,repeat_7.5,2255.55,0
192,normal_std10_L4_c1_5,6,repeat_7.6,2257.97,0
192,normal_std10_L4_c1_5,6,repeat_7.7,2270.71,0
192,normal_std10_L4_c1_5,6,repeat_7.8,2295.02,0
192,normal_std10_L4_c1_5,6,repeat_7.9,2295.1,0
192,normal_std10_L4_c1_5,6,repeat_8,1913.98,0
192,normal_std10_L4_c1_5,6,repeat_8.1,1979.0,0
192,normal_std10_L4_c1_5,6,repeat_8.2,2195.84,0
192,normal_std10_L4_c1_5,6,repeat_8.3,2223.28,0
192,normal_std10_L4_c1_5,6,repeat_8.4,2250.2,0
192,normal_std10_L4_c1_5,6,repeat_8.5,2254.93,0
192,normal_std10_L4_c1_5,6,repeat_8.6,2255.52,0
192,normal_std10_L4_c1_5,6,repeat_8.7,2255.52,0
192,normal_std10_L4_c1_5,6,repeat_8.8,2255.52,0
192,normal_std10_L4_c1_5,6,repeat_8.9,2255.53,0
192,normal_std10_L4_c1_5,6,repeat_9,1301.48,0
192,normal_std10_L4_c1_5,6,repeat_9.1,1470.68,0
192,normal_std10_L4_c1_5,6,repeat_9.2,1487.16,0
192,normal_std10_L4_c1_5,6,repeat_9.3,1504.56,0
192,normal_std10_L4_c1_5,6,repeat_9.4,1595.82,0
192,normal_std10_L4_c1_5,6,repeat_9.5,1690.24,0
192,normal_std10_L4_c1_5,6,repeat_9.6,1906.92,0
192,normal_std10_L4_c1_5,6,repeat_9.7,2049.37,0
192,normal_std10_L4_c1_5,6,repeat_9.8,2132.22,0
192,normal_std10_L4_c1_5,6,repeat_9.9,2188.33,0
192,normal_std10_L4_c1_5,6,repeat_10,1547.34,0
192,normal_std10_L4_c1_5,6,repeat_10.1,1676.84,0
192,normal_std10_L4_c1_5,6,repeat_10.2,1885.62,0
192,normal_std10_L4_c1_5,6,repeat_10.3,1930.36,0
192,normal_std10_L4_c1_5,6,repeat_10.4,1940.26,0
192,normal_std10_L4_c1_5,6,repeat_10.5,1941.52,0
192,normal_std10_L4_c1_5,6,repeat_10.6,1948.82,0
192,normal_std10_L4_c1_5,6,repeat_10.7,1968.14,0
192,normal_std10_L4_c1_5,6,repeat_10.8,1988.52,0
192,normal_std10_L4_c1_5,6,repeat_10.9,2000.7,0
194,normal_std10_L4_c1_5,7,repeat_1,1304.39,0
194,normal_std10_L4_c1_5,7,repeat_1.1,1309.92,0
194,normal_std10_L4_c1_5,7,repeat_1.2,1484.49,0
194,normal_std10_L4_c1_5,7,repeat_1.3,1553.27,0
194,normal_std10_L4_c1_5,7,repeat_1.4,1949.4,0
194,normal_std10_L4_c1_5,7,repeat_1.5,2036.22,0
194,normal_std10_L4_c1_5,7,repeat_1.6,2037.81,0
194,normal_std10_L4_c1_5,7,repeat_1.7,2050.61,0
194,normal_std10_L4_c1_5,7,repeat_1.8,2183.38,0
194,normal_std10_L4_c1_5,7,repeat_1.9,2251.88,0
194,normal_std10_L4_c1_5,7,repeat_2,2052.39,0
194,normal_std10_L4_c1_5,7,repeat_2.1,2061.89,0
194,normal_std10_L4_c1_5,7,repeat_2.2,2073.93,0
194,normal_std10_L4_c1_5,7,repeat_2.3,2087.11,0
194,normal_std10_L4_c1_5,7,repeat_2.4,2110.92,0
194,normal_std10_L4_c1_5,7,repeat_2.5,2126.3,0
194,normal_std10_L4_c1_5,7,repeat_2.6,2150.02,0
194,normal_std10_L4_c1_5,7,repeat_2.7,2150.35,0
194,normal_std10_L4_c1_5,7,repeat_2.8,2159.18,0
194,normal_std10_L4_c1_5,7,repeat_2.9,2164.36,0
194,normal_std10_L4_c1_5,7,repeat_3,1208.62,0
194,normal_std10_L4_c1_5,7,repeat_3.1,1208.66,0
194,normal_std10_L4_c1_5,7,repeat_3.2,1340.89,0
194,normal_std10_L4_c1_5,7,repeat_3.3,1421.25,0
194,normal_std10_L4_c1_5,7,repeat_3.4,1594.51,0
194,normal_std10_L4_c1_5,7,repeat_3.5,1611.82,0
194,normal_std10_L4_c1_5,7,repeat_3.6,1713.21,0
194,normal_std10_L4_c1_5,7,repeat_3.7,1794.01,0
194,normal_std10_L4_c1_5,7,repeat_3.8,2129.04,0
194,normal_std10_L4_c1_5,7,repeat_3.9,2149.51,0
194,normal_std10_L4_c1_5,7,repeat_4,1207.72,0
194,normal_std10_L4_c1_5,7,repeat_4.1,1268.58,0
194,normal_std10_L4_c1_5,7,repeat_4.2,1280.95,0
194,normal_std10_L4_c1_5,7,repeat_4.3,1326.63,0
194,normal_std10_L4_c1_5,7,repeat_4.4,1336.72,0
194,normal_std10_L4_c1_5,7,repeat_4.5,1337.03,0
194,normal_std10_L4_c1_5,7,repeat_4.6,1337.98,0
194,normal_std10_L4_c1_5,7,repeat_4.7,1340.56,0
194,normal_std10_L4_c1_5,7,repeat_4.8,1341.33,0
194,normal_std10_L4_c1_5,7,repeat_4.9,1348.6,0
194,normal_std10_L4_c1_5,7,repeat_5,1207.7,0
194,normal_std10_L4_c1_5,7,repeat_5.1,1210.83,0
194,normal_std10_L4_c1_5,7,repeat_5.2,1214.0,0
194,normal_std10_L4_c1_5,7,repeat_5.3,1218.86,0
194,normal_std10_L4_c1_5,7,repeat_5.4,1220.54,0
194,normal_std10_L4_c1_5,7,repeat_5.5,1272.8,0
194,normal_std10_L4_c1_5,7,repeat_5.6,1282.18,0
194,normal_std10_L4_c1_5,7,repeat_5.7,1288.6,0
194,normal_std10_L4_c1_5,7,repeat_5.8,1298.44,0
194,normal_std10_L4_c1_5,7,repeat_5.9,1391.72,0
194,normal_std10_L4_c1_5,7,repeat_6,1211.87,0
194,normal_std10_L4_c1_5,7,repeat_6.1,1343.4,0
194,normal_std10_L4_c1_5,7,repeat_6.2,1356.82,0
194,normal_std10_L4_c1_5,7,repeat_6.3,1357.14,0
194,normal_std10_L4_c1_5,7,repeat_6.4,1414.54,0
194,normal_std10_L4_c1_5,7,repeat_6.5,1466.7,0
194,normal_std10_L4_c1_5,7,repeat_6.6,1503.28,0
194,normal_std10_L4_c1_5,7,repeat_6.7,1506.94,0
194,normal_std10_L4_c1_5,7,repeat_6.8,1514.12,0
194,normal_std10_L4_c1_5,7,repeat_6.9,1641.64,0
194,normal_std10_L4_c1_5,7,repeat_7,1650.12,0
194,normal_std10_L4_c1_5,7,repeat_7.1,1650.14,0
194,normal_std10_L4_c1_5,7,repeat_7.2,2194.35,0
194,normal_std10_L4_c1_5,7,repeat_7.3,2255.53,0
194,normal_std10_L4_c1_5,7,repeat_7.4,2255.54,0
194,normal_std10_L4_c1_5,7,repeat_7.5,2255.55,0
194,normal_std10_L4_c1_5,7,repeat_7.6,2257.97,0
194,normal_std10_L4_c1_5,7,repeat_7.7,2270.71,0
194,normal_std10_L4_c1_5,7,repeat_7.8,2295.02,0
194,normal_std10_L4_c1_5,7,repeat_7.9,2295.1,0
194,normal_std10_L4_c1_5,7,repeat_8,1913.98,0
194,normal_std10_L4_c1_5,7,repeat_8.1,1979.0,0
194,normal_std10_L4_c1_5,7,repeat_8.2,1988.84,0
194,normal_std10_L4_c1_5,7,repeat_8.3,2076.42,0
194,normal_std10_L4_c1_5,7,repeat_8.4,2176.84,0
194,normal_std10_L4_c1_5,7,repeat_8.5,2195.84,0
194,normal_std10_L4_c1_5,7,repeat_8.6,2223.28,0
194,normal_std10_L4_c1_5,7,repeat_8.7,2246.1,0
194,normal_std10_L4_c1_5,7,repeat_8.8,2250.2,0
194,normal_std10_L4_c1_5,7,repeat_8.9,2251.26,0
194,normal_std10_L4_c1_5,7,repeat_9,1301.48,0
194,normal_std10_L4_c1_5,7,repeat_9.1,1470.68,0
194,normal_std10_L4_c1_5,7,repeat_9.2,1487.16,0
194,normal_std10_L4_c1_5,7,repeat_9.3,1504.56,0
194,normal_std10_L4_c1_5,7,repeat_9.4,1595.82,0
194,normal_std10_L4_c1_5,7,repeat_9.5,1690.24,0
194,normal_std10_L4_c1_5,7,repeat_9.6,1906.92,0
194,normal_std10_L4_c1_5,7,repeat_9.7,2049.37,0
194,normal_std10_L4_c1_5,7,repeat_9.8,2132.22,0
194,normal_std10_L4_c1_5,7,repeat_9.9,2188.33,0
194,normal_std10_L4_c1_5,7,repeat_10,1547.34,0
194,normal_std10_L4_c1_5,7,repeat_10.1,1676.84,0
194,normal_std10_L4_c1_5,7,repeat_10.2,1885.62,0
194,normal_std10_L4_c1_5,7,repeat_10.3,1930.36,0
194,normal_std10_L4_c1_5,7,repeat_10.4,1940.26,0
194,normal_std10_L4_c1_5,7,repeat_10.5,1941.52,0
194,normal_std10_L4_c1_5,7,repeat_10.6,1948.82,0
194,normal_std10_L4_c1_5,7,repeat_10.7,1968.14,0
194,normal_std10_L4_c1_5,7,repeat_10.8,1988.52,0
194,normal_std10_L4_c1_5,7,repeat_10.9,2000.7,0
196,normal_std10_L4_c1_5,8,repeat_1,1304.39,0
196,normal_std10_L4_c1_5,8,repeat_1.1,1309.92,0
196,normal_std10_L4_c1_5,8,repeat_1.2,1315.19,0
196,normal_std10_L4_c1_5,8,repeat_1.3,1315.33,0
196,normal_std10_L4_c1_5,8,repeat_1.4,1319.87,0
196,normal_std10_L4_c1_5,8,repeat_1.5,1332.92,0
196,normal_std10_L4_c1_5,8,repeat_1.6,1363.07,0
196,normal_std10_L4_c1_5,8,repeat_1.7,1484.49,0
196,normal_std10_L4_c1_5,8,repeat_1.8,1553.27,0
196,normal_std10_L4_c1_5,8,repeat_1.9,1596.1,0
196,normal_std10_L4_c1_5,8,repeat_2,2047.86,0
196,normal_std10_L4_c1_5,8,repeat_2.1,2052.39,0
196,normal_std10_L4_c1_5,8,repeat_2.2,2056.41,0
196,normal_std10_L4_c1_5,8,repeat_2.3,2061.89,0
196,normal_std10_L4_c1_5,8,repeat_2.4,2062.49,0
196,normal_std10_L4_c1_5,8,repeat_2.5,2073.93,0
196,normal_std10_L4_c1_5,8,repeat_2.6,2080.23,0
196,normal_std10_L4_c1_5,8,repeat_2.7,2085.73,0
196,normal_std10_L4_c1_5,8,repeat_2.8,2087.11,0
196,normal_std10_L4_c1_5,8,repeat_2.9,2089.91,0
196,normal_std10_L4_c1_5,8,repeat_3,1208.62,0
196,normal_std10_L4_c1_5,8,repeat_3.1,1208.66,0
196,normal_std10_L4_c1_5,8,repeat_3.2,1208.69,0
196,normal_std10_L4_c1_5,8,repeat_3.3,1209.95,0
196,normal_std10_L4_c1_5,8,repeat_3.4,1210.03,0
196,normal_std10_L4_c1_5,8,repeat_3.5,1210.78,0
196,normal_std10_L4_c1_5,8,repeat_3.6,1340.65,0
196,normal_std10_L4_c1_5,8,repeat_3.7,1340.89,0
196,normal_std10_L4_c1_5,8,repeat_3.8,1405.7,0
196,normal_std10_L4_c1_5,8,repeat_3.9,1421.25,0
196,normal_std10_L4_c1_5,8,repeat_4,1207.72,0
196,normal_std10_L4_c1_5,8,repeat_4.1,1211.51,0
196,normal_std10_L4_c1_5,8,repeat_4.2,1268.58,0
196,normal_std10_L4_c1_5,8,repeat_4.3,1280.95,0
196,normal_std10_L4_c1_5,8,repeat_4.4,1309.99,0
196,normal_std10_L4_c1_5,8,repeat_4.5,1326.63,0
196,normal_std10_L4_c1_5,8,repeat_4.6,1336.61,0
196,normal_std10_L4_c1_5,8,repeat_4.7,1336.71,0
196,normal_std10_L4_c1_5,8,repeat_4.8,1336.72,0
196,normal_std10_L4_c1_5,8,repeat_4.9,1337.03,0
196,normal_std10_L4_c1_5,8,repeat_5,1207.7,0
196,normal_std10_L4_c1_5,8,repeat_5.1,1207.77,0
196,normal_std10_L4_c1_5,8,repeat_5.2,1208.99,0
196,normal_std10_L4_c1_5,8,repeat_5.3,1210.83,0
196,normal_std10_L4_c1_5,8,repeat_5.4,1214.0,0
196,normal_std10_L4_c1_5,8,repeat_5.5,1218.86,0
196,normal_std10_L4_c1_5,8,repeat_5.6,1220.54,0
196,normal_std10_L4_c1_5,8,repeat_5.7,1229.21,0
196,normal_std10_L4_c1_5,8,repeat_5.8,1272.8,0
196,normal_std10_L4_c1_5,8,repeat_5.9,1279.28,0
196,normal_std10_L4_c1_5,8,repeat_6,1211.87,0
196,normal_std10_L4_c1_5,8,repeat_6.1,1343.4,0
196,normal_std10_L4_c1_5,8,repeat_6.2,1356.82,0
196,normal_std10_L4_c1_5,8,repeat_6.3,1357.14,0
196,normal_std10_L4_c1_5,8,repeat_6.4,1414.54,0
196,normal_std10_L4_c1_5,8,repeat_6.5,1466.7,0
196,normal_std10_L4_c1_5,8,repeat_6.6,1503.28,0
196,normal_std10_L4_c1_5,8,repeat_6.7,1506.94,0
196,normal_std10_L4_c1_5,8,repeat_6.8,1514.12,0
196,normal_std10_L4_c1_5,8,repeat_6.9,1641.64,0
196,normal_std10_L4_c1_5,8,repeat_7,1531.35,0
196,normal_std10_L4_c1_5,8,repeat_7.1,1590.97,0
196,normal_std10_L4_c1_5,8,repeat_7.2,1649.73,0
196,normal_std10_L4_c1_5,8,repeat_7.3,1650.12,0
196,normal_std10_L4_c1_5,8,repeat_7.4,1650.14,0
196,normal_std10_L4_c1_5,8,repeat_7.5,2173.02,0
196,normal_std10_L4_c1_5,8,repeat_7.6,2194.35,0
196,normal_std10_L4_c1_5,8,repeat_7.7,2254.93,0
196,normal_std10_L4_c1_5,8,repeat_7.8,2255.53,0
196,normal_std10_L4_c1_5,8,repeat_7.9,2255.54,0
196,normal_std10_L4_c1_5,8,repeat_8,1913.98,0
196,normal_std10_L4_c1_5,8,repeat_8.1,1979.0,0
196,normal_std10_L4_c1_5,8,repeat_8.2,1988.84,0
196,normal_std10_L4_c1_5,8,repeat_8.3,2076.42,0
196,normal_std10_L4_c1_5,8,repeat_8.4,2176.84,0
196,normal_std10_L4_c1_5,8,repeat_8.5,2195.84,0
196,normal_std10_L4_c1_5,8,repeat_8.6,2223.28,0
196,normal_std10_L4_c1_5,8,repeat_8.7,2246.1,0
196,normal_std10_L4_c1_5,8,repeat_8.8,2250.2,0
196,normal_std10_L4_c1_5,8,repeat_8.9,2251.26,0
196,normal_std10_L4_c1_5,8,repeat_9,1301.48,0
196,normal_std10_L4_c1_5,8,repeat_9.1,1470.68,0
196,normal_std10_L4_c1_5,8,repeat_9.2,1487.16,0
196,normal_std10_L4_c1_5,8,repeat_9.3,1504.56,0
196,normal_std10_L4_c1_5,8,repeat_9.4,1595.82,0
196,normal_std10_L4_c1_5,8,repeat_9.5,1690.24,0
196,normal_std10_L4_c1_5,8,repeat_9.6,1906.92,0
196,normal_std10_L4_c1_5,8,repeat_9.7,2049.37,0
196,normal_std10_L4_c1_5,8,repeat_9.8,2132.22,0
196,normal_std10_L4_c1_5,8,repeat_9.9,2188.33,0
196,normal_std10_L4_c1_5,8,repeat_10,1547.34,0
196,normal_std10_L4_c1_5,8,repeat_10.1,1676.84,0
196,normal_std10_L4_c1_5,8,repeat_10.2,1885.62,0
196,normal_std10_L4_c1_5,8,repeat_10.3,1930.36,0
196,normal_std10_L4_c1_5,8,repeat_10.4,1940.26,0
196,normal_std10_L4_c1_5,8,repeat_10.5,1941.52,0
196,normal_std10_L4_c1_5,8,repeat_10.6,1948.82,0
196,normal_std10_L4_c1_5,8,repeat_10.7,1968.14,0
196,normal_std10_L4_c1_5,8,repeat_10.8,1988.52,0
196,normal_std10_L4_c1_5,8,repeat_10.9,2000.7,0
198,normal_std10_L4_c1_5,9,repeat_1,1304.39,0
198,normal_std10_L4_c1_5,9,repeat_1.1,1307.47,0
198,normal_std10_L4_c1_5,9,repeat_1.2,1309.92,0
198,normal_std10_L4_c1_5,9,repeat_1.3,1310.54,0
198,normal_std10_L4_c1_5,9,repeat_1.4,1311.51,0
198,normal_std10_L4_c1_5,9,repeat_1.5,1313.22,0
198,normal_std10_L4_c1_5,9,repeat_1.6,1313.52,0
198,normal_std10_L4_c1_5,9,repeat_1.7,1315.19,0
198,normal_std10_L4_c1_5,9,repeat_1.8,1315.33,0
198,normal_std10_L4_c1_5,9,repeat_1.9,1319.87,0
198,normal_std10_L4_c1_5,9,repeat_2,2043.21,0
198,normal_std10_L4_c1_5,9,repeat_2.1,2047.86,0
198,normal_std10_L4_c1_5,9,repeat_2.2,2052.39,0
198,normal_std10_L4_c1_5,9,repeat_2.3,2056.41,0
198,normal_std10_L4_c1_5,9,repeat_2.4,2061.89,0
198,normal_std10_L4_c1_5,9,repeat_2.5,2062.49,0
198,normal_std10_L4_c1_5,9,repeat_2.6,2063.92,0
198,normal_std10_L4_c1_5,9,repeat_2.7,2069.7,0
198,normal_std10_L4_c1_5,9,repeat_2.8,2070.48,0
198,normal_std10_L4_c1_5,9,repeat_2.9,2073.93,0
198,normal_std10_L4_c1_5,9,repeat_3,1208.62,0
198,normal_std10_L4_c1_5,9,repeat_3.1,1208.66,0
198,normal_std10_L4_c1_5,9,repeat_3.2,1208.69,0
198,normal_std10_L4_c1_5,9,repeat_3.3,1208.69,0
198,normal_std10_L4_c1_5,9,repeat_3.4,1209.95,0
198,normal_std10_L4_c1_5,9,repeat_3.5,1210.03,0
198,normal_std10_L4_c1_5,9,repeat_3.6,1210.05,0
198,normal_std10_L4_c1_5,9,repeat_3.7,1210.55,0
198,normal_std10_L4_c1_5,9,repeat_3.8,1210.78,0
198,normal_std10_L4_c1_5,9,repeat_3.9,1211.34,0
198,normal_std10_L4_c1_5,9,repeat_4,1207.72,0
198,normal_std10_L4_c1_5,9,repeat_4.1,1211.51,0
198,normal_std10_L4_c1_5,9,repeat_4.2,1239.82,0
198,normal_std10_L4_c1_5,9,repeat_4.3,1268.58,0
198,normal_std10_L4_c1_5,9,repeat_4.4,1280.95,0
198,normal_std10_L4_c1_5,9,repeat_4.5,1309.99,0
198,normal_std10_L4_c1_5,9,repeat_4.6,1326.63,0
198,normal_std10_L4_c1_5,9,repeat_4.7,1336.61,0
198,normal_std10_L4_c1_5,9,repeat_4.8,1336.71,0
198,normal_std10_L4_c1_5,9,repeat_4.9,1336.72,0
198,normal_std10_L4_c1_5,9,repeat_5,1207.52,0
198,normal_std10_L4_c1_5,9,repeat_5.1,1207.7,0
198,normal_std10_L4_c1_5,9,repeat_5.2,1207.77,0
198,normal_std10_L4_c1_5,9,repeat_5.3,1208.99,0
198,normal_std10_L4_c1_5,9,repeat_5.4,1210.83,0
198,normal_std10_L4_c1_5,9,repeat_5.5,1214.0,0
198,normal_std10_L4_c1_5,9,repeat_5.6,1218.86,0
198,normal_std10_L4_c1_5,9,repeat_5.7,1220.54,0
198,normal_std10_L4_c1_5,9,repeat_5.8,1221.05,0
198,normal_std10_L4_c1_5,9,repeat_5.9,1229.21,0
198,normal_std10_L4_c1_5,9,repeat_6,1211.87,0
198,normal_std10_L4_c1_5,9,repeat_6.1,1343.4,0
198,normal_std10_L4_c1_5,9,repeat_6.2,1356.82,0
198,normal_std10_L4_c1_5,9,repeat_6.3,1357.14,0
198,normal_std10_L4_c1_5,9,repeat_6.4,1414.54,0
198,normal_std10_L4_c1_5,9,repeat_6.5,1466.7,0
198,normal_std10_L4_c1_5,9,repeat_6.6,1503.28,0
198,normal_std10_L4_c1_5,9,repeat_6.7,1506.94,0
198,normal_std10_L4_c1_5,9,repeat_6.8,1514.12,0
198,normal_std10_L4_c1_5,9,repeat_6.9,1641.64,0
198,normal_std10_L4_c1_5,9,repeat_7,1531.35,0
198,normal_std10_L4_c1_5,9,repeat_7.1,1590.97,0
198,normal_std10_L4_c1_5,9,repeat_7.2,1649.73,0
198,normal_std10_L4_c1_5,9,repeat_7.3,1650.12,0
198,normal_std10_L4_c1_5,9,repeat_7.4,1650.14,0
198,normal_std10_L4_c1_5,9,repeat_7.5,2173.02,0
198,normal_std10_L4_c1_5,9,repeat_7.6,2194.35,0
198,normal_std10_L4_c1_5,9,repeat_7.7,2254.93,0
198,normal_std10_L4_c1_5,9,repeat_7.8,2255.53,0
198,normal_std10_L4_c1_5,9,repeat_7.9,2255.54,0
198,normal_std10_L4_c1_5,9,repeat_8,1913.98,0
198,normal_std10_L4_c1_5,9,repeat_8.1,1979.0,0
198,normal_std10_L4_c1_5,9,repeat_8.2,1988.84,0
198,normal_std10_L4_c1_5,9,repeat_8.3,2076.42,0
198,normal_std10_L4_c1_5,9,repeat_8.4,2176.84,0
198,normal_std10_L4_c1_5,9,repeat_8.5,2195.84,0
198,normal_std10_L4_c1_5,9,repeat_8.6,2223.28,0
198,normal_std10_L4_c1_5,9,repeat_8.7,2246.1,0
198,normal_std10_L4_c1_5,9,repeat_8.8,2250.2,0
198,normal_std10_L4_c1_5,9,repeat_8.9,2251.26,0
198,normal_std10_L4_c1_5,9,repeat_9,1301.48,0
198,normal_std10_L4_c1_5,9,repeat_9.1,1470.68,0
198,normal_std10_L4_c1_5,9,repeat_9.2,1487.16,0
198,normal_std10_L4_c1_5,9,repeat_9.3,1504.56,0
198,normal_std10_L4_c1_5,9,repeat_9.4,1595.82,0
198,normal_std10_L4_c1_5,9,repeat_9.5,1690.24,0
198,normal_std10_L4_c1_5,9,repeat_9.6,1906.92,0
198,normal_std10_L4_c1_5,9,repeat_9.7,2049.37,0
198,normal_std10_L4_c1_5,9,repeat_9.8,2132.22,0
198,normal_std10_L4_c1_5,9,repeat_9.9,2188.33,0
198,normal_std10_L4_c1_5,9,repeat_10,1510.4,0
198,normal_std10_L4_c1_5,9,repeat_10.1,1547.34,0
198,normal_std10_L4_c1_5,9,repeat_10.2,1580.74,0
198,normal_std10_L4_c1_5,9,repeat_10.3,1676.84,0
198,normal_std10_L4_c1_5,9,repeat_10.4,1710.28,0
198,normal_std10_L4_c1_5,9,repeat_10.5,1885.62,0
198,normal_std10_L4_c1_5,9,repeat_10.6,1920.64,0
198,normal_std10_L4_c1_5,9,repeat_10.7,1930.36,0
198,normal_std10_L4_c1_5,9,repeat_10.8,1940.26,0
198,normal_std10_L4_c1_5,9,repeat_10.9,1941.52,0
200,normal_std10_L4_c1_5,10,repeat_1,1304.39,0
200,normal_std10_L4_c1_5,10,repeat_1.1,1307.47,0
200,normal_std10_L4_c1_5,10,repeat_1.2,1309.92,0
200,normal_std10_L4_c1_5,10,repeat_1.3,1310.54,0
200,normal_std10_L4_c1_5,10,repeat_1.4,1311.51,0
200,normal_std10_L4_c1_5,10,repeat_1.5,1313.22,0
200,normal_std10_L4_c1_5,10,repeat_1.6,1313.52,0
200,normal_std10_L4_c1_5,10,repeat_1.7,1315.19,0
200,normal_std10_L4_c1_5,10,repeat_1.8,1315.33,0
200,normal_std10_L4_c1_5,10,repeat_1.9,1319.87,0
200,normal_std10_L4_c1_5,10,repeat_2,2010.02,0
200,normal_std10_L4_c1_5,10,repeat_2.1,2024.23,0
200,normal_std10_L4_c1_5,10,repeat_2.2,2029.61,0
200,normal_std10_L4_c1_5,10,repeat_2.3,2043.21,0
200,normal_std10_L4_c1_5,10,repeat_2.4,2047.31,0
200,normal_std10_L4_c1_5,10,repeat_2.5,2047.86,0
200,normal_std10_L4_c1_5,10,repeat_2.6,2052.39,0
200,normal_std10_L4_c1_5,10,repeat_2.7,2053.17,0
200,normal_std10_L4_c1_5,10,repeat_2.8,2056.41,0
200,normal_std10_L4_c1_5,10,repeat_2.9,2058.03,0
200,normal_std10_L4_c1_5,10,repeat_3,1208.62,0
200,normal_std10_L4_c1_5,10,repeat_3.1,1208.63,0
200,normal_std10_L4_c1_5,10,repeat_3.2,1208.66,0
200,normal_std10_L4_c1_5,10,repeat_3.3,1208.69,0
200,normal_std10_L4_c1_5,10,repeat_3.4,1208.69,0
200,normal_std10_L4_c1_5,10,repeat_3.5,1209.93,0
200,normal_std10_L4_c1_5,10,repeat_3.6,1209.95,0
200,normal_std10_L4_c1_5,10,repeat_3.7,1210.03,0
200,normal_std10_L4_c1_5,10,repeat_3.8,1210.05,0
200,normal_std10_L4_c1_5,10,repeat_3.9,1210.05,0
200,normal_std10_L4_c1_5,10,repeat_4,1207.72,0
200,normal_std10_L4_c1_5,10,repeat_4.1,1211.51,0
200,normal_std10_L4_c1_5,10,repeat_4.2,1212.41,0
200,normal_std10_L4_c1_5,10,repeat_4.3,1239.82,0
200,normal_std10_L4_c1_5,10,repeat_4.4,1268.58,0
200,normal_std10_L4_c1_5,10,repeat_4.5,1280.95,0
200,normal_std10_L4_c1_5,10,repeat_4.6,1291.77,0
200,normal_std10_L4_c1_5,10,repeat_4.7,1309.99,0
200,normal_std10_L4_c1_5,10,repeat_4.8,1326.63,0
200,normal_std10_L4_c1_5,10,repeat_4.9,1336.61,0
200,normal_std10_L4_c1_5,10,repeat_5,1207.52,0
200,normal_std10_L4_c1_5,10,repeat_5.1,1207.7,0
200,normal_std10_L4_c1_5,10,repeat_5.2,1207.77,0
200,normal_std10_L4_c1_5,10,repeat_5.3,1208.33,0
200,normal_std10_L4_c1_5,10,repeat_5.4,1208.92,0
200,normal_std10_L4_c1_5,10,repeat_5.5,1208.99,0
200,normal_std10_L4_c1_5,10,repeat_5.6,1209.21,0
200,normal_std10_L4_c1_5,10,repeat_5.7,1210.83,0
200,normal_std10_L4_c1_5,10,repeat_5.8,1211.87,0
200,normal_std10_L4_c1_5,10,repeat_5.9,1214.0,0
200,normal_std10_L4_c1_5,10,repeat_6,1211.87,0
200,normal_std10_L4_c1_5,10,repeat_6.1,1309.68,0
200,normal_std10_L4_c1_5,10,repeat_6.2,1343.4,0
200,normal_std10_L4_c1_5,10,repeat_6.3,1344.9,0
200,normal_std10_L4_c1_5,10,repeat_6.4,1351.22,0
200,normal_std10_L4_c1_5,10,repeat_6.5,1356.82,0
200,normal_std10_L4_c1_5,10,repeat_6.6,1357.14,0
200,normal_std10_L4_c1_5,10,repeat_6.7,1360.02,0
200,normal_std10_L4_c1_5,10,repeat_6.8,1414.54,0
200,normal_std10_L4_c1_5,10,repeat_6.9,1466.7,0
200,normal_std10_L4_c1_5,10,repeat_7,1531.35,0
200,normal_std10_L4_c1_5,10,repeat_7.1,1590.97,0
200,normal_std10_L4_c1_5,10,repeat_7.2,1649.73,0
200,normal_std10_L4_c1_5,10,repeat_7.3,1650.12,0
200,normal_std10_L4_c1_5,10,repeat_7.4,1650.14,0
200,normal_std10_L4_c1_5,10,repeat_7.5,2173.02,0
200,normal_std10_L4_c1_5,10,repeat_7.6,2194.35,0
200,normal_std10_L4_c1_5,10,repeat_7.7,2254.93,0
200,normal_std10_L4_c1_5,10,repeat_7.8,2255.53,0
200,normal_std10_L4_c1_5,10,repeat_7.9,2255.54,0
200,normal_std10_L4_c1_5,10,repeat_8,1913.98,0
200,normal_std10_L4_c1_5,10,repeat_8.1,1979.0,0
200,normal_std10_L4_c1_5,10,repeat_8.2,1988.84,0
200,normal_std10_L4_c1_5,10,repeat_8.3,2076.42,0
200,normal_std10_L4_c1_5,10,repeat_8.4,2176.84,0
200,normal_std10_L4_c1_5,10,repeat_8.5,2195.84,0
200,normal_std10_L4_c1_5,10,repeat_8.6,2223.28,0
200,normal_std10_L4_c1_5,10,repeat_8.7,2246.1,0
200,normal_std10_L4_c1_5,10,repeat_8.8,2250.2,0
200,normal_std10_L4_c1_5,10,repeat_8.9,2251.26,0
200,normal_std10_L4_c1_5,10,repeat_9,1301.48,0
200,normal_std10_L4_c1_5,10,repeat_9.1,1470.68,0
200,normal_std10_L4_c1_5,10,repeat_9.2,1487.16,0
200,normal_std10_L4_c1_5,10,repeat_9.3,1504.56,0
200,normal_std10_L4_c1_5,10,repeat_9.4,1595.82,0
200,normal_std10_L4_c1_5,10,repeat_9.5,1690.24,0
200,normal_std10_L4_c1_5,10,repeat_9.6,1906.92,0
200,normal_std10_L4_c1_5,10,repeat_9.7,2049.37,0
200,normal_std10_L4_c1_5,10,repeat_9.8,2132.22,0
200,normal_std10_L4_c1_5,10,repeat_9.9,2188.33,0
200,normal_std10_L4_c1_5,10,repeat_10,1510.4,0
200,normal_std10_L4_c1_5,10,repeat_10.1,1547.34,0
200,normal_std10_L4_c1_5,10,repeat_10.2,1580.74,0
200,normal_std10_L4_c1_5,10,repeat_10.3,1676.84,0
200,normal_std10_L4_c1_5,10,repeat_10.4,1710.28,0
200,normal_std10_L4_c1_5,10,repeat_10.5,1885.62,0
200,normal_std10_L4_c1_5,10,repeat_10.6,1920.64,0
200,normal_std10_L4_c1_5,10,repeat_10.7,1930.36,0
200,normal_std10_L4_c1_5,10,repeat_10.8,1940.26,0
200,normal_std10_L4_c1_5,10,repeat_10.9,1941.52,0
202,normal_std10_L6_c1_2,1,repeat_1,724.6,0
202,normal_std10_L6_c1_2,1,repeat_1.1,1454.75,0
202,normal_std10_L6_c1_2,1,repeat_1.2,1566.14,0
202,normal_std10_L6_c1_2,1,repeat_1.3,1576.1,0
202,normal_std10_L6_c1_2,1,repeat_1.4,2618.56,0
202,normal_std10_L6_c1_2,1,repeat_1.7,2835.72,0
202,normal_std10_L6_c1_2,1,repeat_1.8,3695.91,0
202,normal_std10_L6_c1_2,1,repeat_2,1238.16,0
202,normal_std10_L6_c1_2,1,repeat_2.1,2587.66,0
202,normal_std10_L6_c1_2,1,repeat_2.4,2862.82,0
202,normal_std10_L6_c1_2,1,repeat_2.5,2993.09,0
202,normal_std10_L6_c1_2,1,repeat_2.6,5946.4,0
202,normal_std10_L6_c1_2,1,repeat_3,758.28,0
202,normal_std10_L6_c1_2,1,repeat_3.1,2433.98,0
202,normal_std10_L6_c1_2,1,repeat_3.2,2541.12,0
202,normal_std10_L6_c1_2,1,repeat_3.5,2787.42,0
202,normal_std10_L6_c1_2,1,repeat_3.6,2990.74,0
202,normal_std10_L6_c1_2,1,repeat_3.7,6862.2,0
202,normal_std10_L6_c1_2,1,repeat_4.6,2897.61,0
202,normal_std10_L6_c1_2,1,repeat_4.7,3021.16,0
202,normal_std10_L6_c1_2,1,repeat_4.8,5105.42,0
202,normal_std10_L6_c1_2,1,repeat_4.9,6333.46,0
202,normal_std10_L6_c1_2,1,repeat_5,946.78,0
202,normal_std10_L6_c1_2,1,repeat_5.6,2786.46,0
202,normal_std10_L6_c1_2,1,repeat_5.7,3205.82,0
202,normal_std10_L6_c1_2,1,repeat_5.8,3368.56,0
202,normal_std10_L6_c1_2,1,repeat_5.9,3377.36,0
202,normal_std10_L6_c1_2,1,repeat_6.4,2850.54,0
202,normal_std10_L6_c1_2,1,repeat_6.5,3377.36,0
202,normal_std10_L6_c1_2,1,repeat_6.6,3565.7,0
202,normal_std10_L6_c1_2,1,repeat_6.7,5188.34,0
202,normal_std10_L6_c1_2,1,repeat_6.8,27978.76,0
202,normal_std10_L6_c1_2,1,repeat_7.5,2999.44,0
202,normal_std10_L6_c1_2,1,repeat_7.6,3006.5,0
202,normal_std10_L6_c1_2,1,repeat_7.7,3657.5,0
202,normal_std10_L6_c1_2,1,repeat_7.8,5345.31,0
202,normal_std10_L6_c1_2,1,repeat_8,1465.74,0
202,normal_std10_L6_c1_2,1,repeat_8.1,2471.42,0
202,normal_std10_L6_c1_2,1,repeat_8.6,2797.42,0
202,normal_std10_L6_c1_2,1,repeat_8.7,3377.36,0
202,normal_std10_L6_c1_2,1,repeat_8.8,31406.22,0
202,normal_std10_L6_c1_2,1,repeat_9.3,2815.1,0
202,normal_std10_L6_c1_2,1,repeat_9.4,2868.44,0
202,normal_std10_L6_c1_2,1,repeat_9.5,2977.58,0
202,normal_std10_L6_c1_2,1,repeat_9.6,3795.36,0
202,normal_std10_L6_c1_2,1,repeat_9.7,3932.52,0
202,normal_std10_L6_c1_2,1,repeat_9.8,7104.63,0
202,normal_std10_L6_c1_2,1,repeat_9.9,9866.52,0
202,normal_std10_L6_c1_2,1,repeat_10.2,3069.65,0
202,normal_std10_L6_c1_2,1,repeat_10.3,3512.08,0
202,normal_std10_L6_c1_2,1,repeat_10.4,5044.16,0
204,normal_std10_L6_c1_2,2,repeat_1,724.6,0
204,normal_std10_L6_c1_2,2,repeat_1.1,1172.82,0
204,normal_std10_L6_c1_2,2,repeat_1.2,1247.52,0
204,normal_std10_L6_c1_2,2,repeat_1.3,1454.75,0
204,normal_std10_L6_c1_2,2,repeat_1.4,1466.01,0
204,normal_std10_L6_c1_2,2,repeat_1.5,1566.14,0
204,normal_std10_L6_c1_2,2,repeat_1.6,1576.1,0
204,normal_std10_L6_c1_2,2,repeat_1.7,1976.66,0
204,normal_std10_L6_c1_2,2,repeat_1.8,2102.82,0
204,normal_std10_L6_c1_2,2,repeat_1.9,2592.61,0
204,normal_std10_L6_c1_2,2,repeat_2,1238.16,0
204,normal_std10_L6_c1_2,2,repeat_2.1,1664.86,0
204,normal_std10_L6_c1_2,2,repeat_2.2,2267.0,0
204,normal_std10_L6_c1_2,2,repeat_2.3,2587.66,0
204,normal_std10_L6_c1_2,2,repeat_2.4,2630.04,0
204,normal_std10_L6_c1_2,2,repeat_2.6,2723.06,0
204,normal_std10_L6_c1_2,2,repeat_3,740.61,0
204,normal_std10_L6_c1_2,2,repeat_3.1,758.28,0
204,normal_std10_L6_c1_2,2,repeat_3.2,2433.98,0
204,normal_std10_L6_c1_2,2,repeat_3.3,2541.12,0
204,normal_std10_L6_c1_2,2,repeat_3.4,2572.54,0
204,normal_std10_L6_c1_2,2,repeat_3.7,2784.68,0
204,normal_std10_L6_c1_2,2,repeat_3.8,2787.42,0
204,normal_std10_L6_c1_2,2,repeat_3.9,2970.16,0
204,normal_std10_L6_c1_2,2,repeat_4.4,2586.34,0
204,normal_std10_L6_c1_2,2,repeat_5,946.78,0
204,normal_std10_L6_c1_2,2,repeat_5.1,1019.22,0
204,normal_std10_L6_c1_2,2,repeat_5.2,1171.22,0
204,normal_std10_L6_c1_2,2,repeat_5.4,1494.2,0
204,normal_std10_L6_c1_2,2,repeat_5.5,2455.5,0
204,normal_std10_L6_c1_2,2,repeat_5.6,2646.08,0
204,normal_std10_L6_c1_2,2,repeat_6.1,913.33,0
204,normal_std10_L6_c1_2,2,repeat_6.2,949.63,0
204,normal_std10_L6_c1_2,2,repeat_6.3,970.02,0
204,normal_std10_L6_c1_2,2,repeat_6.4,1066.98,0
204,normal_std10_L6_c1_2,2,repeat_6.6,1354.54,0
204,normal_std10_L6_c1_2,2,repeat_6.7,1613.8,0
204,normal_std10_L6_c1_2,2,repeat_6.8,1708.33,0
204,normal_std10_L6_c1_2,2,repeat_7.1,724.3,0
204,normal_std10_L6_c1_2,2,repeat_7.2,865.94,0
204,normal_std10_L6_c1_2,2,repeat_7.3,1242.09,0
204,normal_std10_L6_c1_2,2,repeat_7.7,2076.23,0
204,normal_std10_L6_c1_2,2,repeat_8,912.81,0
204,normal_std10_L6_c1_2,2,repeat_8.1,1236.26,0
204,normal_std10_L6_c1_2,2,repeat_8.2,1458.22,0
204,normal_std10_L6_c1_2,2,repeat_8.3,1465.74,0
204,normal_std10_L6_c1_2,2,repeat_8.4,1509.84,0
204,normal_std10_L6_c1_2,2,repeat_8.5,1517.82,0
204,normal_std10_L6_c1_2,2,repeat_8.6,1519.94,0
204,normal_std10_L6_c1_2,2,repeat_8.7,1574.18,0
204,normal_std10_L6_c1_2,2,repeat_8.8,1873.8,0
204,normal_std10_L6_c1_2,2,repeat_8.9,2055.78,0
204,normal_std10_L6_c1_2,2,repeat_9.1,1448.8,0
204,normal_std10_L6_c1_2,2,repeat_9.2,1629.78,0
204,normal_std10_L6_c1_2,2,repeat_9.3,1715.46,0
204,normal_std10_L6_c1_2,2,repeat_9.5,2420.82,0
204,normal_std10_L6_c1_2,2,repeat_9.6,2618.56,0
204,normal_std10_L6_c1_2,2,repeat_9.7,2625.42,0
204,normal_std10_L6_c1_2,2,repeat_10,1085.02,0
204,normal_std10_L6_c1_2,2,repeat_10.1,1199.8,0
204,normal_std10_L6_c1_2,2,repeat_10.2,1600.28,0
204,normal_std10_L6_c1_2,2,repeat_10.3,1607.43,0
204,normal_std10_L6_c1_2,2,repeat_10.4,1650.34,0
204,normal_std10_L6_c1_2,2,repeat_10.5,2472.84,0
206,normal_std10_L6_c1_2,3,repeat_1,724.6,0
206,normal_std10_L6_c1_2,3,repeat_1.1,757.73,0
206,normal_std10_L6_c1_2,3,repeat_1.2,889.68,0
206,normal_std10_L6_c1_2,3,repeat_1.3,931.2,0
206,normal_std10_L6_c1_2,3,repeat_1.4,1172.82,0
206,normal_std10_L6_c1_2,3,repeat_1.5,1247.52,0
206,normal_std10_L6_c1_2,3,repeat_1.6,1258.32,0
206,normal_std10_L6_c1_2,3,repeat_1.7,1372.88,0
206,normal_std10_L6_c1_2,3,repeat_1.8,1454.75,0
206,normal_std10_L6_c1_2,3,repeat_1.9,1459.0,0
206,normal_std10_L6_c1_2,3,repeat_2,1238.16,0
206,normal_std10_L6_c1_2,3,repeat_2.1,1664.86,0
206,normal_std10_L6_c1_2,3,repeat_2.2,1793.02,0
206,normal_std10_L6_c1_2,3,repeat_2.4,2000.58,0
206,normal_std10_L6_c1_2,3,repeat_2.5,2030.2,0
206,normal_std10_L6_c1_2,3,repeat_2.6,2267.0,0
206,normal_std10_L6_c1_2,3,repeat_2.7,2587.66,0
206,normal_std10_L6_c1_2,3,repeat_2.8,2630.04,0
206,normal_std10_L6_c1_2,3,repeat_3.3,740.61,0
206,normal_std10_L6_c1_2,3,repeat_3.4,758.28,0
206,normal_std10_L6_c1_2,3,repeat_3.5,836.25,0
206,normal_std10_L6_c1_2,3,repeat_3.7,2433.98,0
206,normal_std10_L6_c1_2,3,repeat_3.8,2541.12,0
206,normal_std10_L6_c1_2,3,repeat_3.9,2572.54,0
206,normal_std10_L6_c1_2,3,repeat_4,1331.65,0
206,normal_std10_L6_c1_2,3,repeat_4.1,1452.44,0
206,normal_std10_L6_c1_2,3,repeat_4.6,2586.34,0
206,normal_std10_L6_c1_2,3,repeat_4.7,2723.58,0
206,normal_std10_L6_c1_2,3,repeat_5,946.78,0
206,normal_std10_L6_c1_2,3,repeat_5.1,1019.22,0
206,normal_std10_L6_c1_2,3,repeat_5.2,1171.22,0
206,normal_std10_L6_c1_2,3,repeat_5.4,1318.62,0
206,normal_std10_L6_c1_2,3,repeat_5.5,1321.39,0
206,normal_std10_L6_c1_2,3,repeat_5.6,1494.2,0
206,normal_std10_L6_c1_2,3,repeat_5.7,1504.36,0
206,normal_std10_L6_c1_2,3,repeat_5.8,1718.56,0
206,normal_std10_L6_c1_2,3,repeat_5.9,2404.82,0
206,normal_std10_L6_c1_2,3,repeat_6.1,913.33,0
206,normal_std10_L6_c1_2,3,repeat_6.2,949.63,0
206,normal_std10_L6_c1_2,3,repeat_6.3,970.02,0
206,normal_std10_L6_c1_2,3,repeat_6.4,1047.1,0
206,normal_std10_L6_c1_2,3,repeat_6.5,1066.98,0
206,normal_std10_L6_c1_2,3,repeat_6.6,1075.91,0
206,normal_std10_L6_c1_2,3,repeat_6.7,1257.48,0
206,normal_std10_L6_c1_2,3,repeat_6.9,1354.54,0
206,normal_std10_L6_c1_2,3,repeat_7.2,721.25,0
206,normal_std10_L6_c1_2,3,repeat_7.3,724.3,0
206,normal_std10_L6_c1_2,3,repeat_7.4,725.07,0
206,normal_std10_L6_c1_2,3,repeat_7.5,735.93,0
206,normal_std10_L6_c1_2,3,repeat_7.8,865.94,0
206,normal_std10_L6_c1_2,3,repeat_7.9,975.82,0
206,normal_std10_L6_c1_2,3,repeat_8,912.81,0
206,normal_std10_L6_c1_2,3,repeat_8.1,976.58,0
206,normal_std10_L6_c1_2,3,repeat_8.2,985.55,0
206,normal_std10_L6_c1_2,3,repeat_8.3,989.9,0
206,normal_std10_L6_c1_2,3,repeat_8.4,1033.74,0
206,normal_std10_L6_c1_2,3,repeat_8.5,1033.8,0
206,normal_std10_L6_c1_2,3,repeat_8.6,1236.26,0
206,normal_std10_L6_c1_2,3,repeat_8.7,1257.48,0
206,normal_std10_L6_c1_2,3,repeat_8.8,1371.15,0
206,normal_std10_L6_c1_2,3,repeat_8.9,1458.22,0
206,normal_std10_L6_c1_2,3,repeat_9.1,864.68,0
206,normal_std10_L6_c1_2,3,repeat_9.2,1448.8,0
206,normal_std10_L6_c1_2,3,repeat_9.3,1569.88,0
206,normal_std10_L6_c1_2,3,repeat_9.4,1629.78,0
206,normal_std10_L6_c1_2,3,repeat_9.5,1715.46,0
206,normal_std10_L6_c1_2,3,repeat_9.7,2304.78,0
206,normal_std10_L6_c1_2,3,repeat_9.8,2420.82,0
206,normal_std10_L6_c1_2,3,repeat_9.9,2446.58,0
206,normal_std10_L6_c1_2,3,repeat_10.1,891.48,0
206,normal_std10_L6_c1_2,3,repeat_10.2,1017.38,0
206,normal_std10_L6_c1_2,3,repeat_10.3,1028.7,0
206,normal_std10_L6_c1_2,3,repeat_10.4,1085.02,0
206,normal_std10_L6_c1_2,3,repeat_10.5,1125.42,0
206,normal_std10_L6_c1_2,3,repeat_10.6,1135.66,0
206,normal_std10_L6_c1_2,3,repeat_10.7,1170.26,0
206,normal_std10_L6_c1_2,3,repeat_10.8,1199.8,0
206,normal_std10_L6_c1_2,3,repeat_10.9,1222.26,0
208,normal_std10_L6_c1_2,4,repeat_1,724.6,0
208,normal_std10_L6_c1_2,4,repeat_1.1,757.73,0
208,normal_std10_L6_c1_2,4,repeat_1.2,851.17,0
208,normal_std10_L6_c1_2,4,repeat_1.3,868.05,0
208,normal_std10_L6_c1_2,4,repeat_1.4,889.68,0
208,normal_std10_L6_c1_2,4,repeat_1.5,931.2,0
208,normal_std10_L6_c1_2,4,repeat_1.6,1028.7,0
208,normal_std10_L6_c1_2,4,repeat_1.7,1074.9,0
208,normal_std10_L6_c1_2,4,repeat_1.8,1172.82,0
208,normal_std10_L6_c1_2,4,repeat_1.9,1205.93,0
208,normal_std10_L6_c1_2,4,repeat_2,1238.16,0
208,normal_std10_L6_c1_2,4,repeat_2.1,1664.86,0
208,normal_std10_L6_c1_2,4,repeat_2.2,1793.02,0
208,normal_std10_L6_c1_2,4,repeat_2.5,1992.8,0
208,normal_std10_L6_c1_2,4,repeat_2.6,2000.58,0
208,normal_std10_L6_c1_2,4,repeat_2.7,2027.6,0
208,normal_std10_L6_c1_2,4,repeat_2.8,2030.2,0
208,normal_std10_L6_c1_2,4,repeat_2.9,2111.64,0
208,normal_std10_L6_c1_2,4,repeat_3.4,740.61,0
208,normal_std10_L6_c1_2,4,repeat_3.5,758.28,0
208,normal_std10_L6_c1_2,4,repeat_3.6,825.9,0
208,normal_std10_L6_c1_2,4,repeat_3.7,835.06,0
208,normal_std10_L6_c1_2,4,repeat_3.8,836.25,0
208,normal_std10_L6_c1_2,4,repeat_3.9,994.05,0
208,normal_std10_L6_c1_2,4,repeat_4,825.18,0
208,normal_std10_L6_c1_2,4,repeat_4.1,1192.16,0
208,normal_std10_L6_c1_2,4,repeat_4.2,1331.65,0
208,normal_std10_L6_c1_2,4,repeat_4.3,1452.44,0
208,normal_std10_L6_c1_2,4,repeat_4.4,1472.48,0
208,normal_std10_L6_c1_2,4,repeat_4.5,1841.32,0
208,normal_std10_L6_c1_2,4,repeat_4.8,2068.78,0
208,normal_std10_L6_c1_2,4,repeat_5,750.24,0
208,normal_std10_L6_c1_2,4,repeat_5.1,946.78,0
208,normal_std10_L6_c1_2,4,repeat_5.2,1019.22,0
208,normal_std10_L6_c1_2,4,repeat_5.3,1028.7,0
208,normal_std10_L6_c1_2,4,repeat_5.4,1171.22,0
208,normal_std10_L6_c1_2,4,repeat_5.7,1318.62,0
208,normal_std10_L6_c1_2,4,repeat_5.8,1321.39,0
208,normal_std10_L6_c1_2,4,repeat_5.9,1400.2,0
208,normal_std10_L6_c1_2,4,repeat_6.2,913.33,0
208,normal_std10_L6_c1_2,4,repeat_6.3,949.63,0
208,normal_std10_L6_c1_2,4,repeat_6.4,970.02,0
208,normal_std10_L6_c1_2,4,repeat_6.5,1026.24,0
208,normal_std10_L6_c1_2,4,repeat_6.6,1034.29,0
208,normal_std10_L6_c1_2,4,repeat_6.7,1047.1,0
208,normal_std10_L6_c1_2,4,repeat_6.8,1066.98,0
208,normal_std10_L6_c1_2,4,repeat_6.9,1075.91,0
208,normal_std10_L6_c1_2,4,repeat_7.8,721.25,0
208,normal_std10_L6_c1_2,4,repeat_7.9,724.3,0
208,normal_std10_L6_c1_2,4,repeat_8,912.81,0
208,normal_std10_L6_c1_2,4,repeat_8.1,976.58,0
208,normal_std10_L6_c1_2,4,repeat_8.2,985.55,0
208,normal_std10_L6_c1_2,4,repeat_8.3,989.9,0
208,normal_std10_L6_c1_2,4,repeat_8.4,1011.79,0
208,normal_std10_L6_c1_2,4,repeat_8.5,1033.74,0
208,normal_std10_L6_c1_2,4,repeat_8.6,1033.8,0
208,normal_std10_L6_c1_2,4,repeat_8.7,1033.81,0
208,normal_std10_L6_c1_2,4,repeat_8.8,1056.7,0
208,normal_std10_L6_c1_2,4,repeat_8.9,1236.26,0
208,normal_std10_L6_c1_2,4,repeat_9.1,864.68,0
208,normal_std10_L6_c1_2,4,repeat_9.2,1448.8,0
208,normal_std10_L6_c1_2,4,repeat_9.3,1569.88,0
208,normal_std10_L6_c1_2,4,repeat_9.4,1629.78,0
208,normal_std10_L6_c1_2,4,repeat_9.5,1715.46,0
208,normal_std10_L6_c1_2,4,repeat_9.7,2008.58,0
208,normal_std10_L6_c1_2,4,repeat_9.8,2008.62,0
208,normal_std10_L6_c1_2,4,repeat_9.9,2304.78,0
208,normal_std10_L6_c1_2,4,repeat_10.2,810.96,0
208,normal_std10_L6_c1_2,4,repeat_10.3,891.48,0
208,normal_std10_L6_c1_2,4,repeat_10.4,1017.38,0
208,normal_std10_L6_c1_2,4,repeat_10.5,1028.7,0
208,normal_std10_L6_c1_2,4,repeat_10.6,1085.02,0
208,normal_std10_L6_c1_2,4,repeat_10.7,1125.42,0
208,normal_std10_L6_c1_2,4,repeat_10.8,1135.66,0
208,normal_std10_L6_c1_2,4,repeat_10.9,1170.26,0
210,normal_std10_L6_c1_2,5,repeat_1,724.6,0
210,normal_std10_L6_c1_2,5,repeat_1.1,757.73,0
210,normal_std10_L6_c1_2,5,repeat_1.2,847.16,0
210,normal_std10_L6_c1_2,5,repeat_1.3,851.17,0
210,normal_std10_L6_c1_2,5,repeat_1.4,868.05,0
210,normal_std10_L6_c1_2,5,repeat_1.5,889.68,0
210,normal_std10_L6_c1_2,5,repeat_1.6,917.44,0
210,normal_std10_L6_c1_2,5,repeat_1.7,931.2,0
210,normal_std10_L6_c1_2,5,repeat_1.8,1006.56,0
210,normal_std10_L6_c1_2,5,repeat_1.9,1028.7,0
210,normal_std10_L6_c1_2,5,repeat_2,1238.16,0
210,normal_std10_L6_c1_2,5,repeat_2.1,1664.86,0
210,normal_std10_L6_c1_2,5,repeat_2.2,1793.02,0
210,normal_std10_L6_c1_2,5,repeat_2.3,1830.6,0
210,normal_std10_L6_c1_2,5,repeat_2.7,1943.38,0
210,normal_std10_L6_c1_2,5,repeat_2.8,1992.8,0
210,normal_std10_L6_c1_2,5,repeat_2.9,2000.58,0
210,normal_std10_L6_c1_2,5,repeat_3.6,722.19,0
210,normal_std10_L6_c1_2,5,repeat_3.7,740.61,0
210,normal_std10_L6_c1_2,5,repeat_3.8,758.28,0
210,normal_std10_L6_c1_2,5,repeat_3.9,804.18,0
210,normal_std10_L6_c1_2,5,repeat_4,825.18,0
210,normal_std10_L6_c1_2,5,repeat_4.1,1192.16,0
210,normal_std10_L6_c1_2,5,repeat_4.2,1241.3,0
210,normal_std10_L6_c1_2,5,repeat_4.3,1331.65,0
210,normal_std10_L6_c1_2,5,repeat_4.4,1452.44,0
210,normal_std10_L6_c1_2,5,repeat_4.5,1453.14,0
210,normal_std10_L6_c1_2,5,repeat_4.6,1472.48,0
210,normal_std10_L6_c1_2,5,repeat_4.7,1841.32,0
210,normal_std10_L6_c1_2,5,repeat_4.8,1870.66,0
210,normal_std10_L6_c1_2,5,repeat_5,750.24,0
210,normal_std10_L6_c1_2,5,repeat_5.1,946.78,0
210,normal_std10_L6_c1_2,5,repeat_5.2,1019.22,0
210,normal_std10_L6_c1_2,5,repeat_5.3,1028.7,0
210,normal_std10_L6_c1_2,5,repeat_5.4,1171.22,0
210,normal_std10_L6_c1_2,5,repeat_5.7,1318.62,0
210,normal_std10_L6_c1_2,5,repeat_5.8,1321.39,0
210,normal_std10_L6_c1_2,5,repeat_5.9,1400.2,0
210,normal_std10_L6_c1_2,5,repeat_6.2,913.33,0
210,normal_std10_L6_c1_2,5,repeat_6.3,939.23,0
210,normal_std10_L6_c1_2,5,repeat_6.4,949.63,0
210,normal_std10_L6_c1_2,5,repeat_6.5,970.02,0
210,normal_std10_L6_c1_2,5,repeat_6.6,1026.24,0
210,normal_std10_L6_c1_2,5,repeat_6.7,1034.29,0
210,normal_std10_L6_c1_2,5,repeat_6.8,1046.02,0
210,normal_std10_L6_c1_2,5,repeat_6.9,1047.1,0
210,normal_std10_L6_c1_2,5,repeat_8,912.81,0
210,normal_std10_L6_c1_2,5,repeat_8.1,954.77,0
210,normal_std10_L6_c1_2,5,repeat_8.2,976.58,0
210,normal_std10_L6_c1_2,5,repeat_8.3,985.55,0
210,normal_std10_L6_c1_2,5,repeat_8.4,989.9,0
210,normal_std10_L6_c1_2,5,repeat_8.5,1011.79,0
210,normal_std10_L6_c1_2,5,repeat_8.6,1033.74,0
210,normal_std10_L6_c1_2,5,repeat_8.7,1033.74,0
210,normal_std10_L6_c1_2,5,repeat_8.8,1033.8,0
210,normal_std10_L6_c1_2,5,repeat_8.9,1033.81,0
210,normal_std10_L6_c1_2,5,repeat_9.1,864.68,0
210,normal_std10_L6_c1_2,5,repeat_9.2,1448.8,0
210,normal_std10_L6_c1_2,5,repeat_9.3,1569.88,0
210,normal_std10_L6_c1_2,5,repeat_9.4,1629.78,0
210,normal_std10_L6_c1_2,5,repeat_9.5,1715.46,0
210,normal_std10_L6_c1_2,5,repeat_9.6,1795.5,0
210,normal_std10_L6_c1_2,5,repeat_9.8,2008.58,0
210,normal_std10_L6_c1_2,5,repeat_9.9,2008.62,0
210,normal_std10_L6_c1_2,5,repeat_10.2,721.36,0
210,normal_std10_L6_c1_2,5,repeat_10.3,723.44,0
210,normal_std10_L6_c1_2,5,repeat_10.4,725.9,0
210,normal_std10_L6_c1_2,5,repeat_10.6,784.48,0
210,normal_std10_L6_c1_2,5,repeat_10.7,810.96,0
210,normal_std10_L6_c1_2,5,repeat_10.8,868.7,0
210,normal_std10_L6_c1_2,5,repeat_10.9,891.48,0
212,normal_std10_L6_c1_2,6,repeat_1,724.6,0
212,normal_std10_L6_c1_2,6,repeat_1.1,757.73,0
212,normal_std10_L6_c1_2,6,repeat_1.2,847.16,0
212,normal_std10_L6_c1_2,6,repeat_1.3,851.17,0
212,normal_std10_L6_c1_2,6,repeat_1.4,862.23,0
212,normal_std10_L6_c1_2,6,repeat_1.5,868.05,0
212,normal_std10_L6_c1_2,6,repeat_1.6,886.94,0
212,normal_std10_L6_c1_2,6,repeat_1.7,888.97,0
212,normal_std10_L6_c1_2,6,repeat_1.8,889.68,0
212,normal_std10_L6_c1_2,6,repeat_1.9,917.44,0
212,normal_std10_L6_c1_2,6,repeat_2,931.78,0
212,normal_std10_L6_c1_2,6,repeat_2.1,1238.16,0
212,normal_std10_L6_c1_2,6,repeat_2.2,1348.66,0
212,normal_std10_L6_c1_2,6,repeat_2.3,1664.86,0
212,normal_std10_L6_c1_2,6,repeat_2.4,1793.02,0
212,normal_std10_L6_c1_2,6,repeat_2.5,1830.6,0
212,normal_std10_L6_c1_2,6,repeat_3.9,722.19,0
212,normal_std10_L6_c1_2,6,repeat_4,825.18,0
212,normal_std10_L6_c1_2,6,repeat_4.1,917.8,0
212,normal_std10_L6_c1_2,6,repeat_4.2,960.2,0
212,normal_std10_L6_c1_2,6,repeat_4.3,1080.08,0
212,normal_std10_L6_c1_2,6,repeat_4.4,1192.16,0
212,normal_std10_L6_c1_2,6,repeat_4.5,1241.3,0
212,normal_std10_L6_c1_2,6,repeat_4.6,1248.28,0
212,normal_std10_L6_c1_2,6,repeat_4.7,1329.62,0
212,normal_std10_L6_c1_2,6,repeat_4.8,1331.65,0
212,normal_std10_L6_c1_2,6,repeat_4.9,1452.44,0
212,normal_std10_L6_c1_2,6,repeat_5,750.24,0
212,normal_std10_L6_c1_2,6,repeat_5.1,908.94,0
212,normal_std10_L6_c1_2,6,repeat_5.2,946.78,0
212,normal_std10_L6_c1_2,6,repeat_5.3,965.36,0
212,normal_std10_L6_c1_2,6,repeat_5.4,1019.22,0
212,normal_std10_L6_c1_2,6,repeat_5.5,1028.7,0
212,normal_std10_L6_c1_2,6,repeat_5.6,1039.6,0
212,normal_std10_L6_c1_2,6,repeat_5.7,1059.08,0
212,normal_std10_L6_c1_2,6,repeat_5.8,1171.22,0
212,normal_std10_L6_c1_2,6,repeat_6.2,913.33,0
212,normal_std10_L6_c1_2,6,repeat_6.3,939.23,0
212,normal_std10_L6_c1_2,6,repeat_6.4,949.63,0
212,normal_std10_L6_c1_2,6,repeat_6.5,970.02,0
212,normal_std10_L6_c1_2,6,repeat_6.6,975.79,0
212,normal_std10_L6_c1_2,6,repeat_6.7,975.86,0
212,normal_std10_L6_c1_2,6,repeat_6.8,986.53,0
212,normal_std10_L6_c1_2,6,repeat_6.9,1026.24,0
212,normal_std10_L6_c1_2,6,repeat_8,889.82,0
212,normal_std10_L6_c1_2,6,repeat_8.1,912.81,0
212,normal_std10_L6_c1_2,6,repeat_8.2,954.77,0
212,normal_std10_L6_c1_2,6,repeat_8.3,976.58,0
212,normal_std10_L6_c1_2,6,repeat_8.4,982.71,0
212,normal_std10_L6_c1_2,6,repeat_8.5,985.55,0
212,normal_std10_L6_c1_2,6,repeat_8.6,989.9,0
212,normal_std10_L6_c1_2,6,repeat_8.7,1011.79,0
212,normal_std10_L6_c1_2,6,repeat_8.8,1033.74,0
212,normal_std10_L6_c1_2,6,repeat_8.9,1033.74,0
212,normal_std10_L6_c1_2,6,repeat_9.1,864.68,0
212,normal_std10_L6_c1_2,6,repeat_9.2,1448.8,0
212,normal_std10_L6_c1_2,6,repeat_9.3,1569.88,0
212,normal_std10_L6_c1_2,6,repeat_9.4,1629.78,0
212,normal_std10_L6_c1_2,6,repeat_9.5,1715.46,0
212,normal_std10_L6_c1_2,6,repeat_9.6,1777.04,0
212,normal_std10_L6_c1_2,6,repeat_9.7,1795.5,0
212,normal_std10_L6_c1_2,6,repeat_9.9,2008.58,0
212,normal_std10_L6_c1_2,6,repeat_10.2,721.36,0
212,normal_std10_L6_c1_2,6,repeat_10.3,723.44,0
212,normal_std10_L6_c1_2,6,repeat_10.4,725.9,0
212,normal_std10_L6_c1_2,6,repeat_10.5,735.44,0
212,normal_std10_L6_c1_2,6,repeat_10.6,738.78,0
212,normal_std10_L6_c1_2,6,repeat_10.7,748.5,0
212,normal_std10_L6_c1_2,6,repeat_10.8,754.18,0
214,normal_std10_L6_c1_2,7,repeat_1,724.6,0
214,normal_std10_L6_c1_2,7,repeat_1.1,747.73,0
214,normal_std10_L6_c1_2,7,repeat_1.2,757.73,0
214,normal_std10_L6_c1_2,7,repeat_1.3,840.53,0
214,normal_std10_L6_c1_2,7,repeat_1.4,847.16,0
214,normal_std10_L6_c1_2,7,repeat_1.5,851.17,0
214,normal_std10_L6_c1_2,7,repeat_1.6,862.23,0
214,normal_std10_L6_c1_2,7,repeat_1.7,868.05,0
214,normal_std10_L6_c1_2,7,repeat_1.8,886.94,0
214,normal_std10_L6_c1_2,7,repeat_1.9,888.97,0
214,normal_std10_L6_c1_2,7,repeat_2,931.78,0
214,normal_std10_L6_c1_2,7,repeat_2.1,1238.16,0
214,normal_std10_L6_c1_2,7,repeat_2.2,1348.66,0
214,normal_std10_L6_c1_2,7,repeat_2.3,1457.02,0
214,normal_std10_L6_c1_2,7,repeat_2.4,1541.02,0
214,normal_std10_L6_c1_2,7,repeat_2.5,1664.86,0
214,normal_std10_L6_c1_2,7,repeat_2.6,1787.18,0
214,normal_std10_L6_c1_2,7,repeat_2.7,1793.02,0
214,normal_std10_L6_c1_2,7,repeat_2.8,1830.6,0
214,normal_std10_L6_c1_2,7,repeat_4,825.18,0
214,normal_std10_L6_c1_2,7,repeat_4.1,917.8,0
214,normal_std10_L6_c1_2,7,repeat_4.2,937.1,0
214,normal_std10_L6_c1_2,7,repeat_4.3,960.2,0
214,normal_std10_L6_c1_2,7,repeat_4.4,1003.3,0
214,normal_std10_L6_c1_2,7,repeat_4.5,1080.08,0
214,normal_std10_L6_c1_2,7,repeat_4.6,1091.06,0
214,normal_std10_L6_c1_2,7,repeat_4.7,1192.16,0
214,normal_std10_L6_c1_2,7,repeat_4.8,1241.3,0
214,normal_std10_L6_c1_2,7,repeat_4.9,1248.28,0
214,normal_std10_L6_c1_2,7,repeat_5,750.24,0
214,normal_std10_L6_c1_2,7,repeat_5.1,908.94,0
214,normal_std10_L6_c1_2,7,repeat_5.2,946.78,0
214,normal_std10_L6_c1_2,7,repeat_5.3,965.36,0
214,normal_std10_L6_c1_2,7,repeat_5.4,1019.22,0
214,normal_std10_L6_c1_2,7,repeat_5.5,1028.7,0
214,normal_std10_L6_c1_2,7,repeat_5.6,1039.6,0
214,normal_std10_L6_c1_2,7,repeat_5.7,1059.08,0
214,normal_std10_L6_c1_2,7,repeat_5.8,1171.22,0
214,normal_std10_L6_c1_2,7,repeat_6.2,913.33,0
214,normal_std10_L6_c1_2,7,repeat_6.3,919.6,0
214,normal_std10_L6_c1_2,7,repeat_6.4,939.23,0
214,normal_std10_L6_c1_2,7,repeat_6.5,949.63,0
214,normal_std10_L6_c1_2,7,repeat_6.6,970.02,0
214,normal_std10_L6_c1_2,7,repeat_6.7,975.77,0
214,normal_std10_L6_c1_2,7,repeat_6.8,975.79,0
214,normal_std10_L6_c1_2,7,repeat_6.9,975.86,0
214,normal_std10_L6_c1_2,7,repeat_8.1,787.32,0
214,normal_std10_L6_c1_2,7,repeat_8.2,787.35,0
214,normal_std10_L6_c1_2,7,repeat_8.3,787.35,0
214,normal_std10_L6_c1_2,7,repeat_8.4,787.35,0
214,normal_std10_L6_c1_2,7,repeat_8.5,805.74,0
214,normal_std10_L6_c1_2,7,repeat_8.6,889.82,0
214,normal_std10_L6_c1_2,7,repeat_8.7,912.81,0
214,normal_std10_L6_c1_2,7,repeat_8.8,954.77,0
214,normal_std10_L6_c1_2,7,repeat_8.9,976.58,0
214,normal_std10_L6_c1_2,7,repeat_9.1,864.68,0
214,normal_std10_L6_c1_2,7,repeat_9.2,1448.8,0
214,normal_std10_L6_c1_2,7,repeat_9.3,1459.32,0
214,normal_std10_L6_c1_2,7,repeat_9.4,1569.88,0
214,normal_std10_L6_c1_2,7,repeat_9.5,1629.78,0
214,normal_std10_L6_c1_2,7,repeat_9.6,1715.46,0
214,normal_std10_L6_c1_2,7,repeat_9.7,1777.04,0
214,normal_std10_L6_c1_2,7,repeat_9.8,1795.5,0
214,normal_std10_L6_c1_2,7,repeat_10.3,721.36,0
214,normal_std10_L6_c1_2,7,repeat_10.4,723.44,0
214,normal_std10_L6_c1_2,7,repeat_10.5,725.9,0
214,normal_std10_L6_c1_2,7,repeat_10.6,735.44,0
214,normal_std10_L6_c1_2,7,repeat_10.7,738.78,0
214,normal_std10_L6_c1_2,7,repeat_10.8,748.5,0
214,normal_std10_L6_c1_2,7,repeat_10.9,754.18,0
216,normal_std10_L6_c1_2,8,repeat_1,724.6,0
216,normal_std10_L6_c1_2,8,repeat_1.1,739.58,0
216,normal_std10_L6_c1_2,8,repeat_1.2,747.73,0
216,normal_std10_L6_c1_2,8,repeat_1.3,757.73,0
216,normal_std10_L6_c1_2,8,repeat_1.4,805.19,0
216,normal_std10_L6_c1_2,8,repeat_1.5,808.27,0
216,normal_std10_L6_c1_2,8,repeat_1.6,840.53,0
216,normal_std10_L6_c1_2,8,repeat_1.7,843.53,0
216,normal_std10_L6_c1_2,8,repeat_1.8,847.16,0
216,normal_std10_L6_c1_2,8,repeat_1.9,851.17,0
216,normal_std10_L6_c1_2,8,repeat_2,931.78,0
216,normal_std10_L6_c1_2,8,repeat_2.1,934.74,0
216,normal_std10_L6_c1_2,8,repeat_2.2,940.0,0
216,normal_std10_L6_c1_2,8,repeat_2.3,1238.16,0
216,normal_std10_L6_c1_2,8,repeat_2.4,1348.66,0
216,normal_std10_L6_c1_2,8,repeat_2.5,1457.02,0
216,normal_std10_L6_c1_2,8,repeat_2.6,1541.02,0
216,normal_std10_L6_c1_2,8,repeat_2.7,1664.86,0
216,normal_std10_L6_c1_2,8,repeat_2.8,1787.18,0
216,normal_std10_L6_c1_2,8,repeat_2.9,1793.02,0
216,normal_std10_L6_c1_2,8,repeat_4,825.18,0
216,normal_std10_L6_c1_2,8,repeat_4.1,917.8,0
216,normal_std10_L6_c1_2,8,repeat_4.2,937.1,0
216,normal_std10_L6_c1_2,8,repeat_4.3,960.2,0
216,normal_std10_L6_c1_2,8,repeat_4.4,1003.3,0
216,normal_std10_L6_c1_2,8,repeat_4.5,1080.08,0
216,normal_std10_L6_c1_2,8,repeat_4.6,1091.06,0
216,normal_std10_L6_c1_2,8,repeat_4.7,1192.16,0
216,normal_std10_L6_c1_2,8,repeat_4.8,1241.3,0
216,normal_std10_L6_c1_2,8,repeat_4.9,1248.28,0
216,normal_std10_L6_c1_2,8,repeat_5,750.24,0
216,normal_std10_L6_c1_2,8,repeat_5.2,878.42,0
216,normal_std10_L6_c1_2,8,repeat_5.3,908.94,0
216,normal_std10_L6_c1_2,8,repeat_5.4,933.96,0
216,normal_std10_L6_c1_2,8,repeat_5.5,946.78,0
216,normal_std10_L6_c1_2,8,repeat_5.6,965.36,0
216,normal_std10_L6_c1_2,8,repeat_5.7,1019.22,0
216,normal_std10_L6_c1_2,8,repeat_5.8,1028.7,0
216,normal_std10_L6_c1_2,8,repeat_5.9,1039.6,0
216,normal_std10_L6_c1_2,8,repeat_6.3,913.33,0
216,normal_std10_L6_c1_2,8,repeat_6.4,919.6,0
216,normal_std10_L6_c1_2,8,repeat_6.5,939.23,0
216,normal_std10_L6_c1_2,8,repeat_6.6,949.63,0
216,normal_std10_L6_c1_2,8,repeat_6.7,970.02,0
216,normal_std10_L6_c1_2,8,repeat_6.8,975.77,0
216,normal_std10_L6_c1_2,8,repeat_6.9,975.79,0
216,normal_std10_L6_c1_2,8,repeat_8.1,787.32,0
216,normal_std10_L6_c1_2,8,repeat_8.2,787.35,0
216,normal_std10_L6_c1_2,8,repeat_8.3,787.35,0
216,normal_std10_L6_c1_2,8,repeat_8.4,787.35,0
216,normal_std10_L6_c1_2,8,repeat_8.5,805.74,0
216,normal_std10_L6_c1_2,8,repeat_8.6,815.24,0
216,normal_std10_L6_c1_2,8,repeat_8.7,889.82,0
216,normal_std10_L6_c1_2,8,repeat_8.8,912.81,0
216,normal_std10_L6_c1_2,8,repeat_8.9,954.77,0
216,normal_std10_L6_c1_2,8,repeat_9.1,864.68,0
216,normal_std10_L6_c1_2,8,repeat_9.2,1448.8,0
216,normal_std10_L6_c1_2,8,repeat_9.3,1459.32,0
216,normal_std10_L6_c1_2,8,repeat_9.4,1569.88,0
216,normal_std10_L6_c1_2,8,repeat_9.5,1629.78,0
216,normal_std10_L6_c1_2,8,repeat_9.6,1715.46,0
216,normal_std10_L6_c1_2,8,repeat_9.7,1777.04,0
216,normal_std10_L6_c1_2,8,repeat_9.8,1795.5,0
216,normal_std10_L6_c1_2,8,repeat_10.4,721.36,0
216,normal_std10_L6_c1_2,8,repeat_10.5,723.44,0
216,normal_std10_L6_c1_2,8,repeat_10.6,725.9,0
216,normal_std10_L6_c1_2,8,repeat_10.7,727.62,0
216,normal_std10_L6_c1_2,8,repeat_10.8,733.9,0
216,normal_std10_L6_c1_2,8,repeat_10.9,735.44,0
218,normal_std10_L6_c1_2,9,repeat_1,724.6,0
218,normal_std10_L6_c1_2,9,repeat_1.1,739.57,0
218,normal_std10_L6_c1_2,9,repeat_1.2,739.58,0
218,normal_std10_L6_c1_2,9,repeat_1.3,747.73,0
218,normal_std10_L6_c1_2,9,repeat_1.4,757.73,0
218,normal_std10_L6_c1_2,9,repeat_1.5,805.19,0
218,normal_std10_L6_c1_2,9,repeat_1.6,808.27,0
218,normal_std10_L6_c1_2,9,repeat_1.7,840.53,0
218,normal_std10_L6_c1_2,9,repeat_1.8,843.53,0
218,normal_std10_L6_c1_2,9,repeat_1.9,847.16,0
218,normal_std10_L6_c1_2,9,repeat_2,850.6,0
218,normal_std10_L6_c1_2,9,repeat_2.1,931.78,0
218,normal_std10_L6_c1_2,9,repeat_2.2,934.74,0
218,normal_std10_L6_c1_2,9,repeat_2.3,940.0,0
218,normal_std10_L6_c1_2,9,repeat_2.4,959.84,0
218,normal_std10_L6_c1_2,9,repeat_2.5,991.64,0
218,normal_std10_L6_c1_2,9,repeat_2.6,1072.64,0
218,normal_std10_L6_c1_2,9,repeat_2.7,1205.98,0
218,normal_std10_L6_c1_2,9,repeat_2.8,1238.16,0
218,normal_std10_L6_c1_2,9,repeat_2.9,1348.66,0
218,normal_std10_L6_c1_2,9,repeat_4,825.18,0
218,normal_std10_L6_c1_2,9,repeat_4.1,917.8,0
218,normal_std10_L6_c1_2,9,repeat_4.2,937.1,0
218,normal_std10_L6_c1_2,9,repeat_4.3,960.2,0
218,normal_std10_L6_c1_2,9,repeat_4.4,1003.3,0
218,normal_std10_L6_c1_2,9,repeat_4.5,1080.08,0
218,normal_std10_L6_c1_2,9,repeat_4.6,1091.06,0
218,normal_std10_L6_c1_2,9,repeat_4.7,1120.72,0
218,normal_std10_L6_c1_2,9,repeat_4.8,1191.5,0
218,normal_std10_L6_c1_2,9,repeat_4.9,1192.16,0
218,normal_std10_L6_c1_2,9,repeat_5,739.64,0
218,normal_std10_L6_c1_2,9,repeat_5.1,750.24,0
218,normal_std10_L6_c1_2,9,repeat_5.2,752.34,0
218,normal_std10_L6_c1_2,9,repeat_5.4,878.42,0
218,normal_std10_L6_c1_2,9,repeat_5.5,908.94,0
218,normal_std10_L6_c1_2,9,repeat_5.6,918.56,0
218,normal_std10_L6_c1_2,9,repeat_5.7,933.96,0
218,normal_std10_L6_c1_2,9,repeat_5.8,946.78,0
218,normal_std10_L6_c1_2,9,repeat_5.9,965.36,0
218,normal_std10_L6_c1_2,9,repeat_6.3,817.18,0
218,normal_std10_L6_c1_2,9,repeat_6.4,902.83,0
218,normal_std10_L6_c1_2,9,repeat_6.5,913.33,0
218,normal_std10_L6_c1_2,9,repeat_6.6,919.6,0
218,normal_std10_L6_c1_2,9,repeat_6.7,939.23,0
218,normal_std10_L6_c1_2,9,repeat_6.8,949.63,0
218,normal_std10_L6_c1_2,9,repeat_6.9,970.02,0
218,normal_std10_L6_c1_2,9,repeat_8.1,787.32,0
218,normal_std10_L6_c1_2,9,repeat_8.2,787.35,0
218,normal_std10_L6_c1_2,9,repeat_8.3,787.35,0
218,normal_std10_L6_c1_2,9,repeat_8.4,787.35,0
218,normal_std10_L6_c1_2,9,repeat_8.5,805.74,0
218,normal_std10_L6_c1_2,9,repeat_8.6,811.5,0
218,normal_std10_L6_c1_2,9,repeat_8.7,815.24,0
218,normal_std10_L6_c1_2,9,repeat_8.8,889.82,0
218,normal_std10_L6_c1_2,9,repeat_8.9,912.81,0
218,normal_std10_L6_c1_2,9,repeat_9.1,864.68,0
218,normal_std10_L6_c1_2,9,repeat_9.2,1448.8,0
218,normal_std10_L6_c1_2,9,repeat_9.3,1459.32,0
218,normal_std10_L6_c1_2,9,repeat_9.4,1569.88,0
218,normal_std10_L6_c1_2,9,repeat_9.5,1629.78,0
218,normal_std10_L6_c1_2,9,repeat_9.6,1715.46,0
218,normal_std10_L6_c1_2,9,repeat_9.7,1777.04,0
218,normal_std10_L6_c1_2,9,repeat_9.8,1795.5,0
218,normal_std10_L6_c1_2,9,repeat_10.4,721.36,0
218,normal_std10_L6_c1_2,9,repeat_10.5,723.28,0
218,normal_std10_L6_c1_2,9,repeat_10.6,723.44,0
218,normal_std10_L6_c1_2,9,repeat_10.7,725.9,0
218,normal_std10_L6_c1_2,9,repeat_10.8,727.62,0
218,normal_std10_L6_c1_2,9,repeat_10.9,733.9,0
220,normal_std10_L6_c1_2,10,repeat_1,724.6,0
220,normal_std10_L6_c1_2,10,repeat_1.1,739.57,0
220,normal_std10_L6_c1_2,10,repeat_1.2,739.58,0
220,normal_std10_L6_c1_2,10,repeat_1.3,747.73,0
220,normal_std10_L6_c1_2,10,repeat_1.4,757.73,0
220,normal_std10_L6_c1_2,10,repeat_1.5,758.2,0
220,normal_std10_L6_c1_2,10,repeat_1.6,805.19,0
220,normal_std10_L6_c1_2,10,repeat_1.7,808.27,0
220,normal_std10_L6_c1_2,10,repeat_1.8,812.59,0
220,normal_std10_L6_c1_2,10,repeat_1.9,840.53,0
220,normal_std10_L6_c1_2,10,repeat_2,850.6,0
220,normal_std10_L6_c1_2,10,repeat_2.1,931.78,0
220,normal_std10_L6_c1_2,10,repeat_2.2,934.74,0
220,normal_std10_L6_c1_2,10,repeat_2.3,940.0,0
220,normal_std10_L6_c1_2,10,repeat_2.4,959.84,0
220,normal_std10_L6_c1_2,10,repeat_2.5,991.64,0
220,normal_std10_L6_c1_2,10,repeat_2.6,1016.74,0
220,normal_std10_L6_c1_2,10,repeat_2.7,1066.54,0
220,normal_std10_L6_c1_2,10,repeat_2.8,1072.64,0
220,normal_std10_L6_c1_2,10,repeat_2.9,1205.98,0
220,normal_std10_L6_c1_2,10,repeat_4,820.86,0
220,normal_std10_L6_c1_2,10,repeat_4.1,825.18,0
220,normal_std10_L6_c1_2,10,repeat_4.2,915.5,0
220,normal_std10_L6_c1_2,10,repeat_4.3,917.8,0
220,normal_std10_L6_c1_2,10,repeat_4.4,937.1,0
220,normal_std10_L6_c1_2,10,repeat_4.5,960.2,0
220,normal_std10_L6_c1_2,10,repeat_4.6,1003.3,0
220,normal_std10_L6_c1_2,10,repeat_4.7,1080.08,0
220,normal_std10_L6_c1_2,10,repeat_4.8,1091.06,0
220,normal_std10_L6_c1_2,10,repeat_4.9,1120.72,0
220,normal_std10_L6_c1_2,10,repeat_5,739.64,0
220,normal_std10_L6_c1_2,10,repeat_5.1,750.24,0
220,normal_std10_L6_c1_2,10,repeat_5.2,752.34,0
220,normal_std10_L6_c1_2,10,repeat_5.4,853.02,0
220,normal_std10_L6_c1_2,10,repeat_5.5,878.42,0
220,normal_std10_L6_c1_2,10,repeat_5.6,908.94,0
220,normal_std10_L6_c1_2,10,repeat_5.7,918.56,0
220,normal_std10_L6_c1_2,10,repeat_5.8,933.96,0
220,normal_std10_L6_c1_2,10,repeat_5.9,946.78,0
220,normal_std10_L6_c1_2,10,repeat_6,785.81,0
220,normal_std10_L6_c1_2,10,repeat_6.4,817.18,0
220,normal_std10_L6_c1_2,10,repeat_6.5,902.79,0
220,normal_std10_L6_c1_2,10,repeat_6.6,902.83,0
220,normal_std10_L6_c1_2,10,repeat_6.7,902.84,0
220,normal_std10_L6_c1_2,10,repeat_6.8,913.33,0
220,normal_std10_L6_c1_2,10,repeat_6.9,919.6,0
220,normal_std10_L6_c1_2,10,repeat_8.1,787.32,0
220,normal_std10_L6_c1_2,10,repeat_8.2,787.35,0
220,normal_std10_L6_c1_2,10,repeat_8.3,787.35,0
220,normal_std10_L6_c1_2,10,repeat_8.4,787.35,0
220,normal_std10_L6_c1_2,10,repeat_8.5,805.74,0
220,normal_std10_L6_c1_2,10,repeat_8.6,811.5,0
220,normal_std10_L6_c1_2,10,repeat_8.7,815.24,0
220,normal_std10_L6_c1_2,10,repeat_8.8,889.82,0
220,normal_std10_L6_c1_2,10,repeat_8.9,912.81,0
220,normal_std10_L6_c1_2,10,repeat_9.1,864.68,0
220,normal_std10_L6_c1_2,10,repeat_9.2,1448.8,0
220,normal_std10_L6_c1_2,10,repeat_9.3,1459.32,0
220,normal_std10_L6_c1_2,10,repeat_9.4,1569.88,0
220,normal_std10_L6_c1_2,10,repeat_9.5,1629.78,0
220,normal_std10_L6_c1_2,10,repeat_9.6,1715.46,0
220,normal_std10_L6_c1_2,10,repeat_9.7,1777.04,0
220,normal_std10_L6_c1_2,10,repeat_9.8,1795.5,0
220,normal_std10_L6_c1_2,10,repeat_10.4,721.36,0
220,normal_std10_L6_c1_2,10,repeat_10.5,723.28,0
220,normal_std10_L6_c1_2,10,repeat_10.6,723.44,0
220,normal_std10_L6_c1_2,10,repeat_10.7,725.9,0
220,normal_std10_L6_c1_2,10,repeat_10.8,727.62,0
220,normal_std10_L6_c1_2,10,repeat_10.9,733.9,0
222,normal_std10_L6_c1_5,1,repeat_1,2243.42,0
222,normal_std10_L6_c1_5,1,repeat_1.2,3454.3,0
222,normal_std10_L6_c1_5,1,repeat_1.3,3496.67,0
222,normal_std10_L6_c1_5,1,repeat_1.4,3583.4,0
222,normal_std10_L6_c1_5,1,repeat_1.5,4386.4,0
222,normal_std10_L6_c1_5,1,repeat_1.6,4728.36,0
222,normal_std10_L6_c1_5,1,repeat_1.7,6086.89,0
222,normal_std10_L6_c1_5,1,repeat_2.4,4386.4,0
222,normal_std10_L6_c1_5,1,repeat_2.5,4636.02,0
222,normal_std10_L6_c1_5,1,repeat_2.6,16736.72,0
222,normal_std10_L6_c1_5,1,repeat_3.2,3663.07,0
222,normal_std10_L6_c1_5,1,repeat_3.3,3819.83,0
222,normal_std10_L6_c1_5,1,repeat_3.4,3823.1,0
222,normal_std10_L6_c1_5,1,repeat_3.5,4102.18,0
222,normal_std10_L6_c1_5,1,repeat_3.6,5171.27,0
222,normal_std10_L6_c1_5,1,repeat_3.7,9236.72,0
222,normal_std10_L6_c1_5,1,repeat_4.4,3445.82,0
222,normal_std10_L6_c1_5,1,repeat_4.5,3448.42,0
222,normal_std10_L6_c1_5,1,repeat_4.6,3717.6,0
222,normal_std10_L6_c1_5,1,repeat_4.7,4386.4,0
222,normal_std10_L6_c1_5,1,repeat_4.8,5342.36,0
222,normal_std10_L6_c1_5,1,repeat_4.9,5780.42,0
222,normal_std10_L6_c1_5,1,repeat_5.7,3671.38,0
222,normal_std10_L6_c1_5,1,repeat_5.8,4094.78,0
222,normal_std10_L6_c1_5,1,repeat_5.9,4386.4,0
222,normal_std10_L6_c1_5,1,repeat_6.6,4273.86,0
222,normal_std10_L6_c1_5,1,repeat_6.7,4916.22,0
222,normal_std10_L6_c1_5,1,repeat_6.8,5496.31,0
222,normal_std10_L6_c1_5,1,repeat_6.9,6762.74,0
222,normal_std10_L6_c1_5,1,repeat_7.6,3593.13,0
222,normal_std10_L6_c1_5,1,repeat_7.7,3778.98,0
222,normal_std10_L6_c1_5,1,repeat_7.8,4386.4,0
222,normal_std10_L6_c1_5,1,repeat_7.9,5983.8,0
222,normal_std10_L6_c1_5,1,repeat_8.6,3665.68,0
222,normal_std10_L6_c1_5,1,repeat_8.7,4241.04,0
222,normal_std10_L6_c1_5,1,repeat_9.4,3564.1,0
222,normal_std10_L6_c1_5,1,repeat_9.5,3721.09,0
222,normal_std10_L6_c1_5,1,repeat_9.6,7444.5,0
222,normal_std10_L6_c1_5,1,repeat_9.7,8651.16,0
222,normal_std10_L6_c1_5,1,repeat_9.8,12794.32,0
222,normal_std10_L6_c1_5,1,repeat_10.4,3461.09,0
222,normal_std10_L6_c1_5,1,repeat_10.5,3508.45,0
222,normal_std10_L6_c1_5,1,repeat_10.6,3566.32,0
222,normal_std10_L6_c1_5,1,repeat_10.7,3814.58,0
222,normal_std10_L6_c1_5,1,repeat_10.8,11306.27,0
224,normal_std10_L6_c1_5,2,repeat_1,1674.64,0
224,normal_std10_L6_c1_5,2,repeat_1.1,2243.42,0
224,normal_std10_L6_c1_5,2,repeat_1.5,3454.3,0
224,normal_std10_L6_c1_5,2,repeat_1.6,3496.67,0
224,normal_std10_L6_c1_5,2,repeat_1.7,3554.42,0
224,normal_std10_L6_c1_5,2,repeat_1.8,3578.4,0
224,normal_std10_L6_c1_5,2,repeat_1.9,3583.4,0
224,normal_std10_L6_c1_5,2,repeat_2.8,3682.62,0
224,normal_std10_L6_c1_5,2,repeat_2.9,3984.14,0
224,normal_std10_L6_c1_5,2,repeat_3.6,3663.07,0
224,normal_std10_L6_c1_5,2,repeat_3.7,3819.83,0
224,normal_std10_L6_c1_5,2,repeat_3.8,3823.1,0
224,normal_std10_L6_c1_5,2,repeat_3.9,3824.55,0
224,normal_std10_L6_c1_5,2,repeat_4.5,3445.82,0
224,normal_std10_L6_c1_5,2,repeat_4.6,3448.42,0
224,normal_std10_L6_c1_5,2,repeat_4.7,3566.3,0
224,normal_std10_L6_c1_5,2,repeat_4.8,3717.6,0
224,normal_std10_L6_c1_5,2,repeat_4.9,3964.16,0
224,normal_std10_L6_c1_5,2,repeat_5.7,2274.37,0
224,normal_std10_L6_c1_5,2,repeat_5.8,2394.89,0
224,normal_std10_L6_c1_5,2,repeat_6.5,1377.09,0
224,normal_std10_L6_c1_5,2,repeat_6.6,1603.52,0
224,normal_std10_L6_c1_5,2,repeat_6.7,1676.5,0
224,normal_std10_L6_c1_5,2,repeat_6.8,2377.75,0
224,normal_std10_L6_c1_5,2,repeat_7.3,1600.2,0
224,normal_std10_L6_c1_5,2,repeat_7.4,1706.0,0
224,normal_std10_L6_c1_5,2,repeat_7.5,2254.38,0
224,normal_std10_L6_c1_5,2,repeat_7.6,2582.02,0
224,normal_std10_L6_c1_5,2,repeat_8.1,2577.84,0
224,normal_std10_L6_c1_5,2,repeat_8.2,2625.82,0
224,normal_std10_L6_c1_5,2,repeat_8.8,3346.77,0
224,normal_std10_L6_c1_5,2,repeat_9.1,1333.86,0
224,normal_std10_L6_c1_5,2,repeat_9.2,1342.48,0
224,normal_std10_L6_c1_5,2,repeat_9.4,1669.68,0
224,normal_std10_L6_c1_5,2,repeat_9.5,1709.78,0
224,normal_std10_L6_c1_5,2,repeat_9.6,1765.6,0
224,normal_std10_L6_c1_5,2,repeat_9.8,2393.44,0
224,normal_std10_L6_c1_5,2,repeat_10,1998.3,0
224,normal_std10_L6_c1_5,2,repeat_10.1,2443.1,0
224,normal_std10_L6_c1_5,2,repeat_10.8,3461.09,0
224,normal_std10_L6_c1_5,2,repeat_10.9,3508.45,0
226,normal_std10_L6_c1_5,3,repeat_1.1,1674.64,0
226,normal_std10_L6_c1_5,3,repeat_1.2,2243.42,0
226,normal_std10_L6_c1_5,3,repeat_1.3,2515.54,0
226,normal_std10_L6_c1_5,3,repeat_1.7,3026.66,0
226,normal_std10_L6_c1_5,3,repeat_3.5,3272.83,0
226,normal_std10_L6_c1_5,3,repeat_3.6,3277.73,0
226,normal_std10_L6_c1_5,3,repeat_4.1,2153.0,0
226,normal_std10_L6_c1_5,3,repeat_4.8,3445.82,0
226,normal_std10_L6_c1_5,3,repeat_4.9,3448.42,0
226,normal_std10_L6_c1_5,3,repeat_5.8,1393.19,0
226,normal_std10_L6_c1_5,3,repeat_7.7,1600.2,0
226,normal_std10_L6_c1_5,3,repeat_7.8,1706.0,0
226,normal_std10_L6_c1_5,3,repeat_8.2,1489.58,0
226,normal_std10_L6_c1_5,3,repeat_8.6,1584.72,0
226,normal_std10_L6_c1_5,3,repeat_8.7,1605.87,0
226,normal_std10_L6_c1_5,3,repeat_8.8,1960.92,0
226,normal_std10_L6_c1_5,3,repeat_9.1,1333.86,0
226,normal_std10_L6_c1_5,3,repeat_9.2,1342.48,0
226,normal_std10_L6_c1_5,3,repeat_9.4,1669.68,0
226,normal_std10_L6_c1_5,3,repeat_9.5,1709.78,0
226,normal_std10_L6_c1_5,3,repeat_9.6,1765.6,0
226,normal_std10_L6_c1_5,3,repeat_9.8,1971.74,0
226,normal_std10_L6_c1_5,3,repeat_9.9,2254.46,0
226,normal_std10_L6_c1_5,3,repeat_10,1993.32,0
226,normal_std10_L6_c1_5,3,repeat_10.1,1996.96,0
226,normal_std10_L6_c1_5,3,repeat_10.2,1998.3,0
226,normal_std10_L6_c1_5,3,repeat_10.7,2238.76,0
226,normal_std10_L6_c1_5,3,repeat_10.8,2335.4,0
226,normal_std10_L6_c1_5,3,repeat_10.9,2443.1,0
228,normal_std10_L6_c1_5,4,repeat_1.3,1674.64,0
228,normal_std10_L6_c1_5,4,repeat_1.5,2128.3,0
228,normal_std10_L6_c1_5,4,repeat_1.6,2164.12,0
228,normal_std10_L6_c1_5,4,repeat_1.7,2243.42,0
228,normal_std10_L6_c1_5,4,repeat_1.8,2291.48,0
228,normal_std10_L6_c1_5,4,repeat_1.9,2386.2,0
228,normal_std10_L6_c1_5,4,repeat_4.1,1659.78,0
228,normal_std10_L6_c1_5,4,repeat_4.2,1768.24,0
228,normal_std10_L6_c1_5,4,repeat_4.3,2153.0,0
228,normal_std10_L6_c1_5,4,repeat_8.3,1328.34,0
228,normal_std10_L6_c1_5,4,repeat_8.4,1374.39,0
228,normal_std10_L6_c1_5,4,repeat_8.7,1489.58,0
228,normal_std10_L6_c1_5,4,repeat_9.1,1333.86,0
228,normal_std10_L6_c1_5,4,repeat_9.2,1342.48,0
228,normal_std10_L6_c1_5,4,repeat_9.3,1347.38,0
228,normal_std10_L6_c1_5,4,repeat_9.4,1365.78,0
228,normal_std10_L6_c1_5,4,repeat_9.7,1669.68,0
228,normal_std10_L6_c1_5,4,repeat_9.8,1709.78,0
228,normal_std10_L6_c1_5,4,repeat_9.9,1765.6,0
228,normal_std10_L6_c1_5,4,repeat_10.3,1509.2,0
228,normal_std10_L6_c1_5,4,repeat_10.6,1993.32,0
228,normal_std10_L6_c1_5,4,repeat_10.7,1996.96,0
228,normal_std10_L6_c1_5,4,repeat_10.8,1998.3,0
228,normal_std10_L6_c1_5,4,repeat_10.9,2013.16,0
230,normal_std10_L6_c1_5,5,repeat_1.7,1674.64,0
230,normal_std10_L6_c1_5,5,repeat_1.8,1716.2,0
230,normal_std10_L6_c1_5,5,repeat_2.1,2282.58,0
230,normal_std10_L6_c1_5,5,repeat_4.1,1659.78,0
230,normal_std10_L6_c1_5,5,repeat_4.2,1665.08,0
230,normal_std10_L6_c1_5,5,repeat_4.3,1768.24,0
230,normal_std10_L6_c1_5,5,repeat_4.4,1785.44,0
230,normal_std10_L6_c1_5,5,repeat_4.5,2153.0,0
230,normal_std10_L6_c1_5,5,repeat_8.5,1328.34,0
230,normal_std10_L6_c1_5,5,repeat_8.6,1374.39,0
230,normal_std10_L6_c1_5,5,repeat_8.7,1398.16,0
230,normal_std10_L6_c1_5,5,repeat_9.1,1333.86,0
230,normal_std10_L6_c1_5,5,repeat_9.2,1341.2,0
230,normal_std10_L6_c1_5,5,repeat_9.3,1342.48,0
230,normal_std10_L6_c1_5,5,repeat_9.4,1347.38,0
230,normal_std10_L6_c1_5,5,repeat_9.5,1365.78,0
230,normal_std10_L6_c1_5,5,repeat_9.9,1656.94,0
230,normal_std10_L6_c1_5,5,repeat_10,1372.92,0
230,normal_std10_L6_c1_5,5,repeat_10.1,1373.32,0
230,normal_std10_L6_c1_5,5,repeat_10.2,1380.36,0
230,normal_std10_L6_c1_5,5,repeat_10.3,1400.06,0
232,normal_std10_L6_c1_5,6,repeat_1.1,1326.12,0
232,normal_std10_L6_c1_5,6,repeat_1.2,1369.02,0
232,normal_std10_L6_c1_5,6,repeat_1.3,1373.28,0
232,normal_std10_L6_c1_5,6,repeat_1.4,1379.68,0
232,normal_std10_L6_c1_5,6,repeat_1.5,1392.36,0
232,normal_std10_L6_c1_5,6,repeat_2.1,2282.58,0
232,normal_std10_L6_c1_5,6,repeat_2.2,2455.84,0
232,normal_std10_L6_c1_5,6,repeat_3.6,1587.68,0
232,normal_std10_L6_c1_5,6,repeat_3.7,1606.15,0
232,normal_std10_L6_c1_5,6,repeat_4.1,1653.08,0
232,normal_std10_L6_c1_5,6,repeat_4.2,1659.78,0
232,normal_std10_L6_c1_5,6,repeat_4.3,1665.08,0
232,normal_std10_L6_c1_5,6,repeat_4.4,1768.24,0
232,normal_std10_L6_c1_5,6,repeat_4.5,1785.44,0
232,normal_std10_L6_c1_5,6,repeat_4.7,1943.54,0
232,normal_std10_L6_c1_5,6,repeat_4.9,2153.0,0
232,normal_std10_L6_c1_5,6,repeat_9.2,1333.86,0
232,normal_std10_L6_c1_5,6,repeat_9.3,1341.2,0
232,normal_std10_L6_c1_5,6,repeat_9.4,1342.48,0
232,normal_std10_L6_c1_5,6,repeat_9.5,1346.46,0
232,normal_std10_L6_c1_5,6,repeat_9.6,1347.38,0
232,normal_std10_L6_c1_5,6,repeat_9.7,1365.78,0
232,normal_std10_L6_c1_5,6,repeat_10,1372.92,0
232,normal_std10_L6_c1_5,6,repeat_10.1,1373.32,0
232,normal_std10_L6_c1_5,6,repeat_10.2,1374.66,0
232,normal_std10_L6_c1_5,6,repeat_10.3,1380.36,0
232,normal_std10_L6_c1_5,6,repeat_10.4,1380.6,0
232,normal_std10_L6_c1_5,6,repeat_10.5,1400.06,0
234,normal_std10_L6_c1_5,7,repeat_1.1,1326.12,0
234,normal_std10_L6_c1_5,7,repeat_1.2,1369.02,0
234,normal_std10_L6_c1_5,7,repeat_1.3,1373.28,0
234,normal_std10_L6_c1_5,7,repeat_1.4,1379.68,0
234,normal_std10_L6_c1_5,7,repeat_1.5,1392.36,0
234,normal_std10_L6_c1_5,7,repeat_2.2,2282.58,0
234,normal_std10_L6_c1_5,7,repeat_2.3,2455.84,0
234,normal_std10_L6_c1_5,7,repeat_2.5,2645.76,0
234,normal_std10_L6_c1_5,7,repeat_3.8,1587.68,0
234,normal_std10_L6_c1_5,7,repeat_3.9,1606.15,0
234,normal_std10_L6_c1_5,7,repeat_4.1,1622.84,0
234,normal_std10_L6_c1_5,7,repeat_4.2,1653.08,0
234,normal_std10_L6_c1_5,7,repeat_4.3,1659.78,0
234,normal_std10_L6_c1_5,7,repeat_4.4,1665.08,0
234,normal_std10_L6_c1_5,7,repeat_4.6,1768.24,0
234,normal_std10_L6_c1_5,7,repeat_4.7,1785.44,0
234,normal_std10_L6_c1_5,7,repeat_4.9,1941.98,0
234,normal_std10_L6_c1_5,7,repeat_9.2,1333.86,0
234,normal_std10_L6_c1_5,7,repeat_9.3,1341.2,0
234,normal_std10_L6_c1_5,7,repeat_9.4,1342.48,0
234,normal_std10_L6_c1_5,7,repeat_9.5,1346.46,0
234,normal_std10_L6_c1_5,7,repeat_9.6,1347.38,0
234,normal_std10_L6_c1_5,7,repeat_9.7,1365.78,0
234,normal_std10_L6_c1_5,7,repeat_10,1372.92,0
234,normal_std10_L6_c1_5,7,repeat_10.1,1373.32,0
234,normal_std10_L6_c1_5,7,repeat_10.2,1374.66,0
234,normal_std10_L6_c1_5,7,repeat_10.3,1374.84,0
234,normal_std10_L6_c1_5,7,repeat_10.4,1380.36,0
234,normal_std10_L6_c1_5,7,repeat_10.5,1380.6,0
234,normal_std10_L6_c1_5,7,repeat_10.6,1380.66,0
234,normal_std10_L6_c1_5,7,repeat_10.7,1390.8,0
234,normal_std10_L6_c1_5,7,repeat_10.8,1400.06,0
236,normal_std10_L6_c1_5,8,repeat_1.1,1326.12,0
236,normal_std10_L6_c1_5,8,repeat_1.2,1369.02,0
236,normal_std10_L6_c1_5,8,repeat_1.3,1373.28,0
236,normal_std10_L6_c1_5,8,repeat_1.4,1379.68,0
236,normal_std10_L6_c1_5,8,repeat_1.5,1392.36,0
236,normal_std10_L6_c1_5,8,repeat_2.1,1852.36,0
236,normal_std10_L6_c1_5,8,repeat_2.5,2194.46,0
236,normal_std10_L6_c1_5,8,repeat_2.6,2282.58,0
236,normal_std10_L6_c1_5,8,repeat_2.7,2455.84,0
236,normal_std10_L6_c1_5,8,repeat_2.9,2645.76,0
236,normal_std10_L6_c1_5,8,repeat_3.8,1490.06,0
236,normal_std10_L6_c1_5,8,repeat_4.1,1611.34,0
236,normal_std10_L6_c1_5,8,repeat_4.2,1622.84,0
236,normal_std10_L6_c1_5,8,repeat_4.3,1653.08,0
236,normal_std10_L6_c1_5,8,repeat_4.4,1659.78,0
236,normal_std10_L6_c1_5,8,repeat_4.5,1665.08,0
236,normal_std10_L6_c1_5,8,repeat_4.6,1699.96,0
236,normal_std10_L6_c1_5,8,repeat_4.8,1768.24,0
236,normal_std10_L6_c1_5,8,repeat_4.9,1785.44,0
236,normal_std10_L6_c1_5,8,repeat_9.2,1333.86,0
236,normal_std10_L6_c1_5,8,repeat_9.3,1341.2,0
236,normal_std10_L6_c1_5,8,repeat_9.4,1342.48,0
236,normal_std10_L6_c1_5,8,repeat_9.5,1346.46,0
236,normal_std10_L6_c1_5,8,repeat_9.6,1347.38,0
236,normal_std10_L6_c1_5,8,repeat_9.7,1365.78,0
236,normal_std10_L6_c1_5,8,repeat_10,1372.92,0
236,normal_std10_L6_c1_5,8,repeat_10.1,1373.32,0
236,normal_std10_L6_c1_5,8,repeat_10.2,1374.58,0
236,normal_std10_L6_c1_5,8,repeat_10.3,1374.66,0
236,normal_std10_L6_c1_5,8,repeat_10.4,1374.84,0
236,normal_std10_L6_c1_5,8,repeat_10.5,1380.36,0
236,normal_std10_L6_c1_5,8,repeat_10.6,1380.6,0
236,normal_std10_L6_c1_5,8,repeat_10.7,1380.66,0
236,normal_std10_L6_c1_5,8,repeat_10.8,1390.8,0
236,normal_std10_L6_c1_5,8,repeat_10.9,1400.06,0
238,normal_std10_L6_c1_5,9,repeat_1.2,1326.12,0
238,normal_std10_L6_c1_5,9,repeat_1.3,1369.02,0
238,normal_std10_L6_c1_5,9,repeat_1.4,1369.34,0
238,normal_std10_L6_c1_5,9,repeat_1.5,1373.28,0
238,normal_std10_L6_c1_5,9,repeat_1.6,1379.68,0
238,normal_std10_L6_c1_5,9,repeat_1.7,1379.7,0
238,normal_std10_L6_c1_5,9,repeat_1.8,1392.36,0
238,normal_std10_L6_c1_5,9,repeat_2,1662.22,0
238,normal_std10_L6_c1_5,9,repeat_2.1,1706.86,0
238,normal_std10_L6_c1_5,9,repeat_2.3,1852.36,0
238,normal_std10_L6_c1_5,9,repeat_2.5,1979.28,0
238,normal_std10_L6_c1_5,9,repeat_2.6,2022.56,0
238,normal_std10_L6_c1_5,9,repeat_4.2,1611.34,0
238,normal_std10_L6_c1_5,9,repeat_4.3,1622.84,0
238,normal_std10_L6_c1_5,9,repeat_4.4,1653.08,0
238,normal_std10_L6_c1_5,9,repeat_4.5,1659.78,0
238,normal_std10_L6_c1_5,9,repeat_4.6,1665.08,0
238,normal_std10_L6_c1_5,9,repeat_4.7,1699.96,0
238,normal_std10_L6_c1_5,9,repeat_4.8,1727.4,0
238,normal_std10_L6_c1_5,9,repeat_9.2,1333.86,0
238,normal_std10_L6_c1_5,9,repeat_9.3,1341.2,0
238,normal_std10_L6_c1_5,9,repeat_9.4,1342.48,0
238,normal_std10_L6_c1_5,9,repeat_9.5,1346.46,0
238,normal_std10_L6_c1_5,9,repeat_9.6,1347.38,0
238,normal_std10_L6_c1_5,9,repeat_9.7,1365.78,0
238,normal_std10_L6_c1_5,9,repeat_10,1372.92,0
238,normal_std10_L6_c1_5,9,repeat_10.1,1373.32,0
238,normal_std10_L6_c1_5,9,repeat_10.2,1374.58,0
238,normal_std10_L6_c1_5,9,repeat_10.3,1374.66,0
238,normal_std10_L6_c1_5,9,repeat_10.4,1374.84,0
238,normal_std10_L6_c1_5,9,repeat_10.5,1380.36,0
238,normal_std10_L6_c1_5,9,repeat_10.6,1380.6,0
238,normal_std10_L6_c1_5,9,repeat_10.7,1380.66,0
238,normal_std10_L6_c1_5,9,repeat_10.8,1390.8,0
238,normal_std10_L6_c1_5,9,repeat_10.9,1400.06,0
240,normal_std10_L6_c1_5,10,repeat_1.2,1326.12,0
240,normal_std10_L6_c1_5,10,repeat_1.3,1369.02,0
240,normal_std10_L6_c1_5,10,repeat_1.4,1369.34,0
240,normal_std10_L6_c1_5,10,repeat_1.5,1373.28,0
240,normal_std10_L6_c1_5,10,repeat_1.6,1379.68,0
240,normal_std10_L6_c1_5,10,repeat_1.7,1379.7,0
240,normal_std10_L6_c1_5,10,repeat_1.8,1392.36,0
240,normal_std10_L6_c1_5,10,repeat_2,1343.74,0
240,normal_std10_L6_c1_5,10,repeat_2.1,1649.7,0
240,normal_std10_L6_c1_5,10,repeat_2.2,1662.22,0
240,normal_std10_L6_c1_5,10,repeat_2.3,1706.86,0
240,normal_std10_L6_c1_5,10,repeat_2.4,1708.66,0
240,normal_std10_L6_c1_5,10,repeat_2.5,1710.98,0
240,normal_std10_L6_c1_5,10,repeat_2.7,1852.36,0
240,normal_std10_L6_c1_5,10,repeat_2.9,1979.28,0
240,normal_std10_L6_c1_5,10,repeat_3.8,1345.13,0
240,normal_std10_L6_c1_5,10,repeat_3.9,1346.57,0
240,normal_std10_L6_c1_5,10,repeat_4.3,1611.34,0
240,normal_std10_L6_c1_5,10,repeat_4.4,1622.84,0
240,normal_std10_L6_c1_5,10,repeat_4.5,1636.88,0
240,normal_std10_L6_c1_5,10,repeat_4.6,1653.08,0
240,normal_std10_L6_c1_5,10,repeat_4.7,1659.78,0
240,normal_std10_L6_c1_5,10,repeat_4.8,1665.08,0
240,normal_std10_L6_c1_5,10,repeat_4.9,1699.96,0
240,normal_std10_L6_c1_5,10,repeat_9.2,1333.86,0
240,normal_std10_L6_c1_5,10,repeat_9.3,1341.2,0
240,normal_std10_L6_c1_5,10,repeat_9.4,1342.48,0
240,normal_std10_L6_c1_5,10,repeat_9.5,1346.46,0
240,normal_std10_L6_c1_5,10,repeat_9.6,1347.38,0
240,normal_std10_L6_c1_5,10,repeat_9.7,1365.78,0
240,normal_std10_L6_c1_5,10,repeat_10,1372.92,0
240,normal_std10_L6_c1_5,10,repeat_10.1,1373.32,0
240,normal_std10_L6_c1_5,10,repeat_10.2,1374.58,0
240,normal_std10_L6_c1_5,10,repeat_10.3,1374.66,0
240,normal_std10_L6_c1_5,10,repeat_10.4,1374.84,0
240,normal_std10_L6_c1_5,10,repeat_10.5,1380.36,0
240,normal_std10_L6_c1_5,10,repeat_10.6,1380.6,0
240,normal_std10_L6_c1_5,10,repeat_10.7,1380.66,0
240,normal_std10_L6_c1_5,10,repeat_10.8,1381.36,0
240,normal_std10_L6_c1_5,10,repeat_10.9,1390.8,0
242,normal_std30_L2_c1_2,1,repeat_1,2305.28,0
242,normal_std30_L2_c1_2,1,repeat_1.1,2326.52,0
242,normal_std30_L2_c1_2,1,repeat_1.2,2448.18,0
242,normal_std30_L2_c1_2,1,repeat_1.3,2514.14,0
242,normal_std30_L2_c1_2,1,repeat_1.4,2514.14,0
242,normal_std30_L2_c1_2,1,repeat_1.5,2514.15,0
242,normal_std30_L2_c1_2,1,repeat_1.6,2516.12,0
242,normal_std30_L2_c1_2,1,repeat_1.7,2579.56,0
242,normal_std30_L2_c1_2,1,repeat_1.8,2608.74,0
242,normal_std30_L2_c1_2,1,repeat_1.9,3097.88,0
242,normal_std30_L2_c1_2,1,repeat_2,2240.78,0
242,normal_std30_L2_c1_2,1,repeat_2.1,2514.14,0
242,normal_std30_L2_c1_2,1,repeat_2.2,2514.14,0
242,normal_std30_L2_c1_2,1,repeat_2.3,2514.14,0
242,normal_std30_L2_c1_2,1,repeat_2.4,2514.14,0
242,normal_std30_L2_c1_2,1,repeat_2.5,2514.15,0
242,normal_std30_L2_c1_2,1,repeat_2.6,2514.15,0
242,normal_std30_L2_c1_2,1,repeat_2.7,2529.32,0
242,normal_std30_L2_c1_2,1,repeat_2.8,2546.5,0
242,normal_std30_L2_c1_2,1,repeat_3,2514.14,0
242,normal_std30_L2_c1_2,1,repeat_3.1,2514.14,0
242,normal_std30_L2_c1_2,1,repeat_3.2,2514.14,0
242,normal_std30_L2_c1_2,1,repeat_3.3,2514.14,0
242,normal_std30_L2_c1_2,1,repeat_3.4,2529.32,0
242,normal_std30_L2_c1_2,1,repeat_3.5,2670.63,0
242,normal_std30_L2_c1_2,1,repeat_3.6,2690.25,0
242,normal_std30_L2_c1_2,1,repeat_3.7,3013.11,0
242,normal_std30_L2_c1_2,1,repeat_3.8,3318.93,0
242,normal_std30_L2_c1_2,1,repeat_4,2514.14,0
242,normal_std30_L2_c1_2,1,repeat_4.1,2514.14,0
242,normal_std30_L2_c1_2,1,repeat_4.2,2514.15,0
242,normal_std30_L2_c1_2,1,repeat_4.3,2532.5,0
242,normal_std30_L2_c1_2,1,repeat_4.4,2535.66,0
242,normal_std30_L2_c1_2,1,repeat_4.5,2571.94,0
242,normal_std30_L2_c1_2,1,repeat_4.6,2618.38,0
242,normal_std30_L2_c1_2,1,repeat_4.7,2752.72,0
242,normal_std30_L2_c1_2,1,repeat_5,2260.74,0
242,normal_std30_L2_c1_2,1,repeat_5.1,2514.14,0
242,normal_std30_L2_c1_2,1,repeat_5.2,2514.14,0
242,normal_std30_L2_c1_2,1,repeat_5.3,2514.15,0
242,normal_std30_L2_c1_2,1,repeat_5.4,2514.15,0
242,normal_std30_L2_c1_2,1,repeat_5.5,2534.21,0
242,normal_std30_L2_c1_2,1,repeat_5.6,2819.92,0
242,normal_std30_L2_c1_2,1,repeat_5.7,3510.7,0
242,normal_std30_L2_c1_2,1,repeat_6,2261.14,0
242,normal_std30_L2_c1_2,1,repeat_6.1,2512.06,0
242,normal_std30_L2_c1_2,1,repeat_6.2,2514.15,0
242,normal_std30_L2_c1_2,1,repeat_6.3,2514.15,0
242,normal_std30_L2_c1_2,1,repeat_6.4,2528.72,0
242,normal_std30_L2_c1_2,1,repeat_6.5,2529.86,0
242,normal_std30_L2_c1_2,1,repeat_6.6,2717.28,0
242,normal_std30_L2_c1_2,1,repeat_6.7,3097.88,0
242,normal_std30_L2_c1_2,1,repeat_7,2514.08,0
242,normal_std30_L2_c1_2,1,repeat_7.1,2514.14,0
242,normal_std30_L2_c1_2,1,repeat_7.2,2514.15,0
242,normal_std30_L2_c1_2,1,repeat_7.3,2514.95,0
242,normal_std30_L2_c1_2,1,repeat_7.4,2515.97,0
242,normal_std30_L2_c1_2,1,repeat_7.5,2528.72,0
242,normal_std30_L2_c1_2,1,repeat_7.6,2542.16,0
242,normal_std30_L2_c1_2,1,repeat_7.7,2657.22,0
242,normal_std30_L2_c1_2,1,repeat_7.8,2777.52,0
242,normal_std30_L2_c1_2,1,repeat_7.9,3003.16,0
242,normal_std30_L2_c1_2,1,repeat_8,2261.14,0
242,normal_std30_L2_c1_2,1,repeat_8.1,2268.9,0
242,normal_std30_L2_c1_2,1,repeat_8.2,2514.14,0
242,normal_std30_L2_c1_2,1,repeat_8.3,2514.15,0
242,normal_std30_L2_c1_2,1,repeat_8.4,2528.72,0
242,normal_std30_L2_c1_2,1,repeat_8.5,2541.3,0
242,normal_std30_L2_c1_2,1,repeat_8.6,2573.02,0
242,normal_std30_L2_c1_2,1,repeat_8.7,2597.8,0
242,normal_std30_L2_c1_2,1,repeat_8.8,2624.47,0
242,normal_std30_L2_c1_2,1,repeat_8.9,2671.88,0
242,normal_std30_L2_c1_2,1,repeat_9,2514.15,0
242,normal_std30_L2_c1_2,1,repeat_10,2214.72,0
242,normal_std30_L2_c1_2,1,repeat_10.1,2243.13,0
242,normal_std30_L2_c1_2,1,repeat_10.2,2514.15,0
242,normal_std30_L2_c1_2,1,repeat_10.3,2514.15,0
242,normal_std30_L2_c1_2,1,repeat_10.4,2528.72,0
242,normal_std30_L2_c1_2,1,repeat_10.5,2568.72,0
242,normal_std30_L2_c1_2,1,repeat_10.6,2636.04,0
242,normal_std30_L2_c1_2,1,repeat_10.7,3097.88,0
244,normal_std30_L2_c1_2,2,repeat_1,2171.18,0
244,normal_std30_L2_c1_2,2,repeat_1.1,2258.86,0
244,normal_std30_L2_c1_2,2,repeat_1.2,2282.54,0
244,normal_std30_L2_c1_2,2,repeat_1.3,2305.28,0
244,normal_std30_L2_c1_2,2,repeat_1.4,2326.52,0
244,normal_std30_L2_c1_2,2,repeat_1.5,2433.62,0
244,normal_std30_L2_c1_2,2,repeat_1.6,2448.18,0
244,normal_std30_L2_c1_2,2,repeat_1.7,2448.22,0
244,normal_std30_L2_c1_2,2,repeat_1.8,2514.14,0
244,normal_std30_L2_c1_2,2,repeat_1.9,2514.14,0
244,normal_std30_L2_c1_2,2,repeat_2,2240.78,0
244,normal_std30_L2_c1_2,2,repeat_2.1,2246.88,0
244,normal_std30_L2_c1_2,2,repeat_2.2,2311.36,0
244,normal_std30_L2_c1_2,2,repeat_2.3,2427.98,0
244,normal_std30_L2_c1_2,2,repeat_2.4,2511.64,0
244,normal_std30_L2_c1_2,2,repeat_2.5,2514.14,0
244,normal_std30_L2_c1_2,2,repeat_2.6,2514.14,0
244,normal_std30_L2_c1_2,2,repeat_2.7,2514.14,0
244,normal_std30_L2_c1_2,2,repeat_2.8,2514.14,0
244,normal_std30_L2_c1_2,2,repeat_2.9,2514.14,0
244,normal_std30_L2_c1_2,2,repeat_3,2386.86,0
244,normal_std30_L2_c1_2,2,repeat_3.1,2513.24,0
244,normal_std30_L2_c1_2,2,repeat_3.2,2514.14,0
244,normal_std30_L2_c1_2,2,repeat_3.3,2514.14,0
244,normal_std30_L2_c1_2,2,repeat_3.4,2514.14,0
244,normal_std30_L2_c1_2,2,repeat_3.5,2514.14,0
244,normal_std30_L2_c1_2,2,repeat_3.6,2514.15,0
244,normal_std30_L2_c1_2,2,repeat_3.7,2514.86,0
244,normal_std30_L2_c1_2,2,repeat_3.8,2529.32,0
244,normal_std30_L2_c1_2,2,repeat_3.9,2538.82,0
244,normal_std30_L2_c1_2,2,repeat_4,2288.92,0
244,normal_std30_L2_c1_2,2,repeat_4.1,2294.94,0
244,normal_std30_L2_c1_2,2,repeat_4.2,2498.93,0
244,normal_std30_L2_c1_2,2,repeat_4.3,2514.14,0
244,normal_std30_L2_c1_2,2,repeat_4.4,2514.14,0
244,normal_std30_L2_c1_2,2,repeat_4.5,2514.14,0
244,normal_std30_L2_c1_2,2,repeat_4.6,2514.15,0
244,normal_std30_L2_c1_2,2,repeat_4.7,2514.45,0
244,normal_std30_L2_c1_2,2,repeat_4.8,2518.48,0
244,normal_std30_L2_c1_2,2,repeat_4.9,2532.5,0
244,normal_std30_L2_c1_2,2,repeat_5,2238.8,0
244,normal_std30_L2_c1_2,2,repeat_5.1,2260.74,0
244,normal_std30_L2_c1_2,2,repeat_5.2,2429.54,0
244,normal_std30_L2_c1_2,2,repeat_5.3,2514.02,0
244,normal_std30_L2_c1_2,2,repeat_5.4,2514.14,0
244,normal_std30_L2_c1_2,2,repeat_5.5,2514.14,0
244,normal_std30_L2_c1_2,2,repeat_5.6,2514.14,0
244,normal_std30_L2_c1_2,2,repeat_5.7,2514.15,0
244,normal_std30_L2_c1_2,2,repeat_5.8,2514.15,0
244,normal_std30_L2_c1_2,2,repeat_5.9,2514.26,0
244,normal_std30_L2_c1_2,2,repeat_6,2261.14,0
244,normal_std30_L2_c1_2,2,repeat_6.1,2261.4,0
244,normal_std30_L2_c1_2,2,repeat_6.2,2311.76,0
244,normal_std30_L2_c1_2,2,repeat_6.3,2377.62,0
244,normal_std30_L2_c1_2,2,repeat_6.4,2511.57,0
244,normal_std30_L2_c1_2,2,repeat_6.5,2512.06,0
244,normal_std30_L2_c1_2,2,repeat_6.6,2513.0,0
244,normal_std30_L2_c1_2,2,repeat_6.7,2514.14,0
244,normal_std30_L2_c1_2,2,repeat_6.8,2514.15,0
244,normal_std30_L2_c1_2,2,repeat_6.9,2514.15,0
244,normal_std30_L2_c1_2,2,repeat_7,2289.08,0
244,normal_std30_L2_c1_2,2,repeat_7.1,2358.56,0
244,normal_std30_L2_c1_2,2,repeat_7.2,2473.14,0
244,normal_std30_L2_c1_2,2,repeat_7.3,2496.91,0
244,normal_std30_L2_c1_2,2,repeat_7.4,2512.97,0
244,normal_std30_L2_c1_2,2,repeat_7.5,2514.08,0
244,normal_std30_L2_c1_2,2,repeat_7.6,2514.08,0
244,normal_std30_L2_c1_2,2,repeat_7.7,2514.14,0
244,normal_std30_L2_c1_2,2,repeat_7.8,2514.15,0
244,normal_std30_L2_c1_2,2,repeat_7.9,2514.95,0
244,normal_std30_L2_c1_2,2,repeat_8,2246.56,0
244,normal_std30_L2_c1_2,2,repeat_8.1,2261.14,0
244,normal_std30_L2_c1_2,2,repeat_8.2,2268.9,0
244,normal_std30_L2_c1_2,2,repeat_8.3,2274.0,0
244,normal_std30_L2_c1_2,2,repeat_8.4,2302.88,0
244,normal_std30_L2_c1_2,2,repeat_8.5,2322.62,0
244,normal_std30_L2_c1_2,2,repeat_8.6,2514.14,0
244,normal_std30_L2_c1_2,2,repeat_8.7,2514.15,0
244,normal_std30_L2_c1_2,2,repeat_8.8,2523.06,0
244,normal_std30_L2_c1_2,2,repeat_8.9,2527.96,0
244,normal_std30_L2_c1_2,2,repeat_9,2514.15,0
244,normal_std30_L2_c1_2,2,repeat_10,2214.72,0
244,normal_std30_L2_c1_2,2,repeat_10.1,2243.13,0
244,normal_std30_L2_c1_2,2,repeat_10.2,2514.15,0
244,normal_std30_L2_c1_2,2,repeat_10.3,2514.15,0
244,normal_std30_L2_c1_2,2,repeat_10.4,2528.72,0
244,normal_std30_L2_c1_2,2,repeat_10.5,2568.72,0
244,normal_std30_L2_c1_2,2,repeat_10.6,2636.04,0
244,normal_std30_L2_c1_2,2,repeat_10.7,3097.88,0
246,normal_std30_L2_c1_2,3,repeat_1,2171.18,0
246,normal_std30_L2_c1_2,3,repeat_1.1,2174.16,0
246,normal_std30_L2_c1_2,3,repeat_1.2,2189.49,0
246,normal_std30_L2_c1_2,3,repeat_1.3,2258.86,0
246,normal_std30_L2_c1_2,3,repeat_1.4,2269.59,0
246,normal_std30_L2_c1_2,3,repeat_1.5,2277.06,0
246,normal_std30_L2_c1_2,3,repeat_1.6,2282.54,0
246,normal_std30_L2_c1_2,3,repeat_1.7,2305.28,0
246,normal_std30_L2_c1_2,3,repeat_1.8,2326.52,0
246,normal_std30_L2_c1_2,3,repeat_1.9,2433.62,0
246,normal_std30_L2_c1_2,3,repeat_2,2240.78,0
246,normal_std30_L2_c1_2,3,repeat_2.1,2246.88,0
246,normal_std30_L2_c1_2,3,repeat_2.2,2249.54,0
246,normal_std30_L2_c1_2,3,repeat_2.3,2311.36,0
246,normal_std30_L2_c1_2,3,repeat_2.4,2373.88,0
246,normal_std30_L2_c1_2,3,repeat_2.5,2416.68,0
246,normal_std30_L2_c1_2,3,repeat_2.6,2427.98,0
246,normal_std30_L2_c1_2,3,repeat_2.7,2462.8,0
246,normal_std30_L2_c1_2,3,repeat_2.8,2511.64,0
246,normal_std30_L2_c1_2,3,repeat_2.9,2513.03,0
246,normal_std30_L2_c1_2,3,repeat_3,2213.32,0
246,normal_std30_L2_c1_2,3,repeat_3.1,2246.68,0
246,normal_std30_L2_c1_2,3,repeat_3.2,2386.86,0
246,normal_std30_L2_c1_2,3,repeat_3.3,2494.34,0
246,normal_std30_L2_c1_2,3,repeat_3.4,2513.24,0
246,normal_std30_L2_c1_2,3,repeat_3.5,2513.58,0
246,normal_std30_L2_c1_2,3,repeat_3.6,2514.14,0
246,normal_std30_L2_c1_2,3,repeat_3.7,2514.14,0
246,normal_std30_L2_c1_2,3,repeat_3.8,2514.14,0
246,normal_std30_L2_c1_2,3,repeat_3.9,2514.14,0
246,normal_std30_L2_c1_2,3,repeat_4,2185.8,0
246,normal_std30_L2_c1_2,3,repeat_4.1,2286.3,0
246,normal_std30_L2_c1_2,3,repeat_4.2,2288.92,0
246,normal_std30_L2_c1_2,3,repeat_4.3,2294.94,0
246,normal_std30_L2_c1_2,3,repeat_4.4,2498.93,0
246,normal_std30_L2_c1_2,3,repeat_4.5,2514.14,0
246,normal_std30_L2_c1_2,3,repeat_4.6,2514.14,0
246,normal_std30_L2_c1_2,3,repeat_4.7,2514.14,0
246,normal_std30_L2_c1_2,3,repeat_4.8,2514.15,0
246,normal_std30_L2_c1_2,3,repeat_4.9,2514.15,0
246,normal_std30_L2_c1_2,3,repeat_5,2221.9,0
246,normal_std30_L2_c1_2,3,repeat_5.1,2238.8,0
246,normal_std30_L2_c1_2,3,repeat_5.2,2260.74,0
246,normal_std30_L2_c1_2,3,repeat_5.3,2429.54,0
246,normal_std30_L2_c1_2,3,repeat_5.4,2473.24,0
246,normal_std30_L2_c1_2,3,repeat_5.5,2514.02,0
246,normal_std30_L2_c1_2,3,repeat_5.6,2514.13,0
246,normal_std30_L2_c1_2,3,repeat_5.7,2514.14,0
246,normal_std30_L2_c1_2,3,repeat_5.8,2514.14,0
246,normal_std30_L2_c1_2,3,repeat_5.9,2514.14,0
246,normal_std30_L2_c1_2,3,repeat_6,2261.14,0
246,normal_std30_L2_c1_2,3,repeat_6.1,2261.4,0
246,normal_std30_L2_c1_2,3,repeat_6.2,2311.76,0
246,normal_std30_L2_c1_2,3,repeat_6.3,2377.62,0
246,normal_std30_L2_c1_2,3,repeat_6.4,2511.57,0
246,normal_std30_L2_c1_2,3,repeat_6.5,2512.06,0
246,normal_std30_L2_c1_2,3,repeat_6.6,2513.0,0
246,normal_std30_L2_c1_2,3,repeat_6.7,2514.14,0
246,normal_std30_L2_c1_2,3,repeat_6.8,2514.15,0
246,normal_std30_L2_c1_2,3,repeat_6.9,2514.15,0
246,normal_std30_L2_c1_2,3,repeat_7,2250.06,0
246,normal_std30_L2_c1_2,3,repeat_7.1,2289.08,0
246,normal_std30_L2_c1_2,3,repeat_7.2,2358.56,0
246,normal_std30_L2_c1_2,3,repeat_7.3,2473.14,0
246,normal_std30_L2_c1_2,3,repeat_7.4,2496.91,0
246,normal_std30_L2_c1_2,3,repeat_7.5,2512.97,0
246,normal_std30_L2_c1_2,3,repeat_7.6,2513.71,0
246,normal_std30_L2_c1_2,3,repeat_7.7,2514.08,0
246,normal_std30_L2_c1_2,3,repeat_7.8,2514.08,0
246,normal_std30_L2_c1_2,3,repeat_7.9,2514.14,0
246,normal_std30_L2_c1_2,3,repeat_8,2246.56,0
246,normal_std30_L2_c1_2,3,repeat_8.1,2261.14,0
246,normal_std30_L2_c1_2,3,repeat_8.2,2268.9,0
246,normal_std30_L2_c1_2,3,repeat_8.3,2274.0,0
246,normal_std30_L2_c1_2,3,repeat_8.4,2302.88,0
246,normal_std30_L2_c1_2,3,repeat_8.5,2322.62,0
246,normal_std30_L2_c1_2,3,repeat_8.6,2514.14,0
246,normal_std30_L2_c1_2,3,repeat_8.7,2514.15,0
246,normal_std30_L2_c1_2,3,repeat_8.8,2523.06,0
246,normal_std30_L2_c1_2,3,repeat_8.9,2527.96,0
246,normal_std30_L2_c1_2,3,repeat_9,2167.97,0
246,normal_std30_L2_c1_2,3,repeat_9.1,2514.14,0
246,normal_std30_L2_c1_2,3,repeat_9.2,2514.15,0
246,normal_std30_L2_c1_2,3,repeat_9.3,2514.15,0
246,normal_std30_L2_c1_2,3,repeat_9.4,2514.15,0
246,normal_std30_L2_c1_2,3,repeat_9.5,2514.15,0
246,normal_std30_L2_c1_2,3,repeat_9.6,2568.39,0
246,normal_std30_L2_c1_2,3,repeat_9.7,2657.22,0
246,normal_std30_L2_c1_2,3,repeat_9.8,3114.0,0
246,normal_std30_L2_c1_2,3,repeat_10,2214.72,0
246,normal_std30_L2_c1_2,3,repeat_10.1,2215.1,0
246,normal_std30_L2_c1_2,3,repeat_10.2,2240.03,0
246,normal_std30_L2_c1_2,3,repeat_10.3,2243.13,0
246,normal_std30_L2_c1_2,3,repeat_10.4,2271.13,0
246,normal_std30_L2_c1_2,3,repeat_10.5,2282.6,0
246,normal_std30_L2_c1_2,3,repeat_10.6,2472.12,0
246,normal_std30_L2_c1_2,3,repeat_10.7,2513.52,0
246,normal_std30_L2_c1_2,3,repeat_10.8,2514.14,0
246,normal_std30_L2_c1_2,3,repeat_10.9,2514.15,0
248,normal_std30_L2_c1_2,4,repeat_1,2171.18,0
248,normal_std30_L2_c1_2,4,repeat_1.1,2174.16,0
248,normal_std30_L2_c1_2,4,repeat_1.2,2175.08,0
248,normal_std30_L2_c1_2,4,repeat_1.3,2189.49,0
248,normal_std30_L2_c1_2,4,repeat_1.4,2258.86,0
248,normal_std30_L2_c1_2,4,repeat_1.5,2269.59,0
248,normal_std30_L2_c1_2,4,repeat_1.6,2277.06,0
248,normal_std30_L2_c1_2,4,repeat_1.7,2282.54,0
248,normal_std30_L2_c1_2,4,repeat_1.8,2287.46,0
248,normal_std30_L2_c1_2,4,repeat_1.9,2305.28,0
248,normal_std30_L2_c1_2,4,repeat_2,2239.22,0
248,normal_std30_L2_c1_2,4,repeat_2.1,2240.78,0
248,normal_std30_L2_c1_2,4,repeat_2.2,2246.88,0
248,normal_std30_L2_c1_2,4,repeat_2.3,2249.54,0
248,normal_std30_L2_c1_2,4,repeat_2.4,2294.84,0
248,normal_std30_L2_c1_2,4,repeat_2.5,2311.36,0
248,normal_std30_L2_c1_2,4,repeat_2.6,2324.42,0
248,normal_std30_L2_c1_2,4,repeat_2.7,2327.82,0
248,normal_std30_L2_c1_2,4,repeat_2.8,2373.88,0
248,normal_std30_L2_c1_2,4,repeat_2.9,2413.42,0
248,normal_std30_L2_c1_2,4,repeat_3,2191.5,0
248,normal_std30_L2_c1_2,4,repeat_3.1,2213.32,0
248,normal_std30_L2_c1_2,4,repeat_3.2,2246.68,0
248,normal_std30_L2_c1_2,4,repeat_3.3,2318.02,0
248,normal_std30_L2_c1_2,4,repeat_3.4,2386.86,0
248,normal_std30_L2_c1_2,4,repeat_3.5,2494.34,0
248,normal_std30_L2_c1_2,4,repeat_3.6,2513.24,0
248,normal_std30_L2_c1_2,4,repeat_3.7,2513.58,0
248,normal_std30_L2_c1_2,4,repeat_3.8,2514.14,0
248,normal_std30_L2_c1_2,4,repeat_3.9,2514.14,0
248,normal_std30_L2_c1_2,4,repeat_4,2185.8,0
248,normal_std30_L2_c1_2,4,repeat_4.1,2276.64,0
248,normal_std30_L2_c1_2,4,repeat_4.2,2277.76,0
248,normal_std30_L2_c1_2,4,repeat_4.3,2286.3,0
248,normal_std30_L2_c1_2,4,repeat_4.4,2288.92,0
248,normal_std30_L2_c1_2,4,repeat_4.5,2294.94,0
248,normal_std30_L2_c1_2,4,repeat_4.6,2498.13,0
248,normal_std30_L2_c1_2,4,repeat_4.7,2498.93,0
248,normal_std30_L2_c1_2,4,repeat_4.8,2514.14,0
248,normal_std30_L2_c1_2,4,repeat_4.9,2514.14,0
248,normal_std30_L2_c1_2,4,repeat_5,2221.9,0
248,normal_std30_L2_c1_2,4,repeat_5.1,2221.9,0
248,normal_std30_L2_c1_2,4,repeat_5.2,2238.8,0
248,normal_std30_L2_c1_2,4,repeat_5.3,2250.0,0
248,normal_std30_L2_c1_2,4,repeat_5.4,2257.3,0
248,normal_std30_L2_c1_2,4,repeat_5.5,2260.74,0
248,normal_std30_L2_c1_2,4,repeat_5.6,2287.14,0
248,normal_std30_L2_c1_2,4,repeat_5.7,2429.54,0
248,normal_std30_L2_c1_2,4,repeat_5.8,2473.24,0
248,normal_std30_L2_c1_2,4,repeat_5.9,2514.02,0
248,normal_std30_L2_c1_2,4,repeat_6,2244.94,0
248,normal_std30_L2_c1_2,4,repeat_6.1,2261.14,0
248,normal_std30_L2_c1_2,4,repeat_6.2,2261.4,0
248,normal_std30_L2_c1_2,4,repeat_6.3,2273.58,0
248,normal_std30_L2_c1_2,4,repeat_6.4,2300.64,0
248,normal_std30_L2_c1_2,4,repeat_6.5,2311.76,0
248,normal_std30_L2_c1_2,4,repeat_6.6,2316.32,0
248,normal_std30_L2_c1_2,4,repeat_6.7,2373.2,0
248,normal_std30_L2_c1_2,4,repeat_6.8,2377.62,0
248,normal_std30_L2_c1_2,4,repeat_6.9,2511.57,0
248,normal_std30_L2_c1_2,4,repeat_7,2250.06,0
248,normal_std30_L2_c1_2,4,repeat_7.1,2289.08,0
248,normal_std30_L2_c1_2,4,repeat_7.2,2358.56,0
248,normal_std30_L2_c1_2,4,repeat_7.3,2473.14,0
248,normal_std30_L2_c1_2,4,repeat_7.4,2496.91,0
248,normal_std30_L2_c1_2,4,repeat_7.5,2512.97,0
248,normal_std30_L2_c1_2,4,repeat_7.6,2513.71,0
248,normal_std30_L2_c1_2,4,repeat_7.7,2514.08,0
248,normal_std30_L2_c1_2,4,repeat_7.8,2514.08,0
248,normal_std30_L2_c1_2,4,repeat_7.9,2514.14,0
248,normal_std30_L2_c1_2,4,repeat_8,2246.56,0
248,normal_std30_L2_c1_2,4,repeat_8.1,2261.14,0
248,normal_std30_L2_c1_2,4,repeat_8.2,2268.9,0
248,normal_std30_L2_c1_2,4,repeat_8.3,2274.0,0
248,normal_std30_L2_c1_2,4,repeat_8.4,2302.88,0
248,normal_std30_L2_c1_2,4,repeat_8.5,2322.62,0
248,normal_std30_L2_c1_2,4,repeat_8.6,2514.14,0
248,normal_std30_L2_c1_2,4,repeat_8.7,2514.15,0
248,normal_std30_L2_c1_2,4,repeat_8.8,2523.06,0
248,normal_std30_L2_c1_2,4,repeat_8.9,2527.96,0
248,normal_std30_L2_c1_2,4,repeat_9,2167.97,0
248,normal_std30_L2_c1_2,4,repeat_9.1,2222.84,0
248,normal_std30_L2_c1_2,4,repeat_9.2,2514.14,0
248,normal_std30_L2_c1_2,4,repeat_9.3,2514.15,0
248,normal_std30_L2_c1_2,4,repeat_9.4,2514.15,0
248,normal_std30_L2_c1_2,4,repeat_9.5,2514.15,0
248,normal_std30_L2_c1_2,4,repeat_9.6,2514.15,0
248,normal_std30_L2_c1_2,4,repeat_9.7,2516.52,0
248,normal_std30_L2_c1_2,4,repeat_9.8,2519.4,0
248,normal_std30_L2_c1_2,4,repeat_9.9,2526.54,0
248,normal_std30_L2_c1_2,4,repeat_10,2182.37,0
248,normal_std30_L2_c1_2,4,repeat_10.1,2185.24,0
248,normal_std30_L2_c1_2,4,repeat_10.2,2197.35,0
248,normal_std30_L2_c1_2,4,repeat_10.3,2214.72,0
248,normal_std30_L2_c1_2,4,repeat_10.4,2215.1,0
248,normal_std30_L2_c1_2,4,repeat_10.5,2240.03,0
248,normal_std30_L2_c1_2,4,repeat_10.6,2242.3,0
248,normal_std30_L2_c1_2,4,repeat_10.7,2243.13,0
248,normal_std30_L2_c1_2,4,repeat_10.8,2244.04,0
248,normal_std30_L2_c1_2,4,repeat_10.9,2271.13,0
250,normal_std30_L2_c1_2,5,repeat_1,2168.68,0
250,normal_std30_L2_c1_2,5,repeat_1.1,2171.18,0
250,normal_std30_L2_c1_2,5,repeat_1.2,2174.16,0
250,normal_std30_L2_c1_2,5,repeat_1.3,2175.08,0
250,normal_std30_L2_c1_2,5,repeat_1.4,2189.49,0
250,normal_std30_L2_c1_2,5,repeat_1.5,2222.73,0
250,normal_std30_L2_c1_2,5,repeat_1.6,2238.05,0
250,normal_std30_L2_c1_2,5,repeat_1.7,2243.18,0
250,normal_std30_L2_c1_2,5,repeat_1.8,2258.86,0
250,normal_std30_L2_c1_2,5,repeat_1.9,2269.59,0
250,normal_std30_L2_c1_2,5,repeat_2,2239.22,0
250,normal_std30_L2_c1_2,5,repeat_2.1,2239.24,0
250,normal_std30_L2_c1_2,5,repeat_2.2,2240.78,0
250,normal_std30_L2_c1_2,5,repeat_2.3,2246.88,0
250,normal_std30_L2_c1_2,5,repeat_2.4,2249.54,0
250,normal_std30_L2_c1_2,5,repeat_2.5,2272.02,0
250,normal_std30_L2_c1_2,5,repeat_2.6,2294.84,0
250,normal_std30_L2_c1_2,5,repeat_2.7,2310.48,0
250,normal_std30_L2_c1_2,5,repeat_2.8,2310.7,0
250,normal_std30_L2_c1_2,5,repeat_2.9,2311.36,0
250,normal_std30_L2_c1_2,5,repeat_3,2191.5,0
250,normal_std30_L2_c1_2,5,repeat_3.1,2195.96,0
250,normal_std30_L2_c1_2,5,repeat_3.2,2197.66,0
250,normal_std30_L2_c1_2,5,repeat_3.3,2200.62,0
250,normal_std30_L2_c1_2,5,repeat_3.4,2207.74,0
250,normal_std30_L2_c1_2,5,repeat_3.5,2213.32,0
250,normal_std30_L2_c1_2,5,repeat_3.6,2246.68,0
250,normal_std30_L2_c1_2,5,repeat_3.7,2270.68,0
250,normal_std30_L2_c1_2,5,repeat_3.8,2318.02,0
250,normal_std30_L2_c1_2,5,repeat_3.9,2386.86,0
250,normal_std30_L2_c1_2,5,repeat_4,2185.8,0
250,normal_std30_L2_c1_2,5,repeat_4.1,2186.11,0
250,normal_std30_L2_c1_2,5,repeat_4.2,2214.16,0
250,normal_std30_L2_c1_2,5,repeat_4.3,2232.73,0
250,normal_std30_L2_c1_2,5,repeat_4.4,2239.91,0
250,normal_std30_L2_c1_2,5,repeat_4.5,2268.82,0
250,normal_std30_L2_c1_2,5,repeat_4.6,2274.36,0
250,normal_std30_L2_c1_2,5,repeat_4.7,2276.64,0
250,normal_std30_L2_c1_2,5,repeat_4.8,2277.76,0
250,normal_std30_L2_c1_2,5,repeat_4.9,2286.3,0
250,normal_std30_L2_c1_2,5,repeat_5,2216.21,0
250,normal_std30_L2_c1_2,5,repeat_5.1,2221.9,0
250,normal_std30_L2_c1_2,5,repeat_5.2,2221.9,0
250,normal_std30_L2_c1_2,5,repeat_5.3,2238.8,0
250,normal_std30_L2_c1_2,5,repeat_5.4,2244.68,0
250,normal_std30_L2_c1_2,5,repeat_5.5,2250.0,0
250,normal_std30_L2_c1_2,5,repeat_5.6,2257.3,0
250,normal_std30_L2_c1_2,5,repeat_5.7,2260.74,0
250,normal_std30_L2_c1_2,5,repeat_5.8,2271.7,0
250,normal_std30_L2_c1_2,5,repeat_5.9,2287.14,0
250,normal_std30_L2_c1_2,5,repeat_6,2244.94,0
250,normal_std30_L2_c1_2,5,repeat_6.1,2261.14,0
250,normal_std30_L2_c1_2,5,repeat_6.2,2261.4,0
250,normal_std30_L2_c1_2,5,repeat_6.3,2273.58,0
250,normal_std30_L2_c1_2,5,repeat_6.4,2300.64,0
250,normal_std30_L2_c1_2,5,repeat_6.5,2311.76,0
250,normal_std30_L2_c1_2,5,repeat_6.6,2316.32,0
250,normal_std30_L2_c1_2,5,repeat_6.7,2373.2,0
250,normal_std30_L2_c1_2,5,repeat_6.8,2377.62,0
250,normal_std30_L2_c1_2,5,repeat_6.9,2511.57,0
250,normal_std30_L2_c1_2,5,repeat_7,2250.06,0
250,normal_std30_L2_c1_2,5,repeat_7.1,2289.08,0
250,normal_std30_L2_c1_2,5,repeat_7.2,2358.56,0
250,normal_std30_L2_c1_2,5,repeat_7.3,2473.14,0
250,normal_std30_L2_c1_2,5,repeat_7.4,2496.91,0
250,normal_std30_L2_c1_2,5,repeat_7.5,2512.97,0
250,normal_std30_L2_c1_2,5,repeat_7.6,2513.71,0
250,normal_std30_L2_c1_2,5,repeat_7.7,2514.08,0
250,normal_std30_L2_c1_2,5,repeat_7.8,2514.08,0
250,normal_std30_L2_c1_2,5,repeat_7.9,2514.14,0
250,normal_std30_L2_c1_2,5,repeat_8,2246.56,0
250,normal_std30_L2_c1_2,5,repeat_8.1,2261.14,0
250,normal_std30_L2_c1_2,5,repeat_8.2,2268.9,0
250,normal_std30_L2_c1_2,5,repeat_8.3,2274.0,0
250,normal_std30_L2_c1_2,5,repeat_8.4,2302.88,0
250,normal_std30_L2_c1_2,5,repeat_8.5,2322.62,0
250,normal_std30_L2_c1_2,5,repeat_8.6,2514.14,0
250,normal_std30_L2_c1_2,5,repeat_8.7,2514.15,0
250,normal_std30_L2_c1_2,5,repeat_8.8,2523.06,0
250,normal_std30_L2_c1_2,5,repeat_8.9,2527.96,0
250,normal_std30_L2_c1_2,5,repeat_9,2167.97,0
250,normal_std30_L2_c1_2,5,repeat_9.1,2222.84,0
250,normal_std30_L2_c1_2,5,repeat_9.2,2514.14,0
250,normal_std30_L2_c1_2,5,repeat_9.3,2514.15,0
250,normal_std30_L2_c1_2,5,repeat_9.4,2514.15,0
250,normal_std30_L2_c1_2,5,repeat_9.5,2514.15,0
250,normal_std30_L2_c1_2,5,repeat_9.6,2514.15,0
250,normal_std30_L2_c1_2,5,repeat_9.7,2516.52,0
250,normal_std30_L2_c1_2,5,repeat_9.8,2519.4,0
250,normal_std30_L2_c1_2,5,repeat_9.9,2526.54,0
250,normal_std30_L2_c1_2,5,repeat_10,2182.37,0
250,normal_std30_L2_c1_2,5,repeat_10.1,2185.24,0
250,normal_std30_L2_c1_2,5,repeat_10.2,2197.35,0
250,normal_std30_L2_c1_2,5,repeat_10.3,2214.72,0
250,normal_std30_L2_c1_2,5,repeat_10.4,2215.1,0
250,normal_std30_L2_c1_2,5,repeat_10.5,2240.03,0
250,normal_std30_L2_c1_2,5,repeat_10.6,2242.3,0
250,normal_std30_L2_c1_2,5,repeat_10.7,2243.13,0
250,normal_std30_L2_c1_2,5,repeat_10.8,2244.04,0
250,normal_std30_L2_c1_2,5,repeat_10.9,2271.13,0
252,normal_std30_L2_c1_2,6,repeat_1,2159.67,0
252,normal_std30_L2_c1_2,6,repeat_1.1,2162.39,0
252,normal_std30_L2_c1_2,6,repeat_1.2,2168.68,0
252,normal_std30_L2_c1_2,6,repeat_1.3,2171.18,0
252,normal_std30_L2_c1_2,6,repeat_1.4,2173.76,0
252,normal_std30_L2_c1_2,6,repeat_1.5,2174.16,0
252,normal_std30_L2_c1_2,6,repeat_1.6,2175.08,0
252,normal_std30_L2_c1_2,6,repeat_1.7,2189.49,0
252,normal_std30_L2_c1_2,6,repeat_1.8,2210.25,0
252,normal_std30_L2_c1_2,6,repeat_1.9,2222.73,0
252,normal_std30_L2_c1_2,6,repeat_2,2239.22,0
252,normal_std30_L2_c1_2,6,repeat_2.1,2239.24,0
252,normal_std30_L2_c1_2,6,repeat_2.2,2240.78,0
252,normal_std30_L2_c1_2,6,repeat_2.3,2246.88,0
252,normal_std30_L2_c1_2,6,repeat_2.4,2249.54,0
252,normal_std30_L2_c1_2,6,repeat_2.5,2253.9,0
252,normal_std30_L2_c1_2,6,repeat_2.6,2272.02,0
252,normal_std30_L2_c1_2,6,repeat_2.7,2287.32,0
252,normal_std30_L2_c1_2,6,repeat_2.8,2287.58,0
252,normal_std30_L2_c1_2,6,repeat_2.9,2294.84,0
252,normal_std30_L2_c1_2,6,repeat_3,2169.98,0
252,normal_std30_L2_c1_2,6,repeat_3.1,2178.62,0
252,normal_std30_L2_c1_2,6,repeat_3.2,2191.5,0
252,normal_std30_L2_c1_2,6,repeat_3.3,2195.5,0
252,normal_std30_L2_c1_2,6,repeat_3.4,2195.96,0
252,normal_std30_L2_c1_2,6,repeat_3.5,2197.66,0
252,normal_std30_L2_c1_2,6,repeat_3.6,2198.04,0
252,normal_std30_L2_c1_2,6,repeat_3.7,2198.92,0
252,normal_std30_L2_c1_2,6,repeat_3.8,2200.62,0
252,normal_std30_L2_c1_2,6,repeat_3.9,2202.22,0
252,normal_std30_L2_c1_2,6,repeat_4,2185.8,0
252,normal_std30_L2_c1_2,6,repeat_4.1,2186.11,0
252,normal_std30_L2_c1_2,6,repeat_4.2,2214.16,0
252,normal_std30_L2_c1_2,6,repeat_4.3,2220.79,0
252,normal_std30_L2_c1_2,6,repeat_4.4,2226.27,0
252,normal_std30_L2_c1_2,6,repeat_4.5,2227.79,0
252,normal_std30_L2_c1_2,6,repeat_4.6,2231.26,0
252,normal_std30_L2_c1_2,6,repeat_4.7,2232.73,0
252,normal_std30_L2_c1_2,6,repeat_4.8,2239.91,0
252,normal_std30_L2_c1_2,6,repeat_4.9,2266.79,0
252,normal_std30_L2_c1_2,6,repeat_5,2216.21,0
252,normal_std30_L2_c1_2,6,repeat_5.1,2221.9,0
252,normal_std30_L2_c1_2,6,repeat_5.2,2221.9,0
252,normal_std30_L2_c1_2,6,repeat_5.3,2238.8,0
252,normal_std30_L2_c1_2,6,repeat_5.4,2244.68,0
252,normal_std30_L2_c1_2,6,repeat_5.5,2246.66,0
252,normal_std30_L2_c1_2,6,repeat_5.6,2250.0,0
252,normal_std30_L2_c1_2,6,repeat_5.7,2257.3,0
252,normal_std30_L2_c1_2,6,repeat_5.8,2258.16,0
252,normal_std30_L2_c1_2,6,repeat_5.9,2260.74,0
252,normal_std30_L2_c1_2,6,repeat_6,2244.94,0
252,normal_std30_L2_c1_2,6,repeat_6.1,2261.14,0
252,normal_std30_L2_c1_2,6,repeat_6.2,2261.4,0
252,normal_std30_L2_c1_2,6,repeat_6.3,2273.58,0
252,normal_std30_L2_c1_2,6,repeat_6.4,2300.64,0
252,normal_std30_L2_c1_2,6,repeat_6.5,2311.76,0
252,normal_std30_L2_c1_2,6,repeat_6.6,2316.32,0
252,normal_std30_L2_c1_2,6,repeat_6.7,2373.2,0
252,normal_std30_L2_c1_2,6,repeat_6.8,2377.62,0
252,normal_std30_L2_c1_2,6,repeat_6.9,2511.57,0
252,normal_std30_L2_c1_2,6,repeat_7,2235.36,0
252,normal_std30_L2_c1_2,6,repeat_7.1,2250.06,0
252,normal_std30_L2_c1_2,6,repeat_7.2,2270.24,0
252,normal_std30_L2_c1_2,6,repeat_7.3,2283.2,0
252,normal_std30_L2_c1_2,6,repeat_7.4,2289.08,0
252,normal_std30_L2_c1_2,6,repeat_7.5,2358.56,0
252,normal_std30_L2_c1_2,6,repeat_7.6,2473.14,0
252,normal_std30_L2_c1_2,6,repeat_7.7,2496.91,0
252,normal_std30_L2_c1_2,6,repeat_7.8,2512.97,0
252,normal_std30_L2_c1_2,6,repeat_7.9,2513.71,0
252,normal_std30_L2_c1_2,6,repeat_8,2246.56,0
252,normal_std30_L2_c1_2,6,repeat_8.1,2261.14,0
252,normal_std30_L2_c1_2,6,repeat_8.2,2268.9,0
252,normal_std30_L2_c1_2,6,repeat_8.3,2274.0,0
252,normal_std30_L2_c1_2,6,repeat_8.4,2302.88,0
252,normal_std30_L2_c1_2,6,repeat_8.5,2322.62,0
252,normal_std30_L2_c1_2,6,repeat_8.6,2514.14,0
252,normal_std30_L2_c1_2,6,repeat_8.7,2514.15,0
252,normal_std30_L2_c1_2,6,repeat_8.8,2523.06,0
252,normal_std30_L2_c1_2,6,repeat_8.9,2527.96,0
252,normal_std30_L2_c1_2,6,repeat_9,2167.97,0
252,normal_std30_L2_c1_2,6,repeat_9.1,2222.84,0
252,normal_std30_L2_c1_2,6,repeat_9.2,2514.14,0
252,normal_std30_L2_c1_2,6,repeat_9.3,2514.15,0
252,normal_std30_L2_c1_2,6,repeat_9.4,2514.15,0
252,normal_std30_L2_c1_2,6,repeat_9.5,2514.15,0
252,normal_std30_L2_c1_2,6,repeat_9.6,2514.15,0
252,normal_std30_L2_c1_2,6,repeat_9.7,2516.52,0
252,normal_std30_L2_c1_2,6,repeat_9.8,2519.4,0
252,normal_std30_L2_c1_2,6,repeat_9.9,2526.54,0
252,normal_std30_L2_c1_2,6,repeat_10,2182.37,0
252,normal_std30_L2_c1_2,6,repeat_10.1,2185.24,0
252,normal_std30_L2_c1_2,6,repeat_10.2,2197.35,0
252,normal_std30_L2_c1_2,6,repeat_10.3,2214.72,0
252,normal_std30_L2_c1_2,6,repeat_10.4,2215.1,0
252,normal_std30_L2_c1_2,6,repeat_10.5,2240.03,0
252,normal_std30_L2_c1_2,6,repeat_10.6,2242.3,0
252,normal_std30_L2_c1_2,6,repeat_10.7,2243.13,0
252,normal_std30_L2_c1_2,6,repeat_10.8,2244.04,0
252,normal_std30_L2_c1_2,6,repeat_10.9,2271.13,0
254,normal_std30_L2_c1_2,7,repeat_1,2159.67,0
254,normal_std30_L2_c1_2,7,repeat_1.1,2160.04,0
254,normal_std30_L2_c1_2,7,repeat_1.2,2162.39,0
254,normal_std30_L2_c1_2,7,repeat_1.3,2163.62,0
254,normal_std30_L2_c1_2,7,repeat_1.4,2168.47,0
254,normal_std30_L2_c1_2,7,repeat_1.5,2168.68,0
254,normal_std30_L2_c1_2,7,repeat_1.6,2171.18,0
254,normal_std30_L2_c1_2,7,repeat_1.7,2173.76,0
254,normal_std30_L2_c1_2,7,repeat_1.8,2174.16,0
254,normal_std30_L2_c1_2,7,repeat_1.9,2175.08,0
254,normal_std30_L2_c1_2,7,repeat_2,2239.22,0
254,normal_std30_L2_c1_2,7,repeat_2.1,2239.24,0
254,normal_std30_L2_c1_2,7,repeat_2.2,2240.78,0
254,normal_std30_L2_c1_2,7,repeat_2.3,2246.88,0
254,normal_std30_L2_c1_2,7,repeat_2.4,2249.54,0
254,normal_std30_L2_c1_2,7,repeat_2.5,2250.68,0
254,normal_std30_L2_c1_2,7,repeat_2.6,2253.9,0
254,normal_std30_L2_c1_2,7,repeat_2.7,2254.1,0
254,normal_std30_L2_c1_2,7,repeat_2.8,2272.02,0
254,normal_std30_L2_c1_2,7,repeat_2.9,2287.32,0
254,normal_std30_L2_c1_2,7,repeat_3,2156.12,0
254,normal_std30_L2_c1_2,7,repeat_3.1,2160.1,0
254,normal_std30_L2_c1_2,7,repeat_3.2,2166.3,0
254,normal_std30_L2_c1_2,7,repeat_3.3,2169.98,0
254,normal_std30_L2_c1_2,7,repeat_3.4,2175.92,0
254,normal_std30_L2_c1_2,7,repeat_3.5,2178.62,0
254,normal_std30_L2_c1_2,7,repeat_3.6,2191.5,0
254,normal_std30_L2_c1_2,7,repeat_3.7,2195.5,0
254,normal_std30_L2_c1_2,7,repeat_3.8,2195.64,0
254,normal_std30_L2_c1_2,7,repeat_3.9,2195.96,0
254,normal_std30_L2_c1_2,7,repeat_4,2185.8,0
254,normal_std30_L2_c1_2,7,repeat_4.1,2186.11,0
254,normal_std30_L2_c1_2,7,repeat_4.2,2212.91,0
254,normal_std30_L2_c1_2,7,repeat_4.3,2214.16,0
254,normal_std30_L2_c1_2,7,repeat_4.4,2215.12,0
254,normal_std30_L2_c1_2,7,repeat_4.5,2216.1,0
254,normal_std30_L2_c1_2,7,repeat_4.6,2216.52,0
254,normal_std30_L2_c1_2,7,repeat_4.7,2220.79,0
254,normal_std30_L2_c1_2,7,repeat_4.8,2226.27,0
254,normal_std30_L2_c1_2,7,repeat_4.9,2227.79,0
254,normal_std30_L2_c1_2,7,repeat_5,2209.69,0
254,normal_std30_L2_c1_2,7,repeat_5.1,2213.34,0
254,normal_std30_L2_c1_2,7,repeat_5.2,2215.24,0
254,normal_std30_L2_c1_2,7,repeat_5.3,2216.21,0
254,normal_std30_L2_c1_2,7,repeat_5.4,2221.9,0
254,normal_std30_L2_c1_2,7,repeat_5.5,2221.9,0
254,normal_std30_L2_c1_2,7,repeat_5.6,2238.7,0
254,normal_std30_L2_c1_2,7,repeat_5.7,2238.8,0
254,normal_std30_L2_c1_2,7,repeat_5.8,2244.68,0
254,normal_std30_L2_c1_2,7,repeat_5.9,2245.72,0
254,normal_std30_L2_c1_2,7,repeat_6,2244.94,0
254,normal_std30_L2_c1_2,7,repeat_6.1,2261.14,0
254,normal_std30_L2_c1_2,7,repeat_6.2,2261.4,0
254,normal_std30_L2_c1_2,7,repeat_6.3,2273.58,0
254,normal_std30_L2_c1_2,7,repeat_6.4,2300.64,0
254,normal_std30_L2_c1_2,7,repeat_6.5,2311.76,0
254,normal_std30_L2_c1_2,7,repeat_6.6,2316.32,0
254,normal_std30_L2_c1_2,7,repeat_6.7,2373.2,0
254,normal_std30_L2_c1_2,7,repeat_6.8,2377.62,0
254,normal_std30_L2_c1_2,7,repeat_6.9,2511.57,0
254,normal_std30_L2_c1_2,7,repeat_7,2235.36,0
254,normal_std30_L2_c1_2,7,repeat_7.1,2245.26,0
254,normal_std30_L2_c1_2,7,repeat_7.2,2248.7,0
254,normal_std30_L2_c1_2,7,repeat_7.3,2250.06,0
254,normal_std30_L2_c1_2,7,repeat_7.4,2270.24,0
254,normal_std30_L2_c1_2,7,repeat_7.5,2283.2,0
254,normal_std30_L2_c1_2,7,repeat_7.6,2289.08,0
254,normal_std30_L2_c1_2,7,repeat_7.7,2300.08,0
254,normal_std30_L2_c1_2,7,repeat_7.8,2307.76,0
254,normal_std30_L2_c1_2,7,repeat_7.9,2358.56,0
254,normal_std30_L2_c1_2,7,repeat_8,2246.56,0
254,normal_std30_L2_c1_2,7,repeat_8.1,2261.14,0
254,normal_std30_L2_c1_2,7,repeat_8.2,2268.9,0
254,normal_std30_L2_c1_2,7,repeat_8.3,2274.0,0
254,normal_std30_L2_c1_2,7,repeat_8.4,2302.88,0
254,normal_std30_L2_c1_2,7,repeat_8.5,2322.62,0
254,normal_std30_L2_c1_2,7,repeat_8.6,2514.14,0
254,normal_std30_L2_c1_2,7,repeat_8.7,2514.15,0
254,normal_std30_L2_c1_2,7,repeat_8.8,2523.06,0
254,normal_std30_L2_c1_2,7,repeat_8.9,2527.96,0
254,normal_std30_L2_c1_2,7,repeat_9,2167.97,0
254,normal_std30_L2_c1_2,7,repeat_9.1,2222.84,0
254,normal_std30_L2_c1_2,7,repeat_9.2,2436.8,0
254,normal_std30_L2_c1_2,7,repeat_9.3,2514.14,0
254,normal_std30_L2_c1_2,7,repeat_9.4,2514.14,0
254,normal_std30_L2_c1_2,7,repeat_9.5,2514.14,0
254,normal_std30_L2_c1_2,7,repeat_9.6,2514.14,0
254,normal_std30_L2_c1_2,7,repeat_9.7,2514.15,0
254,normal_std30_L2_c1_2,7,repeat_9.8,2514.15,0
254,normal_std30_L2_c1_2,7,repeat_9.9,2514.15,0
254,normal_std30_L2_c1_2,7,repeat_10,2182.37,0
254,normal_std30_L2_c1_2,7,repeat_10.1,2185.24,0
254,normal_std30_L2_c1_2,7,repeat_10.2,2197.35,0
254,normal_std30_L2_c1_2,7,repeat_10.3,2214.72,0
254,normal_std30_L2_c1_2,7,repeat_10.4,2215.1,0
254,normal_std30_L2_c1_2,7,repeat_10.5,2240.03,0
254,normal_std30_L2_c1_2,7,repeat_10.6,2242.3,0
254,normal_std30_L2_c1_2,7,repeat_10.7,2243.13,0
254,normal_std30_L2_c1_2,7,repeat_10.8,2244.04,0
254,normal_std30_L2_c1_2,7,repeat_10.9,2271.13,0
256,normal_std30_L2_c1_2,8,repeat_1,2159.67,0
256,normal_std30_L2_c1_2,8,repeat_1.1,2160.03,0
256,normal_std30_L2_c1_2,8,repeat_1.2,2160.04,0
256,normal_std30_L2_c1_2,8,repeat_1.3,2162.39,0
256,normal_std30_L2_c1_2,8,repeat_1.4,2163.62,0
256,normal_std30_L2_c1_2,8,repeat_1.5,2168.47,0
256,normal_std30_L2_c1_2,8,repeat_1.6,2168.68,0
256,normal_std30_L2_c1_2,8,repeat_1.7,2171.18,0
256,normal_std30_L2_c1_2,8,repeat_1.8,2173.76,0
256,normal_std30_L2_c1_2,8,repeat_1.9,2174.16,0
256,normal_std30_L2_c1_2,8,repeat_2,2235.88,0
256,normal_std30_L2_c1_2,8,repeat_2.1,2239.22,0
256,normal_std30_L2_c1_2,8,repeat_2.2,2239.24,0
256,normal_std30_L2_c1_2,8,repeat_2.3,2240.78,0
256,normal_std30_L2_c1_2,8,repeat_2.4,2246.84,0
256,normal_std30_L2_c1_2,8,repeat_2.5,2246.88,0
256,normal_std30_L2_c1_2,8,repeat_2.6,2249.54,0
256,normal_std30_L2_c1_2,8,repeat_2.7,2250.68,0
256,normal_std30_L2_c1_2,8,repeat_2.8,2253.9,0
256,normal_std30_L2_c1_2,8,repeat_2.9,2254.1,0
256,normal_std30_L2_c1_2,8,repeat_3,2156.12,0
256,normal_std30_L2_c1_2,8,repeat_3.1,2160.1,0
256,normal_std30_L2_c1_2,8,repeat_3.2,2166.3,0
256,normal_std30_L2_c1_2,8,repeat_3.3,2169.98,0
256,normal_std30_L2_c1_2,8,repeat_3.4,2175.92,0
256,normal_std30_L2_c1_2,8,repeat_3.5,2178.62,0
256,normal_std30_L2_c1_2,8,repeat_3.6,2191.5,0
256,normal_std30_L2_c1_2,8,repeat_3.7,2195.5,0
256,normal_std30_L2_c1_2,8,repeat_3.8,2195.64,0
256,normal_std30_L2_c1_2,8,repeat_3.9,2195.96,0
256,normal_std30_L2_c1_2,8,repeat_4,2177.04,0
256,normal_std30_L2_c1_2,8,repeat_4.1,2185.8,0
256,normal_std30_L2_c1_2,8,repeat_4.2,2186.11,0
256,normal_std30_L2_c1_2,8,repeat_4.3,2199.8,0
256,normal_std30_L2_c1_2,8,repeat_4.4,2212.91,0
256,normal_std30_L2_c1_2,8,repeat_4.5,2214.16,0
256,normal_std30_L2_c1_2,8,repeat_4.6,2215.12,0
256,normal_std30_L2_c1_2,8,repeat_4.7,2216.1,0
256,normal_std30_L2_c1_2,8,repeat_4.8,2216.52,0
256,normal_std30_L2_c1_2,8,repeat_4.9,2220.79,0
256,normal_std30_L2_c1_2,8,repeat_5,2205.31,0
256,normal_std30_L2_c1_2,8,repeat_5.1,2209.69,0
256,normal_std30_L2_c1_2,8,repeat_5.2,2210.5,0
256,normal_std30_L2_c1_2,8,repeat_5.3,2213.34,0
256,normal_std30_L2_c1_2,8,repeat_5.4,2215.24,0
256,normal_std30_L2_c1_2,8,repeat_5.5,2216.21,0
256,normal_std30_L2_c1_2,8,repeat_5.6,2216.74,0
256,normal_std30_L2_c1_2,8,repeat_5.7,2221.9,0
256,normal_std30_L2_c1_2,8,repeat_5.8,2221.9,0
256,normal_std30_L2_c1_2,8,repeat_5.9,2225.61,0
256,normal_std30_L2_c1_2,8,repeat_6,2244.94,0
256,normal_std30_L2_c1_2,8,repeat_6.1,2261.14,0
256,normal_std30_L2_c1_2,8,repeat_6.2,2261.4,0
256,normal_std30_L2_c1_2,8,repeat_6.3,2273.58,0
256,normal_std30_L2_c1_2,8,repeat_6.4,2300.64,0
256,normal_std30_L2_c1_2,8,repeat_6.5,2311.76,0
256,normal_std30_L2_c1_2,8,repeat_6.6,2316.32,0
256,normal_std30_L2_c1_2,8,repeat_6.7,2373.2,0
256,normal_std30_L2_c1_2,8,repeat_6.8,2377.62,0
256,normal_std30_L2_c1_2,8,repeat_6.9,2380.1,0
256,normal_std30_L2_c1_2,8,repeat_7,2213.0,0
256,normal_std30_L2_c1_2,8,repeat_7.1,2235.36,0
256,normal_std30_L2_c1_2,8,repeat_7.2,2245.26,0
256,normal_std30_L2_c1_2,8,repeat_7.3,2247.82,0
256,normal_std30_L2_c1_2,8,repeat_7.4,2248.7,0
256,normal_std30_L2_c1_2,8,repeat_7.5,2250.06,0
256,normal_std30_L2_c1_2,8,repeat_7.6,2254.44,0
256,normal_std30_L2_c1_2,8,repeat_7.7,2270.24,0
256,normal_std30_L2_c1_2,8,repeat_7.8,2275.26,0
256,normal_std30_L2_c1_2,8,repeat_7.9,2283.2,0
256,normal_std30_L2_c1_2,8,repeat_8,2246.56,0
256,normal_std30_L2_c1_2,8,repeat_8.1,2261.14,0
256,normal_std30_L2_c1_2,8,repeat_8.2,2268.9,0
256,normal_std30_L2_c1_2,8,repeat_8.3,2274.0,0
256,normal_std30_L2_c1_2,8,repeat_8.4,2302.88,0
256,normal_std30_L2_c1_2,8,repeat_8.5,2322.62,0
256,normal_std30_L2_c1_2,8,repeat_8.6,2514.14,0
256,normal_std30_L2_c1_2,8,repeat_8.7,2514.15,0
256,normal_std30_L2_c1_2,8,repeat_8.8,2523.06,0
256,normal_std30_L2_c1_2,8,repeat_8.9,2527.96,0
256,normal_std30_L2_c1_2,8,repeat_9,2167.97,0
256,normal_std30_L2_c1_2,8,repeat_9.1,2222.84,0
256,normal_std30_L2_c1_2,8,repeat_9.2,2353.92,0
256,normal_std30_L2_c1_2,8,repeat_9.3,2357.16,0
256,normal_std30_L2_c1_2,8,repeat_9.4,2393.84,0
256,normal_std30_L2_c1_2,8,repeat_9.5,2427.74,0
256,normal_std30_L2_c1_2,8,repeat_9.6,2436.8,0
256,normal_std30_L2_c1_2,8,repeat_9.7,2514.14,0
256,normal_std30_L2_c1_2,8,repeat_9.8,2514.14,0
256,normal_std30_L2_c1_2,8,repeat_9.9,2514.14,0
256,normal_std30_L2_c1_2,8,repeat_10,2182.37,0
256,normal_std30_L2_c1_2,8,repeat_10.1,2185.24,0
256,normal_std30_L2_c1_2,8,repeat_10.2,2197.35,0
256,normal_std30_L2_c1_2,8,repeat_10.3,2214.72,0
256,normal_std30_L2_c1_2,8,repeat_10.4,2215.1,0
256,normal_std30_L2_c1_2,8,repeat_10.5,2240.03,0
256,normal_std30_L2_c1_2,8,repeat_10.6,2242.3,0
256,normal_std30_L2_c1_2,8,repeat_10.7,2243.13,0
256,normal_std30_L2_c1_2,8,repeat_10.8,2244.04,0
256,normal_std30_L2_c1_2,8,repeat_10.9,2271.13,0
258,normal_std30_L2_c1_2,9,repeat_1,2159.67,0
258,normal_std30_L2_c1_2,9,repeat_1.1,2160.03,0
258,normal_std30_L2_c1_2,9,repeat_1.2,2160.04,0
258,normal_std30_L2_c1_2,9,repeat_1.3,2162.39,0
258,normal_std30_L2_c1_2,9,repeat_1.4,2163.62,0
258,normal_std30_L2_c1_2,9,repeat_1.5,2165.05,0
258,normal_std30_L2_c1_2,9,repeat_1.6,2168.47,0
258,normal_std30_L2_c1_2,9,repeat_1.7,2168.68,0
258,normal_std30_L2_c1_2,9,repeat_1.8,2171.18,0
258,normal_std30_L2_c1_2,9,repeat_1.9,2173.76,0
258,normal_std30_L2_c1_2,9,repeat_2,2234.86,0
258,normal_std30_L2_c1_2,9,repeat_2.1,2235.88,0
258,normal_std30_L2_c1_2,9,repeat_2.2,2239.22,0
258,normal_std30_L2_c1_2,9,repeat_2.3,2239.24,0
258,normal_std30_L2_c1_2,9,repeat_2.4,2240.78,0
258,normal_std30_L2_c1_2,9,repeat_2.5,2246.84,0
258,normal_std30_L2_c1_2,9,repeat_2.6,2246.88,0
258,normal_std30_L2_c1_2,9,repeat_2.7,2249.54,0
258,normal_std30_L2_c1_2,9,repeat_2.8,2250.68,0
258,normal_std30_L2_c1_2,9,repeat_2.9,2253.9,0
258,normal_std30_L2_c1_2,9,repeat_3,2156.12,0
258,normal_std30_L2_c1_2,9,repeat_3.1,2160.1,0
258,normal_std30_L2_c1_2,9,repeat_3.2,2166.3,0
258,normal_std30_L2_c1_2,9,repeat_3.3,2169.98,0
258,normal_std30_L2_c1_2,9,repeat_3.4,2171.08,0
258,normal_std30_L2_c1_2,9,repeat_3.5,2175.92,0
258,normal_std30_L2_c1_2,9,repeat_3.6,2178.62,0
258,normal_std30_L2_c1_2,9,repeat_3.7,2179.34,0
258,normal_std30_L2_c1_2,9,repeat_3.8,2181.3,0
258,normal_std30_L2_c1_2,9,repeat_3.9,2183.98,0
258,normal_std30_L2_c1_2,9,repeat_4,2177.04,0
258,normal_std30_L2_c1_2,9,repeat_4.1,2185.8,0
258,normal_std30_L2_c1_2,9,repeat_4.2,2186.11,0
258,normal_std30_L2_c1_2,9,repeat_4.3,2199.8,0
258,normal_std30_L2_c1_2,9,repeat_4.4,2212.91,0
258,normal_std30_L2_c1_2,9,repeat_4.5,2214.16,0
258,normal_std30_L2_c1_2,9,repeat_4.6,2215.12,0
258,normal_std30_L2_c1_2,9,repeat_4.7,2216.1,0
258,normal_std30_L2_c1_2,9,repeat_4.8,2216.52,0
258,normal_std30_L2_c1_2,9,repeat_4.9,2216.83,0
258,normal_std30_L2_c1_2,9,repeat_5,2200.98,0
258,normal_std30_L2_c1_2,9,repeat_5.1,2205.31,0
258,normal_std30_L2_c1_2,9,repeat_5.2,2207.22,0
258,normal_std30_L2_c1_2,9,repeat_5.3,2209.39,0
258,normal_std30_L2_c1_2,9,repeat_5.4,2209.69,0
258,normal_std30_L2_c1_2,9,repeat_5.5,2210.5,0
258,normal_std30_L2_c1_2,9,repeat_5.6,2213.34,0
258,normal_std30_L2_c1_2,9,repeat_5.7,2215.09,0
258,normal_std30_L2_c1_2,9,repeat_5.8,2215.24,0
258,normal_std30_L2_c1_2,9,repeat_5.9,2216.21,0
258,normal_std30_L2_c1_2,9,repeat_6,2234.14,0
258,normal_std30_L2_c1_2,9,repeat_6.1,2244.94,0
258,normal_std30_L2_c1_2,9,repeat_6.2,2261.14,0
258,normal_std30_L2_c1_2,9,repeat_6.3,2261.4,0
258,normal_std30_L2_c1_2,9,repeat_6.4,2273.58,0
258,normal_std30_L2_c1_2,9,repeat_6.5,2283.48,0
258,normal_std30_L2_c1_2,9,repeat_6.6,2291.22,0
258,normal_std30_L2_c1_2,9,repeat_6.7,2294.42,0
258,normal_std30_L2_c1_2,9,repeat_6.8,2294.54,0
258,normal_std30_L2_c1_2,9,repeat_6.9,2300.64,0
258,normal_std30_L2_c1_2,9,repeat_7,2213.0,0
258,normal_std30_L2_c1_2,9,repeat_7.1,2235.36,0
258,normal_std30_L2_c1_2,9,repeat_7.2,2245.26,0
258,normal_std30_L2_c1_2,9,repeat_7.3,2247.82,0
258,normal_std30_L2_c1_2,9,repeat_7.4,2248.7,0
258,normal_std30_L2_c1_2,9,repeat_7.5,2250.06,0
258,normal_std30_L2_c1_2,9,repeat_7.6,2254.44,0
258,normal_std30_L2_c1_2,9,repeat_7.7,2270.24,0
258,normal_std30_L2_c1_2,9,repeat_7.8,2275.26,0
258,normal_std30_L2_c1_2,9,repeat_7.9,2283.2,0
258,normal_std30_L2_c1_2,9,repeat_8,2246.56,0
258,normal_std30_L2_c1_2,9,repeat_8.1,2261.14,0
258,normal_std30_L2_c1_2,9,repeat_8.2,2268.9,0
258,normal_std30_L2_c1_2,9,repeat_8.3,2274.0,0
258,normal_std30_L2_c1_2,9,repeat_8.4,2302.88,0
258,normal_std30_L2_c1_2,9,repeat_8.5,2322.62,0
258,normal_std30_L2_c1_2,9,repeat_8.6,2514.14,0
258,normal_std30_L2_c1_2,9,repeat_8.7,2514.15,0
258,normal_std30_L2_c1_2,9,repeat_8.8,2523.06,0
258,normal_std30_L2_c1_2,9,repeat_8.9,2527.96,0
258,normal_std30_L2_c1_2,9,repeat_9,2167.97,0
258,normal_std30_L2_c1_2,9,repeat_9.1,2222.84,0
258,normal_std30_L2_c1_2,9,repeat_9.2,2353.92,0
258,normal_std30_L2_c1_2,9,repeat_9.3,2357.16,0
258,normal_std30_L2_c1_2,9,repeat_9.4,2393.84,0
258,normal_std30_L2_c1_2,9,repeat_9.5,2427.74,0
258,normal_std30_L2_c1_2,9,repeat_9.6,2436.8,0
258,normal_std30_L2_c1_2,9,repeat_9.7,2514.14,0
258,normal_std30_L2_c1_2,9,repeat_9.8,2514.14,0
258,normal_std30_L2_c1_2,9,repeat_9.9,2514.14,0
258,normal_std30_L2_c1_2,9,repeat_10,2182.37,0
258,normal_std30_L2_c1_2,9,repeat_10.1,2185.24,0
258,normal_std30_L2_c1_2,9,repeat_10.2,2197.35,0
258,normal_std30_L2_c1_2,9,repeat_10.3,2214.72,0
258,normal_std30_L2_c1_2,9,repeat_10.4,2215.1,0
258,normal_std30_L2_c1_2,9,repeat_10.5,2240.03,0
258,normal_std30_L2_c1_2,9,repeat_10.6,2242.3,0
258,normal_std30_L2_c1_2,9,repeat_10.7,2243.13,0
258,normal_std30_L2_c1_2,9,repeat_10.8,2244.04,0
258,normal_std30_L2_c1_2,9,repeat_10.9,2271.13,0
260,normal_std30_L2_c1_2,10,repeat_1,2159.67,0
260,normal_std30_L2_c1_2,10,repeat_1.1,2160.03,0
260,normal_std30_L2_c1_2,10,repeat_1.2,2160.04,0
260,normal_std30_L2_c1_2,10,repeat_1.3,2162.39,0
260,normal_std30_L2_c1_2,10,repeat_1.4,2163.62,0
260,normal_std30_L2_c1_2,10,repeat_1.5,2165.05,0
260,normal_std30_L2_c1_2,10,repeat_1.6,2168.47,0
260,normal_std30_L2_c1_2,10,repeat_1.7,2168.68,0
260,normal_std30_L2_c1_2,10,repeat_1.8,2171.18,0
260,normal_std30_L2_c1_2,10,repeat_1.9,2173.76,0
260,normal_std30_L2_c1_2,10,repeat_2,2234.84,0
260,normal_std30_L2_c1_2,10,repeat_2.1,2234.86,0
260,normal_std30_L2_c1_2,10,repeat_2.2,2235.88,0
260,normal_std30_L2_c1_2,10,repeat_2.3,2239.22,0
260,normal_std30_L2_c1_2,10,repeat_2.4,2239.24,0
260,normal_std30_L2_c1_2,10,repeat_2.5,2240.78,0
260,normal_std30_L2_c1_2,10,repeat_2.6,2245.8,0
260,normal_std30_L2_c1_2,10,repeat_2.7,2246.84,0
260,normal_std30_L2_c1_2,10,repeat_2.8,2246.88,0
260,normal_std30_L2_c1_2,10,repeat_2.9,2249.54,0
260,normal_std30_L2_c1_2,10,repeat_3,2156.12,0
260,normal_std30_L2_c1_2,10,repeat_3.1,2160.1,0
260,normal_std30_L2_c1_2,10,repeat_3.2,2160.88,0
260,normal_std30_L2_c1_2,10,repeat_3.3,2166.3,0
260,normal_std30_L2_c1_2,10,repeat_3.4,2169.88,0
260,normal_std30_L2_c1_2,10,repeat_3.5,2169.92,0
260,normal_std30_L2_c1_2,10,repeat_3.6,2169.98,0
260,normal_std30_L2_c1_2,10,repeat_3.7,2171.08,0
260,normal_std30_L2_c1_2,10,repeat_3.8,2175.92,0
260,normal_std30_L2_c1_2,10,repeat_3.9,2178.62,0
260,normal_std30_L2_c1_2,10,repeat_4,2177.04,0
260,normal_std30_L2_c1_2,10,repeat_4.1,2183.27,0
260,normal_std30_L2_c1_2,10,repeat_4.2,2184.72,0
260,normal_std30_L2_c1_2,10,repeat_4.3,2185.8,0
260,normal_std30_L2_c1_2,10,repeat_4.4,2186.11,0
260,normal_std30_L2_c1_2,10,repeat_4.5,2191.03,0
260,normal_std30_L2_c1_2,10,repeat_4.6,2191.91,0
260,normal_std30_L2_c1_2,10,repeat_4.7,2199.8,0
260,normal_std30_L2_c1_2,10,repeat_4.8,2204.42,0
260,normal_std30_L2_c1_2,10,repeat_4.9,2212.91,0
260,normal_std30_L2_c1_2,10,repeat_5,2200.64,0
260,normal_std30_L2_c1_2,10,repeat_5.1,2200.98,0
260,normal_std30_L2_c1_2,10,repeat_5.2,2202.61,0
260,normal_std30_L2_c1_2,10,repeat_5.3,2205.31,0
260,normal_std30_L2_c1_2,10,repeat_5.4,2207.22,0
260,normal_std30_L2_c1_2,10,repeat_5.5,2207.28,0
260,normal_std30_L2_c1_2,10,repeat_5.6,2209.39,0
260,normal_std30_L2_c1_2,10,repeat_5.7,2209.68,0
260,normal_std30_L2_c1_2,10,repeat_5.8,2209.69,0
260,normal_std30_L2_c1_2,10,repeat_5.9,2210.5,0
260,normal_std30_L2_c1_2,10,repeat_6,2234.14,0
260,normal_std30_L2_c1_2,10,repeat_6.1,2244.94,0
260,normal_std30_L2_c1_2,10,repeat_6.2,2261.14,0
260,normal_std30_L2_c1_2,10,repeat_6.3,2261.4,0
260,normal_std30_L2_c1_2,10,repeat_6.4,2273.58,0
260,normal_std30_L2_c1_2,10,repeat_6.5,2283.48,0
260,normal_std30_L2_c1_2,10,repeat_6.6,2291.22,0
260,normal_std30_L2_c1_2,10,repeat_6.7,2294.42,0
260,normal_std30_L2_c1_2,10,repeat_6.8,2294.54,0
260,normal_std30_L2_c1_2,10,repeat_6.9,2300.64,0
260,normal_std30_L2_c1_2,10,repeat_7,2204.46,0
260,normal_std30_L2_c1_2,10,repeat_7.1,2213.0,0
260,normal_std30_L2_c1_2,10,repeat_7.2,2222.06,0
260,normal_std30_L2_c1_2,10,repeat_7.3,2227.16,0
260,normal_std30_L2_c1_2,10,repeat_7.4,2231.66,0
260,normal_std30_L2_c1_2,10,repeat_7.5,2235.36,0
260,normal_std30_L2_c1_2,10,repeat_7.6,2245.26,0
260,normal_std30_L2_c1_2,10,repeat_7.7,2247.82,0
260,normal_std30_L2_c1_2,10,repeat_7.8,2248.7,0
260,normal_std30_L2_c1_2,10,repeat_7.9,2250.06,0
260,normal_std30_L2_c1_2,10,repeat_8,2246.56,0
260,normal_std30_L2_c1_2,10,repeat_8.1,2261.14,0
260,normal_std30_L2_c1_2,10,repeat_8.2,2268.9,0
260,normal_std30_L2_c1_2,10,repeat_8.3,2274.0,0
260,normal_std30_L2_c1_2,10,repeat_8.4,2302.88,0
260,normal_std30_L2_c1_2,10,repeat_8.5,2322.62,0
260,normal_std30_L2_c1_2,10,repeat_8.6,2514.14,0
260,normal_std30_L2_c1_2,10,repeat_8.7,2514.15,0
260,normal_std30_L2_c1_2,10,repeat_8.8,2523.06,0
260,normal_std30_L2_c1_2,10,repeat_8.9,2527.96,0
260,normal_std30_L2_c1_2,10,repeat_9,2167.97,0
260,normal_std30_L2_c1_2,10,repeat_9.1,2222.84,0
260,normal_std30_L2_c1_2,10,repeat_9.2,2315.72,0
260,normal_std30_L2_c1_2,10,repeat_9.3,2342.26,0
260,normal_std30_L2_c1_2,10,repeat_9.4,2353.21,0
260,normal_std30_L2_c1_2,10,repeat_9.5,2353.92,0
260,normal_std30_L2_c1_2,10,repeat_9.6,2357.16,0
260,normal_std30_L2_c1_2,10,repeat_9.7,2366.48,0
260,normal_std30_L2_c1_2,10,repeat_9.8,2393.84,0
260,normal_std30_L2_c1_2,10,repeat_9.9,2427.3,0
260,normal_std30_L2_c1_2,10,repeat_10,2182.37,0
260,normal_std30_L2_c1_2,10,repeat_10.1,2185.24,0
260,normal_std30_L2_c1_2,10,repeat_10.2,2197.35,0
260,normal_std30_L2_c1_2,10,repeat_10.3,2214.72,0
260,normal_std30_L2_c1_2,10,repeat_10.4,2215.1,0
260,normal_std30_L2_c1_2,10,repeat_10.5,2240.03,0
260,normal_std30_L2_c1_2,10,repeat_10.6,2242.3,0
260,normal_std30_L2_c1_2,10,repeat_10.7,2243.13,0
260,normal_std30_L2_c1_2,10,repeat_10.8,2244.04,0
260,normal_std30_L2_c1_2,10,repeat_10.9,2271.13,0
262,normal_std30_L2_c1_5,1,repeat_1,3369.02,0
262,normal_std30_L2_c1_5,1,repeat_1.1,3623.88,0
262,normal_std30_L2_c1_5,1,repeat_1.2,3623.89,0
262,normal_std30_L2_c1_5,1,repeat_1.3,3623.89,0
262,normal_std30_L2_c1_5,1,repeat_1.4,3660.08,0
262,normal_std30_L2_c1_5,1,repeat_1.5,3663.61,0
262,normal_std30_L2_c1_5,1,repeat_1.6,5482.32,0
262,normal_std30_L2_c1_5,1,repeat_1.7,5598.39,0
262,normal_std30_L2_c1_5,1,repeat_1.8,5715.38,0
262,normal_std30_L2_c1_5,1,repeat_2,3369.02,0
262,normal_std30_L2_c1_5,1,repeat_2.1,3470.14,0
262,normal_std30_L2_c1_5,1,repeat_2.2,3489.08,0
262,normal_std30_L2_c1_5,1,repeat_2.3,3623.88,0
262,normal_std30_L2_c1_5,1,repeat_2.4,3623.89,0
262,normal_std30_L2_c1_5,1,repeat_2.5,3640.35,0
262,normal_std30_L2_c1_5,1,repeat_2.6,3658.76,0
262,normal_std30_L2_c1_5,1,repeat_2.7,3934.58,0
262,normal_std30_L2_c1_5,1,repeat_2.8,4072.49,0
262,normal_std30_L2_c1_5,1,repeat_2.9,4832.6,0
262,normal_std30_L2_c1_5,1,repeat_3,3623.88,0
262,normal_std30_L2_c1_5,1,repeat_3.1,3623.89,0
262,normal_std30_L2_c1_5,1,repeat_3.2,3632.86,0
262,normal_std30_L2_c1_5,1,repeat_3.3,3656.76,0
262,normal_std30_L2_c1_5,1,repeat_3.4,3823.64,0
262,normal_std30_L2_c1_5,1,repeat_3.5,3971.36,0
262,normal_std30_L2_c1_5,1,repeat_3.6,4051.9,0
262,normal_std30_L2_c1_5,1,repeat_3.7,4529.04,0
262,normal_std30_L2_c1_5,1,repeat_4,3623.88,0
262,normal_std30_L2_c1_5,1,repeat_4.1,3623.88,0
262,normal_std30_L2_c1_5,1,repeat_4.2,3632.86,0
262,normal_std30_L2_c1_5,1,repeat_4.3,3655.12,0
262,normal_std30_L2_c1_5,1,repeat_4.4,3663.61,0
262,normal_std30_L2_c1_5,1,repeat_4.5,3874.84,0
262,normal_std30_L2_c1_5,1,repeat_4.6,3934.58,0
262,normal_std30_L2_c1_5,1,repeat_5,3396.21,0
262,normal_std30_L2_c1_5,1,repeat_5.1,3414.14,0
262,normal_std30_L2_c1_5,1,repeat_5.2,3447.58,0
262,normal_std30_L2_c1_5,1,repeat_5.3,3623.88,0
262,normal_std30_L2_c1_5,1,repeat_5.4,3623.88,0
262,normal_std30_L2_c1_5,1,repeat_5.5,3623.89,0
262,normal_std30_L2_c1_5,1,repeat_5.6,3632.86,0
262,normal_std30_L2_c1_5,1,repeat_5.7,3816.4,0
262,normal_std30_L2_c1_5,1,repeat_5.8,5879.14,0
262,normal_std30_L2_c1_5,1,repeat_6,3411.7,0
262,normal_std30_L2_c1_5,1,repeat_6.1,3451.02,0
262,normal_std30_L2_c1_5,1,repeat_6.2,3453.68,0
262,normal_std30_L2_c1_5,1,repeat_6.3,3623.89,0
262,normal_std30_L2_c1_5,1,repeat_6.4,4116.08,0
262,normal_std30_L2_c1_5,1,repeat_6.5,4340.18,0
262,normal_std30_L2_c1_5,1,repeat_6.6,4359.7,0
262,normal_std30_L2_c1_5,1,repeat_6.7,4529.04,0
262,normal_std30_L2_c1_5,1,repeat_6.8,4657.74,0
262,normal_std30_L2_c1_5,1,repeat_7,3623.88,0
262,normal_std30_L2_c1_5,1,repeat_7.1,3623.88,0
262,normal_std30_L2_c1_5,1,repeat_7.2,3623.89,0
262,normal_std30_L2_c1_5,1,repeat_7.3,3623.89,0
262,normal_std30_L2_c1_5,1,repeat_7.4,3632.84,0
262,normal_std30_L2_c1_5,1,repeat_7.5,3639.5,0
262,normal_std30_L2_c1_5,1,repeat_7.6,3656.76,0
262,normal_std30_L2_c1_5,1,repeat_8,3618.58,0
262,normal_std30_L2_c1_5,1,repeat_8.1,3623.88,0
262,normal_std30_L2_c1_5,1,repeat_8.2,3623.88,0
262,normal_std30_L2_c1_5,1,repeat_8.3,3623.89,0
262,normal_std30_L2_c1_5,1,repeat_8.4,3632.84,0
262,normal_std30_L2_c1_5,1,repeat_8.5,5746.04,0
262,normal_std30_L2_c1_5,1,repeat_8.6,9092.22,0
262,normal_std30_L2_c1_5,1,repeat_9,3207.13,0
262,normal_std30_L2_c1_5,1,repeat_9.1,3375.25,0
262,normal_std30_L2_c1_5,1,repeat_9.2,3450.14,0
262,normal_std30_L2_c1_5,1,repeat_9.3,3623.89,0
262,normal_std30_L2_c1_5,1,repeat_9.4,3623.89,0
262,normal_std30_L2_c1_5,1,repeat_9.5,3934.94,0
262,normal_std30_L2_c1_5,1,repeat_9.6,4529.04,0
262,normal_std30_L2_c1_5,1,repeat_9.7,12464.36,0
262,normal_std30_L2_c1_5,1,repeat_10,3435.44,0
262,normal_std30_L2_c1_5,1,repeat_10.1,3623.89,0
262,normal_std30_L2_c1_5,1,repeat_10.2,3623.89,0
262,normal_std30_L2_c1_5,1,repeat_10.3,3625.78,0
262,normal_std30_L2_c1_5,1,repeat_10.4,3685.5,0
262,normal_std30_L2_c1_5,1,repeat_10.5,3877.74,0
262,normal_std30_L2_c1_5,1,repeat_10.6,3934.94,0
262,normal_std30_L2_c1_5,1,repeat_10.7,4700.26,0
262,normal_std30_L2_c1_5,1,repeat_10.8,5707.8,0
262,normal_std30_L2_c1_5,1,repeat_10.9,6638.78,0
264,normal_std30_L2_c1_5,2,repeat_1,3369.02,0
264,normal_std30_L2_c1_5,2,repeat_1.1,3472.93,0
264,normal_std30_L2_c1_5,2,repeat_1.2,3512.92,0
264,normal_std30_L2_c1_5,2,repeat_1.3,3623.88,0
264,normal_std30_L2_c1_5,2,repeat_1.4,3623.88,0
264,normal_std30_L2_c1_5,2,repeat_1.5,3623.88,0
264,normal_std30_L2_c1_5,2,repeat_1.6,3623.89,0
264,normal_std30_L2_c1_5,2,repeat_1.7,3623.89,0
264,normal_std30_L2_c1_5,2,repeat_1.8,3624.97,0
264,normal_std30_L2_c1_5,2,repeat_1.9,3640.36,0
264,normal_std30_L2_c1_5,2,repeat_2,3369.02,0
264,normal_std30_L2_c1_5,2,repeat_2.1,3422.1,0
264,normal_std30_L2_c1_5,2,repeat_2.2,3426.5,0
264,normal_std30_L2_c1_5,2,repeat_2.3,3470.14,0
264,normal_std30_L2_c1_5,2,repeat_2.4,3489.08,0
264,normal_std30_L2_c1_5,2,repeat_2.5,3515.32,0
264,normal_std30_L2_c1_5,2,repeat_2.6,3623.88,0
264,normal_std30_L2_c1_5,2,repeat_2.7,3623.89,0
264,normal_std30_L2_c1_5,2,repeat_2.8,3623.89,0
264,normal_std30_L2_c1_5,2,repeat_2.9,3640.35,0
264,normal_std30_L2_c1_5,2,repeat_3,3418.0,0
264,normal_std30_L2_c1_5,2,repeat_3.1,3623.88,0
264,normal_std30_L2_c1_5,2,repeat_3.2,3623.89,0
264,normal_std30_L2_c1_5,2,repeat_3.3,3625.54,0
264,normal_std30_L2_c1_5,2,repeat_3.4,3631.06,0
264,normal_std30_L2_c1_5,2,repeat_3.5,3632.86,0
264,normal_std30_L2_c1_5,2,repeat_3.6,3656.76,0
264,normal_std30_L2_c1_5,2,repeat_3.7,3823.64,0
264,normal_std30_L2_c1_5,2,repeat_3.8,3884.9,0
264,normal_std30_L2_c1_5,2,repeat_3.9,3971.36,0
264,normal_std30_L2_c1_5,2,repeat_4,3413.48,0
264,normal_std30_L2_c1_5,2,repeat_4.1,3623.88,0
264,normal_std30_L2_c1_5,2,repeat_4.2,3623.88,0
264,normal_std30_L2_c1_5,2,repeat_4.3,3631.92,0
264,normal_std30_L2_c1_5,2,repeat_4.4,3632.86,0
264,normal_std30_L2_c1_5,2,repeat_4.5,3645.3,0
264,normal_std30_L2_c1_5,2,repeat_4.6,3655.12,0
264,normal_std30_L2_c1_5,2,repeat_4.7,3663.61,0
264,normal_std30_L2_c1_5,2,repeat_4.8,3749.52,0
264,normal_std30_L2_c1_5,2,repeat_4.9,3756.22,0
264,normal_std30_L2_c1_5,2,repeat_5,3396.21,0
264,normal_std30_L2_c1_5,2,repeat_5.1,3414.14,0
264,normal_std30_L2_c1_5,2,repeat_5.2,3438.27,0
264,normal_std30_L2_c1_5,2,repeat_5.3,3447.58,0
264,normal_std30_L2_c1_5,2,repeat_5.4,3464.88,0
264,normal_std30_L2_c1_5,2,repeat_5.5,3612.63,0
264,normal_std30_L2_c1_5,2,repeat_5.6,3623.88,0
264,normal_std30_L2_c1_5,2,repeat_5.7,3623.88,0
264,normal_std30_L2_c1_5,2,repeat_5.8,3623.89,0
264,normal_std30_L2_c1_5,2,repeat_5.9,3625.37,0
264,normal_std30_L2_c1_5,2,repeat_6,3376.82,0
264,normal_std30_L2_c1_5,2,repeat_6.1,3390.72,0
264,normal_std30_L2_c1_5,2,repeat_6.2,3411.7,0
264,normal_std30_L2_c1_5,2,repeat_6.3,3451.02,0
264,normal_std30_L2_c1_5,2,repeat_6.4,3453.68,0
264,normal_std30_L2_c1_5,2,repeat_6.5,3551.62,0
264,normal_std30_L2_c1_5,2,repeat_6.6,3623.89,0
264,normal_std30_L2_c1_5,2,repeat_6.7,3638.34,0
264,normal_std30_L2_c1_5,2,repeat_6.8,3659.54,0
264,normal_std30_L2_c1_5,2,repeat_6.9,3717.38,0
264,normal_std30_L2_c1_5,2,repeat_7,3623.88,0
264,normal_std30_L2_c1_5,2,repeat_7.1,3623.88,0
264,normal_std30_L2_c1_5,2,repeat_7.2,3623.89,0
264,normal_std30_L2_c1_5,2,repeat_7.3,3623.89,0
264,normal_std30_L2_c1_5,2,repeat_7.4,3632.84,0
264,normal_std30_L2_c1_5,2,repeat_7.5,3639.5,0
264,normal_std30_L2_c1_5,2,repeat_7.6,3656.76,0
264,normal_std30_L2_c1_5,2,repeat_8,3618.58,0
264,normal_std30_L2_c1_5,2,repeat_8.1,3623.88,0
264,normal_std30_L2_c1_5,2,repeat_8.2,3623.88,0
264,normal_std30_L2_c1_5,2,repeat_8.3,3623.89,0
264,normal_std30_L2_c1_5,2,repeat_8.4,3632.84,0
264,normal_std30_L2_c1_5,2,repeat_8.5,5746.04,0
264,normal_std30_L2_c1_5,2,repeat_8.6,9092.22,0
264,normal_std30_L2_c1_5,2,repeat_9,3207.13,0
264,normal_std30_L2_c1_5,2,repeat_9.1,3326.39,0
264,normal_std30_L2_c1_5,2,repeat_9.2,3366.72,0
264,normal_std30_L2_c1_5,2,repeat_9.3,3368.38,0
264,normal_std30_L2_c1_5,2,repeat_9.4,3375.25,0
264,normal_std30_L2_c1_5,2,repeat_9.5,3450.14,0
264,normal_std30_L2_c1_5,2,repeat_9.6,3619.16,0
264,normal_std30_L2_c1_5,2,repeat_9.7,3623.88,0
264,normal_std30_L2_c1_5,2,repeat_9.8,3623.89,0
264,normal_std30_L2_c1_5,2,repeat_9.9,3623.89,0
264,normal_std30_L2_c1_5,2,repeat_10,3435.44,0
264,normal_std30_L2_c1_5,2,repeat_10.1,3623.89,0
264,normal_std30_L2_c1_5,2,repeat_10.2,3623.89,0
264,normal_std30_L2_c1_5,2,repeat_10.3,3625.78,0
264,normal_std30_L2_c1_5,2,repeat_10.4,3685.5,0
264,normal_std30_L2_c1_5,2,repeat_10.5,3877.74,0
264,normal_std30_L2_c1_5,2,repeat_10.6,3934.94,0
264,normal_std30_L2_c1_5,2,repeat_10.7,4700.26,0
264,normal_std30_L2_c1_5,2,repeat_10.8,5707.8,0
264,normal_std30_L2_c1_5,2,repeat_10.9,6638.78,0
266,normal_std30_L2_c1_5,3,repeat_1,3262.36,0
266,normal_std30_L2_c1_5,3,repeat_1.1,3369.02,0
266,normal_std30_L2_c1_5,3,repeat_1.2,3391.46,0
266,normal_std30_L2_c1_5,3,repeat_1.3,3424.28,0
266,normal_std30_L2_c1_5,3,repeat_1.4,3472.93,0
266,normal_std30_L2_c1_5,3,repeat_1.5,3512.92,0
266,normal_std30_L2_c1_5,3,repeat_1.6,3535.69,0
266,normal_std30_L2_c1_5,3,repeat_1.7,3623.88,0
266,normal_std30_L2_c1_5,3,repeat_1.8,3623.88,0
266,normal_std30_L2_c1_5,3,repeat_1.9,3623.88,0
266,normal_std30_L2_c1_5,3,repeat_2,3369.02,0
266,normal_std30_L2_c1_5,3,repeat_2.1,3412.56,0
266,normal_std30_L2_c1_5,3,repeat_2.2,3422.1,0
266,normal_std30_L2_c1_5,3,repeat_2.3,3426.5,0
266,normal_std30_L2_c1_5,3,repeat_2.4,3470.14,0
266,normal_std30_L2_c1_5,3,repeat_2.5,3489.08,0
266,normal_std30_L2_c1_5,3,repeat_2.6,3515.32,0
266,normal_std30_L2_c1_5,3,repeat_2.7,3539.04,0
266,normal_std30_L2_c1_5,3,repeat_2.8,3568.14,0
266,normal_std30_L2_c1_5,3,repeat_2.9,3623.88,0
266,normal_std30_L2_c1_5,3,repeat_3,3371.06,0
266,normal_std30_L2_c1_5,3,repeat_3.1,3392.39,0
266,normal_std30_L2_c1_5,3,repeat_3.2,3396.28,0
266,normal_std30_L2_c1_5,3,repeat_3.3,3403.55,0
266,normal_std30_L2_c1_5,3,repeat_3.4,3405.64,0
266,normal_std30_L2_c1_5,3,repeat_3.5,3418.0,0
266,normal_std30_L2_c1_5,3,repeat_3.6,3476.69,0
266,normal_std30_L2_c1_5,3,repeat_3.7,3623.88,0
266,normal_std30_L2_c1_5,3,repeat_3.8,3623.89,0
266,normal_std30_L2_c1_5,3,repeat_3.9,3625.54,0
266,normal_std30_L2_c1_5,3,repeat_4,3413.48,0
266,normal_std30_L2_c1_5,3,repeat_4.1,3426.76,0
266,normal_std30_L2_c1_5,3,repeat_4.2,3508.76,0
266,normal_std30_L2_c1_5,3,repeat_4.3,3535.74,0
266,normal_std30_L2_c1_5,3,repeat_4.4,3599.84,0
266,normal_std30_L2_c1_5,3,repeat_4.5,3623.88,0
266,normal_std30_L2_c1_5,3,repeat_4.6,3623.88,0
266,normal_std30_L2_c1_5,3,repeat_4.7,3628.13,0
266,normal_std30_L2_c1_5,3,repeat_4.8,3631.92,0
266,normal_std30_L2_c1_5,3,repeat_4.9,3632.86,0
266,normal_std30_L2_c1_5,3,repeat_5,3360.4,0
266,normal_std30_L2_c1_5,3,repeat_5.1,3396.18,0
266,normal_std30_L2_c1_5,3,repeat_5.2,3396.21,0
266,normal_std30_L2_c1_5,3,repeat_5.3,3414.14,0
266,normal_std30_L2_c1_5,3,repeat_5.4,3438.27,0
266,normal_std30_L2_c1_5,3,repeat_5.5,3447.58,0
266,normal_std30_L2_c1_5,3,repeat_5.6,3451.35,0
266,normal_std30_L2_c1_5,3,repeat_5.7,3464.88,0
266,normal_std30_L2_c1_5,3,repeat_5.8,3466.15,0
266,normal_std30_L2_c1_5,3,repeat_5.9,3479.41,0
266,normal_std30_L2_c1_5,3,repeat_6,3376.82,0
266,normal_std30_L2_c1_5,3,repeat_6.1,3390.72,0
266,normal_std30_L2_c1_5,3,repeat_6.2,3411.7,0
266,normal_std30_L2_c1_5,3,repeat_6.3,3451.02,0
266,normal_std30_L2_c1_5,3,repeat_6.4,3453.68,0
266,normal_std30_L2_c1_5,3,repeat_6.5,3551.62,0
266,normal_std30_L2_c1_5,3,repeat_6.6,3623.89,0
266,normal_std30_L2_c1_5,3,repeat_6.7,3638.34,0
266,normal_std30_L2_c1_5,3,repeat_6.8,3659.54,0
266,normal_std30_L2_c1_5,3,repeat_6.9,3717.38,0
266,normal_std30_L2_c1_5,3,repeat_7,3403.12,0
266,normal_std30_L2_c1_5,3,repeat_7.1,3420.22,0
266,normal_std30_L2_c1_5,3,repeat_7.2,3623.88,0
266,normal_std30_L2_c1_5,3,repeat_7.3,3623.88,0
266,normal_std30_L2_c1_5,3,repeat_7.4,3623.89,0
266,normal_std30_L2_c1_5,3,repeat_7.5,3623.89,0
266,normal_std30_L2_c1_5,3,repeat_7.6,3629.36,0
266,normal_std30_L2_c1_5,3,repeat_7.7,3630.36,0
266,normal_std30_L2_c1_5,3,repeat_7.8,3632.84,0
266,normal_std30_L2_c1_5,3,repeat_7.9,3639.5,0
266,normal_std30_L2_c1_5,3,repeat_8,3618.58,0
266,normal_std30_L2_c1_5,3,repeat_8.1,3623.88,0
266,normal_std30_L2_c1_5,3,repeat_8.2,3623.88,0
266,normal_std30_L2_c1_5,3,repeat_8.3,3623.89,0
266,normal_std30_L2_c1_5,3,repeat_8.4,3632.84,0
266,normal_std30_L2_c1_5,3,repeat_8.5,5746.04,0
266,normal_std30_L2_c1_5,3,repeat_8.6,9092.22,0
266,normal_std30_L2_c1_5,3,repeat_9,3207.13,0
266,normal_std30_L2_c1_5,3,repeat_9.1,3326.39,0
266,normal_std30_L2_c1_5,3,repeat_9.2,3366.72,0
266,normal_std30_L2_c1_5,3,repeat_9.3,3368.38,0
266,normal_std30_L2_c1_5,3,repeat_9.4,3375.25,0
266,normal_std30_L2_c1_5,3,repeat_9.5,3450.14,0
266,normal_std30_L2_c1_5,3,repeat_9.6,3619.16,0
266,normal_std30_L2_c1_5,3,repeat_9.7,3623.88,0
266,normal_std30_L2_c1_5,3,repeat_9.8,3623.89,0
266,normal_std30_L2_c1_5,3,repeat_9.9,3623.89,0
266,normal_std30_L2_c1_5,3,repeat_10,3263.86,0
266,normal_std30_L2_c1_5,3,repeat_10.1,3435.44,0
266,normal_std30_L2_c1_5,3,repeat_10.2,3486.52,0
266,normal_std30_L2_c1_5,3,repeat_10.3,3504.42,0
266,normal_std30_L2_c1_5,3,repeat_10.4,3623.89,0
266,normal_std30_L2_c1_5,3,repeat_10.5,3623.89,0
266,normal_std30_L2_c1_5,3,repeat_10.6,3625.78,0
266,normal_std30_L2_c1_5,3,repeat_10.7,3632.84,0
266,normal_std30_L2_c1_5,3,repeat_10.8,3640.35,0
266,normal_std30_L2_c1_5,3,repeat_10.9,3685.5,0
268,normal_std30_L2_c1_5,4,repeat_1,3262.36,0
268,normal_std30_L2_c1_5,4,repeat_1.1,3369.02,0
268,normal_std30_L2_c1_5,4,repeat_1.2,3383.7,0
268,normal_std30_L2_c1_5,4,repeat_1.3,3391.46,0
268,normal_std30_L2_c1_5,4,repeat_1.4,3413.18,0
268,normal_std30_L2_c1_5,4,repeat_1.5,3417.66,0
268,normal_std30_L2_c1_5,4,repeat_1.6,3424.28,0
268,normal_std30_L2_c1_5,4,repeat_1.7,3472.93,0
268,normal_std30_L2_c1_5,4,repeat_1.8,3507.16,0
268,normal_std30_L2_c1_5,4,repeat_1.9,3512.92,0
268,normal_std30_L2_c1_5,4,repeat_2,3369.02,0
268,normal_std30_L2_c1_5,4,repeat_2.1,3412.56,0
268,normal_std30_L2_c1_5,4,repeat_2.2,3422.1,0
268,normal_std30_L2_c1_5,4,repeat_2.3,3426.5,0
268,normal_std30_L2_c1_5,4,repeat_2.4,3433.62,0
268,normal_std30_L2_c1_5,4,repeat_2.5,3470.14,0
268,normal_std30_L2_c1_5,4,repeat_2.6,3489.08,0
268,normal_std30_L2_c1_5,4,repeat_2.7,3490.5,0
268,normal_std30_L2_c1_5,4,repeat_2.8,3511.66,0
268,normal_std30_L2_c1_5,4,repeat_2.9,3515.32,0
268,normal_std30_L2_c1_5,4,repeat_3,3342.5,0
268,normal_std30_L2_c1_5,4,repeat_3.1,3371.06,0
268,normal_std30_L2_c1_5,4,repeat_3.2,3371.66,0
268,normal_std30_L2_c1_5,4,repeat_3.3,3386.68,0
268,normal_std30_L2_c1_5,4,repeat_3.4,3392.39,0
268,normal_std30_L2_c1_5,4,repeat_3.5,3394.08,0
268,normal_std30_L2_c1_5,4,repeat_3.6,3396.28,0
268,normal_std30_L2_c1_5,4,repeat_3.7,3398.82,0
268,normal_std30_L2_c1_5,4,repeat_3.8,3400.73,0
268,normal_std30_L2_c1_5,4,repeat_3.9,3402.06,0
268,normal_std30_L2_c1_5,4,repeat_4,3413.02,0
268,normal_std30_L2_c1_5,4,repeat_4.1,3413.48,0
268,normal_std30_L2_c1_5,4,repeat_4.2,3426.76,0
268,normal_std30_L2_c1_5,4,repeat_4.3,3439.06,0
268,normal_std30_L2_c1_5,4,repeat_4.4,3454.58,0
268,normal_std30_L2_c1_5,4,repeat_4.5,3463.04,0
268,normal_std30_L2_c1_5,4,repeat_4.6,3508.76,0
268,normal_std30_L2_c1_5,4,repeat_4.7,3535.74,0
268,normal_std30_L2_c1_5,4,repeat_4.8,3587.58,0
268,normal_std30_L2_c1_5,4,repeat_4.9,3599.84,0
268,normal_std30_L2_c1_5,4,repeat_5,3347.22,0
268,normal_std30_L2_c1_5,4,repeat_5.1,3360.4,0
268,normal_std30_L2_c1_5,4,repeat_5.2,3366.71,0
268,normal_std30_L2_c1_5,4,repeat_5.3,3396.18,0
268,normal_std30_L2_c1_5,4,repeat_5.4,3396.21,0
268,normal_std30_L2_c1_5,4,repeat_5.5,3396.24,0
268,normal_std30_L2_c1_5,4,repeat_5.6,3414.14,0
268,normal_std30_L2_c1_5,4,repeat_5.7,3422.92,0
268,normal_std30_L2_c1_5,4,repeat_5.8,3423.86,0
268,normal_std30_L2_c1_5,4,repeat_5.9,3433.44,0
268,normal_std30_L2_c1_5,4,repeat_6,3376.82,0
268,normal_std30_L2_c1_5,4,repeat_6.1,3390.72,0
268,normal_std30_L2_c1_5,4,repeat_6.2,3411.7,0
268,normal_std30_L2_c1_5,4,repeat_6.3,3451.02,0
268,normal_std30_L2_c1_5,4,repeat_6.4,3453.68,0
268,normal_std30_L2_c1_5,4,repeat_6.5,3551.62,0
268,normal_std30_L2_c1_5,4,repeat_6.6,3623.89,0
268,normal_std30_L2_c1_5,4,repeat_6.7,3638.34,0
268,normal_std30_L2_c1_5,4,repeat_6.8,3659.54,0
268,normal_std30_L2_c1_5,4,repeat_6.9,3717.38,0
268,normal_std30_L2_c1_5,4,repeat_7,3403.12,0
268,normal_std30_L2_c1_5,4,repeat_7.1,3420.22,0
268,normal_std30_L2_c1_5,4,repeat_7.2,3623.88,0
268,normal_std30_L2_c1_5,4,repeat_7.3,3623.88,0
268,normal_std30_L2_c1_5,4,repeat_7.4,3623.89,0
268,normal_std30_L2_c1_5,4,repeat_7.5,3623.89,0
268,normal_std30_L2_c1_5,4,repeat_7.6,3629.36,0
268,normal_std30_L2_c1_5,4,repeat_7.7,3630.36,0
268,normal_std30_L2_c1_5,4,repeat_7.8,3632.84,0
268,normal_std30_L2_c1_5,4,repeat_7.9,3639.5,0
268,normal_std30_L2_c1_5,4,repeat_8,3618.58,0
268,normal_std30_L2_c1_5,4,repeat_8.1,3619.51,0
268,normal_std30_L2_c1_5,4,repeat_8.2,3623.88,0
268,normal_std30_L2_c1_5,4,repeat_8.3,3623.88,0
268,normal_std30_L2_c1_5,4,repeat_8.4,3623.88,0
268,normal_std30_L2_c1_5,4,repeat_8.5,3623.88,0
268,normal_std30_L2_c1_5,4,repeat_8.6,3623.89,0
268,normal_std30_L2_c1_5,4,repeat_8.7,3627.32,0
268,normal_std30_L2_c1_5,4,repeat_8.8,3632.84,0
268,normal_std30_L2_c1_5,4,repeat_8.9,3688.8,0
268,normal_std30_L2_c1_5,4,repeat_9,3207.13,0
268,normal_std30_L2_c1_5,4,repeat_9.1,3326.39,0
268,normal_std30_L2_c1_5,4,repeat_9.2,3366.72,0
268,normal_std30_L2_c1_5,4,repeat_9.3,3368.38,0
268,normal_std30_L2_c1_5,4,repeat_9.4,3375.25,0
268,normal_std30_L2_c1_5,4,repeat_9.5,3450.14,0
268,normal_std30_L2_c1_5,4,repeat_9.6,3619.16,0
268,normal_std30_L2_c1_5,4,repeat_9.7,3623.88,0
268,normal_std30_L2_c1_5,4,repeat_9.8,3623.89,0
268,normal_std30_L2_c1_5,4,repeat_9.9,3623.89,0
268,normal_std30_L2_c1_5,4,repeat_10,3263.86,0
268,normal_std30_L2_c1_5,4,repeat_10.1,3388.31,0
268,normal_std30_L2_c1_5,4,repeat_10.2,3405.72,0
268,normal_std30_L2_c1_5,4,repeat_10.3,3435.44,0
268,normal_std30_L2_c1_5,4,repeat_10.4,3438.64,0
268,normal_std30_L2_c1_5,4,repeat_10.5,3450.68,0
268,normal_std30_L2_c1_5,4,repeat_10.6,3480.82,0
268,normal_std30_L2_c1_5,4,repeat_10.7,3486.52,0
268,normal_std30_L2_c1_5,4,repeat_10.8,3495.5,0
268,normal_std30_L2_c1_5,4,repeat_10.9,3504.42,0
270,normal_std30_L2_c1_5,5,repeat_1,3262.36,0
270,normal_std30_L2_c1_5,5,repeat_1.1,3351.16,0
270,normal_std30_L2_c1_5,5,repeat_1.2,3369.02,0
270,normal_std30_L2_c1_5,5,repeat_1.3,3379.18,0
270,normal_std30_L2_c1_5,5,repeat_1.4,3383.7,0
270,normal_std30_L2_c1_5,5,repeat_1.5,3391.46,0
270,normal_std30_L2_c1_5,5,repeat_1.6,3404.82,0
270,normal_std30_L2_c1_5,5,repeat_1.7,3408.06,0
270,normal_std30_L2_c1_5,5,repeat_1.8,3413.18,0
270,normal_std30_L2_c1_5,5,repeat_1.9,3417.66,0
270,normal_std30_L2_c1_5,5,repeat_2,3248.16,0
270,normal_std30_L2_c1_5,5,repeat_2.1,3303.88,0
270,normal_std30_L2_c1_5,5,repeat_2.2,3369.02,0
270,normal_std30_L2_c1_5,5,repeat_2.3,3412.56,0
270,normal_std30_L2_c1_5,5,repeat_2.4,3422.1,0
270,normal_std30_L2_c1_5,5,repeat_2.5,3426.5,0
270,normal_std30_L2_c1_5,5,repeat_2.6,3433.62,0
270,normal_std30_L2_c1_5,5,repeat_2.7,3438.18,0
270,normal_std30_L2_c1_5,5,repeat_2.8,3441.04,0
270,normal_std30_L2_c1_5,5,repeat_2.9,3447.38,0
270,normal_std30_L2_c1_5,5,repeat_3,3315.91,0
270,normal_std30_L2_c1_5,5,repeat_3.1,3317.62,0
270,normal_std30_L2_c1_5,5,repeat_3.2,3338.38,0
270,normal_std30_L2_c1_5,5,repeat_3.3,3342.5,0
270,normal_std30_L2_c1_5,5,repeat_3.4,3365.28,0
270,normal_std30_L2_c1_5,5,repeat_3.5,3371.06,0
270,normal_std30_L2_c1_5,5,repeat_3.6,3371.66,0
270,normal_std30_L2_c1_5,5,repeat_3.7,3386.68,0
270,normal_std30_L2_c1_5,5,repeat_3.8,3387.69,0
270,normal_std30_L2_c1_5,5,repeat_3.9,3392.39,0
270,normal_std30_L2_c1_5,5,repeat_4,3388.58,0
270,normal_std30_L2_c1_5,5,repeat_4.1,3409.22,0
270,normal_std30_L2_c1_5,5,repeat_4.2,3413.02,0
270,normal_std30_L2_c1_5,5,repeat_4.3,3413.48,0
270,normal_std30_L2_c1_5,5,repeat_4.4,3426.76,0
270,normal_std30_L2_c1_5,5,repeat_4.5,3434.78,0
270,normal_std30_L2_c1_5,5,repeat_4.6,3439.06,0
270,normal_std30_L2_c1_5,5,repeat_4.7,3450.16,0
270,normal_std30_L2_c1_5,5,repeat_4.8,3454.58,0
270,normal_std30_L2_c1_5,5,repeat_4.9,3463.04,0
270,normal_std30_L2_c1_5,5,repeat_5,3347.22,0
270,normal_std30_L2_c1_5,5,repeat_5.1,3360.4,0
270,normal_std30_L2_c1_5,5,repeat_5.2,3366.71,0
270,normal_std30_L2_c1_5,5,repeat_5.3,3396.18,0
270,normal_std30_L2_c1_5,5,repeat_5.4,3396.21,0
270,normal_std30_L2_c1_5,5,repeat_5.5,3396.24,0
270,normal_std30_L2_c1_5,5,repeat_5.6,3413.0,0
270,normal_std30_L2_c1_5,5,repeat_5.7,3414.14,0
270,normal_std30_L2_c1_5,5,repeat_5.8,3418.6,0
270,normal_std30_L2_c1_5,5,repeat_5.9,3422.92,0
270,normal_std30_L2_c1_5,5,repeat_6,3376.82,0
270,normal_std30_L2_c1_5,5,repeat_6.1,3390.72,0
270,normal_std30_L2_c1_5,5,repeat_6.2,3411.7,0
270,normal_std30_L2_c1_5,5,repeat_6.3,3451.02,0
270,normal_std30_L2_c1_5,5,repeat_6.4,3453.68,0
270,normal_std30_L2_c1_5,5,repeat_6.5,3551.62,0
270,normal_std30_L2_c1_5,5,repeat_6.6,3623.89,0
270,normal_std30_L2_c1_5,5,repeat_6.7,3638.34,0
270,normal_std30_L2_c1_5,5,repeat_6.8,3659.54,0
270,normal_std30_L2_c1_5,5,repeat_6.9,3717.38,0
270,normal_std30_L2_c1_5,5,repeat_7,3380.07,0
270,normal_std30_L2_c1_5,5,repeat_7.1,3403.12,0
270,normal_std30_L2_c1_5,5,repeat_7.2,3420.22,0
270,normal_std30_L2_c1_5,5,repeat_7.3,3481.26,0
270,normal_std30_L2_c1_5,5,repeat_7.4,3500.1,0
270,normal_std30_L2_c1_5,5,repeat_7.5,3623.88,0
270,normal_std30_L2_c1_5,5,repeat_7.6,3623.88,0
270,normal_std30_L2_c1_5,5,repeat_7.7,3623.88,0
270,normal_std30_L2_c1_5,5,repeat_7.8,3623.89,0
270,normal_std30_L2_c1_5,5,repeat_7.9,3623.89,0
270,normal_std30_L2_c1_5,5,repeat_8,3618.58,0
270,normal_std30_L2_c1_5,5,repeat_8.1,3619.51,0
270,normal_std30_L2_c1_5,5,repeat_8.2,3623.88,0
270,normal_std30_L2_c1_5,5,repeat_8.3,3623.88,0
270,normal_std30_L2_c1_5,5,repeat_8.4,3623.88,0
270,normal_std30_L2_c1_5,5,repeat_8.5,3623.88,0
270,normal_std30_L2_c1_5,5,repeat_8.6,3623.89,0
270,normal_std30_L2_c1_5,5,repeat_8.7,3627.32,0
270,normal_std30_L2_c1_5,5,repeat_8.8,3632.84,0
270,normal_std30_L2_c1_5,5,repeat_8.9,3688.8,0
270,normal_std30_L2_c1_5,5,repeat_9,3207.13,0
270,normal_std30_L2_c1_5,5,repeat_9.1,3326.39,0
270,normal_std30_L2_c1_5,5,repeat_9.2,3366.72,0
270,normal_std30_L2_c1_5,5,repeat_9.3,3368.38,0
270,normal_std30_L2_c1_5,5,repeat_9.4,3375.25,0
270,normal_std30_L2_c1_5,5,repeat_9.5,3450.14,0
270,normal_std30_L2_c1_5,5,repeat_9.6,3619.16,0
270,normal_std30_L2_c1_5,5,repeat_9.7,3623.88,0
270,normal_std30_L2_c1_5,5,repeat_9.8,3623.89,0
270,normal_std30_L2_c1_5,5,repeat_9.9,3623.89,0
270,normal_std30_L2_c1_5,5,repeat_10,3263.86,0
270,normal_std30_L2_c1_5,5,repeat_10.1,3381.0,0
270,normal_std30_L2_c1_5,5,repeat_10.2,3388.31,0
270,normal_std30_L2_c1_5,5,repeat_10.3,3405.72,0
270,normal_std30_L2_c1_5,5,repeat_10.4,3419.56,0
270,normal_std30_L2_c1_5,5,repeat_10.5,3429.58,0
270,normal_std30_L2_c1_5,5,repeat_10.6,3433.26,0
270,normal_std30_L2_c1_5,5,repeat_10.7,3433.46,0
270,normal_std30_L2_c1_5,5,repeat_10.8,3435.44,0
270,normal_std30_L2_c1_5,5,repeat_10.9,3436.88,0
272,normal_std30_L2_c1_5,6,repeat_1,3262.36,0
272,normal_std30_L2_c1_5,6,repeat_1.1,3351.16,0
272,normal_std30_L2_c1_5,6,repeat_1.2,3369.02,0
272,normal_std30_L2_c1_5,6,repeat_1.3,3379.18,0
272,normal_std30_L2_c1_5,6,repeat_1.4,3383.7,0
272,normal_std30_L2_c1_5,6,repeat_1.5,3384.7,0
272,normal_std30_L2_c1_5,6,repeat_1.6,3386.44,0
272,normal_std30_L2_c1_5,6,repeat_1.7,3391.46,0
272,normal_std30_L2_c1_5,6,repeat_1.8,3398.7,0
272,normal_std30_L2_c1_5,6,repeat_1.9,3402.24,0
272,normal_std30_L2_c1_5,6,repeat_2,3248.16,0
272,normal_std30_L2_c1_5,6,repeat_2.1,3303.88,0
272,normal_std30_L2_c1_5,6,repeat_2.2,3304.3,0
272,normal_std30_L2_c1_5,6,repeat_2.3,3369.02,0
272,normal_std30_L2_c1_5,6,repeat_2.4,3412.56,0
272,normal_std30_L2_c1_5,6,repeat_2.5,3416.4,0
272,normal_std30_L2_c1_5,6,repeat_2.6,3422.1,0
272,normal_std30_L2_c1_5,6,repeat_2.7,3426.5,0
272,normal_std30_L2_c1_5,6,repeat_2.8,3433.62,0
272,normal_std30_L2_c1_5,6,repeat_2.9,3438.18,0
272,normal_std30_L2_c1_5,6,repeat_3,3314.32,0
272,normal_std30_L2_c1_5,6,repeat_3.1,3315.91,0
272,normal_std30_L2_c1_5,6,repeat_3.2,3317.62,0
272,normal_std30_L2_c1_5,6,repeat_3.3,3338.38,0
272,normal_std30_L2_c1_5,6,repeat_3.4,3342.5,0
272,normal_std30_L2_c1_5,6,repeat_3.5,3342.79,0
272,normal_std30_L2_c1_5,6,repeat_3.6,3343.28,0
272,normal_std30_L2_c1_5,6,repeat_3.7,3365.28,0
272,normal_std30_L2_c1_5,6,repeat_3.8,3371.06,0
272,normal_std30_L2_c1_5,6,repeat_3.9,3371.66,0
272,normal_std30_L2_c1_5,6,repeat_4,3378.58,0
272,normal_std30_L2_c1_5,6,repeat_4.1,3382.72,0
272,normal_std30_L2_c1_5,6,repeat_4.2,3388.58,0
272,normal_std30_L2_c1_5,6,repeat_4.3,3408.42,0
272,normal_std30_L2_c1_5,6,repeat_4.4,3409.22,0
272,normal_std30_L2_c1_5,6,repeat_4.5,3413.02,0
272,normal_std30_L2_c1_5,6,repeat_4.6,3413.48,0
272,normal_std30_L2_c1_5,6,repeat_4.7,3423.62,0
272,normal_std30_L2_c1_5,6,repeat_4.8,3426.76,0
272,normal_std30_L2_c1_5,6,repeat_4.9,3430.52,0
272,normal_std30_L2_c1_5,6,repeat_5,3347.22,0
272,normal_std30_L2_c1_5,6,repeat_5.1,3352.97,0
272,normal_std30_L2_c1_5,6,repeat_5.2,3358.66,0
272,normal_std30_L2_c1_5,6,repeat_5.3,3360.4,0
272,normal_std30_L2_c1_5,6,repeat_5.4,3366.71,0
272,normal_std30_L2_c1_5,6,repeat_5.5,3393.88,0
272,normal_std30_L2_c1_5,6,repeat_5.6,3396.18,0
272,normal_std30_L2_c1_5,6,repeat_5.7,3396.21,0
272,normal_std30_L2_c1_5,6,repeat_5.8,3396.24,0
272,normal_std30_L2_c1_5,6,repeat_5.9,3403.78,0
272,normal_std30_L2_c1_5,6,repeat_6,3376.82,0
272,normal_std30_L2_c1_5,6,repeat_6.1,3390.72,0
272,normal_std30_L2_c1_5,6,repeat_6.2,3411.7,0
272,normal_std30_L2_c1_5,6,repeat_6.3,3451.02,0
272,normal_std30_L2_c1_5,6,repeat_6.4,3453.68,0
272,normal_std30_L2_c1_5,6,repeat_6.5,3551.62,0
272,normal_std30_L2_c1_5,6,repeat_6.6,3623.89,0
272,normal_std30_L2_c1_5,6,repeat_6.7,3638.34,0
272,normal_std30_L2_c1_5,6,repeat_6.8,3659.54,0
272,normal_std30_L2_c1_5,6,repeat_6.9,3717.38,0
272,normal_std30_L2_c1_5,6,repeat_7,3380.07,0
272,normal_std30_L2_c1_5,6,repeat_7.1,3403.12,0
272,normal_std30_L2_c1_5,6,repeat_7.2,3420.22,0
272,normal_std30_L2_c1_5,6,repeat_7.3,3481.26,0
272,normal_std30_L2_c1_5,6,repeat_7.4,3500.1,0
272,normal_std30_L2_c1_5,6,repeat_7.5,3623.88,0
272,normal_std30_L2_c1_5,6,repeat_7.6,3623.88,0
272,normal_std30_L2_c1_5,6,repeat_7.7,3623.88,0
272,normal_std30_L2_c1_5,6,repeat_7.8,3623.89,0
272,normal_std30_L2_c1_5,6,repeat_7.9,3623.89,0
272,normal_std30_L2_c1_5,6,repeat_8,3444.86,0
272,normal_std30_L2_c1_5,6,repeat_8.1,3618.52,0
272,normal_std30_L2_c1_5,6,repeat_8.2,3618.58,0
272,normal_std30_L2_c1_5,6,repeat_8.3,3619.51,0
272,normal_std30_L2_c1_5,6,repeat_8.4,3623.3,0
272,normal_std30_L2_c1_5,6,repeat_8.5,3623.88,0
272,normal_std30_L2_c1_5,6,repeat_8.6,3623.88,0
272,normal_std30_L2_c1_5,6,repeat_8.7,3623.88,0
272,normal_std30_L2_c1_5,6,repeat_8.8,3623.88,0
272,normal_std30_L2_c1_5,6,repeat_8.9,3623.88,0
272,normal_std30_L2_c1_5,6,repeat_9,3207.13,0
272,normal_std30_L2_c1_5,6,repeat_9.1,3326.39,0
272,normal_std30_L2_c1_5,6,repeat_9.2,3366.72,0
272,normal_std30_L2_c1_5,6,repeat_9.3,3368.38,0
272,normal_std30_L2_c1_5,6,repeat_9.4,3375.25,0
272,normal_std30_L2_c1_5,6,repeat_9.5,3379.09,0
272,normal_std30_L2_c1_5,6,repeat_9.6,3450.14,0
272,normal_std30_L2_c1_5,6,repeat_9.7,3450.26,0
272,normal_std30_L2_c1_5,6,repeat_9.8,3512.52,0
272,normal_std30_L2_c1_5,6,repeat_9.9,3612.52,0
272,normal_std30_L2_c1_5,6,repeat_10,3263.86,0
272,normal_std30_L2_c1_5,6,repeat_10.1,3381.0,0
272,normal_std30_L2_c1_5,6,repeat_10.2,3388.31,0
272,normal_std30_L2_c1_5,6,repeat_10.3,3392.78,0
272,normal_std30_L2_c1_5,6,repeat_10.4,3397.66,0
272,normal_std30_L2_c1_5,6,repeat_10.5,3403.0,0
272,normal_std30_L2_c1_5,6,repeat_10.6,3405.72,0
272,normal_std30_L2_c1_5,6,repeat_10.7,3419.56,0
272,normal_std30_L2_c1_5,6,repeat_10.8,3424.84,0
272,normal_std30_L2_c1_5,6,repeat_10.9,3429.58,0
274,normal_std30_L2_c1_5,7,repeat_1,3262.36,0
274,normal_std30_L2_c1_5,7,repeat_1.1,3340.92,0
274,normal_std30_L2_c1_5,7,repeat_1.2,3351.16,0
274,normal_std30_L2_c1_5,7,repeat_1.3,3358.96,0
274,normal_std30_L2_c1_5,7,repeat_1.4,3369.02,0
274,normal_std30_L2_c1_5,7,repeat_1.5,3379.18,0
274,normal_std30_L2_c1_5,7,repeat_1.6,3383.7,0
274,normal_std30_L2_c1_5,7,repeat_1.7,3384.7,0
274,normal_std30_L2_c1_5,7,repeat_1.8,3386.44,0
274,normal_std30_L2_c1_5,7,repeat_1.9,3391.46,0
274,normal_std30_L2_c1_5,7,repeat_2,3248.16,0
274,normal_std30_L2_c1_5,7,repeat_2.1,3303.88,0
274,normal_std30_L2_c1_5,7,repeat_2.2,3304.3,0
274,normal_std30_L2_c1_5,7,repeat_2.3,3304.82,0
274,normal_std30_L2_c1_5,7,repeat_2.4,3332.36,0
274,normal_std30_L2_c1_5,7,repeat_2.5,3334.7,0
274,normal_std30_L2_c1_5,7,repeat_2.6,3340.06,0
274,normal_std30_L2_c1_5,7,repeat_2.7,3369.02,0
274,normal_std30_L2_c1_5,7,repeat_2.8,3406.48,0
274,normal_std30_L2_c1_5,7,repeat_2.9,3412.56,0
274,normal_std30_L2_c1_5,7,repeat_3,3312.67,0
274,normal_std30_L2_c1_5,7,repeat_3.1,3314.32,0
274,normal_std30_L2_c1_5,7,repeat_3.2,3315.91,0
274,normal_std30_L2_c1_5,7,repeat_3.3,3316.6,0
274,normal_std30_L2_c1_5,7,repeat_3.4,3317.62,0
274,normal_std30_L2_c1_5,7,repeat_3.5,3336.53,0
274,normal_std30_L2_c1_5,7,repeat_3.6,3337.36,0
274,normal_std30_L2_c1_5,7,repeat_3.7,3338.38,0
274,normal_std30_L2_c1_5,7,repeat_3.8,3338.84,0
274,normal_std30_L2_c1_5,7,repeat_3.9,3342.5,0
274,normal_std30_L2_c1_5,7,repeat_4,3376.24,0
274,normal_std30_L2_c1_5,7,repeat_4.1,3377.38,0
274,normal_std30_L2_c1_5,7,repeat_4.2,3378.58,0
274,normal_std30_L2_c1_5,7,repeat_4.3,3380.84,0
274,normal_std30_L2_c1_5,7,repeat_4.4,3382.72,0
274,normal_std30_L2_c1_5,7,repeat_4.5,3384.56,0
274,normal_std30_L2_c1_5,7,repeat_4.6,3386.12,0
274,normal_std30_L2_c1_5,7,repeat_4.7,3388.58,0
274,normal_std30_L2_c1_5,7,repeat_4.8,3398.06,0
274,normal_std30_L2_c1_5,7,repeat_4.9,3398.62,0
274,normal_std30_L2_c1_5,7,repeat_5,3280.72,0
274,normal_std30_L2_c1_5,7,repeat_5.1,3347.22,0
274,normal_std30_L2_c1_5,7,repeat_5.2,3352.97,0
274,normal_std30_L2_c1_5,7,repeat_5.3,3358.66,0
274,normal_std30_L2_c1_5,7,repeat_5.4,3360.4,0
274,normal_std30_L2_c1_5,7,repeat_5.5,3366.71,0
274,normal_std30_L2_c1_5,7,repeat_5.6,3377.06,0
274,normal_std30_L2_c1_5,7,repeat_5.7,3381.84,0
274,normal_std30_L2_c1_5,7,repeat_5.8,3393.88,0
274,normal_std30_L2_c1_5,7,repeat_5.9,3396.18,0
274,normal_std30_L2_c1_5,7,repeat_6,3376.82,0
274,normal_std30_L2_c1_5,7,repeat_6.1,3389.0,0
274,normal_std30_L2_c1_5,7,repeat_6.2,3390.72,0
274,normal_std30_L2_c1_5,7,repeat_6.3,3392.94,0
274,normal_std30_L2_c1_5,7,repeat_6.4,3411.7,0
274,normal_std30_L2_c1_5,7,repeat_6.5,3451.02,0
274,normal_std30_L2_c1_5,7,repeat_6.6,3453.68,0
274,normal_std30_L2_c1_5,7,repeat_6.7,3460.12,0
274,normal_std30_L2_c1_5,7,repeat_6.8,3471.38,0
274,normal_std30_L2_c1_5,7,repeat_6.9,3495.54,0
274,normal_std30_L2_c1_5,7,repeat_7,3380.07,0
274,normal_std30_L2_c1_5,7,repeat_7.1,3399.68,0
274,normal_std30_L2_c1_5,7,repeat_7.2,3403.12,0
274,normal_std30_L2_c1_5,7,repeat_7.3,3420.22,0
274,normal_std30_L2_c1_5,7,repeat_7.4,3421.24,0
274,normal_std30_L2_c1_5,7,repeat_7.5,3425.46,0
274,normal_std30_L2_c1_5,7,repeat_7.6,3481.26,0
274,normal_std30_L2_c1_5,7,repeat_7.7,3500.1,0
274,normal_std30_L2_c1_5,7,repeat_7.8,3511.3,0
274,normal_std30_L2_c1_5,7,repeat_7.9,3521.25,0
274,normal_std30_L2_c1_5,7,repeat_8,3444.86,0
274,normal_std30_L2_c1_5,7,repeat_8.1,3618.52,0
274,normal_std30_L2_c1_5,7,repeat_8.2,3618.58,0
274,normal_std30_L2_c1_5,7,repeat_8.3,3619.51,0
274,normal_std30_L2_c1_5,7,repeat_8.4,3623.3,0
274,normal_std30_L2_c1_5,7,repeat_8.5,3623.88,0
274,normal_std30_L2_c1_5,7,repeat_8.6,3623.88,0
274,normal_std30_L2_c1_5,7,repeat_8.7,3623.88,0
274,normal_std30_L2_c1_5,7,repeat_8.8,3623.88,0
274,normal_std30_L2_c1_5,7,repeat_8.9,3623.88,0
274,normal_std30_L2_c1_5,7,repeat_9,3207.13,0
274,normal_std30_L2_c1_5,7,repeat_9.1,3326.39,0
274,normal_std30_L2_c1_5,7,repeat_9.2,3366.72,0
274,normal_std30_L2_c1_5,7,repeat_9.3,3368.38,0
274,normal_std30_L2_c1_5,7,repeat_9.4,3375.25,0
274,normal_std30_L2_c1_5,7,repeat_9.5,3379.09,0
274,normal_std30_L2_c1_5,7,repeat_9.6,3450.14,0
274,normal_std30_L2_c1_5,7,repeat_9.7,3450.26,0
274,normal_std30_L2_c1_5,7,repeat_9.8,3512.52,0
274,normal_std30_L2_c1_5,7,repeat_9.9,3612.52,0
274,normal_std30_L2_c1_5,7,repeat_10,3263.86,0
274,normal_std30_L2_c1_5,7,repeat_10.1,3381.0,0
274,normal_std30_L2_c1_5,7,repeat_10.2,3388.31,0
274,normal_std30_L2_c1_5,7,repeat_10.3,3392.78,0
274,normal_std30_L2_c1_5,7,repeat_10.4,3397.66,0
274,normal_std30_L2_c1_5,7,repeat_10.5,3403.0,0
274,normal_std30_L2_c1_5,7,repeat_10.6,3405.72,0
274,normal_std30_L2_c1_5,7,repeat_10.7,3419.56,0
274,normal_std30_L2_c1_5,7,repeat_10.8,3424.84,0
274,normal_std30_L2_c1_5,7,repeat_10.9,3429.58,0
276,normal_std30_L2_c1_5,8,repeat_1,3262.36,0
276,normal_std30_L2_c1_5,8,repeat_1.1,3338.64,0
276,normal_std30_L2_c1_5,8,repeat_1.2,3340.92,0
276,normal_std30_L2_c1_5,8,repeat_1.3,3351.16,0
276,normal_std30_L2_c1_5,8,repeat_1.4,3358.96,0
276,normal_std30_L2_c1_5,8,repeat_1.5,3361.1,0
276,normal_std30_L2_c1_5,8,repeat_1.6,3369.02,0
276,normal_std30_L2_c1_5,8,repeat_1.7,3379.18,0
276,normal_std30_L2_c1_5,8,repeat_1.8,3383.7,0
276,normal_std30_L2_c1_5,8,repeat_1.9,3384.7,0
276,normal_std30_L2_c1_5,8,repeat_2,3248.16,0
276,normal_std30_L2_c1_5,8,repeat_2.1,3303.88,0
276,normal_std30_L2_c1_5,8,repeat_2.2,3304.3,0
276,normal_std30_L2_c1_5,8,repeat_2.3,3304.82,0
276,normal_std30_L2_c1_5,8,repeat_2.4,3332.36,0
276,normal_std30_L2_c1_5,8,repeat_2.5,3334.7,0
276,normal_std30_L2_c1_5,8,repeat_2.6,3340.06,0
276,normal_std30_L2_c1_5,8,repeat_2.7,3369.02,0
276,normal_std30_L2_c1_5,8,repeat_2.8,3406.48,0
276,normal_std30_L2_c1_5,8,repeat_2.9,3412.56,0
276,normal_std30_L2_c1_5,8,repeat_3,3290.84,0
276,normal_std30_L2_c1_5,8,repeat_3.1,3300.58,0
276,normal_std30_L2_c1_5,8,repeat_3.2,3312.67,0
276,normal_std30_L2_c1_5,8,repeat_3.3,3314.32,0
276,normal_std30_L2_c1_5,8,repeat_3.4,3315.91,0
276,normal_std30_L2_c1_5,8,repeat_3.5,3316.6,0
276,normal_std30_L2_c1_5,8,repeat_3.6,3317.62,0
276,normal_std30_L2_c1_5,8,repeat_3.7,3325.84,0
276,normal_std30_L2_c1_5,8,repeat_3.8,3326.38,0
276,normal_std30_L2_c1_5,8,repeat_3.9,3328.88,0
276,normal_std30_L2_c1_5,8,repeat_4,3375.98,0
276,normal_std30_L2_c1_5,8,repeat_4.1,3376.24,0
276,normal_std30_L2_c1_5,8,repeat_4.2,3377.38,0
276,normal_std30_L2_c1_5,8,repeat_4.3,3377.46,0
276,normal_std30_L2_c1_5,8,repeat_4.4,3378.4,0
276,normal_std30_L2_c1_5,8,repeat_4.5,3378.58,0
276,normal_std30_L2_c1_5,8,repeat_4.6,3380.84,0
276,normal_std30_L2_c1_5,8,repeat_4.7,3382.72,0
276,normal_std30_L2_c1_5,8,repeat_4.8,3384.56,0
276,normal_std30_L2_c1_5,8,repeat_4.9,3385.36,0
276,normal_std30_L2_c1_5,8,repeat_5,3280.72,0
276,normal_std30_L2_c1_5,8,repeat_5.1,3347.22,0
276,normal_std30_L2_c1_5,8,repeat_5.2,3352.97,0
276,normal_std30_L2_c1_5,8,repeat_5.3,3358.66,0
276,normal_std30_L2_c1_5,8,repeat_5.4,3360.4,0
276,normal_std30_L2_c1_5,8,repeat_5.5,3366.71,0
276,normal_std30_L2_c1_5,8,repeat_5.6,3368.12,0
276,normal_std30_L2_c1_5,8,repeat_5.7,3371.32,0
276,normal_std30_L2_c1_5,8,repeat_5.8,3374.16,0
276,normal_std30_L2_c1_5,8,repeat_5.9,3374.66,0
276,normal_std30_L2_c1_5,8,repeat_6,3376.82,0
276,normal_std30_L2_c1_5,8,repeat_6.1,3387.44,0
276,normal_std30_L2_c1_5,8,repeat_6.2,3389.0,0
276,normal_std30_L2_c1_5,8,repeat_6.3,3390.72,0
276,normal_std30_L2_c1_5,8,repeat_6.4,3392.94,0
276,normal_std30_L2_c1_5,8,repeat_6.5,3395.14,0
276,normal_std30_L2_c1_5,8,repeat_6.6,3411.7,0
276,normal_std30_L2_c1_5,8,repeat_6.7,3441.5,0
276,normal_std30_L2_c1_5,8,repeat_6.8,3451.02,0
276,normal_std30_L2_c1_5,8,repeat_6.9,3453.68,0
276,normal_std30_L2_c1_5,8,repeat_7,3340.02,0
276,normal_std30_L2_c1_5,8,repeat_7.1,3379.99,0
276,normal_std30_L2_c1_5,8,repeat_7.2,3380.07,0
276,normal_std30_L2_c1_5,8,repeat_7.3,3380.62,0
276,normal_std30_L2_c1_5,8,repeat_7.4,3381.84,0
276,normal_std30_L2_c1_5,8,repeat_7.5,3387.98,0
276,normal_std30_L2_c1_5,8,repeat_7.6,3399.68,0
276,normal_std30_L2_c1_5,8,repeat_7.7,3403.0,0
276,normal_std30_L2_c1_5,8,repeat_7.8,3403.12,0
276,normal_std30_L2_c1_5,8,repeat_7.9,3420.22,0
276,normal_std30_L2_c1_5,8,repeat_8,3379.18,0
276,normal_std30_L2_c1_5,8,repeat_8.1,3444.86,0
276,normal_std30_L2_c1_5,8,repeat_8.2,3470.48,0
276,normal_std30_L2_c1_5,8,repeat_8.3,3485.01,0
276,normal_std30_L2_c1_5,8,repeat_8.4,3496.7,0
276,normal_std30_L2_c1_5,8,repeat_8.5,3605.78,0
276,normal_std30_L2_c1_5,8,repeat_8.6,3618.52,0
276,normal_std30_L2_c1_5,8,repeat_8.7,3618.58,0
276,normal_std30_L2_c1_5,8,repeat_8.8,3619.51,0
276,normal_std30_L2_c1_5,8,repeat_8.9,3623.3,0
276,normal_std30_L2_c1_5,8,repeat_9,3207.13,0
276,normal_std30_L2_c1_5,8,repeat_9.1,3294.68,0
276,normal_std30_L2_c1_5,8,repeat_9.2,3326.39,0
276,normal_std30_L2_c1_5,8,repeat_9.3,3366.72,0
276,normal_std30_L2_c1_5,8,repeat_9.4,3368.38,0
276,normal_std30_L2_c1_5,8,repeat_9.5,3375.25,0
276,normal_std30_L2_c1_5,8,repeat_9.6,3377.37,0
276,normal_std30_L2_c1_5,8,repeat_9.7,3379.09,0
276,normal_std30_L2_c1_5,8,repeat_9.8,3387.72,0
276,normal_std30_L2_c1_5,8,repeat_9.9,3443.39,0
276,normal_std30_L2_c1_5,8,repeat_10,3263.86,0
276,normal_std30_L2_c1_5,8,repeat_10.1,3366.74,0
276,normal_std30_L2_c1_5,8,repeat_10.2,3381.0,0
276,normal_std30_L2_c1_5,8,repeat_10.3,3388.31,0
276,normal_std30_L2_c1_5,8,repeat_10.4,3392.78,0
276,normal_std30_L2_c1_5,8,repeat_10.5,3397.66,0
276,normal_std30_L2_c1_5,8,repeat_10.6,3402.64,0
276,normal_std30_L2_c1_5,8,repeat_10.7,3403.0,0
276,normal_std30_L2_c1_5,8,repeat_10.8,3404.66,0
276,normal_std30_L2_c1_5,8,repeat_10.9,3405.72,0
278,normal_std30_L2_c1_5,9,repeat_1,3262.36,0
278,normal_std30_L2_c1_5,9,repeat_1.1,3338.64,0
278,normal_std30_L2_c1_5,9,repeat_1.2,3338.76,0
278,normal_std30_L2_c1_5,9,repeat_1.3,3340.92,0
278,normal_std30_L2_c1_5,9,repeat_1.4,3351.16,0
278,normal_std30_L2_c1_5,9,repeat_1.5,3354.22,0
278,normal_std30_L2_c1_5,9,repeat_1.6,3358.86,0
278,normal_std30_L2_c1_5,9,repeat_1.7,3358.96,0
278,normal_std30_L2_c1_5,9,repeat_1.8,3361.1,0
278,normal_std30_L2_c1_5,9,repeat_1.9,3364.46,0
278,normal_std30_L2_c1_5,9,repeat_2,3248.16,0
278,normal_std30_L2_c1_5,9,repeat_2.1,3303.88,0
278,normal_std30_L2_c1_5,9,repeat_2.2,3304.3,0
278,normal_std30_L2_c1_5,9,repeat_2.3,3304.82,0
278,normal_std30_L2_c1_5,9,repeat_2.4,3306.06,0
278,normal_std30_L2_c1_5,9,repeat_2.5,3330.74,0
278,normal_std30_L2_c1_5,9,repeat_2.6,3332.36,0
278,normal_std30_L2_c1_5,9,repeat_2.7,3334.7,0
278,normal_std30_L2_c1_5,9,repeat_2.8,3340.06,0
278,normal_std30_L2_c1_5,9,repeat_2.9,3340.6,0
278,normal_std30_L2_c1_5,9,repeat_3,3282.95,0
278,normal_std30_L2_c1_5,9,repeat_3.1,3288.39,0
278,normal_std30_L2_c1_5,9,repeat_3.2,3290.84,0
278,normal_std30_L2_c1_5,9,repeat_3.3,3294.46,0
278,normal_std30_L2_c1_5,9,repeat_3.4,3300.58,0
278,normal_std30_L2_c1_5,9,repeat_3.5,3301.27,0
278,normal_std30_L2_c1_5,9,repeat_3.6,3306.72,0
278,normal_std30_L2_c1_5,9,repeat_3.7,3307.24,0
278,normal_std30_L2_c1_5,9,repeat_3.8,3309.86,0
278,normal_std30_L2_c1_5,9,repeat_3.9,3312.67,0
278,normal_std30_L2_c1_5,9,repeat_4,3375.98,0
278,normal_std30_L2_c1_5,9,repeat_4.1,3376.24,0
278,normal_std30_L2_c1_5,9,repeat_4.2,3377.38,0
278,normal_std30_L2_c1_5,9,repeat_4.3,3377.46,0
278,normal_std30_L2_c1_5,9,repeat_4.4,3378.4,0
278,normal_std30_L2_c1_5,9,repeat_4.5,3378.58,0
278,normal_std30_L2_c1_5,9,repeat_4.6,3379.28,0
278,normal_std30_L2_c1_5,9,repeat_4.7,3379.54,0
278,normal_std30_L2_c1_5,9,repeat_4.8,3380.84,0
278,normal_std30_L2_c1_5,9,repeat_4.9,3381.44,0
278,normal_std30_L2_c1_5,9,repeat_5,3280.72,0
278,normal_std30_L2_c1_5,9,repeat_5.1,3347.22,0
278,normal_std30_L2_c1_5,9,repeat_5.2,3352.97,0
278,normal_std30_L2_c1_5,9,repeat_5.3,3358.66,0
278,normal_std30_L2_c1_5,9,repeat_5.4,3360.15,0
278,normal_std30_L2_c1_5,9,repeat_5.5,3360.4,0
278,normal_std30_L2_c1_5,9,repeat_5.6,3366.71,0
278,normal_std30_L2_c1_5,9,repeat_5.7,3366.94,0
278,normal_std30_L2_c1_5,9,repeat_5.8,3368.12,0
278,normal_std30_L2_c1_5,9,repeat_5.9,3369.14,0
278,normal_std30_L2_c1_5,9,repeat_6,3376.82,0
278,normal_std30_L2_c1_5,9,repeat_6.1,3383.02,0
278,normal_std30_L2_c1_5,9,repeat_6.2,3383.48,0
278,normal_std30_L2_c1_5,9,repeat_6.3,3384.8,0
278,normal_std30_L2_c1_5,9,repeat_6.4,3387.44,0
278,normal_std30_L2_c1_5,9,repeat_6.5,3388.82,0
278,normal_std30_L2_c1_5,9,repeat_6.6,3389.0,0
278,normal_std30_L2_c1_5,9,repeat_6.7,3390.72,0
278,normal_std30_L2_c1_5,9,repeat_6.8,3392.94,0
278,normal_std30_L2_c1_5,9,repeat_6.9,3395.14,0
278,normal_std30_L2_c1_5,9,repeat_7,3275.96,0
278,normal_std30_L2_c1_5,9,repeat_7.1,3340.02,0
278,normal_std30_L2_c1_5,9,repeat_7.2,3379.99,0
278,normal_std30_L2_c1_5,9,repeat_7.3,3380.07,0
278,normal_std30_L2_c1_5,9,repeat_7.4,3380.62,0
278,normal_std30_L2_c1_5,9,repeat_7.5,3381.64,0
278,normal_std30_L2_c1_5,9,repeat_7.6,3381.84,0
278,normal_std30_L2_c1_5,9,repeat_7.7,3387.98,0
278,normal_std30_L2_c1_5,9,repeat_7.8,3390.26,0
278,normal_std30_L2_c1_5,9,repeat_7.9,3399.68,0
278,normal_std30_L2_c1_5,9,repeat_8,3379.18,0
278,normal_std30_L2_c1_5,9,repeat_8.1,3444.86,0
278,normal_std30_L2_c1_5,9,repeat_8.2,3470.48,0
278,normal_std30_L2_c1_5,9,repeat_8.3,3485.01,0
278,normal_std30_L2_c1_5,9,repeat_8.4,3496.7,0
278,normal_std30_L2_c1_5,9,repeat_8.5,3605.78,0
278,normal_std30_L2_c1_5,9,repeat_8.6,3618.52,0
278,normal_std30_L2_c1_5,9,repeat_8.7,3618.58,0
278,normal_std30_L2_c1_5,9,repeat_8.8,3619.51,0
278,normal_std30_L2_c1_5,9,repeat_8.9,3623.3,0
278,normal_std30_L2_c1_5,9,repeat_9,3207.13,0
278,normal_std30_L2_c1_5,9,repeat_9.1,3294.68,0
278,normal_std30_L2_c1_5,9,repeat_9.2,3326.39,0
278,normal_std30_L2_c1_5,9,repeat_9.3,3366.72,0
278,normal_std30_L2_c1_5,9,repeat_9.4,3368.38,0
278,normal_std30_L2_c1_5,9,repeat_9.5,3375.25,0
278,normal_std30_L2_c1_5,9,repeat_9.6,3377.37,0
278,normal_std30_L2_c1_5,9,repeat_9.7,3379.09,0
278,normal_std30_L2_c1_5,9,repeat_9.8,3387.72,0
278,normal_std30_L2_c1_5,9,repeat_9.9,3443.39,0
278,normal_std30_L2_c1_5,9,repeat_10,3263.86,0
278,normal_std30_L2_c1_5,9,repeat_10.1,3366.74,0
278,normal_std30_L2_c1_5,9,repeat_10.2,3381.0,0
278,normal_std30_L2_c1_5,9,repeat_10.3,3388.31,0
278,normal_std30_L2_c1_5,9,repeat_10.4,3392.78,0
278,normal_std30_L2_c1_5,9,repeat_10.5,3397.66,0
278,normal_std30_L2_c1_5,9,repeat_10.6,3402.64,0
278,normal_std30_L2_c1_5,9,repeat_10.7,3403.0,0
278,normal_std30_L2_c1_5,9,repeat_10.8,3404.66,0
278,normal_std30_L2_c1_5,9,repeat_10.9,3405.72,0
280,normal_std30_L2_c1_5,10,repeat_1,3262.36,0
280,normal_std30_L2_c1_5,10,repeat_1.1,3338.64,0
280,normal_std30_L2_c1_5,10,repeat_1.2,3338.76,0
280,normal_std30_L2_c1_5,10,repeat_1.3,3340.46,0
280,normal_std30_L2_c1_5,10,repeat_1.4,3340.92,0
280,normal_std30_L2_c1_5,10,repeat_1.5,3351.14,0
280,normal_std30_L2_c1_5,10,repeat_1.6,3351.16,0
280,normal_std30_L2_c1_5,10,repeat_1.7,3353.3,0
280,normal_std30_L2_c1_5,10,repeat_1.8,3354.22,0
280,normal_std30_L2_c1_5,10,repeat_1.9,3355.86,0
280,normal_std30_L2_c1_5,10,repeat_2,3248.16,0
280,normal_std30_L2_c1_5,10,repeat_2.1,3267.92,0
280,normal_std30_L2_c1_5,10,repeat_2.2,3303.88,0
280,normal_std30_L2_c1_5,10,repeat_2.3,3304.3,0
280,normal_std30_L2_c1_5,10,repeat_2.4,3304.82,0
280,normal_std30_L2_c1_5,10,repeat_2.5,3306.06,0
280,normal_std30_L2_c1_5,10,repeat_2.6,3313.98,0
280,normal_std30_L2_c1_5,10,repeat_2.7,3330.74,0
280,normal_std30_L2_c1_5,10,repeat_2.8,3332.36,0
280,normal_std30_L2_c1_5,10,repeat_2.9,3333.12,0
280,normal_std30_L2_c1_5,10,repeat_3,3270.53,0
280,normal_std30_L2_c1_5,10,repeat_3.1,3282.95,0
280,normal_std30_L2_c1_5,10,repeat_3.2,3288.39,0
280,normal_std30_L2_c1_5,10,repeat_3.3,3290.84,0
280,normal_std30_L2_c1_5,10,repeat_3.4,3294.46,0
280,normal_std30_L2_c1_5,10,repeat_3.5,3294.64,0
280,normal_std30_L2_c1_5,10,repeat_3.6,3296.37,0
280,normal_std30_L2_c1_5,10,repeat_3.7,3300.58,0
280,normal_std30_L2_c1_5,10,repeat_3.8,3300.58,0
280,normal_std30_L2_c1_5,10,repeat_3.9,3301.27,0
280,normal_std30_L2_c1_5,10,repeat_4,3375.98,0
280,normal_std30_L2_c1_5,10,repeat_4.1,3376.24,0
280,normal_std30_L2_c1_5,10,repeat_4.2,3377.38,0
280,normal_std30_L2_c1_5,10,repeat_4.3,3377.46,0
280,normal_std30_L2_c1_5,10,repeat_4.4,3378.4,0
280,normal_std30_L2_c1_5,10,repeat_4.5,3378.58,0
280,normal_std30_L2_c1_5,10,repeat_4.6,3378.96,0
280,normal_std30_L2_c1_5,10,repeat_4.7,3379.28,0
280,normal_std30_L2_c1_5,10,repeat_4.8,3379.54,0
280,normal_std30_L2_c1_5,10,repeat_4.9,3379.68,0
280,normal_std30_L2_c1_5,10,repeat_5,3229.36,0
280,normal_std30_L2_c1_5,10,repeat_5.1,3280.72,0
280,normal_std30_L2_c1_5,10,repeat_5.2,3332.49,0
280,normal_std30_L2_c1_5,10,repeat_5.3,3347.22,0
280,normal_std30_L2_c1_5,10,repeat_5.4,3349.75,0
280,normal_std30_L2_c1_5,10,repeat_5.5,3352.97,0
280,normal_std30_L2_c1_5,10,repeat_5.6,3352.97,0
280,normal_std30_L2_c1_5,10,repeat_5.7,3358.66,0
280,normal_std30_L2_c1_5,10,repeat_5.8,3360.15,0
280,normal_std30_L2_c1_5,10,repeat_5.9,3360.4,0
280,normal_std30_L2_c1_5,10,repeat_6,3376.82,0
280,normal_std30_L2_c1_5,10,repeat_6.1,3383.02,0
280,normal_std30_L2_c1_5,10,repeat_6.2,3383.48,0
280,normal_std30_L2_c1_5,10,repeat_6.3,3384.8,0
280,normal_std30_L2_c1_5,10,repeat_6.4,3387.44,0
280,normal_std30_L2_c1_5,10,repeat_6.5,3388.82,0
280,normal_std30_L2_c1_5,10,repeat_6.6,3389.0,0
280,normal_std30_L2_c1_5,10,repeat_6.7,3390.72,0
280,normal_std30_L2_c1_5,10,repeat_6.8,3392.94,0
280,normal_std30_L2_c1_5,10,repeat_6.9,3395.14,0
280,normal_std30_L2_c1_5,10,repeat_7,3275.96,0
280,normal_std30_L2_c1_5,10,repeat_7.1,3340.02,0
280,normal_std30_L2_c1_5,10,repeat_7.2,3379.99,0
280,normal_std30_L2_c1_5,10,repeat_7.3,3380.07,0
280,normal_std30_L2_c1_5,10,repeat_7.4,3380.62,0
280,normal_std30_L2_c1_5,10,repeat_7.5,3381.64,0
280,normal_std30_L2_c1_5,10,repeat_7.6,3381.84,0
280,normal_std30_L2_c1_5,10,repeat_7.7,3387.98,0
280,normal_std30_L2_c1_5,10,repeat_7.8,3390.26,0
280,normal_std30_L2_c1_5,10,repeat_7.9,3399.68,0
280,normal_std30_L2_c1_5,10,repeat_8,3379.18,0
280,normal_std30_L2_c1_5,10,repeat_8.1,3392.86,0
280,normal_std30_L2_c1_5,10,repeat_8.2,3444.86,0
280,normal_std30_L2_c1_5,10,repeat_8.3,3447.9,0
280,normal_std30_L2_c1_5,10,repeat_8.4,3470.48,0
280,normal_std30_L2_c1_5,10,repeat_8.5,3476.68,0
280,normal_std30_L2_c1_5,10,repeat_8.6,3485.01,0
280,normal_std30_L2_c1_5,10,repeat_8.7,3492.06,0
280,normal_std30_L2_c1_5,10,repeat_8.8,3494.93,0
280,normal_std30_L2_c1_5,10,repeat_8.9,3496.7,0
280,normal_std30_L2_c1_5,10,repeat_9,3207.13,0
280,normal_std30_L2_c1_5,10,repeat_9.1,3294.68,0
280,normal_std30_L2_c1_5,10,repeat_9.2,3326.39,0
280,normal_std30_L2_c1_5,10,repeat_9.3,3366.72,0
280,normal_std30_L2_c1_5,10,repeat_9.4,3368.38,0
280,normal_std30_L2_c1_5,10,repeat_9.5,3375.25,0
280,normal_std30_L2_c1_5,10,repeat_9.6,3377.37,0
280,normal_std30_L2_c1_5,10,repeat_9.7,3379.09,0
280,normal_std30_L2_c1_5,10,repeat_9.8,3387.72,0
280,normal_std30_L2_c1_5,10,repeat_9.9,3443.39,0
280,normal_std30_L2_c1_5,10,repeat_10,3263.86,0
280,normal_std30_L2_c1_5,10,repeat_10.1,3366.74,0
280,normal_std30_L2_c1_5,10,repeat_10.2,3381.0,0
280,normal_std30_L2_c1_5,10,repeat_10.3,3388.31,0
280,normal_std30_L2_c1_5,10,repeat_10.4,3392.78,0
280,normal_std30_L2_c1_5,10,repeat_10.5,3397.66,0
280,normal_std30_L2_c1_5,10,repeat_10.6,3402.64,0
280,normal_std30_L2_c1_5,10,repeat_10.7,3403.0,0
280,normal_std30_L2_c1_5,10,repeat_10.8,3404.66,0
280,normal_std30_L2_c1_5,10,repeat_10.9,3405.72,0
282,normal_std30_L4_c1_2,1,repeat_1.4,3442.24,0
282,normal_std30_L4_c1_2,1,repeat_1.5,3463.28,0
282,normal_std30_L4_c1_2,1,repeat_1.6,3641.92,0
282,normal_std30_L4_c1_2,1,repeat_1.7,4202.76,0
282,normal_std30_L4_c1_2,1,repeat_2,2405.6,0
282,normal_std30_L4_c1_2,1,repeat_2.1,3154.92,0
282,normal_std30_L4_c1_2,1,repeat_3.1,3032.6,0
282,normal_std30_L4_c1_2,1,repeat_3.4,3252.7,0
282,normal_std30_L4_c1_2,1,repeat_3.5,3254.22,0
282,normal_std30_L4_c1_2,1,repeat_3.6,3254.62,0
282,normal_std30_L4_c1_2,1,repeat_3.7,3534.6,0
282,normal_std30_L4_c1_2,1,repeat_3.8,7579.18,0
282,normal_std30_L4_c1_2,1,repeat_3.9,574272.06,0
282,normal_std30_L4_c1_2,1,repeat_4,2853.99,0
282,normal_std30_L4_c1_2,1,repeat_4.7,3378.24,0
282,normal_std30_L4_c1_2,1,repeat_4.8,3443.16,0
282,normal_std30_L4_c1_2,1,repeat_4.9,8164.98,0
282,normal_std30_L4_c1_2,1,repeat_5.6,3297.04,0
282,normal_std30_L4_c1_2,1,repeat_5.7,3389.08,0
282,normal_std30_L4_c1_2,1,repeat_5.8,7232.14,0
282,normal_std30_L4_c1_2,1,repeat_6,3105.84,0
282,normal_std30_L4_c1_2,1,repeat_6.5,3434.57,0
282,normal_std30_L4_c1_2,1,repeat_6.6,3610.6,0
282,normal_std30_L4_c1_2,1,repeat_6.7,4441.5,0
282,normal_std30_L4_c1_2,1,repeat_6.8,9796.31,0
282,normal_std30_L4_c1_2,1,repeat_7.1,2582.65,0
282,normal_std30_L4_c1_2,1,repeat_7.2,2798.53,0
282,normal_std30_L4_c1_2,1,repeat_7.5,3254.57,0
282,normal_std30_L4_c1_2,1,repeat_7.6,4099.66,0
282,normal_std30_L4_c1_2,1,repeat_7.7,5488.64,0
282,normal_std30_L4_c1_2,1,repeat_8.1,2798.53,0
282,normal_std30_L4_c1_2,1,repeat_8.3,3387.5,0
282,normal_std30_L4_c1_2,1,repeat_8.4,3605.38,0
282,normal_std30_L4_c1_2,1,repeat_8.5,4730.93,0
282,normal_std30_L4_c1_2,1,repeat_8.6,5557.85,0
282,normal_std30_L4_c1_2,1,repeat_8.7,9885.52,0
282,normal_std30_L4_c1_2,1,repeat_9.1,2184.35,0
282,normal_std30_L4_c1_2,1,repeat_9.3,2298.68,0
282,normal_std30_L4_c1_2,1,repeat_9.4,2458.5,0
282,normal_std30_L4_c1_2,1,repeat_9.8,5098.06,0
282,normal_std30_L4_c1_2,1,repeat_10.2,3316.3,0
282,normal_std30_L4_c1_2,1,repeat_10.3,3337.14,0
282,normal_std30_L4_c1_2,1,repeat_10.4,3492.0,0
282,normal_std30_L4_c1_2,1,repeat_10.5,5370.52,0
282,normal_std30_L4_c1_2,1,repeat_10.6,9885.52,0
282,normal_std30_L4_c1_2,1,repeat_10.7,16238.68,0
284,normal_std30_L4_c1_2,2,repeat_1,2357.86,0
284,normal_std30_L4_c1_2,2,repeat_1.1,2562.4,0
284,normal_std30_L4_c1_2,2,repeat_2,2405.6,0
284,normal_std30_L4_c1_2,2,repeat_2.1,2528.5,0
284,normal_std30_L4_c1_2,2,repeat_2.2,2988.0,0
284,normal_std30_L4_c1_2,2,repeat_2.3,3154.92,0
284,normal_std30_L4_c1_2,2,repeat_3.1,2742.76,0
284,normal_std30_L4_c1_2,2,repeat_3.2,2971.62,0
284,normal_std30_L4_c1_2,2,repeat_3.3,3032.6,0
284,normal_std30_L4_c1_2,2,repeat_3.4,3147.22,0
284,normal_std30_L4_c1_2,2,repeat_3.5,3154.29,0
284,normal_std30_L4_c1_2,2,repeat_4,2188.48,0
284,normal_std30_L4_c1_2,2,repeat_4.1,2825.58,0
284,normal_std30_L4_c1_2,2,repeat_4.2,2853.99,0
284,normal_std30_L4_c1_2,2,repeat_4.3,3111.96,0
284,normal_std30_L4_c1_2,2,repeat_5,2725.3,0
284,normal_std30_L4_c1_2,2,repeat_5.1,2754.24,0
284,normal_std30_L4_c1_2,2,repeat_6,2506.08,0
284,normal_std30_L4_c1_2,2,repeat_6.1,2718.28,0
284,normal_std30_L4_c1_2,2,repeat_6.2,3105.84,0
284,normal_std30_L4_c1_2,2,repeat_6.3,3170.07,0
284,normal_std30_L4_c1_2,2,repeat_7.7,2582.65,0
284,normal_std30_L4_c1_2,2,repeat_7.8,2623.74,0
284,normal_std30_L4_c1_2,2,repeat_7.9,2694.3,0
284,normal_std30_L4_c1_2,2,repeat_8.1,2798.53,0
284,normal_std30_L4_c1_2,2,repeat_8.3,3387.5,0
284,normal_std30_L4_c1_2,2,repeat_8.4,3605.38,0
284,normal_std30_L4_c1_2,2,repeat_8.5,4730.93,0
284,normal_std30_L4_c1_2,2,repeat_8.6,5557.85,0
284,normal_std30_L4_c1_2,2,repeat_8.7,9885.52,0
284,normal_std30_L4_c1_2,2,repeat_9.2,2184.35,0
284,normal_std30_L4_c1_2,2,repeat_9.3,2185.01,0
284,normal_std30_L4_c1_2,2,repeat_9.6,2298.68,0
284,normal_std30_L4_c1_2,2,repeat_9.7,2322.1,0
284,normal_std30_L4_c1_2,2,repeat_9.8,2458.5,0
284,normal_std30_L4_c1_2,2,repeat_9.9,2494.33,0
284,normal_std30_L4_c1_2,2,repeat_10.1,2607.32,0
284,normal_std30_L4_c1_2,2,repeat_10.2,2672.52,0
284,normal_std30_L4_c1_2,2,repeat_10.3,2730.88,0
284,normal_std30_L4_c1_2,2,repeat_10.4,2774.1,0
284,normal_std30_L4_c1_2,2,repeat_10.5,2862.66,0
284,normal_std30_L4_c1_2,2,repeat_10.9,3316.3,0
286,normal_std30_L4_c1_2,3,repeat_1.2,2301.88,0
286,normal_std30_L4_c1_2,3,repeat_1.3,2357.86,0
286,normal_std30_L4_c1_2,3,repeat_1.4,2562.4,0
286,normal_std30_L4_c1_2,3,repeat_1.5,2668.0,0
286,normal_std30_L4_c1_2,3,repeat_2.1,2405.6,0
286,normal_std30_L4_c1_2,3,repeat_2.2,2528.5,0
286,normal_std30_L4_c1_2,3,repeat_2.3,2614.72,0
286,normal_std30_L4_c1_2,3,repeat_2.4,2702.5,0
286,normal_std30_L4_c1_2,3,repeat_2.5,2781.82,0
286,normal_std30_L4_c1_2,3,repeat_2.6,2988.0,0
286,normal_std30_L4_c1_2,3,repeat_2.7,3154.92,0
286,normal_std30_L4_c1_2,3,repeat_3.1,2569.0,0
286,normal_std30_L4_c1_2,3,repeat_3.2,2742.76,0
286,normal_std30_L4_c1_2,3,repeat_3.3,2761.56,0
286,normal_std30_L4_c1_2,3,repeat_3.4,2880.63,0
286,normal_std30_L4_c1_2,3,repeat_3.5,2971.62,0
286,normal_std30_L4_c1_2,3,repeat_3.6,3032.6,0
286,normal_std30_L4_c1_2,3,repeat_3.7,3147.22,0
286,normal_std30_L4_c1_2,3,repeat_3.8,3154.29,0
286,normal_std30_L4_c1_2,3,repeat_4,2188.48,0
286,normal_std30_L4_c1_2,3,repeat_4.1,2383.96,0
286,normal_std30_L4_c1_2,3,repeat_4.2,2562.56,0
286,normal_std30_L4_c1_2,3,repeat_4.3,2825.58,0
286,normal_std30_L4_c1_2,3,repeat_4.4,2848.4,0
286,normal_std30_L4_c1_2,3,repeat_4.5,2853.99,0
286,normal_std30_L4_c1_2,3,repeat_4.6,2937.94,0
286,normal_std30_L4_c1_2,3,repeat_4.7,3111.96,0
286,normal_std30_L4_c1_2,3,repeat_5,2296.96,0
286,normal_std30_L4_c1_2,3,repeat_5.1,2351.36,0
286,normal_std30_L4_c1_2,3,repeat_5.2,2494.48,0
286,normal_std30_L4_c1_2,3,repeat_5.3,2684.76,0
286,normal_std30_L4_c1_2,3,repeat_5.4,2725.3,0
286,normal_std30_L4_c1_2,3,repeat_5.5,2754.24,0
286,normal_std30_L4_c1_2,3,repeat_6,2411.5,0
286,normal_std30_L4_c1_2,3,repeat_6.1,2416.94,0
286,normal_std30_L4_c1_2,3,repeat_6.2,2506.08,0
286,normal_std30_L4_c1_2,3,repeat_6.3,2509.42,0
286,normal_std30_L4_c1_2,3,repeat_6.4,2718.28,0
286,normal_std30_L4_c1_2,3,repeat_6.5,2795.96,0
286,normal_std30_L4_c1_2,3,repeat_6.6,2807.42,0
286,normal_std30_L4_c1_2,3,repeat_6.7,2935.56,0
286,normal_std30_L4_c1_2,3,repeat_6.8,3105.84,0
286,normal_std30_L4_c1_2,3,repeat_6.9,3170.07,0
286,normal_std30_L4_c1_2,3,repeat_8.1,2765.0,0
286,normal_std30_L4_c1_2,3,repeat_8.2,2798.53,0
286,normal_std30_L4_c1_2,3,repeat_8.3,2808.58,0
286,normal_std30_L4_c1_2,3,repeat_8.4,3067.02,0
286,normal_std30_L4_c1_2,3,repeat_8.6,3387.5,0
286,normal_std30_L4_c1_2,3,repeat_8.7,3405.66,0
286,normal_std30_L4_c1_2,3,repeat_8.8,3438.28,0
286,normal_std30_L4_c1_2,3,repeat_8.9,3605.38,0
286,normal_std30_L4_c1_2,3,repeat_9.3,2171.85,0
286,normal_std30_L4_c1_2,3,repeat_9.4,2184.35,0
286,normal_std30_L4_c1_2,3,repeat_9.5,2185.01,0
286,normal_std30_L4_c1_2,3,repeat_9.8,2298.68,0
286,normal_std30_L4_c1_2,3,repeat_9.9,2322.1,0
286,normal_std30_L4_c1_2,3,repeat_10.1,2607.32,0
286,normal_std30_L4_c1_2,3,repeat_10.2,2672.52,0
286,normal_std30_L4_c1_2,3,repeat_10.3,2730.88,0
286,normal_std30_L4_c1_2,3,repeat_10.4,2774.1,0
286,normal_std30_L4_c1_2,3,repeat_10.5,2862.66,0
286,normal_std30_L4_c1_2,3,repeat_10.9,3316.3,0
288,normal_std30_L4_c1_2,4,repeat_1.4,2235.6,0
288,normal_std30_L4_c1_2,4,repeat_1.5,2237.74,0
288,normal_std30_L4_c1_2,4,repeat_1.6,2256.92,0
288,normal_std30_L4_c1_2,4,repeat_1.7,2258.96,0
288,normal_std30_L4_c1_2,4,repeat_1.8,2301.88,0
288,normal_std30_L4_c1_2,4,repeat_1.9,2357.86,0
288,normal_std30_L4_c1_2,4,repeat_2.1,2290.43,0
288,normal_std30_L4_c1_2,4,repeat_2.2,2405.6,0
288,normal_std30_L4_c1_2,4,repeat_2.3,2528.5,0
288,normal_std30_L4_c1_2,4,repeat_2.4,2532.98,0
288,normal_std30_L4_c1_2,4,repeat_2.5,2614.72,0
288,normal_std30_L4_c1_2,4,repeat_2.6,2702.5,0
288,normal_std30_L4_c1_2,4,repeat_2.7,2781.82,0
288,normal_std30_L4_c1_2,4,repeat_2.8,2929.15,0
288,normal_std30_L4_c1_2,4,repeat_2.9,2988.0,0
288,normal_std30_L4_c1_2,4,repeat_3.1,2569.0,0
288,normal_std30_L4_c1_2,4,repeat_3.2,2622.86,0
288,normal_std30_L4_c1_2,4,repeat_3.3,2695.06,0
288,normal_std30_L4_c1_2,4,repeat_3.4,2742.76,0
288,normal_std30_L4_c1_2,4,repeat_3.5,2761.56,0
288,normal_std30_L4_c1_2,4,repeat_3.6,2788.78,0
288,normal_std30_L4_c1_2,4,repeat_3.7,2880.63,0
288,normal_std30_L4_c1_2,4,repeat_3.8,2971.62,0
288,normal_std30_L4_c1_2,4,repeat_3.9,3004.04,0
288,normal_std30_L4_c1_2,4,repeat_4,2188.48,0
288,normal_std30_L4_c1_2,4,repeat_4.1,2383.96,0
288,normal_std30_L4_c1_2,4,repeat_4.2,2562.56,0
288,normal_std30_L4_c1_2,4,repeat_4.3,2825.58,0
288,normal_std30_L4_c1_2,4,repeat_4.4,2848.4,0
288,normal_std30_L4_c1_2,4,repeat_4.5,2853.99,0
288,normal_std30_L4_c1_2,4,repeat_4.6,2937.94,0
288,normal_std30_L4_c1_2,4,repeat_4.7,3111.96,0
288,normal_std30_L4_c1_2,4,repeat_5,2296.96,0
288,normal_std30_L4_c1_2,4,repeat_5.1,2351.36,0
288,normal_std30_L4_c1_2,4,repeat_5.2,2494.48,0
288,normal_std30_L4_c1_2,4,repeat_5.3,2684.76,0
288,normal_std30_L4_c1_2,4,repeat_5.4,2725.3,0
288,normal_std30_L4_c1_2,4,repeat_5.5,2754.24,0
288,normal_std30_L4_c1_2,4,repeat_6.1,2351.13,0
288,normal_std30_L4_c1_2,4,repeat_6.2,2360.18,0
288,normal_std30_L4_c1_2,4,repeat_6.3,2411.5,0
288,normal_std30_L4_c1_2,4,repeat_6.4,2416.94,0
288,normal_std30_L4_c1_2,4,repeat_6.5,2506.08,0
288,normal_std30_L4_c1_2,4,repeat_6.6,2509.42,0
288,normal_std30_L4_c1_2,4,repeat_6.7,2537.2,0
288,normal_std30_L4_c1_2,4,repeat_6.8,2718.28,0
288,normal_std30_L4_c1_2,4,repeat_6.9,2734.78,0
288,normal_std30_L4_c1_2,4,repeat_8.1,2765.0,0
288,normal_std30_L4_c1_2,4,repeat_8.2,2798.53,0
288,normal_std30_L4_c1_2,4,repeat_8.3,2808.58,0
288,normal_std30_L4_c1_2,4,repeat_8.4,3067.02,0
288,normal_std30_L4_c1_2,4,repeat_8.6,3387.5,0
288,normal_std30_L4_c1_2,4,repeat_8.7,3405.66,0
288,normal_std30_L4_c1_2,4,repeat_8.8,3438.28,0
288,normal_std30_L4_c1_2,4,repeat_8.9,3605.38,0
288,normal_std30_L4_c1_2,4,repeat_9.4,2171.85,0
288,normal_std30_L4_c1_2,4,repeat_9.5,2184.35,0
288,normal_std30_L4_c1_2,4,repeat_9.6,2185.01,0
288,normal_std30_L4_c1_2,4,repeat_9.7,2185.02,0
288,normal_std30_L4_c1_2,4,repeat_9.8,2186.88,0
288,normal_std30_L4_c1_2,4,repeat_10.1,2179.87,0
288,normal_std30_L4_c1_2,4,repeat_10.3,2607.32,0
288,normal_std30_L4_c1_2,4,repeat_10.4,2672.52,0
288,normal_std30_L4_c1_2,4,repeat_10.5,2730.88,0
288,normal_std30_L4_c1_2,4,repeat_10.6,2774.1,0
288,normal_std30_L4_c1_2,4,repeat_10.7,2862.66,0
288,normal_std30_L4_c1_2,4,repeat_10.8,2904.88,0
288,normal_std30_L4_c1_2,4,repeat_10.9,2978.6,0
290,normal_std30_L4_c1_2,5,repeat_1.4,2235.6,0
290,normal_std30_L4_c1_2,5,repeat_1.5,2237.74,0
290,normal_std30_L4_c1_2,5,repeat_1.6,2256.92,0
290,normal_std30_L4_c1_2,5,repeat_1.7,2258.96,0
290,normal_std30_L4_c1_2,5,repeat_1.8,2301.88,0
290,normal_std30_L4_c1_2,5,repeat_1.9,2357.86,0
290,normal_std30_L4_c1_2,5,repeat_2.2,2247.86,0
290,normal_std30_L4_c1_2,5,repeat_2.3,2251.53,0
290,normal_std30_L4_c1_2,5,repeat_2.4,2290.43,0
290,normal_std30_L4_c1_2,5,repeat_2.5,2405.6,0
290,normal_std30_L4_c1_2,5,repeat_2.6,2528.5,0
290,normal_std30_L4_c1_2,5,repeat_2.7,2530.14,0
290,normal_std30_L4_c1_2,5,repeat_2.8,2532.98,0
290,normal_std30_L4_c1_2,5,repeat_2.9,2614.72,0
290,normal_std30_L4_c1_2,5,repeat_3.1,2523.32,0
290,normal_std30_L4_c1_2,5,repeat_3.2,2569.0,0
290,normal_std30_L4_c1_2,5,repeat_3.3,2622.86,0
290,normal_std30_L4_c1_2,5,repeat_3.4,2690.66,0
290,normal_std30_L4_c1_2,5,repeat_3.5,2695.06,0
290,normal_std30_L4_c1_2,5,repeat_3.6,2729.8,0
290,normal_std30_L4_c1_2,5,repeat_3.7,2742.76,0
290,normal_std30_L4_c1_2,5,repeat_3.8,2761.56,0
290,normal_std30_L4_c1_2,5,repeat_3.9,2788.78,0
290,normal_std30_L4_c1_2,5,repeat_4,2188.48,0
290,normal_std30_L4_c1_2,5,repeat_4.1,2331.88,0
290,normal_std30_L4_c1_2,5,repeat_4.2,2362.22,0
290,normal_std30_L4_c1_2,5,repeat_4.3,2383.96,0
290,normal_std30_L4_c1_2,5,repeat_4.4,2394.3,0
290,normal_std30_L4_c1_2,5,repeat_4.5,2450.68,0
290,normal_std30_L4_c1_2,5,repeat_4.6,2562.56,0
290,normal_std30_L4_c1_2,5,repeat_4.7,2630.66,0
290,normal_std30_L4_c1_2,5,repeat_4.8,2767.06,0
290,normal_std30_L4_c1_2,5,repeat_4.9,2825.58,0
290,normal_std30_L4_c1_2,5,repeat_5,2296.96,0
290,normal_std30_L4_c1_2,5,repeat_5.1,2322.0,0
290,normal_std30_L4_c1_2,5,repeat_5.2,2324.42,0
290,normal_std30_L4_c1_2,5,repeat_5.3,2351.36,0
290,normal_std30_L4_c1_2,5,repeat_5.4,2494.48,0
290,normal_std30_L4_c1_2,5,repeat_5.5,2602.28,0
290,normal_std30_L4_c1_2,5,repeat_5.6,2684.76,0
290,normal_std30_L4_c1_2,5,repeat_5.7,2725.3,0
290,normal_std30_L4_c1_2,5,repeat_5.8,2754.24,0
290,normal_std30_L4_c1_2,5,repeat_5.9,2762.34,0
290,normal_std30_L4_c1_2,5,repeat_6.2,2262.15,0
290,normal_std30_L4_c1_2,5,repeat_6.3,2348.49,0
290,normal_std30_L4_c1_2,5,repeat_6.4,2348.52,0
290,normal_std30_L4_c1_2,5,repeat_6.5,2348.56,0
290,normal_std30_L4_c1_2,5,repeat_6.6,2351.13,0
290,normal_std30_L4_c1_2,5,repeat_6.7,2360.18,0
290,normal_std30_L4_c1_2,5,repeat_6.8,2411.5,0
290,normal_std30_L4_c1_2,5,repeat_6.9,2416.94,0
290,normal_std30_L4_c1_2,5,repeat_8.1,2450.18,0
290,normal_std30_L4_c1_2,5,repeat_8.2,2471.26,0
290,normal_std30_L4_c1_2,5,repeat_8.3,2765.0,0
290,normal_std30_L4_c1_2,5,repeat_8.4,2798.53,0
290,normal_std30_L4_c1_2,5,repeat_8.5,2808.58,0
290,normal_std30_L4_c1_2,5,repeat_8.6,2856.06,0
290,normal_std30_L4_c1_2,5,repeat_8.7,2914.0,0
290,normal_std30_L4_c1_2,5,repeat_8.8,2940.22,0
290,normal_std30_L4_c1_2,5,repeat_8.9,3067.02,0
290,normal_std30_L4_c1_2,5,repeat_9.4,2171.85,0
290,normal_std30_L4_c1_2,5,repeat_9.5,2175.39,0
290,normal_std30_L4_c1_2,5,repeat_9.6,2184.35,0
290,normal_std30_L4_c1_2,5,repeat_9.7,2185.01,0
290,normal_std30_L4_c1_2,5,repeat_9.8,2185.02,0
290,normal_std30_L4_c1_2,5,repeat_9.9,2186.88,0
290,normal_std30_L4_c1_2,5,repeat_10.2,2179.87,0
290,normal_std30_L4_c1_2,5,repeat_10.4,2272.02,0
290,normal_std30_L4_c1_2,5,repeat_10.5,2358.34,0
290,normal_std30_L4_c1_2,5,repeat_10.6,2607.32,0
290,normal_std30_L4_c1_2,5,repeat_10.7,2672.52,0
290,normal_std30_L4_c1_2,5,repeat_10.8,2730.88,0
290,normal_std30_L4_c1_2,5,repeat_10.9,2736.72,0
292,normal_std30_L4_c1_2,6,repeat_1.4,2235.6,0
292,normal_std30_L4_c1_2,6,repeat_1.5,2237.74,0
292,normal_std30_L4_c1_2,6,repeat_1.6,2256.92,0
292,normal_std30_L4_c1_2,6,repeat_1.7,2258.96,0
292,normal_std30_L4_c1_2,6,repeat_1.8,2301.88,0
292,normal_std30_L4_c1_2,6,repeat_1.9,2357.86,0
292,normal_std30_L4_c1_2,6,repeat_2.2,2247.86,0
292,normal_std30_L4_c1_2,6,repeat_2.3,2251.53,0
292,normal_std30_L4_c1_2,6,repeat_2.4,2290.43,0
292,normal_std30_L4_c1_2,6,repeat_2.5,2405.6,0
292,normal_std30_L4_c1_2,6,repeat_2.6,2528.5,0
292,normal_std30_L4_c1_2,6,repeat_2.7,2530.14,0
292,normal_std30_L4_c1_2,6,repeat_2.8,2532.98,0
292,normal_std30_L4_c1_2,6,repeat_2.9,2614.72,0
292,normal_std30_L4_c1_2,6,repeat_3.1,2298.68,0
292,normal_std30_L4_c1_2,6,repeat_3.2,2523.32,0
292,normal_std30_L4_c1_2,6,repeat_3.3,2569.0,0
292,normal_std30_L4_c1_2,6,repeat_3.4,2622.86,0
292,normal_std30_L4_c1_2,6,repeat_3.5,2690.66,0
292,normal_std30_L4_c1_2,6,repeat_3.6,2695.06,0
292,normal_std30_L4_c1_2,6,repeat_3.7,2714.08,0
292,normal_std30_L4_c1_2,6,repeat_3.8,2723.76,0
292,normal_std30_L4_c1_2,6,repeat_3.9,2729.8,0
292,normal_std30_L4_c1_2,6,repeat_4.1,2188.48,0
292,normal_std30_L4_c1_2,6,repeat_4.3,2303.58,0
292,normal_std30_L4_c1_2,6,repeat_4.4,2326.68,0
292,normal_std30_L4_c1_2,6,repeat_4.5,2331.88,0
292,normal_std30_L4_c1_2,6,repeat_4.6,2362.22,0
292,normal_std30_L4_c1_2,6,repeat_4.7,2376.16,0
292,normal_std30_L4_c1_2,6,repeat_4.8,2383.96,0
292,normal_std30_L4_c1_2,6,repeat_4.9,2394.3,0
292,normal_std30_L4_c1_2,6,repeat_5,2176.0,0
292,normal_std30_L4_c1_2,6,repeat_5.1,2290.46,0
292,normal_std30_L4_c1_2,6,repeat_5.2,2296.96,0
292,normal_std30_L4_c1_2,6,repeat_5.3,2318.74,0
292,normal_std30_L4_c1_2,6,repeat_5.4,2322.0,0
292,normal_std30_L4_c1_2,6,repeat_5.5,2324.42,0
292,normal_std30_L4_c1_2,6,repeat_5.6,2351.36,0
292,normal_std30_L4_c1_2,6,repeat_5.7,2430.86,0
292,normal_std30_L4_c1_2,6,repeat_5.8,2494.48,0
292,normal_std30_L4_c1_2,6,repeat_5.9,2552.12,0
292,normal_std30_L4_c1_2,6,repeat_6.2,2261.85,0
292,normal_std30_L4_c1_2,6,repeat_6.3,2262.15,0
292,normal_std30_L4_c1_2,6,repeat_6.4,2323.92,0
292,normal_std30_L4_c1_2,6,repeat_6.5,2348.49,0
292,normal_std30_L4_c1_2,6,repeat_6.6,2348.49,0
292,normal_std30_L4_c1_2,6,repeat_6.7,2348.52,0
292,normal_std30_L4_c1_2,6,repeat_6.8,2348.56,0
292,normal_std30_L4_c1_2,6,repeat_6.9,2351.13,0
292,normal_std30_L4_c1_2,6,repeat_8.1,2450.18,0
292,normal_std30_L4_c1_2,6,repeat_8.2,2471.26,0
292,normal_std30_L4_c1_2,6,repeat_8.3,2765.0,0
292,normal_std30_L4_c1_2,6,repeat_8.4,2798.53,0
292,normal_std30_L4_c1_2,6,repeat_8.5,2808.58,0
292,normal_std30_L4_c1_2,6,repeat_8.6,2856.06,0
292,normal_std30_L4_c1_2,6,repeat_8.7,2914.0,0
292,normal_std30_L4_c1_2,6,repeat_8.8,2940.22,0
292,normal_std30_L4_c1_2,6,repeat_8.9,3067.02,0
292,normal_std30_L4_c1_2,6,repeat_9.6,2171.85,0
292,normal_std30_L4_c1_2,6,repeat_9.7,2175.39,0
292,normal_std30_L4_c1_2,6,repeat_9.8,2184.35,0
292,normal_std30_L4_c1_2,6,repeat_9.9,2185.01,0
292,normal_std30_L4_c1_2,6,repeat_10.2,2179.87,0
292,normal_std30_L4_c1_2,6,repeat_10.4,2272.02,0
292,normal_std30_L4_c1_2,6,repeat_10.5,2358.34,0
292,normal_std30_L4_c1_2,6,repeat_10.6,2607.32,0
292,normal_std30_L4_c1_2,6,repeat_10.7,2672.52,0
292,normal_std30_L4_c1_2,6,repeat_10.8,2730.88,0
292,normal_std30_L4_c1_2,6,repeat_10.9,2736.72,0
294,normal_std30_L4_c1_2,7,repeat_1.8,2235.6,0
294,normal_std30_L4_c1_2,7,repeat_1.9,2237.74,0
294,normal_std30_L4_c1_2,7,repeat_2,2186.17,0
294,normal_std30_L4_c1_2,7,repeat_2.4,2243.5,0
294,normal_std30_L4_c1_2,7,repeat_2.5,2244.36,0
294,normal_std30_L4_c1_2,7,repeat_2.6,2247.86,0
294,normal_std30_L4_c1_2,7,repeat_2.7,2251.53,0
294,normal_std30_L4_c1_2,7,repeat_2.8,2253.02,0
294,normal_std30_L4_c1_2,7,repeat_2.9,2290.43,0
294,normal_std30_L4_c1_2,7,repeat_3.1,2298.68,0
294,normal_std30_L4_c1_2,7,repeat_3.2,2320.42,0
294,normal_std30_L4_c1_2,7,repeat_3.3,2351.6,0
294,normal_std30_L4_c1_2,7,repeat_3.4,2378.21,0
294,normal_std30_L4_c1_2,7,repeat_3.5,2515.14,0
294,normal_std30_L4_c1_2,7,repeat_3.6,2523.22,0
294,normal_std30_L4_c1_2,7,repeat_3.7,2523.32,0
294,normal_std30_L4_c1_2,7,repeat_3.8,2569.0,0
294,normal_std30_L4_c1_2,7,repeat_3.9,2622.86,0
294,normal_std30_L4_c1_2,7,repeat_4.2,2180.18,0
294,normal_std30_L4_c1_2,7,repeat_4.3,2188.18,0
294,normal_std30_L4_c1_2,7,repeat_4.4,2188.48,0
294,normal_std30_L4_c1_2,7,repeat_4.6,2272.9,0
294,normal_std30_L4_c1_2,7,repeat_4.7,2303.58,0
294,normal_std30_L4_c1_2,7,repeat_4.8,2326.68,0
294,normal_std30_L4_c1_2,7,repeat_4.9,2331.88,0
294,normal_std30_L4_c1_2,7,repeat_5,2176.0,0
294,normal_std30_L4_c1_2,7,repeat_5.2,2246.84,0
294,normal_std30_L4_c1_2,7,repeat_5.3,2272.06,0
294,normal_std30_L4_c1_2,7,repeat_5.4,2290.46,0
294,normal_std30_L4_c1_2,7,repeat_5.5,2296.96,0
294,normal_std30_L4_c1_2,7,repeat_5.6,2310.58,0
294,normal_std30_L4_c1_2,7,repeat_5.7,2316.9,0
294,normal_std30_L4_c1_2,7,repeat_5.8,2318.74,0
294,normal_std30_L4_c1_2,7,repeat_5.9,2322.0,0
294,normal_std30_L4_c1_2,7,repeat_6.2,2261.85,0
294,normal_std30_L4_c1_2,7,repeat_6.3,2262.15,0
294,normal_std30_L4_c1_2,7,repeat_6.4,2323.92,0
294,normal_std30_L4_c1_2,7,repeat_6.5,2348.49,0
294,normal_std30_L4_c1_2,7,repeat_6.6,2348.49,0
294,normal_std30_L4_c1_2,7,repeat_6.7,2348.52,0
294,normal_std30_L4_c1_2,7,repeat_6.8,2348.56,0
294,normal_std30_L4_c1_2,7,repeat_6.9,2351.13,0
294,normal_std30_L4_c1_2,7,repeat_8.1,2450.18,0
294,normal_std30_L4_c1_2,7,repeat_8.2,2471.26,0
294,normal_std30_L4_c1_2,7,repeat_8.3,2765.0,0
294,normal_std30_L4_c1_2,7,repeat_8.4,2798.53,0
294,normal_std30_L4_c1_2,7,repeat_8.5,2808.58,0
294,normal_std30_L4_c1_2,7,repeat_8.6,2856.06,0
294,normal_std30_L4_c1_2,7,repeat_8.7,2914.0,0
294,normal_std30_L4_c1_2,7,repeat_8.8,2940.22,0
294,normal_std30_L4_c1_2,7,repeat_8.9,3067.02,0
294,normal_std30_L4_c1_2,7,repeat_9.8,2171.85,0
294,normal_std30_L4_c1_2,7,repeat_9.9,2173.32,0
294,normal_std30_L4_c1_2,7,repeat_10.2,2179.87,0
294,normal_std30_L4_c1_2,7,repeat_10.4,2272.02,0
294,normal_std30_L4_c1_2,7,repeat_10.5,2358.34,0
294,normal_std30_L4_c1_2,7,repeat_10.6,2607.32,0
294,normal_std30_L4_c1_2,7,repeat_10.7,2672.52,0
294,normal_std30_L4_c1_2,7,repeat_10.8,2730.88,0
294,normal_std30_L4_c1_2,7,repeat_10.9,2736.72,0
296,normal_std30_L4_c1_2,8,repeat_2,2180.83,0
296,normal_std30_L4_c1_2,8,repeat_2.1,2186.17,0
296,normal_std30_L4_c1_2,8,repeat_2.9,2243.5,0
296,normal_std30_L4_c1_2,8,repeat_3.1,2298.68,0
296,normal_std30_L4_c1_2,8,repeat_3.2,2312.05,0
296,normal_std30_L4_c1_2,8,repeat_3.3,2320.42,0
296,normal_std30_L4_c1_2,8,repeat_3.4,2351.6,0
296,normal_std30_L4_c1_2,8,repeat_3.5,2366.11,0
296,normal_std30_L4_c1_2,8,repeat_3.6,2378.21,0
296,normal_std30_L4_c1_2,8,repeat_3.7,2456.2,0
296,normal_std30_L4_c1_2,8,repeat_3.8,2461.02,0
296,normal_std30_L4_c1_2,8,repeat_3.9,2515.14,0
296,normal_std30_L4_c1_2,8,repeat_4.4,2180.18,0
296,normal_std30_L4_c1_2,8,repeat_4.5,2188.18,0
296,normal_std30_L4_c1_2,8,repeat_4.6,2188.48,0
296,normal_std30_L4_c1_2,8,repeat_5.1,2176.0,0
296,normal_std30_L4_c1_2,8,repeat_5.3,2246.84,0
296,normal_std30_L4_c1_2,8,repeat_5.4,2272.06,0
296,normal_std30_L4_c1_2,8,repeat_5.5,2274.6,0
296,normal_std30_L4_c1_2,8,repeat_5.6,2276.72,0
296,normal_std30_L4_c1_2,8,repeat_5.7,2290.46,0
296,normal_std30_L4_c1_2,8,repeat_5.8,2296.96,0
296,normal_std30_L4_c1_2,8,repeat_5.9,2310.58,0
296,normal_std30_L4_c1_2,8,repeat_6,2188.3,0
296,normal_std30_L4_c1_2,8,repeat_6.3,2261.85,0
296,normal_std30_L4_c1_2,8,repeat_6.4,2262.15,0
296,normal_std30_L4_c1_2,8,repeat_6.5,2290.31,0
296,normal_std30_L4_c1_2,8,repeat_6.6,2311.15,0
296,normal_std30_L4_c1_2,8,repeat_6.7,2323.92,0
296,normal_std30_L4_c1_2,8,repeat_6.8,2348.49,0
296,normal_std30_L4_c1_2,8,repeat_6.9,2348.49,0
296,normal_std30_L4_c1_2,8,repeat_8.1,2450.18,0
296,normal_std30_L4_c1_2,8,repeat_8.2,2471.26,0
296,normal_std30_L4_c1_2,8,repeat_8.3,2765.0,0
296,normal_std30_L4_c1_2,8,repeat_8.4,2798.53,0
296,normal_std30_L4_c1_2,8,repeat_8.5,2808.58,0
296,normal_std30_L4_c1_2,8,repeat_8.6,2856.06,0
296,normal_std30_L4_c1_2,8,repeat_8.7,2914.0,0
296,normal_std30_L4_c1_2,8,repeat_8.8,2940.22,0
296,normal_std30_L4_c1_2,8,repeat_8.9,3067.02,0
296,normal_std30_L4_c1_2,8,repeat_10.4,2179.87,0
296,normal_std30_L4_c1_2,8,repeat_10.6,2234.78,0
296,normal_std30_L4_c1_2,8,repeat_10.7,2272.02,0
296,normal_std30_L4_c1_2,8,repeat_10.8,2277.55,0
296,normal_std30_L4_c1_2,8,repeat_10.9,2347.5,0
298,normal_std30_L4_c1_2,9,repeat_1,2185.68,0
298,normal_std30_L4_c1_2,9,repeat_2,2180.41,0
298,normal_std30_L4_c1_2,9,repeat_2.1,2180.83,0
298,normal_std30_L4_c1_2,9,repeat_2.2,2181.79,0
298,normal_std30_L4_c1_2,9,repeat_2.3,2186.17,0
298,normal_std30_L4_c1_2,9,repeat_3.1,2298.68,0
298,normal_std30_L4_c1_2,9,repeat_3.2,2299.21,0
298,normal_std30_L4_c1_2,9,repeat_3.3,2304.6,0
298,normal_std30_L4_c1_2,9,repeat_3.4,2312.05,0
298,normal_std30_L4_c1_2,9,repeat_3.5,2320.42,0
298,normal_std30_L4_c1_2,9,repeat_3.6,2324.6,0
298,normal_std30_L4_c1_2,9,repeat_3.7,2351.6,0
298,normal_std30_L4_c1_2,9,repeat_3.8,2366.11,0
298,normal_std30_L4_c1_2,9,repeat_3.9,2378.21,0
298,normal_std30_L4_c1_2,9,repeat_4.7,2180.18,0
298,normal_std30_L4_c1_2,9,repeat_4.8,2181.82,0
298,normal_std30_L4_c1_2,9,repeat_4.9,2188.18,0
298,normal_std30_L4_c1_2,9,repeat_5.1,2176.0,0
298,normal_std30_L4_c1_2,9,repeat_5.4,2234.36,0
298,normal_std30_L4_c1_2,9,repeat_5.5,2246.84,0
298,normal_std30_L4_c1_2,9,repeat_5.6,2272.06,0
298,normal_std30_L4_c1_2,9,repeat_5.7,2274.6,0
298,normal_std30_L4_c1_2,9,repeat_5.8,2276.72,0
298,normal_std30_L4_c1_2,9,repeat_5.9,2280.08,0
298,normal_std30_L4_c1_2,9,repeat_6,2188.3,0
298,normal_std30_L4_c1_2,9,repeat_6.3,2261.85,0
298,normal_std30_L4_c1_2,9,repeat_6.4,2262.15,0
298,normal_std30_L4_c1_2,9,repeat_6.5,2290.31,0
298,normal_std30_L4_c1_2,9,repeat_6.6,2311.15,0
298,normal_std30_L4_c1_2,9,repeat_6.7,2323.92,0
298,normal_std30_L4_c1_2,9,repeat_6.8,2348.49,0
298,normal_std30_L4_c1_2,9,repeat_6.9,2348.49,0
298,normal_std30_L4_c1_2,9,repeat_8.3,2450.18,0
298,normal_std30_L4_c1_2,9,repeat_8.4,2471.26,0
298,normal_std30_L4_c1_2,9,repeat_8.5,2524.64,0
298,normal_std30_L4_c1_2,9,repeat_8.6,2675.94,0
298,normal_std30_L4_c1_2,9,repeat_8.7,2760.58,0
298,normal_std30_L4_c1_2,9,repeat_8.8,2765.0,0
298,normal_std30_L4_c1_2,9,repeat_8.9,2782.41,0
300,normal_std30_L4_c1_2,10,repeat_1,2179.56,0
300,normal_std30_L4_c1_2,10,repeat_1.1,2185.68,0
300,normal_std30_L4_c1_2,10,repeat_1.2,2188.14,0
300,normal_std30_L4_c1_2,10,repeat_2,2179.8,0
300,normal_std30_L4_c1_2,10,repeat_2.1,2180.41,0
300,normal_std30_L4_c1_2,10,repeat_2.2,2180.83,0
300,normal_std30_L4_c1_2,10,repeat_2.3,2181.79,0
300,normal_std30_L4_c1_2,10,repeat_2.4,2186.17,0
300,normal_std30_L4_c1_2,10,repeat_3.1,2298.68,0
300,normal_std30_L4_c1_2,10,repeat_3.2,2299.21,0
300,normal_std30_L4_c1_2,10,repeat_3.3,2304.6,0
300,normal_std30_L4_c1_2,10,repeat_3.4,2312.05,0
300,normal_std30_L4_c1_2,10,repeat_3.5,2320.42,0
300,normal_std30_L4_c1_2,10,repeat_3.6,2324.6,0
300,normal_std30_L4_c1_2,10,repeat_3.7,2330.4,0
300,normal_std30_L4_c1_2,10,repeat_3.8,2332.83,0
300,normal_std30_L4_c1_2,10,repeat_3.9,2351.6,0
300,normal_std30_L4_c1_2,10,repeat_5.1,2176.0,0
300,normal_std30_L4_c1_2,10,repeat_5.6,2234.36,0
300,normal_std30_L4_c1_2,10,repeat_5.7,2237.92,0
300,normal_std30_L4_c1_2,10,repeat_5.8,2239.14,0
300,normal_std30_L4_c1_2,10,repeat_5.9,2246.84,0
300,normal_std30_L4_c1_2,10,repeat_6,2188.3,0
300,normal_std30_L4_c1_2,10,repeat_6.3,2261.85,0
300,normal_std30_L4_c1_2,10,repeat_6.4,2262.15,0
300,normal_std30_L4_c1_2,10,repeat_6.5,2290.31,0
300,normal_std30_L4_c1_2,10,repeat_6.6,2311.15,0
300,normal_std30_L4_c1_2,10,repeat_6.7,2323.92,0
300,normal_std30_L4_c1_2,10,repeat_6.8,2348.49,0
300,normal_std30_L4_c1_2,10,repeat_6.9,2348.49,0
300,normal_std30_L4_c1_2,10,repeat_8.5,2412.7,0
300,normal_std30_L4_c1_2,10,repeat_8.6,2448.96,0
300,normal_std30_L4_c1_2,10,repeat_8.7,2450.18,0
300,normal_std30_L4_c1_2,10,repeat_8.8,2471.26,0
300,normal_std30_L4_c1_2,10,repeat_8.9,2505.76,0
302,normal_std30_L4_c1_5,1,repeat_1.1,4278.75,0
302,normal_std30_L4_c1_5,1,repeat_1.2,4388.87,0
302,normal_std30_L4_c1_5,1,repeat_1.8,4782.04,0
302,normal_std30_L4_c1_5,1,repeat_1.9,5110.06,0
302,normal_std30_L4_c1_5,1,repeat_2.3,4595.17,0
302,normal_std30_L4_c1_5,1,repeat_3,4303.86,0
302,normal_std30_L4_c1_5,1,repeat_3.6,4767.76,0
302,normal_std30_L4_c1_5,1,repeat_3.7,9145.61,0
302,normal_std30_L4_c1_5,1,repeat_3.8,24930.3,0
302,normal_std30_L4_c1_5,1,repeat_4.1,4266.3,0
302,normal_std30_L4_c1_5,1,repeat_4.2,4507.31,0
302,normal_std30_L4_c1_5,1,repeat_5.3,4782.04,0
302,normal_std30_L4_c1_5,1,repeat_5.4,4922.05,0
302,normal_std30_L4_c1_5,1,repeat_5.5,4922.05,0
302,normal_std30_L4_c1_5,1,repeat_5.6,5015.04,0
302,normal_std30_L4_c1_5,1,repeat_5.7,5153.76,0
302,normal_std30_L4_c1_5,1,repeat_5.8,6646.94,0
302,normal_std30_L4_c1_5,1,repeat_6.2,4299.9,0
302,normal_std30_L4_c1_5,1,repeat_6.8,5207.38,0
302,normal_std30_L4_c1_5,1,repeat_6.9,6272.38,0
302,normal_std30_L4_c1_5,1,repeat_7.1,4032.8,0
302,normal_std30_L4_c1_5,1,repeat_7.7,4899.68,0
302,normal_std30_L4_c1_5,1,repeat_7.8,4952.88,0
302,normal_std30_L4_c1_5,1,repeat_7.9,5099.68,0
302,normal_std30_L4_c1_5,1,repeat_8.1,4291.16,0
302,normal_std30_L4_c1_5,1,repeat_8.2,4312.2,0
302,normal_std30_L4_c1_5,1,repeat_8.8,4924.59,0
302,normal_std30_L4_c1_5,1,repeat_8.9,5850.16,0
302,normal_std30_L4_c1_5,1,repeat_9.3,4293.36,0
302,normal_std30_L4_c1_5,1,repeat_9.8,5266.04,0
302,normal_std30_L4_c1_5,1,repeat_9.9,7089.53,0
302,normal_std30_L4_c1_5,1,repeat_10.4,4278.07,0
304,normal_std30_L4_c1_5,2,repeat_1.1,4067.68,0
304,normal_std30_L4_c1_5,2,repeat_1.2,4088.64,0
304,normal_std30_L4_c1_5,2,repeat_1.6,4278.75,0
304,normal_std30_L4_c1_5,2,repeat_1.7,4388.87,0
304,normal_std30_L4_c1_5,2,repeat_2.3,4595.17,0
304,normal_std30_L4_c1_5,2,repeat_3.1,4303.86,0
304,normal_std30_L4_c1_5,2,repeat_3.2,4358.83,0
304,normal_std30_L4_c1_5,2,repeat_4.4,4266.3,0
304,normal_std30_L4_c1_5,2,repeat_4.5,4507.31,0
304,normal_std30_L4_c1_5,2,repeat_5.1,4613.22,0
304,normal_std30_L4_c1_5,2,repeat_5.8,4782.04,0
304,normal_std30_L4_c1_5,2,repeat_5.9,4810.56,0
304,normal_std30_L4_c1_5,2,repeat_6.5,4299.9,0
304,normal_std30_L4_c1_5,2,repeat_6.6,4357.22,0
304,normal_std30_L4_c1_5,2,repeat_6.7,4444.6,0
304,normal_std30_L4_c1_5,2,repeat_6.8,4469.67,0
304,normal_std30_L4_c1_5,2,repeat_7.3,4032.8,0
304,normal_std30_L4_c1_5,2,repeat_7.9,4814.82,0
304,normal_std30_L4_c1_5,2,repeat_8.1,4291.16,0
304,normal_std30_L4_c1_5,2,repeat_8.2,4312.2,0
304,normal_std30_L4_c1_5,2,repeat_8.8,4924.59,0
304,normal_std30_L4_c1_5,2,repeat_8.9,5850.16,0
304,normal_std30_L4_c1_5,2,repeat_9.3,4013.68,0
304,normal_std30_L4_c1_5,2,repeat_9.5,4291.16,0
304,normal_std30_L4_c1_5,2,repeat_9.6,4293.36,0
304,normal_std30_L4_c1_5,2,repeat_9.7,4331.98,0
304,normal_std30_L4_c1_5,2,repeat_9.8,4340.9,0
304,normal_std30_L4_c1_5,2,repeat_9.9,4411.96,0
304,normal_std30_L4_c1_5,2,repeat_10.4,4278.07,0
306,normal_std30_L4_c1_5,3,repeat_1.4,4067.68,0
306,normal_std30_L4_c1_5,3,repeat_1.5,4088.64,0
306,normal_std30_L4_c1_5,3,repeat_2.4,4027.06,0
306,normal_std30_L4_c1_5,3,repeat_2.6,4266.86,0
306,normal_std30_L4_c1_5,3,repeat_2.7,4274.77,0
306,normal_std30_L4_c1_5,3,repeat_2.8,4595.17,0
306,normal_std30_L4_c1_5,3,repeat_3.2,4296.47,0
306,normal_std30_L4_c1_5,3,repeat_3.3,4303.86,0
306,normal_std30_L4_c1_5,3,repeat_3.4,4358.83,0
306,normal_std30_L4_c1_5,3,repeat_3.5,4604.32,0
306,normal_std30_L4_c1_5,3,repeat_4.8,4266.3,0
306,normal_std30_L4_c1_5,3,repeat_4.9,4390.28,0
306,normal_std30_L4_c1_5,3,repeat_5.1,4367.71,0
306,normal_std30_L4_c1_5,3,repeat_5.2,4376.66,0
306,normal_std30_L4_c1_5,3,repeat_5.3,4613.22,0
306,normal_std30_L4_c1_5,3,repeat_6.9,4299.9,0
306,normal_std30_L4_c1_5,3,repeat_7.8,4032.8,0
306,normal_std30_L4_c1_5,3,repeat_8.3,4291.16,0
306,normal_std30_L4_c1_5,3,repeat_8.4,4312.2,0
306,normal_std30_L4_c1_5,3,repeat_9.6,4013.68,0
306,normal_std30_L4_c1_5,3,repeat_9.9,4291.16,0
306,normal_std30_L4_c1_5,3,repeat_10.4,4278.07,0
308,normal_std30_L4_c1_5,4,repeat_1.6,4067.68,0
308,normal_std30_L4_c1_5,4,repeat_1.7,4088.64,0
308,normal_std30_L4_c1_5,4,repeat_2.8,4013.62,0
308,normal_std30_L4_c1_5,4,repeat_2.9,4027.06,0
308,normal_std30_L4_c1_5,4,repeat_3.7,4296.47,0
308,normal_std30_L4_c1_5,4,repeat_3.8,4303.86,0
308,normal_std30_L4_c1_5,4,repeat_3.9,4358.83,0
308,normal_std30_L4_c1_5,4,repeat_4.8,4074.92,0
308,normal_std30_L4_c1_5,4,repeat_5.2,4269.46,0
308,normal_std30_L4_c1_5,4,repeat_5.3,4296.58,0
308,normal_std30_L4_c1_5,4,repeat_5.4,4367.71,0
308,normal_std30_L4_c1_5,4,repeat_5.5,4376.66,0
308,normal_std30_L4_c1_5,4,repeat_5.6,4613.22,0
308,normal_std30_L4_c1_5,4,repeat_8.7,4291.16,0
308,normal_std30_L4_c1_5,4,repeat_8.8,4312.2,0
308,normal_std30_L4_c1_5,4,repeat_9.9,4013.68,0
308,normal_std30_L4_c1_5,4,repeat_10.4,4278.07,0
310,normal_std30_L4_c1_5,5,repeat_1.3,3835.34,0
310,normal_std30_L4_c1_5,5,repeat_5.5,4268.08,0
310,normal_std30_L4_c1_5,5,repeat_5.6,4269.46,0
310,normal_std30_L4_c1_5,5,repeat_5.7,4296.58,0
310,normal_std30_L4_c1_5,5,repeat_5.8,4367.71,0
310,normal_std30_L4_c1_5,5,repeat_5.9,4376.66,0
310,normal_std30_L4_c1_5,5,repeat_8.7,4291.16,0
310,normal_std30_L4_c1_5,5,repeat_8.8,4312.2,0
310,normal_std30_L4_c1_5,5,repeat_9.9,4013.68,0
310,normal_std30_L4_c1_5,5,repeat_10.4,4278.07,0
312,normal_std30_L4_c1_5,6,repeat_1,3629.26,0
312,normal_std30_L4_c1_5,6,repeat_1.7,3835.34,0
312,normal_std30_L4_c1_5,6,repeat_5.1,4076.94,0
312,normal_std30_L4_c1_5,6,repeat_5.2,4086.5,0
312,normal_std30_L4_c1_5,6,repeat_8.8,4291.16,0
312,normal_std30_L4_c1_5,6,repeat_8.9,4312.2,0
312,normal_std30_L4_c1_5,6,repeat_9.9,4013.68,0
312,normal_std30_L4_c1_5,6,repeat_10.4,4278.07,0
314,normal_std30_L4_c1_5,7,repeat_1.2,3629.26,0
314,normal_std30_L4_c1_5,7,repeat_5.3,4061.44,0
314,normal_std30_L4_c1_5,7,repeat_5.4,4064.48,0
314,normal_std30_L4_c1_5,7,repeat_5.5,4076.94,0
314,normal_std30_L4_c1_5,7,repeat_5.6,4086.5,0
314,normal_std30_L4_c1_5,7,repeat_8.9,4275.1,0
314,normal_std30_L4_c1_5,7,repeat_9.9,4013.68,0
314,normal_std30_L4_c1_5,7,repeat_10.4,4278.07,0
316,normal_std30_L4_c1_5,8,repeat_1.4,3629.26,0
316,normal_std30_L4_c1_5,8,repeat_1.5,3631.48,0
316,normal_std30_L4_c1_5,8,repeat_5.6,4061.44,0
316,normal_std30_L4_c1_5,8,repeat_5.7,4064.48,0
316,normal_std30_L4_c1_5,8,repeat_5.8,4076.94,0
316,normal_std30_L4_c1_5,8,repeat_5.9,4086.5,0
316,normal_std30_L4_c1_5,8,repeat_8.8,4054.55,0
316,normal_std30_L4_c1_5,8,repeat_9.9,4013.68,0
316,normal_std30_L4_c1_5,8,repeat_10.7,4278.07,0
316,normal_std30_L4_c1_5,8,repeat_10.8,4414.67,0
316,normal_std30_L4_c1_5,8,repeat_10.9,4628.01,0
318,normal_std30_L4_c1_5,9,repeat_1.9,3629.26,0
318,normal_std30_L4_c1_5,9,repeat_3.4,3629.26,0
318,normal_std30_L4_c1_5,9,repeat_8.8,4054.55,0
318,normal_std30_L4_c1_5,9,repeat_9.9,4013.68,0
318,normal_std30_L4_c1_5,9,repeat_10.9,4075.82,0
320,normal_std30_L4_c1_5,10,repeat_3.4,3629.26,0
320,normal_std30_L4_c1_5,10,repeat_8.4,3634.42,0
320,normal_std30_L4_c1_5,10,repeat_8.7,3852.02,0
320,normal_std30_L4_c1_5,10,repeat_9.9,4013.68,0
322,normal_std30_L6_c1_2,1,repeat_1.1,4021.14,0
322,normal_std30_L6_c1_2,1,repeat_1.9,5905.58,0
322,normal_std30_L6_c1_2,1,repeat_2.9,6060.32,0
322,normal_std30_L6_c1_2,1,repeat_3.6,4543.04,0
322,normal_std30_L6_c1_2,1,repeat_3.7,5506.53,0
322,normal_std30_L6_c1_2,1,repeat_3.8,5905.58,0
322,normal_std30_L6_c1_2,1,repeat_4.8,4778.38,0
322,normal_std30_L6_c1_2,1,repeat_4.9,4811.94,0
322,normal_std30_L6_c1_2,1,repeat_5.7,4406.97,0
322,normal_std30_L6_c1_2,1,repeat_5.8,4417.29,0
322,normal_std30_L6_c1_2,1,repeat_5.9,4481.44,0
322,normal_std30_L6_c1_2,1,repeat_6.8,4441.36,0
322,normal_std30_L6_c1_2,1,repeat_6.9,6186.72,0
322,normal_std30_L6_c1_2,1,repeat_8.6,4369.22,0
322,normal_std30_L6_c1_2,1,repeat_8.7,4613.31,0
322,normal_std30_L6_c1_2,1,repeat_9.9,4923.3,0
322,normal_std30_L6_c1_2,1,repeat_10.8,4881.38,0
322,normal_std30_L6_c1_2,1,repeat_10.9,7106.88,0
324,normal_std30_L6_c1_2,2,repeat_1.1,4021.14,0
324,normal_std30_L6_c1_2,2,repeat_3.6,4543.04,0
324,normal_std30_L6_c1_2,2,repeat_3.7,5506.53,0
324,normal_std30_L6_c1_2,2,repeat_3.8,5905.58,0
324,normal_std30_L6_c1_2,2,repeat_4.6,2932.22,0
324,normal_std30_L6_c1_2,2,repeat_4.9,3678.24,0
324,normal_std30_L6_c1_2,2,repeat_5.2,3404.94,0
324,normal_std30_L6_c1_2,2,repeat_6.2,2461.28,0
324,normal_std30_L6_c1_2,2,repeat_6.7,3835.3,0
324,normal_std30_L6_c1_2,2,repeat_7.6,4358.24,0
324,normal_std30_L6_c1_2,2,repeat_7.7,4367.42,0
324,normal_std30_L6_c1_2,2,repeat_7.8,4625.99,0
324,normal_std30_L6_c1_2,2,repeat_7.9,4957.11,0
324,normal_std30_L6_c1_2,2,repeat_8.2,2450.4,0
324,normal_std30_L6_c1_2,2,repeat_8.3,2451.68,0
324,normal_std30_L6_c1_2,2,repeat_8.4,2460.14,0
324,normal_std30_L6_c1_2,2,repeat_9.4,3876.18,0
326,normal_std30_L6_c1_2,3,repeat_1.1,3567.89,0
326,normal_std30_L6_c1_2,3,repeat_1.2,3567.89,0
326,normal_std30_L6_c1_2,3,repeat_1.3,3567.89,0
326,normal_std30_L6_c1_2,3,repeat_1.4,4021.14,0
326,normal_std30_L6_c1_2,3,repeat_3.3,3653.94,0
326,normal_std30_L6_c1_2,3,repeat_4.6,2597.4,0
326,normal_std30_L6_c1_2,3,repeat_4.7,2932.22,0
326,normal_std30_L6_c1_2,3,repeat_5.5,3206.12,0
326,normal_std30_L6_c1_2,3,repeat_5.6,3357.24,0
326,normal_std30_L6_c1_2,3,repeat_5.7,3404.94,0
326,normal_std30_L6_c1_2,3,repeat_5.8,3787.14,0
326,normal_std30_L6_c1_2,3,repeat_6.3,2461.28,0
326,normal_std30_L6_c1_2,3,repeat_6.7,2597.78,0
326,normal_std30_L6_c1_2,3,repeat_6.9,2935.6,0
326,normal_std30_L6_c1_2,3,repeat_7.6,4358.24,0
326,normal_std30_L6_c1_2,3,repeat_7.7,4367.42,0
326,normal_std30_L6_c1_2,3,repeat_7.8,4625.99,0
326,normal_std30_L6_c1_2,3,repeat_7.9,4957.11,0
326,normal_std30_L6_c1_2,3,repeat_8.6,2450.4,0
326,normal_std30_L6_c1_2,3,repeat_8.7,2451.68,0
326,normal_std30_L6_c1_2,3,repeat_8.8,2460.14,0
326,normal_std30_L6_c1_2,3,repeat_8.9,2461.36,0
326,normal_std30_L6_c1_2,3,repeat_9.4,3442.56,0
326,normal_std30_L6_c1_2,3,repeat_9.6,3876.18,0
326,normal_std30_L6_c1_2,3,repeat_10.3,3077.16,0
328,normal_std30_L6_c1_2,4,repeat_1.1,3567.89,0
328,normal_std30_L6_c1_2,4,repeat_1.2,3567.89,0
328,normal_std30_L6_c1_2,4,repeat_1.3,3567.89,0
328,normal_std30_L6_c1_2,4,repeat_1.4,4021.14,0
328,normal_std30_L6_c1_2,4,repeat_2.3,2465.36,0
328,normal_std30_L6_c1_2,4,repeat_3.3,3387.68,0
328,normal_std30_L6_c1_2,4,repeat_3.4,3580.54,0
328,normal_std30_L6_c1_2,4,repeat_3.5,3653.94,0
328,normal_std30_L6_c1_2,4,repeat_3.6,3678.86,0
328,normal_std30_L6_c1_2,4,repeat_4.8,2597.4,0
328,normal_std30_L6_c1_2,4,repeat_4.9,2932.22,0
328,normal_std30_L6_c1_2,4,repeat_5.5,3206.12,0
328,normal_std30_L6_c1_2,4,repeat_5.6,3357.24,0
328,normal_std30_L6_c1_2,4,repeat_5.7,3404.94,0
328,normal_std30_L6_c1_2,4,repeat_5.8,3787.14,0
328,normal_std30_L6_c1_2,4,repeat_6.5,2461.28,0
328,normal_std30_L6_c1_2,4,repeat_7,2727.74,0
328,normal_std30_L6_c1_2,4,repeat_8.7,2450.4,0
328,normal_std30_L6_c1_2,4,repeat_8.8,2451.68,0
328,normal_std30_L6_c1_2,4,repeat_8.9,2460.14,0
328,normal_std30_L6_c1_2,4,repeat_9.4,3442.56,0
328,normal_std30_L6_c1_2,4,repeat_9.6,3876.18,0
328,normal_std30_L6_c1_2,4,repeat_9.7,3907.66,0
328,normal_std30_L6_c1_2,4,repeat_10,2307.46,0
328,normal_std30_L6_c1_2,4,repeat_10.5,3076.5,0
328,normal_std30_L6_c1_2,4,repeat_10.6,3077.16,0
330,normal_std30_L6_c1_2,5,repeat_1.2,3567.89,0
330,normal_std30_L6_c1_2,5,repeat_1.3,3567.89,0
330,normal_std30_L6_c1_2,5,repeat_1.4,3567.89,0
330,normal_std30_L6_c1_2,5,repeat_1.5,3567.89,0
330,normal_std30_L6_c1_2,5,repeat_1.6,3567.89,0
330,normal_std30_L6_c1_2,5,repeat_1.7,3567.91,0
330,normal_std30_L6_c1_2,5,repeat_1.8,3568.12,0
330,normal_std30_L6_c1_2,5,repeat_1.9,3591.99,0
330,normal_std30_L6_c1_2,5,repeat_2.5,2465.36,0
330,normal_std30_L6_c1_2,5,repeat_2.6,2466.78,0
330,normal_std30_L6_c1_2,5,repeat_3.5,3387.68,0
330,normal_std30_L6_c1_2,5,repeat_3.7,3580.54,0
330,normal_std30_L6_c1_2,5,repeat_3.8,3653.94,0
330,normal_std30_L6_c1_2,5,repeat_3.9,3678.86,0
330,normal_std30_L6_c1_2,5,repeat_6.7,2461.28,0
330,normal_std30_L6_c1_2,5,repeat_7,2727.74,0
330,normal_std30_L6_c1_2,5,repeat_8.8,2450.4,0
330,normal_std30_L6_c1_2,5,repeat_8.9,2451.68,0
330,normal_std30_L6_c1_2,5,repeat_9.7,3442.56,0
330,normal_std30_L6_c1_2,5,repeat_9.9,3876.18,0
330,normal_std30_L6_c1_2,5,repeat_10,2307.46,0
330,normal_std30_L6_c1_2,5,repeat_10.5,3076.5,0
330,normal_std30_L6_c1_2,5,repeat_10.6,3077.16,0
332,normal_std30_L6_c1_2,6,repeat_1.2,3567.89,0
332,normal_std30_L6_c1_2,6,repeat_1.3,3567.89,0
332,normal_std30_L6_c1_2,6,repeat_1.4,3567.89,0
332,normal_std30_L6_c1_2,6,repeat_1.5,3567.89,0
332,normal_std30_L6_c1_2,6,repeat_1.6,3567.89,0
332,normal_std30_L6_c1_2,6,repeat_1.7,3567.91,0
332,normal_std30_L6_c1_2,6,repeat_1.8,3568.12,0
332,normal_std30_L6_c1_2,6,repeat_1.9,3591.99,0
332,normal_std30_L6_c1_2,6,repeat_2.9,2460.22,0
332,normal_std30_L6_c1_2,6,repeat_3.3,3072.74,0
332,normal_std30_L6_c1_2,6,repeat_3.8,3387.68,0
332,normal_std30_L6_c1_2,6,repeat_6.7,2461.28,0
332,normal_std30_L6_c1_2,6,repeat_7,2727.74,0
332,normal_std30_L6_c1_2,6,repeat_7.7,3798.39,0
332,normal_std30_L6_c1_2,6,repeat_7.8,3798.39,0
332,normal_std30_L6_c1_2,6,repeat_7.9,3884.34,0
332,normal_std30_L6_c1_2,6,repeat_9.2,2470.44,0
332,normal_std30_L6_c1_2,6,repeat_10,2307.46,0
332,normal_std30_L6_c1_2,6,repeat_10.9,2907.5,0
334,normal_std30_L6_c1_2,7,repeat_1.3,3387.94,0
334,normal_std30_L6_c1_2,7,repeat_1.6,3567.89,0
334,normal_std30_L6_c1_2,7,repeat_1.7,3567.89,0
334,normal_std30_L6_c1_2,7,repeat_1.8,3567.89,0
334,normal_std30_L6_c1_2,7,repeat_1.9,3567.89,0
334,normal_std30_L6_c1_2,7,repeat_2.9,2460.22,0
334,normal_std30_L6_c1_2,7,repeat_3.5,3072.74,0
334,normal_std30_L6_c1_2,7,repeat_6.7,2461.28,0
334,normal_std30_L6_c1_2,7,repeat_7,2727.74,0
334,normal_std30_L6_c1_2,7,repeat_7.2,3218.83,0
334,normal_std30_L6_c1_2,7,repeat_7.4,3407.4,0
334,normal_std30_L6_c1_2,7,repeat_9.3,2470.44,0
334,normal_std30_L6_c1_2,7,repeat_9.4,2471.8,0
334,normal_std30_L6_c1_2,7,repeat_10.2,2307.46,0
334,normal_std30_L6_c1_2,7,repeat_10.5,2589.05,0
336,normal_std30_L6_c1_2,8,repeat_1.7,3346.78,0
336,normal_std30_L6_c1_2,8,repeat_1.8,3387.94,0
336,normal_std30_L6_c1_2,8,repeat_3.2,2460.98,0
336,normal_std30_L6_c1_2,8,repeat_3.4,2927.7,0
336,normal_std30_L6_c1_2,8,repeat_3.8,3072.74,0
336,normal_std30_L6_c1_2,8,repeat_6.7,2461.28,0
336,normal_std30_L6_c1_2,8,repeat_7.2,2307.37,0
336,normal_std30_L6_c1_2,8,repeat_7.3,2310.35,0
336,normal_std30_L6_c1_2,8,repeat_7.4,2727.74,0
336,normal_std30_L6_c1_2,8,repeat_7.6,3218.83,0
336,normal_std30_L6_c1_2,8,repeat_7.9,3407.4,0
336,normal_std30_L6_c1_2,8,repeat_9.4,2470.44,0
336,normal_std30_L6_c1_2,8,repeat_9.5,2471.8,0
336,normal_std30_L6_c1_2,8,repeat_10.2,2307.46,0
336,normal_std30_L6_c1_2,8,repeat_10.5,2589.05,0
338,normal_std30_L6_c1_2,9,repeat_1.1,2455.45,0
338,normal_std30_L6_c1_2,9,repeat_1.2,2464.14,0
338,normal_std30_L6_c1_2,9,repeat_3.7,2460.98,0
338,normal_std30_L6_c1_2,9,repeat_3.9,2585.2,0
338,normal_std30_L6_c1_2,9,repeat_6.7,2461.28,0
338,normal_std30_L6_c1_2,9,repeat_7.2,2307.37,0
338,normal_std30_L6_c1_2,9,repeat_7.3,2310.35,0
338,normal_std30_L6_c1_2,9,repeat_7.4,2727.74,0
338,normal_std30_L6_c1_2,9,repeat_7.6,3218.83,0
338,normal_std30_L6_c1_2,9,repeat_7.9,3407.4,0
338,normal_std30_L6_c1_2,9,repeat_9.6,2470.44,0
338,normal_std30_L6_c1_2,9,repeat_9.7,2471.8,0
338,normal_std30_L6_c1_2,9,repeat_10.7,2307.46,0
340,normal_std30_L6_c1_2,10,repeat_1.1,2455.45,0
340,normal_std30_L6_c1_2,10,repeat_1.2,2463.7,0
340,normal_std30_L6_c1_2,10,repeat_1.3,2464.14,0
340,normal_std30_L6_c1_2,10,repeat_1.4,2472.87,0
340,normal_std30_L6_c1_2,10,repeat_6.7,2461.28,0
340,normal_std30_L6_c1_2,10,repeat_7.3,2307.37,0
340,normal_std30_L6_c1_2,10,repeat_7.4,2310.35,0
340,normal_std30_L6_c1_2,10,repeat_7.7,2449.88,0
340,normal_std30_L6_c1_2,10,repeat_7.8,2610.22,0
340,normal_std30_L6_c1_2,10,repeat_7.9,2727.74,0
340,normal_std30_L6_c1_2,10,repeat_9.8,2451.1,0
340,normal_std30_L6_c1_2,10,repeat_9.9,2454.14,0
340,normal_std30_L6_c1_2,10,repeat_10.7,2307.46,0
342,normal_std30_L6_c1_5,1,repeat_1.7,7218.58,0
342,normal_std30_L6_c1_5,1,repeat_1.8,9937.74,0
342,normal_std30_L6_c1_5,1,repeat_1.9,15613.08,0
342,normal_std30_L6_c1_5,1,repeat_2.5,6135.7,0
342,normal_std30_L6_c1_5,1,repeat_2.6,6382.52,0
342,normal_std30_L6_c1_5,1,repeat_2.7,6464.54,0
342,normal_std30_L6_c1_5,1,repeat_2.8,6550.85,0
342,normal_std30_L6_c1_5,1,repeat_3,3903.54,0
342,normal_std30_L6_c1_5,1,repeat_3.1,4898.09,0
342,normal_std30_L6_c1_5,1,repeat_3.2,5232.28,0
342,normal_std30_L6_c1_5,1,repeat_3.7,6191.4,0
342,normal_std30_L6_c1_5,1,repeat_3.8,6485.36,0
342,normal_std30_L6_c1_5,1,repeat_3.9,9553.54,0
342,normal_std30_L6_c1_5,1,repeat_4,4744.98,0
342,normal_std30_L6_c1_5,1,repeat_4.8,6118.96,0
342,normal_std30_L6_c1_5,1,repeat_4.9,9553.54,0
342,normal_std30_L6_c1_5,1,repeat_6.1,5541.98,0
342,normal_std30_L6_c1_5,1,repeat_6.9,7034.77,0
342,normal_std30_L6_c1_5,1,repeat_7.4,6147.47,0
342,normal_std30_L6_c1_5,1,repeat_7.5,6900.14,0
342,normal_std30_L6_c1_5,1,repeat_7.6,10160.2,0
342,normal_std30_L6_c1_5,1,repeat_8,4846.22,0
342,normal_std30_L6_c1_5,1,repeat_8.6,6247.24,0
342,normal_std30_L6_c1_5,1,repeat_8.7,6562.52,0
342,normal_std30_L6_c1_5,1,repeat_8.8,6864.76,0
342,normal_std30_L6_c1_5,1,repeat_8.9,6924.42,0
342,normal_std30_L6_c1_5,1,repeat_9.9,6349.94,0
342,normal_std30_L6_c1_5,1,repeat_10.7,6349.68,0
342,normal_std30_L6_c1_5,1,repeat_10.8,6350.94,0
342,normal_std30_L6_c1_5,1,repeat_10.9,13468.51,0
344,normal_std30_L6_c1_5,2,repeat_1.4,5189.44,0
344,normal_std30_L6_c1_5,2,repeat_2.9,6135.7,0
344,normal_std30_L6_c1_5,2,repeat_3,3903.54,0
344,normal_std30_L6_c1_5,2,repeat_3.1,4898.09,0
344,normal_std30_L6_c1_5,2,repeat_3.3,5232.28,0
344,normal_std30_L6_c1_5,2,repeat_3.4,5267.74,0
344,normal_std30_L6_c1_5,2,repeat_3.5,5485.58,0
344,normal_std30_L6_c1_5,2,repeat_4.1,4744.98,0
344,normal_std30_L6_c1_5,2,repeat_5.6,6262.85,0
344,normal_std30_L6_c1_5,2,repeat_5.7,6417.78,0
344,normal_std30_L6_c1_5,2,repeat_5.8,6521.64,0
344,normal_std30_L6_c1_5,2,repeat_6.3,5528.74,0
344,normal_std30_L6_c1_5,2,repeat_6.4,5528.74,0
344,normal_std30_L6_c1_5,2,repeat_6.5,5528.74,0
344,normal_std30_L6_c1_5,2,repeat_6.6,5541.98,0
344,normal_std30_L6_c1_5,2,repeat_6.7,5557.16,0
344,normal_std30_L6_c1_5,2,repeat_6.8,5647.28,0
344,normal_std30_L6_c1_5,2,repeat_6.9,5880.31,0
344,normal_std30_L6_c1_5,2,repeat_7.8,6117.78,0
344,normal_std30_L6_c1_5,2,repeat_7.9,6147.47,0
344,normal_std30_L6_c1_5,2,repeat_8.2,4736.26,0
344,normal_std30_L6_c1_5,2,repeat_8.3,4846.22,0
344,normal_std30_L6_c1_5,2,repeat_8.4,4847.96,0
344,normal_std30_L6_c1_5,2,repeat_8.6,5543.22,0
344,normal_std30_L6_c1_5,2,repeat_8.7,5555.42,0
344,normal_std30_L6_c1_5,2,repeat_8.8,5682.02,0
344,normal_std30_L6_c1_5,2,repeat_9.2,4754.38,0
346,normal_std30_L6_c1_5,3,repeat_1.5,4851.52,0
346,normal_std30_L6_c1_5,3,repeat_1.9,5189.44,0
346,normal_std30_L6_c1_5,3,repeat_2,4768.32,0
346,normal_std30_L6_c1_5,3,repeat_3,3903.54,0
346,normal_std30_L6_c1_5,3,repeat_3.1,4206.64,0
346,normal_std30_L6_c1_5,3,repeat_3.2,4898.09,0
346,normal_std30_L6_c1_5,3,repeat_3.3,4955.98,0
346,normal_std30_L6_c1_5,3,repeat_3.5,5147.89,0
346,normal_std30_L6_c1_5,3,repeat_3.6,5232.28,0
346,normal_std30_L6_c1_5,3,repeat_3.7,5267.74,0
346,normal_std30_L6_c1_5,3,repeat_4.3,4146.14,0
346,normal_std30_L6_c1_5,3,repeat_4.4,4744.98,0
346,normal_std30_L6_c1_5,3,repeat_4.5,4942.68,0
346,normal_std30_L6_c1_5,3,repeat_5.7,6146.94,0
346,normal_std30_L6_c1_5,3,repeat_5.8,6262.85,0
346,normal_std30_L6_c1_5,3,repeat_5.9,6417.78,0
346,normal_std30_L6_c1_5,3,repeat_6.4,5526.81,0
346,normal_std30_L6_c1_5,3,repeat_6.5,5528.74,0
346,normal_std30_L6_c1_5,3,repeat_6.6,5528.74,0
346,normal_std30_L6_c1_5,3,repeat_6.7,5528.74,0
346,normal_std30_L6_c1_5,3,repeat_6.8,5541.98,0
346,normal_std30_L6_c1_5,3,repeat_6.9,5554.82,0
346,normal_std30_L6_c1_5,3,repeat_7,3873.11,0
346,normal_std30_L6_c1_5,3,repeat_7.8,4744.32,0
346,normal_std30_L6_c1_5,3,repeat_7.9,5732.41,0
346,normal_std30_L6_c1_5,3,repeat_8.4,4736.26,0
346,normal_std30_L6_c1_5,3,repeat_8.5,4766.2,0
346,normal_std30_L6_c1_5,3,repeat_8.6,4766.54,0
346,normal_std30_L6_c1_5,3,repeat_8.7,4777.7,0
346,normal_std30_L6_c1_5,3,repeat_8.8,4792.48,0
346,normal_std30_L6_c1_5,3,repeat_8.9,4799.5,0
346,normal_std30_L6_c1_5,3,repeat_9.2,3864.34,0
346,normal_std30_L6_c1_5,3,repeat_9.3,3882.02,0
346,normal_std30_L6_c1_5,3,repeat_9.7,4754.38,0
346,normal_std30_L6_c1_5,3,repeat_10.1,4871.31,0
346,normal_std30_L6_c1_5,3,repeat_10.4,5502.64,0
346,normal_std30_L6_c1_5,3,repeat_10.5,5517.4,0
348,normal_std30_L6_c1_5,4,repeat_1.3,4146.74,0
348,normal_std30_L6_c1_5,4,repeat_1.7,4815.14,0
348,normal_std30_L6_c1_5,4,repeat_1.8,4851.52,0
348,normal_std30_L6_c1_5,4,repeat_2,4768.32,0
348,normal_std30_L6_c1_5,4,repeat_3,3898.74,0
348,normal_std30_L6_c1_5,4,repeat_3.1,3903.54,0
348,normal_std30_L6_c1_5,4,repeat_3.2,4206.64,0
348,normal_std30_L6_c1_5,4,repeat_3.3,4286.65,0
348,normal_std30_L6_c1_5,4,repeat_3.5,4898.09,0
348,normal_std30_L6_c1_5,4,repeat_3.6,4955.98,0
348,normal_std30_L6_c1_5,4,repeat_3.7,4970.19,0
348,normal_std30_L6_c1_5,4,repeat_3.9,5119.92,0
348,normal_std30_L6_c1_5,4,repeat_4.4,3877.38,0
348,normal_std30_L6_c1_5,4,repeat_4.5,3908.58,0
348,normal_std30_L6_c1_5,4,repeat_4.9,4146.14,0
348,normal_std30_L6_c1_5,4,repeat_5,3910.44,0
348,normal_std30_L6_c1_5,4,repeat_6,4224.29,0
348,normal_std30_L6_c1_5,4,repeat_6.1,5186.47,0
348,normal_std30_L6_c1_5,4,repeat_6.7,5516.25,0
348,normal_std30_L6_c1_5,4,repeat_6.8,5526.81,0
348,normal_std30_L6_c1_5,4,repeat_6.9,5528.74,0
348,normal_std30_L6_c1_5,4,repeat_7,3867.72,0
348,normal_std30_L6_c1_5,4,repeat_7.1,3873.11,0
348,normal_std30_L6_c1_5,4,repeat_7.2,3874.63,0
348,normal_std30_L6_c1_5,4,repeat_7.3,3884.64,0
348,normal_std30_L6_c1_5,4,repeat_7.4,3893.38,0
348,normal_std30_L6_c1_5,4,repeat_8.6,4557.62,0
348,normal_std30_L6_c1_5,4,repeat_10.4,4871.31,0
348,normal_std30_L6_c1_5,4,repeat_10.5,5293.14,0
348,normal_std30_L6_c1_5,4,repeat_10.8,5472.36,0
348,normal_std30_L6_c1_5,4,repeat_10.9,5502.64,0
350,normal_std30_L6_c1_5,5,repeat_1.3,4131.92,0
350,normal_std30_L6_c1_5,5,repeat_1.4,4146.74,0
350,normal_std30_L6_c1_5,5,repeat_1.5,4163.78,0
350,normal_std30_L6_c1_5,5,repeat_1.6,4503.97,0
350,normal_std30_L6_c1_5,5,repeat_2.1,4768.32,0
350,normal_std30_L6_c1_5,5,repeat_2.2,5690.4,0
350,normal_std30_L6_c1_5,5,repeat_3.1,3898.74,0
350,normal_std30_L6_c1_5,5,repeat_3.2,3903.54,0
350,normal_std30_L6_c1_5,5,repeat_3.3,4206.64,0
350,normal_std30_L6_c1_5,5,repeat_3.4,4285.24,0
350,normal_std30_L6_c1_5,5,repeat_3.5,4286.65,0
350,normal_std30_L6_c1_5,5,repeat_3.8,4898.09,0
350,normal_std30_L6_c1_5,5,repeat_3.9,4955.98,0
350,normal_std30_L6_c1_5,5,repeat_4.5,3868.4,0
350,normal_std30_L6_c1_5,5,repeat_4.6,3877.38,0
350,normal_std30_L6_c1_5,5,repeat_4.7,3907.7,0
350,normal_std30_L6_c1_5,5,repeat_4.8,3908.58,0
350,normal_std30_L6_c1_5,5,repeat_5,3910.44,0
350,normal_std30_L6_c1_5,5,repeat_5.5,5241.98,0
350,normal_std30_L6_c1_5,5,repeat_6,3914.95,0
350,normal_std30_L6_c1_5,5,repeat_6.6,4224.29,0
350,normal_std30_L6_c1_5,5,repeat_6.7,5186.47,0
350,normal_std30_L6_c1_5,5,repeat_7,3867.72,0
350,normal_std30_L6_c1_5,5,repeat_7.1,3872.35,0
350,normal_std30_L6_c1_5,5,repeat_7.2,3873.11,0
350,normal_std30_L6_c1_5,5,repeat_7.3,3874.16,0
350,normal_std30_L6_c1_5,5,repeat_7.4,3874.63,0
350,normal_std30_L6_c1_5,5,repeat_7.5,3874.83,0
350,normal_std30_L6_c1_5,5,repeat_7.6,3884.64,0
350,normal_std30_L6_c1_5,5,repeat_7.7,3893.38,0
350,normal_std30_L6_c1_5,5,repeat_7.8,3895.23,0
350,normal_std30_L6_c1_5,5,repeat_8.1,4122.34,0
350,normal_std30_L6_c1_5,5,repeat_8.2,4295.52,0
350,normal_std30_L6_c1_5,5,repeat_8.3,4315.34,0
350,normal_std30_L6_c1_5,5,repeat_10.1,3910.7,0
350,normal_std30_L6_c1_5,5,repeat_10.2,3915.84,0
350,normal_std30_L6_c1_5,5,repeat_10.5,4136.69,0
350,normal_std30_L6_c1_5,5,repeat_10.6,4323.86,0
352,normal_std30_L6_c1_5,6,repeat_1.3,4131.92,0
352,normal_std30_L6_c1_5,6,repeat_1.4,4140.46,0
352,normal_std30_L6_c1_5,6,repeat_1.5,4146.74,0
352,normal_std30_L6_c1_5,6,repeat_1.6,4152.5,0
352,normal_std30_L6_c1_5,6,repeat_1.7,4163.78,0
352,normal_std30_L6_c1_5,6,repeat_1.8,4503.97,0
352,normal_std30_L6_c1_5,6,repeat_1.9,4511.28,0
352,normal_std30_L6_c1_5,6,repeat_2.1,4768.32,0
352,normal_std30_L6_c1_5,6,repeat_2.3,5617.42,0
352,normal_std30_L6_c1_5,6,repeat_2.4,5690.4,0
352,normal_std30_L6_c1_5,6,repeat_3.2,3898.74,0
352,normal_std30_L6_c1_5,6,repeat_3.3,3903.54,0
352,normal_std30_L6_c1_5,6,repeat_3.4,3951.8,0
352,normal_std30_L6_c1_5,6,repeat_3.5,4206.64,0
352,normal_std30_L6_c1_5,6,repeat_3.6,4285.24,0
352,normal_std30_L6_c1_5,6,repeat_3.7,4286.65,0
352,normal_std30_L6_c1_5,6,repeat_4.5,3868.4,0
352,normal_std30_L6_c1_5,6,repeat_4.6,3877.38,0
352,normal_std30_L6_c1_5,6,repeat_4.7,3907.7,0
352,normal_std30_L6_c1_5,6,repeat_4.8,3908.58,0
352,normal_std30_L6_c1_5,6,repeat_5,3868.67,0
352,normal_std30_L6_c1_5,6,repeat_5.1,3910.44,0
352,normal_std30_L6_c1_5,6,repeat_5.7,5220.12,0
352,normal_std30_L6_c1_5,6,repeat_5.8,5241.98,0
352,normal_std30_L6_c1_5,6,repeat_5.9,5291.11,0
352,normal_std30_L6_c1_5,6,repeat_6,3914.95,0
352,normal_std30_L6_c1_5,6,repeat_6.1,3951.33,0
352,normal_std30_L6_c1_5,6,repeat_7.1,3867.72,0
352,normal_std30_L6_c1_5,6,repeat_7.2,3867.75,0
352,normal_std30_L6_c1_5,6,repeat_7.3,3872.35,0
352,normal_std30_L6_c1_5,6,repeat_7.4,3872.98,0
352,normal_std30_L6_c1_5,6,repeat_7.5,3873.11,0
352,normal_std30_L6_c1_5,6,repeat_7.6,3874.16,0
352,normal_std30_L6_c1_5,6,repeat_7.7,3874.63,0
352,normal_std30_L6_c1_5,6,repeat_7.8,3874.83,0
352,normal_std30_L6_c1_5,6,repeat_7.9,3884.64,0
352,normal_std30_L6_c1_5,6,repeat_8.1,4122.34,0
352,normal_std30_L6_c1_5,6,repeat_8.2,4221.32,0
352,normal_std30_L6_c1_5,6,repeat_8.3,4295.52,0
352,normal_std30_L6_c1_5,6,repeat_8.4,4315.34,0
352,normal_std30_L6_c1_5,6,repeat_8.5,4323.88,0
352,normal_std30_L6_c1_5,6,repeat_10.1,3910.7,0
352,normal_std30_L6_c1_5,6,repeat_10.2,3915.84,0
352,normal_std30_L6_c1_5,6,repeat_10.5,4136.69,0
352,normal_std30_L6_c1_5,6,repeat_10.6,4323.86,0
354,normal_std30_L6_c1_5,7,repeat_1,3947.32,0
354,normal_std30_L6_c1_5,7,repeat_1.1,3955.48,0
354,normal_std30_L6_c1_5,7,repeat_1.6,4131.92,0
354,normal_std30_L6_c1_5,7,repeat_1.7,4140.46,0
354,normal_std30_L6_c1_5,7,repeat_1.8,4146.74,0
354,normal_std30_L6_c1_5,7,repeat_1.9,4152.5,0
354,normal_std30_L6_c1_5,7,repeat_2.3,4768.32,0
354,normal_std30_L6_c1_5,7,repeat_2.5,5272.84,0
354,normal_std30_L6_c1_5,7,repeat_2.8,5545.71,0
354,normal_std30_L6_c1_5,7,repeat_2.9,5617.42,0
354,normal_std30_L6_c1_5,7,repeat_3.4,3898.74,0
354,normal_std30_L6_c1_5,7,repeat_3.5,3903.54,0
354,normal_std30_L6_c1_5,7,repeat_3.6,3951.8,0
354,normal_std30_L6_c1_5,7,repeat_3.7,4206.64,0
354,normal_std30_L6_c1_5,7,repeat_3.8,4285.24,0
354,normal_std30_L6_c1_5,7,repeat_3.9,4285.61,0
354,normal_std30_L6_c1_5,7,repeat_4.8,3868.4,0
354,normal_std30_L6_c1_5,7,repeat_4.9,3869.5,0
354,normal_std30_L6_c1_5,7,repeat_5,3868.67,0
354,normal_std30_L6_c1_5,7,repeat_5.1,3910.44,0
354,normal_std30_L6_c1_5,7,repeat_5.7,5220.12,0
354,normal_std30_L6_c1_5,7,repeat_5.8,5241.98,0
354,normal_std30_L6_c1_5,7,repeat_5.9,5291.11,0
354,normal_std30_L6_c1_5,7,repeat_6,3914.95,0
354,normal_std30_L6_c1_5,7,repeat_6.1,3914.95,0
354,normal_std30_L6_c1_5,7,repeat_6.2,3914.95,0
354,normal_std30_L6_c1_5,7,repeat_6.3,3915.06,0
354,normal_std30_L6_c1_5,7,repeat_6.4,3951.33,0
354,normal_std30_L6_c1_5,7,repeat_7.1,3867.72,0
354,normal_std30_L6_c1_5,7,repeat_7.2,3867.75,0
354,normal_std30_L6_c1_5,7,repeat_7.3,3872.35,0
354,normal_std30_L6_c1_5,7,repeat_7.4,3872.98,0
354,normal_std30_L6_c1_5,7,repeat_7.5,3873.11,0
354,normal_std30_L6_c1_5,7,repeat_7.6,3874.16,0
354,normal_std30_L6_c1_5,7,repeat_7.7,3874.63,0
354,normal_std30_L6_c1_5,7,repeat_7.8,3874.83,0
354,normal_std30_L6_c1_5,7,repeat_7.9,3884.64,0
354,normal_std30_L6_c1_5,7,repeat_8.1,4122.34,0
354,normal_std30_L6_c1_5,7,repeat_8.2,4221.32,0
354,normal_std30_L6_c1_5,7,repeat_8.3,4295.52,0
354,normal_std30_L6_c1_5,7,repeat_8.4,4303.5,0
354,normal_std30_L6_c1_5,7,repeat_8.5,4315.34,0
354,normal_std30_L6_c1_5,7,repeat_8.6,4323.88,0
354,normal_std30_L6_c1_5,7,repeat_10,3733.1,0
354,normal_std30_L6_c1_5,7,repeat_10.2,3884.74,0
354,normal_std30_L6_c1_5,7,repeat_10.3,3897.0,0
354,normal_std30_L6_c1_5,7,repeat_10.4,3910.7,0
354,normal_std30_L6_c1_5,7,repeat_10.5,3915.84,0
354,normal_std30_L6_c1_5,7,repeat_10.6,3937.06,0
356,normal_std30_L6_c1_5,8,repeat_1,3947.32,0
356,normal_std30_L6_c1_5,8,repeat_1.1,3955.48,0
356,normal_std30_L6_c1_5,8,repeat_2,4141.02,0
356,normal_std30_L6_c1_5,8,repeat_2.1,4309.8,0
356,normal_std30_L6_c1_5,8,repeat_2.6,4517.36,0
356,normal_std30_L6_c1_5,8,repeat_2.9,4768.32,0
356,normal_std30_L6_c1_5,8,repeat_3.4,3898.74,0
356,normal_std30_L6_c1_5,8,repeat_3.5,3903.54,0
356,normal_std30_L6_c1_5,8,repeat_3.6,3904.66,0
356,normal_std30_L6_c1_5,8,repeat_3.7,3951.8,0
356,normal_std30_L6_c1_5,8,repeat_3.8,4206.64,0
356,normal_std30_L6_c1_5,8,repeat_3.9,4285.24,0
356,normal_std30_L6_c1_5,8,repeat_5.1,3868.67,0
356,normal_std30_L6_c1_5,8,repeat_5.2,3910.44,0
356,normal_std30_L6_c1_5,8,repeat_5.3,3940.55,0
356,normal_std30_L6_c1_5,8,repeat_6,3914.95,0
356,normal_std30_L6_c1_5,8,repeat_6.1,3914.95,0
356,normal_std30_L6_c1_5,8,repeat_6.2,3914.95,0
356,normal_std30_L6_c1_5,8,repeat_6.3,3914.95,0
356,normal_std30_L6_c1_5,8,repeat_6.4,3915.06,0
356,normal_std30_L6_c1_5,8,repeat_6.5,3951.33,0
356,normal_std30_L6_c1_5,8,repeat_7.4,3867.72,0
356,normal_std30_L6_c1_5,8,repeat_7.5,3867.75,0
356,normal_std30_L6_c1_5,8,repeat_7.6,3872.35,0
356,normal_std30_L6_c1_5,8,repeat_7.7,3872.98,0
356,normal_std30_L6_c1_5,8,repeat_7.8,3873.11,0
356,normal_std30_L6_c1_5,8,repeat_7.9,3874.16,0
356,normal_std30_L6_c1_5,8,repeat_8.1,4122.34,0
356,normal_std30_L6_c1_5,8,repeat_8.2,4221.32,0
356,normal_std30_L6_c1_5,8,repeat_8.3,4295.52,0
356,normal_std30_L6_c1_5,8,repeat_8.4,4303.5,0
356,normal_std30_L6_c1_5,8,repeat_8.5,4315.34,0
356,normal_std30_L6_c1_5,8,repeat_8.6,4323.88,0
356,normal_std30_L6_c1_5,8,repeat_10,3733.1,0
356,normal_std30_L6_c1_5,8,repeat_10.1,3749.75,0
356,normal_std30_L6_c1_5,8,repeat_10.5,3861.44,0
356,normal_std30_L6_c1_5,8,repeat_10.6,3884.74,0
356,normal_std30_L6_c1_5,8,repeat_10.7,3897.0,0
356,normal_std30_L6_c1_5,8,repeat_10.8,3901.12,0
356,normal_std30_L6_c1_5,8,repeat_10.9,3907.82,0
358,normal_std30_L6_c1_5,9,repeat_1,3947.32,0
358,normal_std30_L6_c1_5,9,repeat_1.1,3955.48,0
358,normal_std30_L6_c1_5,9,repeat_2,4141.02,0
358,normal_std30_L6_c1_5,9,repeat_2.1,4204.44,0
358,normal_std30_L6_c1_5,9,repeat_2.2,4250.26,0
358,normal_std30_L6_c1_5,9,repeat_2.3,4288.04,0
358,normal_std30_L6_c1_5,9,repeat_2.4,4309.8,0
358,normal_std30_L6_c1_5,9,repeat_3,3742.12,0
358,normal_std30_L6_c1_5,9,repeat_3.6,3893.12,0
358,normal_std30_L6_c1_5,9,repeat_3.7,3898.74,0
358,normal_std30_L6_c1_5,9,repeat_3.8,3903.54,0
358,normal_std30_L6_c1_5,9,repeat_3.9,3904.66,0
358,normal_std30_L6_c1_5,9,repeat_5.3,3866.71,0
358,normal_std30_L6_c1_5,9,repeat_5.4,3868.67,0
358,normal_std30_L6_c1_5,9,repeat_5.5,3910.44,0
358,normal_std30_L6_c1_5,9,repeat_5.6,3940.55,0
358,normal_std30_L6_c1_5,9,repeat_5.7,3947.55,0
358,normal_std30_L6_c1_5,9,repeat_6,3875.53,0
358,normal_std30_L6_c1_5,9,repeat_6.1,3897.08,0
358,normal_std30_L6_c1_5,9,repeat_6.2,3899.9,0
358,normal_std30_L6_c1_5,9,repeat_6.3,3914.95,0
358,normal_std30_L6_c1_5,9,repeat_6.4,3914.95,0
358,normal_std30_L6_c1_5,9,repeat_6.5,3914.95,0
358,normal_std30_L6_c1_5,9,repeat_6.6,3914.95,0
358,normal_std30_L6_c1_5,9,repeat_6.7,3914.95,0
358,normal_std30_L6_c1_5,9,repeat_6.8,3914.98,0
358,normal_std30_L6_c1_5,9,repeat_6.9,3915.06,0
358,normal_std30_L6_c1_5,9,repeat_7.6,3867.72,0
358,normal_std30_L6_c1_5,9,repeat_7.7,3867.75,0
358,normal_std30_L6_c1_5,9,repeat_7.8,3872.35,0
358,normal_std30_L6_c1_5,9,repeat_7.9,3872.98,0
358,normal_std30_L6_c1_5,9,repeat_8.1,4122.34,0
358,normal_std30_L6_c1_5,9,repeat_8.2,4221.32,0
358,normal_std30_L6_c1_5,9,repeat_8.3,4295.52,0
358,normal_std30_L6_c1_5,9,repeat_8.4,4303.5,0
358,normal_std30_L6_c1_5,9,repeat_8.5,4315.34,0
358,normal_std30_L6_c1_5,9,repeat_8.6,4323.88,0
358,normal_std30_L6_c1_5,9,repeat_10,3733.1,0
358,normal_std30_L6_c1_5,9,repeat_10.1,3749.75,0
358,normal_std30_L6_c1_5,9,repeat_10.7,3861.44,0
358,normal_std30_L6_c1_5,9,repeat_10.8,3866.38,0
358,normal_std30_L6_c1_5,9,repeat_10.9,3884.74,0
360,normal_std30_L6_c1_5,10,repeat_1,3947.32,0
360,normal_std30_L6_c1_5,10,repeat_1.1,3955.48,0
360,normal_std30_L6_c1_5,10,repeat_2.2,4141.02,0
360,normal_std30_L6_c1_5,10,repeat_2.3,4204.44,0
360,normal_std30_L6_c1_5,10,repeat_2.4,4234.54,0
360,normal_std30_L6_c1_5,10,repeat_2.5,4250.26,0
360,normal_std30_L6_c1_5,10,repeat_2.6,4288.04,0
360,normal_std30_L6_c1_5,10,repeat_2.7,4309.8,0
360,normal_std30_L6_c1_5,10,repeat_2.8,4312.46,0
360,normal_std30_L6_c1_5,10,repeat_3,3742.12,0
360,normal_std30_L6_c1_5,10,repeat_3.8,3893.12,0
360,normal_std30_L6_c1_5,10,repeat_3.9,3898.74,0
360,normal_std30_L6_c1_5,10,repeat_6,3875.53,0
360,normal_std30_L6_c1_5,10,repeat_6.1,3897.08,0
360,normal_std30_L6_c1_5,10,repeat_6.2,3899.9,0
360,normal_std30_L6_c1_5,10,repeat_6.3,3914.95,0
360,normal_std30_L6_c1_5,10,repeat_6.4,3914.95,0
360,normal_std30_L6_c1_5,10,repeat_6.5,3914.95,0
360,normal_std30_L6_c1_5,10,repeat_6.6,3914.95,0
360,normal_std30_L6_c1_5,10,repeat_6.7,3914.95,0
360,normal_std30_L6_c1_5,10,repeat_6.8,3914.98,0
360,normal_std30_L6_c1_5,10,repeat_6.9,3915.06,0
360,normal_std30_L6_c1_5,10,repeat_8.1,4122.34,0
360,normal_std30_L6_c1_5,10,repeat_8.2,4221.32,0
360,normal_std30_L6_c1_5,10,repeat_8.3,4295.52,0
360,normal_std30_L6_c1_5,10,repeat_8.4,4303.5,0
360,normal_std30_L6_c1_5,10,repeat_8.5,4315.34,0
360,normal_std30_L6_c1_5,10,repeat_8.6,4323.88,0
360,normal_std30_L6_c1_5,10,repeat_10,3733.1,0
360,normal_std30_L6_c1_5,10,repeat_10.1,3749.75,0
360,normal_std30_L6_c1_5,10,repeat_10.8,3861.44,0
360,normal_std30_L6_c1_5,10,repeat_10.9,3862.44,0
362,normal_std50_L2_c1_2,1,repeat_1,3491.72,0
362,normal_std50_L2_c1_2,1,repeat_1.1,3517.0,0
362,normal_std50_L2_c1_2,1,repeat_1.2,3816.44,0
362,normal_std50_L2_c1_2,1,repeat_1.3,3895.7,0
362,normal_std50_L2_c1_2,1,repeat_1.4,3895.7,0
362,normal_std50_L2_c1_2,1,repeat_1.5,3895.7,0
362,normal_std50_L2_c1_2,1,repeat_1.6,4254.88,0
362,normal_std50_L2_c1_2,1,repeat_2,3895.06,0
362,normal_std50_L2_c1_2,1,repeat_2.1,3895.7,0
362,normal_std50_L2_c1_2,1,repeat_2.2,3895.7,0
362,normal_std50_L2_c1_2,1,repeat_2.3,3895.7,0
362,normal_std50_L2_c1_2,1,repeat_2.4,3895.7,0
362,normal_std50_L2_c1_2,1,repeat_2.5,3895.7,0
362,normal_std50_L2_c1_2,1,repeat_2.6,3895.7,0
362,normal_std50_L2_c1_2,1,repeat_2.7,3896.45,0
362,normal_std50_L2_c1_2,1,repeat_2.8,3899.98,0
362,normal_std50_L2_c1_2,1,repeat_2.9,4254.88,0
362,normal_std50_L2_c1_2,1,repeat_3,3488.33,0
362,normal_std50_L2_c1_2,1,repeat_3.1,3536.07,0
362,normal_std50_L2_c1_2,1,repeat_3.2,3748.56,0
362,normal_std50_L2_c1_2,1,repeat_3.3,3894.51,0
362,normal_std50_L2_c1_2,1,repeat_3.4,3895.06,0
362,normal_std50_L2_c1_2,1,repeat_3.5,3895.7,0
362,normal_std50_L2_c1_2,1,repeat_3.6,3895.7,0
362,normal_std50_L2_c1_2,1,repeat_3.7,3895.7,0
362,normal_std50_L2_c1_2,1,repeat_3.8,4254.88,0
362,normal_std50_L2_c1_2,1,repeat_3.9,4278.74,0
362,normal_std50_L2_c1_2,1,repeat_4,3481.27,0
362,normal_std50_L2_c1_2,1,repeat_4.1,3497.12,0
362,normal_std50_L2_c1_2,1,repeat_4.2,3894.51,0
362,normal_std50_L2_c1_2,1,repeat_4.3,3895.7,0
362,normal_std50_L2_c1_2,1,repeat_4.4,3895.7,0
362,normal_std50_L2_c1_2,1,repeat_4.5,3896.45,0
362,normal_std50_L2_c1_2,1,repeat_4.6,3908.06,0
362,normal_std50_L2_c1_2,1,repeat_4.7,4451.96,0
362,normal_std50_L2_c1_2,1,repeat_4.8,4618.67,0
362,normal_std50_L2_c1_2,1,repeat_4.9,5217.1,0
362,normal_std50_L2_c1_2,1,repeat_5,3537.46,0
362,normal_std50_L2_c1_2,1,repeat_5.1,3636.92,0
362,normal_std50_L2_c1_2,1,repeat_5.2,3895.7,0
362,normal_std50_L2_c1_2,1,repeat_5.3,3895.7,0
362,normal_std50_L2_c1_2,1,repeat_5.4,3895.85,0
362,normal_std50_L2_c1_2,1,repeat_5.5,3896.45,0
362,normal_std50_L2_c1_2,1,repeat_5.6,3900.8,0
362,normal_std50_L2_c1_2,1,repeat_5.7,4063.28,0
362,normal_std50_L2_c1_2,1,repeat_5.8,4254.88,0
362,normal_std50_L2_c1_2,1,repeat_5.9,4391.88,0
362,normal_std50_L2_c1_2,1,repeat_6,3536.07,0
362,normal_std50_L2_c1_2,1,repeat_6.1,3829.33,0
362,normal_std50_L2_c1_2,1,repeat_6.2,3895.7,0
362,normal_std50_L2_c1_2,1,repeat_6.3,3895.7,0
362,normal_std50_L2_c1_2,1,repeat_6.4,3895.7,0
362,normal_std50_L2_c1_2,1,repeat_6.5,3895.7,0
362,normal_std50_L2_c1_2,1,repeat_6.6,3988.83,0
362,normal_std50_L2_c1_2,1,repeat_6.7,4380.96,0
362,normal_std50_L2_c1_2,1,repeat_7,3895.06,0
362,normal_std50_L2_c1_2,1,repeat_7.1,3895.7,0
362,normal_std50_L2_c1_2,1,repeat_7.2,3895.7,0
362,normal_std50_L2_c1_2,1,repeat_7.3,3901.08,0
362,normal_std50_L2_c1_2,1,repeat_7.4,3921.79,0
362,normal_std50_L2_c1_2,1,repeat_7.5,4025.32,0
362,normal_std50_L2_c1_2,1,repeat_7.6,4153.62,0
362,normal_std50_L2_c1_2,1,repeat_7.7,4221.88,0
362,normal_std50_L2_c1_2,1,repeat_7.8,4253.15,0
362,normal_std50_L2_c1_2,1,repeat_7.9,5675.32,0
362,normal_std50_L2_c1_2,1,repeat_8,3500.32,0
362,normal_std50_L2_c1_2,1,repeat_8.1,3895.7,0
362,normal_std50_L2_c1_2,1,repeat_8.2,3895.7,0
362,normal_std50_L2_c1_2,1,repeat_8.3,3895.7,0
362,normal_std50_L2_c1_2,1,repeat_8.4,3895.7,0
362,normal_std50_L2_c1_2,1,repeat_8.5,3901.08,0
362,normal_std50_L2_c1_2,1,repeat_8.6,3919.56,0
362,normal_std50_L2_c1_2,1,repeat_8.7,4042.32,0
362,normal_std50_L2_c1_2,1,repeat_8.8,4086.44,0
362,normal_std50_L2_c1_2,1,repeat_9,3895.55,0
362,normal_std50_L2_c1_2,1,repeat_9.1,3895.7,0
362,normal_std50_L2_c1_2,1,repeat_9.2,3895.7,0
362,normal_std50_L2_c1_2,1,repeat_9.3,3895.7,0
362,normal_std50_L2_c1_2,1,repeat_9.4,3896.6,0
362,normal_std50_L2_c1_2,1,repeat_9.5,3900.08,0
362,normal_std50_L2_c1_2,1,repeat_9.6,3951.75,0
362,normal_std50_L2_c1_2,1,repeat_10,3783.78,0
362,normal_std50_L2_c1_2,1,repeat_10.1,3892.38,0
362,normal_std50_L2_c1_2,1,repeat_10.2,3895.7,0
362,normal_std50_L2_c1_2,1,repeat_10.3,3895.7,0
362,normal_std50_L2_c1_2,1,repeat_10.4,3895.71,0
362,normal_std50_L2_c1_2,1,repeat_10.5,3897.54,0
362,normal_std50_L2_c1_2,1,repeat_10.6,3901.08,0
362,normal_std50_L2_c1_2,1,repeat_10.7,4077.56,0
362,normal_std50_L2_c1_2,1,repeat_10.8,4436.25,0
364,normal_std50_L2_c1_2,2,repeat_1,3491.72,0
364,normal_std50_L2_c1_2,2,repeat_1.1,3496.41,0
364,normal_std50_L2_c1_2,2,repeat_1.2,3517.0,0
364,normal_std50_L2_c1_2,2,repeat_1.3,3540.3,0
364,normal_std50_L2_c1_2,2,repeat_1.4,3580.02,0
364,normal_std50_L2_c1_2,2,repeat_1.5,3775.18,0
364,normal_std50_L2_c1_2,2,repeat_1.6,3782.98,0
364,normal_std50_L2_c1_2,2,repeat_1.7,3816.44,0
364,normal_std50_L2_c1_2,2,repeat_1.8,3892.56,0
364,normal_std50_L2_c1_2,2,repeat_1.9,3895.16,0
364,normal_std50_L2_c1_2,2,repeat_2,3726.04,0
364,normal_std50_L2_c1_2,2,repeat_2.1,3746.32,0
364,normal_std50_L2_c1_2,2,repeat_2.2,3772.6,0
364,normal_std50_L2_c1_2,2,repeat_2.3,3891.37,0
364,normal_std50_L2_c1_2,2,repeat_2.4,3895.06,0
364,normal_std50_L2_c1_2,2,repeat_2.5,3895.7,0
364,normal_std50_L2_c1_2,2,repeat_2.6,3895.7,0
364,normal_std50_L2_c1_2,2,repeat_2.7,3895.7,0
364,normal_std50_L2_c1_2,2,repeat_2.8,3895.7,0
364,normal_std50_L2_c1_2,2,repeat_2.9,3895.7,0
364,normal_std50_L2_c1_2,2,repeat_3,3447.14,0
364,normal_std50_L2_c1_2,2,repeat_3.1,3488.33,0
364,normal_std50_L2_c1_2,2,repeat_3.2,3491.72,0
364,normal_std50_L2_c1_2,2,repeat_3.3,3516.63,0
364,normal_std50_L2_c1_2,2,repeat_3.4,3532.86,0
364,normal_std50_L2_c1_2,2,repeat_3.5,3536.07,0
364,normal_std50_L2_c1_2,2,repeat_3.6,3579.8,0
364,normal_std50_L2_c1_2,2,repeat_3.7,3584.98,0
364,normal_std50_L2_c1_2,2,repeat_3.8,3619.92,0
364,normal_std50_L2_c1_2,2,repeat_3.9,3748.56,0
364,normal_std50_L2_c1_2,2,repeat_4,3481.27,0
364,normal_std50_L2_c1_2,2,repeat_4.1,3497.12,0
364,normal_std50_L2_c1_2,2,repeat_4.2,3668.05,0
364,normal_std50_L2_c1_2,2,repeat_4.3,3866.96,0
364,normal_std50_L2_c1_2,2,repeat_4.4,3889.92,0
364,normal_std50_L2_c1_2,2,repeat_4.5,3894.17,0
364,normal_std50_L2_c1_2,2,repeat_4.6,3894.51,0
364,normal_std50_L2_c1_2,2,repeat_4.7,3895.55,0
364,normal_std50_L2_c1_2,2,repeat_4.8,3895.7,0
364,normal_std50_L2_c1_2,2,repeat_4.9,3895.7,0
364,normal_std50_L2_c1_2,2,repeat_5,3505.74,0
364,normal_std50_L2_c1_2,2,repeat_5.1,3537.46,0
364,normal_std50_L2_c1_2,2,repeat_5.2,3581.02,0
364,normal_std50_L2_c1_2,2,repeat_5.3,3585.48,0
364,normal_std50_L2_c1_2,2,repeat_5.4,3636.92,0
364,normal_std50_L2_c1_2,2,repeat_5.5,3642.22,0
364,normal_std50_L2_c1_2,2,repeat_5.6,3723.32,0
364,normal_std50_L2_c1_2,2,repeat_5.7,3892.56,0
364,normal_std50_L2_c1_2,2,repeat_5.8,3895.7,0
364,normal_std50_L2_c1_2,2,repeat_5.9,3895.7,0
364,normal_std50_L2_c1_2,2,repeat_6,3536.07,0
364,normal_std50_L2_c1_2,2,repeat_6.1,3829.33,0
364,normal_std50_L2_c1_2,2,repeat_6.2,3895.7,0
364,normal_std50_L2_c1_2,2,repeat_6.3,3895.7,0
364,normal_std50_L2_c1_2,2,repeat_6.4,3895.7,0
364,normal_std50_L2_c1_2,2,repeat_6.5,3895.7,0
364,normal_std50_L2_c1_2,2,repeat_6.6,3988.83,0
364,normal_std50_L2_c1_2,2,repeat_6.7,4380.96,0
364,normal_std50_L2_c1_2,2,repeat_7,3497.28,0
364,normal_std50_L2_c1_2,2,repeat_7.1,3646.62,0
364,normal_std50_L2_c1_2,2,repeat_7.2,3647.86,0
364,normal_std50_L2_c1_2,2,repeat_7.3,3894.3,0
364,normal_std50_L2_c1_2,2,repeat_7.4,3895.06,0
364,normal_std50_L2_c1_2,2,repeat_7.5,3895.7,0
364,normal_std50_L2_c1_2,2,repeat_7.6,3895.7,0
364,normal_std50_L2_c1_2,2,repeat_7.7,3895.7,0
364,normal_std50_L2_c1_2,2,repeat_7.8,3895.7,0
364,normal_std50_L2_c1_2,2,repeat_7.9,3895.71,0
364,normal_std50_L2_c1_2,2,repeat_8,3500.32,0
364,normal_std50_L2_c1_2,2,repeat_8.1,3895.7,0
364,normal_std50_L2_c1_2,2,repeat_8.2,3895.7,0
364,normal_std50_L2_c1_2,2,repeat_8.3,3895.7,0
364,normal_std50_L2_c1_2,2,repeat_8.4,3895.7,0
364,normal_std50_L2_c1_2,2,repeat_8.5,3901.08,0
364,normal_std50_L2_c1_2,2,repeat_8.6,3919.56,0
364,normal_std50_L2_c1_2,2,repeat_8.7,4042.32,0
364,normal_std50_L2_c1_2,2,repeat_8.8,4086.44,0
364,normal_std50_L2_c1_2,2,repeat_9,3895.55,0
364,normal_std50_L2_c1_2,2,repeat_9.1,3895.7,0
364,normal_std50_L2_c1_2,2,repeat_9.2,3895.7,0
364,normal_std50_L2_c1_2,2,repeat_9.3,3895.7,0
364,normal_std50_L2_c1_2,2,repeat_9.4,3896.6,0
364,normal_std50_L2_c1_2,2,repeat_9.5,3900.08,0
364,normal_std50_L2_c1_2,2,repeat_9.6,3951.75,0
364,normal_std50_L2_c1_2,2,repeat_10,3730.62,0
364,normal_std50_L2_c1_2,2,repeat_10.1,3746.84,0
364,normal_std50_L2_c1_2,2,repeat_10.2,3783.78,0
364,normal_std50_L2_c1_2,2,repeat_10.3,3874.46,0
364,normal_std50_L2_c1_2,2,repeat_10.4,3886.66,0
364,normal_std50_L2_c1_2,2,repeat_10.5,3888.32,0
364,normal_std50_L2_c1_2,2,repeat_10.6,3891.74,0
364,normal_std50_L2_c1_2,2,repeat_10.7,3892.38,0
364,normal_std50_L2_c1_2,2,repeat_10.8,3895.7,0
364,normal_std50_L2_c1_2,2,repeat_10.9,3895.7,0
366,normal_std50_L2_c1_2,3,repeat_1,3441.2,0
366,normal_std50_L2_c1_2,3,repeat_1.1,3456.12,0
366,normal_std50_L2_c1_2,3,repeat_1.2,3458.24,0
366,normal_std50_L2_c1_2,3,repeat_1.3,3480.14,0
366,normal_std50_L2_c1_2,3,repeat_1.4,3491.72,0
366,normal_std50_L2_c1_2,3,repeat_1.5,3496.41,0
366,normal_std50_L2_c1_2,3,repeat_1.6,3508.46,0
366,normal_std50_L2_c1_2,3,repeat_1.7,3517.0,0
366,normal_std50_L2_c1_2,3,repeat_1.8,3540.3,0
366,normal_std50_L2_c1_2,3,repeat_1.9,3580.02,0
366,normal_std50_L2_c1_2,3,repeat_2,3596.2,0
366,normal_std50_L2_c1_2,3,repeat_2.1,3624.5,0
366,normal_std50_L2_c1_2,3,repeat_2.2,3726.04,0
366,normal_std50_L2_c1_2,3,repeat_2.3,3746.32,0
366,normal_std50_L2_c1_2,3,repeat_2.4,3760.97,0
366,normal_std50_L2_c1_2,3,repeat_2.5,3772.6,0
366,normal_std50_L2_c1_2,3,repeat_2.6,3831.83,0
366,normal_std50_L2_c1_2,3,repeat_2.7,3891.37,0
366,normal_std50_L2_c1_2,3,repeat_2.8,3895.06,0
366,normal_std50_L2_c1_2,3,repeat_2.9,3895.06,0
366,normal_std50_L2_c1_2,3,repeat_3,3447.14,0
366,normal_std50_L2_c1_2,3,repeat_3.1,3456.27,0
366,normal_std50_L2_c1_2,3,repeat_3.2,3457.64,0
366,normal_std50_L2_c1_2,3,repeat_3.3,3467.28,0
366,normal_std50_L2_c1_2,3,repeat_3.4,3481.44,0
366,normal_std50_L2_c1_2,3,repeat_3.5,3488.33,0
366,normal_std50_L2_c1_2,3,repeat_3.6,3491.72,0
366,normal_std50_L2_c1_2,3,repeat_3.7,3491.88,0
366,normal_std50_L2_c1_2,3,repeat_3.8,3516.63,0
366,normal_std50_L2_c1_2,3,repeat_3.9,3532.86,0
366,normal_std50_L2_c1_2,3,repeat_4,3445.07,0
366,normal_std50_L2_c1_2,3,repeat_4.1,3481.27,0
366,normal_std50_L2_c1_2,3,repeat_4.2,3485.14,0
366,normal_std50_L2_c1_2,3,repeat_4.3,3497.12,0
366,normal_std50_L2_c1_2,3,repeat_4.4,3510.02,0
366,normal_std50_L2_c1_2,3,repeat_4.5,3644.88,0
366,normal_std50_L2_c1_2,3,repeat_4.6,3668.05,0
366,normal_std50_L2_c1_2,3,repeat_4.7,3859.55,0
366,normal_std50_L2_c1_2,3,repeat_4.8,3866.96,0
366,normal_std50_L2_c1_2,3,repeat_4.9,3889.92,0
366,normal_std50_L2_c1_2,3,repeat_5,3446.02,0
366,normal_std50_L2_c1_2,3,repeat_5.1,3491.8,0
366,normal_std50_L2_c1_2,3,repeat_5.2,3494.08,0
366,normal_std50_L2_c1_2,3,repeat_5.3,3505.74,0
366,normal_std50_L2_c1_2,3,repeat_5.4,3517.66,0
366,normal_std50_L2_c1_2,3,repeat_5.5,3531.46,0
366,normal_std50_L2_c1_2,3,repeat_5.6,3537.46,0
366,normal_std50_L2_c1_2,3,repeat_5.7,3580.22,0
366,normal_std50_L2_c1_2,3,repeat_5.8,3581.02,0
366,normal_std50_L2_c1_2,3,repeat_5.9,3585.48,0
366,normal_std50_L2_c1_2,3,repeat_6,3491.33,0
366,normal_std50_L2_c1_2,3,repeat_6.1,3510.68,0
366,normal_std50_L2_c1_2,3,repeat_6.2,3536.07,0
366,normal_std50_L2_c1_2,3,repeat_6.3,3563.96,0
366,normal_std50_L2_c1_2,3,repeat_6.4,3607.7,0
366,normal_std50_L2_c1_2,3,repeat_6.5,3759.76,0
366,normal_std50_L2_c1_2,3,repeat_6.6,3829.33,0
366,normal_std50_L2_c1_2,3,repeat_6.7,3894.57,0
366,normal_std50_L2_c1_2,3,repeat_6.8,3894.76,0
366,normal_std50_L2_c1_2,3,repeat_6.9,3895.7,0
366,normal_std50_L2_c1_2,3,repeat_7,3492.84,0
366,normal_std50_L2_c1_2,3,repeat_7.1,3497.28,0
366,normal_std50_L2_c1_2,3,repeat_7.2,3609.2,0
366,normal_std50_L2_c1_2,3,repeat_7.3,3612.74,0
366,normal_std50_L2_c1_2,3,repeat_7.4,3646.62,0
366,normal_std50_L2_c1_2,3,repeat_7.5,3647.86,0
366,normal_std50_L2_c1_2,3,repeat_7.6,3894.3,0
366,normal_std50_L2_c1_2,3,repeat_7.7,3895.06,0
366,normal_std50_L2_c1_2,3,repeat_7.8,3895.7,0
366,normal_std50_L2_c1_2,3,repeat_7.9,3895.7,0
366,normal_std50_L2_c1_2,3,repeat_8,3500.32,0
366,normal_std50_L2_c1_2,3,repeat_8.1,3542.56,0
366,normal_std50_L2_c1_2,3,repeat_8.2,3692.96,0
366,normal_std50_L2_c1_2,3,repeat_8.3,3893.3,0
366,normal_std50_L2_c1_2,3,repeat_8.4,3895.7,0
366,normal_std50_L2_c1_2,3,repeat_8.5,3895.7,0
366,normal_std50_L2_c1_2,3,repeat_8.6,3895.7,0
366,normal_std50_L2_c1_2,3,repeat_8.7,3895.7,0
366,normal_std50_L2_c1_2,3,repeat_8.8,3895.7,0
366,normal_std50_L2_c1_2,3,repeat_8.9,3895.7,0
366,normal_std50_L2_c1_2,3,repeat_9,3895.55,0
366,normal_std50_L2_c1_2,3,repeat_9.1,3895.7,0
366,normal_std50_L2_c1_2,3,repeat_9.2,3895.7,0
366,normal_std50_L2_c1_2,3,repeat_9.3,3895.7,0
366,normal_std50_L2_c1_2,3,repeat_9.4,3896.6,0
366,normal_std50_L2_c1_2,3,repeat_9.5,3900.08,0
366,normal_std50_L2_c1_2,3,repeat_9.6,3951.75,0
366,normal_std50_L2_c1_2,3,repeat_10,3720.56,0
366,normal_std50_L2_c1_2,3,repeat_10.1,3730.62,0
366,normal_std50_L2_c1_2,3,repeat_10.2,3746.84,0
366,normal_std50_L2_c1_2,3,repeat_10.3,3783.78,0
366,normal_std50_L2_c1_2,3,repeat_10.4,3800.19,0
366,normal_std50_L2_c1_2,3,repeat_10.5,3874.46,0
366,normal_std50_L2_c1_2,3,repeat_10.6,3886.66,0
366,normal_std50_L2_c1_2,3,repeat_10.7,3888.32,0
366,normal_std50_L2_c1_2,3,repeat_10.8,3889.96,0
366,normal_std50_L2_c1_2,3,repeat_10.9,3891.74,0
368,normal_std50_L2_c1_2,4,repeat_1,3441.2,0
368,normal_std50_L2_c1_2,4,repeat_1.1,3449.0,0
368,normal_std50_L2_c1_2,4,repeat_1.2,3456.12,0
368,normal_std50_L2_c1_2,4,repeat_1.3,3458.24,0
368,normal_std50_L2_c1_2,4,repeat_1.4,3461.18,0
368,normal_std50_L2_c1_2,4,repeat_1.5,3479.46,0
368,normal_std50_L2_c1_2,4,repeat_1.6,3480.14,0
368,normal_std50_L2_c1_2,4,repeat_1.7,3491.72,0
368,normal_std50_L2_c1_2,4,repeat_1.8,3496.41,0
368,normal_std50_L2_c1_2,4,repeat_1.9,3503.18,0
368,normal_std50_L2_c1_2,4,repeat_2,3596.2,0
368,normal_std50_L2_c1_2,4,repeat_2.1,3624.5,0
368,normal_std50_L2_c1_2,4,repeat_2.2,3672.47,0
368,normal_std50_L2_c1_2,4,repeat_2.3,3705.45,0
368,normal_std50_L2_c1_2,4,repeat_2.4,3718.11,0
368,normal_std50_L2_c1_2,4,repeat_2.5,3726.04,0
368,normal_std50_L2_c1_2,4,repeat_2.6,3746.32,0
368,normal_std50_L2_c1_2,4,repeat_2.7,3760.97,0
368,normal_std50_L2_c1_2,4,repeat_2.8,3764.7,0
368,normal_std50_L2_c1_2,4,repeat_2.9,3772.6,0
368,normal_std50_L2_c1_2,4,repeat_3,3447.14,0
368,normal_std50_L2_c1_2,4,repeat_3.1,3456.27,0
368,normal_std50_L2_c1_2,4,repeat_3.2,3457.64,0
368,normal_std50_L2_c1_2,4,repeat_3.3,3467.28,0
368,normal_std50_L2_c1_2,4,repeat_3.4,3468.32,0
368,normal_std50_L2_c1_2,4,repeat_3.5,3479.06,0
368,normal_std50_L2_c1_2,4,repeat_3.6,3481.44,0
368,normal_std50_L2_c1_2,4,repeat_3.7,3487.44,0
368,normal_std50_L2_c1_2,4,repeat_3.8,3488.33,0
368,normal_std50_L2_c1_2,4,repeat_3.9,3491.72,0
368,normal_std50_L2_c1_2,4,repeat_4,3445.07,0
368,normal_std50_L2_c1_2,4,repeat_4.1,3481.27,0
368,normal_std50_L2_c1_2,4,repeat_4.2,3482.06,0
368,normal_std50_L2_c1_2,4,repeat_4.3,3485.14,0
368,normal_std50_L2_c1_2,4,repeat_4.4,3491.94,0
368,normal_std50_L2_c1_2,4,repeat_4.5,3494.43,0
368,normal_std50_L2_c1_2,4,repeat_4.6,3497.12,0
368,normal_std50_L2_c1_2,4,repeat_4.7,3510.02,0
368,normal_std50_L2_c1_2,4,repeat_4.8,3534.04,0
368,normal_std50_L2_c1_2,4,repeat_4.9,3545.42,0
368,normal_std50_L2_c1_2,4,repeat_5,3446.02,0
368,normal_std50_L2_c1_2,4,repeat_5.1,3490.82,0
368,normal_std50_L2_c1_2,4,repeat_5.2,3491.8,0
368,normal_std50_L2_c1_2,4,repeat_5.3,3494.08,0
368,normal_std50_L2_c1_2,4,repeat_5.4,3505.74,0
368,normal_std50_L2_c1_2,4,repeat_5.5,3514.06,0
368,normal_std50_L2_c1_2,4,repeat_5.6,3517.66,0
368,normal_std50_L2_c1_2,4,repeat_5.7,3531.46,0
368,normal_std50_L2_c1_2,4,repeat_5.8,3537.46,0
368,normal_std50_L2_c1_2,4,repeat_5.9,3539.02,0
368,normal_std50_L2_c1_2,4,repeat_6,3491.33,0
368,normal_std50_L2_c1_2,4,repeat_6.1,3510.68,0
368,normal_std50_L2_c1_2,4,repeat_6.2,3536.07,0
368,normal_std50_L2_c1_2,4,repeat_6.3,3563.96,0
368,normal_std50_L2_c1_2,4,repeat_6.4,3607.7,0
368,normal_std50_L2_c1_2,4,repeat_6.5,3759.76,0
368,normal_std50_L2_c1_2,4,repeat_6.6,3829.33,0
368,normal_std50_L2_c1_2,4,repeat_6.7,3894.57,0
368,normal_std50_L2_c1_2,4,repeat_6.8,3894.76,0
368,normal_std50_L2_c1_2,4,repeat_6.9,3895.7,0
368,normal_std50_L2_c1_2,4,repeat_7,3458.0,0
368,normal_std50_L2_c1_2,4,repeat_7.1,3471.44,0
368,normal_std50_L2_c1_2,4,repeat_7.2,3492.84,0
368,normal_std50_L2_c1_2,4,repeat_7.3,3494.66,0
368,normal_std50_L2_c1_2,4,repeat_7.4,3497.28,0
368,normal_std50_L2_c1_2,4,repeat_7.5,3503.84,0
368,normal_std50_L2_c1_2,4,repeat_7.6,3573.52,0
368,normal_std50_L2_c1_2,4,repeat_7.7,3609.2,0
368,normal_std50_L2_c1_2,4,repeat_7.8,3612.74,0
368,normal_std50_L2_c1_2,4,repeat_7.9,3646.62,0
368,normal_std50_L2_c1_2,4,repeat_8,3467.95,0
368,normal_std50_L2_c1_2,4,repeat_8.1,3500.32,0
368,normal_std50_L2_c1_2,4,repeat_8.2,3542.56,0
368,normal_std50_L2_c1_2,4,repeat_8.3,3630.92,0
368,normal_std50_L2_c1_2,4,repeat_8.4,3692.96,0
368,normal_std50_L2_c1_2,4,repeat_8.5,3820.64,0
368,normal_std50_L2_c1_2,4,repeat_8.6,3891.96,0
368,normal_std50_L2_c1_2,4,repeat_8.7,3893.3,0
368,normal_std50_L2_c1_2,4,repeat_8.8,3895.7,0
368,normal_std50_L2_c1_2,4,repeat_8.9,3895.7,0
368,normal_std50_L2_c1_2,4,repeat_9,3838.42,0
368,normal_std50_L2_c1_2,4,repeat_9.1,3890.95,0
368,normal_std50_L2_c1_2,4,repeat_9.2,3893.9,0
368,normal_std50_L2_c1_2,4,repeat_9.3,3893.95,0
368,normal_std50_L2_c1_2,4,repeat_9.4,3895.55,0
368,normal_std50_L2_c1_2,4,repeat_9.5,3895.7,0
368,normal_std50_L2_c1_2,4,repeat_9.6,3895.7,0
368,normal_std50_L2_c1_2,4,repeat_9.7,3895.7,0
368,normal_std50_L2_c1_2,4,repeat_9.8,3895.7,0
368,normal_std50_L2_c1_2,4,repeat_9.9,3895.86,0
368,normal_std50_L2_c1_2,4,repeat_10,3720.56,0
368,normal_std50_L2_c1_2,4,repeat_10.1,3730.62,0
368,normal_std50_L2_c1_2,4,repeat_10.2,3745.69,0
368,normal_std50_L2_c1_2,4,repeat_10.3,3746.84,0
368,normal_std50_L2_c1_2,4,repeat_10.4,3783.78,0
368,normal_std50_L2_c1_2,4,repeat_10.5,3794.0,0
368,normal_std50_L2_c1_2,4,repeat_10.6,3800.19,0
368,normal_std50_L2_c1_2,4,repeat_10.7,3874.46,0
368,normal_std50_L2_c1_2,4,repeat_10.8,3878.0,0
368,normal_std50_L2_c1_2,4,repeat_10.9,3879.02,0
370,normal_std50_L2_c1_2,5,repeat_1,3440.4,0
370,normal_std50_L2_c1_2,5,repeat_1.1,3441.2,0
370,normal_std50_L2_c1_2,5,repeat_1.2,3441.9,0
370,normal_std50_L2_c1_2,5,repeat_1.3,3449.0,0
370,normal_std50_L2_c1_2,5,repeat_1.4,3453.82,0
370,normal_std50_L2_c1_2,5,repeat_1.5,3456.12,0
370,normal_std50_L2_c1_2,5,repeat_1.6,3458.24,0
370,normal_std50_L2_c1_2,5,repeat_1.7,3461.18,0
370,normal_std50_L2_c1_2,5,repeat_1.8,3474.66,0
370,normal_std50_L2_c1_2,5,repeat_1.9,3475.18,0
370,normal_std50_L2_c1_2,5,repeat_2,3519.02,0
370,normal_std50_L2_c1_2,5,repeat_2.1,3544.28,0
370,normal_std50_L2_c1_2,5,repeat_2.2,3578.28,0
370,normal_std50_L2_c1_2,5,repeat_2.3,3585.54,0
370,normal_std50_L2_c1_2,5,repeat_2.4,3596.2,0
370,normal_std50_L2_c1_2,5,repeat_2.5,3610.25,0
370,normal_std50_L2_c1_2,5,repeat_2.6,3624.5,0
370,normal_std50_L2_c1_2,5,repeat_2.7,3671.49,0
370,normal_std50_L2_c1_2,5,repeat_2.8,3672.47,0
370,normal_std50_L2_c1_2,5,repeat_2.9,3705.45,0
370,normal_std50_L2_c1_2,5,repeat_3,3447.14,0
370,normal_std50_L2_c1_2,5,repeat_3.1,3456.27,0
370,normal_std50_L2_c1_2,5,repeat_3.2,3457.64,0
370,normal_std50_L2_c1_2,5,repeat_3.3,3467.28,0
370,normal_std50_L2_c1_2,5,repeat_3.4,3468.32,0
370,normal_std50_L2_c1_2,5,repeat_3.5,3469.82,0
370,normal_std50_L2_c1_2,5,repeat_3.6,3479.06,0
370,normal_std50_L2_c1_2,5,repeat_3.7,3481.16,0
370,normal_std50_L2_c1_2,5,repeat_3.8,3481.44,0
370,normal_std50_L2_c1_2,5,repeat_3.9,3487.44,0
370,normal_std50_L2_c1_2,5,repeat_4,3445.07,0
370,normal_std50_L2_c1_2,5,repeat_4.1,3467.89,0
370,normal_std50_L2_c1_2,5,repeat_4.2,3480.14,0
370,normal_std50_L2_c1_2,5,repeat_4.3,3481.27,0
370,normal_std50_L2_c1_2,5,repeat_4.4,3482.06,0
370,normal_std50_L2_c1_2,5,repeat_4.5,3485.14,0
370,normal_std50_L2_c1_2,5,repeat_4.6,3491.94,0
370,normal_std50_L2_c1_2,5,repeat_4.7,3494.43,0
370,normal_std50_L2_c1_2,5,repeat_4.8,3496.52,0
370,normal_std50_L2_c1_2,5,repeat_4.9,3497.12,0
370,normal_std50_L2_c1_2,5,repeat_5,3446.02,0
370,normal_std50_L2_c1_2,5,repeat_5.1,3453.44,0
370,normal_std50_L2_c1_2,5,repeat_5.2,3468.78,0
370,normal_std50_L2_c1_2,5,repeat_5.3,3488.02,0
370,normal_std50_L2_c1_2,5,repeat_5.4,3490.82,0
370,normal_std50_L2_c1_2,5,repeat_5.5,3491.8,0
370,normal_std50_L2_c1_2,5,repeat_5.6,3494.08,0
370,normal_std50_L2_c1_2,5,repeat_5.7,3505.74,0
370,normal_std50_L2_c1_2,5,repeat_5.8,3514.06,0
370,normal_std50_L2_c1_2,5,repeat_5.9,3517.66,0
370,normal_std50_L2_c1_2,5,repeat_6,3441.63,0
370,normal_std50_L2_c1_2,5,repeat_6.1,3491.33,0
370,normal_std50_L2_c1_2,5,repeat_6.2,3510.68,0
370,normal_std50_L2_c1_2,5,repeat_6.3,3536.07,0
370,normal_std50_L2_c1_2,5,repeat_6.4,3538.87,0
370,normal_std50_L2_c1_2,5,repeat_6.5,3548.75,0
370,normal_std50_L2_c1_2,5,repeat_6.6,3563.96,0
370,normal_std50_L2_c1_2,5,repeat_6.7,3607.7,0
370,normal_std50_L2_c1_2,5,repeat_6.8,3687.0,0
370,normal_std50_L2_c1_2,5,repeat_6.9,3759.76,0
370,normal_std50_L2_c1_2,5,repeat_7,3458.0,0
370,normal_std50_L2_c1_2,5,repeat_7.1,3471.44,0
370,normal_std50_L2_c1_2,5,repeat_7.2,3492.84,0
370,normal_std50_L2_c1_2,5,repeat_7.3,3494.66,0
370,normal_std50_L2_c1_2,5,repeat_7.4,3497.28,0
370,normal_std50_L2_c1_2,5,repeat_7.5,3503.84,0
370,normal_std50_L2_c1_2,5,repeat_7.6,3573.52,0
370,normal_std50_L2_c1_2,5,repeat_7.7,3609.2,0
370,normal_std50_L2_c1_2,5,repeat_7.8,3612.74,0
370,normal_std50_L2_c1_2,5,repeat_7.9,3646.62,0
370,normal_std50_L2_c1_2,5,repeat_8,3467.95,0
370,normal_std50_L2_c1_2,5,repeat_8.1,3500.32,0
370,normal_std50_L2_c1_2,5,repeat_8.2,3542.56,0
370,normal_std50_L2_c1_2,5,repeat_8.3,3630.92,0
370,normal_std50_L2_c1_2,5,repeat_8.4,3692.96,0
370,normal_std50_L2_c1_2,5,repeat_8.5,3820.64,0
370,normal_std50_L2_c1_2,5,repeat_8.6,3891.96,0
370,normal_std50_L2_c1_2,5,repeat_8.7,3893.3,0
370,normal_std50_L2_c1_2,5,repeat_8.8,3895.7,0
370,normal_std50_L2_c1_2,5,repeat_8.9,3895.7,0
370,normal_std50_L2_c1_2,5,repeat_9,3479.22,0
370,normal_std50_L2_c1_2,5,repeat_9.1,3604.48,0
370,normal_std50_L2_c1_2,5,repeat_9.2,3838.42,0
370,normal_std50_L2_c1_2,5,repeat_9.3,3849.32,0
370,normal_std50_L2_c1_2,5,repeat_9.4,3890.95,0
370,normal_std50_L2_c1_2,5,repeat_9.5,3891.13,0
370,normal_std50_L2_c1_2,5,repeat_9.6,3893.9,0
370,normal_std50_L2_c1_2,5,repeat_9.7,3893.95,0
370,normal_std50_L2_c1_2,5,repeat_9.8,3894.29,0
370,normal_std50_L2_c1_2,5,repeat_9.9,3895.55,0
370,normal_std50_L2_c1_2,5,repeat_10,3497.82,0
370,normal_std50_L2_c1_2,5,repeat_10.1,3610.68,0
370,normal_std50_L2_c1_2,5,repeat_10.2,3689.5,0
370,normal_std50_L2_c1_2,5,repeat_10.3,3694.52,0
370,normal_std50_L2_c1_2,5,repeat_10.4,3720.56,0
370,normal_std50_L2_c1_2,5,repeat_10.5,3730.62,0
370,normal_std50_L2_c1_2,5,repeat_10.6,3745.69,0
370,normal_std50_L2_c1_2,5,repeat_10.7,3746.84,0
370,normal_std50_L2_c1_2,5,repeat_10.8,3783.78,0
370,normal_std50_L2_c1_2,5,repeat_10.9,3791.12,0
372,normal_std50_L2_c1_2,6,repeat_1,3440.4,0
372,normal_std50_L2_c1_2,6,repeat_1.1,3441.2,0
372,normal_std50_L2_c1_2,6,repeat_1.2,3441.9,0
372,normal_std50_L2_c1_2,6,repeat_1.3,3446.08,0
372,normal_std50_L2_c1_2,6,repeat_1.4,3446.68,0
372,normal_std50_L2_c1_2,6,repeat_1.5,3449.0,0
372,normal_std50_L2_c1_2,6,repeat_1.6,3450.9,0
372,normal_std50_L2_c1_2,6,repeat_1.7,3453.82,0
372,normal_std50_L2_c1_2,6,repeat_1.8,3456.12,0
372,normal_std50_L2_c1_2,6,repeat_1.9,3458.24,0
372,normal_std50_L2_c1_2,6,repeat_2,3488.96,0
372,normal_std50_L2_c1_2,6,repeat_2.1,3512.64,0
372,normal_std50_L2_c1_2,6,repeat_2.2,3519.02,0
372,normal_std50_L2_c1_2,6,repeat_2.3,3544.28,0
372,normal_std50_L2_c1_2,6,repeat_2.4,3550.86,0
372,normal_std50_L2_c1_2,6,repeat_2.5,3576.49,0
372,normal_std50_L2_c1_2,6,repeat_2.6,3578.28,0
372,normal_std50_L2_c1_2,6,repeat_2.7,3585.54,0
372,normal_std50_L2_c1_2,6,repeat_2.8,3596.2,0
372,normal_std50_L2_c1_2,6,repeat_2.9,3596.2,0
372,normal_std50_L2_c1_2,6,repeat_3,3447.14,0
372,normal_std50_L2_c1_2,6,repeat_3.1,3456.27,0
372,normal_std50_L2_c1_2,6,repeat_3.2,3457.64,0
372,normal_std50_L2_c1_2,6,repeat_3.3,3467.28,0
372,normal_std50_L2_c1_2,6,repeat_3.4,3468.32,0
372,normal_std50_L2_c1_2,6,repeat_3.5,3469.82,0
372,normal_std50_L2_c1_2,6,repeat_3.6,3479.06,0
372,normal_std50_L2_c1_2,6,repeat_3.7,3481.16,0
372,normal_std50_L2_c1_2,6,repeat_3.8,3481.44,0
372,normal_std50_L2_c1_2,6,repeat_3.9,3485.0,0
372,normal_std50_L2_c1_2,6,repeat_4,3445.07,0
372,normal_std50_L2_c1_2,6,repeat_4.1,3455.59,0
372,normal_std50_L2_c1_2,6,repeat_4.2,3456.7,0
372,normal_std50_L2_c1_2,6,repeat_4.3,3467.89,0
372,normal_std50_L2_c1_2,6,repeat_4.4,3480.14,0
372,normal_std50_L2_c1_2,6,repeat_4.5,3481.27,0
372,normal_std50_L2_c1_2,6,repeat_4.6,3482.06,0
372,normal_std50_L2_c1_2,6,repeat_4.7,3482.97,0
372,normal_std50_L2_c1_2,6,repeat_4.8,3483.74,0
372,normal_std50_L2_c1_2,6,repeat_4.9,3485.14,0
372,normal_std50_L2_c1_2,6,repeat_5,3442.36,0
372,normal_std50_L2_c1_2,6,repeat_5.1,3446.02,0
372,normal_std50_L2_c1_2,6,repeat_5.2,3450.3,0
372,normal_std50_L2_c1_2,6,repeat_5.3,3453.44,0
372,normal_std50_L2_c1_2,6,repeat_5.4,3468.78,0
372,normal_std50_L2_c1_2,6,repeat_5.5,3488.02,0
372,normal_std50_L2_c1_2,6,repeat_5.6,3490.82,0
372,normal_std50_L2_c1_2,6,repeat_5.7,3491.8,0
372,normal_std50_L2_c1_2,6,repeat_5.8,3494.08,0
372,normal_std50_L2_c1_2,6,repeat_5.9,3496.2,0
372,normal_std50_L2_c1_2,6,repeat_6,3441.63,0
372,normal_std50_L2_c1_2,6,repeat_6.1,3491.33,0
372,normal_std50_L2_c1_2,6,repeat_6.2,3491.72,0
372,normal_std50_L2_c1_2,6,repeat_6.3,3510.68,0
372,normal_std50_L2_c1_2,6,repeat_6.4,3536.07,0
372,normal_std50_L2_c1_2,6,repeat_6.5,3538.87,0
372,normal_std50_L2_c1_2,6,repeat_6.6,3540.06,0
372,normal_std50_L2_c1_2,6,repeat_6.7,3548.75,0
372,normal_std50_L2_c1_2,6,repeat_6.8,3557.35,0
372,normal_std50_L2_c1_2,6,repeat_6.9,3563.96,0
372,normal_std50_L2_c1_2,6,repeat_7,3458.0,0
372,normal_std50_L2_c1_2,6,repeat_7.1,3471.44,0
372,normal_std50_L2_c1_2,6,repeat_7.2,3492.84,0
372,normal_std50_L2_c1_2,6,repeat_7.3,3494.66,0
372,normal_std50_L2_c1_2,6,repeat_7.4,3497.28,0
372,normal_std50_L2_c1_2,6,repeat_7.5,3503.84,0
372,normal_std50_L2_c1_2,6,repeat_7.6,3573.52,0
372,normal_std50_L2_c1_2,6,repeat_7.7,3609.2,0
372,normal_std50_L2_c1_2,6,repeat_7.8,3612.74,0
372,normal_std50_L2_c1_2,6,repeat_7.9,3646.62,0
372,normal_std50_L2_c1_2,6,repeat_8,3425.97,0
372,normal_std50_L2_c1_2,6,repeat_8.1,3435.2,0
372,normal_std50_L2_c1_2,6,repeat_8.2,3467.95,0
372,normal_std50_L2_c1_2,6,repeat_8.3,3491.72,0
372,normal_std50_L2_c1_2,6,repeat_8.4,3500.32,0
372,normal_std50_L2_c1_2,6,repeat_8.5,3542.56,0
372,normal_std50_L2_c1_2,6,repeat_8.6,3630.92,0
372,normal_std50_L2_c1_2,6,repeat_8.7,3692.96,0
372,normal_std50_L2_c1_2,6,repeat_8.8,3737.98,0
372,normal_std50_L2_c1_2,6,repeat_8.9,3820.64,0
372,normal_std50_L2_c1_2,6,repeat_9,3479.22,0
372,normal_std50_L2_c1_2,6,repeat_9.1,3604.48,0
372,normal_std50_L2_c1_2,6,repeat_9.2,3838.42,0
372,normal_std50_L2_c1_2,6,repeat_9.3,3849.32,0
372,normal_std50_L2_c1_2,6,repeat_9.4,3890.95,0
372,normal_std50_L2_c1_2,6,repeat_9.5,3891.13,0
372,normal_std50_L2_c1_2,6,repeat_9.6,3893.9,0
372,normal_std50_L2_c1_2,6,repeat_9.7,3893.95,0
372,normal_std50_L2_c1_2,6,repeat_9.8,3894.29,0
372,normal_std50_L2_c1_2,6,repeat_9.9,3895.55,0
372,normal_std50_L2_c1_2,6,repeat_10,3497.82,0
372,normal_std50_L2_c1_2,6,repeat_10.1,3610.68,0
372,normal_std50_L2_c1_2,6,repeat_10.2,3689.5,0
372,normal_std50_L2_c1_2,6,repeat_10.3,3694.52,0
372,normal_std50_L2_c1_2,6,repeat_10.4,3720.56,0
372,normal_std50_L2_c1_2,6,repeat_10.5,3730.62,0
372,normal_std50_L2_c1_2,6,repeat_10.6,3745.69,0
372,normal_std50_L2_c1_2,6,repeat_10.7,3746.84,0
372,normal_std50_L2_c1_2,6,repeat_10.8,3783.78,0
372,normal_std50_L2_c1_2,6,repeat_10.9,3791.12,0
374,normal_std50_L2_c1_2,7,repeat_1,3440.4,0
374,normal_std50_L2_c1_2,7,repeat_1.1,3440.84,0
374,normal_std50_L2_c1_2,7,repeat_1.2,3441.2,0
374,normal_std50_L2_c1_2,7,repeat_1.3,3441.9,0
374,normal_std50_L2_c1_2,7,repeat_1.4,3442.24,0
374,normal_std50_L2_c1_2,7,repeat_1.5,3444.18,0
374,normal_std50_L2_c1_2,7,repeat_1.6,3446.08,0
374,normal_std50_L2_c1_2,7,repeat_1.7,3446.68,0
374,normal_std50_L2_c1_2,7,repeat_1.8,3449.0,0
374,normal_std50_L2_c1_2,7,repeat_1.9,3449.74,0
374,normal_std50_L2_c1_2,7,repeat_2,3488.96,0
374,normal_std50_L2_c1_2,7,repeat_2.1,3489.96,0
374,normal_std50_L2_c1_2,7,repeat_2.2,3490.96,0
374,normal_std50_L2_c1_2,7,repeat_2.3,3500.74,0
374,normal_std50_L2_c1_2,7,repeat_2.4,3511.1,0
374,normal_std50_L2_c1_2,7,repeat_2.5,3512.64,0
374,normal_std50_L2_c1_2,7,repeat_2.6,3514.28,0
374,normal_std50_L2_c1_2,7,repeat_2.7,3519.02,0
374,normal_std50_L2_c1_2,7,repeat_2.8,3521.02,0
374,normal_std50_L2_c1_2,7,repeat_2.9,3544.28,0
374,normal_std50_L2_c1_2,7,repeat_3,3447.14,0
374,normal_std50_L2_c1_2,7,repeat_3.1,3456.27,0
374,normal_std50_L2_c1_2,7,repeat_3.2,3457.64,0
374,normal_std50_L2_c1_2,7,repeat_3.3,3467.28,0
374,normal_std50_L2_c1_2,7,repeat_3.4,3468.32,0
374,normal_std50_L2_c1_2,7,repeat_3.5,3469.82,0
374,normal_std50_L2_c1_2,7,repeat_3.6,3478.81,0
374,normal_std50_L2_c1_2,7,repeat_3.7,3479.06,0
374,normal_std50_L2_c1_2,7,repeat_3.8,3481.16,0
374,normal_std50_L2_c1_2,7,repeat_3.9,3481.44,0
374,normal_std50_L2_c1_2,7,repeat_4,3445.07,0
374,normal_std50_L2_c1_2,7,repeat_4.1,3445.94,0
374,normal_std50_L2_c1_2,7,repeat_4.2,3455.59,0
374,normal_std50_L2_c1_2,7,repeat_4.3,3456.7,0
374,normal_std50_L2_c1_2,7,repeat_4.4,3459.7,0
374,normal_std50_L2_c1_2,7,repeat_4.5,3467.89,0
374,normal_std50_L2_c1_2,7,repeat_4.6,3480.14,0
374,normal_std50_L2_c1_2,7,repeat_4.7,3481.27,0
374,normal_std50_L2_c1_2,7,repeat_4.8,3482.06,0
374,normal_std50_L2_c1_2,7,repeat_4.9,3482.97,0
374,normal_std50_L2_c1_2,7,repeat_5,3442.36,0
374,normal_std50_L2_c1_2,7,repeat_5.1,3446.02,0
374,normal_std50_L2_c1_2,7,repeat_5.2,3450.3,0
374,normal_std50_L2_c1_2,7,repeat_5.3,3453.44,0
374,normal_std50_L2_c1_2,7,repeat_5.4,3468.78,0
374,normal_std50_L2_c1_2,7,repeat_5.5,3488.02,0
374,normal_std50_L2_c1_2,7,repeat_5.6,3490.82,0
374,normal_std50_L2_c1_2,7,repeat_5.7,3491.8,0
374,normal_std50_L2_c1_2,7,repeat_5.8,3494.08,0
374,normal_std50_L2_c1_2,7,repeat_5.9,3496.2,0
374,normal_std50_L2_c1_2,7,repeat_6,3441.63,0
374,normal_std50_L2_c1_2,7,repeat_6.1,3491.33,0
374,normal_std50_L2_c1_2,7,repeat_6.2,3491.72,0
374,normal_std50_L2_c1_2,7,repeat_6.3,3492.98,0
374,normal_std50_L2_c1_2,7,repeat_6.4,3510.68,0
374,normal_std50_L2_c1_2,7,repeat_6.5,3536.07,0
374,normal_std50_L2_c1_2,7,repeat_6.6,3538.87,0
374,normal_std50_L2_c1_2,7,repeat_6.7,3539.01,0
374,normal_std50_L2_c1_2,7,repeat_6.8,3539.44,0
374,normal_std50_L2_c1_2,7,repeat_6.9,3539.89,0
374,normal_std50_L2_c1_2,7,repeat_7,3458.0,0
374,normal_std50_L2_c1_2,7,repeat_7.1,3467.42,0
374,normal_std50_L2_c1_2,7,repeat_7.2,3471.44,0
374,normal_std50_L2_c1_2,7,repeat_7.3,3479.42,0
374,normal_std50_L2_c1_2,7,repeat_7.4,3482.8,0
374,normal_std50_L2_c1_2,7,repeat_7.5,3491.68,0
374,normal_std50_L2_c1_2,7,repeat_7.6,3492.84,0
374,normal_std50_L2_c1_2,7,repeat_7.7,3494.66,0
374,normal_std50_L2_c1_2,7,repeat_7.8,3497.28,0
374,normal_std50_L2_c1_2,7,repeat_7.9,3503.84,0
374,normal_std50_L2_c1_2,7,repeat_8,3425.97,0
374,normal_std50_L2_c1_2,7,repeat_8.1,3435.2,0
374,normal_std50_L2_c1_2,7,repeat_8.2,3467.95,0
374,normal_std50_L2_c1_2,7,repeat_8.3,3491.72,0
374,normal_std50_L2_c1_2,7,repeat_8.4,3500.32,0
374,normal_std50_L2_c1_2,7,repeat_8.5,3542.56,0
374,normal_std50_L2_c1_2,7,repeat_8.6,3630.92,0
374,normal_std50_L2_c1_2,7,repeat_8.7,3692.96,0
374,normal_std50_L2_c1_2,7,repeat_8.8,3737.98,0
374,normal_std50_L2_c1_2,7,repeat_8.9,3820.64,0
374,normal_std50_L2_c1_2,7,repeat_9,3445.53,0
374,normal_std50_L2_c1_2,7,repeat_9.1,3479.22,0
374,normal_std50_L2_c1_2,7,repeat_9.2,3480.56,0
374,normal_std50_L2_c1_2,7,repeat_9.3,3604.48,0
374,normal_std50_L2_c1_2,7,repeat_9.4,3625.0,0
374,normal_std50_L2_c1_2,7,repeat_9.5,3838.42,0
374,normal_std50_L2_c1_2,7,repeat_9.6,3849.32,0
374,normal_std50_L2_c1_2,7,repeat_9.7,3849.35,0
374,normal_std50_L2_c1_2,7,repeat_9.8,3890.95,0
374,normal_std50_L2_c1_2,7,repeat_9.9,3891.13,0
374,normal_std50_L2_c1_2,7,repeat_10,3484.76,0
374,normal_std50_L2_c1_2,7,repeat_10.1,3497.82,0
374,normal_std50_L2_c1_2,7,repeat_10.2,3551.6,0
374,normal_std50_L2_c1_2,7,repeat_10.3,3609.28,0
374,normal_std50_L2_c1_2,7,repeat_10.4,3609.38,0
374,normal_std50_L2_c1_2,7,repeat_10.5,3609.68,0
374,normal_std50_L2_c1_2,7,repeat_10.6,3610.68,0
374,normal_std50_L2_c1_2,7,repeat_10.7,3687.66,0
374,normal_std50_L2_c1_2,7,repeat_10.8,3689.5,0
374,normal_std50_L2_c1_2,7,repeat_10.9,3694.52,0
376,normal_std50_L2_c1_2,8,repeat_1,3440.4,0
376,normal_std50_L2_c1_2,8,repeat_1.1,3440.84,0
376,normal_std50_L2_c1_2,8,repeat_1.2,3441.14,0
376,normal_std50_L2_c1_2,8,repeat_1.3,3441.2,0
376,normal_std50_L2_c1_2,8,repeat_1.4,3441.9,0
376,normal_std50_L2_c1_2,8,repeat_1.5,3442.08,0
376,normal_std50_L2_c1_2,8,repeat_1.6,3442.24,0
376,normal_std50_L2_c1_2,8,repeat_1.7,3444.18,0
376,normal_std50_L2_c1_2,8,repeat_1.8,3444.68,0
376,normal_std50_L2_c1_2,8,repeat_1.9,3445.7,0
376,normal_std50_L2_c1_2,8,repeat_2,3488.96,0
376,normal_std50_L2_c1_2,8,repeat_2.1,3489.96,0
376,normal_std50_L2_c1_2,8,repeat_2.2,3490.96,0
376,normal_std50_L2_c1_2,8,repeat_2.3,3498.94,0
376,normal_std50_L2_c1_2,8,repeat_2.4,3499.66,0
376,normal_std50_L2_c1_2,8,repeat_2.5,3500.44,0
376,normal_std50_L2_c1_2,8,repeat_2.6,3500.74,0
376,normal_std50_L2_c1_2,8,repeat_2.7,3503.3,0
376,normal_std50_L2_c1_2,8,repeat_2.8,3511.1,0
376,normal_std50_L2_c1_2,8,repeat_2.9,3512.64,0
376,normal_std50_L2_c1_2,8,repeat_3,3447.14,0
376,normal_std50_L2_c1_2,8,repeat_3.1,3456.27,0
376,normal_std50_L2_c1_2,8,repeat_3.2,3457.64,0
376,normal_std50_L2_c1_2,8,repeat_3.3,3467.28,0
376,normal_std50_L2_c1_2,8,repeat_3.4,3468.32,0
376,normal_std50_L2_c1_2,8,repeat_3.5,3469.43,0
376,normal_std50_L2_c1_2,8,repeat_3.6,3469.82,0
376,normal_std50_L2_c1_2,8,repeat_3.7,3478.81,0
376,normal_std50_L2_c1_2,8,repeat_3.8,3479.06,0
376,normal_std50_L2_c1_2,8,repeat_3.9,3481.16,0
376,normal_std50_L2_c1_2,8,repeat_4,3434.81,0
376,normal_std50_L2_c1_2,8,repeat_4.1,3445.07,0
376,normal_std50_L2_c1_2,8,repeat_4.2,3445.94,0
376,normal_std50_L2_c1_2,8,repeat_4.3,3455.5,0
376,normal_std50_L2_c1_2,8,repeat_4.4,3455.59,0
376,normal_std50_L2_c1_2,8,repeat_4.5,3456.7,0
376,normal_std50_L2_c1_2,8,repeat_4.6,3459.7,0
376,normal_std50_L2_c1_2,8,repeat_4.7,3467.89,0
376,normal_std50_L2_c1_2,8,repeat_4.8,3480.14,0
376,normal_std50_L2_c1_2,8,repeat_4.9,3480.37,0
376,normal_std50_L2_c1_2,8,repeat_5,3442.36,0
376,normal_std50_L2_c1_2,8,repeat_5.1,3443.62,0
376,normal_std50_L2_c1_2,8,repeat_5.2,3446.02,0
376,normal_std50_L2_c1_2,8,repeat_5.3,3449.92,0
376,normal_std50_L2_c1_2,8,repeat_5.4,3450.3,0
376,normal_std50_L2_c1_2,8,repeat_5.5,3453.44,0
376,normal_std50_L2_c1_2,8,repeat_5.6,3459.84,0
376,normal_std50_L2_c1_2,8,repeat_5.7,3463.98,0
376,normal_std50_L2_c1_2,8,repeat_5.8,3468.78,0
376,normal_std50_L2_c1_2,8,repeat_5.9,3488.02,0
376,normal_std50_L2_c1_2,8,repeat_6,3441.63,0
376,normal_std50_L2_c1_2,8,repeat_6.1,3491.33,0
376,normal_std50_L2_c1_2,8,repeat_6.2,3491.38,0
376,normal_std50_L2_c1_2,8,repeat_6.3,3491.72,0
376,normal_std50_L2_c1_2,8,repeat_6.4,3492.5,0
376,normal_std50_L2_c1_2,8,repeat_6.5,3492.98,0
376,normal_std50_L2_c1_2,8,repeat_6.6,3510.68,0
376,normal_std50_L2_c1_2,8,repeat_6.7,3536.07,0
376,normal_std50_L2_c1_2,8,repeat_6.8,3538.87,0
376,normal_std50_L2_c1_2,8,repeat_6.9,3539.01,0
376,normal_std50_L2_c1_2,8,repeat_7,3458.0,0
376,normal_std50_L2_c1_2,8,repeat_7.1,3467.42,0
376,normal_std50_L2_c1_2,8,repeat_7.2,3471.44,0
376,normal_std50_L2_c1_2,8,repeat_7.3,3479.42,0
376,normal_std50_L2_c1_2,8,repeat_7.4,3482.8,0
376,normal_std50_L2_c1_2,8,repeat_7.5,3491.68,0
376,normal_std50_L2_c1_2,8,repeat_7.6,3492.84,0
376,normal_std50_L2_c1_2,8,repeat_7.7,3494.66,0
376,normal_std50_L2_c1_2,8,repeat_7.8,3497.28,0
376,normal_std50_L2_c1_2,8,repeat_7.9,3503.84,0
376,normal_std50_L2_c1_2,8,repeat_8,3413.19,0
376,normal_std50_L2_c1_2,8,repeat_8.1,3425.97,0
376,normal_std50_L2_c1_2,8,repeat_8.2,3431.38,0
376,normal_std50_L2_c1_2,8,repeat_8.3,3435.2,0
376,normal_std50_L2_c1_2,8,repeat_8.4,3435.49,0
376,normal_std50_L2_c1_2,8,repeat_8.5,3467.95,0
376,normal_std50_L2_c1_2,8,repeat_8.6,3491.72,0
376,normal_std50_L2_c1_2,8,repeat_8.7,3500.32,0
376,normal_std50_L2_c1_2,8,repeat_8.8,3542.56,0
376,normal_std50_L2_c1_2,8,repeat_8.9,3553.25,0
376,normal_std50_L2_c1_2,8,repeat_9,3445.53,0
376,normal_std50_L2_c1_2,8,repeat_9.1,3479.22,0
376,normal_std50_L2_c1_2,8,repeat_9.2,3480.56,0
376,normal_std50_L2_c1_2,8,repeat_9.3,3604.48,0
376,normal_std50_L2_c1_2,8,repeat_9.4,3625.0,0
376,normal_std50_L2_c1_2,8,repeat_9.5,3838.42,0
376,normal_std50_L2_c1_2,8,repeat_9.6,3849.32,0
376,normal_std50_L2_c1_2,8,repeat_9.7,3849.35,0
376,normal_std50_L2_c1_2,8,repeat_9.8,3890.95,0
376,normal_std50_L2_c1_2,8,repeat_9.9,3891.13,0
376,normal_std50_L2_c1_2,8,repeat_10,3483.3,0
376,normal_std50_L2_c1_2,8,repeat_10.1,3483.98,0
376,normal_std50_L2_c1_2,8,repeat_10.2,3484.76,0
376,normal_std50_L2_c1_2,8,repeat_10.3,3486.22,0
376,normal_std50_L2_c1_2,8,repeat_10.4,3490.22,0
376,normal_std50_L2_c1_2,8,repeat_10.5,3497.82,0
376,normal_std50_L2_c1_2,8,repeat_10.6,3523.62,0
376,normal_std50_L2_c1_2,8,repeat_10.7,3545.4,0
376,normal_std50_L2_c1_2,8,repeat_10.8,3551.6,0
376,normal_std50_L2_c1_2,8,repeat_10.9,3609.28,0
378,normal_std50_L2_c1_2,9,repeat_1,3440.1,0
378,normal_std50_L2_c1_2,9,repeat_1.1,3440.4,0
378,normal_std50_L2_c1_2,9,repeat_1.2,3440.84,0
378,normal_std50_L2_c1_2,9,repeat_1.3,3440.9,0
378,normal_std50_L2_c1_2,9,repeat_1.4,3441.14,0
378,normal_std50_L2_c1_2,9,repeat_1.5,3441.2,0
378,normal_std50_L2_c1_2,9,repeat_1.6,3441.74,0
378,normal_std50_L2_c1_2,9,repeat_1.7,3441.9,0
378,normal_std50_L2_c1_2,9,repeat_1.8,3442.08,0
378,normal_std50_L2_c1_2,9,repeat_1.9,3442.24,0
378,normal_std50_L2_c1_2,9,repeat_2,3488.96,0
378,normal_std50_L2_c1_2,9,repeat_2.1,3489.96,0
378,normal_std50_L2_c1_2,9,repeat_2.2,3490.96,0
378,normal_std50_L2_c1_2,9,repeat_2.3,3492.48,0
378,normal_std50_L2_c1_2,9,repeat_2.4,3496.44,0
378,normal_std50_L2_c1_2,9,repeat_2.5,3498.44,0
378,normal_std50_L2_c1_2,9,repeat_2.6,3498.94,0
378,normal_std50_L2_c1_2,9,repeat_2.7,3499.66,0
378,normal_std50_L2_c1_2,9,repeat_2.8,3500.44,0
378,normal_std50_L2_c1_2,9,repeat_2.9,3500.74,0
378,normal_std50_L2_c1_2,9,repeat_3,3447.14,0
378,normal_std50_L2_c1_2,9,repeat_3.1,3456.27,0
378,normal_std50_L2_c1_2,9,repeat_3.2,3457.64,0
378,normal_std50_L2_c1_2,9,repeat_3.3,3467.28,0
378,normal_std50_L2_c1_2,9,repeat_3.4,3468.32,0
378,normal_std50_L2_c1_2,9,repeat_3.5,3469.43,0
378,normal_std50_L2_c1_2,9,repeat_3.6,3469.82,0
378,normal_std50_L2_c1_2,9,repeat_3.7,3478.81,0
378,normal_std50_L2_c1_2,9,repeat_3.8,3479.06,0
378,normal_std50_L2_c1_2,9,repeat_3.9,3481.16,0
378,normal_std50_L2_c1_2,9,repeat_4,3434.81,0
378,normal_std50_L2_c1_2,9,repeat_4.1,3438.4,0
378,normal_std50_L2_c1_2,9,repeat_4.2,3438.6,0
378,normal_std50_L2_c1_2,9,repeat_4.3,3445.07,0
378,normal_std50_L2_c1_2,9,repeat_4.4,3445.94,0
378,normal_std50_L2_c1_2,9,repeat_4.5,3455.5,0
378,normal_std50_L2_c1_2,9,repeat_4.6,3455.59,0
378,normal_std50_L2_c1_2,9,repeat_4.7,3456.7,0
378,normal_std50_L2_c1_2,9,repeat_4.8,3459.37,0
378,normal_std50_L2_c1_2,9,repeat_4.9,3459.7,0
378,normal_std50_L2_c1_2,9,repeat_5,3442.36,0
378,normal_std50_L2_c1_2,9,repeat_5.1,3443.62,0
378,normal_std50_L2_c1_2,9,repeat_5.2,3446.02,0
378,normal_std50_L2_c1_2,9,repeat_5.3,3449.92,0
378,normal_std50_L2_c1_2,9,repeat_5.4,3450.3,0
378,normal_std50_L2_c1_2,9,repeat_5.5,3453.44,0
378,normal_std50_L2_c1_2,9,repeat_5.6,3459.84,0
378,normal_std50_L2_c1_2,9,repeat_5.7,3463.98,0
378,normal_std50_L2_c1_2,9,repeat_5.8,3468.78,0
378,normal_std50_L2_c1_2,9,repeat_5.9,3488.02,0
378,normal_std50_L2_c1_2,9,repeat_6,3441.63,0
378,normal_std50_L2_c1_2,9,repeat_6.1,3491.33,0
378,normal_std50_L2_c1_2,9,repeat_6.2,3491.38,0
378,normal_std50_L2_c1_2,9,repeat_6.3,3491.72,0
378,normal_std50_L2_c1_2,9,repeat_6.4,3492.5,0
378,normal_std50_L2_c1_2,9,repeat_6.5,3492.98,0
378,normal_std50_L2_c1_2,9,repeat_6.6,3510.68,0
378,normal_std50_L2_c1_2,9,repeat_6.7,3536.07,0
378,normal_std50_L2_c1_2,9,repeat_6.8,3538.87,0
378,normal_std50_L2_c1_2,9,repeat_6.9,3539.01,0
378,normal_std50_L2_c1_2,9,repeat_7,3458.0,0
378,normal_std50_L2_c1_2,9,repeat_7.1,3467.42,0
378,normal_std50_L2_c1_2,9,repeat_7.2,3471.44,0
378,normal_std50_L2_c1_2,9,repeat_7.3,3479.42,0
378,normal_std50_L2_c1_2,9,repeat_7.4,3482.8,0
378,normal_std50_L2_c1_2,9,repeat_7.5,3491.68,0
378,normal_std50_L2_c1_2,9,repeat_7.6,3492.84,0
378,normal_std50_L2_c1_2,9,repeat_7.7,3494.66,0
378,normal_std50_L2_c1_2,9,repeat_7.8,3497.28,0
378,normal_std50_L2_c1_2,9,repeat_7.9,3503.84,0
378,normal_std50_L2_c1_2,9,repeat_8,3413.19,0
378,normal_std50_L2_c1_2,9,repeat_8.1,3425.97,0
378,normal_std50_L2_c1_2,9,repeat_8.2,3431.38,0
378,normal_std50_L2_c1_2,9,repeat_8.3,3435.2,0
378,normal_std50_L2_c1_2,9,repeat_8.4,3435.49,0
378,normal_std50_L2_c1_2,9,repeat_8.5,3467.95,0
378,normal_std50_L2_c1_2,9,repeat_8.6,3491.72,0
378,normal_std50_L2_c1_2,9,repeat_8.7,3500.32,0
378,normal_std50_L2_c1_2,9,repeat_8.8,3542.56,0
378,normal_std50_L2_c1_2,9,repeat_8.9,3553.25,0
378,normal_std50_L2_c1_2,9,repeat_9,3445.53,0
378,normal_std50_L2_c1_2,9,repeat_9.1,3479.22,0
378,normal_std50_L2_c1_2,9,repeat_9.2,3480.56,0
378,normal_std50_L2_c1_2,9,repeat_9.3,3604.48,0
378,normal_std50_L2_c1_2,9,repeat_9.4,3625.0,0
378,normal_std50_L2_c1_2,9,repeat_9.5,3838.42,0
378,normal_std50_L2_c1_2,9,repeat_9.6,3849.32,0
378,normal_std50_L2_c1_2,9,repeat_9.7,3849.35,0
378,normal_std50_L2_c1_2,9,repeat_9.8,3890.95,0
378,normal_std50_L2_c1_2,9,repeat_9.9,3891.13,0
378,normal_std50_L2_c1_2,9,repeat_10,3457.86,0
378,normal_std50_L2_c1_2,9,repeat_10.1,3481.6,0
378,normal_std50_L2_c1_2,9,repeat_10.2,3483.3,0
378,normal_std50_L2_c1_2,9,repeat_10.3,3483.78,0
378,normal_std50_L2_c1_2,9,repeat_10.4,3483.98,0
378,normal_std50_L2_c1_2,9,repeat_10.5,3484.76,0
378,normal_std50_L2_c1_2,9,repeat_10.6,3486.22,0
378,normal_std50_L2_c1_2,9,repeat_10.7,3490.22,0
378,normal_std50_L2_c1_2,9,repeat_10.8,3495.12,0
378,normal_std50_L2_c1_2,9,repeat_10.9,3497.82,0
380,normal_std50_L2_c1_2,10,repeat_1,3440.1,0
380,normal_std50_L2_c1_2,10,repeat_1.1,3440.4,0
380,normal_std50_L2_c1_2,10,repeat_1.2,3440.84,0
380,normal_std50_L2_c1_2,10,repeat_1.3,3440.9,0
380,normal_std50_L2_c1_2,10,repeat_1.4,3441.14,0
380,normal_std50_L2_c1_2,10,repeat_1.5,3441.2,0
380,normal_std50_L2_c1_2,10,repeat_1.6,3441.74,0
380,normal_std50_L2_c1_2,10,repeat_1.7,3441.88,0
380,normal_std50_L2_c1_2,10,repeat_1.8,3441.9,0
380,normal_std50_L2_c1_2,10,repeat_1.9,3442.08,0
380,normal_std50_L2_c1_2,10,repeat_2,3467.9,0
380,normal_std50_L2_c1_2,10,repeat_2.1,3475.12,0
380,normal_std50_L2_c1_2,10,repeat_2.2,3488.96,0
380,normal_std50_L2_c1_2,10,repeat_2.3,3489.96,0
380,normal_std50_L2_c1_2,10,repeat_2.4,3490.96,0
380,normal_std50_L2_c1_2,10,repeat_2.5,3492.48,0
380,normal_std50_L2_c1_2,10,repeat_2.6,3493.26,0
380,normal_std50_L2_c1_2,10,repeat_2.7,3496.44,0
380,normal_std50_L2_c1_2,10,repeat_2.8,3496.54,0
380,normal_std50_L2_c1_2,10,repeat_2.9,3498.44,0
380,normal_std50_L2_c1_2,10,repeat_3,3447.14,0
380,normal_std50_L2_c1_2,10,repeat_3.1,3456.27,0
380,normal_std50_L2_c1_2,10,repeat_3.2,3457.64,0
380,normal_std50_L2_c1_2,10,repeat_3.3,3467.28,0
380,normal_std50_L2_c1_2,10,repeat_3.4,3468.32,0
380,normal_std50_L2_c1_2,10,repeat_3.5,3469.43,0
380,normal_std50_L2_c1_2,10,repeat_3.6,3469.82,0
380,normal_std50_L2_c1_2,10,repeat_3.7,3472.68,0
380,normal_std50_L2_c1_2,10,repeat_3.8,3478.81,0
380,normal_std50_L2_c1_2,10,repeat_3.9,3479.06,0
380,normal_std50_L2_c1_2,10,repeat_4,3434.81,0
380,normal_std50_L2_c1_2,10,repeat_4.1,3437.91,0
380,normal_std50_L2_c1_2,10,repeat_4.2,3437.91,0
380,normal_std50_L2_c1_2,10,repeat_4.3,3438.4,0
380,normal_std50_L2_c1_2,10,repeat_4.4,3438.6,0
380,normal_std50_L2_c1_2,10,repeat_4.5,3445.07,0
380,normal_std50_L2_c1_2,10,repeat_4.6,3445.94,0
380,normal_std50_L2_c1_2,10,repeat_4.7,3455.5,0
380,normal_std50_L2_c1_2,10,repeat_4.8,3455.59,0
380,normal_std50_L2_c1_2,10,repeat_4.9,3455.81,0
380,normal_std50_L2_c1_2,10,repeat_5,3441.58,0
380,normal_std50_L2_c1_2,10,repeat_5.1,3442.36,0
380,normal_std50_L2_c1_2,10,repeat_5.2,3443.62,0
380,normal_std50_L2_c1_2,10,repeat_5.3,3444.64,0
380,normal_std50_L2_c1_2,10,repeat_5.4,3446.02,0
380,normal_std50_L2_c1_2,10,repeat_5.5,3448.26,0
380,normal_std50_L2_c1_2,10,repeat_5.6,3449.84,0
380,normal_std50_L2_c1_2,10,repeat_5.7,3449.92,0
380,normal_std50_L2_c1_2,10,repeat_5.8,3450.3,0
380,normal_std50_L2_c1_2,10,repeat_5.9,3453.44,0
380,normal_std50_L2_c1_2,10,repeat_6,3441.63,0
380,normal_std50_L2_c1_2,10,repeat_6.1,3491.33,0
380,normal_std50_L2_c1_2,10,repeat_6.2,3491.38,0
380,normal_std50_L2_c1_2,10,repeat_6.3,3491.62,0
380,normal_std50_L2_c1_2,10,repeat_6.4,3491.72,0
380,normal_std50_L2_c1_2,10,repeat_6.5,3491.72,0
380,normal_std50_L2_c1_2,10,repeat_6.6,3492.5,0
380,normal_std50_L2_c1_2,10,repeat_6.7,3492.98,0
380,normal_std50_L2_c1_2,10,repeat_6.8,3507.62,0
380,normal_std50_L2_c1_2,10,repeat_6.9,3510.68,0
380,normal_std50_L2_c1_2,10,repeat_7,3458.0,0
380,normal_std50_L2_c1_2,10,repeat_7.1,3467.42,0
380,normal_std50_L2_c1_2,10,repeat_7.2,3471.44,0
380,normal_std50_L2_c1_2,10,repeat_7.3,3479.42,0
380,normal_std50_L2_c1_2,10,repeat_7.4,3482.8,0
380,normal_std50_L2_c1_2,10,repeat_7.5,3491.68,0
380,normal_std50_L2_c1_2,10,repeat_7.6,3492.84,0
380,normal_std50_L2_c1_2,10,repeat_7.7,3494.66,0
380,normal_std50_L2_c1_2,10,repeat_7.8,3497.28,0
380,normal_std50_L2_c1_2,10,repeat_7.9,3503.84,0
380,normal_std50_L2_c1_2,10,repeat_8,3413.19,0
380,normal_std50_L2_c1_2,10,repeat_8.1,3425.97,0
380,normal_std50_L2_c1_2,10,repeat_8.2,3431.38,0
380,normal_std50_L2_c1_2,10,repeat_8.3,3435.2,0
380,normal_std50_L2_c1_2,10,repeat_8.4,3435.49,0
380,normal_std50_L2_c1_2,10,repeat_8.5,3467.95,0
380,normal_std50_L2_c1_2,10,repeat_8.6,3487.22,0
380,normal_std50_L2_c1_2,10,repeat_8.7,3487.3,0
380,normal_std50_L2_c1_2,10,repeat_8.8,3491.72,0
380,normal_std50_L2_c1_2,10,repeat_8.9,3491.72,0
380,normal_std50_L2_c1_2,10,repeat_9,3445.53,0
380,normal_std50_L2_c1_2,10,repeat_9.1,3479.22,0
380,normal_std50_L2_c1_2,10,repeat_9.2,3480.56,0
380,normal_std50_L2_c1_2,10,repeat_9.3,3604.48,0
380,normal_std50_L2_c1_2,10,repeat_9.4,3625.0,0
380,normal_std50_L2_c1_2,10,repeat_9.5,3838.42,0
380,normal_std50_L2_c1_2,10,repeat_9.6,3849.32,0
380,normal_std50_L2_c1_2,10,repeat_9.7,3849.35,0
380,normal_std50_L2_c1_2,10,repeat_9.8,3890.95,0
380,normal_std50_L2_c1_2,10,repeat_9.9,3891.13,0
380,normal_std50_L2_c1_2,10,repeat_10,3457.86,0
380,normal_std50_L2_c1_2,10,repeat_10.1,3481.6,0
380,normal_std50_L2_c1_2,10,repeat_10.2,3483.3,0
380,normal_std50_L2_c1_2,10,repeat_10.3,3483.78,0
380,normal_std50_L2_c1_2,10,repeat_10.4,3483.98,0
380,normal_std50_L2_c1_2,10,repeat_10.5,3484.56,0
380,normal_std50_L2_c1_2,10,repeat_10.6,3484.76,0
380,normal_std50_L2_c1_2,10,repeat_10.7,3486.22,0
380,normal_std50_L2_c1_2,10,repeat_10.8,3488.66,0
380,normal_std50_L2_c1_2,10,repeat_10.9,3490.22,0
382,normal_std50_L2_c1_5,1,repeat_1,5556.88,0
382,normal_std50_L2_c1_5,1,repeat_1.1,5811.8,0
382,normal_std50_L2_c1_5,1,repeat_1.2,5812.01,0
382,normal_std50_L2_c1_5,1,repeat_1.3,5812.66,0
382,normal_std50_L2_c1_5,1,repeat_1.4,5852.06,0
382,normal_std50_L2_c1_5,1,repeat_1.5,5860.77,0
382,normal_std50_L2_c1_5,1,repeat_1.6,5876.72,0
382,normal_std50_L2_c1_5,1,repeat_1.7,6408.1,0
382,normal_std50_L2_c1_5,1,repeat_1.8,7853.06,0
382,normal_std50_L2_c1_5,1,repeat_2,5561.48,0
382,normal_std50_L2_c1_5,1,repeat_2.1,5811.8,0
382,normal_std50_L2_c1_5,1,repeat_2.2,5811.8,0
382,normal_std50_L2_c1_5,1,repeat_2.3,5811.82,0
382,normal_std50_L2_c1_5,1,repeat_2.4,5838.02,0
382,normal_std50_L2_c1_5,1,repeat_2.5,5852.06,0
382,normal_std50_L2_c1_5,1,repeat_2.6,5853.63,0
382,normal_std50_L2_c1_5,1,repeat_2.7,5979.24,0
382,normal_std50_L2_c1_5,1,repeat_2.8,6207.78,0
382,normal_std50_L2_c1_5,1,repeat_2.9,6408.1,0
382,normal_std50_L2_c1_5,1,repeat_3,5495.74,0
382,normal_std50_L2_c1_5,1,repeat_3.1,5591.36,0
382,normal_std50_L2_c1_5,1,repeat_3.2,5811.8,0
382,normal_std50_L2_c1_5,1,repeat_3.3,5923.68,0
382,normal_std50_L2_c1_5,1,repeat_3.4,6004.7,0
382,normal_std50_L2_c1_5,1,repeat_3.5,6390.36,0
382,normal_std50_L2_c1_5,1,repeat_3.6,6408.1,0
382,normal_std50_L2_c1_5,1,repeat_3.7,6663.82,0
382,normal_std50_L2_c1_5,1,repeat_4,5811.8,0
382,normal_std50_L2_c1_5,1,repeat_4.1,5852.06,0
382,normal_std50_L2_c1_5,1,repeat_4.2,5854.8,0
382,normal_std50_L2_c1_5,1,repeat_4.3,5923.68,0
382,normal_std50_L2_c1_5,1,repeat_4.4,6408.1,0
382,normal_std50_L2_c1_5,1,repeat_4.5,6760.62,0
382,normal_std50_L2_c1_5,1,repeat_5,5811.8,0
382,normal_std50_L2_c1_5,1,repeat_5.1,5831.98,0
382,normal_std50_L2_c1_5,1,repeat_5.2,5852.06,0
382,normal_std50_L2_c1_5,1,repeat_5.3,5856.82,0
382,normal_std50_L2_c1_5,1,repeat_5.4,6215.07,0
382,normal_std50_L2_c1_5,1,repeat_5.5,6408.1,0
382,normal_std50_L2_c1_5,1,repeat_5.6,7273.02,0
382,normal_std50_L2_c1_5,1,repeat_5.7,7456.78,0
382,normal_std50_L2_c1_5,1,repeat_6,5496.48,0
382,normal_std50_L2_c1_5,1,repeat_6.1,5811.8,0
382,normal_std50_L2_c1_5,1,repeat_6.2,5811.8,0
382,normal_std50_L2_c1_5,1,repeat_6.3,5853.63,0
382,normal_std50_L2_c1_5,1,repeat_6.4,5911.84,0
382,normal_std50_L2_c1_5,1,repeat_6.5,5941.84,0
382,normal_std50_L2_c1_5,1,repeat_6.6,6216.0,0
382,normal_std50_L2_c1_5,1,repeat_6.7,6408.1,0
382,normal_std50_L2_c1_5,1,repeat_6.8,6663.82,0
382,normal_std50_L2_c1_5,1,repeat_6.9,6867.46,0
382,normal_std50_L2_c1_5,1,repeat_7,5288.76,0
382,normal_std50_L2_c1_5,1,repeat_7.1,5629.28,0
382,normal_std50_L2_c1_5,1,repeat_7.2,5811.8,0
382,normal_std50_L2_c1_5,1,repeat_7.3,5811.8,0
382,normal_std50_L2_c1_5,1,repeat_7.4,5811.8,0
382,normal_std50_L2_c1_5,1,repeat_7.5,5811.83,0
382,normal_std50_L2_c1_5,1,repeat_7.6,5853.63,0
382,normal_std50_L2_c1_5,1,repeat_7.7,5854.8,0
382,normal_std50_L2_c1_5,1,repeat_7.8,5883.8,0
382,normal_std50_L2_c1_5,1,repeat_7.9,6178.79,0
382,normal_std50_L2_c1_5,1,repeat_8,5537.4,0
382,normal_std50_L2_c1_5,1,repeat_8.1,5811.8,0
382,normal_std50_L2_c1_5,1,repeat_8.2,5811.8,0
382,normal_std50_L2_c1_5,1,repeat_8.3,5811.8,0
382,normal_std50_L2_c1_5,1,repeat_8.4,5811.8,0
382,normal_std50_L2_c1_5,1,repeat_8.5,5811.83,0
382,normal_std50_L2_c1_5,1,repeat_8.6,5882.75,0
382,normal_std50_L2_c1_5,1,repeat_8.7,5971.98,0
382,normal_std50_L2_c1_5,1,repeat_8.8,6698.78,0
382,normal_std50_L2_c1_5,1,repeat_8.9,24629.9,0
382,normal_std50_L2_c1_5,1,repeat_9,5455.41,0
382,normal_std50_L2_c1_5,1,repeat_9.1,5776.63,0
382,normal_std50_L2_c1_5,1,repeat_9.2,5811.8,0
382,normal_std50_L2_c1_5,1,repeat_9.3,5811.8,0
382,normal_std50_L2_c1_5,1,repeat_9.4,5811.8,0
382,normal_std50_L2_c1_5,1,repeat_9.5,5811.8,0
382,normal_std50_L2_c1_5,1,repeat_9.6,5826.76,0
382,normal_std50_L2_c1_5,1,repeat_9.7,5956.2,0
382,normal_std50_L2_c1_5,1,repeat_9.8,6038.82,0
382,normal_std50_L2_c1_5,1,repeat_9.9,6057.42,0
382,normal_std50_L2_c1_5,1,repeat_10,5451.66,0
382,normal_std50_L2_c1_5,1,repeat_10.1,5553.82,0
382,normal_std50_L2_c1_5,1,repeat_10.2,5705.82,0
382,normal_std50_L2_c1_5,1,repeat_10.3,5811.8,0
382,normal_std50_L2_c1_5,1,repeat_10.4,5811.8,0
382,normal_std50_L2_c1_5,1,repeat_10.5,5811.8,0
382,normal_std50_L2_c1_5,1,repeat_10.6,5811.8,0
382,normal_std50_L2_c1_5,1,repeat_10.7,5811.8,0
382,normal_std50_L2_c1_5,1,repeat_10.8,5823.02,0
382,normal_std50_L2_c1_5,1,repeat_10.9,5853.63,0
384,normal_std50_L2_c1_5,2,repeat_1,5556.88,0
384,normal_std50_L2_c1_5,2,repeat_1.1,5811.8,0
384,normal_std50_L2_c1_5,2,repeat_1.2,5812.01,0
384,normal_std50_L2_c1_5,2,repeat_1.3,5812.66,0
384,normal_std50_L2_c1_5,2,repeat_1.4,5813.16,0
384,normal_std50_L2_c1_5,2,repeat_1.5,5822.3,0
384,normal_std50_L2_c1_5,2,repeat_1.6,5852.06,0
384,normal_std50_L2_c1_5,2,repeat_1.7,5860.77,0
384,normal_std50_L2_c1_5,2,repeat_1.8,5874.22,0
384,normal_std50_L2_c1_5,2,repeat_1.9,5876.72,0
384,normal_std50_L2_c1_5,2,repeat_2,5523.36,0
384,normal_std50_L2_c1_5,2,repeat_2.1,5526.08,0
384,normal_std50_L2_c1_5,2,repeat_2.2,5548.58,0
384,normal_std50_L2_c1_5,2,repeat_2.3,5561.48,0
384,normal_std50_L2_c1_5,2,repeat_2.4,5811.8,0
384,normal_std50_L2_c1_5,2,repeat_2.5,5811.8,0
384,normal_std50_L2_c1_5,2,repeat_2.6,5811.82,0
384,normal_std50_L2_c1_5,2,repeat_2.7,5812.7,0
384,normal_std50_L2_c1_5,2,repeat_2.8,5816.4,0
384,normal_std50_L2_c1_5,2,repeat_2.9,5821.84,0
384,normal_std50_L2_c1_5,2,repeat_3,5495.74,0
384,normal_std50_L2_c1_5,2,repeat_3.1,5580.08,0
384,normal_std50_L2_c1_5,2,repeat_3.2,5583.86,0
384,normal_std50_L2_c1_5,2,repeat_3.3,5591.36,0
384,normal_std50_L2_c1_5,2,repeat_3.4,5622.1,0
384,normal_std50_L2_c1_5,2,repeat_3.5,5696.58,0
384,normal_std50_L2_c1_5,2,repeat_3.6,5811.8,0
384,normal_std50_L2_c1_5,2,repeat_3.7,5811.8,0
384,normal_std50_L2_c1_5,2,repeat_3.8,5834.58,0
384,normal_std50_L2_c1_5,2,repeat_3.9,5893.6,0
384,normal_std50_L2_c1_5,2,repeat_4,5538.18,0
384,normal_std50_L2_c1_5,2,repeat_4.1,5539.6,0
384,normal_std50_L2_c1_5,2,repeat_4.2,5811.8,0
384,normal_std50_L2_c1_5,2,repeat_4.3,5814.16,0
384,normal_std50_L2_c1_5,2,repeat_4.4,5852.06,0
384,normal_std50_L2_c1_5,2,repeat_4.5,5854.8,0
384,normal_std50_L2_c1_5,2,repeat_4.6,5875.02,0
384,normal_std50_L2_c1_5,2,repeat_4.7,5911.84,0
384,normal_std50_L2_c1_5,2,repeat_4.8,5923.68,0
384,normal_std50_L2_c1_5,2,repeat_4.9,6064.92,0
384,normal_std50_L2_c1_5,2,repeat_5,5544.44,0
384,normal_std50_L2_c1_5,2,repeat_5.1,5811.8,0
384,normal_std50_L2_c1_5,2,repeat_5.2,5813.46,0
384,normal_std50_L2_c1_5,2,repeat_5.3,5831.98,0
384,normal_std50_L2_c1_5,2,repeat_5.4,5847.14,0
384,normal_std50_L2_c1_5,2,repeat_5.5,5852.06,0
384,normal_std50_L2_c1_5,2,repeat_5.6,5856.82,0
384,normal_std50_L2_c1_5,2,repeat_5.7,5867.5,0
384,normal_std50_L2_c1_5,2,repeat_5.8,5881.68,0
384,normal_std50_L2_c1_5,2,repeat_5.9,5902.24,0
384,normal_std50_L2_c1_5,2,repeat_6,5476.18,0
384,normal_std50_L2_c1_5,2,repeat_6.1,5496.48,0
384,normal_std50_L2_c1_5,2,repeat_6.2,5626.14,0
384,normal_std50_L2_c1_5,2,repeat_6.3,5672.42,0
384,normal_std50_L2_c1_5,2,repeat_6.4,5811.68,0
384,normal_std50_L2_c1_5,2,repeat_6.5,5811.8,0
384,normal_std50_L2_c1_5,2,repeat_6.6,5811.8,0
384,normal_std50_L2_c1_5,2,repeat_6.7,5811.8,0
384,normal_std50_L2_c1_5,2,repeat_6.8,5811.8,0
384,normal_std50_L2_c1_5,2,repeat_6.9,5842.4,0
384,normal_std50_L2_c1_5,2,repeat_7,5288.76,0
384,normal_std50_L2_c1_5,2,repeat_7.1,5295.93,0
384,normal_std50_L2_c1_5,2,repeat_7.2,5399.78,0
384,normal_std50_L2_c1_5,2,repeat_7.3,5471.94,0
384,normal_std50_L2_c1_5,2,repeat_7.4,5572.8,0
384,normal_std50_L2_c1_5,2,repeat_7.5,5582.94,0
384,normal_std50_L2_c1_5,2,repeat_7.6,5629.28,0
384,normal_std50_L2_c1_5,2,repeat_7.7,5748.1,0
384,normal_std50_L2_c1_5,2,repeat_7.8,5811.8,0
384,normal_std50_L2_c1_5,2,repeat_7.9,5811.8,0
384,normal_std50_L2_c1_5,2,repeat_8,5537.4,0
384,normal_std50_L2_c1_5,2,repeat_8.1,5811.8,0
384,normal_std50_L2_c1_5,2,repeat_8.2,5811.8,0
384,normal_std50_L2_c1_5,2,repeat_8.3,5811.8,0
384,normal_std50_L2_c1_5,2,repeat_8.4,5811.8,0
384,normal_std50_L2_c1_5,2,repeat_8.5,5811.83,0
384,normal_std50_L2_c1_5,2,repeat_8.6,5882.75,0
384,normal_std50_L2_c1_5,2,repeat_8.7,5971.98,0
384,normal_std50_L2_c1_5,2,repeat_8.8,6698.78,0
384,normal_std50_L2_c1_5,2,repeat_8.9,24629.9,0
384,normal_std50_L2_c1_5,2,repeat_9,5455.41,0
384,normal_std50_L2_c1_5,2,repeat_9.1,5776.63,0
384,normal_std50_L2_c1_5,2,repeat_9.2,5811.8,0
384,normal_std50_L2_c1_5,2,repeat_9.3,5811.8,0
384,normal_std50_L2_c1_5,2,repeat_9.4,5811.8,0
384,normal_std50_L2_c1_5,2,repeat_9.5,5811.8,0
384,normal_std50_L2_c1_5,2,repeat_9.6,5826.76,0
384,normal_std50_L2_c1_5,2,repeat_9.7,5956.2,0
384,normal_std50_L2_c1_5,2,repeat_9.8,6038.82,0
384,normal_std50_L2_c1_5,2,repeat_9.9,6057.42,0
384,normal_std50_L2_c1_5,2,repeat_10,5451.66,0
384,normal_std50_L2_c1_5,2,repeat_10.1,5553.82,0
384,normal_std50_L2_c1_5,2,repeat_10.2,5705.82,0
384,normal_std50_L2_c1_5,2,repeat_10.3,5811.8,0
384,normal_std50_L2_c1_5,2,repeat_10.4,5811.8,0
384,normal_std50_L2_c1_5,2,repeat_10.5,5811.8,0
384,normal_std50_L2_c1_5,2,repeat_10.6,5811.8,0
384,normal_std50_L2_c1_5,2,repeat_10.7,5811.8,0
384,normal_std50_L2_c1_5,2,repeat_10.8,5823.02,0
384,normal_std50_L2_c1_5,2,repeat_10.9,5853.63,0
386,normal_std50_L2_c1_5,3,repeat_1,5489.48,0
386,normal_std50_L2_c1_5,3,repeat_1.1,5546.18,0
386,normal_std50_L2_c1_5,3,repeat_1.2,5556.88,0
386,normal_std50_L2_c1_5,3,repeat_1.3,5811.8,0
386,normal_std50_L2_c1_5,3,repeat_1.4,5811.8,0
386,normal_std50_L2_c1_5,3,repeat_1.5,5812.01,0
386,normal_std50_L2_c1_5,3,repeat_1.6,5812.66,0
386,normal_std50_L2_c1_5,3,repeat_1.7,5813.16,0
386,normal_std50_L2_c1_5,3,repeat_1.8,5818.24,0
386,normal_std50_L2_c1_5,3,repeat_1.9,5822.3,0
386,normal_std50_L2_c1_5,3,repeat_2,5523.36,0
386,normal_std50_L2_c1_5,3,repeat_2.1,5524.06,0
386,normal_std50_L2_c1_5,3,repeat_2.2,5526.02,0
386,normal_std50_L2_c1_5,3,repeat_2.3,5526.08,0
386,normal_std50_L2_c1_5,3,repeat_2.4,5548.58,0
386,normal_std50_L2_c1_5,3,repeat_2.5,5550.32,0
386,normal_std50_L2_c1_5,3,repeat_2.6,5561.48,0
386,normal_std50_L2_c1_5,3,repeat_2.7,5595.54,0
386,normal_std50_L2_c1_5,3,repeat_2.8,5617.2,0
386,normal_std50_L2_c1_5,3,repeat_2.9,5706.66,0
386,normal_std50_L2_c1_5,3,repeat_3,5456.98,0
386,normal_std50_L2_c1_5,3,repeat_3.1,5461.98,0
386,normal_std50_L2_c1_5,3,repeat_3.2,5495.74,0
386,normal_std50_L2_c1_5,3,repeat_3.3,5537.28,0
386,normal_std50_L2_c1_5,3,repeat_3.4,5580.08,0
386,normal_std50_L2_c1_5,3,repeat_3.5,5583.86,0
386,normal_std50_L2_c1_5,3,repeat_3.6,5583.92,0
386,normal_std50_L2_c1_5,3,repeat_3.7,5591.36,0
386,normal_std50_L2_c1_5,3,repeat_3.8,5622.1,0
386,normal_std50_L2_c1_5,3,repeat_3.9,5641.06,0
386,normal_std50_L2_c1_5,3,repeat_4,5484.56,0
386,normal_std50_L2_c1_5,3,repeat_4.1,5538.18,0
386,normal_std50_L2_c1_5,3,repeat_4.2,5539.6,0
386,normal_std50_L2_c1_5,3,repeat_4.3,5637.94,0
386,normal_std50_L2_c1_5,3,repeat_4.4,5761.06,0
386,normal_std50_L2_c1_5,3,repeat_4.5,5811.8,0
386,normal_std50_L2_c1_5,3,repeat_4.6,5811.8,0
386,normal_std50_L2_c1_5,3,repeat_4.7,5814.16,0
386,normal_std50_L2_c1_5,3,repeat_4.8,5831.04,0
386,normal_std50_L2_c1_5,3,repeat_4.9,5852.06,0
386,normal_std50_L2_c1_5,3,repeat_5,5463.83,0
386,normal_std50_L2_c1_5,3,repeat_5.1,5464.86,0
386,normal_std50_L2_c1_5,3,repeat_5.2,5544.44,0
386,normal_std50_L2_c1_5,3,repeat_5.3,5811.8,0
386,normal_std50_L2_c1_5,3,repeat_5.4,5813.46,0
386,normal_std50_L2_c1_5,3,repeat_5.5,5814.68,0
386,normal_std50_L2_c1_5,3,repeat_5.6,5826.32,0
386,normal_std50_L2_c1_5,3,repeat_5.7,5831.98,0
386,normal_std50_L2_c1_5,3,repeat_5.8,5847.14,0
386,normal_std50_L2_c1_5,3,repeat_5.9,5852.06,0
386,normal_std50_L2_c1_5,3,repeat_6,5476.18,0
386,normal_std50_L2_c1_5,3,repeat_6.1,5496.48,0
386,normal_std50_L2_c1_5,3,repeat_6.2,5626.14,0
386,normal_std50_L2_c1_5,3,repeat_6.3,5672.42,0
386,normal_std50_L2_c1_5,3,repeat_6.4,5811.68,0
386,normal_std50_L2_c1_5,3,repeat_6.5,5811.8,0
386,normal_std50_L2_c1_5,3,repeat_6.6,5811.8,0
386,normal_std50_L2_c1_5,3,repeat_6.7,5811.8,0
386,normal_std50_L2_c1_5,3,repeat_6.8,5811.8,0
386,normal_std50_L2_c1_5,3,repeat_6.9,5842.4,0
386,normal_std50_L2_c1_5,3,repeat_7,5288.76,0
386,normal_std50_L2_c1_5,3,repeat_7.1,5295.93,0
386,normal_std50_L2_c1_5,3,repeat_7.2,5399.78,0
386,normal_std50_L2_c1_5,3,repeat_7.3,5471.94,0
386,normal_std50_L2_c1_5,3,repeat_7.4,5572.8,0
386,normal_std50_L2_c1_5,3,repeat_7.5,5582.94,0
386,normal_std50_L2_c1_5,3,repeat_7.6,5629.28,0
386,normal_std50_L2_c1_5,3,repeat_7.7,5748.1,0
386,normal_std50_L2_c1_5,3,repeat_7.8,5811.8,0
386,normal_std50_L2_c1_5,3,repeat_7.9,5811.8,0
386,normal_std50_L2_c1_5,3,repeat_8,5535.58,0
386,normal_std50_L2_c1_5,3,repeat_8.1,5537.4,0
386,normal_std50_L2_c1_5,3,repeat_8.2,5576.43,0
386,normal_std50_L2_c1_5,3,repeat_8.3,5794.78,0
386,normal_std50_L2_c1_5,3,repeat_8.4,5811.8,0
386,normal_std50_L2_c1_5,3,repeat_8.5,5811.8,0
386,normal_std50_L2_c1_5,3,repeat_8.6,5811.8,0
386,normal_std50_L2_c1_5,3,repeat_8.7,5811.8,0
386,normal_std50_L2_c1_5,3,repeat_8.8,5811.83,0
386,normal_std50_L2_c1_5,3,repeat_8.9,5815.98,0
386,normal_std50_L2_c1_5,3,repeat_9,5450.82,0
386,normal_std50_L2_c1_5,3,repeat_9.1,5455.41,0
386,normal_std50_L2_c1_5,3,repeat_9.2,5776.63,0
386,normal_std50_L2_c1_5,3,repeat_9.3,5811.8,0
386,normal_std50_L2_c1_5,3,repeat_9.4,5811.8,0
386,normal_std50_L2_c1_5,3,repeat_9.5,5811.8,0
386,normal_std50_L2_c1_5,3,repeat_9.6,5811.8,0
386,normal_std50_L2_c1_5,3,repeat_9.7,5813.23,0
386,normal_std50_L2_c1_5,3,repeat_9.8,5822.46,0
386,normal_std50_L2_c1_5,3,repeat_9.9,5826.76,0
386,normal_std50_L2_c1_5,3,repeat_10,5451.66,0
386,normal_std50_L2_c1_5,3,repeat_10.1,5553.82,0
386,normal_std50_L2_c1_5,3,repeat_10.2,5705.82,0
386,normal_std50_L2_c1_5,3,repeat_10.3,5811.8,0
386,normal_std50_L2_c1_5,3,repeat_10.4,5811.8,0
386,normal_std50_L2_c1_5,3,repeat_10.5,5811.8,0
386,normal_std50_L2_c1_5,3,repeat_10.6,5811.8,0
386,normal_std50_L2_c1_5,3,repeat_10.7,5811.8,0
386,normal_std50_L2_c1_5,3,repeat_10.8,5823.02,0
386,normal_std50_L2_c1_5,3,repeat_10.9,5853.63,0
388,normal_std50_L2_c1_5,4,repeat_1,5489.48,0
388,normal_std50_L2_c1_5,4,repeat_1.1,5546.18,0
388,normal_std50_L2_c1_5,4,repeat_1.2,5556.88,0
388,normal_std50_L2_c1_5,4,repeat_1.3,5704.04,0
388,normal_std50_L2_c1_5,4,repeat_1.4,5811.14,0
388,normal_std50_L2_c1_5,4,repeat_1.5,5811.8,0
388,normal_std50_L2_c1_5,4,repeat_1.6,5811.8,0
388,normal_std50_L2_c1_5,4,repeat_1.7,5812.01,0
388,normal_std50_L2_c1_5,4,repeat_1.8,5812.66,0
388,normal_std50_L2_c1_5,4,repeat_1.9,5813.16,0
388,normal_std50_L2_c1_5,4,repeat_2,5478.3,0
388,normal_std50_L2_c1_5,4,repeat_2.1,5478.4,0
388,normal_std50_L2_c1_5,4,repeat_2.2,5516.44,0
388,normal_std50_L2_c1_5,4,repeat_2.3,5523.36,0
388,normal_std50_L2_c1_5,4,repeat_2.4,5524.06,0
388,normal_std50_L2_c1_5,4,repeat_2.5,5526.02,0
388,normal_std50_L2_c1_5,4,repeat_2.6,5526.08,0
388,normal_std50_L2_c1_5,4,repeat_2.7,5547.26,0
388,normal_std50_L2_c1_5,4,repeat_2.8,5548.58,0
388,normal_std50_L2_c1_5,4,repeat_2.9,5550.32,0
388,normal_std50_L2_c1_5,4,repeat_3,5447.38,0
388,normal_std50_L2_c1_5,4,repeat_3.1,5449.54,0
388,normal_std50_L2_c1_5,4,repeat_3.2,5456.98,0
388,normal_std50_L2_c1_5,4,repeat_3.3,5461.98,0
388,normal_std50_L2_c1_5,4,repeat_3.4,5495.74,0
388,normal_std50_L2_c1_5,4,repeat_3.5,5537.28,0
388,normal_std50_L2_c1_5,4,repeat_3.6,5564.02,0
388,normal_std50_L2_c1_5,4,repeat_3.7,5571.48,0
388,normal_std50_L2_c1_5,4,repeat_3.8,5580.08,0
388,normal_std50_L2_c1_5,4,repeat_3.9,5583.86,0
388,normal_std50_L2_c1_5,4,repeat_4,5402.22,0
388,normal_std50_L2_c1_5,4,repeat_4.1,5484.56,0
388,normal_std50_L2_c1_5,4,repeat_4.2,5496.46,0
388,normal_std50_L2_c1_5,4,repeat_4.3,5519.02,0
388,normal_std50_L2_c1_5,4,repeat_4.4,5538.18,0
388,normal_std50_L2_c1_5,4,repeat_4.5,5539.6,0
388,normal_std50_L2_c1_5,4,repeat_4.6,5543.22,0
388,normal_std50_L2_c1_5,4,repeat_4.7,5606.32,0
388,normal_std50_L2_c1_5,4,repeat_4.8,5637.94,0
388,normal_std50_L2_c1_5,4,repeat_4.9,5761.06,0
388,normal_std50_L2_c1_5,4,repeat_5,5463.47,0
388,normal_std50_L2_c1_5,4,repeat_5.1,5463.83,0
388,normal_std50_L2_c1_5,4,repeat_5.2,5464.86,0
388,normal_std50_L2_c1_5,4,repeat_5.3,5492.8,0
388,normal_std50_L2_c1_5,4,repeat_5.4,5497.68,0
388,normal_std50_L2_c1_5,4,repeat_5.5,5502.29,0
388,normal_std50_L2_c1_5,4,repeat_5.6,5535.85,0
388,normal_std50_L2_c1_5,4,repeat_5.7,5544.44,0
388,normal_std50_L2_c1_5,4,repeat_5.8,5631.24,0
388,normal_std50_L2_c1_5,4,repeat_5.9,5811.8,0
388,normal_std50_L2_c1_5,4,repeat_6,5423.36,0
388,normal_std50_L2_c1_5,4,repeat_6.1,5476.18,0
388,normal_std50_L2_c1_5,4,repeat_6.2,5496.48,0
388,normal_std50_L2_c1_5,4,repeat_6.3,5575.18,0
388,normal_std50_L2_c1_5,4,repeat_6.4,5626.14,0
388,normal_std50_L2_c1_5,4,repeat_6.5,5672.42,0
388,normal_std50_L2_c1_5,4,repeat_6.6,5811.68,0
388,normal_std50_L2_c1_5,4,repeat_6.7,5811.8,0
388,normal_std50_L2_c1_5,4,repeat_6.8,5811.8,0
388,normal_std50_L2_c1_5,4,repeat_6.9,5811.8,0
388,normal_std50_L2_c1_5,4,repeat_7,5288.76,0
388,normal_std50_L2_c1_5,4,repeat_7.1,5288.98,0
388,normal_std50_L2_c1_5,4,repeat_7.2,5289.91,0
388,normal_std50_L2_c1_5,4,repeat_7.3,5295.93,0
388,normal_std50_L2_c1_5,4,repeat_7.4,5322.25,0
388,normal_std50_L2_c1_5,4,repeat_7.5,5399.78,0
388,normal_std50_L2_c1_5,4,repeat_7.6,5414.08,0
388,normal_std50_L2_c1_5,4,repeat_7.7,5439.14,0
388,normal_std50_L2_c1_5,4,repeat_7.8,5471.94,0
388,normal_std50_L2_c1_5,4,repeat_7.9,5560.26,0
388,normal_std50_L2_c1_5,4,repeat_8,5535.58,0
388,normal_std50_L2_c1_5,4,repeat_8.1,5537.4,0
388,normal_std50_L2_c1_5,4,repeat_8.2,5576.43,0
388,normal_std50_L2_c1_5,4,repeat_8.3,5794.78,0
388,normal_std50_L2_c1_5,4,repeat_8.4,5811.8,0
388,normal_std50_L2_c1_5,4,repeat_8.5,5811.8,0
388,normal_std50_L2_c1_5,4,repeat_8.6,5811.8,0
388,normal_std50_L2_c1_5,4,repeat_8.7,5811.8,0
388,normal_std50_L2_c1_5,4,repeat_8.8,5811.83,0
388,normal_std50_L2_c1_5,4,repeat_8.9,5815.98,0
388,normal_std50_L2_c1_5,4,repeat_9,5450.82,0
388,normal_std50_L2_c1_5,4,repeat_9.1,5455.41,0
388,normal_std50_L2_c1_5,4,repeat_9.2,5776.63,0
388,normal_std50_L2_c1_5,4,repeat_9.3,5811.8,0
388,normal_std50_L2_c1_5,4,repeat_9.4,5811.8,0
388,normal_std50_L2_c1_5,4,repeat_9.5,5811.8,0
388,normal_std50_L2_c1_5,4,repeat_9.6,5811.8,0
388,normal_std50_L2_c1_5,4,repeat_9.7,5813.23,0
388,normal_std50_L2_c1_5,4,repeat_9.8,5822.46,0
388,normal_std50_L2_c1_5,4,repeat_9.9,5826.76,0
388,normal_std50_L2_c1_5,4,repeat_10,5451.66,0
388,normal_std50_L2_c1_5,4,repeat_10.1,5553.82,0
388,normal_std50_L2_c1_5,4,repeat_10.2,5705.82,0
388,normal_std50_L2_c1_5,4,repeat_10.3,5811.8,0
388,normal_std50_L2_c1_5,4,repeat_10.4,5811.8,0
388,normal_std50_L2_c1_5,4,repeat_10.5,5811.8,0
388,normal_std50_L2_c1_5,4,repeat_10.6,5811.8,0
388,normal_std50_L2_c1_5,4,repeat_10.7,5811.8,0
388,normal_std50_L2_c1_5,4,repeat_10.8,5823.02,0
388,normal_std50_L2_c1_5,4,repeat_10.9,5853.63,0
390,normal_std50_L2_c1_5,5,repeat_1,5489.48,0
390,normal_std50_L2_c1_5,5,repeat_1.1,5540.7,0
390,normal_std50_L2_c1_5,5,repeat_1.2,5541.28,0
390,normal_std50_L2_c1_5,5,repeat_1.3,5545.18,0
390,normal_std50_L2_c1_5,5,repeat_1.4,5546.18,0
390,normal_std50_L2_c1_5,5,repeat_1.5,5556.88,0
390,normal_std50_L2_c1_5,5,repeat_1.6,5637.98,0
390,normal_std50_L2_c1_5,5,repeat_1.7,5671.22,0
390,normal_std50_L2_c1_5,5,repeat_1.8,5704.04,0
390,normal_std50_L2_c1_5,5,repeat_1.9,5780.92,0
390,normal_std50_L2_c1_5,5,repeat_2,5454.86,0
390,normal_std50_L2_c1_5,5,repeat_2.1,5478.3,0
390,normal_std50_L2_c1_5,5,repeat_2.2,5478.4,0
390,normal_std50_L2_c1_5,5,repeat_2.3,5487.76,0
390,normal_std50_L2_c1_5,5,repeat_2.4,5493.46,0
390,normal_std50_L2_c1_5,5,repeat_2.5,5516.44,0
390,normal_std50_L2_c1_5,5,repeat_2.6,5523.36,0
390,normal_std50_L2_c1_5,5,repeat_2.7,5524.06,0
390,normal_std50_L2_c1_5,5,repeat_2.8,5526.02,0
390,normal_std50_L2_c1_5,5,repeat_2.9,5526.08,0
390,normal_std50_L2_c1_5,5,repeat_3,5375.88,0
390,normal_std50_L2_c1_5,5,repeat_3.1,5434.76,0
390,normal_std50_L2_c1_5,5,repeat_3.2,5447.38,0
390,normal_std50_L2_c1_5,5,repeat_3.3,5449.54,0
390,normal_std50_L2_c1_5,5,repeat_3.4,5451.04,0
390,normal_std50_L2_c1_5,5,repeat_3.5,5456.98,0
390,normal_std50_L2_c1_5,5,repeat_3.6,5461.98,0
390,normal_std50_L2_c1_5,5,repeat_3.7,5495.74,0
390,normal_std50_L2_c1_5,5,repeat_3.8,5501.18,0
390,normal_std50_L2_c1_5,5,repeat_3.9,5537.28,0
390,normal_std50_L2_c1_5,5,repeat_4,5300.1,0
390,normal_std50_L2_c1_5,5,repeat_4.1,5302.62,0
390,normal_std50_L2_c1_5,5,repeat_4.2,5328.5,0
390,normal_std50_L2_c1_5,5,repeat_4.3,5335.58,0
390,normal_std50_L2_c1_5,5,repeat_4.4,5402.22,0
390,normal_std50_L2_c1_5,5,repeat_4.5,5449.64,0
390,normal_std50_L2_c1_5,5,repeat_4.6,5467.3,0
390,normal_std50_L2_c1_5,5,repeat_4.7,5484.56,0
390,normal_std50_L2_c1_5,5,repeat_4.8,5496.46,0
390,normal_std50_L2_c1_5,5,repeat_4.9,5498.16,0
390,normal_std50_L2_c1_5,5,repeat_5,5426.53,0
390,normal_std50_L2_c1_5,5,repeat_5.1,5463.42,0
390,normal_std50_L2_c1_5,5,repeat_5.2,5463.47,0
390,normal_std50_L2_c1_5,5,repeat_5.3,5463.83,0
390,normal_std50_L2_c1_5,5,repeat_5.4,5464.86,0
390,normal_std50_L2_c1_5,5,repeat_5.5,5467.07,0
390,normal_std50_L2_c1_5,5,repeat_5.6,5492.8,0
390,normal_std50_L2_c1_5,5,repeat_5.7,5497.68,0
390,normal_std50_L2_c1_5,5,repeat_5.8,5502.29,0
390,normal_std50_L2_c1_5,5,repeat_5.9,5532.38,0
390,normal_std50_L2_c1_5,5,repeat_6,5423.36,0
390,normal_std50_L2_c1_5,5,repeat_6.1,5476.18,0
390,normal_std50_L2_c1_5,5,repeat_6.2,5496.48,0
390,normal_std50_L2_c1_5,5,repeat_6.3,5541.54,0
390,normal_std50_L2_c1_5,5,repeat_6.4,5559.64,0
390,normal_std50_L2_c1_5,5,repeat_6.5,5575.18,0
390,normal_std50_L2_c1_5,5,repeat_6.6,5579.44,0
390,normal_std50_L2_c1_5,5,repeat_6.7,5603.52,0
390,normal_std50_L2_c1_5,5,repeat_6.8,5610.98,0
390,normal_std50_L2_c1_5,5,repeat_6.9,5626.14,0
390,normal_std50_L2_c1_5,5,repeat_7,5288.76,0
390,normal_std50_L2_c1_5,5,repeat_7.1,5288.98,0
390,normal_std50_L2_c1_5,5,repeat_7.2,5289.91,0
390,normal_std50_L2_c1_5,5,repeat_7.3,5295.93,0
390,normal_std50_L2_c1_5,5,repeat_7.4,5322.25,0
390,normal_std50_L2_c1_5,5,repeat_7.5,5399.78,0
390,normal_std50_L2_c1_5,5,repeat_7.6,5414.08,0
390,normal_std50_L2_c1_5,5,repeat_7.7,5439.14,0
390,normal_std50_L2_c1_5,5,repeat_7.8,5471.94,0
390,normal_std50_L2_c1_5,5,repeat_7.9,5560.26,0
390,normal_std50_L2_c1_5,5,repeat_8,5442.7,0
390,normal_std50_L2_c1_5,5,repeat_8.1,5444.88,0
390,normal_std50_L2_c1_5,5,repeat_8.2,5478.22,0
390,normal_std50_L2_c1_5,5,repeat_8.3,5535.58,0
390,normal_std50_L2_c1_5,5,repeat_8.4,5537.4,0
390,normal_std50_L2_c1_5,5,repeat_8.5,5576.43,0
390,normal_std50_L2_c1_5,5,repeat_8.6,5782.0,0
390,normal_std50_L2_c1_5,5,repeat_8.7,5794.78,0
390,normal_std50_L2_c1_5,5,repeat_8.8,5811.8,0
390,normal_std50_L2_c1_5,5,repeat_8.9,5811.8,0
390,normal_std50_L2_c1_5,5,repeat_9,5450.82,0
390,normal_std50_L2_c1_5,5,repeat_9.1,5455.41,0
390,normal_std50_L2_c1_5,5,repeat_9.2,5506.24,0
390,normal_std50_L2_c1_5,5,repeat_9.3,5628.73,0
390,normal_std50_L2_c1_5,5,repeat_9.4,5776.63,0
390,normal_std50_L2_c1_5,5,repeat_9.5,5811.8,0
390,normal_std50_L2_c1_5,5,repeat_9.6,5811.8,0
390,normal_std50_L2_c1_5,5,repeat_9.7,5811.8,0
390,normal_std50_L2_c1_5,5,repeat_9.8,5811.8,0
390,normal_std50_L2_c1_5,5,repeat_9.9,5813.23,0
390,normal_std50_L2_c1_5,5,repeat_10,5451.66,0
390,normal_std50_L2_c1_5,5,repeat_10.1,5464.64,0
390,normal_std50_L2_c1_5,5,repeat_10.2,5553.82,0
390,normal_std50_L2_c1_5,5,repeat_10.3,5567.86,0
390,normal_std50_L2_c1_5,5,repeat_10.4,5705.82,0
390,normal_std50_L2_c1_5,5,repeat_10.5,5788.52,0
390,normal_std50_L2_c1_5,5,repeat_10.6,5811.8,0
390,normal_std50_L2_c1_5,5,repeat_10.7,5811.8,0
390,normal_std50_L2_c1_5,5,repeat_10.8,5811.8,0
390,normal_std50_L2_c1_5,5,repeat_10.9,5811.8,0
392,normal_std50_L2_c1_5,6,repeat_1,5489.48,0
392,normal_std50_L2_c1_5,6,repeat_1.1,5540.7,0
392,normal_std50_L2_c1_5,6,repeat_1.2,5541.28,0
392,normal_std50_L2_c1_5,6,repeat_1.3,5545.18,0
392,normal_std50_L2_c1_5,6,repeat_1.4,5546.18,0
392,normal_std50_L2_c1_5,6,repeat_1.5,5549.46,0
392,normal_std50_L2_c1_5,6,repeat_1.6,5556.88,0
392,normal_std50_L2_c1_5,6,repeat_1.7,5564.98,0
392,normal_std50_L2_c1_5,6,repeat_1.8,5577.76,0
392,normal_std50_L2_c1_5,6,repeat_1.9,5584.9,0
392,normal_std50_L2_c1_5,6,repeat_2,5454.86,0
392,normal_std50_L2_c1_5,6,repeat_2.1,5478.3,0
392,normal_std50_L2_c1_5,6,repeat_2.2,5478.4,0
392,normal_std50_L2_c1_5,6,repeat_2.3,5487.76,0
392,normal_std50_L2_c1_5,6,repeat_2.4,5493.08,0
392,normal_std50_L2_c1_5,6,repeat_2.5,5493.4,0
392,normal_std50_L2_c1_5,6,repeat_2.6,5493.46,0
392,normal_std50_L2_c1_5,6,repeat_2.7,5496.0,0
392,normal_std50_L2_c1_5,6,repeat_2.8,5516.44,0
392,normal_std50_L2_c1_5,6,repeat_2.9,5523.36,0
392,normal_std50_L2_c1_5,6,repeat_3,5375.88,0
392,normal_std50_L2_c1_5,6,repeat_3.1,5431.6,0
392,normal_std50_L2_c1_5,6,repeat_3.2,5434.76,0
392,normal_std50_L2_c1_5,6,repeat_3.3,5447.38,0
392,normal_std50_L2_c1_5,6,repeat_3.4,5448.42,0
392,normal_std50_L2_c1_5,6,repeat_3.5,5449.54,0
392,normal_std50_L2_c1_5,6,repeat_3.6,5451.04,0
392,normal_std50_L2_c1_5,6,repeat_3.7,5456.98,0
392,normal_std50_L2_c1_5,6,repeat_3.8,5458.32,0
392,normal_std50_L2_c1_5,6,repeat_3.9,5461.98,0
392,normal_std50_L2_c1_5,6,repeat_4,5300.1,0
392,normal_std50_L2_c1_5,6,repeat_4.1,5302.62,0
392,normal_std50_L2_c1_5,6,repeat_4.2,5328.5,0
392,normal_std50_L2_c1_5,6,repeat_4.3,5335.58,0
392,normal_std50_L2_c1_5,6,repeat_4.4,5402.22,0
392,normal_std50_L2_c1_5,6,repeat_4.5,5449.64,0
392,normal_std50_L2_c1_5,6,repeat_4.6,5467.3,0
392,normal_std50_L2_c1_5,6,repeat_4.7,5484.56,0
392,normal_std50_L2_c1_5,6,repeat_4.8,5496.46,0
392,normal_std50_L2_c1_5,6,repeat_4.9,5498.16,0
392,normal_std50_L2_c1_5,6,repeat_5,5397.99,0
392,normal_std50_L2_c1_5,6,repeat_5.1,5414.01,0
392,normal_std50_L2_c1_5,6,repeat_5.2,5426.53,0
392,normal_std50_L2_c1_5,6,repeat_5.3,5439.08,0
392,normal_std50_L2_c1_5,6,repeat_5.4,5461.78,0
392,normal_std50_L2_c1_5,6,repeat_5.5,5463.42,0
392,normal_std50_L2_c1_5,6,repeat_5.6,5463.47,0
392,normal_std50_L2_c1_5,6,repeat_5.7,5463.83,0
392,normal_std50_L2_c1_5,6,repeat_5.8,5464.86,0
392,normal_std50_L2_c1_5,6,repeat_5.9,5467.07,0
392,normal_std50_L2_c1_5,6,repeat_6,5423.36,0
392,normal_std50_L2_c1_5,6,repeat_6.1,5476.18,0
392,normal_std50_L2_c1_5,6,repeat_6.2,5496.48,0
392,normal_std50_L2_c1_5,6,repeat_6.3,5503.76,0
392,normal_std50_L2_c1_5,6,repeat_6.4,5526.56,0
392,normal_std50_L2_c1_5,6,repeat_6.5,5541.54,0
392,normal_std50_L2_c1_5,6,repeat_6.6,5559.64,0
392,normal_std50_L2_c1_5,6,repeat_6.7,5562.12,0
392,normal_std50_L2_c1_5,6,repeat_6.8,5575.18,0
392,normal_std50_L2_c1_5,6,repeat_6.9,5577.22,0
392,normal_std50_L2_c1_5,6,repeat_7,5288.76,0
392,normal_std50_L2_c1_5,6,repeat_7.1,5288.78,0
392,normal_std50_L2_c1_5,6,repeat_7.2,5288.98,0
392,normal_std50_L2_c1_5,6,repeat_7.3,5289.91,0
392,normal_std50_L2_c1_5,6,repeat_7.4,5295.93,0
392,normal_std50_L2_c1_5,6,repeat_7.5,5322.25,0
392,normal_std50_L2_c1_5,6,repeat_7.6,5347.15,0
392,normal_std50_L2_c1_5,6,repeat_7.7,5386.49,0
392,normal_std50_L2_c1_5,6,repeat_7.8,5399.78,0
392,normal_std50_L2_c1_5,6,repeat_7.9,5414.08,0
392,normal_std50_L2_c1_5,6,repeat_8,5442.7,0
392,normal_std50_L2_c1_5,6,repeat_8.1,5444.88,0
392,normal_std50_L2_c1_5,6,repeat_8.2,5478.22,0
392,normal_std50_L2_c1_5,6,repeat_8.3,5535.58,0
392,normal_std50_L2_c1_5,6,repeat_8.4,5537.4,0
392,normal_std50_L2_c1_5,6,repeat_8.5,5576.43,0
392,normal_std50_L2_c1_5,6,repeat_8.6,5782.0,0
392,normal_std50_L2_c1_5,6,repeat_8.7,5794.78,0
392,normal_std50_L2_c1_5,6,repeat_8.8,5811.8,0
392,normal_std50_L2_c1_5,6,repeat_8.9,5811.8,0
392,normal_std50_L2_c1_5,6,repeat_9,5450.82,0
392,normal_std50_L2_c1_5,6,repeat_9.1,5455.41,0
392,normal_std50_L2_c1_5,6,repeat_9.2,5475.5,0
392,normal_std50_L2_c1_5,6,repeat_9.3,5498.87,0
392,normal_std50_L2_c1_5,6,repeat_9.4,5506.24,0
392,normal_std50_L2_c1_5,6,repeat_9.5,5628.73,0
392,normal_std50_L2_c1_5,6,repeat_9.6,5715.11,0
392,normal_std50_L2_c1_5,6,repeat_9.7,5718.14,0
392,normal_std50_L2_c1_5,6,repeat_9.8,5742.25,0
392,normal_std50_L2_c1_5,6,repeat_9.9,5776.63,0
392,normal_std50_L2_c1_5,6,repeat_10,5451.66,0
392,normal_std50_L2_c1_5,6,repeat_10.1,5464.64,0
392,normal_std50_L2_c1_5,6,repeat_10.2,5553.82,0
392,normal_std50_L2_c1_5,6,repeat_10.3,5567.86,0
392,normal_std50_L2_c1_5,6,repeat_10.4,5705.82,0
392,normal_std50_L2_c1_5,6,repeat_10.5,5788.52,0
392,normal_std50_L2_c1_5,6,repeat_10.6,5811.8,0
392,normal_std50_L2_c1_5,6,repeat_10.7,5811.8,0
392,normal_std50_L2_c1_5,6,repeat_10.8,5811.8,0
392,normal_std50_L2_c1_5,6,repeat_10.9,5811.8,0
394,normal_std50_L2_c1_5,7,repeat_1,5489.48,0
394,normal_std50_L2_c1_5,7,repeat_1.1,5537.38,0
394,normal_std50_L2_c1_5,7,repeat_1.2,5538.24,0
394,normal_std50_L2_c1_5,7,repeat_1.3,5539.2,0
394,normal_std50_L2_c1_5,7,repeat_1.4,5540.44,0
394,normal_std50_L2_c1_5,7,repeat_1.5,5540.7,0
394,normal_std50_L2_c1_5,7,repeat_1.6,5541.28,0
394,normal_std50_L2_c1_5,7,repeat_1.7,5545.18,0
394,normal_std50_L2_c1_5,7,repeat_1.8,5546.18,0
394,normal_std50_L2_c1_5,7,repeat_1.9,5549.46,0
394,normal_std50_L2_c1_5,7,repeat_2,5454.86,0
394,normal_std50_L2_c1_5,7,repeat_2.1,5472.02,0
394,normal_std50_L2_c1_5,7,repeat_2.2,5478.3,0
394,normal_std50_L2_c1_5,7,repeat_2.3,5478.4,0
394,normal_std50_L2_c1_5,7,repeat_2.4,5480.9,0
394,normal_std50_L2_c1_5,7,repeat_2.5,5487.76,0
394,normal_std50_L2_c1_5,7,repeat_2.6,5488.48,0
394,normal_std50_L2_c1_5,7,repeat_2.7,5491.38,0
394,normal_std50_L2_c1_5,7,repeat_2.8,5493.08,0
394,normal_std50_L2_c1_5,7,repeat_2.9,5493.32,0
394,normal_std50_L2_c1_5,7,repeat_3,5375.88,0
394,normal_std50_L2_c1_5,7,repeat_3.1,5431.6,0
394,normal_std50_L2_c1_5,7,repeat_3.2,5434.76,0
394,normal_std50_L2_c1_5,7,repeat_3.3,5441.34,0
394,normal_std50_L2_c1_5,7,repeat_3.4,5447.38,0
394,normal_std50_L2_c1_5,7,repeat_3.5,5447.58,0
394,normal_std50_L2_c1_5,7,repeat_3.6,5448.42,0
394,normal_std50_L2_c1_5,7,repeat_3.7,5449.54,0
394,normal_std50_L2_c1_5,7,repeat_3.8,5451.04,0
394,normal_std50_L2_c1_5,7,repeat_3.9,5456.98,0
394,normal_std50_L2_c1_5,7,repeat_4,5300.1,0
394,normal_std50_L2_c1_5,7,repeat_4.1,5302.62,0
394,normal_std50_L2_c1_5,7,repeat_4.2,5315.96,0
394,normal_std50_L2_c1_5,7,repeat_4.3,5328.5,0
394,normal_std50_L2_c1_5,7,repeat_4.4,5335.58,0
394,normal_std50_L2_c1_5,7,repeat_4.5,5338.62,0
394,normal_std50_L2_c1_5,7,repeat_4.6,5359.52,0
394,normal_std50_L2_c1_5,7,repeat_4.7,5402.22,0
394,normal_std50_L2_c1_5,7,repeat_4.8,5404.38,0
394,normal_std50_L2_c1_5,7,repeat_4.9,5415.3,0
394,normal_std50_L2_c1_5,7,repeat_5,5397.99,0
394,normal_std50_L2_c1_5,7,repeat_5.1,5414.01,0
394,normal_std50_L2_c1_5,7,repeat_5.2,5426.53,0
394,normal_std50_L2_c1_5,7,repeat_5.3,5439.08,0
394,normal_std50_L2_c1_5,7,repeat_5.4,5461.78,0
394,normal_std50_L2_c1_5,7,repeat_5.5,5463.42,0
394,normal_std50_L2_c1_5,7,repeat_5.6,5463.47,0
394,normal_std50_L2_c1_5,7,repeat_5.7,5463.83,0
394,normal_std50_L2_c1_5,7,repeat_5.8,5464.86,0
394,normal_std50_L2_c1_5,7,repeat_5.9,5467.07,0
394,normal_std50_L2_c1_5,7,repeat_6,5423.36,0
394,normal_std50_L2_c1_5,7,repeat_6.1,5476.18,0
394,normal_std50_L2_c1_5,7,repeat_6.2,5496.48,0
394,normal_std50_L2_c1_5,7,repeat_6.3,5503.76,0
394,normal_std50_L2_c1_5,7,repeat_6.4,5526.56,0
394,normal_std50_L2_c1_5,7,repeat_6.5,5541.54,0
394,normal_std50_L2_c1_5,7,repeat_6.6,5559.64,0
394,normal_std50_L2_c1_5,7,repeat_6.7,5562.12,0
394,normal_std50_L2_c1_5,7,repeat_6.8,5575.18,0
394,normal_std50_L2_c1_5,7,repeat_6.9,5577.22,0
394,normal_std50_L2_c1_5,7,repeat_7,5288.76,0
394,normal_std50_L2_c1_5,7,repeat_7.1,5288.78,0
394,normal_std50_L2_c1_5,7,repeat_7.2,5288.98,0
394,normal_std50_L2_c1_5,7,repeat_7.3,5289.91,0
394,normal_std50_L2_c1_5,7,repeat_7.4,5295.93,0
394,normal_std50_L2_c1_5,7,repeat_7.5,5322.25,0
394,normal_std50_L2_c1_5,7,repeat_7.6,5347.15,0
394,normal_std50_L2_c1_5,7,repeat_7.7,5386.49,0
394,normal_std50_L2_c1_5,7,repeat_7.8,5399.78,0
394,normal_std50_L2_c1_5,7,repeat_7.9,5414.08,0
394,normal_std50_L2_c1_5,7,repeat_8,5442.7,0
394,normal_std50_L2_c1_5,7,repeat_8.1,5444.88,0
394,normal_std50_L2_c1_5,7,repeat_8.2,5478.22,0
394,normal_std50_L2_c1_5,7,repeat_8.3,5535.58,0
394,normal_std50_L2_c1_5,7,repeat_8.4,5537.4,0
394,normal_std50_L2_c1_5,7,repeat_8.5,5576.43,0
394,normal_std50_L2_c1_5,7,repeat_8.6,5782.0,0
394,normal_std50_L2_c1_5,7,repeat_8.7,5794.78,0
394,normal_std50_L2_c1_5,7,repeat_8.8,5811.8,0
394,normal_std50_L2_c1_5,7,repeat_8.9,5811.8,0
394,normal_std50_L2_c1_5,7,repeat_9,5450.82,0
394,normal_std50_L2_c1_5,7,repeat_9.1,5454.35,0
394,normal_std50_L2_c1_5,7,repeat_9.2,5455.41,0
394,normal_std50_L2_c1_5,7,repeat_9.3,5475.5,0
394,normal_std50_L2_c1_5,7,repeat_9.4,5496.82,0
394,normal_std50_L2_c1_5,7,repeat_9.5,5498.87,0
394,normal_std50_L2_c1_5,7,repeat_9.6,5506.24,0
394,normal_std50_L2_c1_5,7,repeat_9.7,5508.56,0
394,normal_std50_L2_c1_5,7,repeat_9.8,5552.6,0
394,normal_std50_L2_c1_5,7,repeat_9.9,5557.76,0
394,normal_std50_L2_c1_5,7,repeat_10,5451.66,0
394,normal_std50_L2_c1_5,7,repeat_10.1,5464.64,0
394,normal_std50_L2_c1_5,7,repeat_10.2,5553.82,0
394,normal_std50_L2_c1_5,7,repeat_10.3,5567.86,0
394,normal_std50_L2_c1_5,7,repeat_10.4,5705.82,0
394,normal_std50_L2_c1_5,7,repeat_10.5,5788.52,0
394,normal_std50_L2_c1_5,7,repeat_10.6,5811.8,0
394,normal_std50_L2_c1_5,7,repeat_10.7,5811.8,0
394,normal_std50_L2_c1_5,7,repeat_10.8,5811.8,0
394,normal_std50_L2_c1_5,7,repeat_10.9,5811.8,0
396,normal_std50_L2_c1_5,8,repeat_1,5489.48,0
396,normal_std50_L2_c1_5,8,repeat_1.1,5534.3,0
396,normal_std50_L2_c1_5,8,repeat_1.2,5537.38,0
396,normal_std50_L2_c1_5,8,repeat_1.3,5538.24,0
396,normal_std50_L2_c1_5,8,repeat_1.4,5539.2,0
396,normal_std50_L2_c1_5,8,repeat_1.5,5540.44,0
396,normal_std50_L2_c1_5,8,repeat_1.6,5540.7,0
396,normal_std50_L2_c1_5,8,repeat_1.7,5541.28,0
396,normal_std50_L2_c1_5,8,repeat_1.8,5544.04,0
396,normal_std50_L2_c1_5,8,repeat_1.9,5545.18,0
396,normal_std50_L2_c1_5,8,repeat_2,5454.86,0
396,normal_std50_L2_c1_5,8,repeat_2.1,5472.02,0
396,normal_std50_L2_c1_5,8,repeat_2.2,5478.3,0
396,normal_std50_L2_c1_5,8,repeat_2.3,5478.4,0
396,normal_std50_L2_c1_5,8,repeat_2.4,5480.9,0
396,normal_std50_L2_c1_5,8,repeat_2.5,5487.76,0
396,normal_std50_L2_c1_5,8,repeat_2.6,5488.48,0
396,normal_std50_L2_c1_5,8,repeat_2.7,5491.32,0
396,normal_std50_L2_c1_5,8,repeat_2.8,5491.38,0
396,normal_std50_L2_c1_5,8,repeat_2.9,5493.08,0
396,normal_std50_L2_c1_5,8,repeat_3,5375.88,0
396,normal_std50_L2_c1_5,8,repeat_3.1,5431.6,0
396,normal_std50_L2_c1_5,8,repeat_3.2,5434.76,0
396,normal_std50_L2_c1_5,8,repeat_3.3,5441.34,0
396,normal_std50_L2_c1_5,8,repeat_3.4,5445.74,0
396,normal_std50_L2_c1_5,8,repeat_3.5,5447.38,0
396,normal_std50_L2_c1_5,8,repeat_3.6,5447.58,0
396,normal_std50_L2_c1_5,8,repeat_3.7,5448.42,0
396,normal_std50_L2_c1_5,8,repeat_3.8,5449.54,0
396,normal_std50_L2_c1_5,8,repeat_3.9,5451.04,0
396,normal_std50_L2_c1_5,8,repeat_4,5300.1,0
396,normal_std50_L2_c1_5,8,repeat_4.1,5302.62,0
396,normal_std50_L2_c1_5,8,repeat_4.2,5311.56,0
396,normal_std50_L2_c1_5,8,repeat_4.3,5315.96,0
396,normal_std50_L2_c1_5,8,repeat_4.4,5328.5,0
396,normal_std50_L2_c1_5,8,repeat_4.5,5335.58,0
396,normal_std50_L2_c1_5,8,repeat_4.6,5338.62,0
396,normal_std50_L2_c1_5,8,repeat_4.7,5340.18,0
396,normal_std50_L2_c1_5,8,repeat_4.8,5350.04,0
396,normal_std50_L2_c1_5,8,repeat_4.9,5359.52,0
396,normal_std50_L2_c1_5,8,repeat_5,5393.53,0
396,normal_std50_L2_c1_5,8,repeat_5.1,5397.99,0
396,normal_std50_L2_c1_5,8,repeat_5.2,5405.59,0
396,normal_std50_L2_c1_5,8,repeat_5.3,5405.83,0
396,normal_std50_L2_c1_5,8,repeat_5.4,5414.01,0
396,normal_std50_L2_c1_5,8,repeat_5.5,5425.78,0
396,normal_std50_L2_c1_5,8,repeat_5.6,5426.53,0
396,normal_std50_L2_c1_5,8,repeat_5.7,5439.08,0
396,normal_std50_L2_c1_5,8,repeat_5.8,5443.89,0
396,normal_std50_L2_c1_5,8,repeat_5.9,5460.82,0
396,normal_std50_L2_c1_5,8,repeat_6,5423.36,0
396,normal_std50_L2_c1_5,8,repeat_6.1,5476.18,0
396,normal_std50_L2_c1_5,8,repeat_6.2,5496.48,0
396,normal_std50_L2_c1_5,8,repeat_6.3,5503.76,0
396,normal_std50_L2_c1_5,8,repeat_6.4,5526.56,0
396,normal_std50_L2_c1_5,8,repeat_6.5,5541.54,0
396,normal_std50_L2_c1_5,8,repeat_6.6,5559.64,0
396,normal_std50_L2_c1_5,8,repeat_6.7,5562.12,0
396,normal_std50_L2_c1_5,8,repeat_6.8,5575.18,0
396,normal_std50_L2_c1_5,8,repeat_6.9,5577.22,0
396,normal_std50_L2_c1_5,8,repeat_7,5288.76,0
396,normal_std50_L2_c1_5,8,repeat_7.1,5288.78,0
396,normal_std50_L2_c1_5,8,repeat_7.2,5288.98,0
396,normal_std50_L2_c1_5,8,repeat_7.3,5289.91,0
396,normal_std50_L2_c1_5,8,repeat_7.4,5295.93,0
396,normal_std50_L2_c1_5,8,repeat_7.5,5322.25,0
396,normal_std50_L2_c1_5,8,repeat_7.6,5347.15,0
396,normal_std50_L2_c1_5,8,repeat_7.7,5386.49,0
396,normal_std50_L2_c1_5,8,repeat_7.8,5399.78,0
396,normal_std50_L2_c1_5,8,repeat_7.9,5414.08,0
396,normal_std50_L2_c1_5,8,repeat_8,5368.91,0
396,normal_std50_L2_c1_5,8,repeat_8.1,5406.04,0
396,normal_std50_L2_c1_5,8,repeat_8.2,5442.66,0
396,normal_std50_L2_c1_5,8,repeat_8.3,5442.7,0
396,normal_std50_L2_c1_5,8,repeat_8.4,5444.88,0
396,normal_std50_L2_c1_5,8,repeat_8.5,5453.25,0
396,normal_std50_L2_c1_5,8,repeat_8.6,5478.22,0
396,normal_std50_L2_c1_5,8,repeat_8.7,5496.0,0
396,normal_std50_L2_c1_5,8,repeat_8.8,5516.5,0
396,normal_std50_L2_c1_5,8,repeat_8.9,5535.58,0
396,normal_std50_L2_c1_5,8,repeat_9,5449.1,0
396,normal_std50_L2_c1_5,8,repeat_9.1,5450.82,0
396,normal_std50_L2_c1_5,8,repeat_9.2,5454.35,0
396,normal_std50_L2_c1_5,8,repeat_9.3,5455.41,0
396,normal_std50_L2_c1_5,8,repeat_9.4,5462.21,0
396,normal_std50_L2_c1_5,8,repeat_9.5,5475.5,0
396,normal_std50_L2_c1_5,8,repeat_9.6,5496.82,0
396,normal_std50_L2_c1_5,8,repeat_9.7,5498.87,0
396,normal_std50_L2_c1_5,8,repeat_9.8,5499.92,0
396,normal_std50_L2_c1_5,8,repeat_9.9,5506.24,0
396,normal_std50_L2_c1_5,8,repeat_10,5451.66,0
396,normal_std50_L2_c1_5,8,repeat_10.1,5458.58,0
396,normal_std50_L2_c1_5,8,repeat_10.2,5459.34,0
396,normal_std50_L2_c1_5,8,repeat_10.3,5464.64,0
396,normal_std50_L2_c1_5,8,repeat_10.4,5468.08,0
396,normal_std50_L2_c1_5,8,repeat_10.5,5520.26,0
396,normal_std50_L2_c1_5,8,repeat_10.6,5540.98,0
396,normal_std50_L2_c1_5,8,repeat_10.7,5553.82,0
396,normal_std50_L2_c1_5,8,repeat_10.8,5567.86,0
396,normal_std50_L2_c1_5,8,repeat_10.9,5705.82,0
398,normal_std50_L2_c1_5,9,repeat_1,5489.48,0
398,normal_std50_L2_c1_5,9,repeat_1.1,5533.2,0
398,normal_std50_L2_c1_5,9,repeat_1.2,5533.78,0
398,normal_std50_L2_c1_5,9,repeat_1.3,5534.3,0
398,normal_std50_L2_c1_5,9,repeat_1.4,5537.38,0
398,normal_std50_L2_c1_5,9,repeat_1.5,5538.24,0
398,normal_std50_L2_c1_5,9,repeat_1.6,5539.2,0
398,normal_std50_L2_c1_5,9,repeat_1.7,5539.4,0
398,normal_std50_L2_c1_5,9,repeat_1.8,5540.44,0
398,normal_std50_L2_c1_5,9,repeat_1.9,5540.7,0
398,normal_std50_L2_c1_5,9,repeat_2,5454.86,0
398,normal_std50_L2_c1_5,9,repeat_2.1,5464.5,0
398,normal_std50_L2_c1_5,9,repeat_2.2,5466.72,0
398,normal_std50_L2_c1_5,9,repeat_2.3,5472.02,0
398,normal_std50_L2_c1_5,9,repeat_2.4,5478.3,0
398,normal_std50_L2_c1_5,9,repeat_2.5,5478.4,0
398,normal_std50_L2_c1_5,9,repeat_2.6,5480.9,0
398,normal_std50_L2_c1_5,9,repeat_2.7,5487.76,0
398,normal_std50_L2_c1_5,9,repeat_2.8,5488.48,0
398,normal_std50_L2_c1_5,9,repeat_2.9,5491.32,0
398,normal_std50_L2_c1_5,9,repeat_3,5375.88,0
398,normal_std50_L2_c1_5,9,repeat_3.1,5407.38,0
398,normal_std50_L2_c1_5,9,repeat_3.2,5417.36,0
398,normal_std50_L2_c1_5,9,repeat_3.3,5431.6,0
398,normal_std50_L2_c1_5,9,repeat_3.4,5434.76,0
398,normal_std50_L2_c1_5,9,repeat_3.5,5437.14,0
398,normal_std50_L2_c1_5,9,repeat_3.6,5441.34,0
398,normal_std50_L2_c1_5,9,repeat_3.7,5445.74,0
398,normal_std50_L2_c1_5,9,repeat_3.8,5447.38,0
398,normal_std50_L2_c1_5,9,repeat_3.9,5447.58,0
398,normal_std50_L2_c1_5,9,repeat_4,5300.1,0
398,normal_std50_L2_c1_5,9,repeat_4.1,5302.62,0
398,normal_std50_L2_c1_5,9,repeat_4.2,5303.68,0
398,normal_std50_L2_c1_5,9,repeat_4.3,5307.76,0
398,normal_std50_L2_c1_5,9,repeat_4.4,5311.56,0
398,normal_std50_L2_c1_5,9,repeat_4.5,5314.64,0
398,normal_std50_L2_c1_5,9,repeat_4.6,5315.96,0
398,normal_std50_L2_c1_5,9,repeat_4.7,5326.98,0
398,normal_std50_L2_c1_5,9,repeat_4.8,5328.5,0
398,normal_std50_L2_c1_5,9,repeat_4.9,5330.24,0
398,normal_std50_L2_c1_5,9,repeat_5,5383.48,0
398,normal_std50_L2_c1_5,9,repeat_5.1,5393.53,0
398,normal_std50_L2_c1_5,9,repeat_5.2,5395.57,0
398,normal_std50_L2_c1_5,9,repeat_5.3,5397.99,0
398,normal_std50_L2_c1_5,9,repeat_5.4,5405.59,0
398,normal_std50_L2_c1_5,9,repeat_5.5,5405.83,0
398,normal_std50_L2_c1_5,9,repeat_5.6,5405.91,0
398,normal_std50_L2_c1_5,9,repeat_5.7,5406.12,0
398,normal_std50_L2_c1_5,9,repeat_5.8,5409.53,0
398,normal_std50_L2_c1_5,9,repeat_5.9,5414.01,0
398,normal_std50_L2_c1_5,9,repeat_6,5423.36,0
398,normal_std50_L2_c1_5,9,repeat_6.1,5476.18,0
398,normal_std50_L2_c1_5,9,repeat_6.2,5496.48,0
398,normal_std50_L2_c1_5,9,repeat_6.3,5503.76,0
398,normal_std50_L2_c1_5,9,repeat_6.4,5526.56,0
398,normal_std50_L2_c1_5,9,repeat_6.5,5541.54,0
398,normal_std50_L2_c1_5,9,repeat_6.6,5559.64,0
398,normal_std50_L2_c1_5,9,repeat_6.7,5562.12,0
398,normal_std50_L2_c1_5,9,repeat_6.8,5575.18,0
398,normal_std50_L2_c1_5,9,repeat_6.9,5577.22,0
398,normal_std50_L2_c1_5,9,repeat_7,5288.76,0
398,normal_std50_L2_c1_5,9,repeat_7.1,5288.78,0
398,normal_std50_L2_c1_5,9,repeat_7.2,5288.98,0
398,normal_std50_L2_c1_5,9,repeat_7.3,5289.91,0
398,normal_std50_L2_c1_5,9,repeat_7.4,5295.93,0
398,normal_std50_L2_c1_5,9,repeat_7.5,5322.25,0
398,normal_std50_L2_c1_5,9,repeat_7.6,5347.15,0
398,normal_std50_L2_c1_5,9,repeat_7.7,5386.49,0
398,normal_std50_L2_c1_5,9,repeat_7.8,5399.78,0
398,normal_std50_L2_c1_5,9,repeat_7.9,5414.08,0
398,normal_std50_L2_c1_5,9,repeat_8,5368.91,0
398,normal_std50_L2_c1_5,9,repeat_8.1,5406.04,0
398,normal_std50_L2_c1_5,9,repeat_8.2,5442.66,0
398,normal_std50_L2_c1_5,9,repeat_8.3,5442.7,0
398,normal_std50_L2_c1_5,9,repeat_8.4,5444.88,0
398,normal_std50_L2_c1_5,9,repeat_8.5,5453.25,0
398,normal_std50_L2_c1_5,9,repeat_8.6,5478.22,0
398,normal_std50_L2_c1_5,9,repeat_8.7,5496.0,0
398,normal_std50_L2_c1_5,9,repeat_8.8,5516.5,0
398,normal_std50_L2_c1_5,9,repeat_8.9,5535.58,0
398,normal_std50_L2_c1_5,9,repeat_9,5449.1,0
398,normal_std50_L2_c1_5,9,repeat_9.1,5450.82,0
398,normal_std50_L2_c1_5,9,repeat_9.2,5454.35,0
398,normal_std50_L2_c1_5,9,repeat_9.3,5455.41,0
398,normal_std50_L2_c1_5,9,repeat_9.4,5462.21,0
398,normal_std50_L2_c1_5,9,repeat_9.5,5475.5,0
398,normal_std50_L2_c1_5,9,repeat_9.6,5496.82,0
398,normal_std50_L2_c1_5,9,repeat_9.7,5498.87,0
398,normal_std50_L2_c1_5,9,repeat_9.8,5499.92,0
398,normal_std50_L2_c1_5,9,repeat_9.9,5506.24,0
398,normal_std50_L2_c1_5,9,repeat_10,5451.66,0
398,normal_std50_L2_c1_5,9,repeat_10.1,5458.58,0
398,normal_std50_L2_c1_5,9,repeat_10.2,5459.34,0
398,normal_std50_L2_c1_5,9,repeat_10.3,5464.64,0
398,normal_std50_L2_c1_5,9,repeat_10.4,5468.08,0
398,normal_std50_L2_c1_5,9,repeat_10.5,5520.26,0
398,normal_std50_L2_c1_5,9,repeat_10.6,5540.98,0
398,normal_std50_L2_c1_5,9,repeat_10.7,5553.82,0
398,normal_std50_L2_c1_5,9,repeat_10.8,5567.86,0
398,normal_std50_L2_c1_5,9,repeat_10.9,5705.82,0
400,normal_std50_L2_c1_5,10,repeat_1,5427.04,0
400,normal_std50_L2_c1_5,10,repeat_1.1,5489.48,0
400,normal_std50_L2_c1_5,10,repeat_1.2,5533.2,0
400,normal_std50_L2_c1_5,10,repeat_1.3,5533.78,0
400,normal_std50_L2_c1_5,10,repeat_1.4,5534.3,0
400,normal_std50_L2_c1_5,10,repeat_1.5,5537.38,0
400,normal_std50_L2_c1_5,10,repeat_1.6,5538.24,0
400,normal_std50_L2_c1_5,10,repeat_1.7,5539.2,0
400,normal_std50_L2_c1_5,10,repeat_1.8,5539.4,0
400,normal_std50_L2_c1_5,10,repeat_1.9,5540.44,0
400,normal_std50_L2_c1_5,10,repeat_2,5448.52,0
400,normal_std50_L2_c1_5,10,repeat_2.1,5454.86,0
400,normal_std50_L2_c1_5,10,repeat_2.2,5464.5,0
400,normal_std50_L2_c1_5,10,repeat_2.3,5466.72,0
400,normal_std50_L2_c1_5,10,repeat_2.4,5472.02,0
400,normal_std50_L2_c1_5,10,repeat_2.5,5478.3,0
400,normal_std50_L2_c1_5,10,repeat_2.6,5478.4,0
400,normal_std50_L2_c1_5,10,repeat_2.7,5480.9,0
400,normal_std50_L2_c1_5,10,repeat_2.8,5487.76,0
400,normal_std50_L2_c1_5,10,repeat_2.9,5488.48,0
400,normal_std50_L2_c1_5,10,repeat_3,5375.88,0
400,normal_std50_L2_c1_5,10,repeat_3.1,5407.38,0
400,normal_std50_L2_c1_5,10,repeat_3.2,5417.28,0
400,normal_std50_L2_c1_5,10,repeat_3.3,5417.36,0
400,normal_std50_L2_c1_5,10,repeat_3.4,5422.14,0
400,normal_std50_L2_c1_5,10,repeat_3.5,5431.6,0
400,normal_std50_L2_c1_5,10,repeat_3.6,5431.68,0
400,normal_std50_L2_c1_5,10,repeat_3.7,5434.76,0
400,normal_std50_L2_c1_5,10,repeat_3.8,5437.14,0
400,normal_std50_L2_c1_5,10,repeat_3.9,5441.34,0
400,normal_std50_L2_c1_5,10,repeat_4,5300.1,0
400,normal_std50_L2_c1_5,10,repeat_4.1,5302.62,0
400,normal_std50_L2_c1_5,10,repeat_4.2,5303.68,0
400,normal_std50_L2_c1_5,10,repeat_4.3,5307.7,0
400,normal_std50_L2_c1_5,10,repeat_4.4,5307.76,0
400,normal_std50_L2_c1_5,10,repeat_4.5,5308.26,0
400,normal_std50_L2_c1_5,10,repeat_4.6,5308.8,0
400,normal_std50_L2_c1_5,10,repeat_4.7,5311.56,0
400,normal_std50_L2_c1_5,10,repeat_4.8,5314.64,0
400,normal_std50_L2_c1_5,10,repeat_4.9,5315.96,0
400,normal_std50_L2_c1_5,10,repeat_5,5373.68,0
400,normal_std50_L2_c1_5,10,repeat_5.1,5375.45,0
400,normal_std50_L2_c1_5,10,repeat_5.2,5376.02,0
400,normal_std50_L2_c1_5,10,repeat_5.3,5383.48,0
400,normal_std50_L2_c1_5,10,repeat_5.4,5383.57,0
400,normal_std50_L2_c1_5,10,repeat_5.5,5392.97,0
400,normal_std50_L2_c1_5,10,repeat_5.6,5393.53,0
400,normal_std50_L2_c1_5,10,repeat_5.7,5395.57,0
400,normal_std50_L2_c1_5,10,repeat_5.8,5397.99,0
400,normal_std50_L2_c1_5,10,repeat_5.9,5405.59,0
400,normal_std50_L2_c1_5,10,repeat_6,5423.36,0
400,normal_std50_L2_c1_5,10,repeat_6.1,5476.18,0
400,normal_std50_L2_c1_5,10,repeat_6.2,5496.48,0
400,normal_std50_L2_c1_5,10,repeat_6.3,5503.76,0
400,normal_std50_L2_c1_5,10,repeat_6.4,5526.56,0
400,normal_std50_L2_c1_5,10,repeat_6.5,5541.54,0
400,normal_std50_L2_c1_5,10,repeat_6.6,5559.64,0
400,normal_std50_L2_c1_5,10,repeat_6.7,5562.12,0
400,normal_std50_L2_c1_5,10,repeat_6.8,5575.18,0
400,normal_std50_L2_c1_5,10,repeat_6.9,5577.22,0
400,normal_std50_L2_c1_5,10,repeat_7,5288.76,0
400,normal_std50_L2_c1_5,10,repeat_7.1,5288.78,0
400,normal_std50_L2_c1_5,10,repeat_7.2,5288.98,0
400,normal_std50_L2_c1_5,10,repeat_7.3,5289.91,0
400,normal_std50_L2_c1_5,10,repeat_7.4,5295.93,0
400,normal_std50_L2_c1_5,10,repeat_7.5,5322.25,0
400,normal_std50_L2_c1_5,10,repeat_7.6,5347.15,0
400,normal_std50_L2_c1_5,10,repeat_7.7,5386.49,0
400,normal_std50_L2_c1_5,10,repeat_7.8,5399.78,0
400,normal_std50_L2_c1_5,10,repeat_7.9,5414.08,0
400,normal_std50_L2_c1_5,10,repeat_8,5368.91,0
400,normal_std50_L2_c1_5,10,repeat_8.1,5406.04,0
400,normal_std50_L2_c1_5,10,repeat_8.2,5442.66,0
400,normal_std50_L2_c1_5,10,repeat_8.3,5442.7,0
400,normal_std50_L2_c1_5,10,repeat_8.4,5444.88,0
400,normal_std50_L2_c1_5,10,repeat_8.5,5453.25,0
400,normal_std50_L2_c1_5,10,repeat_8.6,5478.22,0
400,normal_std50_L2_c1_5,10,repeat_8.7,5496.0,0
400,normal_std50_L2_c1_5,10,repeat_8.8,5516.5,0
400,normal_std50_L2_c1_5,10,repeat_8.9,5535.58,0
400,normal_std50_L2_c1_5,10,repeat_9,5449.1,0
400,normal_std50_L2_c1_5,10,repeat_9.1,5449.53,0
400,normal_std50_L2_c1_5,10,repeat_9.2,5450.82,0
400,normal_std50_L2_c1_5,10,repeat_9.3,5454.35,0
400,normal_std50_L2_c1_5,10,repeat_9.4,5455.41,0
400,normal_std50_L2_c1_5,10,repeat_9.5,5462.21,0
400,normal_std50_L2_c1_5,10,repeat_9.6,5475.5,0
400,normal_std50_L2_c1_5,10,repeat_9.7,5496.82,0
400,normal_std50_L2_c1_5,10,repeat_9.8,5498.87,0
400,normal_std50_L2_c1_5,10,repeat_9.9,5499.92,0
400,normal_std50_L2_c1_5,10,repeat_10,5451.66,0
400,normal_std50_L2_c1_5,10,repeat_10.1,5458.58,0
400,normal_std50_L2_c1_5,10,repeat_10.2,5459.34,0
400,normal_std50_L2_c1_5,10,repeat_10.3,5464.64,0
400,normal_std50_L2_c1_5,10,repeat_10.4,5468.08,0
400,normal_std50_L2_c1_5,10,repeat_10.5,5520.26,0
400,normal_std50_L2_c1_5,10,repeat_10.6,5540.98,0
400,normal_std50_L2_c1_5,10,repeat_10.7,5553.82,0
400,normal_std50_L2_c1_5,10,repeat_10.8,5567.86,0
400,normal_std50_L2_c1_5,10,repeat_10.9,5705.82,0
402,normal_std50_L4_c1_2,1,repeat_1,3779.47,0
402,normal_std50_L4_c1_2,1,repeat_1.1,3933.98,0
402,normal_std50_L4_c1_2,1,repeat_1.2,4569.96,0
402,normal_std50_L4_c1_2,1,repeat_1.3,4688.8,0
402,normal_std50_L4_c1_2,1,repeat_1.4,4693.8,0
402,normal_std50_L4_c1_2,1,repeat_1.5,4704.63,0
402,normal_std50_L4_c1_2,1,repeat_1.6,4704.63,0
402,normal_std50_L4_c1_2,1,repeat_1.7,4705.89,0
402,normal_std50_L4_c1_2,1,repeat_1.8,4767.7,0
402,normal_std50_L4_c1_2,1,repeat_1.9,5138.39,0
402,normal_std50_L4_c1_2,1,repeat_2,4476.06,0
402,normal_std50_L4_c1_2,1,repeat_2.1,4704.63,0
402,normal_std50_L4_c1_2,1,repeat_2.2,4705.12,0
402,normal_std50_L4_c1_2,1,repeat_2.3,4707.36,0
402,normal_std50_L4_c1_2,1,repeat_2.4,4712.44,0
402,normal_std50_L4_c1_2,1,repeat_2.5,4716.32,0
402,normal_std50_L4_c1_2,1,repeat_2.6,4723.82,0
402,normal_std50_L4_c1_2,1,repeat_2.7,4739.16,0
402,normal_std50_L4_c1_2,1,repeat_2.8,4748.16,0
402,normal_std50_L4_c1_2,1,repeat_2.9,5712.12,0
402,normal_std50_L4_c1_2,1,repeat_3,4258.24,0
402,normal_std50_L4_c1_2,1,repeat_3.1,4704.62,0
402,normal_std50_L4_c1_2,1,repeat_3.2,4704.63,0
402,normal_std50_L4_c1_2,1,repeat_3.3,4714.88,0
402,normal_std50_L4_c1_2,1,repeat_3.4,4725.86,0
402,normal_std50_L4_c1_2,1,repeat_3.5,4767.86,0
402,normal_std50_L4_c1_2,1,repeat_3.6,4806.48,0
402,normal_std50_L4_c1_2,1,repeat_3.7,4856.26,0
402,normal_std50_L4_c1_2,1,repeat_3.8,5074.23,0
402,normal_std50_L4_c1_2,1,repeat_3.9,5174.76,0
402,normal_std50_L4_c1_2,1,repeat_4,3928.54,0
402,normal_std50_L4_c1_2,1,repeat_4.1,4253.88,0
402,normal_std50_L4_c1_2,1,repeat_4.2,4688.8,0
402,normal_std50_L4_c1_2,1,repeat_4.3,4704.63,0
402,normal_std50_L4_c1_2,1,repeat_4.4,4730.02,0
402,normal_std50_L4_c1_2,1,repeat_4.5,4732.48,0
402,normal_std50_L4_c1_2,1,repeat_4.6,4976.58,0
402,normal_std50_L4_c1_2,1,repeat_4.7,5319.39,0
402,normal_std50_L4_c1_2,1,repeat_4.8,5446.94,0
402,normal_std50_L4_c1_2,1,repeat_4.9,6543.9,0
402,normal_std50_L4_c1_2,1,repeat_5,4210.55,0
402,normal_std50_L4_c1_2,1,repeat_5.1,4423.87,0
402,normal_std50_L4_c1_2,1,repeat_5.2,4704.62,0
402,normal_std50_L4_c1_2,1,repeat_5.3,4704.62,0
402,normal_std50_L4_c1_2,1,repeat_5.4,4704.62,0
402,normal_std50_L4_c1_2,1,repeat_5.5,4704.63,0
402,normal_std50_L4_c1_2,1,repeat_5.6,4732.48,0
402,normal_std50_L4_c1_2,1,repeat_5.7,4796.28,0
402,normal_std50_L4_c1_2,1,repeat_5.8,4834.88,0
402,normal_std50_L4_c1_2,1,repeat_5.9,4887.49,0
402,normal_std50_L4_c1_2,1,repeat_6,3945.34,0
402,normal_std50_L4_c1_2,1,repeat_6.1,4704.62,0
402,normal_std50_L4_c1_2,1,repeat_6.2,4704.63,0
402,normal_std50_L4_c1_2,1,repeat_6.3,4704.63,0
402,normal_std50_L4_c1_2,1,repeat_6.4,4704.65,0
402,normal_std50_L4_c1_2,1,repeat_6.5,4732.48,0
402,normal_std50_L4_c1_2,1,repeat_6.6,4732.48,0
402,normal_std50_L4_c1_2,1,repeat_6.7,4737.96,0
402,normal_std50_L4_c1_2,1,repeat_6.8,4976.58,0
402,normal_std50_L4_c1_2,1,repeat_7,3749.28,0
402,normal_std50_L4_c1_2,1,repeat_7.1,4704.63,0
402,normal_std50_L4_c1_2,1,repeat_7.2,4705.66,0
402,normal_std50_L4_c1_2,1,repeat_7.3,4796.55,0
402,normal_std50_L4_c1_2,1,repeat_7.4,4799.8,0
402,normal_std50_L4_c1_2,1,repeat_7.5,4845.12,0
402,normal_std50_L4_c1_2,1,repeat_7.6,5159.22,0
402,normal_std50_L4_c1_2,1,repeat_7.7,5568.7,0
402,normal_std50_L4_c1_2,1,repeat_7.8,5630.84,0
402,normal_std50_L4_c1_2,1,repeat_8,4694.21,0
402,normal_std50_L4_c1_2,1,repeat_8.1,4704.47,0
402,normal_std50_L4_c1_2,1,repeat_8.2,4704.63,0
402,normal_std50_L4_c1_2,1,repeat_8.3,4704.84,0
402,normal_std50_L4_c1_2,1,repeat_8.4,4848.4,0
402,normal_std50_L4_c1_2,1,repeat_8.5,4897.12,0
402,normal_std50_L4_c1_2,1,repeat_8.6,5141.23,0
402,normal_std50_L4_c1_2,1,repeat_8.7,5692.61,0
402,normal_std50_L4_c1_2,1,repeat_8.8,6081.49,0
402,normal_std50_L4_c1_2,1,repeat_8.9,7711.15,0
402,normal_std50_L4_c1_2,1,repeat_9,3988.22,0
402,normal_std50_L4_c1_2,1,repeat_9.1,4044.98,0
402,normal_std50_L4_c1_2,1,repeat_9.2,4688.0,0
402,normal_std50_L4_c1_2,1,repeat_9.3,4688.8,0
402,normal_std50_L4_c1_2,1,repeat_9.4,4704.63,0
402,normal_std50_L4_c1_2,1,repeat_9.5,4722.68,0
402,normal_std50_L4_c1_2,1,repeat_9.6,4754.34,0
402,normal_std50_L4_c1_2,1,repeat_9.7,5293.08,0
402,normal_std50_L4_c1_2,1,repeat_9.8,5383.66,0
402,normal_std50_L4_c1_2,1,repeat_9.9,48980.98,0
402,normal_std50_L4_c1_2,1,repeat_10,4704.63,0
404,normal_std50_L4_c1_2,2,repeat_1,3779.47,0
404,normal_std50_L4_c1_2,2,repeat_1.1,3933.62,0
404,normal_std50_L4_c1_2,2,repeat_1.2,3933.98,0
404,normal_std50_L4_c1_2,2,repeat_1.3,4569.96,0
404,normal_std50_L4_c1_2,2,repeat_1.4,4613.27,0
404,normal_std50_L4_c1_2,2,repeat_1.5,4651.26,0
404,normal_std50_L4_c1_2,2,repeat_1.6,4652.75,0
404,normal_std50_L4_c1_2,2,repeat_1.7,4688.8,0
404,normal_std50_L4_c1_2,2,repeat_1.8,4693.8,0
404,normal_std50_L4_c1_2,2,repeat_1.9,4700.94,0
404,normal_std50_L4_c1_2,2,repeat_2,3899.6,0
404,normal_std50_L4_c1_2,2,repeat_2.1,3936.58,0
404,normal_std50_L4_c1_2,2,repeat_2.2,4221.86,0
404,normal_std50_L4_c1_2,2,repeat_2.3,4476.06,0
404,normal_std50_L4_c1_2,2,repeat_2.4,4529.62,0
404,normal_std50_L4_c1_2,2,repeat_2.5,4673.65,0
404,normal_std50_L4_c1_2,2,repeat_2.6,4704.63,0
404,normal_std50_L4_c1_2,2,repeat_2.7,4705.12,0
404,normal_std50_L4_c1_2,2,repeat_2.8,4705.62,0
404,normal_std50_L4_c1_2,2,repeat_2.9,4707.36,0
404,normal_std50_L4_c1_2,2,repeat_3,3955.24,0
404,normal_std50_L4_c1_2,2,repeat_3.1,4258.24,0
404,normal_std50_L4_c1_2,2,repeat_3.2,4610.52,0
404,normal_std50_L4_c1_2,2,repeat_3.3,4668.11,0
404,normal_std50_L4_c1_2,2,repeat_3.4,4704.62,0
404,normal_std50_L4_c1_2,2,repeat_3.5,4704.63,0
404,normal_std50_L4_c1_2,2,repeat_3.6,4708.44,0
404,normal_std50_L4_c1_2,2,repeat_3.7,4714.88,0
404,normal_std50_L4_c1_2,2,repeat_3.8,4725.86,0
404,normal_std50_L4_c1_2,2,repeat_3.9,4767.86,0
404,normal_std50_L4_c1_2,2,repeat_4,3928.54,0
404,normal_std50_L4_c1_2,2,repeat_4.1,4101.06,0
404,normal_std50_L4_c1_2,2,repeat_4.2,4232.92,0
404,normal_std50_L4_c1_2,2,repeat_4.3,4253.88,0
404,normal_std50_L4_c1_2,2,repeat_4.4,4655.6,0
404,normal_std50_L4_c1_2,2,repeat_4.5,4659.51,0
404,normal_std50_L4_c1_2,2,repeat_4.6,4673.75,0
404,normal_std50_L4_c1_2,2,repeat_4.7,4688.8,0
404,normal_std50_L4_c1_2,2,repeat_4.8,4704.34,0
404,normal_std50_L4_c1_2,2,repeat_4.9,4704.63,0
404,normal_std50_L4_c1_2,2,repeat_5,3966.48,0
404,normal_std50_L4_c1_2,2,repeat_5.1,3974.98,0
404,normal_std50_L4_c1_2,2,repeat_5.2,4210.55,0
404,normal_std50_L4_c1_2,2,repeat_5.3,4423.87,0
404,normal_std50_L4_c1_2,2,repeat_5.4,4550.7,0
404,normal_std50_L4_c1_2,2,repeat_5.5,4625.16,0
404,normal_std50_L4_c1_2,2,repeat_5.6,4704.62,0
404,normal_std50_L4_c1_2,2,repeat_5.7,4704.62,0
404,normal_std50_L4_c1_2,2,repeat_5.8,4704.62,0
404,normal_std50_L4_c1_2,2,repeat_5.9,4704.62,0
404,normal_std50_L4_c1_2,2,repeat_6,3945.34,0
404,normal_std50_L4_c1_2,2,repeat_6.1,3946.54,0
404,normal_std50_L4_c1_2,2,repeat_6.2,3982.36,0
404,normal_std50_L4_c1_2,2,repeat_6.3,4143.1,0
404,normal_std50_L4_c1_2,2,repeat_6.4,4460.8,0
404,normal_std50_L4_c1_2,2,repeat_6.5,4662.68,0
404,normal_std50_L4_c1_2,2,repeat_6.6,4687.54,0
404,normal_std50_L4_c1_2,2,repeat_6.7,4704.62,0
404,normal_std50_L4_c1_2,2,repeat_6.8,4704.63,0
404,normal_std50_L4_c1_2,2,repeat_6.9,4704.63,0
404,normal_std50_L4_c1_2,2,repeat_7,3749.28,0
404,normal_std50_L4_c1_2,2,repeat_7.1,3773.72,0
404,normal_std50_L4_c1_2,2,repeat_7.2,4330.84,0
404,normal_std50_L4_c1_2,2,repeat_7.3,4571.78,0
404,normal_std50_L4_c1_2,2,repeat_7.4,4704.62,0
404,normal_std50_L4_c1_2,2,repeat_7.5,4704.63,0
404,normal_std50_L4_c1_2,2,repeat_7.6,4705.66,0
404,normal_std50_L4_c1_2,2,repeat_7.7,4720.16,0
404,normal_std50_L4_c1_2,2,repeat_7.8,4762.77,0
404,normal_std50_L4_c1_2,2,repeat_7.9,4796.55,0
404,normal_std50_L4_c1_2,2,repeat_8,3872.4,0
404,normal_std50_L4_c1_2,2,repeat_8.1,4104.81,0
404,normal_std50_L4_c1_2,2,repeat_8.2,4662.46,0
404,normal_std50_L4_c1_2,2,repeat_8.3,4673.62,0
404,normal_std50_L4_c1_2,2,repeat_8.4,4694.21,0
404,normal_std50_L4_c1_2,2,repeat_8.5,4704.47,0
404,normal_std50_L4_c1_2,2,repeat_8.6,4704.63,0
404,normal_std50_L4_c1_2,2,repeat_8.7,4704.84,0
404,normal_std50_L4_c1_2,2,repeat_8.8,4705.17,0
404,normal_std50_L4_c1_2,2,repeat_8.9,4741.1,0
404,normal_std50_L4_c1_2,2,repeat_9,3964.14,0
404,normal_std50_L4_c1_2,2,repeat_9.1,3988.22,0
404,normal_std50_L4_c1_2,2,repeat_9.2,4044.98,0
404,normal_std50_L4_c1_2,2,repeat_9.3,4104.66,0
404,normal_std50_L4_c1_2,2,repeat_9.4,4688.0,0
404,normal_std50_L4_c1_2,2,repeat_9.5,4688.8,0
404,normal_std50_L4_c1_2,2,repeat_9.6,4704.63,0
404,normal_std50_L4_c1_2,2,repeat_9.7,4705.12,0
404,normal_std50_L4_c1_2,2,repeat_9.8,4705.5,0
404,normal_std50_L4_c1_2,2,repeat_9.9,4710.43,0
404,normal_std50_L4_c1_2,2,repeat_10,3973.78,0
404,normal_std50_L4_c1_2,2,repeat_10.1,4584.22,0
404,normal_std50_L4_c1_2,2,repeat_10.2,4688.02,0
404,normal_std50_L4_c1_2,2,repeat_10.3,4692.81,0
404,normal_std50_L4_c1_2,2,repeat_10.4,4704.47,0
404,normal_std50_L4_c1_2,2,repeat_10.5,4704.63,0
404,normal_std50_L4_c1_2,2,repeat_10.6,4723.21,0
404,normal_std50_L4_c1_2,2,repeat_10.7,4732.48,0
404,normal_std50_L4_c1_2,2,repeat_10.8,6837.25,0
406,normal_std50_L4_c1_2,3,repeat_1,3779.47,0
406,normal_std50_L4_c1_2,3,repeat_1.1,3933.62,0
406,normal_std50_L4_c1_2,3,repeat_1.2,3933.98,0
406,normal_std50_L4_c1_2,3,repeat_1.3,3942.52,0
406,normal_std50_L4_c1_2,3,repeat_1.4,4222.16,0
406,normal_std50_L4_c1_2,3,repeat_1.5,4297.62,0
406,normal_std50_L4_c1_2,3,repeat_1.6,4456.94,0
406,normal_std50_L4_c1_2,3,repeat_1.7,4569.96,0
406,normal_std50_L4_c1_2,3,repeat_1.8,4613.27,0
406,normal_std50_L4_c1_2,3,repeat_1.9,4651.26,0
406,normal_std50_L4_c1_2,3,repeat_2,3899.6,0
406,normal_std50_L4_c1_2,3,repeat_2.1,3936.58,0
406,normal_std50_L4_c1_2,3,repeat_2.2,4036.78,0
406,normal_std50_L4_c1_2,3,repeat_2.3,4077.6,0
406,normal_std50_L4_c1_2,3,repeat_2.4,4221.86,0
406,normal_std50_L4_c1_2,3,repeat_2.5,4355.98,0
406,normal_std50_L4_c1_2,3,repeat_2.6,4476.06,0
406,normal_std50_L4_c1_2,3,repeat_2.7,4479.12,0
406,normal_std50_L4_c1_2,3,repeat_2.8,4529.62,0
406,normal_std50_L4_c1_2,3,repeat_2.9,4635.1,0
406,normal_std50_L4_c1_2,3,repeat_3,3939.58,0
406,normal_std50_L4_c1_2,3,repeat_3.1,3955.24,0
406,normal_std50_L4_c1_2,3,repeat_3.2,4031.06,0
406,normal_std50_L4_c1_2,3,repeat_3.3,4038.7,0
406,normal_std50_L4_c1_2,3,repeat_3.4,4094.24,0
406,normal_std50_L4_c1_2,3,repeat_3.5,4258.24,0
406,normal_std50_L4_c1_2,3,repeat_3.6,4417.62,0
406,normal_std50_L4_c1_2,3,repeat_3.7,4610.52,0
406,normal_std50_L4_c1_2,3,repeat_3.8,4629.57,0
406,normal_std50_L4_c1_2,3,repeat_3.9,4668.11,0
406,normal_std50_L4_c1_2,3,repeat_4,3768.64,0
406,normal_std50_L4_c1_2,3,repeat_4.1,3918.58,0
406,normal_std50_L4_c1_2,3,repeat_4.2,3928.54,0
406,normal_std50_L4_c1_2,3,repeat_4.3,3970.32,0
406,normal_std50_L4_c1_2,3,repeat_4.4,4101.06,0
406,normal_std50_L4_c1_2,3,repeat_4.5,4232.92,0
406,normal_std50_L4_c1_2,3,repeat_4.6,4253.88,0
406,normal_std50_L4_c1_2,3,repeat_4.7,4388.42,0
406,normal_std50_L4_c1_2,3,repeat_4.8,4477.54,0
406,normal_std50_L4_c1_2,3,repeat_4.9,4650.01,0
406,normal_std50_L4_c1_2,3,repeat_5,3965.7,0
406,normal_std50_L4_c1_2,3,repeat_5.1,3966.48,0
406,normal_std50_L4_c1_2,3,repeat_5.2,3974.98,0
406,normal_std50_L4_c1_2,3,repeat_5.3,4035.64,0
406,normal_std50_L4_c1_2,3,repeat_5.4,4079.89,0
406,normal_std50_L4_c1_2,3,repeat_5.5,4093.64,0
406,normal_std50_L4_c1_2,3,repeat_5.6,4210.55,0
406,normal_std50_L4_c1_2,3,repeat_5.7,4337.61,0
406,normal_std50_L4_c1_2,3,repeat_5.8,4423.87,0
406,normal_std50_L4_c1_2,3,repeat_5.9,4527.14,0
406,normal_std50_L4_c1_2,3,repeat_6,3898.88,0
406,normal_std50_L4_c1_2,3,repeat_6.1,3945.34,0
406,normal_std50_L4_c1_2,3,repeat_6.2,3946.54,0
406,normal_std50_L4_c1_2,3,repeat_6.3,3982.36,0
406,normal_std50_L4_c1_2,3,repeat_6.4,4098.4,0
406,normal_std50_L4_c1_2,3,repeat_6.5,4098.92,0
406,normal_std50_L4_c1_2,3,repeat_6.6,4143.1,0
406,normal_std50_L4_c1_2,3,repeat_6.7,4200.66,0
406,normal_std50_L4_c1_2,3,repeat_6.8,4269.7,0
406,normal_std50_L4_c1_2,3,repeat_6.9,4460.8,0
406,normal_std50_L4_c1_2,3,repeat_7,3749.28,0
406,normal_std50_L4_c1_2,3,repeat_7.1,3773.72,0
406,normal_std50_L4_c1_2,3,repeat_7.2,4330.84,0
406,normal_std50_L4_c1_2,3,repeat_7.3,4571.78,0
406,normal_std50_L4_c1_2,3,repeat_7.4,4704.62,0
406,normal_std50_L4_c1_2,3,repeat_7.5,4704.63,0
406,normal_std50_L4_c1_2,3,repeat_7.6,4705.66,0
406,normal_std50_L4_c1_2,3,repeat_7.7,4720.16,0
406,normal_std50_L4_c1_2,3,repeat_7.8,4762.77,0
406,normal_std50_L4_c1_2,3,repeat_7.9,4796.55,0
406,normal_std50_L4_c1_2,3,repeat_8,3872.4,0
406,normal_std50_L4_c1_2,3,repeat_8.1,4104.81,0
406,normal_std50_L4_c1_2,3,repeat_8.2,4662.46,0
406,normal_std50_L4_c1_2,3,repeat_8.3,4673.62,0
406,normal_std50_L4_c1_2,3,repeat_8.4,4694.21,0
406,normal_std50_L4_c1_2,3,repeat_8.5,4704.47,0
406,normal_std50_L4_c1_2,3,repeat_8.6,4704.63,0
406,normal_std50_L4_c1_2,3,repeat_8.7,4704.84,0
406,normal_std50_L4_c1_2,3,repeat_8.8,4705.17,0
406,normal_std50_L4_c1_2,3,repeat_8.9,4741.1,0
406,normal_std50_L4_c1_2,3,repeat_9,3964.14,0
406,normal_std50_L4_c1_2,3,repeat_9.1,3988.22,0
406,normal_std50_L4_c1_2,3,repeat_9.2,4044.98,0
406,normal_std50_L4_c1_2,3,repeat_9.3,4104.66,0
406,normal_std50_L4_c1_2,3,repeat_9.4,4688.0,0
406,normal_std50_L4_c1_2,3,repeat_9.5,4688.8,0
406,normal_std50_L4_c1_2,3,repeat_9.6,4704.63,0
406,normal_std50_L4_c1_2,3,repeat_9.7,4705.12,0
406,normal_std50_L4_c1_2,3,repeat_9.8,4705.5,0
406,normal_std50_L4_c1_2,3,repeat_9.9,4710.43,0
406,normal_std50_L4_c1_2,3,repeat_10,3973.78,0
406,normal_std50_L4_c1_2,3,repeat_10.1,4584.22,0
406,normal_std50_L4_c1_2,3,repeat_10.2,4688.02,0
406,normal_std50_L4_c1_2,3,repeat_10.3,4692.81,0
406,normal_std50_L4_c1_2,3,repeat_10.4,4704.47,0
406,normal_std50_L4_c1_2,3,repeat_10.5,4704.63,0
406,normal_std50_L4_c1_2,3,repeat_10.6,4723.21,0
406,normal_std50_L4_c1_2,3,repeat_10.7,4732.48,0
406,normal_std50_L4_c1_2,3,repeat_10.8,6837.25,0
408,normal_std50_L4_c1_2,4,repeat_1,3779.47,0
408,normal_std50_L4_c1_2,4,repeat_1.1,3795.43,0
408,normal_std50_L4_c1_2,4,repeat_1.2,3915.28,0
408,normal_std50_L4_c1_2,4,repeat_1.3,3933.62,0
408,normal_std50_L4_c1_2,4,repeat_1.4,3933.98,0
408,normal_std50_L4_c1_2,4,repeat_1.5,3937.06,0
408,normal_std50_L4_c1_2,4,repeat_1.6,3941.26,0
408,normal_std50_L4_c1_2,4,repeat_1.7,3942.52,0
408,normal_std50_L4_c1_2,4,repeat_1.8,4003.64,0
408,normal_std50_L4_c1_2,4,repeat_1.9,4077.46,0
408,normal_std50_L4_c1_2,4,repeat_2,3899.6,0
408,normal_std50_L4_c1_2,4,repeat_2.1,3936.58,0
408,normal_std50_L4_c1_2,4,repeat_2.2,3941.04,0
408,normal_std50_L4_c1_2,4,repeat_2.3,3954.6,0
408,normal_std50_L4_c1_2,4,repeat_2.4,3956.15,0
408,normal_std50_L4_c1_2,4,repeat_2.5,4001.88,0
408,normal_std50_L4_c1_2,4,repeat_2.6,4036.78,0
408,normal_std50_L4_c1_2,4,repeat_2.7,4077.56,0
408,normal_std50_L4_c1_2,4,repeat_2.8,4077.6,0
408,normal_std50_L4_c1_2,4,repeat_2.9,4107.41,0
408,normal_std50_L4_c1_2,4,repeat_3,3938.68,0
408,normal_std50_L4_c1_2,4,repeat_3.1,3939.58,0
408,normal_std50_L4_c1_2,4,repeat_3.2,3955.24,0
408,normal_std50_L4_c1_2,4,repeat_3.3,4030.62,0
408,normal_std50_L4_c1_2,4,repeat_3.4,4031.06,0
408,normal_std50_L4_c1_2,4,repeat_3.5,4038.7,0
408,normal_std50_L4_c1_2,4,repeat_3.6,4094.24,0
408,normal_std50_L4_c1_2,4,repeat_3.7,4148.66,0
408,normal_std50_L4_c1_2,4,repeat_3.8,4203.52,0
408,normal_std50_L4_c1_2,4,repeat_3.9,4258.24,0
408,normal_std50_L4_c1_2,4,repeat_4,3768.64,0
408,normal_std50_L4_c1_2,4,repeat_4.1,3806.42,0
408,normal_std50_L4_c1_2,4,repeat_4.2,3807.94,0
408,normal_std50_L4_c1_2,4,repeat_4.3,3918.58,0
408,normal_std50_L4_c1_2,4,repeat_4.4,3928.54,0
408,normal_std50_L4_c1_2,4,repeat_4.5,3970.32,0
408,normal_std50_L4_c1_2,4,repeat_4.6,3970.66,0
408,normal_std50_L4_c1_2,4,repeat_4.7,4022.54,0
408,normal_std50_L4_c1_2,4,repeat_4.8,4101.06,0
408,normal_std50_L4_c1_2,4,repeat_4.9,4109.18,0
408,normal_std50_L4_c1_2,4,repeat_5,3950.29,0
408,normal_std50_L4_c1_2,4,repeat_5.1,3955.48,0
408,normal_std50_L4_c1_2,4,repeat_5.2,3961.15,0
408,normal_std50_L4_c1_2,4,repeat_5.3,3965.7,0
408,normal_std50_L4_c1_2,4,repeat_5.4,3966.48,0
408,normal_std50_L4_c1_2,4,repeat_5.5,3974.98,0
408,normal_std50_L4_c1_2,4,repeat_5.6,3991.36,0
408,normal_std50_L4_c1_2,4,repeat_5.7,4000.74,0
408,normal_std50_L4_c1_2,4,repeat_5.8,4004.84,0
408,normal_std50_L4_c1_2,4,repeat_5.9,4016.9,0
408,normal_std50_L4_c1_2,4,repeat_6,3898.88,0
408,normal_std50_L4_c1_2,4,repeat_6.1,3945.34,0
408,normal_std50_L4_c1_2,4,repeat_6.2,3946.54,0
408,normal_std50_L4_c1_2,4,repeat_6.3,3982.36,0
408,normal_std50_L4_c1_2,4,repeat_6.4,4095.14,0
408,normal_std50_L4_c1_2,4,repeat_6.5,4098.1,0
408,normal_std50_L4_c1_2,4,repeat_6.6,4098.4,0
408,normal_std50_L4_c1_2,4,repeat_6.7,4098.92,0
408,normal_std50_L4_c1_2,4,repeat_6.8,4101.78,0
408,normal_std50_L4_c1_2,4,repeat_6.9,4105.6,0
408,normal_std50_L4_c1_2,4,repeat_7,3749.28,0
408,normal_std50_L4_c1_2,4,repeat_7.1,3773.72,0
408,normal_std50_L4_c1_2,4,repeat_7.2,4330.84,0
408,normal_std50_L4_c1_2,4,repeat_7.3,4571.78,0
408,normal_std50_L4_c1_2,4,repeat_7.4,4704.62,0
408,normal_std50_L4_c1_2,4,repeat_7.5,4704.63,0
408,normal_std50_L4_c1_2,4,repeat_7.6,4705.66,0
408,normal_std50_L4_c1_2,4,repeat_7.7,4720.16,0
408,normal_std50_L4_c1_2,4,repeat_7.8,4762.77,0
408,normal_std50_L4_c1_2,4,repeat_7.9,4796.55,0
408,normal_std50_L4_c1_2,4,repeat_8,3798.5,0
408,normal_std50_L4_c1_2,4,repeat_8.1,3872.4,0
408,normal_std50_L4_c1_2,4,repeat_8.2,4104.81,0
408,normal_std50_L4_c1_2,4,repeat_8.3,4502.7,0
408,normal_std50_L4_c1_2,4,repeat_8.4,4662.46,0
408,normal_std50_L4_c1_2,4,repeat_8.5,4669.67,0
408,normal_std50_L4_c1_2,4,repeat_8.6,4673.62,0
408,normal_std50_L4_c1_2,4,repeat_8.7,4677.78,0
408,normal_std50_L4_c1_2,4,repeat_8.8,4678.64,0
408,normal_std50_L4_c1_2,4,repeat_8.9,4694.21,0
408,normal_std50_L4_c1_2,4,repeat_9,3964.14,0
408,normal_std50_L4_c1_2,4,repeat_9.1,3988.22,0
408,normal_std50_L4_c1_2,4,repeat_9.2,4044.98,0
408,normal_std50_L4_c1_2,4,repeat_9.3,4104.66,0
408,normal_std50_L4_c1_2,4,repeat_9.4,4688.0,0
408,normal_std50_L4_c1_2,4,repeat_9.5,4688.8,0
408,normal_std50_L4_c1_2,4,repeat_9.6,4704.63,0
408,normal_std50_L4_c1_2,4,repeat_9.7,4705.12,0
408,normal_std50_L4_c1_2,4,repeat_9.8,4705.5,0
408,normal_std50_L4_c1_2,4,repeat_9.9,4710.43,0
408,normal_std50_L4_c1_2,4,repeat_10,3973.78,0
408,normal_std50_L4_c1_2,4,repeat_10.1,4584.22,0
408,normal_std50_L4_c1_2,4,repeat_10.2,4688.02,0
408,normal_std50_L4_c1_2,4,repeat_10.3,4692.81,0
408,normal_std50_L4_c1_2,4,repeat_10.4,4704.47,0
408,normal_std50_L4_c1_2,4,repeat_10.5,4704.63,0
408,normal_std50_L4_c1_2,4,repeat_10.6,4723.21,0
408,normal_std50_L4_c1_2,4,repeat_10.7,4732.48,0
408,normal_std50_L4_c1_2,4,repeat_10.8,6837.25,0
410,normal_std50_L4_c1_2,5,repeat_1,3779.47,0
410,normal_std50_L4_c1_2,5,repeat_1.1,3795.43,0
410,normal_std50_L4_c1_2,5,repeat_1.2,3851.96,0
410,normal_std50_L4_c1_2,5,repeat_1.3,3915.28,0
410,normal_std50_L4_c1_2,5,repeat_1.4,3933.62,0
410,normal_std50_L4_c1_2,5,repeat_1.5,3933.98,0
410,normal_std50_L4_c1_2,5,repeat_1.6,3934.06,0
410,normal_std50_L4_c1_2,5,repeat_1.7,3937.06,0
410,normal_std50_L4_c1_2,5,repeat_1.8,3938.08,0
410,normal_std50_L4_c1_2,5,repeat_1.9,3939.56,0
410,normal_std50_L4_c1_2,5,repeat_2,3895.06,0
410,normal_std50_L4_c1_2,5,repeat_2.1,3897.36,0
410,normal_std50_L4_c1_2,5,repeat_2.2,3899.6,0
410,normal_std50_L4_c1_2,5,repeat_2.3,3917.02,0
410,normal_std50_L4_c1_2,5,repeat_2.4,3924.4,0
410,normal_std50_L4_c1_2,5,repeat_2.5,3936.58,0
410,normal_std50_L4_c1_2,5,repeat_2.6,3941.04,0
410,normal_std50_L4_c1_2,5,repeat_2.7,3954.6,0
410,normal_std50_L4_c1_2,5,repeat_2.8,3956.15,0
410,normal_std50_L4_c1_2,5,repeat_2.9,4001.88,0
410,normal_std50_L4_c1_2,5,repeat_3,3863.98,0
410,normal_std50_L4_c1_2,5,repeat_3.1,3888.06,0
410,normal_std50_L4_c1_2,5,repeat_3.2,3936.0,0
410,normal_std50_L4_c1_2,5,repeat_3.3,3938.68,0
410,normal_std50_L4_c1_2,5,repeat_3.4,3939.06,0
410,normal_std50_L4_c1_2,5,repeat_3.5,3939.58,0
410,normal_std50_L4_c1_2,5,repeat_3.6,3952.34,0
410,normal_std50_L4_c1_2,5,repeat_3.7,3955.24,0
410,normal_std50_L4_c1_2,5,repeat_3.8,3980.78,0
410,normal_std50_L4_c1_2,5,repeat_3.9,3995.48,0
410,normal_std50_L4_c1_2,5,repeat_4,3768.64,0
410,normal_std50_L4_c1_2,5,repeat_4.1,3778.55,0
410,normal_std50_L4_c1_2,5,repeat_4.2,3779.23,0
410,normal_std50_L4_c1_2,5,repeat_4.3,3779.36,0
410,normal_std50_L4_c1_2,5,repeat_4.4,3781.83,0
410,normal_std50_L4_c1_2,5,repeat_4.5,3806.42,0
410,normal_std50_L4_c1_2,5,repeat_4.6,3807.94,0
410,normal_std50_L4_c1_2,5,repeat_4.7,3864.69,0
410,normal_std50_L4_c1_2,5,repeat_4.8,3918.58,0
410,normal_std50_L4_c1_2,5,repeat_4.9,3928.54,0
410,normal_std50_L4_c1_2,5,repeat_5,3946.5,0
410,normal_std50_L4_c1_2,5,repeat_5.1,3950.29,0
410,normal_std50_L4_c1_2,5,repeat_5.2,3951.14,0
410,normal_std50_L4_c1_2,5,repeat_5.3,3955.48,0
410,normal_std50_L4_c1_2,5,repeat_5.4,3960.8,0
410,normal_std50_L4_c1_2,5,repeat_5.5,3961.15,0
410,normal_std50_L4_c1_2,5,repeat_5.6,3965.7,0
410,normal_std50_L4_c1_2,5,repeat_5.7,3966.48,0
410,normal_std50_L4_c1_2,5,repeat_5.8,3972.81,0
410,normal_std50_L4_c1_2,5,repeat_5.9,3974.98,0
410,normal_std50_L4_c1_2,5,repeat_6,3898.88,0
410,normal_std50_L4_c1_2,5,repeat_6.1,3945.34,0
410,normal_std50_L4_c1_2,5,repeat_6.2,3946.54,0
410,normal_std50_L4_c1_2,5,repeat_6.3,3961.42,0
410,normal_std50_L4_c1_2,5,repeat_6.4,3982.36,0
410,normal_std50_L4_c1_2,5,repeat_6.5,3994.74,0
410,normal_std50_L4_c1_2,5,repeat_6.6,4030.78,0
410,normal_std50_L4_c1_2,5,repeat_6.7,4095.14,0
410,normal_std50_L4_c1_2,5,repeat_6.8,4095.84,0
410,normal_std50_L4_c1_2,5,repeat_6.9,4098.1,0
410,normal_std50_L4_c1_2,5,repeat_7,3749.28,0
410,normal_std50_L4_c1_2,5,repeat_7.1,3773.72,0
410,normal_std50_L4_c1_2,5,repeat_7.2,4330.84,0
410,normal_std50_L4_c1_2,5,repeat_7.3,4571.78,0
410,normal_std50_L4_c1_2,5,repeat_7.4,4704.62,0
410,normal_std50_L4_c1_2,5,repeat_7.5,4704.63,0
410,normal_std50_L4_c1_2,5,repeat_7.6,4705.66,0
410,normal_std50_L4_c1_2,5,repeat_7.7,4720.16,0
410,normal_std50_L4_c1_2,5,repeat_7.8,4762.77,0
410,normal_std50_L4_c1_2,5,repeat_7.9,4796.55,0
410,normal_std50_L4_c1_2,5,repeat_8,3798.5,0
410,normal_std50_L4_c1_2,5,repeat_8.1,3872.4,0
410,normal_std50_L4_c1_2,5,repeat_8.2,4104.81,0
410,normal_std50_L4_c1_2,5,repeat_8.3,4502.7,0
410,normal_std50_L4_c1_2,5,repeat_8.4,4662.46,0
410,normal_std50_L4_c1_2,5,repeat_8.5,4669.67,0
410,normal_std50_L4_c1_2,5,repeat_8.6,4673.62,0
410,normal_std50_L4_c1_2,5,repeat_8.7,4677.78,0
410,normal_std50_L4_c1_2,5,repeat_8.8,4678.64,0
410,normal_std50_L4_c1_2,5,repeat_8.9,4694.21,0
410,normal_std50_L4_c1_2,5,repeat_9,3854.84,0
410,normal_std50_L4_c1_2,5,repeat_9.1,3858.04,0
410,normal_std50_L4_c1_2,5,repeat_9.2,3926.86,0
410,normal_std50_L4_c1_2,5,repeat_9.3,3955.66,0
410,normal_std50_L4_c1_2,5,repeat_9.4,3964.14,0
410,normal_std50_L4_c1_2,5,repeat_9.5,3988.22,0
410,normal_std50_L4_c1_2,5,repeat_9.6,4044.98,0
410,normal_std50_L4_c1_2,5,repeat_9.7,4104.66,0
410,normal_std50_L4_c1_2,5,repeat_9.8,4212.18,0
410,normal_std50_L4_c1_2,5,repeat_9.9,4688.0,0
410,normal_std50_L4_c1_2,5,repeat_10,3973.78,0
410,normal_std50_L4_c1_2,5,repeat_10.1,4584.22,0
410,normal_std50_L4_c1_2,5,repeat_10.2,4688.02,0
410,normal_std50_L4_c1_2,5,repeat_10.3,4692.81,0
410,normal_std50_L4_c1_2,5,repeat_10.4,4704.47,0
410,normal_std50_L4_c1_2,5,repeat_10.5,4704.63,0
410,normal_std50_L4_c1_2,5,repeat_10.6,4723.21,0
410,normal_std50_L4_c1_2,5,repeat_10.7,4732.48,0
410,normal_std50_L4_c1_2,5,repeat_10.8,6837.25,0
412,normal_std50_L4_c1_2,6,repeat_1,3762.1,0
412,normal_std50_L4_c1_2,6,repeat_1.1,3778.65,0
412,normal_std50_L4_c1_2,6,repeat_1.2,3779.47,0
412,normal_std50_L4_c1_2,6,repeat_1.3,3795.43,0
412,normal_std50_L4_c1_2,6,repeat_1.4,3851.96,0
412,normal_std50_L4_c1_2,6,repeat_1.5,3870.68,0
412,normal_std50_L4_c1_2,6,repeat_1.6,3915.28,0
412,normal_std50_L4_c1_2,6,repeat_1.7,3933.62,0
412,normal_std50_L4_c1_2,6,repeat_1.8,3933.98,0
412,normal_std50_L4_c1_2,6,repeat_1.9,3934.06,0
412,normal_std50_L4_c1_2,6,repeat_2,3889.12,0
412,normal_std50_L4_c1_2,6,repeat_2.1,3895.06,0
412,normal_std50_L4_c1_2,6,repeat_2.2,3897.36,0
412,normal_std50_L4_c1_2,6,repeat_2.3,3899.6,0
412,normal_std50_L4_c1_2,6,repeat_2.4,3917.02,0
412,normal_std50_L4_c1_2,6,repeat_2.5,3917.68,0
412,normal_std50_L4_c1_2,6,repeat_2.6,3924.4,0
412,normal_std50_L4_c1_2,6,repeat_2.7,3925.52,0
412,normal_std50_L4_c1_2,6,repeat_2.8,3936.58,0
412,normal_std50_L4_c1_2,6,repeat_2.9,3938.6,0
412,normal_std50_L4_c1_2,6,repeat_3,3859.86,0
412,normal_std50_L4_c1_2,6,repeat_3.1,3863.36,0
412,normal_std50_L4_c1_2,6,repeat_3.2,3863.98,0
412,normal_std50_L4_c1_2,6,repeat_3.3,3888.06,0
412,normal_std50_L4_c1_2,6,repeat_3.4,3898.5,0
412,normal_std50_L4_c1_2,6,repeat_3.5,3928.0,0
412,normal_std50_L4_c1_2,6,repeat_3.6,3932.18,0
412,normal_std50_L4_c1_2,6,repeat_3.7,3936.0,0
412,normal_std50_L4_c1_2,6,repeat_3.8,3938.68,0
412,normal_std50_L4_c1_2,6,repeat_3.9,3939.06,0
412,normal_std50_L4_c1_2,6,repeat_4,3768.64,0
412,normal_std50_L4_c1_2,6,repeat_4.1,3776.61,0
412,normal_std50_L4_c1_2,6,repeat_4.2,3777.39,0
412,normal_std50_L4_c1_2,6,repeat_4.3,3778.55,0
412,normal_std50_L4_c1_2,6,repeat_4.4,3779.23,0
412,normal_std50_L4_c1_2,6,repeat_4.5,3779.36,0
412,normal_std50_L4_c1_2,6,repeat_4.6,3780.35,0
412,normal_std50_L4_c1_2,6,repeat_4.7,3781.2,0
412,normal_std50_L4_c1_2,6,repeat_4.8,3781.83,0
412,normal_std50_L4_c1_2,6,repeat_4.9,3802.94,0
412,normal_std50_L4_c1_2,6,repeat_5,3926.2,0
412,normal_std50_L4_c1_2,6,repeat_5.1,3930.52,0
412,normal_std50_L4_c1_2,6,repeat_5.2,3946.5,0
412,normal_std50_L4_c1_2,6,repeat_5.3,3947.72,0
412,normal_std50_L4_c1_2,6,repeat_5.4,3950.29,0
412,normal_std50_L4_c1_2,6,repeat_5.5,3951.14,0
412,normal_std50_L4_c1_2,6,repeat_5.6,3955.48,0
412,normal_std50_L4_c1_2,6,repeat_5.7,3960.8,0
412,normal_std50_L4_c1_2,6,repeat_5.8,3961.15,0
412,normal_std50_L4_c1_2,6,repeat_5.9,3962.5,0
412,normal_std50_L4_c1_2,6,repeat_6,3898.88,0
412,normal_std50_L4_c1_2,6,repeat_6.1,3945.34,0
412,normal_std50_L4_c1_2,6,repeat_6.2,3946.54,0
412,normal_std50_L4_c1_2,6,repeat_6.3,3961.42,0
412,normal_std50_L4_c1_2,6,repeat_6.4,3982.36,0
412,normal_std50_L4_c1_2,6,repeat_6.5,3994.74,0
412,normal_std50_L4_c1_2,6,repeat_6.6,4030.78,0
412,normal_std50_L4_c1_2,6,repeat_6.7,4095.14,0
412,normal_std50_L4_c1_2,6,repeat_6.8,4095.84,0
412,normal_std50_L4_c1_2,6,repeat_6.9,4098.1,0
412,normal_std50_L4_c1_2,6,repeat_7,3749.28,0
412,normal_std50_L4_c1_2,6,repeat_7.1,3773.72,0
412,normal_std50_L4_c1_2,6,repeat_7.2,4061.88,0
412,normal_std50_L4_c1_2,6,repeat_7.3,4330.84,0
412,normal_std50_L4_c1_2,6,repeat_7.4,4571.78,0
412,normal_std50_L4_c1_2,6,repeat_7.5,4704.62,0
412,normal_std50_L4_c1_2,6,repeat_7.6,4704.62,0
412,normal_std50_L4_c1_2,6,repeat_7.7,4704.63,0
412,normal_std50_L4_c1_2,6,repeat_7.8,4704.63,0
412,normal_std50_L4_c1_2,6,repeat_7.9,4705.66,0
412,normal_std50_L4_c1_2,6,repeat_8,3798.5,0
412,normal_std50_L4_c1_2,6,repeat_8.1,3872.4,0
412,normal_std50_L4_c1_2,6,repeat_8.2,4104.81,0
412,normal_std50_L4_c1_2,6,repeat_8.3,4502.7,0
412,normal_std50_L4_c1_2,6,repeat_8.4,4662.46,0
412,normal_std50_L4_c1_2,6,repeat_8.5,4669.67,0
412,normal_std50_L4_c1_2,6,repeat_8.6,4673.62,0
412,normal_std50_L4_c1_2,6,repeat_8.7,4677.78,0
412,normal_std50_L4_c1_2,6,repeat_8.8,4678.64,0
412,normal_std50_L4_c1_2,6,repeat_8.9,4694.21,0
412,normal_std50_L4_c1_2,6,repeat_9,3854.84,0
412,normal_std50_L4_c1_2,6,repeat_9.1,3858.04,0
412,normal_std50_L4_c1_2,6,repeat_9.2,3926.86,0
412,normal_std50_L4_c1_2,6,repeat_9.3,3955.66,0
412,normal_std50_L4_c1_2,6,repeat_9.4,3964.14,0
412,normal_std50_L4_c1_2,6,repeat_9.5,3988.22,0
412,normal_std50_L4_c1_2,6,repeat_9.6,4044.98,0
412,normal_std50_L4_c1_2,6,repeat_9.7,4104.66,0
412,normal_std50_L4_c1_2,6,repeat_9.8,4212.18,0
412,normal_std50_L4_c1_2,6,repeat_9.9,4688.0,0
412,normal_std50_L4_c1_2,6,repeat_10,3973.78,0
412,normal_std50_L4_c1_2,6,repeat_10.1,4584.22,0
412,normal_std50_L4_c1_2,6,repeat_10.2,4688.02,0
412,normal_std50_L4_c1_2,6,repeat_10.3,4692.81,0
412,normal_std50_L4_c1_2,6,repeat_10.4,4704.47,0
412,normal_std50_L4_c1_2,6,repeat_10.5,4704.63,0
412,normal_std50_L4_c1_2,6,repeat_10.6,4723.21,0
412,normal_std50_L4_c1_2,6,repeat_10.7,4732.48,0
412,normal_std50_L4_c1_2,6,repeat_10.8,6837.25,0
414,normal_std50_L4_c1_2,7,repeat_1,3762.1,0
414,normal_std50_L4_c1_2,7,repeat_1.1,3778.65,0
414,normal_std50_L4_c1_2,7,repeat_1.2,3779.47,0
414,normal_std50_L4_c1_2,7,repeat_1.3,3795.43,0
414,normal_std50_L4_c1_2,7,repeat_1.4,3851.96,0
414,normal_std50_L4_c1_2,7,repeat_1.5,3870.68,0
414,normal_std50_L4_c1_2,7,repeat_1.6,3915.28,0
414,normal_std50_L4_c1_2,7,repeat_1.7,3920.6,0
414,normal_std50_L4_c1_2,7,repeat_1.8,3930.84,0
414,normal_std50_L4_c1_2,7,repeat_1.9,3931.98,0
414,normal_std50_L4_c1_2,7,repeat_2,3880.88,0
414,normal_std50_L4_c1_2,7,repeat_2.1,3889.12,0
414,normal_std50_L4_c1_2,7,repeat_2.2,3890.3,0
414,normal_std50_L4_c1_2,7,repeat_2.3,3891.92,0
414,normal_std50_L4_c1_2,7,repeat_2.4,3892.28,0
414,normal_std50_L4_c1_2,7,repeat_2.5,3895.06,0
414,normal_std50_L4_c1_2,7,repeat_2.6,3897.36,0
414,normal_std50_L4_c1_2,7,repeat_2.7,3899.6,0
414,normal_std50_L4_c1_2,7,repeat_2.8,3917.02,0
414,normal_std50_L4_c1_2,7,repeat_2.9,3917.68,0
414,normal_std50_L4_c1_2,7,repeat_3,3824.08,0
414,normal_std50_L4_c1_2,7,repeat_3.1,3859.86,0
414,normal_std50_L4_c1_2,7,repeat_3.2,3863.36,0
414,normal_std50_L4_c1_2,7,repeat_3.3,3863.98,0
414,normal_std50_L4_c1_2,7,repeat_3.4,3873.24,0
414,normal_std50_L4_c1_2,7,repeat_3.5,3888.06,0
414,normal_std50_L4_c1_2,7,repeat_3.6,3895.32,0
414,normal_std50_L4_c1_2,7,repeat_3.7,3898.5,0
414,normal_std50_L4_c1_2,7,repeat_3.8,3928.0,0
414,normal_std50_L4_c1_2,7,repeat_3.9,3932.18,0
414,normal_std50_L4_c1_2,7,repeat_4,3768.64,0
414,normal_std50_L4_c1_2,7,repeat_4.1,3776.61,0
414,normal_std50_L4_c1_2,7,repeat_4.2,3777.14,0
414,normal_std50_L4_c1_2,7,repeat_4.3,3777.39,0
414,normal_std50_L4_c1_2,7,repeat_4.4,3778.55,0
414,normal_std50_L4_c1_2,7,repeat_4.5,3779.23,0
414,normal_std50_L4_c1_2,7,repeat_4.6,3779.36,0
414,normal_std50_L4_c1_2,7,repeat_4.7,3780.35,0
414,normal_std50_L4_c1_2,7,repeat_4.8,3781.2,0
414,normal_std50_L4_c1_2,7,repeat_4.9,3781.83,0
414,normal_std50_L4_c1_2,7,repeat_5,3914.36,0
414,normal_std50_L4_c1_2,7,repeat_5.1,3926.2,0
414,normal_std50_L4_c1_2,7,repeat_5.2,3930.52,0
414,normal_std50_L4_c1_2,7,repeat_5.3,3946.5,0
414,normal_std50_L4_c1_2,7,repeat_5.4,3947.72,0
414,normal_std50_L4_c1_2,7,repeat_5.5,3950.29,0
414,normal_std50_L4_c1_2,7,repeat_5.6,3951.14,0
414,normal_std50_L4_c1_2,7,repeat_5.7,3955.48,0
414,normal_std50_L4_c1_2,7,repeat_5.8,3960.8,0
414,normal_std50_L4_c1_2,7,repeat_5.9,3961.15,0
414,normal_std50_L4_c1_2,7,repeat_6,3898.88,0
414,normal_std50_L4_c1_2,7,repeat_6.1,3945.34,0
414,normal_std50_L4_c1_2,7,repeat_6.2,3946.54,0
414,normal_std50_L4_c1_2,7,repeat_6.3,3961.42,0
414,normal_std50_L4_c1_2,7,repeat_6.4,3982.36,0
414,normal_std50_L4_c1_2,7,repeat_6.5,3994.74,0
414,normal_std50_L4_c1_2,7,repeat_6.6,4030.78,0
414,normal_std50_L4_c1_2,7,repeat_6.7,4095.14,0
414,normal_std50_L4_c1_2,7,repeat_6.8,4095.84,0
414,normal_std50_L4_c1_2,7,repeat_6.9,4098.1,0
414,normal_std50_L4_c1_2,7,repeat_7,3749.28,0
414,normal_std50_L4_c1_2,7,repeat_7.1,3773.72,0
414,normal_std50_L4_c1_2,7,repeat_7.2,3845.4,0
414,normal_std50_L4_c1_2,7,repeat_7.3,4018.94,0
414,normal_std50_L4_c1_2,7,repeat_7.4,4061.88,0
414,normal_std50_L4_c1_2,7,repeat_7.5,4330.84,0
414,normal_std50_L4_c1_2,7,repeat_7.6,4439.72,0
414,normal_std50_L4_c1_2,7,repeat_7.7,4571.78,0
414,normal_std50_L4_c1_2,7,repeat_7.8,4704.62,0
414,normal_std50_L4_c1_2,7,repeat_7.9,4704.62,0
414,normal_std50_L4_c1_2,7,repeat_8,3798.5,0
414,normal_std50_L4_c1_2,7,repeat_8.1,3872.4,0
414,normal_std50_L4_c1_2,7,repeat_8.2,4104.81,0
414,normal_std50_L4_c1_2,7,repeat_8.3,4502.7,0
414,normal_std50_L4_c1_2,7,repeat_8.4,4662.46,0
414,normal_std50_L4_c1_2,7,repeat_8.5,4669.67,0
414,normal_std50_L4_c1_2,7,repeat_8.6,4673.62,0
414,normal_std50_L4_c1_2,7,repeat_8.7,4677.78,0
414,normal_std50_L4_c1_2,7,repeat_8.8,4678.64,0
414,normal_std50_L4_c1_2,7,repeat_8.9,4694.21,0
414,normal_std50_L4_c1_2,7,repeat_9,3854.84,0
414,normal_std50_L4_c1_2,7,repeat_9.1,3858.04,0
414,normal_std50_L4_c1_2,7,repeat_9.2,3861.32,0
414,normal_std50_L4_c1_2,7,repeat_9.3,3866.5,0
414,normal_std50_L4_c1_2,7,repeat_9.4,3870.52,0
414,normal_std50_L4_c1_2,7,repeat_9.5,3926.86,0
414,normal_std50_L4_c1_2,7,repeat_9.6,3955.66,0
414,normal_std50_L4_c1_2,7,repeat_9.7,3964.14,0
414,normal_std50_L4_c1_2,7,repeat_9.8,3987.68,0
414,normal_std50_L4_c1_2,7,repeat_9.9,3988.22,0
414,normal_std50_L4_c1_2,7,repeat_10,3973.78,0
414,normal_std50_L4_c1_2,7,repeat_10.1,4584.22,0
414,normal_std50_L4_c1_2,7,repeat_10.2,4688.02,0
414,normal_std50_L4_c1_2,7,repeat_10.3,4692.81,0
414,normal_std50_L4_c1_2,7,repeat_10.4,4704.47,0
414,normal_std50_L4_c1_2,7,repeat_10.5,4704.63,0
414,normal_std50_L4_c1_2,7,repeat_10.6,4723.21,0
414,normal_std50_L4_c1_2,7,repeat_10.7,4732.48,0
414,normal_std50_L4_c1_2,7,repeat_10.8,6837.25,0
416,normal_std50_L4_c1_2,8,repeat_1,3735.84,0
416,normal_std50_L4_c1_2,8,repeat_1.1,3748.58,0
416,normal_std50_L4_c1_2,8,repeat_1.2,3749.36,0
416,normal_std50_L4_c1_2,8,repeat_1.3,3759.85,0
416,normal_std50_L4_c1_2,8,repeat_1.4,3762.1,0
416,normal_std50_L4_c1_2,8,repeat_1.5,3778.65,0
416,normal_std50_L4_c1_2,8,repeat_1.6,3779.47,0
416,normal_std50_L4_c1_2,8,repeat_1.7,3795.43,0
416,normal_std50_L4_c1_2,8,repeat_1.8,3851.96,0
416,normal_std50_L4_c1_2,8,repeat_1.9,3870.68,0
416,normal_std50_L4_c1_2,8,repeat_2,3872.66,0
416,normal_std50_L4_c1_2,8,repeat_2.1,3880.88,0
416,normal_std50_L4_c1_2,8,repeat_2.2,3889.12,0
416,normal_std50_L4_c1_2,8,repeat_2.3,3889.18,0
416,normal_std50_L4_c1_2,8,repeat_2.4,3890.3,0
416,normal_std50_L4_c1_2,8,repeat_2.5,3891.34,0
416,normal_std50_L4_c1_2,8,repeat_2.6,3891.92,0
416,normal_std50_L4_c1_2,8,repeat_2.7,3892.24,0
416,normal_std50_L4_c1_2,8,repeat_2.8,3892.28,0
416,normal_std50_L4_c1_2,8,repeat_2.9,3893.08,0
416,normal_std50_L4_c1_2,8,repeat_3,3804.68,0
416,normal_std50_L4_c1_2,8,repeat_3.1,3809.04,0
416,normal_std50_L4_c1_2,8,repeat_3.2,3824.08,0
416,normal_std50_L4_c1_2,8,repeat_3.3,3858.56,0
416,normal_std50_L4_c1_2,8,repeat_3.4,3859.86,0
416,normal_std50_L4_c1_2,8,repeat_3.5,3863.36,0
416,normal_std50_L4_c1_2,8,repeat_3.6,3863.98,0
416,normal_std50_L4_c1_2,8,repeat_3.7,3873.24,0
416,normal_std50_L4_c1_2,8,repeat_3.8,3888.06,0
416,normal_std50_L4_c1_2,8,repeat_3.9,3895.32,0
416,normal_std50_L4_c1_2,8,repeat_4,3768.64,0
416,normal_std50_L4_c1_2,8,repeat_4.1,3776.28,0
416,normal_std50_L4_c1_2,8,repeat_4.2,3776.61,0
416,normal_std50_L4_c1_2,8,repeat_4.3,3777.14,0
416,normal_std50_L4_c1_2,8,repeat_4.4,3777.39,0
416,normal_std50_L4_c1_2,8,repeat_4.5,3778.06,0
416,normal_std50_L4_c1_2,8,repeat_4.6,3778.55,0
416,normal_std50_L4_c1_2,8,repeat_4.7,3778.65,0
416,normal_std50_L4_c1_2,8,repeat_4.8,3779.23,0
416,normal_std50_L4_c1_2,8,repeat_4.9,3779.36,0
416,normal_std50_L4_c1_2,8,repeat_5,3913.06,0
416,normal_std50_L4_c1_2,8,repeat_5.1,3914.36,0
416,normal_std50_L4_c1_2,8,repeat_5.2,3924.16,0
416,normal_std50_L4_c1_2,8,repeat_5.3,3926.2,0
416,normal_std50_L4_c1_2,8,repeat_5.4,3926.72,0
416,normal_std50_L4_c1_2,8,repeat_5.5,3930.52,0
416,normal_std50_L4_c1_2,8,repeat_5.6,3946.5,0
416,normal_std50_L4_c1_2,8,repeat_5.7,3947.72,0
416,normal_std50_L4_c1_2,8,repeat_5.8,3950.29,0
416,normal_std50_L4_c1_2,8,repeat_5.9,3950.76,0
416,normal_std50_L4_c1_2,8,repeat_6,3834.12,0
416,normal_std50_L4_c1_2,8,repeat_6.1,3898.88,0
416,normal_std50_L4_c1_2,8,repeat_6.2,3945.34,0
416,normal_std50_L4_c1_2,8,repeat_6.3,3946.54,0
416,normal_std50_L4_c1_2,8,repeat_6.4,3961.42,0
416,normal_std50_L4_c1_2,8,repeat_6.5,3982.36,0
416,normal_std50_L4_c1_2,8,repeat_6.6,3994.74,0
416,normal_std50_L4_c1_2,8,repeat_6.7,4030.78,0
416,normal_std50_L4_c1_2,8,repeat_6.8,4085.04,0
416,normal_std50_L4_c1_2,8,repeat_6.9,4094.94,0
416,normal_std50_L4_c1_2,8,repeat_7,3749.28,0
416,normal_std50_L4_c1_2,8,repeat_7.1,3773.72,0
416,normal_std50_L4_c1_2,8,repeat_7.2,3783.95,0
416,normal_std50_L4_c1_2,8,repeat_7.3,3794.96,0
416,normal_std50_L4_c1_2,8,repeat_7.4,3845.4,0
416,normal_std50_L4_c1_2,8,repeat_7.5,4018.94,0
416,normal_std50_L4_c1_2,8,repeat_7.6,4034.5,0
416,normal_std50_L4_c1_2,8,repeat_7.7,4061.88,0
416,normal_std50_L4_c1_2,8,repeat_7.8,4190.7,0
416,normal_std50_L4_c1_2,8,repeat_7.9,4221.4,0
416,normal_std50_L4_c1_2,8,repeat_8,3792.44,0
416,normal_std50_L4_c1_2,8,repeat_8.1,3798.5,0
416,normal_std50_L4_c1_2,8,repeat_8.2,3815.91,0
416,normal_std50_L4_c1_2,8,repeat_8.3,3857.08,0
416,normal_std50_L4_c1_2,8,repeat_8.4,3872.4,0
416,normal_std50_L4_c1_2,8,repeat_8.5,3891.2,0
416,normal_std50_L4_c1_2,8,repeat_8.6,3996.94,0
416,normal_std50_L4_c1_2,8,repeat_8.7,4104.81,0
416,normal_std50_L4_c1_2,8,repeat_8.8,4194.26,0
416,normal_std50_L4_c1_2,8,repeat_8.9,4235.7,0
416,normal_std50_L4_c1_2,8,repeat_9,3854.84,0
416,normal_std50_L4_c1_2,8,repeat_9.1,3858.04,0
416,normal_std50_L4_c1_2,8,repeat_9.2,3861.32,0
416,normal_std50_L4_c1_2,8,repeat_9.3,3866.5,0
416,normal_std50_L4_c1_2,8,repeat_9.4,3870.52,0
416,normal_std50_L4_c1_2,8,repeat_9.5,3926.86,0
416,normal_std50_L4_c1_2,8,repeat_9.6,3955.66,0
416,normal_std50_L4_c1_2,8,repeat_9.7,3964.14,0
416,normal_std50_L4_c1_2,8,repeat_9.8,3987.68,0
416,normal_std50_L4_c1_2,8,repeat_9.9,3988.22,0
416,normal_std50_L4_c1_2,8,repeat_10,3872.2,0
416,normal_std50_L4_c1_2,8,repeat_10.1,3973.78,0
416,normal_std50_L4_c1_2,8,repeat_10.2,4018.36,0
416,normal_std50_L4_c1_2,8,repeat_10.3,4079.22,0
416,normal_std50_L4_c1_2,8,repeat_10.4,4584.22,0
416,normal_std50_L4_c1_2,8,repeat_10.5,4665.24,0
416,normal_std50_L4_c1_2,8,repeat_10.6,4688.02,0
416,normal_std50_L4_c1_2,8,repeat_10.7,4692.81,0
416,normal_std50_L4_c1_2,8,repeat_10.8,4704.47,0
416,normal_std50_L4_c1_2,8,repeat_10.9,4704.63,0
418,normal_std50_L4_c1_2,9,repeat_1,3735.84,0
418,normal_std50_L4_c1_2,9,repeat_1.1,3748.58,0
418,normal_std50_L4_c1_2,9,repeat_1.2,3749.36,0
418,normal_std50_L4_c1_2,9,repeat_1.3,3759.28,0
418,normal_std50_L4_c1_2,9,repeat_1.4,3759.85,0
418,normal_std50_L4_c1_2,9,repeat_1.5,3762.1,0
418,normal_std50_L4_c1_2,9,repeat_1.6,3768.57,0
418,normal_std50_L4_c1_2,9,repeat_1.7,3774.85,0
418,normal_std50_L4_c1_2,9,repeat_1.8,3777.06,0
418,normal_std50_L4_c1_2,9,repeat_1.9,3778.65,0
418,normal_std50_L4_c1_2,9,repeat_2,3872.66,0
418,normal_std50_L4_c1_2,9,repeat_2.1,3880.88,0
418,normal_std50_L4_c1_2,9,repeat_2.2,3889.12,0
418,normal_std50_L4_c1_2,9,repeat_2.3,3889.18,0
418,normal_std50_L4_c1_2,9,repeat_2.4,3890.3,0
418,normal_std50_L4_c1_2,9,repeat_2.5,3891.34,0
418,normal_std50_L4_c1_2,9,repeat_2.6,3891.92,0
418,normal_std50_L4_c1_2,9,repeat_2.7,3892.24,0
418,normal_std50_L4_c1_2,9,repeat_2.8,3892.28,0
418,normal_std50_L4_c1_2,9,repeat_2.9,3893.08,0
418,normal_std50_L4_c1_2,9,repeat_3,3803.94,0
418,normal_std50_L4_c1_2,9,repeat_3.1,3804.68,0
418,normal_std50_L4_c1_2,9,repeat_3.2,3805.04,0
418,normal_std50_L4_c1_2,9,repeat_3.3,3809.04,0
418,normal_std50_L4_c1_2,9,repeat_3.4,3824.08,0
418,normal_std50_L4_c1_2,9,repeat_3.5,3838.18,0
418,normal_std50_L4_c1_2,9,repeat_3.6,3848.88,0
418,normal_std50_L4_c1_2,9,repeat_3.7,3858.56,0
418,normal_std50_L4_c1_2,9,repeat_3.8,3859.86,0
418,normal_std50_L4_c1_2,9,repeat_3.9,3863.36,0
418,normal_std50_L4_c1_2,9,repeat_4,3768.64,0
418,normal_std50_L4_c1_2,9,repeat_4.1,3775.34,0
418,normal_std50_L4_c1_2,9,repeat_4.2,3776.28,0
418,normal_std50_L4_c1_2,9,repeat_4.3,3776.61,0
418,normal_std50_L4_c1_2,9,repeat_4.4,3777.14,0
418,normal_std50_L4_c1_2,9,repeat_4.5,3777.39,0
418,normal_std50_L4_c1_2,9,repeat_4.6,3778.06,0
418,normal_std50_L4_c1_2,9,repeat_4.7,3778.55,0
418,normal_std50_L4_c1_2,9,repeat_4.8,3778.65,0
418,normal_std50_L4_c1_2,9,repeat_4.9,3779.23,0
418,normal_std50_L4_c1_2,9,repeat_5,3884.5,0
418,normal_std50_L4_c1_2,9,repeat_5.1,3913.06,0
418,normal_std50_L4_c1_2,9,repeat_5.2,3914.36,0
418,normal_std50_L4_c1_2,9,repeat_5.3,3921.96,0
418,normal_std50_L4_c1_2,9,repeat_5.4,3923.46,0
418,normal_std50_L4_c1_2,9,repeat_5.5,3924.16,0
418,normal_std50_L4_c1_2,9,repeat_5.6,3926.2,0
418,normal_std50_L4_c1_2,9,repeat_5.7,3926.72,0
418,normal_std50_L4_c1_2,9,repeat_5.8,3930.52,0
418,normal_std50_L4_c1_2,9,repeat_5.9,3946.5,0
418,normal_std50_L4_c1_2,9,repeat_6,3787.52,0
418,normal_std50_L4_c1_2,9,repeat_6.1,3834.12,0
418,normal_std50_L4_c1_2,9,repeat_6.2,3898.88,0
418,normal_std50_L4_c1_2,9,repeat_6.3,3945.34,0
418,normal_std50_L4_c1_2,9,repeat_6.4,3946.54,0
418,normal_std50_L4_c1_2,9,repeat_6.5,3951.0,0
418,normal_std50_L4_c1_2,9,repeat_6.6,3956.56,0
418,normal_std50_L4_c1_2,9,repeat_6.7,3961.42,0
418,normal_std50_L4_c1_2,9,repeat_6.8,3969.74,0
418,normal_std50_L4_c1_2,9,repeat_6.9,3982.36,0
418,normal_std50_L4_c1_2,9,repeat_7,3749.28,0
418,normal_std50_L4_c1_2,9,repeat_7.1,3773.72,0
418,normal_std50_L4_c1_2,9,repeat_7.2,3783.95,0
418,normal_std50_L4_c1_2,9,repeat_7.3,3794.96,0
418,normal_std50_L4_c1_2,9,repeat_7.4,3845.4,0
418,normal_std50_L4_c1_2,9,repeat_7.5,4018.94,0
418,normal_std50_L4_c1_2,9,repeat_7.6,4034.5,0
418,normal_std50_L4_c1_2,9,repeat_7.7,4061.88,0
418,normal_std50_L4_c1_2,9,repeat_7.8,4190.7,0
418,normal_std50_L4_c1_2,9,repeat_7.9,4221.4,0
418,normal_std50_L4_c1_2,9,repeat_8,3792.44,0
418,normal_std50_L4_c1_2,9,repeat_8.1,3798.5,0
418,normal_std50_L4_c1_2,9,repeat_8.2,3815.91,0
418,normal_std50_L4_c1_2,9,repeat_8.3,3838.26,0
418,normal_std50_L4_c1_2,9,repeat_8.4,3857.08,0
418,normal_std50_L4_c1_2,9,repeat_8.5,3861.46,0
418,normal_std50_L4_c1_2,9,repeat_8.6,3868.6,0
418,normal_std50_L4_c1_2,9,repeat_8.7,3872.4,0
418,normal_std50_L4_c1_2,9,repeat_8.8,3891.2,0
418,normal_std50_L4_c1_2,9,repeat_8.9,3907.34,0
418,normal_std50_L4_c1_2,9,repeat_9,3739.64,0
418,normal_std50_L4_c1_2,9,repeat_9.1,3854.84,0
418,normal_std50_L4_c1_2,9,repeat_9.2,3858.04,0
418,normal_std50_L4_c1_2,9,repeat_9.3,3861.32,0
418,normal_std50_L4_c1_2,9,repeat_9.4,3861.56,0
418,normal_std50_L4_c1_2,9,repeat_9.5,3866.5,0
418,normal_std50_L4_c1_2,9,repeat_9.6,3869.5,0
418,normal_std50_L4_c1_2,9,repeat_9.7,3870.52,0
418,normal_std50_L4_c1_2,9,repeat_9.8,3872.18,0
418,normal_std50_L4_c1_2,9,repeat_9.9,3898.8,0
418,normal_std50_L4_c1_2,9,repeat_10,3872.2,0
418,normal_std50_L4_c1_2,9,repeat_10.1,3965.4,0
418,normal_std50_L4_c1_2,9,repeat_10.2,3973.78,0
418,normal_std50_L4_c1_2,9,repeat_10.3,4018.36,0
418,normal_std50_L4_c1_2,9,repeat_10.4,4077.48,0
418,normal_std50_L4_c1_2,9,repeat_10.5,4079.22,0
418,normal_std50_L4_c1_2,9,repeat_10.6,4091.14,0
418,normal_std50_L4_c1_2,9,repeat_10.7,4236.8,0
418,normal_std50_L4_c1_2,9,repeat_10.8,4285.0,0
418,normal_std50_L4_c1_2,9,repeat_10.9,4470.44,0
420,normal_std50_L4_c1_2,10,repeat_1,3735.84,0
420,normal_std50_L4_c1_2,10,repeat_1.1,3748.58,0
420,normal_std50_L4_c1_2,10,repeat_1.2,3749.12,0
420,normal_std50_L4_c1_2,10,repeat_1.3,3749.36,0
420,normal_std50_L4_c1_2,10,repeat_1.4,3753.11,0
420,normal_std50_L4_c1_2,10,repeat_1.5,3759.28,0
420,normal_std50_L4_c1_2,10,repeat_1.6,3759.85,0
420,normal_std50_L4_c1_2,10,repeat_1.7,3760.2,0
420,normal_std50_L4_c1_2,10,repeat_1.8,3761.26,0
420,normal_std50_L4_c1_2,10,repeat_1.9,3762.1,0
420,normal_std50_L4_c1_2,10,repeat_2,3864.92,0
420,normal_std50_L4_c1_2,10,repeat_2.1,3865.02,0
420,normal_std50_L4_c1_2,10,repeat_2.2,3872.66,0
420,normal_std50_L4_c1_2,10,repeat_2.3,3873.76,0
420,normal_std50_L4_c1_2,10,repeat_2.4,3880.88,0
420,normal_std50_L4_c1_2,10,repeat_2.5,3881.9,0
420,normal_std50_L4_c1_2,10,repeat_2.6,3885.62,0
420,normal_std50_L4_c1_2,10,repeat_2.7,3887.1,0
420,normal_std50_L4_c1_2,10,repeat_2.8,3889.12,0
420,normal_std50_L4_c1_2,10,repeat_2.9,3889.18,0
420,normal_std50_L4_c1_2,10,repeat_3,3801.96,0
420,normal_std50_L4_c1_2,10,repeat_3.1,3803.94,0
420,normal_std50_L4_c1_2,10,repeat_3.2,3804.68,0
420,normal_std50_L4_c1_2,10,repeat_3.3,3805.04,0
420,normal_std50_L4_c1_2,10,repeat_3.4,3809.04,0
420,normal_std50_L4_c1_2,10,repeat_3.5,3820.08,0
420,normal_std50_L4_c1_2,10,repeat_3.6,3824.08,0
420,normal_std50_L4_c1_2,10,repeat_3.7,3838.18,0
420,normal_std50_L4_c1_2,10,repeat_3.8,3848.88,0
420,normal_std50_L4_c1_2,10,repeat_3.9,3858.56,0
420,normal_std50_L4_c1_2,10,repeat_4,3749.07,0
420,normal_std50_L4_c1_2,10,repeat_4.1,3768.64,0
420,normal_std50_L4_c1_2,10,repeat_4.2,3775.34,0
420,normal_std50_L4_c1_2,10,repeat_4.3,3775.59,0
420,normal_std50_L4_c1_2,10,repeat_4.4,3776.28,0
420,normal_std50_L4_c1_2,10,repeat_4.5,3776.61,0
420,normal_std50_L4_c1_2,10,repeat_4.6,3777.14,0
420,normal_std50_L4_c1_2,10,repeat_4.7,3777.39,0
420,normal_std50_L4_c1_2,10,repeat_4.8,3778.06,0
420,normal_std50_L4_c1_2,10,repeat_4.9,3778.55,0
420,normal_std50_L4_c1_2,10,repeat_5,3884.5,0
420,normal_std50_L4_c1_2,10,repeat_5.1,3886.18,0
420,normal_std50_L4_c1_2,10,repeat_5.2,3913.06,0
420,normal_std50_L4_c1_2,10,repeat_5.3,3914.36,0
420,normal_std50_L4_c1_2,10,repeat_5.4,3918.62,0
420,normal_std50_L4_c1_2,10,repeat_5.5,3921.96,0
420,normal_std50_L4_c1_2,10,repeat_5.6,3923.46,0
420,normal_std50_L4_c1_2,10,repeat_5.7,3924.16,0
420,normal_std50_L4_c1_2,10,repeat_5.8,3926.2,0
420,normal_std50_L4_c1_2,10,repeat_5.9,3926.72,0
420,normal_std50_L4_c1_2,10,repeat_6,3787.52,0
420,normal_std50_L4_c1_2,10,repeat_6.1,3834.12,0
420,normal_std50_L4_c1_2,10,repeat_6.2,3898.88,0
420,normal_std50_L4_c1_2,10,repeat_6.3,3945.34,0
420,normal_std50_L4_c1_2,10,repeat_6.4,3946.54,0
420,normal_std50_L4_c1_2,10,repeat_6.5,3951.0,0
420,normal_std50_L4_c1_2,10,repeat_6.6,3956.56,0
420,normal_std50_L4_c1_2,10,repeat_6.7,3961.42,0
420,normal_std50_L4_c1_2,10,repeat_6.8,3969.74,0
420,normal_std50_L4_c1_2,10,repeat_6.9,3982.36,0
420,normal_std50_L4_c1_2,10,repeat_7,3749.28,0
420,normal_std50_L4_c1_2,10,repeat_7.1,3773.72,0
420,normal_std50_L4_c1_2,10,repeat_7.2,3783.95,0
420,normal_std50_L4_c1_2,10,repeat_7.3,3791.8,0
420,normal_std50_L4_c1_2,10,repeat_7.4,3794.96,0
420,normal_std50_L4_c1_2,10,repeat_7.5,3845.4,0
420,normal_std50_L4_c1_2,10,repeat_7.6,3855.26,0
420,normal_std50_L4_c1_2,10,repeat_7.7,3861.62,0
420,normal_std50_L4_c1_2,10,repeat_7.8,3999.86,0
420,normal_std50_L4_c1_2,10,repeat_7.9,4018.94,0
420,normal_std50_L4_c1_2,10,repeat_8,3792.44,0
420,normal_std50_L4_c1_2,10,repeat_8.1,3798.5,0
420,normal_std50_L4_c1_2,10,repeat_8.2,3815.91,0
420,normal_std50_L4_c1_2,10,repeat_8.3,3838.26,0
420,normal_std50_L4_c1_2,10,repeat_8.4,3857.08,0
420,normal_std50_L4_c1_2,10,repeat_8.5,3861.46,0
420,normal_std50_L4_c1_2,10,repeat_8.6,3868.6,0
420,normal_std50_L4_c1_2,10,repeat_8.7,3872.4,0
420,normal_std50_L4_c1_2,10,repeat_8.8,3891.2,0
420,normal_std50_L4_c1_2,10,repeat_8.9,3907.34,0
420,normal_std50_L4_c1_2,10,repeat_9,3739.64,0
420,normal_std50_L4_c1_2,10,repeat_9.1,3854.84,0
420,normal_std50_L4_c1_2,10,repeat_9.2,3858.04,0
420,normal_std50_L4_c1_2,10,repeat_9.3,3861.32,0
420,normal_std50_L4_c1_2,10,repeat_9.4,3861.56,0
420,normal_std50_L4_c1_2,10,repeat_9.5,3866.5,0
420,normal_std50_L4_c1_2,10,repeat_9.6,3869.5,0
420,normal_std50_L4_c1_2,10,repeat_9.7,3870.52,0
420,normal_std50_L4_c1_2,10,repeat_9.8,3872.18,0
420,normal_std50_L4_c1_2,10,repeat_9.9,3898.8,0
420,normal_std50_L4_c1_2,10,repeat_10,3872.2,0
420,normal_std50_L4_c1_2,10,repeat_10.1,3965.4,0
420,normal_std50_L4_c1_2,10,repeat_10.2,3973.78,0
420,normal_std50_L4_c1_2,10,repeat_10.3,4018.36,0
420,normal_std50_L4_c1_2,10,repeat_10.4,4077.48,0
420,normal_std50_L4_c1_2,10,repeat_10.5,4079.22,0
420,normal_std50_L4_c1_2,10,repeat_10.6,4091.14,0
420,normal_std50_L4_c1_2,10,repeat_10.7,4236.8,0
420,normal_std50_L4_c1_2,10,repeat_10.8,4285.0,0
420,normal_std50_L4_c1_2,10,repeat_10.9,4470.44,0
422,normal_std50_L4_c1_5,1,repeat_1,6732.7,0
422,normal_std50_L4_c1_5,1,repeat_1.1,7166.62,0
422,normal_std50_L4_c1_5,1,repeat_1.2,7166.63,0
422,normal_std50_L4_c1_5,1,repeat_1.3,7168.64,0
422,normal_std50_L4_c1_5,1,repeat_1.4,7244.32,0
422,normal_std50_L4_c1_5,1,repeat_1.5,7270.71,0
422,normal_std50_L4_c1_5,1,repeat_1.6,7319.92,0
422,normal_std50_L4_c1_5,1,repeat_1.7,7849.93,0
422,normal_std50_L4_c1_5,1,repeat_1.8,10412.1,0
422,normal_std50_L4_c1_5,1,repeat_1.9,25456.6,0
422,normal_std50_L4_c1_5,1,repeat_2,6258.04,0
422,normal_std50_L4_c1_5,1,repeat_2.1,6601.82,0
422,normal_std50_L4_c1_5,1,repeat_2.2,7157.52,0
422,normal_std50_L4_c1_5,1,repeat_2.3,7166.63,0
422,normal_std50_L4_c1_5,1,repeat_2.4,7168.55,0
422,normal_std50_L4_c1_5,1,repeat_2.5,7207.94,0
422,normal_std50_L4_c1_5,1,repeat_2.6,7290.06,0
422,normal_std50_L4_c1_5,1,repeat_2.7,7319.92,0
422,normal_std50_L4_c1_5,1,repeat_2.8,7383.05,0
422,normal_std50_L4_c1_5,1,repeat_2.9,7666.5,0
422,normal_std50_L4_c1_5,1,repeat_3,6192.62,0
422,normal_std50_L4_c1_5,1,repeat_3.1,6882.34,0
422,normal_std50_L4_c1_5,1,repeat_3.2,7117.86,0
422,normal_std50_L4_c1_5,1,repeat_3.3,7157.51,0
422,normal_std50_L4_c1_5,1,repeat_3.4,7166.62,0
422,normal_std50_L4_c1_5,1,repeat_3.5,7166.63,0
422,normal_std50_L4_c1_5,1,repeat_3.6,7166.96,0
422,normal_std50_L4_c1_5,1,repeat_3.7,7208.05,0
422,normal_std50_L4_c1_5,1,repeat_3.8,7692.0,0
422,normal_std50_L4_c1_5,1,repeat_3.9,8150.88,0
422,normal_std50_L4_c1_5,1,repeat_4,5912.84,0
422,normal_std50_L4_c1_5,1,repeat_4.1,6231.74,0
422,normal_std50_L4_c1_5,1,repeat_4.2,6275.68,0
422,normal_std50_L4_c1_5,1,repeat_4.3,6982.26,0
422,normal_std50_L4_c1_5,1,repeat_4.4,7158.71,0
422,normal_std50_L4_c1_5,1,repeat_4.5,7166.63,0
422,normal_std50_L4_c1_5,1,repeat_4.6,7181.32,0
422,normal_std50_L4_c1_5,1,repeat_4.7,7206.16,0
422,normal_std50_L4_c1_5,1,repeat_4.8,7490.6,0
422,normal_std50_L4_c1_5,1,repeat_4.9,8124.66,0
422,normal_std50_L4_c1_5,1,repeat_5,6622.76,0
422,normal_std50_L4_c1_5,1,repeat_5.1,7166.63,0
422,normal_std50_L4_c1_5,1,repeat_5.2,7178.46,0
422,normal_std50_L4_c1_5,1,repeat_5.3,7180.51,0
422,normal_std50_L4_c1_5,1,repeat_5.4,7319.92,0
422,normal_std50_L4_c1_5,1,repeat_5.5,7490.6,0
422,normal_std50_L4_c1_5,1,repeat_5.6,7698.25,0
422,normal_std50_L4_c1_5,1,repeat_5.7,8008.12,0
422,normal_std50_L4_c1_5,1,repeat_5.8,8298.4,0
422,normal_std50_L4_c1_5,1,repeat_5.9,11027.72,0
422,normal_std50_L4_c1_5,1,repeat_6,7155.91,0
422,normal_std50_L4_c1_5,1,repeat_6.1,7166.62,0
422,normal_std50_L4_c1_5,1,repeat_6.2,7166.63,0
422,normal_std50_L4_c1_5,1,repeat_6.3,7166.63,0
422,normal_std50_L4_c1_5,1,repeat_6.4,7166.64,0
422,normal_std50_L4_c1_5,1,repeat_6.5,7179.05,0
422,normal_std50_L4_c1_5,1,repeat_6.6,7270.7,0
422,normal_std50_L4_c1_5,1,repeat_6.7,7522.46,0
422,normal_std50_L4_c1_5,1,repeat_6.8,7562.18,0
422,normal_std50_L4_c1_5,1,repeat_6.9,7697.76,0
422,normal_std50_L4_c1_5,1,repeat_7,5922.27,0
422,normal_std50_L4_c1_5,1,repeat_7.1,6824.37,0
422,normal_std50_L4_c1_5,1,repeat_7.2,7166.63,0
422,normal_std50_L4_c1_5,1,repeat_7.3,7166.63,0
422,normal_std50_L4_c1_5,1,repeat_7.4,7166.63,0
422,normal_std50_L4_c1_5,1,repeat_7.5,7169.61,0
422,normal_std50_L4_c1_5,1,repeat_7.6,7178.68,0
422,normal_std50_L4_c1_5,1,repeat_7.7,7179.05,0
422,normal_std50_L4_c1_5,1,repeat_7.8,7208.04,0
422,normal_std50_L4_c1_5,1,repeat_7.9,8833.9,0
422,normal_std50_L4_c1_5,1,repeat_8,6258.54,0
422,normal_std50_L4_c1_5,1,repeat_8.1,7162.8,0
422,normal_std50_L4_c1_5,1,repeat_8.2,7166.62,0
422,normal_std50_L4_c1_5,1,repeat_8.3,7166.63,0
422,normal_std50_L4_c1_5,1,repeat_8.4,7167.3,0
422,normal_std50_L4_c1_5,1,repeat_8.5,7168.08,0
422,normal_std50_L4_c1_5,1,repeat_8.6,7177.12,0
422,normal_std50_L4_c1_5,1,repeat_8.7,7178.68,0
422,normal_std50_L4_c1_5,1,repeat_8.8,7183.65,0
422,normal_std50_L4_c1_5,1,repeat_8.9,7208.04,0
422,normal_std50_L4_c1_5,1,repeat_9,6108.87,0
422,normal_std50_L4_c1_5,1,repeat_9.1,7075.64,0
422,normal_std50_L4_c1_5,1,repeat_9.2,7158.71,0
422,normal_std50_L4_c1_5,1,repeat_9.3,7159.27,0
422,normal_std50_L4_c1_5,1,repeat_9.4,7166.62,0
422,normal_std50_L4_c1_5,1,repeat_9.5,7166.63,0
422,normal_std50_L4_c1_5,1,repeat_9.6,7166.63,0
422,normal_std50_L4_c1_5,1,repeat_9.7,7181.63,0
422,normal_std50_L4_c1_5,1,repeat_9.8,7208.04,0
422,normal_std50_L4_c1_5,1,repeat_9.9,7239.1,0
422,normal_std50_L4_c1_5,1,repeat_10,6264.62,0
422,normal_std50_L4_c1_5,1,repeat_10.1,7158.71,0
422,normal_std50_L4_c1_5,1,repeat_10.2,7162.36,0
422,normal_std50_L4_c1_5,1,repeat_10.3,7166.63,0
422,normal_std50_L4_c1_5,1,repeat_10.4,7166.63,0
422,normal_std50_L4_c1_5,1,repeat_10.5,7166.63,0
422,normal_std50_L4_c1_5,1,repeat_10.6,7166.63,0
422,normal_std50_L4_c1_5,1,repeat_10.7,7178.68,0
422,normal_std50_L4_c1_5,1,repeat_10.8,7370.87,0
422,normal_std50_L4_c1_5,1,repeat_10.9,7697.76,0
424,normal_std50_L4_c1_5,2,repeat_1,6732.7,0
424,normal_std50_L4_c1_5,2,repeat_1.1,7010.36,0
424,normal_std50_L4_c1_5,2,repeat_1.2,7162.36,0
424,normal_std50_L4_c1_5,2,repeat_1.3,7166.62,0
424,normal_std50_L4_c1_5,2,repeat_1.4,7166.63,0
424,normal_std50_L4_c1_5,2,repeat_1.5,7168.64,0
424,normal_std50_L4_c1_5,2,repeat_1.6,7173.04,0
424,normal_std50_L4_c1_5,2,repeat_1.7,7221.45,0
424,normal_std50_L4_c1_5,2,repeat_1.8,7244.32,0
424,normal_std50_L4_c1_5,2,repeat_1.9,7270.71,0
424,normal_std50_L4_c1_5,2,repeat_2,6209.3,0
424,normal_std50_L4_c1_5,2,repeat_2.1,6258.04,0
424,normal_std50_L4_c1_5,2,repeat_2.2,6384.48,0
424,normal_std50_L4_c1_5,2,repeat_2.3,6503.1,0
424,normal_std50_L4_c1_5,2,repeat_2.4,6515.92,0
424,normal_std50_L4_c1_5,2,repeat_2.5,6601.82,0
424,normal_std50_L4_c1_5,2,repeat_2.6,6840.62,0
424,normal_std50_L4_c1_5,2,repeat_2.7,7157.52,0
424,normal_std50_L4_c1_5,2,repeat_2.8,7166.63,0
424,normal_std50_L4_c1_5,2,repeat_2.9,7168.55,0
424,normal_std50_L4_c1_5,2,repeat_3,6192.62,0
424,normal_std50_L4_c1_5,2,repeat_3.1,6428.11,0
424,normal_std50_L4_c1_5,2,repeat_3.2,6882.34,0
424,normal_std50_L4_c1_5,2,repeat_3.3,7036.26,0
424,normal_std50_L4_c1_5,2,repeat_3.4,7117.86,0
424,normal_std50_L4_c1_5,2,repeat_3.5,7157.51,0
424,normal_std50_L4_c1_5,2,repeat_3.6,7166.62,0
424,normal_std50_L4_c1_5,2,repeat_3.7,7166.63,0
424,normal_std50_L4_c1_5,2,repeat_3.8,7166.63,0
424,normal_std50_L4_c1_5,2,repeat_3.9,7166.96,0
424,normal_std50_L4_c1_5,2,repeat_4,5912.84,0
424,normal_std50_L4_c1_5,2,repeat_4.1,6231.74,0
424,normal_std50_L4_c1_5,2,repeat_4.2,6261.6,0
424,normal_std50_L4_c1_5,2,repeat_4.3,6275.68,0
424,normal_std50_L4_c1_5,2,repeat_4.4,6692.36,0
424,normal_std50_L4_c1_5,2,repeat_4.5,6742.72,0
424,normal_std50_L4_c1_5,2,repeat_4.6,6763.76,0
424,normal_std50_L4_c1_5,2,repeat_4.7,6982.26,0
424,normal_std50_L4_c1_5,2,repeat_4.8,7044.18,0
424,normal_std50_L4_c1_5,2,repeat_4.9,7158.71,0
424,normal_std50_L4_c1_5,2,repeat_5,6244.45,0
424,normal_std50_L4_c1_5,2,repeat_5.1,6622.76,0
424,normal_std50_L4_c1_5,2,repeat_5.2,6692.16,0
424,normal_std50_L4_c1_5,2,repeat_5.3,6927.32,0
424,normal_std50_L4_c1_5,2,repeat_5.4,7009.4,0
424,normal_std50_L4_c1_5,2,repeat_5.5,7015.14,0
424,normal_std50_L4_c1_5,2,repeat_5.6,7115.2,0
424,normal_std50_L4_c1_5,2,repeat_5.7,7166.63,0
424,normal_std50_L4_c1_5,2,repeat_5.8,7171.0,0
424,normal_std50_L4_c1_5,2,repeat_5.9,7171.62,0
424,normal_std50_L4_c1_5,2,repeat_6,7155.91,0
424,normal_std50_L4_c1_5,2,repeat_6.1,7166.62,0
424,normal_std50_L4_c1_5,2,repeat_6.2,7166.63,0
424,normal_std50_L4_c1_5,2,repeat_6.3,7166.63,0
424,normal_std50_L4_c1_5,2,repeat_6.4,7166.64,0
424,normal_std50_L4_c1_5,2,repeat_6.5,7179.05,0
424,normal_std50_L4_c1_5,2,repeat_6.6,7270.7,0
424,normal_std50_L4_c1_5,2,repeat_6.7,7522.46,0
424,normal_std50_L4_c1_5,2,repeat_6.8,7562.18,0
424,normal_std50_L4_c1_5,2,repeat_6.9,7697.76,0
424,normal_std50_L4_c1_5,2,repeat_7,5922.27,0
424,normal_std50_L4_c1_5,2,repeat_7.1,6619.2,0
424,normal_std50_L4_c1_5,2,repeat_7.2,6824.37,0
424,normal_std50_L4_c1_5,2,repeat_7.3,6987.86,0
424,normal_std50_L4_c1_5,2,repeat_7.4,7166.63,0
424,normal_std50_L4_c1_5,2,repeat_7.5,7166.63,0
424,normal_std50_L4_c1_5,2,repeat_7.6,7166.63,0
424,normal_std50_L4_c1_5,2,repeat_7.7,7166.63,0
424,normal_std50_L4_c1_5,2,repeat_7.8,7169.61,0
424,normal_std50_L4_c1_5,2,repeat_7.9,7178.68,0
424,normal_std50_L4_c1_5,2,repeat_8,6258.54,0
424,normal_std50_L4_c1_5,2,repeat_8.1,6406.71,0
424,normal_std50_L4_c1_5,2,repeat_8.2,7162.8,0
424,normal_std50_L4_c1_5,2,repeat_8.3,7164.6,0
424,normal_std50_L4_c1_5,2,repeat_8.4,7166.62,0
424,normal_std50_L4_c1_5,2,repeat_8.5,7166.63,0
424,normal_std50_L4_c1_5,2,repeat_8.6,7166.78,0
424,normal_std50_L4_c1_5,2,repeat_8.7,7167.3,0
424,normal_std50_L4_c1_5,2,repeat_8.8,7168.08,0
424,normal_std50_L4_c1_5,2,repeat_8.9,7173.22,0
424,normal_std50_L4_c1_5,2,repeat_9,6108.87,0
424,normal_std50_L4_c1_5,2,repeat_9.1,7075.64,0
424,normal_std50_L4_c1_5,2,repeat_9.2,7158.71,0
424,normal_std50_L4_c1_5,2,repeat_9.3,7159.27,0
424,normal_std50_L4_c1_5,2,repeat_9.4,7166.62,0
424,normal_std50_L4_c1_5,2,repeat_9.5,7166.63,0
424,normal_std50_L4_c1_5,2,repeat_9.6,7166.63,0
424,normal_std50_L4_c1_5,2,repeat_9.7,7181.63,0
424,normal_std50_L4_c1_5,2,repeat_9.8,7208.04,0
424,normal_std50_L4_c1_5,2,repeat_9.9,7239.1,0
424,normal_std50_L4_c1_5,2,repeat_10,6264.62,0
424,normal_std50_L4_c1_5,2,repeat_10.1,6808.54,0
424,normal_std50_L4_c1_5,2,repeat_10.2,6995.8,0
424,normal_std50_L4_c1_5,2,repeat_10.3,7151.93,0
424,normal_std50_L4_c1_5,2,repeat_10.4,7158.71,0
424,normal_std50_L4_c1_5,2,repeat_10.5,7162.36,0
424,normal_std50_L4_c1_5,2,repeat_10.6,7165.1,0
424,normal_std50_L4_c1_5,2,repeat_10.7,7166.63,0
424,normal_std50_L4_c1_5,2,repeat_10.8,7166.63,0
424,normal_std50_L4_c1_5,2,repeat_10.9,7166.63,0
426,normal_std50_L4_c1_5,3,repeat_1,6732.7,0
426,normal_std50_L4_c1_5,3,repeat_1.1,6845.18,0
426,normal_std50_L4_c1_5,3,repeat_1.2,6858.76,0
426,normal_std50_L4_c1_5,3,repeat_1.3,6877.42,0
426,normal_std50_L4_c1_5,3,repeat_1.4,6901.78,0
426,normal_std50_L4_c1_5,3,repeat_1.5,7010.36,0
426,normal_std50_L4_c1_5,3,repeat_1.6,7162.36,0
426,normal_std50_L4_c1_5,3,repeat_1.7,7166.62,0
426,normal_std50_L4_c1_5,3,repeat_1.8,7166.63,0
426,normal_std50_L4_c1_5,3,repeat_1.9,7168.64,0
426,normal_std50_L4_c1_5,3,repeat_2,6209.3,0
426,normal_std50_L4_c1_5,3,repeat_2.1,6258.04,0
426,normal_std50_L4_c1_5,3,repeat_2.2,6318.68,0
426,normal_std50_L4_c1_5,3,repeat_2.3,6361.56,0
426,normal_std50_L4_c1_5,3,repeat_2.4,6384.48,0
426,normal_std50_L4_c1_5,3,repeat_2.5,6393.26,0
426,normal_std50_L4_c1_5,3,repeat_2.6,6489.58,0
426,normal_std50_L4_c1_5,3,repeat_2.7,6503.1,0
426,normal_std50_L4_c1_5,3,repeat_2.8,6515.92,0
426,normal_std50_L4_c1_5,3,repeat_2.9,6561.08,0
426,normal_std50_L4_c1_5,3,repeat_3,5929.04,0
426,normal_std50_L4_c1_5,3,repeat_3.1,6192.62,0
426,normal_std50_L4_c1_5,3,repeat_3.2,6237.85,0
426,normal_std50_L4_c1_5,3,repeat_3.3,6258.22,0
426,normal_std50_L4_c1_5,3,repeat_3.4,6402.95,0
426,normal_std50_L4_c1_5,3,repeat_3.5,6428.11,0
426,normal_std50_L4_c1_5,3,repeat_3.6,6626.56,0
426,normal_std50_L4_c1_5,3,repeat_3.7,6882.34,0
426,normal_std50_L4_c1_5,3,repeat_3.8,6985.01,0
426,normal_std50_L4_c1_5,3,repeat_3.9,7004.34,0
426,normal_std50_L4_c1_5,3,repeat_4,5912.84,0
426,normal_std50_L4_c1_5,3,repeat_4.1,6200.4,0
426,normal_std50_L4_c1_5,3,repeat_4.2,6231.74,0
426,normal_std50_L4_c1_5,3,repeat_4.3,6261.6,0
426,normal_std50_L4_c1_5,3,repeat_4.4,6275.68,0
426,normal_std50_L4_c1_5,3,repeat_4.5,6430.88,0
426,normal_std50_L4_c1_5,3,repeat_4.6,6509.26,0
426,normal_std50_L4_c1_5,3,repeat_4.7,6630.76,0
426,normal_std50_L4_c1_5,3,repeat_4.8,6664.46,0
426,normal_std50_L4_c1_5,3,repeat_4.9,6692.36,0
426,normal_std50_L4_c1_5,3,repeat_5,6180.78,0
426,normal_std50_L4_c1_5,3,repeat_5.1,6244.45,0
426,normal_std50_L4_c1_5,3,repeat_5.2,6318.02,0
426,normal_std50_L4_c1_5,3,repeat_5.3,6604.88,0
426,normal_std50_L4_c1_5,3,repeat_5.4,6622.76,0
426,normal_std50_L4_c1_5,3,repeat_5.5,6672.92,0
426,normal_std50_L4_c1_5,3,repeat_5.6,6692.16,0
426,normal_std50_L4_c1_5,3,repeat_5.7,6927.32,0
426,normal_std50_L4_c1_5,3,repeat_5.8,7009.4,0
426,normal_std50_L4_c1_5,3,repeat_5.9,7015.14,0
426,normal_std50_L4_c1_5,3,repeat_6,7155.91,0
426,normal_std50_L4_c1_5,3,repeat_6.1,7166.62,0
426,normal_std50_L4_c1_5,3,repeat_6.2,7166.63,0
426,normal_std50_L4_c1_5,3,repeat_6.3,7166.63,0
426,normal_std50_L4_c1_5,3,repeat_6.4,7166.64,0
426,normal_std50_L4_c1_5,3,repeat_6.5,7179.05,0
426,normal_std50_L4_c1_5,3,repeat_6.6,7270.7,0
426,normal_std50_L4_c1_5,3,repeat_6.7,7522.46,0
426,normal_std50_L4_c1_5,3,repeat_6.8,7562.18,0
426,normal_std50_L4_c1_5,3,repeat_6.9,7697.76,0
426,normal_std50_L4_c1_5,3,repeat_7,5922.27,0
426,normal_std50_L4_c1_5,3,repeat_7.1,6619.2,0
426,normal_std50_L4_c1_5,3,repeat_7.2,6824.37,0
426,normal_std50_L4_c1_5,3,repeat_7.3,6987.86,0
426,normal_std50_L4_c1_5,3,repeat_7.4,7166.63,0
426,normal_std50_L4_c1_5,3,repeat_7.5,7166.63,0
426,normal_std50_L4_c1_5,3,repeat_7.6,7166.63,0
426,normal_std50_L4_c1_5,3,repeat_7.7,7166.63,0
426,normal_std50_L4_c1_5,3,repeat_7.8,7169.61,0
426,normal_std50_L4_c1_5,3,repeat_7.9,7178.68,0
426,normal_std50_L4_c1_5,3,repeat_8,6258.54,0
426,normal_std50_L4_c1_5,3,repeat_8.1,6406.71,0
426,normal_std50_L4_c1_5,3,repeat_8.2,6520.74,0
426,normal_std50_L4_c1_5,3,repeat_8.3,6814.53,0
426,normal_std50_L4_c1_5,3,repeat_8.4,7158.79,0
426,normal_std50_L4_c1_5,3,repeat_8.5,7162.8,0
426,normal_std50_L4_c1_5,3,repeat_8.6,7164.6,0
426,normal_std50_L4_c1_5,3,repeat_8.7,7166.62,0
426,normal_std50_L4_c1_5,3,repeat_8.8,7166.63,0
426,normal_std50_L4_c1_5,3,repeat_8.9,7166.63,0
426,normal_std50_L4_c1_5,3,repeat_9,6108.87,0
426,normal_std50_L4_c1_5,3,repeat_9.1,7075.64,0
426,normal_std50_L4_c1_5,3,repeat_9.2,7158.71,0
426,normal_std50_L4_c1_5,3,repeat_9.3,7159.27,0
426,normal_std50_L4_c1_5,3,repeat_9.4,7166.62,0
426,normal_std50_L4_c1_5,3,repeat_9.5,7166.63,0
426,normal_std50_L4_c1_5,3,repeat_9.6,7166.63,0
426,normal_std50_L4_c1_5,3,repeat_9.7,7181.63,0
426,normal_std50_L4_c1_5,3,repeat_9.8,7208.04,0
426,normal_std50_L4_c1_5,3,repeat_9.9,7239.1,0
426,normal_std50_L4_c1_5,3,repeat_10,6264.62,0
426,normal_std50_L4_c1_5,3,repeat_10.1,6441.16,0
426,normal_std50_L4_c1_5,3,repeat_10.2,6520.77,0
426,normal_std50_L4_c1_5,3,repeat_10.3,6808.54,0
426,normal_std50_L4_c1_5,3,repeat_10.4,6933.74,0
426,normal_std50_L4_c1_5,3,repeat_10.5,6995.8,0
426,normal_std50_L4_c1_5,3,repeat_10.6,7005.93,0
426,normal_std50_L4_c1_5,3,repeat_10.7,7151.93,0
426,normal_std50_L4_c1_5,3,repeat_10.8,7158.71,0
426,normal_std50_L4_c1_5,3,repeat_10.9,7162.36,0
428,normal_std50_L4_c1_5,4,repeat_1,6259.22,0
428,normal_std50_L4_c1_5,4,repeat_1.1,6536.46,0
428,normal_std50_L4_c1_5,4,repeat_1.2,6720.8,0
428,normal_std50_L4_c1_5,4,repeat_1.3,6732.7,0
428,normal_std50_L4_c1_5,4,repeat_1.4,6845.18,0
428,normal_std50_L4_c1_5,4,repeat_1.5,6858.76,0
428,normal_std50_L4_c1_5,4,repeat_1.6,6861.82,0
428,normal_std50_L4_c1_5,4,repeat_1.7,6877.42,0
428,normal_std50_L4_c1_5,4,repeat_1.8,6900.68,0
428,normal_std50_L4_c1_5,4,repeat_1.9,6901.78,0
428,normal_std50_L4_c1_5,4,repeat_2,6089.19,0
428,normal_std50_L4_c1_5,4,repeat_2.1,6209.3,0
428,normal_std50_L4_c1_5,4,repeat_2.2,6258.04,0
428,normal_std50_L4_c1_5,4,repeat_2.3,6259.84,0
428,normal_std50_L4_c1_5,4,repeat_2.4,6318.68,0
428,normal_std50_L4_c1_5,4,repeat_2.5,6361.56,0
428,normal_std50_L4_c1_5,4,repeat_2.6,6384.48,0
428,normal_std50_L4_c1_5,4,repeat_2.7,6393.26,0
428,normal_std50_L4_c1_5,4,repeat_2.8,6489.58,0
428,normal_std50_L4_c1_5,4,repeat_2.9,6503.1,0
428,normal_std50_L4_c1_5,4,repeat_3,5929.04,0
428,normal_std50_L4_c1_5,4,repeat_3.1,5937.35,0
428,normal_std50_L4_c1_5,4,repeat_3.2,6192.62,0
428,normal_std50_L4_c1_5,4,repeat_3.3,6237.85,0
428,normal_std50_L4_c1_5,4,repeat_3.4,6258.22,0
428,normal_std50_L4_c1_5,4,repeat_3.5,6264.06,0
428,normal_std50_L4_c1_5,4,repeat_3.6,6317.41,0
428,normal_std50_L4_c1_5,4,repeat_3.7,6402.95,0
428,normal_std50_L4_c1_5,4,repeat_3.8,6428.11,0
428,normal_std50_L4_c1_5,4,repeat_3.9,6497.0,0
428,normal_std50_L4_c1_5,4,repeat_4,5912.84,0
428,normal_std50_L4_c1_5,4,repeat_4.1,6200.4,0
428,normal_std50_L4_c1_5,4,repeat_4.2,6231.74,0
428,normal_std50_L4_c1_5,4,repeat_4.3,6261.6,0
428,normal_std50_L4_c1_5,4,repeat_4.4,6275.68,0
428,normal_std50_L4_c1_5,4,repeat_4.5,6430.88,0
428,normal_std50_L4_c1_5,4,repeat_4.6,6509.26,0
428,normal_std50_L4_c1_5,4,repeat_4.7,6546.44,0
428,normal_std50_L4_c1_5,4,repeat_4.8,6587.22,0
428,normal_std50_L4_c1_5,4,repeat_4.9,6630.76,0
428,normal_std50_L4_c1_5,4,repeat_5,6180.78,0
428,normal_std50_L4_c1_5,4,repeat_5.1,6244.45,0
428,normal_std50_L4_c1_5,4,repeat_5.2,6309.8,0
428,normal_std50_L4_c1_5,4,repeat_5.3,6318.02,0
428,normal_std50_L4_c1_5,4,repeat_5.4,6322.02,0
428,normal_std50_L4_c1_5,4,repeat_5.5,6329.96,0
428,normal_std50_L4_c1_5,4,repeat_5.6,6454.08,0
428,normal_std50_L4_c1_5,4,repeat_5.7,6604.88,0
428,normal_std50_L4_c1_5,4,repeat_5.8,6622.76,0
428,normal_std50_L4_c1_5,4,repeat_5.9,6672.92,0
428,normal_std50_L4_c1_5,4,repeat_6,7155.91,0
428,normal_std50_L4_c1_5,4,repeat_6.1,7166.62,0
428,normal_std50_L4_c1_5,4,repeat_6.2,7166.63,0
428,normal_std50_L4_c1_5,4,repeat_6.3,7166.63,0
428,normal_std50_L4_c1_5,4,repeat_6.4,7166.64,0
428,normal_std50_L4_c1_5,4,repeat_6.5,7179.05,0
428,normal_std50_L4_c1_5,4,repeat_6.6,7270.7,0
428,normal_std50_L4_c1_5,4,repeat_6.7,7522.46,0
428,normal_std50_L4_c1_5,4,repeat_6.8,7562.18,0
428,normal_std50_L4_c1_5,4,repeat_6.9,7697.76,0
428,normal_std50_L4_c1_5,4,repeat_7,5922.27,0
428,normal_std50_L4_c1_5,4,repeat_7.1,6619.2,0
428,normal_std50_L4_c1_5,4,repeat_7.2,6824.37,0
428,normal_std50_L4_c1_5,4,repeat_7.3,6987.86,0
428,normal_std50_L4_c1_5,4,repeat_7.4,7166.63,0
428,normal_std50_L4_c1_5,4,repeat_7.5,7166.63,0
428,normal_std50_L4_c1_5,4,repeat_7.6,7166.63,0
428,normal_std50_L4_c1_5,4,repeat_7.7,7166.63,0
428,normal_std50_L4_c1_5,4,repeat_7.8,7169.61,0
428,normal_std50_L4_c1_5,4,repeat_7.9,7178.68,0
428,normal_std50_L4_c1_5,4,repeat_8,6258.54,0
428,normal_std50_L4_c1_5,4,repeat_8.1,6406.71,0
428,normal_std50_L4_c1_5,4,repeat_8.2,6520.74,0
428,normal_std50_L4_c1_5,4,repeat_8.3,6814.53,0
428,normal_std50_L4_c1_5,4,repeat_8.4,7158.79,0
428,normal_std50_L4_c1_5,4,repeat_8.5,7162.8,0
428,normal_std50_L4_c1_5,4,repeat_8.6,7164.6,0
428,normal_std50_L4_c1_5,4,repeat_8.7,7166.62,0
428,normal_std50_L4_c1_5,4,repeat_8.8,7166.63,0
428,normal_std50_L4_c1_5,4,repeat_8.9,7166.63,0
428,normal_std50_L4_c1_5,4,repeat_9,6108.87,0
428,normal_std50_L4_c1_5,4,repeat_9.1,7075.64,0
428,normal_std50_L4_c1_5,4,repeat_9.2,7158.71,0
428,normal_std50_L4_c1_5,4,repeat_9.3,7159.27,0
428,normal_std50_L4_c1_5,4,repeat_9.4,7166.62,0
428,normal_std50_L4_c1_5,4,repeat_9.5,7166.63,0
428,normal_std50_L4_c1_5,4,repeat_9.6,7166.63,0
428,normal_std50_L4_c1_5,4,repeat_9.7,7181.63,0
428,normal_std50_L4_c1_5,4,repeat_9.8,7208.04,0
428,normal_std50_L4_c1_5,4,repeat_9.9,7239.1,0
428,normal_std50_L4_c1_5,4,repeat_10,6264.62,0
428,normal_std50_L4_c1_5,4,repeat_10.1,6441.16,0
428,normal_std50_L4_c1_5,4,repeat_10.2,6520.77,0
428,normal_std50_L4_c1_5,4,repeat_10.3,6579.93,0
428,normal_std50_L4_c1_5,4,repeat_10.4,6641.5,0
428,normal_std50_L4_c1_5,4,repeat_10.5,6690.41,0
428,normal_std50_L4_c1_5,4,repeat_10.6,6715.79,0
428,normal_std50_L4_c1_5,4,repeat_10.7,6808.54,0
428,normal_std50_L4_c1_5,4,repeat_10.8,6933.74,0
428,normal_std50_L4_c1_5,4,repeat_10.9,6995.8,0
430,normal_std50_L4_c1_5,5,repeat_1,6259.22,0
430,normal_std50_L4_c1_5,5,repeat_1.1,6536.46,0
430,normal_std50_L4_c1_5,5,repeat_1.2,6720.8,0
430,normal_std50_L4_c1_5,5,repeat_1.3,6732.7,0
430,normal_std50_L4_c1_5,5,repeat_1.4,6845.18,0
430,normal_std50_L4_c1_5,5,repeat_1.5,6858.76,0
430,normal_std50_L4_c1_5,5,repeat_1.6,6861.82,0
430,normal_std50_L4_c1_5,5,repeat_1.7,6877.42,0
430,normal_std50_L4_c1_5,5,repeat_1.8,6900.68,0
430,normal_std50_L4_c1_5,5,repeat_1.9,6901.78,0
430,normal_std50_L4_c1_5,5,repeat_2,6066.38,0
430,normal_std50_L4_c1_5,5,repeat_2.1,6089.19,0
430,normal_std50_L4_c1_5,5,repeat_2.2,6209.3,0
430,normal_std50_L4_c1_5,5,repeat_2.3,6258.04,0
430,normal_std50_L4_c1_5,5,repeat_2.4,6259.84,0
430,normal_std50_L4_c1_5,5,repeat_2.5,6318.68,0
430,normal_std50_L4_c1_5,5,repeat_2.6,6361.56,0
430,normal_std50_L4_c1_5,5,repeat_2.7,6365.14,0
430,normal_std50_L4_c1_5,5,repeat_2.8,6380.96,0
430,normal_std50_L4_c1_5,5,repeat_2.9,6384.48,0
430,normal_std50_L4_c1_5,5,repeat_3,5907.78,0
430,normal_std50_L4_c1_5,5,repeat_3.1,5929.04,0
430,normal_std50_L4_c1_5,5,repeat_3.2,5937.35,0
430,normal_std50_L4_c1_5,5,repeat_3.3,6008.43,0
430,normal_std50_L4_c1_5,5,repeat_3.4,6033.1,0
430,normal_std50_L4_c1_5,5,repeat_3.5,6186.89,0
430,normal_std50_L4_c1_5,5,repeat_3.6,6192.62,0
430,normal_std50_L4_c1_5,5,repeat_3.7,6237.85,0
430,normal_std50_L4_c1_5,5,repeat_3.8,6258.22,0
430,normal_std50_L4_c1_5,5,repeat_3.9,6264.06,0
430,normal_std50_L4_c1_5,5,repeat_4,5912.84,0
430,normal_std50_L4_c1_5,5,repeat_4.1,6200.4,0
430,normal_std50_L4_c1_5,5,repeat_4.2,6231.74,0
430,normal_std50_L4_c1_5,5,repeat_4.3,6261.6,0
430,normal_std50_L4_c1_5,5,repeat_4.4,6275.68,0
430,normal_std50_L4_c1_5,5,repeat_4.5,6420.72,0
430,normal_std50_L4_c1_5,5,repeat_4.6,6430.88,0
430,normal_std50_L4_c1_5,5,repeat_4.7,6440.22,0
430,normal_std50_L4_c1_5,5,repeat_4.8,6487.62,0
430,normal_std50_L4_c1_5,5,repeat_4.9,6509.26,0
430,normal_std50_L4_c1_5,5,repeat_5,6170.63,0
430,normal_std50_L4_c1_5,5,repeat_5.1,6180.78,0
430,normal_std50_L4_c1_5,5,repeat_5.2,6244.45,0
430,normal_std50_L4_c1_5,5,repeat_5.3,6302.35,0
430,normal_std50_L4_c1_5,5,repeat_5.4,6309.8,0
430,normal_std50_L4_c1_5,5,repeat_5.5,6318.02,0
430,normal_std50_L4_c1_5,5,repeat_5.6,6322.02,0
430,normal_std50_L4_c1_5,5,repeat_5.7,6329.96,0
430,normal_std50_L4_c1_5,5,repeat_5.8,6454.08,0
430,normal_std50_L4_c1_5,5,repeat_5.9,6486.42,0
430,normal_std50_L4_c1_5,5,repeat_6,7155.91,0
430,normal_std50_L4_c1_5,5,repeat_6.1,7166.62,0
430,normal_std50_L4_c1_5,5,repeat_6.2,7166.63,0
430,normal_std50_L4_c1_5,5,repeat_6.3,7166.63,0
430,normal_std50_L4_c1_5,5,repeat_6.4,7166.64,0
430,normal_std50_L4_c1_5,5,repeat_6.5,7179.05,0
430,normal_std50_L4_c1_5,5,repeat_6.6,7270.7,0
430,normal_std50_L4_c1_5,5,repeat_6.7,7522.46,0
430,normal_std50_L4_c1_5,5,repeat_6.8,7562.18,0
430,normal_std50_L4_c1_5,5,repeat_6.9,7697.76,0
430,normal_std50_L4_c1_5,5,repeat_7,5922.27,0
430,normal_std50_L4_c1_5,5,repeat_7.1,6619.2,0
430,normal_std50_L4_c1_5,5,repeat_7.2,6824.37,0
430,normal_std50_L4_c1_5,5,repeat_7.3,6987.86,0
430,normal_std50_L4_c1_5,5,repeat_7.4,7166.63,0
430,normal_std50_L4_c1_5,5,repeat_7.5,7166.63,0
430,normal_std50_L4_c1_5,5,repeat_7.6,7166.63,0
430,normal_std50_L4_c1_5,5,repeat_7.7,7166.63,0
430,normal_std50_L4_c1_5,5,repeat_7.8,7169.61,0
430,normal_std50_L4_c1_5,5,repeat_7.9,7178.68,0
430,normal_std50_L4_c1_5,5,repeat_8,6258.54,0
430,normal_std50_L4_c1_5,5,repeat_8.1,6296.39,0
430,normal_std50_L4_c1_5,5,repeat_8.2,6386.96,0
430,normal_std50_L4_c1_5,5,repeat_8.3,6406.71,0
430,normal_std50_L4_c1_5,5,repeat_8.4,6520.37,0
430,normal_std50_L4_c1_5,5,repeat_8.5,6520.74,0
430,normal_std50_L4_c1_5,5,repeat_8.6,6814.53,0
430,normal_std50_L4_c1_5,5,repeat_8.7,7022.95,0
430,normal_std50_L4_c1_5,5,repeat_8.8,7158.79,0
430,normal_std50_L4_c1_5,5,repeat_8.9,7162.8,0
430,normal_std50_L4_c1_5,5,repeat_9,6108.87,0
430,normal_std50_L4_c1_5,5,repeat_9.1,7075.64,0
430,normal_std50_L4_c1_5,5,repeat_9.2,7158.71,0
430,normal_std50_L4_c1_5,5,repeat_9.3,7159.27,0
430,normal_std50_L4_c1_5,5,repeat_9.4,7166.62,0
430,normal_std50_L4_c1_5,5,repeat_9.5,7166.63,0
430,normal_std50_L4_c1_5,5,repeat_9.6,7166.63,0
430,normal_std50_L4_c1_5,5,repeat_9.7,7181.63,0
430,normal_std50_L4_c1_5,5,repeat_9.8,7208.04,0
430,normal_std50_L4_c1_5,5,repeat_9.9,7239.1,0
430,normal_std50_L4_c1_5,5,repeat_10,6264.62,0
430,normal_std50_L4_c1_5,5,repeat_10.1,6441.16,0
430,normal_std50_L4_c1_5,5,repeat_10.2,6520.77,0
430,normal_std50_L4_c1_5,5,repeat_10.3,6544.64,0
430,normal_std50_L4_c1_5,5,repeat_10.4,6565.0,0
430,normal_std50_L4_c1_5,5,repeat_10.5,6579.93,0
430,normal_std50_L4_c1_5,5,repeat_10.6,6588.46,0
430,normal_std50_L4_c1_5,5,repeat_10.7,6616.07,0
430,normal_std50_L4_c1_5,5,repeat_10.8,6641.5,0
430,normal_std50_L4_c1_5,5,repeat_10.9,6690.41,0
432,normal_std50_L4_c1_5,6,repeat_1,6201.78,0
432,normal_std50_L4_c1_5,6,repeat_1.1,6259.22,0
432,normal_std50_L4_c1_5,6,repeat_1.2,6330.06,0
432,normal_std50_L4_c1_5,6,repeat_1.3,6466.78,0
432,normal_std50_L4_c1_5,6,repeat_1.4,6536.46,0
432,normal_std50_L4_c1_5,6,repeat_1.5,6720.8,0
432,normal_std50_L4_c1_5,6,repeat_1.6,6726.48,0
432,normal_std50_L4_c1_5,6,repeat_1.7,6732.7,0
432,normal_std50_L4_c1_5,6,repeat_1.8,6845.18,0
432,normal_std50_L4_c1_5,6,repeat_1.9,6858.76,0
432,normal_std50_L4_c1_5,6,repeat_2,5989.64,0
432,normal_std50_L4_c1_5,6,repeat_2.1,6006.64,0
432,normal_std50_L4_c1_5,6,repeat_2.2,6018.1,0
432,normal_std50_L4_c1_5,6,repeat_2.3,6035.22,0
432,normal_std50_L4_c1_5,6,repeat_2.4,6066.38,0
432,normal_std50_L4_c1_5,6,repeat_2.5,6089.19,0
432,normal_std50_L4_c1_5,6,repeat_2.6,6209.3,0
432,normal_std50_L4_c1_5,6,repeat_2.7,6258.04,0
432,normal_std50_L4_c1_5,6,repeat_2.8,6259.84,0
432,normal_std50_L4_c1_5,6,repeat_2.9,6318.68,0
432,normal_std50_L4_c1_5,6,repeat_3,5907.78,0
432,normal_std50_L4_c1_5,6,repeat_3.1,5929.04,0
432,normal_std50_L4_c1_5,6,repeat_3.2,5937.35,0
432,normal_std50_L4_c1_5,6,repeat_3.3,5968.88,0
432,normal_std50_L4_c1_5,6,repeat_3.4,5978.76,0
432,normal_std50_L4_c1_5,6,repeat_3.5,6008.43,0
432,normal_std50_L4_c1_5,6,repeat_3.6,6026.62,0
432,normal_std50_L4_c1_5,6,repeat_3.7,6033.1,0
432,normal_std50_L4_c1_5,6,repeat_3.8,6068.41,0
432,normal_std50_L4_c1_5,6,repeat_3.9,6070.7,0
432,normal_std50_L4_c1_5,6,repeat_4,5912.84,0
432,normal_std50_L4_c1_5,6,repeat_4.1,6200.4,0
432,normal_std50_L4_c1_5,6,repeat_4.2,6231.74,0
432,normal_std50_L4_c1_5,6,repeat_4.3,6261.6,0
432,normal_std50_L4_c1_5,6,repeat_4.4,6275.68,0
432,normal_std50_L4_c1_5,6,repeat_4.5,6279.56,0
432,normal_std50_L4_c1_5,6,repeat_4.6,6307.66,0
432,normal_std50_L4_c1_5,6,repeat_4.7,6362.92,0
432,normal_std50_L4_c1_5,6,repeat_4.8,6398.62,0
432,normal_std50_L4_c1_5,6,repeat_4.9,6400.86,0
432,normal_std50_L4_c1_5,6,repeat_5,6132.4,0
432,normal_std50_L4_c1_5,6,repeat_5.1,6170.63,0
432,normal_std50_L4_c1_5,6,repeat_5.2,6180.78,0
432,normal_std50_L4_c1_5,6,repeat_5.3,6185.8,0
432,normal_std50_L4_c1_5,6,repeat_5.4,6244.45,0
432,normal_std50_L4_c1_5,6,repeat_5.5,6278.65,0
432,normal_std50_L4_c1_5,6,repeat_5.6,6300.82,0
432,normal_std50_L4_c1_5,6,repeat_5.7,6302.35,0
432,normal_std50_L4_c1_5,6,repeat_5.8,6309.8,0
432,normal_std50_L4_c1_5,6,repeat_5.9,6314.14,0
432,normal_std50_L4_c1_5,6,repeat_6,6182.8,0
432,normal_std50_L4_c1_5,6,repeat_6.1,7132.01,0
432,normal_std50_L4_c1_5,6,repeat_6.2,7155.91,0
432,normal_std50_L4_c1_5,6,repeat_6.3,7166.62,0
432,normal_std50_L4_c1_5,6,repeat_6.4,7166.63,0
432,normal_std50_L4_c1_5,6,repeat_6.5,7166.63,0
432,normal_std50_L4_c1_5,6,repeat_6.6,7166.63,0
432,normal_std50_L4_c1_5,6,repeat_6.7,7166.64,0
432,normal_std50_L4_c1_5,6,repeat_6.8,7166.67,0
432,normal_std50_L4_c1_5,6,repeat_6.9,7167.2,0
432,normal_std50_L4_c1_5,6,repeat_7,5901.15,0
432,normal_std50_L4_c1_5,6,repeat_7.1,5922.27,0
432,normal_std50_L4_c1_5,6,repeat_7.2,6527.68,0
432,normal_std50_L4_c1_5,6,repeat_7.3,6619.2,0
432,normal_std50_L4_c1_5,6,repeat_7.4,6791.02,0
432,normal_std50_L4_c1_5,6,repeat_7.5,6824.37,0
432,normal_std50_L4_c1_5,6,repeat_7.6,6833.2,0
432,normal_std50_L4_c1_5,6,repeat_7.7,6987.86,0
432,normal_std50_L4_c1_5,6,repeat_7.8,6999.36,0
432,normal_std50_L4_c1_5,6,repeat_7.9,7166.63,0
432,normal_std50_L4_c1_5,6,repeat_8,6258.54,0
432,normal_std50_L4_c1_5,6,repeat_8.1,6290.37,0
432,normal_std50_L4_c1_5,6,repeat_8.2,6296.39,0
432,normal_std50_L4_c1_5,6,repeat_8.3,6386.96,0
432,normal_std50_L4_c1_5,6,repeat_8.4,6406.71,0
432,normal_std50_L4_c1_5,6,repeat_8.5,6520.37,0
432,normal_std50_L4_c1_5,6,repeat_8.6,6520.74,0
432,normal_std50_L4_c1_5,6,repeat_8.7,6642.5,0
432,normal_std50_L4_c1_5,6,repeat_8.8,6684.91,0
432,normal_std50_L4_c1_5,6,repeat_8.9,6706.1,0
432,normal_std50_L4_c1_5,6,repeat_9,6108.87,0
432,normal_std50_L4_c1_5,6,repeat_9.1,6879.65,0
432,normal_std50_L4_c1_5,6,repeat_9.2,6934.12,0
432,normal_std50_L4_c1_5,6,repeat_9.3,6959.5,0
432,normal_std50_L4_c1_5,6,repeat_9.4,7075.64,0
432,normal_std50_L4_c1_5,6,repeat_9.5,7117.86,0
432,normal_std50_L4_c1_5,6,repeat_9.6,7158.71,0
432,normal_std50_L4_c1_5,6,repeat_9.7,7159.27,0
432,normal_std50_L4_c1_5,6,repeat_9.8,7164.57,0
432,normal_std50_L4_c1_5,6,repeat_9.9,7166.62,0
432,normal_std50_L4_c1_5,6,repeat_10,6264.62,0
432,normal_std50_L4_c1_5,6,repeat_10.1,6387.52,0
432,normal_std50_L4_c1_5,6,repeat_10.2,6441.16,0
432,normal_std50_L4_c1_5,6,repeat_10.3,6520.72,0
432,normal_std50_L4_c1_5,6,repeat_10.4,6520.77,0
432,normal_std50_L4_c1_5,6,repeat_10.5,6544.64,0
432,normal_std50_L4_c1_5,6,repeat_10.6,6546.2,0
432,normal_std50_L4_c1_5,6,repeat_10.7,6565.0,0
432,normal_std50_L4_c1_5,6,repeat_10.8,6579.93,0
432,normal_std50_L4_c1_5,6,repeat_10.9,6587.82,0
434,normal_std50_L4_c1_5,7,repeat_1,6201.78,0
434,normal_std50_L4_c1_5,7,repeat_1.1,6259.22,0
434,normal_std50_L4_c1_5,7,repeat_1.2,6289.44,0
434,normal_std50_L4_c1_5,7,repeat_1.3,6330.06,0
434,normal_std50_L4_c1_5,7,repeat_1.4,6466.78,0
434,normal_std50_L4_c1_5,7,repeat_1.5,6536.46,0
434,normal_std50_L4_c1_5,7,repeat_1.6,6720.1,0
434,normal_std50_L4_c1_5,7,repeat_1.7,6720.8,0
434,normal_std50_L4_c1_5,7,repeat_1.8,6726.48,0
434,normal_std50_L4_c1_5,7,repeat_1.9,6732.7,0
434,normal_std50_L4_c1_5,7,repeat_2,5896.68,0
434,normal_std50_L4_c1_5,7,repeat_2.1,5989.64,0
434,normal_std50_L4_c1_5,7,repeat_2.2,6006.64,0
434,normal_std50_L4_c1_5,7,repeat_2.3,6018.1,0
434,normal_std50_L4_c1_5,7,repeat_2.4,6035.22,0
434,normal_std50_L4_c1_5,7,repeat_2.5,6046.6,0
434,normal_std50_L4_c1_5,7,repeat_2.6,6066.38,0
434,normal_std50_L4_c1_5,7,repeat_2.7,6089.19,0
434,normal_std50_L4_c1_5,7,repeat_2.8,6181.92,0
434,normal_std50_L4_c1_5,7,repeat_2.9,6206.86,0
434,normal_std50_L4_c1_5,7,repeat_3,5907.78,0
434,normal_std50_L4_c1_5,7,repeat_3.1,5908.19,0
434,normal_std50_L4_c1_5,7,repeat_3.2,5923.18,0
434,normal_std50_L4_c1_5,7,repeat_3.3,5927.47,0
434,normal_std50_L4_c1_5,7,repeat_3.4,5929.04,0
434,normal_std50_L4_c1_5,7,repeat_3.5,5937.35,0
434,normal_std50_L4_c1_5,7,repeat_3.6,5946.67,0
434,normal_std50_L4_c1_5,7,repeat_3.7,5968.88,0
434,normal_std50_L4_c1_5,7,repeat_3.8,5970.32,0
434,normal_std50_L4_c1_5,7,repeat_3.9,5978.76,0
434,normal_std50_L4_c1_5,7,repeat_4,5912.84,0
434,normal_std50_L4_c1_5,7,repeat_4.1,6200.4,0
434,normal_std50_L4_c1_5,7,repeat_4.2,6231.74,0
434,normal_std50_L4_c1_5,7,repeat_4.3,6251.42,0
434,normal_std50_L4_c1_5,7,repeat_4.4,6257.7,0
434,normal_std50_L4_c1_5,7,repeat_4.5,6261.6,0
434,normal_std50_L4_c1_5,7,repeat_4.6,6275.68,0
434,normal_std50_L4_c1_5,7,repeat_4.7,6279.56,0
434,normal_std50_L4_c1_5,7,repeat_4.8,6307.66,0
434,normal_std50_L4_c1_5,7,repeat_4.9,6314.92,0
434,normal_std50_L4_c1_5,7,repeat_5,6132.4,0
434,normal_std50_L4_c1_5,7,repeat_5.1,6170.63,0
434,normal_std50_L4_c1_5,7,repeat_5.2,6180.78,0
434,normal_std50_L4_c1_5,7,repeat_5.3,6185.8,0
434,normal_std50_L4_c1_5,7,repeat_5.4,6228.59,0
434,normal_std50_L4_c1_5,7,repeat_5.5,6230.66,0
434,normal_std50_L4_c1_5,7,repeat_5.6,6244.45,0
434,normal_std50_L4_c1_5,7,repeat_5.7,6250.06,0
434,normal_std50_L4_c1_5,7,repeat_5.8,6275.7,0
434,normal_std50_L4_c1_5,7,repeat_5.9,6278.65,0
434,normal_std50_L4_c1_5,7,repeat_6,6151.99,0
434,normal_std50_L4_c1_5,7,repeat_6.1,6182.8,0
434,normal_std50_L4_c1_5,7,repeat_6.2,6225.48,0
434,normal_std50_L4_c1_5,7,repeat_6.3,7132.01,0
434,normal_std50_L4_c1_5,7,repeat_6.4,7155.91,0
434,normal_std50_L4_c1_5,7,repeat_6.5,7166.62,0
434,normal_std50_L4_c1_5,7,repeat_6.6,7166.63,0
434,normal_std50_L4_c1_5,7,repeat_6.7,7166.63,0
434,normal_std50_L4_c1_5,7,repeat_6.8,7166.63,0
434,normal_std50_L4_c1_5,7,repeat_6.9,7166.64,0
434,normal_std50_L4_c1_5,7,repeat_7,5901.15,0
434,normal_std50_L4_c1_5,7,repeat_7.1,5906.2,0
434,normal_std50_L4_c1_5,7,repeat_7.2,5909.04,0
434,normal_std50_L4_c1_5,7,repeat_7.3,5922.27,0
434,normal_std50_L4_c1_5,7,repeat_7.4,6384.5,0
434,normal_std50_L4_c1_5,7,repeat_7.5,6426.07,0
434,normal_std50_L4_c1_5,7,repeat_7.6,6527.68,0
434,normal_std50_L4_c1_5,7,repeat_7.7,6584.6,0
434,normal_std50_L4_c1_5,7,repeat_7.8,6619.2,0
434,normal_std50_L4_c1_5,7,repeat_7.9,6682.72,0
434,normal_std50_L4_c1_5,7,repeat_8,6258.54,0
434,normal_std50_L4_c1_5,7,repeat_8.1,6290.37,0
434,normal_std50_L4_c1_5,7,repeat_8.2,6296.39,0
434,normal_std50_L4_c1_5,7,repeat_8.3,6386.96,0
434,normal_std50_L4_c1_5,7,repeat_8.4,6406.71,0
434,normal_std50_L4_c1_5,7,repeat_8.5,6498.96,0
434,normal_std50_L4_c1_5,7,repeat_8.6,6520.37,0
434,normal_std50_L4_c1_5,7,repeat_8.7,6520.69,0
434,normal_std50_L4_c1_5,7,repeat_8.8,6520.74,0
434,normal_std50_L4_c1_5,7,repeat_8.9,6620.61,0
434,normal_std50_L4_c1_5,7,repeat_9,6108.87,0
434,normal_std50_L4_c1_5,7,repeat_9.1,6214.7,0
434,normal_std50_L4_c1_5,7,repeat_9.2,6859.88,0
434,normal_std50_L4_c1_5,7,repeat_9.3,6879.65,0
434,normal_std50_L4_c1_5,7,repeat_9.4,6934.12,0
434,normal_std50_L4_c1_5,7,repeat_9.5,6954.04,0
434,normal_std50_L4_c1_5,7,repeat_9.6,6959.5,0
434,normal_std50_L4_c1_5,7,repeat_9.7,7075.64,0
434,normal_std50_L4_c1_5,7,repeat_9.8,7117.86,0
434,normal_std50_L4_c1_5,7,repeat_9.9,7158.71,0
434,normal_std50_L4_c1_5,7,repeat_10,6264.62,0
434,normal_std50_L4_c1_5,7,repeat_10.1,6387.52,0
434,normal_std50_L4_c1_5,7,repeat_10.2,6441.16,0
434,normal_std50_L4_c1_5,7,repeat_10.3,6520.72,0
434,normal_std50_L4_c1_5,7,repeat_10.4,6520.77,0
434,normal_std50_L4_c1_5,7,repeat_10.5,6544.64,0
434,normal_std50_L4_c1_5,7,repeat_10.6,6546.2,0
434,normal_std50_L4_c1_5,7,repeat_10.7,6565.0,0
434,normal_std50_L4_c1_5,7,repeat_10.8,6579.93,0
434,normal_std50_L4_c1_5,7,repeat_10.9,6587.82,0
436,normal_std50_L4_c1_5,8,repeat_1,6201.78,0
436,normal_std50_L4_c1_5,8,repeat_1.1,6259.22,0
436,normal_std50_L4_c1_5,8,repeat_1.2,6289.44,0
436,normal_std50_L4_c1_5,8,repeat_1.3,6330.06,0
436,normal_std50_L4_c1_5,8,repeat_1.4,6466.78,0
436,normal_std50_L4_c1_5,8,repeat_1.5,6536.46,0
436,normal_std50_L4_c1_5,8,repeat_1.6,6720.1,0
436,normal_std50_L4_c1_5,8,repeat_1.7,6720.8,0
436,normal_std50_L4_c1_5,8,repeat_1.8,6726.48,0
436,normal_std50_L4_c1_5,8,repeat_1.9,6732.7,0
436,normal_std50_L4_c1_5,8,repeat_2,5896.68,0
436,normal_std50_L4_c1_5,8,repeat_2.1,5989.64,0
436,normal_std50_L4_c1_5,8,repeat_2.2,6006.64,0
436,normal_std50_L4_c1_5,8,repeat_2.3,6018.1,0
436,normal_std50_L4_c1_5,8,repeat_2.4,6035.22,0
436,normal_std50_L4_c1_5,8,repeat_2.5,6046.6,0
436,normal_std50_L4_c1_5,8,repeat_2.6,6066.38,0
436,normal_std50_L4_c1_5,8,repeat_2.7,6089.19,0
436,normal_std50_L4_c1_5,8,repeat_2.8,6181.92,0
436,normal_std50_L4_c1_5,8,repeat_2.9,6206.86,0
436,normal_std50_L4_c1_5,8,repeat_3,5904.67,0
436,normal_std50_L4_c1_5,8,repeat_3.1,5907.67,0
436,normal_std50_L4_c1_5,8,repeat_3.2,5907.78,0
436,normal_std50_L4_c1_5,8,repeat_3.3,5908.19,0
436,normal_std50_L4_c1_5,8,repeat_3.4,5912.33,0
436,normal_std50_L4_c1_5,8,repeat_3.5,5916.52,0
436,normal_std50_L4_c1_5,8,repeat_3.6,5916.55,0
436,normal_std50_L4_c1_5,8,repeat_3.7,5923.11,0
436,normal_std50_L4_c1_5,8,repeat_3.8,5923.18,0
436,normal_std50_L4_c1_5,8,repeat_3.9,5927.47,0
436,normal_std50_L4_c1_5,8,repeat_4,5912.84,0
436,normal_std50_L4_c1_5,8,repeat_4.1,6145.88,0
436,normal_std50_L4_c1_5,8,repeat_4.2,6198.96,0
436,normal_std50_L4_c1_5,8,repeat_4.3,6200.4,0
436,normal_std50_L4_c1_5,8,repeat_4.4,6202.8,0
436,normal_std50_L4_c1_5,8,repeat_4.5,6231.74,0
436,normal_std50_L4_c1_5,8,repeat_4.6,6251.42,0
436,normal_std50_L4_c1_5,8,repeat_4.7,6257.7,0
436,normal_std50_L4_c1_5,8,repeat_4.8,6261.6,0
436,normal_std50_L4_c1_5,8,repeat_4.9,6275.68,0
436,normal_std50_L4_c1_5,8,repeat_5,6132.4,0
436,normal_std50_L4_c1_5,8,repeat_5.1,6164.91,0
436,normal_std50_L4_c1_5,8,repeat_5.2,6170.63,0
436,normal_std50_L4_c1_5,8,repeat_5.3,6180.78,0
436,normal_std50_L4_c1_5,8,repeat_5.4,6185.8,0
436,normal_std50_L4_c1_5,8,repeat_5.5,6198.88,0
436,normal_std50_L4_c1_5,8,repeat_5.6,6228.59,0
436,normal_std50_L4_c1_5,8,repeat_5.7,6230.66,0
436,normal_std50_L4_c1_5,8,repeat_5.8,6244.45,0
436,normal_std50_L4_c1_5,8,repeat_5.9,6250.06,0
436,normal_std50_L4_c1_5,8,repeat_6,6151.99,0
436,normal_std50_L4_c1_5,8,repeat_6.1,6182.8,0
436,normal_std50_L4_c1_5,8,repeat_6.2,6225.48,0
436,normal_std50_L4_c1_5,8,repeat_6.3,7132.01,0
436,normal_std50_L4_c1_5,8,repeat_6.4,7155.91,0
436,normal_std50_L4_c1_5,8,repeat_6.5,7166.62,0
436,normal_std50_L4_c1_5,8,repeat_6.6,7166.63,0
436,normal_std50_L4_c1_5,8,repeat_6.7,7166.63,0
436,normal_std50_L4_c1_5,8,repeat_6.8,7166.63,0
436,normal_std50_L4_c1_5,8,repeat_6.9,7166.64,0
436,normal_std50_L4_c1_5,8,repeat_7,5901.15,0
436,normal_std50_L4_c1_5,8,repeat_7.1,5906.2,0
436,normal_std50_L4_c1_5,8,repeat_7.2,5906.81,0
436,normal_std50_L4_c1_5,8,repeat_7.3,5909.04,0
436,normal_std50_L4_c1_5,8,repeat_7.4,5913.92,0
436,normal_std50_L4_c1_5,8,repeat_7.5,5922.27,0
436,normal_std50_L4_c1_5,8,repeat_7.6,6321.88,0
436,normal_std50_L4_c1_5,8,repeat_7.7,6333.08,0
436,normal_std50_L4_c1_5,8,repeat_7.8,6384.5,0
436,normal_std50_L4_c1_5,8,repeat_7.9,6426.07,0
436,normal_std50_L4_c1_5,8,repeat_8,6258.54,0
436,normal_std50_L4_c1_5,8,repeat_8.1,6290.37,0
436,normal_std50_L4_c1_5,8,repeat_8.2,6296.39,0
436,normal_std50_L4_c1_5,8,repeat_8.3,6386.96,0
436,normal_std50_L4_c1_5,8,repeat_8.4,6406.71,0
436,normal_std50_L4_c1_5,8,repeat_8.5,6498.96,0
436,normal_std50_L4_c1_5,8,repeat_8.6,6520.37,0
436,normal_std50_L4_c1_5,8,repeat_8.7,6520.69,0
436,normal_std50_L4_c1_5,8,repeat_8.8,6520.74,0
436,normal_std50_L4_c1_5,8,repeat_8.9,6620.61,0
436,normal_std50_L4_c1_5,8,repeat_9,6014.6,0
436,normal_std50_L4_c1_5,8,repeat_9.1,6108.87,0
436,normal_std50_L4_c1_5,8,repeat_9.2,6214.7,0
436,normal_std50_L4_c1_5,8,repeat_9.3,6838.6,0
436,normal_std50_L4_c1_5,8,repeat_9.4,6859.88,0
436,normal_std50_L4_c1_5,8,repeat_9.5,6879.65,0
436,normal_std50_L4_c1_5,8,repeat_9.6,6879.65,0
436,normal_std50_L4_c1_5,8,repeat_9.7,6934.12,0
436,normal_std50_L4_c1_5,8,repeat_9.8,6954.04,0
436,normal_std50_L4_c1_5,8,repeat_9.9,6959.5,0
436,normal_std50_L4_c1_5,8,repeat_10,6264.62,0
436,normal_std50_L4_c1_5,8,repeat_10.1,6387.52,0
436,normal_std50_L4_c1_5,8,repeat_10.2,6441.16,0
436,normal_std50_L4_c1_5,8,repeat_10.3,6520.72,0
436,normal_std50_L4_c1_5,8,repeat_10.4,6520.77,0
436,normal_std50_L4_c1_5,8,repeat_10.5,6544.64,0
436,normal_std50_L4_c1_5,8,repeat_10.6,6546.2,0
436,normal_std50_L4_c1_5,8,repeat_10.7,6565.0,0
436,normal_std50_L4_c1_5,8,repeat_10.8,6579.93,0
436,normal_std50_L4_c1_5,8,repeat_10.9,6587.82,0
438,normal_std50_L4_c1_5,9,repeat_1,6170.16,0
438,normal_std50_L4_c1_5,9,repeat_1.1,6201.78,0
438,normal_std50_L4_c1_5,9,repeat_1.2,6219.86,0
438,normal_std50_L4_c1_5,9,repeat_1.3,6244.44,0
438,normal_std50_L4_c1_5,9,repeat_1.4,6259.22,0
438,normal_std50_L4_c1_5,9,repeat_1.5,6289.44,0
438,normal_std50_L4_c1_5,9,repeat_1.6,6330.06,0
438,normal_std50_L4_c1_5,9,repeat_1.7,6438.0,0
438,normal_std50_L4_c1_5,9,repeat_1.8,6466.78,0
438,normal_std50_L4_c1_5,9,repeat_1.9,6536.46,0
438,normal_std50_L4_c1_5,9,repeat_2,5896.68,0
438,normal_std50_L4_c1_5,9,repeat_2.1,5942.84,0
438,normal_std50_L4_c1_5,9,repeat_2.2,5989.64,0
438,normal_std50_L4_c1_5,9,repeat_2.3,6006.64,0
438,normal_std50_L4_c1_5,9,repeat_2.4,6015.1,0
438,normal_std50_L4_c1_5,9,repeat_2.5,6018.1,0
438,normal_std50_L4_c1_5,9,repeat_2.6,6035.22,0
438,normal_std50_L4_c1_5,9,repeat_2.7,6046.6,0
438,normal_std50_L4_c1_5,9,repeat_2.8,6062.8,0
438,normal_std50_L4_c1_5,9,repeat_2.9,6066.38,0
438,normal_std50_L4_c1_5,9,repeat_3,5904.67,0
438,normal_std50_L4_c1_5,9,repeat_3.1,5907.67,0
438,normal_std50_L4_c1_5,9,repeat_3.2,5907.78,0
438,normal_std50_L4_c1_5,9,repeat_3.3,5908.19,0
438,normal_std50_L4_c1_5,9,repeat_3.4,5911.68,0
438,normal_std50_L4_c1_5,9,repeat_3.5,5912.33,0
438,normal_std50_L4_c1_5,9,repeat_3.6,5916.52,0
438,normal_std50_L4_c1_5,9,repeat_3.7,5916.55,0
438,normal_std50_L4_c1_5,9,repeat_3.8,5923.11,0
438,normal_std50_L4_c1_5,9,repeat_3.9,5923.18,0
438,normal_std50_L4_c1_5,9,repeat_4,5912.84,0
438,normal_std50_L4_c1_5,9,repeat_4.1,6145.88,0
438,normal_std50_L4_c1_5,9,repeat_4.2,6170.88,0
438,normal_std50_L4_c1_5,9,repeat_4.3,6184.38,0
438,normal_std50_L4_c1_5,9,repeat_4.4,6198.96,0
438,normal_std50_L4_c1_5,9,repeat_4.5,6200.4,0
438,normal_std50_L4_c1_5,9,repeat_4.6,6202.8,0
438,normal_std50_L4_c1_5,9,repeat_4.7,6209.38,0
438,normal_std50_L4_c1_5,9,repeat_4.8,6231.74,0
438,normal_std50_L4_c1_5,9,repeat_4.9,6251.42,0
438,normal_std50_L4_c1_5,9,repeat_5,6132.4,0
438,normal_std50_L4_c1_5,9,repeat_5.1,6164.91,0
438,normal_std50_L4_c1_5,9,repeat_5.2,6170.63,0
438,normal_std50_L4_c1_5,9,repeat_5.3,6180.78,0
438,normal_std50_L4_c1_5,9,repeat_5.4,6180.79,0
438,normal_std50_L4_c1_5,9,repeat_5.5,6181.01,0
438,normal_std50_L4_c1_5,9,repeat_5.6,6185.8,0
438,normal_std50_L4_c1_5,9,repeat_5.7,6198.88,0
438,normal_std50_L4_c1_5,9,repeat_5.8,6201.73,0
438,normal_std50_L4_c1_5,9,repeat_5.9,6228.59,0
438,normal_std50_L4_c1_5,9,repeat_6,6151.99,0
438,normal_std50_L4_c1_5,9,repeat_6.1,6182.8,0
438,normal_std50_L4_c1_5,9,repeat_6.2,6225.48,0
438,normal_std50_L4_c1_5,9,repeat_6.3,7132.01,0
438,normal_std50_L4_c1_5,9,repeat_6.4,7155.91,0
438,normal_std50_L4_c1_5,9,repeat_6.5,7166.62,0
438,normal_std50_L4_c1_5,9,repeat_6.6,7166.63,0
438,normal_std50_L4_c1_5,9,repeat_6.7,7166.63,0
438,normal_std50_L4_c1_5,9,repeat_6.8,7166.63,0
438,normal_std50_L4_c1_5,9,repeat_6.9,7166.64,0
438,normal_std50_L4_c1_5,9,repeat_7,5901.15,0
438,normal_std50_L4_c1_5,9,repeat_7.1,5906.2,0
438,normal_std50_L4_c1_5,9,repeat_7.2,5906.81,0
438,normal_std50_L4_c1_5,9,repeat_7.3,5909.04,0
438,normal_std50_L4_c1_5,9,repeat_7.4,5913.92,0
438,normal_std50_L4_c1_5,9,repeat_7.5,5922.27,0
438,normal_std50_L4_c1_5,9,repeat_7.6,6321.88,0
438,normal_std50_L4_c1_5,9,repeat_7.7,6333.08,0
438,normal_std50_L4_c1_5,9,repeat_7.8,6384.5,0
438,normal_std50_L4_c1_5,9,repeat_7.9,6426.07,0
438,normal_std50_L4_c1_5,9,repeat_8,6258.54,0
438,normal_std50_L4_c1_5,9,repeat_8.1,6290.37,0
438,normal_std50_L4_c1_5,9,repeat_8.2,6294.56,0
438,normal_std50_L4_c1_5,9,repeat_8.3,6296.39,0
438,normal_std50_L4_c1_5,9,repeat_8.4,6386.96,0
438,normal_std50_L4_c1_5,9,repeat_8.5,6394.68,0
438,normal_std50_L4_c1_5,9,repeat_8.6,6406.71,0
438,normal_std50_L4_c1_5,9,repeat_8.7,6498.96,0
438,normal_std50_L4_c1_5,9,repeat_8.8,6520.37,0
438,normal_std50_L4_c1_5,9,repeat_8.9,6520.69,0
438,normal_std50_L4_c1_5,9,repeat_9,5911.94,0
438,normal_std50_L4_c1_5,9,repeat_9.1,6014.6,0
438,normal_std50_L4_c1_5,9,repeat_9.2,6028.04,0
438,normal_std50_L4_c1_5,9,repeat_9.3,6041.02,0
438,normal_std50_L4_c1_5,9,repeat_9.4,6108.87,0
438,normal_std50_L4_c1_5,9,repeat_9.5,6214.7,0
438,normal_std50_L4_c1_5,9,repeat_9.6,6292.76,0
438,normal_std50_L4_c1_5,9,repeat_9.7,6459.27,0
438,normal_std50_L4_c1_5,9,repeat_9.8,6764.72,0
438,normal_std50_L4_c1_5,9,repeat_9.9,6838.6,0
438,normal_std50_L4_c1_5,9,repeat_10,6264.62,0
438,normal_std50_L4_c1_5,9,repeat_10.1,6387.52,0
438,normal_std50_L4_c1_5,9,repeat_10.2,6441.16,0
438,normal_std50_L4_c1_5,9,repeat_10.3,6520.72,0
438,normal_std50_L4_c1_5,9,repeat_10.4,6520.77,0
438,normal_std50_L4_c1_5,9,repeat_10.5,6544.64,0
438,normal_std50_L4_c1_5,9,repeat_10.6,6546.2,0
438,normal_std50_L4_c1_5,9,repeat_10.7,6565.0,0
438,normal_std50_L4_c1_5,9,repeat_10.8,6579.93,0
438,normal_std50_L4_c1_5,9,repeat_10.9,6587.82,0
440,normal_std50_L4_c1_5,10,repeat_1,6170.16,0
440,normal_std50_L4_c1_5,10,repeat_1.1,6201.78,0
440,normal_std50_L4_c1_5,10,repeat_1.2,6219.86,0
440,normal_std50_L4_c1_5,10,repeat_1.3,6226.06,0
440,normal_std50_L4_c1_5,10,repeat_1.4,6230.38,0
440,normal_std50_L4_c1_5,10,repeat_1.5,6244.44,0
440,normal_std50_L4_c1_5,10,repeat_1.6,6259.22,0
440,normal_std50_L4_c1_5,10,repeat_1.7,6272.74,0
440,normal_std50_L4_c1_5,10,repeat_1.8,6289.44,0
440,normal_std50_L4_c1_5,10,repeat_1.9,6330.06,0
440,normal_std50_L4_c1_5,10,repeat_2,5896.68,0
440,normal_std50_L4_c1_5,10,repeat_2.1,5942.84,0
440,normal_std50_L4_c1_5,10,repeat_2.2,5957.98,0
440,normal_std50_L4_c1_5,10,repeat_2.3,5989.64,0
440,normal_std50_L4_c1_5,10,repeat_2.4,5996.96,0
440,normal_std50_L4_c1_5,10,repeat_2.5,6002.6,0
440,normal_std50_L4_c1_5,10,repeat_2.6,6006.64,0
440,normal_std50_L4_c1_5,10,repeat_2.7,6015.1,0
440,normal_std50_L4_c1_5,10,repeat_2.8,6018.1,0
440,normal_std50_L4_c1_5,10,repeat_2.9,6035.08,0
440,normal_std50_L4_c1_5,10,repeat_3,5904.67,0
440,normal_std50_L4_c1_5,10,repeat_3.1,5904.69,0
440,normal_std50_L4_c1_5,10,repeat_3.2,5907.67,0
440,normal_std50_L4_c1_5,10,repeat_3.3,5907.78,0
440,normal_std50_L4_c1_5,10,repeat_3.4,5908.19,0
440,normal_std50_L4_c1_5,10,repeat_3.5,5910.19,0
440,normal_std50_L4_c1_5,10,repeat_3.6,5911.68,0
440,normal_std50_L4_c1_5,10,repeat_3.7,5911.72,0
440,normal_std50_L4_c1_5,10,repeat_3.8,5912.33,0
440,normal_std50_L4_c1_5,10,repeat_3.9,5916.52,0
440,normal_std50_L4_c1_5,10,repeat_4,5912.84,0
440,normal_std50_L4_c1_5,10,repeat_4.1,6050.26,0
440,normal_std50_L4_c1_5,10,repeat_4.2,6115.6,0
440,normal_std50_L4_c1_5,10,repeat_4.3,6145.88,0
440,normal_std50_L4_c1_5,10,repeat_4.4,6170.88,0
440,normal_std50_L4_c1_5,10,repeat_4.5,6172.28,0
440,normal_std50_L4_c1_5,10,repeat_4.6,6184.38,0
440,normal_std50_L4_c1_5,10,repeat_4.7,6190.58,0
440,normal_std50_L4_c1_5,10,repeat_4.8,6198.96,0
440,normal_std50_L4_c1_5,10,repeat_4.9,6200.4,0
440,normal_std50_L4_c1_5,10,repeat_5,6132.4,0
440,normal_std50_L4_c1_5,10,repeat_5.1,6164.91,0
440,normal_std50_L4_c1_5,10,repeat_5.2,6170.63,0
440,normal_std50_L4_c1_5,10,repeat_5.3,6180.78,0
440,normal_std50_L4_c1_5,10,repeat_5.4,6180.79,0
440,normal_std50_L4_c1_5,10,repeat_5.5,6181.01,0
440,normal_std50_L4_c1_5,10,repeat_5.6,6185.8,0
440,normal_std50_L4_c1_5,10,repeat_5.7,6198.88,0
440,normal_std50_L4_c1_5,10,repeat_5.8,6201.73,0
440,normal_std50_L4_c1_5,10,repeat_5.9,6208.86,0
440,normal_std50_L4_c1_5,10,repeat_6,6151.99,0
440,normal_std50_L4_c1_5,10,repeat_6.1,6182.8,0
440,normal_std50_L4_c1_5,10,repeat_6.2,6225.48,0
440,normal_std50_L4_c1_5,10,repeat_6.3,7132.01,0
440,normal_std50_L4_c1_5,10,repeat_6.4,7155.91,0
440,normal_std50_L4_c1_5,10,repeat_6.5,7166.62,0
440,normal_std50_L4_c1_5,10,repeat_6.6,7166.63,0
440,normal_std50_L4_c1_5,10,repeat_6.7,7166.63,0
440,normal_std50_L4_c1_5,10,repeat_6.8,7166.63,0
440,normal_std50_L4_c1_5,10,repeat_6.9,7166.64,0
440,normal_std50_L4_c1_5,10,repeat_7,5901.15,0
440,normal_std50_L4_c1_5,10,repeat_7.1,5906.2,0
440,normal_std50_L4_c1_5,10,repeat_7.2,5906.81,0
440,normal_std50_L4_c1_5,10,repeat_7.3,5906.82,0
440,normal_std50_L4_c1_5,10,repeat_7.4,5909.04,0
440,normal_std50_L4_c1_5,10,repeat_7.5,5909.7,0
440,normal_std50_L4_c1_5,10,repeat_7.6,5913.92,0
440,normal_std50_L4_c1_5,10,repeat_7.7,5922.27,0
440,normal_std50_L4_c1_5,10,repeat_7.8,6135.04,0
440,normal_std50_L4_c1_5,10,repeat_7.9,6321.88,0
440,normal_std50_L4_c1_5,10,repeat_8,6258.54,0
440,normal_std50_L4_c1_5,10,repeat_8.1,6290.37,0
440,normal_std50_L4_c1_5,10,repeat_8.2,6291.34,0
440,normal_std50_L4_c1_5,10,repeat_8.3,6294.56,0
440,normal_std50_L4_c1_5,10,repeat_8.4,6296.39,0
440,normal_std50_L4_c1_5,10,repeat_8.5,6386.96,0
440,normal_std50_L4_c1_5,10,repeat_8.6,6394.68,0
440,normal_std50_L4_c1_5,10,repeat_8.7,6398.86,0
440,normal_std50_L4_c1_5,10,repeat_8.8,6406.71,0
440,normal_std50_L4_c1_5,10,repeat_8.9,6498.96,0
440,normal_std50_L4_c1_5,10,repeat_9,5911.94,0
440,normal_std50_L4_c1_5,10,repeat_9.1,6014.6,0
440,normal_std50_L4_c1_5,10,repeat_9.2,6028.04,0
440,normal_std50_L4_c1_5,10,repeat_9.3,6041.02,0
440,normal_std50_L4_c1_5,10,repeat_9.4,6108.87,0
440,normal_std50_L4_c1_5,10,repeat_9.5,6214.7,0
440,normal_std50_L4_c1_5,10,repeat_9.6,6292.76,0
440,normal_std50_L4_c1_5,10,repeat_9.7,6459.27,0
440,normal_std50_L4_c1_5,10,repeat_9.8,6764.72,0
440,normal_std50_L4_c1_5,10,repeat_9.9,6838.6,0
440,normal_std50_L4_c1_5,10,repeat_10,6264.62,0
440,normal_std50_L4_c1_5,10,repeat_10.1,6387.52,0
440,normal_std50_L4_c1_5,10,repeat_10.2,6441.16,0
440,normal_std50_L4_c1_5,10,repeat_10.3,6520.72,0
440,normal_std50_L4_c1_5,10,repeat_10.4,6520.77,0
440,normal_std50_L4_c1_5,10,repeat_10.5,6544.64,0
440,normal_std50_L4_c1_5,10,repeat_10.6,6546.2,0
440,normal_std50_L4_c1_5,10,repeat_10.7,6565.0,0
440,normal_std50_L4_c1_5,10,repeat_10.8,6579.93,0
440,normal_std50_L4_c1_5,10,repeat_10.9,6587.82,0
442,normal_std50_L6_c1_2,1,repeat_1.8,6998.64,0
442,normal_std50_L6_c1_2,1,repeat_1.9,9170.24,0
442,normal_std50_L6_c1_2,1,repeat_3.8,6284.7,0
442,normal_std50_L6_c1_2,1,repeat_3.9,9411.62,0
442,normal_std50_L6_c1_2,1,repeat_4.6,5907.28,0
442,normal_std50_L6_c1_2,1,repeat_4.7,5913.14,0
442,normal_std50_L6_c1_2,1,repeat_4.8,6549.08,0
442,normal_std50_L6_c1_2,1,repeat_4.9,7782.02,0
442,normal_std50_L6_c1_2,1,repeat_5.8,6103.22,0
442,normal_std50_L6_c1_2,1,repeat_8.8,5851.6,0
442,normal_std50_L6_c1_2,1,repeat_10.7,7291.78,0
442,normal_std50_L6_c1_2,1,repeat_10.8,9849.24,0
444,normal_std50_L6_c1_2,2,repeat_10.7,7291.78,0
444,normal_std50_L6_c1_2,2,repeat_10.8,9849.24,0
446,normal_std50_L6_c1_2,3,repeat_10.7,7291.78,0
446,normal_std50_L6_c1_2,3,repeat_10.8,9849.24,0
456,normal_std50_L6_c1_2,8,repeat_4.4,4840.64,0
458,normal_std50_L6_c1_2,9,repeat_4.4,4840.64,0
460,normal_std50_L6_c1_2,10,repeat_4.9,4831.52,0
462,normal_std50_L6_c1_5,1,repeat_1.1,7996.54,0
462,normal_std50_L6_c1_5,1,repeat_1.7,8978.95,0
462,normal_std50_L6_c1_5,1,repeat_1.8,9186.94,0
462,normal_std50_L6_c1_5,1,repeat_1.9,9539.02,0
462,normal_std50_L6_c1_5,1,repeat_2.1,7602.06,0
462,normal_std50_L6_c1_5,1,repeat_2.8,8762.84,0
462,normal_std50_L6_c1_5,1,repeat_2.9,9092.52,0
462,normal_std50_L6_c1_5,1,repeat_3.8,8948.52,0
462,normal_std50_L6_c1_5,1,repeat_3.9,10825.46,0
462,normal_std50_L6_c1_5,1,repeat_4.1,8120.68,0
462,normal_std50_L6_c1_5,1,repeat_4.5,8922.45,0
462,normal_std50_L6_c1_5,1,repeat_4.6,9237.79,0
462,normal_std50_L6_c1_5,1,repeat_4.7,9252.78,0
462,normal_std50_L6_c1_5,1,repeat_4.8,10027.38,0
462,normal_std50_L6_c1_5,1,repeat_4.9,10215.58,0
462,normal_std50_L6_c1_5,1,repeat_5.7,8905.26,0
462,normal_std50_L6_c1_5,1,repeat_5.8,9409.71,0
462,normal_std50_L6_c1_5,1,repeat_5.9,10680.5,0
462,normal_std50_L6_c1_5,1,repeat_6.1,8296.76,0
462,normal_std50_L6_c1_5,1,repeat_6.7,8905.26,0
462,normal_std50_L6_c1_5,1,repeat_6.8,10567.98,0
462,normal_std50_L6_c1_5,1,repeat_6.9,15336.1,0
462,normal_std50_L6_c1_5,1,repeat_7.1,8055.61,0
462,normal_std50_L6_c1_5,1,repeat_7.8,8905.26,0
462,normal_std50_L6_c1_5,1,repeat_7.9,10805.84,0
462,normal_std50_L6_c1_5,1,repeat_8.1,8160.24,0
462,normal_std50_L6_c1_5,1,repeat_8.5,8700.52,0
462,normal_std50_L6_c1_5,1,repeat_8.6,9259.18,0
462,normal_std50_L6_c1_5,1,repeat_8.7,9450.93,0
462,normal_std50_L6_c1_5,1,repeat_8.8,9879.33,0
462,normal_std50_L6_c1_5,1,repeat_9.1,8205.64,0
462,normal_std50_L6_c1_5,1,repeat_9.6,8765.36,0
462,normal_std50_L6_c1_5,1,repeat_9.7,8905.26,0
462,normal_std50_L6_c1_5,1,repeat_9.8,9965.15,0
462,normal_std50_L6_c1_5,1,repeat_9.9,19470.06,0
462,normal_std50_L6_c1_5,1,repeat_10,8214.0,0
462,normal_std50_L6_c1_5,1,repeat_10.8,9267.06,0
462,normal_std50_L6_c1_5,1,repeat_10.9,11886.92,0
464,normal_std50_L6_c1_5,2,repeat_1.1,7467.32,0
464,normal_std50_L6_c1_5,2,repeat_1.2,7996.54,0
464,normal_std50_L6_c1_5,2,repeat_1.3,8021.39,0
464,normal_std50_L6_c1_5,2,repeat_2.2,7602.06,0
464,normal_std50_L6_c1_5,2,repeat_2.3,8305.2,0
464,normal_std50_L6_c1_5,2,repeat_3.1,7508.1,0
464,normal_std50_L6_c1_5,2,repeat_4.1,7481.48,0
464,normal_std50_L6_c1_5,2,repeat_4.2,7895.18,0
464,normal_std50_L6_c1_5,2,repeat_4.3,8120.68,0
464,normal_std50_L6_c1_5,2,repeat_5.1,7635.5,0
464,normal_std50_L6_c1_5,2,repeat_5.2,7955.24,0
464,normal_std50_L6_c1_5,2,repeat_6.4,7520.44,0
464,normal_std50_L6_c1_5,2,repeat_6.5,7918.1,0
464,normal_std50_L6_c1_5,2,repeat_6.6,8192.76,0
464,normal_std50_L6_c1_5,2,repeat_6.7,8296.76,0
464,normal_std50_L6_c1_5,2,repeat_7.3,7085.88,0
464,normal_std50_L6_c1_5,2,repeat_7.4,7085.89,0
464,normal_std50_L6_c1_5,2,repeat_7.5,7085.89,0
464,normal_std50_L6_c1_5,2,repeat_7.6,7085.89,0
464,normal_std50_L6_c1_5,2,repeat_7.7,7744.82,0
464,normal_std50_L6_c1_5,2,repeat_7.8,7902.05,0
464,normal_std50_L6_c1_5,2,repeat_7.9,8032.3,0
464,normal_std50_L6_c1_5,2,repeat_8.7,7495.06,0
464,normal_std50_L6_c1_5,2,repeat_8.8,7496.44,0
464,normal_std50_L6_c1_5,2,repeat_8.9,8160.24,0
464,normal_std50_L6_c1_5,2,repeat_9.1,7510.1,0
464,normal_std50_L6_c1_5,2,repeat_9.2,7519.72,0
464,normal_std50_L6_c1_5,2,repeat_9.3,7546.46,0
464,normal_std50_L6_c1_5,2,repeat_9.4,7717.22,0
464,normal_std50_L6_c1_5,2,repeat_9.5,8205.64,0
464,normal_std50_L6_c1_5,2,repeat_10,8214.0,0
466,normal_std50_L6_c1_5,3,repeat_1.1,7467.32,0
466,normal_std50_L6_c1_5,3,repeat_1.2,7859.7,0
466,normal_std50_L6_c1_5,3,repeat_1.3,7996.54,0
466,normal_std50_L6_c1_5,3,repeat_1.4,8021.39,0
466,normal_std50_L6_c1_5,3,repeat_1.5,8022.77,0
466,normal_std50_L6_c1_5,3,repeat_2.2,7446.48,0
466,normal_std50_L6_c1_5,3,repeat_2.3,7602.06,0
466,normal_std50_L6_c1_5,3,repeat_2.4,7748.25,0
466,normal_std50_L6_c1_5,3,repeat_2.5,8203.56,0
466,normal_std50_L6_c1_5,3,repeat_2.6,8305.2,0
466,normal_std50_L6_c1_5,3,repeat_3.1,7081.63,0
466,normal_std50_L6_c1_5,3,repeat_3.2,7508.1,0
466,normal_std50_L6_c1_5,3,repeat_3.3,8202.44,0
466,normal_std50_L6_c1_5,3,repeat_3.4,8234.72,0
466,normal_std50_L6_c1_5,3,repeat_4.5,7481.48,0
466,normal_std50_L6_c1_5,3,repeat_4.6,7895.18,0
466,normal_std50_L6_c1_5,3,repeat_4.7,8120.68,0
466,normal_std50_L6_c1_5,3,repeat_4.8,8277.08,0
466,normal_std50_L6_c1_5,3,repeat_5.3,7485.67,0
466,normal_std50_L6_c1_5,3,repeat_5.4,7635.5,0
466,normal_std50_L6_c1_5,3,repeat_5.5,7955.24,0
466,normal_std50_L6_c1_5,3,repeat_6.7,7520.44,0
466,normal_std50_L6_c1_5,3,repeat_6.8,7718.94,0
466,normal_std50_L6_c1_5,3,repeat_6.9,7890.18,0
466,normal_std50_L6_c1_5,3,repeat_7.3,7085.88,0
466,normal_std50_L6_c1_5,3,repeat_7.4,7085.88,0
466,normal_std50_L6_c1_5,3,repeat_7.5,7085.89,0
466,normal_std50_L6_c1_5,3,repeat_7.6,7085.89,0
466,normal_std50_L6_c1_5,3,repeat_7.7,7085.89,0
466,normal_std50_L6_c1_5,3,repeat_7.8,7085.89,0
466,normal_std50_L6_c1_5,3,repeat_9.1,7477.34,0
466,normal_std50_L6_c1_5,3,repeat_9.2,7500.42,0
466,normal_std50_L6_c1_5,3,repeat_9.3,7510.1,0
466,normal_std50_L6_c1_5,3,repeat_9.4,7519.72,0
466,normal_std50_L6_c1_5,3,repeat_9.5,7546.46,0
466,normal_std50_L6_c1_5,3,repeat_9.6,7583.28,0
466,normal_std50_L6_c1_5,3,repeat_9.7,7717.22,0
466,normal_std50_L6_c1_5,3,repeat_9.8,7882.68,0
466,normal_std50_L6_c1_5,3,repeat_9.9,7883.94,0
466,normal_std50_L6_c1_5,3,repeat_10,8214.0,0
466,normal_std50_L6_c1_5,3,repeat_10.1,8260.84,0
468,normal_std50_L6_c1_5,4,repeat_1.1,6788.29,0
468,normal_std50_L6_c1_5,4,repeat_1.4,7086.52,0
468,normal_std50_L6_c1_5,4,repeat_1.6,7441.62,0
468,normal_std50_L6_c1_5,4,repeat_1.7,7467.32,0
468,normal_std50_L6_c1_5,4,repeat_1.8,7859.7,0
468,normal_std50_L6_c1_5,4,repeat_1.9,7996.54,0
468,normal_std50_L6_c1_5,4,repeat_2.5,7400.04,0
468,normal_std50_L6_c1_5,4,repeat_2.6,7424.62,0
468,normal_std50_L6_c1_5,4,repeat_2.7,7446.48,0
468,normal_std50_L6_c1_5,4,repeat_2.8,7485.67,0
468,normal_std50_L6_c1_5,4,repeat_2.9,7602.06,0
468,normal_std50_L6_c1_5,4,repeat_3.1,7081.63,0
468,normal_std50_L6_c1_5,4,repeat_3.2,7508.1,0
468,normal_std50_L6_c1_5,4,repeat_3.3,8202.44,0
468,normal_std50_L6_c1_5,4,repeat_3.4,8234.72,0
468,normal_std50_L6_c1_5,4,repeat_4.6,7430.84,0
468,normal_std50_L6_c1_5,4,repeat_4.7,7453.4,0
468,normal_std50_L6_c1_5,4,repeat_4.8,7481.48,0
468,normal_std50_L6_c1_5,4,repeat_4.9,7510.6,0
468,normal_std50_L6_c1_5,4,repeat_5.4,7485.67,0
468,normal_std50_L6_c1_5,4,repeat_5.5,7485.67,0
468,normal_std50_L6_c1_5,4,repeat_5.6,7635.5,0
468,normal_std50_L6_c1_5,4,repeat_5.7,7727.62,0
468,normal_std50_L6_c1_5,4,repeat_5.8,7798.7,0
468,normal_std50_L6_c1_5,4,repeat_5.9,7955.24,0
468,normal_std50_L6_c1_5,4,repeat_7.3,7085.88,0
468,normal_std50_L6_c1_5,4,repeat_7.4,7085.88,0
468,normal_std50_L6_c1_5,4,repeat_7.5,7085.89,0
468,normal_std50_L6_c1_5,4,repeat_7.6,7085.89,0
468,normal_std50_L6_c1_5,4,repeat_7.7,7085.89,0
468,normal_std50_L6_c1_5,4,repeat_7.8,7085.89,0
468,normal_std50_L6_c1_5,4,repeat_7.9,7085.89,0
468,normal_std50_L6_c1_5,4,repeat_9.2,7241.0,0
468,normal_std50_L6_c1_5,4,repeat_9.3,7477.34,0
468,normal_std50_L6_c1_5,4,repeat_9.4,7500.42,0
468,normal_std50_L6_c1_5,4,repeat_9.5,7510.1,0
468,normal_std50_L6_c1_5,4,repeat_9.6,7519.72,0
468,normal_std50_L6_c1_5,4,repeat_9.7,7540.7,0
468,normal_std50_L6_c1_5,4,repeat_9.8,7546.46,0
468,normal_std50_L6_c1_5,4,repeat_9.9,7548.34,0
468,normal_std50_L6_c1_5,4,repeat_10,8176.26,0
468,normal_std50_L6_c1_5,4,repeat_10.1,8214.0,0
468,normal_std50_L6_c1_5,4,repeat_10.2,8260.84,0
470,normal_std50_L6_c1_5,5,repeat_1.2,6788.29,0
470,normal_std50_L6_c1_5,5,repeat_1.5,7086.52,0
470,normal_std50_L6_c1_5,5,repeat_2.5,6739.22,0
470,normal_std50_L6_c1_5,5,repeat_2.9,7400.04,0
470,normal_std50_L6_c1_5,5,repeat_3.1,7081.63,0
470,normal_std50_L6_c1_5,5,repeat_3.2,7508.1,0
470,normal_std50_L6_c1_5,5,repeat_3.3,7935.72,0
470,normal_std50_L6_c1_5,5,repeat_3.4,8202.44,0
470,normal_std50_L6_c1_5,5,repeat_3.5,8234.72,0
470,normal_std50_L6_c1_5,5,repeat_3.6,8253.86,0
470,normal_std50_L6_c1_5,5,repeat_3.7,8302.93,0
470,normal_std50_L6_c1_5,5,repeat_3.8,8316.91,0
470,normal_std50_L6_c1_5,5,repeat_5.6,7485.67,0
470,normal_std50_L6_c1_5,5,repeat_5.7,7485.67,0
470,normal_std50_L6_c1_5,5,repeat_5.8,7485.67,0
470,normal_std50_L6_c1_5,5,repeat_5.9,7485.67,0
470,normal_std50_L6_c1_5,5,repeat_7.3,7048.7,0
470,normal_std50_L6_c1_5,5,repeat_7.4,7085.88,0
470,normal_std50_L6_c1_5,5,repeat_7.5,7085.88,0
470,normal_std50_L6_c1_5,5,repeat_7.6,7085.89,0
470,normal_std50_L6_c1_5,5,repeat_7.7,7085.89,0
470,normal_std50_L6_c1_5,5,repeat_7.8,7085.89,0
470,normal_std50_L6_c1_5,5,repeat_7.9,7085.89,0
470,normal_std50_L6_c1_5,5,repeat_9.7,7241.0,0
470,normal_std50_L6_c1_5,5,repeat_9.9,7477.34,0
470,normal_std50_L6_c1_5,5,repeat_10,7402.66,0
470,normal_std50_L6_c1_5,5,repeat_10.1,7974.48,0
470,normal_std50_L6_c1_5,5,repeat_10.2,8075.58,0
470,normal_std50_L6_c1_5,5,repeat_10.3,8176.26,0
470,normal_std50_L6_c1_5,5,repeat_10.4,8214.0,0
470,normal_std50_L6_c1_5,5,repeat_10.5,8260.84,0
470,normal_std50_L6_c1_5,5,repeat_10.6,8311.28,0
472,normal_std50_L6_c1_5,6,repeat_1.2,6788.29,0
472,normal_std50_L6_c1_5,6,repeat_1.7,7086.52,0
472,normal_std50_L6_c1_5,6,repeat_2.8,6739.22,0
472,normal_std50_L6_c1_5,6,repeat_3.1,7081.63,0
472,normal_std50_L6_c1_5,6,repeat_3.2,7508.1,0
472,normal_std50_L6_c1_5,6,repeat_3.3,7935.72,0
472,normal_std50_L6_c1_5,6,repeat_3.4,8202.44,0
472,normal_std50_L6_c1_5,6,repeat_3.5,8234.72,0
472,normal_std50_L6_c1_5,6,repeat_3.6,8253.86,0
472,normal_std50_L6_c1_5,6,repeat_3.7,8302.93,0
472,normal_std50_L6_c1_5,6,repeat_3.8,8316.91,0
472,normal_std50_L6_c1_5,6,repeat_5.8,7485.67,0
472,normal_std50_L6_c1_5,6,repeat_5.9,7485.67,0
472,normal_std50_L6_c1_5,6,repeat_7.3,7048.7,0
472,normal_std50_L6_c1_5,6,repeat_7.4,7085.88,0
472,normal_std50_L6_c1_5,6,repeat_7.5,7085.88,0
472,normal_std50_L6_c1_5,6,repeat_7.6,7085.89,0
472,normal_std50_L6_c1_5,6,repeat_7.7,7085.89,0
472,normal_std50_L6_c1_5,6,repeat_7.8,7085.89,0
472,normal_std50_L6_c1_5,6,repeat_7.9,7085.89,0
472,normal_std50_L6_c1_5,6,repeat_10,7402.66,0
472,normal_std50_L6_c1_5,6,repeat_10.1,7592.92,0
472,normal_std50_L6_c1_5,6,repeat_10.2,7663.64,0
472,normal_std50_L6_c1_5,6,repeat_10.3,7708.72,0
472,normal_std50_L6_c1_5,6,repeat_10.4,7960.22,0
472,normal_std50_L6_c1_5,6,repeat_10.5,7961.32,0
472,normal_std50_L6_c1_5,6,repeat_10.6,7974.48,0
472,normal_std50_L6_c1_5,6,repeat_10.7,8075.58,0
472,normal_std50_L6_c1_5,6,repeat_10.8,8176.26,0
472,normal_std50_L6_c1_5,6,repeat_10.9,8186.46,0
474,normal_std50_L6_c1_5,7,repeat_1.2,6788.29,0
474,normal_std50_L6_c1_5,7,repeat_3.1,7081.63,0
474,normal_std50_L6_c1_5,7,repeat_3.4,7508.1,0
474,normal_std50_L6_c1_5,7,repeat_3.5,7846.8,0
474,normal_std50_L6_c1_5,7,repeat_3.6,7935.72,0
474,normal_std50_L6_c1_5,7,repeat_3.7,7954.64,0
474,normal_std50_L6_c1_5,7,repeat_3.8,8131.8,0
474,normal_std50_L6_c1_5,7,repeat_3.9,8157.24,0
474,normal_std50_L6_c1_5,7,repeat_7.5,7048.7,0
474,normal_std50_L6_c1_5,7,repeat_7.6,7085.88,0
474,normal_std50_L6_c1_5,7,repeat_7.7,7085.88,0
474,normal_std50_L6_c1_5,7,repeat_7.8,7085.88,0
474,normal_std50_L6_c1_5,7,repeat_7.9,7085.88,0
474,normal_std50_L6_c1_5,7,repeat_10.3,7402.66,0
474,normal_std50_L6_c1_5,7,repeat_10.4,7427.82,0
474,normal_std50_L6_c1_5,7,repeat_10.5,7592.92,0
474,normal_std50_L6_c1_5,7,repeat_10.6,7663.64,0
474,normal_std50_L6_c1_5,7,repeat_10.7,7668.7,0
474,normal_std50_L6_c1_5,7,repeat_10.8,7708.72,0
474,normal_std50_L6_c1_5,7,repeat_10.9,7804.92,0
476,normal_std50_L6_c1_5,8,repeat_1.3,6788.29,0
476,normal_std50_L6_c1_5,8,repeat_3.4,7081.63,0
476,normal_std50_L6_c1_5,8,repeat_3.9,7508.1,0
476,normal_std50_L6_c1_5,8,repeat_7.9,6755.42,0
476,normal_std50_L6_c1_5,8,repeat_10.6,7070.58,0
476,normal_std50_L6_c1_5,8,repeat_10.7,7249.27,0
476,normal_std50_L6_c1_5,8,repeat_10.9,7402.66,0
478,normal_std50_L6_c1_5,9,repeat_1.4,6755.0,0
478,normal_std50_L6_c1_5,9,repeat_1.5,6788.29,0
478,normal_std50_L6_c1_5,9,repeat_3.8,7081.63,0
478,normal_std50_L6_c1_5,9,repeat_5.7,7252.3,0
478,normal_std50_L6_c1_5,9,repeat_10.6,7070.58,0
478,normal_std50_L6_c1_5,9,repeat_10.7,7249.27,0
478,normal_std50_L6_c1_5,9,repeat_10.9,7402.66,0
480,normal_std50_L6_c1_5,10,repeat_1.7,6755.0,0
480,normal_std50_L6_c1_5,10,repeat_1.8,6788.29,0
480,normal_std50_L6_c1_5,10,repeat_3.9,6771.49,0
482,poisson_L2_c1_2,1,repeat_1.4,1178.17,0
482,poisson_L2_c1_2,1,repeat_1.6,2710.86,0
482,poisson_L2_c1_2,1,repeat_1.7,3495.1,0
482,poisson_L2_c1_2,1,repeat_2.8,2075.12,0
482,poisson_L2_c1_2,1,repeat_3.7,1495.52,0
482,poisson_L2_c1_2,1,repeat_3.8,2256.35,0
482,poisson_L2_c1_2,1,repeat_4.5,1520.1,0
482,poisson_L2_c1_2,1,repeat_5.5,1084.4,0
482,poisson_L2_c1_2,1,repeat_5.9,2024.88,0
482,poisson_L2_c1_2,1,repeat_6.7,2024.88,0
482,poisson_L2_c1_2,1,repeat_6.8,2998.3,0
482,poisson_L2_c1_2,1,repeat_6.9,6128.84,0
482,poisson_L2_c1_2,1,repeat_7.4,1171.42,0
482,poisson_L2_c1_2,1,repeat_7.7,1306.06,0
482,poisson_L2_c1_2,1,repeat_8.2,1074.78,0
482,poisson_L2_c1_2,1,repeat_8.3,1076.06,0
482,poisson_L2_c1_2,1,repeat_8.4,1306.06,0
482,poisson_L2_c1_2,1,repeat_8.5,1359.93,0
482,poisson_L2_c1_2,1,repeat_8.9,2024.88,0
482,poisson_L2_c1_2,1,repeat_9.6,1171.42,0
482,poisson_L2_c1_2,1,repeat_9.8,1306.06,0
482,poisson_L2_c1_2,1,repeat_10.5,1088.1,0
482,poisson_L2_c1_2,1,repeat_10.6,1207.5,0
482,poisson_L2_c1_2,1,repeat_10.7,1267.56,0
482,poisson_L2_c1_2,1,repeat_10.9,4555.4,0
484,poisson_L2_c1_2,2,repeat_4.6,1096.96,0
484,poisson_L2_c1_2,2,repeat_4.7,1194.36,0
484,poisson_L2_c1_2,2,repeat_4.8,1194.62,0
484,poisson_L2_c1_2,2,repeat_7.7,1076.31,0
484,poisson_L2_c1_2,2,repeat_7.8,1088.1,0
484,poisson_L2_c1_2,2,repeat_8.8,1073.9,0
484,poisson_L2_c1_2,2,repeat_8.9,1074.78,0
486,poisson_L2_c1_2,3,repeat_7,884.06,0
488,poisson_L2_c1_2,4,repeat_2,733.37,0
488,poisson_L2_c1_2,4,repeat_7,884.06,0
490,poisson_L2_c1_2,5,repeat_2,733.37,0
490,poisson_L2_c1_2,5,repeat_3.9,734.7,0
490,poisson_L2_c1_2,5,repeat_7.1,884.06,0
492,poisson_L2_c1_2,6,repeat_2,733.37,0
492,poisson_L2_c1_2,6,repeat_7.1,884.06,0
494,poisson_L2_c1_2,7,repeat_1,737.48,0
494,poisson_L2_c1_2,7,repeat_2.1,733.37,0
494,poisson_L2_c1_2,7,repeat_7.1,884.06,0
496,poisson_L2_c1_2,8,repeat_1,737.48,0
496,poisson_L2_c1_2,8,repeat_2.4,733.37,0
496,poisson_L2_c1_2,8,repeat_7.1,884.06,0
498,poisson_L2_c1_2,9,repeat_1,737.48,0
498,poisson_L2_c1_2,9,repeat_2.6,733.37,0
498,poisson_L2_c1_2,9,repeat_2.7,739.7,0
498,poisson_L2_c1_2,9,repeat_4.9,745.68,0
498,poisson_L2_c1_2,9,repeat_7.1,884.06,0
500,poisson_L2_c1_2,10,repeat_1,737.48,0
500,poisson_L2_c1_2,10,repeat_2.6,733.37,0
500,poisson_L2_c1_2,10,repeat_2.7,739.7,0
500,poisson_L2_c1_2,10,repeat_7.1,884.06,0
500,poisson_L2_c1_2,10,repeat_10.2,762.74,0
502,poisson_L2_c1_5,1,repeat_1.5,1500.96,0
502,poisson_L2_c1_5,1,repeat_1.6,1595.2,0
502,poisson_L2_c1_5,1,repeat_2.3,1515.9,0
502,poisson_L2_c1_5,1,repeat_2.4,1519.48,0
502,poisson_L2_c1_5,1,repeat_2.5,1889.52,0
502,poisson_L2_c1_5,1,repeat_2.7,2684.76,0
502,poisson_L2_c1_5,1,repeat_3.4,1565.24,0
502,poisson_L2_c1_5,1,repeat_3.5,2067.14,0
502,poisson_L2_c1_5,1,repeat_4.5,1467.16,0
502,poisson_L2_c1_5,1,repeat_4.6,1646.38,0
502,poisson_L2_c1_5,1,repeat_4.7,2023.94,0
502,poisson_L2_c1_5,1,repeat_5.6,8226.66,0
502,poisson_L2_c1_5,1,repeat_6.7,1460.24,0
502,poisson_L2_c1_5,1,repeat_6.8,1467.16,0
502,poisson_L2_c1_5,1,repeat_7.7,1493.34,0
502,poisson_L2_c1_5,1,repeat_7.8,1566.42,0
502,poisson_L2_c1_5,1,repeat_7.9,2716.7,0
502,poisson_L2_c1_5,1,repeat_9.7,2973.23,0
502,poisson_L2_c1_5,1,repeat_10.3,1465.26,0
502,poisson_L2_c1_5,1,repeat_10.4,1468.5,0
502,poisson_L2_c1_5,1,repeat_10.5,1556.42,0
502,poisson_L2_c1_5,1,repeat_10.6,1728.61,0
502,poisson_L2_c1_5,1,repeat_10.8,8226.66,0
504,poisson_L2_c1_5,2,repeat_1.8,1457.88,0
504,poisson_L2_c1_5,2,repeat_1.9,1500.96,0
504,poisson_L2_c1_5,2,repeat_2.8,1515.9,0
504,poisson_L2_c1_5,2,repeat_2.9,1519.48,0
504,poisson_L2_c1_5,2,repeat_3.9,1560.92,0
504,poisson_L2_c1_5,2,repeat_7.7,1493.34,0
504,poisson_L2_c1_5,2,repeat_7.8,1566.42,0
504,poisson_L2_c1_5,2,repeat_7.9,2716.7,0
504,poisson_L2_c1_5,2,repeat_8.4,1466.68,0
504,poisson_L2_c1_5,2,repeat_8.5,1467.12,0
504,poisson_L2_c1_5,2,repeat_8.6,1467.16,0
504,poisson_L2_c1_5,2,repeat_8.7,2067.87,0
504,poisson_L2_c1_5,2,repeat_9.7,2973.23,0
504,poisson_L2_c1_5,2,repeat_10.8,1465.26,0
504,poisson_L2_c1_5,2,repeat_10.9,1468.5,0
506,poisson_L2_c1_5,3,repeat_7.7,1493.34,0
506,poisson_L2_c1_5,3,repeat_7.8,1566.42,0
506,poisson_L2_c1_5,3,repeat_7.9,2716.7,0
506,poisson_L2_c1_5,3,repeat_8.4,1466.68,0
506,poisson_L2_c1_5,3,repeat_8.5,1467.12,0
506,poisson_L2_c1_5,3,repeat_8.6,1467.16,0
506,poisson_L2_c1_5,3,repeat_8.7,2067.87,0
506,poisson_L2_c1_5,3,repeat_9.7,2973.23,0
508,poisson_L2_c1_5,4,repeat_7.1,1192.32,0
508,poisson_L2_c1_5,4,repeat_8.4,1466.68,0
508,poisson_L2_c1_5,4,repeat_8.5,1467.12,0
508,poisson_L2_c1_5,4,repeat_8.6,1467.16,0
508,poisson_L2_c1_5,4,repeat_8.7,2067.87,0
508,poisson_L2_c1_5,4,repeat_9.7,2973.23,0
510,poisson_L2_c1_5,5,repeat_2,1102.14,0
510,poisson_L2_c1_5,5,repeat_7.1,1192.32,0
510,poisson_L2_c1_5,5,repeat_8.6,1466.68,0
510,poisson_L2_c1_5,5,repeat_8.7,1467.12,0
510,poisson_L2_c1_5,5,repeat_8.8,1467.16,0
510,poisson_L2_c1_5,5,repeat_8.9,1694.34,0
510,poisson_L2_c1_5,5,repeat_9.7,2973.23,0
512,poisson_L2_c1_5,6,repeat_2,1102.14,0
512,poisson_L2_c1_5,6,repeat_7.2,1192.32,0
512,poisson_L2_c1_5,6,repeat_9.7,2973.23,0
514,poisson_L2_c1_5,7,repeat_2,1102.14,0
514,poisson_L2_c1_5,7,repeat_7.2,1191.08,0
514,poisson_L2_c1_5,7,repeat_7.3,1192.32,0
516,poisson_L2_c1_5,8,repeat_2,1092.2,0
516,poisson_L2_c1_5,8,repeat_2.1,1099.68,0
516,poisson_L2_c1_5,8,repeat_2.2,1102.14,0
516,poisson_L2_c1_5,8,repeat_7.2,1191.08,0
516,poisson_L2_c1_5,8,repeat_7.3,1192.32,0
518,poisson_L2_c1_5,9,repeat_2,1092.2,0
518,poisson_L2_c1_5,9,repeat_2.1,1092.64,0
518,poisson_L2_c1_5,9,repeat_2.2,1095.48,0
518,poisson_L2_c1_5,9,repeat_2.3,1098.14,0
518,poisson_L2_c1_5,9,repeat_2.4,1099.68,0
518,poisson_L2_c1_5,9,repeat_2.5,1101.62,0
518,poisson_L2_c1_5,9,repeat_2.6,1102.14,0
518,poisson_L2_c1_5,9,repeat_2.7,1104.7,0
518,poisson_L2_c1_5,9,repeat_7.2,1191.08,0
518,poisson_L2_c1_5,9,repeat_7.3,1192.32,0
520,poisson_L2_c1_5,10,repeat_2,1092.2,0
520,poisson_L2_c1_5,10,repeat_2.1,1092.26,0
520,poisson_L2_c1_5,10,repeat_2.2,1092.64,0
520,poisson_L2_c1_5,10,repeat_2.3,1093.68,0
520,poisson_L2_c1_5,10,repeat_2.4,1095.48,0
520,poisson_L2_c1_5,10,repeat_2.5,1098.14,0
520,poisson_L2_c1_5,10,repeat_2.6,1098.2,0
520,poisson_L2_c1_5,10,repeat_2.7,1098.26,0
520,poisson_L2_c1_5,10,repeat_2.8,1099.68,0
520,poisson_L2_c1_5,10,repeat_2.9,1101.18,0
520,poisson_L2_c1_5,10,repeat_3.9,1191.83,0
520,poisson_L2_c1_5,10,repeat_7.2,1191.08,0
520,poisson_L2_c1_5,10,repeat_7.3,1192.32,0
522,poisson_L4_c1_2,1,repeat_1.7,2105.14,0
522,poisson_L4_c1_2,1,repeat_1.8,3135.34,0
522,poisson_L4_c1_2,1,repeat_1.9,5862.74,0
522,poisson_L4_c1_2,1,repeat_2.5,1847.24,0
522,poisson_L4_c1_2,1,repeat_2.6,1927.74,0
522,poisson_L4_c1_2,1,repeat_2.7,2625.78,0
522,poisson_L4_c1_2,1,repeat_2.8,2858.2,0
522,poisson_L4_c1_2,1,repeat_3.3,1789.88,0
522,poisson_L4_c1_2,1,repeat_3.6,2399.61,0
522,poisson_L4_c1_2,1,repeat_3.8,2713.14,0
522,poisson_L4_c1_2,1,repeat_3.9,3049.2,0
522,poisson_L4_c1_2,1,repeat_4.7,2633.4,0
522,poisson_L4_c1_2,1,repeat_4.9,21497.94,0
522,poisson_L4_c1_2,1,repeat_5.7,2756.4,0
522,poisson_L4_c1_2,1,repeat_5.8,3507.46,0
522,poisson_L4_c1_2,1,repeat_6.5,1800.52,0
522,poisson_L4_c1_2,1,repeat_7,978.51,0
522,poisson_L4_c1_2,1,repeat_7.7,2860.0,0
522,poisson_L4_c1_2,1,repeat_7.8,5117.86,0
522,poisson_L4_c1_2,1,repeat_8.1,1067.9,0
522,poisson_L4_c1_2,1,repeat_8.6,2068.78,0
522,poisson_L4_c1_2,1,repeat_8.7,2599.32,0
522,poisson_L4_c1_2,1,repeat_8.8,2633.4,0
522,poisson_L4_c1_2,1,repeat_8.9,3046.58,0
522,poisson_L4_c1_2,1,repeat_9.4,1875.46,0
522,poisson_L4_c1_2,1,repeat_9.5,1913.36,0
522,poisson_L4_c1_2,1,repeat_9.8,1991.62,0
522,poisson_L4_c1_2,1,repeat_10.5,1900.58,0
522,poisson_L4_c1_2,1,repeat_10.7,119120.16,0
524,poisson_L4_c1_2,2,repeat_1.9,1876.8,0
524,poisson_L4_c1_2,2,repeat_2,1071.14,0
524,poisson_L4_c1_2,2,repeat_3.5,1789.88,0
524,poisson_L4_c1_2,2,repeat_3.9,2345.48,0
524,poisson_L4_c1_2,2,repeat_4.7,1851.96,0
524,poisson_L4_c1_2,2,repeat_4.9,1996.02,0
524,poisson_L4_c1_2,2,repeat_6.8,1800.52,0
524,poisson_L4_c1_2,2,repeat_6.9,1915.54,0
524,poisson_L4_c1_2,2,repeat_7,978.51,0
524,poisson_L4_c1_2,2,repeat_7.7,2860.0,0
524,poisson_L4_c1_2,2,repeat_7.8,5117.86,0
524,poisson_L4_c1_2,2,repeat_8.6,1067.9,0
524,poisson_L4_c1_2,2,repeat_8.7,1070.94,0
524,poisson_L4_c1_2,2,repeat_8.8,1073.02,0
524,poisson_L4_c1_2,2,repeat_9.8,1875.46,0
524,poisson_L4_c1_2,2,repeat_9.9,1913.36,0
526,poisson_L4_c1_2,3,repeat_1.8,1126.87,0
526,poisson_L4_c1_2,3,repeat_2.2,1071.14,0
526,poisson_L4_c1_2,3,repeat_7,978.51,0
526,poisson_L4_c1_2,3,repeat_8.9,1067.9,0
526,poisson_L4_c1_2,3,repeat_9.3,1247.09,0
526,poisson_L4_c1_2,3,repeat_9.5,1337.57,0
528,poisson_L4_c1_2,4,repeat_1.1,753.32,0
528,poisson_L4_c1_2,4,repeat_1.2,760.42,0
528,poisson_L4_c1_2,4,repeat_1.3,789.32,0
528,poisson_L4_c1_2,4,repeat_2.1,977.28,0
528,poisson_L4_c1_2,4,repeat_2.3,1071.14,0
528,poisson_L4_c1_2,4,repeat_2.9,1188.02,0
528,poisson_L4_c1_2,4,repeat_4.1,1401.48,0
528,poisson_L4_c1_2,4,repeat_7,978.51,0
528,poisson_L4_c1_2,4,repeat_9.9,1247.09,0
530,poisson_L4_c1_2,5,repeat_1.2,753.32,0
530,poisson_L4_c1_2,5,repeat_1.3,760.42,0
530,poisson_L4_c1_2,5,repeat_1.4,760.42,0
530,poisson_L4_c1_2,5,repeat_1.5,789.32,0
530,poisson_L4_c1_2,5,repeat_1.9,979.34,0
530,poisson_L4_c1_2,5,repeat_2,768.14,0
530,poisson_L4_c1_2,5,repeat_2.3,977.28,0
530,poisson_L4_c1_2,5,repeat_2.6,1071.14,0
530,poisson_L4_c1_2,5,repeat_4.2,1401.48,0
530,poisson_L4_c1_2,5,repeat_7.1,978.51,0
530,poisson_L4_c1_2,5,repeat_7.2,1119.69,0
532,poisson_L4_c1_2,6,repeat_1.3,752.63,0
532,poisson_L4_c1_2,6,repeat_1.4,753.32,0
532,poisson_L4_c1_2,6,repeat_1.5,753.33,0
532,poisson_L4_c1_2,6,repeat_1.6,760.42,0
532,poisson_L4_c1_2,6,repeat_1.7,760.42,0
532,poisson_L4_c1_2,6,repeat_1.8,760.42,0
532,poisson_L4_c1_2,6,repeat_1.9,789.32,0
532,poisson_L4_c1_2,6,repeat_2,768.14,0
532,poisson_L4_c1_2,6,repeat_2.7,977.28,0
532,poisson_L4_c1_2,6,repeat_4.5,1401.48,0
532,poisson_L4_c1_2,6,repeat_4.8,1552.14,0
532,poisson_L4_c1_2,6,repeat_5.4,1118.1,0
532,poisson_L4_c1_2,6,repeat_5.5,1156.12,0
532,poisson_L4_c1_2,6,repeat_5.6,1158.44,0
532,poisson_L4_c1_2,6,repeat_7.3,978.51,0
532,poisson_L4_c1_2,6,repeat_7.4,1075.41,0
532,poisson_L4_c1_2,6,repeat_7.5,1119.69,0
534,poisson_L4_c1_2,7,repeat_1.7,752.63,0
534,poisson_L4_c1_2,7,repeat_1.8,753.32,0
534,poisson_L4_c1_2,7,repeat_1.9,753.33,0
534,poisson_L4_c1_2,7,repeat_2,768.14,0
534,poisson_L4_c1_2,7,repeat_4.9,1401.48,0
534,poisson_L4_c1_2,7,repeat_7.6,978.51,0
534,poisson_L4_c1_2,7,repeat_7.9,1075.41,0
536,poisson_L4_c1_2,8,repeat_2.2,768.14,0
538,poisson_L4_c1_2,9,repeat_2.4,768.14,0
538,poisson_L4_c1_2,9,repeat_2.7,789.8,0
538,poisson_L4_c1_2,9,repeat_5,770.52,0
540,poisson_L4_c1_2,10,repeat_2.6,768.14,0
540,poisson_L4_c1_2,10,repeat_2.9,789.8,0
540,poisson_L4_c1_2,10,repeat_5,754.08,0
540,poisson_L4_c1_2,10,repeat_5.1,770.5,0
540,poisson_L4_c1_2,10,repeat_5.2,770.52,0
542,poisson_L4_c1_5,1,repeat_1.5,2832.43,0
542,poisson_L4_c1_5,1,repeat_1.6,2889.46,0
542,poisson_L4_c1_5,1,repeat_1.7,3054.35,0
542,poisson_L4_c1_5,1,repeat_1.8,4920.36,0
542,poisson_L4_c1_5,1,repeat_2.7,2729.31,0
542,poisson_L4_c1_5,1,repeat_2.8,2907.25,0
542,poisson_L4_c1_5,1,repeat_2.9,4099.65,0
542,poisson_L4_c1_5,1,repeat_3.5,2226.0,0
542,poisson_L4_c1_5,1,repeat_4,1672.83,0
542,poisson_L4_c1_5,1,repeat_4.3,2225.86,0
542,poisson_L4_c1_5,1,repeat_4.5,2446.72,0
542,poisson_L4_c1_5,1,repeat_4.6,2832.43,0
542,poisson_L4_c1_5,1,repeat_4.7,6652.54,0
542,poisson_L4_c1_5,1,repeat_5.6,2832.43,0
542,poisson_L4_c1_5,1,repeat_6.6,2248.91,0
542,poisson_L4_c1_5,1,repeat_6.7,2438.9,0
542,poisson_L4_c1_5,1,repeat_6.8,2780.64,0
542,poisson_L4_c1_5,1,repeat_6.9,2832.43,0
542,poisson_L4_c1_5,1,repeat_7.5,2446.72,0
542,poisson_L4_c1_5,1,repeat_7.6,2737.6,0
542,poisson_L4_c1_5,1,repeat_7.7,2739.35,0
542,poisson_L4_c1_5,1,repeat_7.8,2768.89,0
542,poisson_L4_c1_5,1,repeat_7.9,2781.58,0
542,poisson_L4_c1_5,1,repeat_8.4,3975.39,0
542,poisson_L4_c1_5,1,repeat_8.5,4088.59,0
542,poisson_L4_c1_5,1,repeat_8.6,4650.31,0
542,poisson_L4_c1_5,1,repeat_8.7,10516.92,0
542,poisson_L4_c1_5,1,repeat_8.8,15931.82,0
542,poisson_L4_c1_5,1,repeat_9.6,2221.9,0
542,poisson_L4_c1_5,1,repeat_10.5,2223.0,0
542,poisson_L4_c1_5,1,repeat_10.6,2832.43,0
542,poisson_L4_c1_5,1,repeat_10.7,7887.88,0
544,poisson_L4_c1_5,2,repeat_1,1567.44,0
544,poisson_L4_c1_5,2,repeat_2.1,1805.51,0
544,poisson_L4_c1_5,2,repeat_4,1672.83,0
544,poisson_L4_c1_5,2,repeat_4.1,1719.76,0
544,poisson_L4_c1_5,2,repeat_4.6,2221.25,0
544,poisson_L4_c1_5,2,repeat_4.7,2225.86,0
544,poisson_L4_c1_5,2,repeat_5.9,2755.8,0
544,poisson_L4_c1_5,2,repeat_6.6,2248.91,0
544,poisson_L4_c1_5,2,repeat_6.7,2438.9,0
544,poisson_L4_c1_5,2,repeat_6.8,2780.64,0
544,poisson_L4_c1_5,2,repeat_6.9,2832.43,0
544,poisson_L4_c1_5,2,repeat_8.1,1951.71,0
544,poisson_L4_c1_5,2,repeat_9.2,1580.16,0
544,poisson_L4_c1_5,2,repeat_9.4,1727.22,0
544,poisson_L4_c1_5,2,repeat_10.2,1403.05,0
544,poisson_L4_c1_5,2,repeat_10.5,1439.02,0
544,poisson_L4_c1_5,2,repeat_10.8,1647.86,0
546,poisson_L4_c1_5,3,repeat_1,1567.44,0
546,poisson_L4_c1_5,3,repeat_1.1,1657.28,0
546,poisson_L4_c1_5,3,repeat_2.3,1805.51,0
546,poisson_L4_c1_5,3,repeat_2.5,1939.28,0
546,poisson_L4_c1_5,3,repeat_2.6,1946.39,0
546,poisson_L4_c1_5,3,repeat_3.5,1809.74,0
546,poisson_L4_c1_5,3,repeat_4,1672.83,0
546,poisson_L4_c1_5,3,repeat_4.1,1719.76,0
546,poisson_L4_c1_5,3,repeat_4.8,2221.25,0
546,poisson_L4_c1_5,3,repeat_4.9,2225.86,0
546,poisson_L4_c1_5,3,repeat_6.1,1440.61,0
546,poisson_L4_c1_5,3,repeat_7.3,1549.76,0
546,poisson_L4_c1_5,3,repeat_7.4,1558.52,0
546,poisson_L4_c1_5,3,repeat_8,1636.03,0
546,poisson_L4_c1_5,3,repeat_8.1,1650.55,0
546,poisson_L4_c1_5,3,repeat_8.2,1718.81,0
546,poisson_L4_c1_5,3,repeat_8.3,1746.24,0
546,poisson_L4_c1_5,3,repeat_8.8,1790.53,0
546,poisson_L4_c1_5,3,repeat_8.9,1796.1,0
546,poisson_L4_c1_5,3,repeat_9.4,1383.16,0
546,poisson_L4_c1_5,3,repeat_9.5,1580.16,0
546,poisson_L4_c1_5,3,repeat_9.7,1727.22,0
546,poisson_L4_c1_5,3,repeat_9.9,1950.14,0
546,poisson_L4_c1_5,3,repeat_10.5,1383.01,0
546,poisson_L4_c1_5,3,repeat_10.6,1403.05,0
548,poisson_L4_c1_5,4,repeat_1,1567.44,0
548,poisson_L4_c1_5,4,repeat_1.1,1587.76,0
548,poisson_L4_c1_5,4,repeat_1.2,1657.28,0
548,poisson_L4_c1_5,4,repeat_1.3,1806.92,0
548,poisson_L4_c1_5,4,repeat_1.4,1821.02,0
548,poisson_L4_c1_5,4,repeat_1.5,1945.81,0
548,poisson_L4_c1_5,4,repeat_2.1,1381.25,0
548,poisson_L4_c1_5,4,repeat_2.4,1536.4,0
548,poisson_L4_c1_5,4,repeat_2.5,1537.88,0
548,poisson_L4_c1_5,4,repeat_2.6,1563.46,0
548,poisson_L4_c1_5,4,repeat_2.7,1805.51,0
548,poisson_L4_c1_5,4,repeat_2.8,1840.76,0
548,poisson_L4_c1_5,4,repeat_4,1404.07,0
548,poisson_L4_c1_5,4,repeat_4.1,1672.83,0
548,poisson_L4_c1_5,4,repeat_4.2,1719.76,0
548,poisson_L4_c1_5,4,repeat_4.3,1786.22,0
548,poisson_L4_c1_5,4,repeat_4.4,1796.48,0
548,poisson_L4_c1_5,4,repeat_6.1,1440.61,0
548,poisson_L4_c1_5,4,repeat_7.2,1446.46,0
548,poisson_L4_c1_5,4,repeat_7.3,1448.52,0
548,poisson_L4_c1_5,4,repeat_7.4,1462.99,0
548,poisson_L4_c1_5,4,repeat_7.8,1549.76,0
548,poisson_L4_c1_5,4,repeat_7.9,1558.52,0
548,poisson_L4_c1_5,4,repeat_8,1543.64,0
548,poisson_L4_c1_5,4,repeat_8.1,1627.57,0
548,poisson_L4_c1_5,4,repeat_8.2,1636.03,0
548,poisson_L4_c1_5,4,repeat_8.3,1650.55,0
548,poisson_L4_c1_5,4,repeat_8.4,1650.56,0
548,poisson_L4_c1_5,4,repeat_8.5,1650.56,0
548,poisson_L4_c1_5,4,repeat_8.6,1718.81,0
548,poisson_L4_c1_5,4,repeat_8.7,1746.24,0
548,poisson_L4_c1_5,4,repeat_9.6,1383.16,0
548,poisson_L4_c1_5,4,repeat_9.7,1580.16,0
548,poisson_L4_c1_5,4,repeat_9.9,1727.22,0
548,poisson_L4_c1_5,4,repeat_10.8,1383.01,0
548,poisson_L4_c1_5,4,repeat_10.9,1403.05,0
550,poisson_L4_c1_5,5,repeat_1,1567.44,0
550,poisson_L4_c1_5,5,repeat_1.1,1587.76,0
550,poisson_L4_c1_5,5,repeat_1.2,1588.86,0
550,poisson_L4_c1_5,5,repeat_1.3,1643.38,0
550,poisson_L4_c1_5,5,repeat_1.4,1657.28,0
550,poisson_L4_c1_5,5,repeat_1.5,1743.38,0
550,poisson_L4_c1_5,5,repeat_1.6,1806.92,0
550,poisson_L4_c1_5,5,repeat_1.7,1811.09,0
550,poisson_L4_c1_5,5,repeat_1.8,1821.02,0
550,poisson_L4_c1_5,5,repeat_1.9,1823.61,0
550,poisson_L4_c1_5,5,repeat_2.2,1381.25,0
550,poisson_L4_c1_5,5,repeat_2.6,1536.4,0
550,poisson_L4_c1_5,5,repeat_2.7,1537.88,0
550,poisson_L4_c1_5,5,repeat_2.8,1563.46,0
550,poisson_L4_c1_5,5,repeat_4.1,1342.51,0
550,poisson_L4_c1_5,5,repeat_4.2,1404.07,0
550,poisson_L4_c1_5,5,repeat_4.4,1672.83,0
550,poisson_L4_c1_5,5,repeat_4.5,1719.76,0
550,poisson_L4_c1_5,5,repeat_4.6,1724.46,0
550,poisson_L4_c1_5,5,repeat_4.8,1786.22,0
550,poisson_L4_c1_5,5,repeat_4.9,1796.48,0
550,poisson_L4_c1_5,5,repeat_5.5,1551.24,0
550,poisson_L4_c1_5,5,repeat_6.3,1369.9,0
550,poisson_L4_c1_5,5,repeat_6.4,1440.61,0
550,poisson_L4_c1_5,5,repeat_7.5,1446.46,0
550,poisson_L4_c1_5,5,repeat_7.6,1447.5,0
550,poisson_L4_c1_5,5,repeat_7.7,1448.52,0
550,poisson_L4_c1_5,5,repeat_7.8,1462.99,0
550,poisson_L4_c1_5,5,repeat_8,1543.64,0
550,poisson_L4_c1_5,5,repeat_8.1,1627.57,0
550,poisson_L4_c1_5,5,repeat_8.2,1636.03,0
550,poisson_L4_c1_5,5,repeat_8.3,1637.57,0
550,poisson_L4_c1_5,5,repeat_8.4,1650.55,0
550,poisson_L4_c1_5,5,repeat_8.5,1650.56,0
550,poisson_L4_c1_5,5,repeat_8.6,1650.56,0
550,poisson_L4_c1_5,5,repeat_8.7,1662.13,0
550,poisson_L4_c1_5,5,repeat_9.7,1383.16,0
550,poisson_L4_c1_5,5,repeat_9.8,1550.18,0
550,poisson_L4_c1_5,5,repeat_9.9,1580.16,0
552,poisson_L4_c1_5,6,repeat_1.1,1551.74,0
552,poisson_L4_c1_5,6,repeat_1.2,1567.44,0
552,poisson_L4_c1_5,6,repeat_1.3,1567.49,0
552,poisson_L4_c1_5,6,repeat_1.4,1581.02,0
552,poisson_L4_c1_5,6,repeat_1.5,1587.76,0
552,poisson_L4_c1_5,6,repeat_1.6,1588.86,0
552,poisson_L4_c1_5,6,repeat_1.7,1606.18,0
552,poisson_L4_c1_5,6,repeat_1.8,1643.38,0
552,poisson_L4_c1_5,6,repeat_1.9,1657.28,0
552,poisson_L4_c1_5,6,repeat_2.5,1356.44,0
552,poisson_L4_c1_5,6,repeat_2.6,1381.25,0
552,poisson_L4_c1_5,6,repeat_4.1,1342.51,0
552,poisson_L4_c1_5,6,repeat_4.2,1354.79,0
552,poisson_L4_c1_5,6,repeat_4.3,1404.07,0
552,poisson_L4_c1_5,6,repeat_4.6,1531.23,0
552,poisson_L4_c1_5,6,repeat_4.7,1572.96,0
552,poisson_L4_c1_5,6,repeat_4.8,1672.83,0
552,poisson_L4_c1_5,6,repeat_4.9,1719.76,0
552,poisson_L4_c1_5,6,repeat_5.4,1358.62,0
552,poisson_L4_c1_5,6,repeat_6,1155.7,0
552,poisson_L4_c1_5,6,repeat_6.7,1369.9,0
552,poisson_L4_c1_5,6,repeat_6.8,1440.61,0
552,poisson_L4_c1_5,6,repeat_8,1543.64,0
552,poisson_L4_c1_5,6,repeat_8.1,1627.57,0
552,poisson_L4_c1_5,6,repeat_8.2,1636.03,0
552,poisson_L4_c1_5,6,repeat_8.3,1636.57,0
552,poisson_L4_c1_5,6,repeat_8.4,1637.57,0
552,poisson_L4_c1_5,6,repeat_8.5,1650.55,0
552,poisson_L4_c1_5,6,repeat_8.6,1650.56,0
552,poisson_L4_c1_5,6,repeat_8.7,1650.56,0
552,poisson_L4_c1_5,6,repeat_8.8,1662.13,0
552,poisson_L4_c1_5,6,repeat_8.9,1670.0,0
554,poisson_L4_c1_5,7,repeat_1.1,1366.48,0
554,poisson_L4_c1_5,7,repeat_1.3,1551.74,0
554,poisson_L4_c1_5,7,repeat_1.4,1562.77,0
554,poisson_L4_c1_5,7,repeat_1.5,1567.44,0
554,poisson_L4_c1_5,7,repeat_1.6,1567.49,0
554,poisson_L4_c1_5,7,repeat_1.7,1577.16,0
554,poisson_L4_c1_5,7,repeat_1.8,1581.02,0
554,poisson_L4_c1_5,7,repeat_1.9,1587.76,0
554,poisson_L4_c1_5,7,repeat_2.5,1356.44,0
554,poisson_L4_c1_5,7,repeat_2.6,1381.25,0
554,poisson_L4_c1_5,7,repeat_4.5,1342.51,0
554,poisson_L4_c1_5,7,repeat_4.6,1354.79,0
554,poisson_L4_c1_5,7,repeat_4.7,1369.11,0
554,poisson_L4_c1_5,7,repeat_4.8,1404.07,0
554,poisson_L4_c1_5,7,repeat_5.9,1358.62,0
554,poisson_L4_c1_5,7,repeat_6,1155.7,0
554,poisson_L4_c1_5,7,repeat_6.7,1369.9,0
554,poisson_L4_c1_5,7,repeat_6.8,1440.61,0
554,poisson_L4_c1_5,7,repeat_8,1382.47,0
554,poisson_L4_c1_5,7,repeat_8.1,1440.79,0
554,poisson_L4_c1_5,7,repeat_8.2,1543.64,0
554,poisson_L4_c1_5,7,repeat_8.3,1627.57,0
554,poisson_L4_c1_5,7,repeat_8.4,1636.03,0
554,poisson_L4_c1_5,7,repeat_8.5,1636.57,0
554,poisson_L4_c1_5,7,repeat_8.6,1637.57,0
554,poisson_L4_c1_5,7,repeat_8.7,1650.55,0
554,poisson_L4_c1_5,7,repeat_8.8,1650.56,0
554,poisson_L4_c1_5,7,repeat_8.9,1650.56,0
556,poisson_L4_c1_5,8,repeat_1.1,1366.48,0
556,poisson_L4_c1_5,8,repeat_1.2,1407.46,0
556,poisson_L4_c1_5,8,repeat_1.6,1550.15,0
556,poisson_L4_c1_5,8,repeat_1.7,1551.74,0
556,poisson_L4_c1_5,8,repeat_1.8,1560.09,0
556,poisson_L4_c1_5,8,repeat_1.9,1562.77,0
556,poisson_L4_c1_5,8,repeat_2.8,1356.44,0
556,poisson_L4_c1_5,8,repeat_2.9,1381.25,0
556,poisson_L4_c1_5,8,repeat_4.7,1342.51,0
556,poisson_L4_c1_5,8,repeat_4.8,1342.96,0
556,poisson_L4_c1_5,8,repeat_4.9,1354.79,0
556,poisson_L4_c1_5,8,repeat_6,1155.7,0
556,poisson_L4_c1_5,8,repeat_6.7,1369.9,0
556,poisson_L4_c1_5,8,repeat_6.8,1440.61,0
556,poisson_L4_c1_5,8,repeat_7.6,1391.03,0
556,poisson_L4_c1_5,8,repeat_7.7,1391.84,0
556,poisson_L4_c1_5,8,repeat_7.8,1408.01,0
556,poisson_L4_c1_5,8,repeat_8,1194.87,0
556,poisson_L4_c1_5,8,repeat_8.1,1195.4,0
556,poisson_L4_c1_5,8,repeat_8.4,1382.47,0
556,poisson_L4_c1_5,8,repeat_8.5,1440.79,0
556,poisson_L4_c1_5,8,repeat_8.7,1543.64,0
556,poisson_L4_c1_5,8,repeat_8.8,1555.48,0
556,poisson_L4_c1_5,8,repeat_8.9,1591.14,0
558,poisson_L4_c1_5,9,repeat_1.1,1364.52,0
558,poisson_L4_c1_5,9,repeat_1.2,1366.48,0
558,poisson_L4_c1_5,9,repeat_1.3,1371.28,0
558,poisson_L4_c1_5,9,repeat_1.4,1377.78,0
558,poisson_L4_c1_5,9,repeat_1.5,1380.2,0
558,poisson_L4_c1_5,9,repeat_1.6,1407.46,0
558,poisson_L4_c1_5,9,repeat_4.9,1342.51,0
558,poisson_L4_c1_5,9,repeat_6.3,1155.7,0
558,poisson_L4_c1_5,9,repeat_7.8,1391.03,0
558,poisson_L4_c1_5,9,repeat_7.9,1391.84,0
558,poisson_L4_c1_5,9,repeat_8,1194.87,0
558,poisson_L4_c1_5,9,repeat_8.1,1195.4,0
558,poisson_L4_c1_5,9,repeat_8.7,1373.88,0
558,poisson_L4_c1_5,9,repeat_8.8,1376.24,0
558,poisson_L4_c1_5,9,repeat_8.9,1377.08,0
560,poisson_L4_c1_5,10,repeat_1.1,1364.52,0
560,poisson_L4_c1_5,10,repeat_1.2,1364.6,0
560,poisson_L4_c1_5,10,repeat_1.3,1366.48,0
560,poisson_L4_c1_5,10,repeat_1.4,1368.98,0
560,poisson_L4_c1_5,10,repeat_1.5,1371.28,0
560,poisson_L4_c1_5,10,repeat_1.6,1371.6,0
560,poisson_L4_c1_5,10,repeat_1.7,1377.78,0
560,poisson_L4_c1_5,10,repeat_1.8,1380.2,0
560,poisson_L4_c1_5,10,repeat_1.9,1380.26,0
560,poisson_L4_c1_5,10,repeat_3,1190.42,0
560,poisson_L4_c1_5,10,repeat_4,1188.42,0
560,poisson_L4_c1_5,10,repeat_6.3,1155.7,0
560,poisson_L4_c1_5,10,repeat_7.9,1391.03,0
560,poisson_L4_c1_5,10,repeat_8,1194.87,0
560,poisson_L4_c1_5,10,repeat_8.1,1195.4,0
560,poisson_L4_c1_5,10,repeat_8.9,1373.88,0
562,poisson_L6_c1_2,1,repeat_1.7,3154.42,0
562,poisson_L6_c1_2,1,repeat_1.8,4502.48,0
562,poisson_L6_c1_2,1,repeat_2.7,3792.27,0
562,poisson_L6_c1_2,1,repeat_2.8,4021.62,0
562,poisson_L6_c1_2,1,repeat_2.9,7289.95,0
562,poisson_L6_c1_2,1,repeat_4.8,3154.42,0
562,poisson_L6_c1_2,1,repeat_5.2,1642.5,0
562,poisson_L6_c1_2,1,repeat_5.9,5887.59,0
562,poisson_L6_c1_2,1,repeat_6.6,3226.12,0
562,poisson_L6_c1_2,1,repeat_6.7,3309.3,0
562,poisson_L6_c1_2,1,repeat_6.9,9619.72,0
562,poisson_L6_c1_2,1,repeat_7.2,1971.34,0
562,poisson_L6_c1_2,1,repeat_8.6,18119.72,0
562,poisson_L6_c1_2,1,repeat_9.1,861.88,0
562,poisson_L6_c1_2,1,repeat_9.6,5548.54,0
562,poisson_L6_c1_2,1,repeat_9.7,8153.78,0
562,poisson_L6_c1_2,1,repeat_10.7,3997.7,0
564,poisson_L6_c1_2,2,repeat_1.3,1484.12,0
564,poisson_L6_c1_2,2,repeat_2.1,2418.26,0
564,poisson_L6_c1_2,2,repeat_4,2116.72,0
564,poisson_L6_c1_2,2,repeat_5.2,1134.38,0
564,poisson_L6_c1_2,2,repeat_5.4,1359.66,0
564,poisson_L6_c1_2,2,repeat_5.5,1642.5,0
564,poisson_L6_c1_2,2,repeat_6.5,2139.04,0
564,poisson_L6_c1_2,2,repeat_6.7,2401.5,0
564,poisson_L6_c1_2,2,repeat_7.3,837.77,0
564,poisson_L6_c1_2,2,repeat_7.4,888.42,0
564,poisson_L6_c1_2,2,repeat_7.8,1971.34,0
564,poisson_L6_c1_2,2,repeat_8,1271.46,0
564,poisson_L6_c1_2,2,repeat_8.3,1483.38,0
564,poisson_L6_c1_2,2,repeat_9.3,861.88,0
564,poisson_L6_c1_2,2,repeat_10.5,1987.2,0
564,poisson_L6_c1_2,2,repeat_10.6,2031.5,0
564,poisson_L6_c1_2,2,repeat_10.7,2266.55,0
566,poisson_L6_c1_2,3,repeat_1.6,1465.34,0
566,poisson_L6_c1_2,3,repeat_1.7,1484.12,0
566,poisson_L6_c1_2,3,repeat_2.2,2418.26,0
566,poisson_L6_c1_2,3,repeat_4.2,2116.72,0
566,poisson_L6_c1_2,3,repeat_4.3,2174.78,0
566,poisson_L6_c1_2,3,repeat_5.2,1134.38,0
566,poisson_L6_c1_2,3,repeat_5.4,1359.66,0
566,poisson_L6_c1_2,3,repeat_5.5,1642.5,0
566,poisson_L6_c1_2,3,repeat_7.3,837.77,0
566,poisson_L6_c1_2,3,repeat_7.4,888.42,0
566,poisson_L6_c1_2,3,repeat_8,1061.22,0
566,poisson_L6_c1_2,3,repeat_8.1,1075.94,0
566,poisson_L6_c1_2,3,repeat_8.2,1271.46,0
566,poisson_L6_c1_2,3,repeat_8.6,1460.12,0
566,poisson_L6_c1_2,3,repeat_8.7,1483.38,0
566,poisson_L6_c1_2,3,repeat_9.6,861.88,0
566,poisson_L6_c1_2,3,repeat_10.6,1816.28,0
566,poisson_L6_c1_2,3,repeat_10.7,1944.88,0
566,poisson_L6_c1_2,3,repeat_10.8,1984.88,0
566,poisson_L6_c1_2,3,repeat_10.9,1987.2,0
568,poisson_L6_c1_2,4,repeat_1.7,1465.34,0
568,poisson_L6_c1_2,4,repeat_1.8,1484.12,0
568,poisson_L6_c1_2,4,repeat_2.3,1954.34,0
568,poisson_L6_c1_2,4,repeat_2.5,2418.26,0
568,poisson_L6_c1_2,4,repeat_4.4,2116.72,0
568,poisson_L6_c1_2,4,repeat_4.5,2174.78,0
568,poisson_L6_c1_2,4,repeat_4.7,2452.88,0
568,poisson_L6_c1_2,4,repeat_5.2,1134.38,0
568,poisson_L6_c1_2,4,repeat_5.4,1359.66,0
568,poisson_L6_c1_2,4,repeat_5.5,1642.5,0
568,poisson_L6_c1_2,4,repeat_7.3,837.77,0
568,poisson_L6_c1_2,4,repeat_7.4,888.42,0
568,poisson_L6_c1_2,4,repeat_7.9,1364.04,0
568,poisson_L6_c1_2,4,repeat_8,826.8,0
568,poisson_L6_c1_2,4,repeat_8.1,829.4,0
568,poisson_L6_c1_2,4,repeat_8.2,830.92,0
568,poisson_L6_c1_2,4,repeat_8.3,831.04,0
568,poisson_L6_c1_2,4,repeat_8.4,835.32,0
568,poisson_L6_c1_2,4,repeat_8.5,837.74,0
568,poisson_L6_c1_2,4,repeat_8.6,864.8,0
568,poisson_L6_c1_2,4,repeat_8.7,963.2,0
568,poisson_L6_c1_2,4,repeat_8.8,1061.22,0
568,poisson_L6_c1_2,4,repeat_8.9,1075.94,0
568,poisson_L6_c1_2,4,repeat_9.9,861.88,0
568,poisson_L6_c1_2,4,repeat_10.9,1816.28,0
570,poisson_L6_c1_2,5,repeat_1.7,1465.34,0
570,poisson_L6_c1_2,5,repeat_1.8,1484.12,0
570,poisson_L6_c1_2,5,repeat_2.2,1364.04,0
570,poisson_L6_c1_2,5,repeat_2.3,1381.34,0
570,poisson_L6_c1_2,5,repeat_2.6,1954.34,0
570,poisson_L6_c1_2,5,repeat_2.9,2270.96,0
570,poisson_L6_c1_2,5,repeat_4.1,882.44,0
570,poisson_L6_c1_2,5,repeat_4.6,2116.72,0
570,poisson_L6_c1_2,5,repeat_4.7,2174.78,0
570,poisson_L6_c1_2,5,repeat_5.2,1134.38,0
570,poisson_L6_c1_2,5,repeat_5.4,1359.66,0
570,poisson_L6_c1_2,5,repeat_5.5,1642.5,0
570,poisson_L6_c1_2,5,repeat_7.3,837.77,0
570,poisson_L6_c1_2,5,repeat_7.4,888.42,0
570,poisson_L6_c1_2,5,repeat_8,826.8,0
570,poisson_L6_c1_2,5,repeat_8.1,829.4,0
570,poisson_L6_c1_2,5,repeat_8.2,830.92,0
570,poisson_L6_c1_2,5,repeat_8.3,831.04,0
570,poisson_L6_c1_2,5,repeat_8.4,835.32,0
570,poisson_L6_c1_2,5,repeat_8.5,837.74,0
570,poisson_L6_c1_2,5,repeat_8.6,864.8,0
570,poisson_L6_c1_2,5,repeat_8.7,963.2,0
570,poisson_L6_c1_2,5,repeat_8.9,1061.22,0
570,poisson_L6_c1_2,5,repeat_10.7,1016.79,0
570,poisson_L6_c1_2,5,repeat_10.8,1066.49,0
572,poisson_L6_c1_2,6,repeat_1.5,1058.28,0
572,poisson_L6_c1_2,6,repeat_1.9,1465.34,0
572,poisson_L6_c1_2,6,repeat_2.2,1364.04,0
572,poisson_L6_c1_2,6,repeat_2.3,1380.06,0
572,poisson_L6_c1_2,6,repeat_2.4,1381.34,0
572,poisson_L6_c1_2,6,repeat_2.8,1954.34,0
572,poisson_L6_c1_2,6,repeat_2.9,2049.22,0
572,poisson_L6_c1_2,6,repeat_4.1,882.44,0
572,poisson_L6_c1_2,6,repeat_5.5,1134.38,0
572,poisson_L6_c1_2,6,repeat_5.8,1359.66,0
572,poisson_L6_c1_2,6,repeat_7.3,837.77,0
572,poisson_L6_c1_2,6,repeat_7.4,888.42,0
572,poisson_L6_c1_2,6,repeat_8,826.8,0
572,poisson_L6_c1_2,6,repeat_8.1,829.4,0
572,poisson_L6_c1_2,6,repeat_8.2,830.92,0
572,poisson_L6_c1_2,6,repeat_8.3,831.04,0
572,poisson_L6_c1_2,6,repeat_8.4,835.32,0
572,poisson_L6_c1_2,6,repeat_8.5,837.74,0
572,poisson_L6_c1_2,6,repeat_8.6,864.8,0
572,poisson_L6_c1_2,6,repeat_8.7,963.2,0
572,poisson_L6_c1_2,6,repeat_8.9,1061.22,0
572,poisson_L6_c1_2,6,repeat_10.5,837.5,0
572,poisson_L6_c1_2,6,repeat_10.9,1016.79,0
574,poisson_L6_c1_2,7,repeat_1.7,824.8,0
574,poisson_L6_c1_2,7,repeat_1.8,828.55,0
574,poisson_L6_c1_2,7,repeat_1.9,1047.56,0
574,poisson_L6_c1_2,7,repeat_2.3,1142.32,0
574,poisson_L6_c1_2,7,repeat_2.5,1364.04,0
574,poisson_L6_c1_2,7,repeat_2.6,1380.06,0
574,poisson_L6_c1_2,7,repeat_2.7,1381.34,0
574,poisson_L6_c1_2,7,repeat_3.4,1459.8,0
574,poisson_L6_c1_2,7,repeat_4.1,878.86,0
574,poisson_L6_c1_2,7,repeat_4.2,882.44,0
574,poisson_L6_c1_2,7,repeat_4.3,883.08,0
574,poisson_L6_c1_2,7,repeat_4.4,1054.46,0
574,poisson_L6_c1_2,7,repeat_4.6,1205.94,0
574,poisson_L6_c1_2,7,repeat_5.5,893.68,0
574,poisson_L6_c1_2,7,repeat_5.7,1134.38,0
574,poisson_L6_c1_2,7,repeat_5.9,1286.58,0
574,poisson_L6_c1_2,7,repeat_7.3,837.77,0
574,poisson_L6_c1_2,7,repeat_7.4,888.42,0
574,poisson_L6_c1_2,7,repeat_8,826.8,0
574,poisson_L6_c1_2,7,repeat_8.1,829.4,0
574,poisson_L6_c1_2,7,repeat_8.2,830.92,0
574,poisson_L6_c1_2,7,repeat_8.3,831.04,0
574,poisson_L6_c1_2,7,repeat_8.4,835.32,0
574,poisson_L6_c1_2,7,repeat_8.5,837.74,0
574,poisson_L6_c1_2,7,repeat_8.6,864.8,0
574,poisson_L6_c1_2,7,repeat_8.7,963.2,0
574,poisson_L6_c1_2,7,repeat_8.9,1061.22,0
574,poisson_L6_c1_2,7,repeat_10.6,837.5,0
576,poisson_L6_c1_2,8,repeat_1.9,824.8,0
576,poisson_L6_c1_2,8,repeat_2.3,1142.32,0
576,poisson_L6_c1_2,8,repeat_2.6,1364.04,0
576,poisson_L6_c1_2,8,repeat_2.7,1380.06,0
576,poisson_L6_c1_2,8,repeat_2.8,1381.34,0
576,poisson_L6_c1_2,8,repeat_3,1139.68,0
576,poisson_L6_c1_2,8,repeat_3.8,1459.8,0
576,poisson_L6_c1_2,8,repeat_3.9,1480.9,0
576,poisson_L6_c1_2,8,repeat_4.1,878.86,0
576,poisson_L6_c1_2,8,repeat_4.2,879.84,0
576,poisson_L6_c1_2,8,repeat_4.3,882.44,0
576,poisson_L6_c1_2,8,repeat_4.4,883.08,0
576,poisson_L6_c1_2,8,repeat_4.5,1045.24,0
576,poisson_L6_c1_2,8,repeat_4.6,1054.46,0
576,poisson_L6_c1_2,8,repeat_4.7,1076.74,0
576,poisson_L6_c1_2,8,repeat_4.9,1205.94,0
576,poisson_L6_c1_2,8,repeat_5.5,838.78,0
576,poisson_L6_c1_2,8,repeat_5.6,893.68,0
576,poisson_L6_c1_2,8,repeat_5.8,1134.38,0
576,poisson_L6_c1_2,8,repeat_7.3,837.77,0
576,poisson_L6_c1_2,8,repeat_7.4,888.42,0
576,poisson_L6_c1_2,8,repeat_8,826.8,0
576,poisson_L6_c1_2,8,repeat_8.1,829.4,0
576,poisson_L6_c1_2,8,repeat_8.2,830.92,0
576,poisson_L6_c1_2,8,repeat_8.3,831.04,0
576,poisson_L6_c1_2,8,repeat_8.4,835.32,0
576,poisson_L6_c1_2,8,repeat_8.5,837.74,0
576,poisson_L6_c1_2,8,repeat_8.6,864.8,0
576,poisson_L6_c1_2,8,repeat_8.7,963.2,0
576,poisson_L6_c1_2,8,repeat_8.9,1061.22,0
576,poisson_L6_c1_2,8,repeat_10.9,837.5,0
578,poisson_L6_c1_2,9,repeat_2.3,954.02,0
578,poisson_L6_c1_2,9,repeat_2.4,1142.32,0
578,poisson_L6_c1_2,9,repeat_2.7,1283.48,0
578,poisson_L6_c1_2,9,repeat_2.8,1294.54,0
578,poisson_L6_c1_2,9,repeat_2.9,1364.04,0
578,poisson_L6_c1_2,9,repeat_3.1,1139.68,0
578,poisson_L6_c1_2,9,repeat_4.2,878.86,0
578,poisson_L6_c1_2,9,repeat_4.3,879.84,0
578,poisson_L6_c1_2,9,repeat_4.4,880.5,0
578,poisson_L6_c1_2,9,repeat_4.5,882.44,0
578,poisson_L6_c1_2,9,repeat_4.6,883.08,0
578,poisson_L6_c1_2,9,repeat_4.7,918.94,0
578,poisson_L6_c1_2,9,repeat_4.8,947.56,0
578,poisson_L6_c1_2,9,repeat_4.9,1045.24,0
578,poisson_L6_c1_2,9,repeat_5.6,838.49,0
578,poisson_L6_c1_2,9,repeat_5.7,838.78,0
578,poisson_L6_c1_2,9,repeat_5.8,893.68,0
578,poisson_L6_c1_2,9,repeat_7.3,837.77,0
578,poisson_L6_c1_2,9,repeat_7.4,888.42,0
578,poisson_L6_c1_2,9,repeat_7.9,1284.26,0
578,poisson_L6_c1_2,9,repeat_8,826.8,0
578,poisson_L6_c1_2,9,repeat_8.1,829.4,0
578,poisson_L6_c1_2,9,repeat_8.2,830.92,0
578,poisson_L6_c1_2,9,repeat_8.3,831.04,0
578,poisson_L6_c1_2,9,repeat_8.4,835.32,0
578,poisson_L6_c1_2,9,repeat_8.5,837.74,0
578,poisson_L6_c1_2,9,repeat_8.6,864.8,0
578,poisson_L6_c1_2,9,repeat_8.7,963.2,0
578,poisson_L6_c1_2,9,repeat_8.9,1016.36,0
580,poisson_L6_c1_2,10,repeat_2.4,954.02,0
580,poisson_L6_c1_2,10,repeat_2.5,1132.32,0
580,poisson_L6_c1_2,10,repeat_2.6,1142.32,0
580,poisson_L6_c1_2,10,repeat_3.2,1139.68,0
580,poisson_L6_c1_2,10,repeat_4.4,878.86,0
580,poisson_L6_c1_2,10,repeat_4.5,879.84,0
580,poisson_L6_c1_2,10,repeat_4.6,880.5,0
580,poisson_L6_c1_2,10,repeat_4.7,882.44,0
580,poisson_L6_c1_2,10,repeat_4.8,883.08,0
580,poisson_L6_c1_2,10,repeat_4.9,918.94,0
580,poisson_L6_c1_2,10,repeat_5.9,838.49,0
580,poisson_L6_c1_2,10,repeat_7.3,837.77,0
580,poisson_L6_c1_2,10,repeat_7.4,888.42,0
580,poisson_L6_c1_2,10,repeat_8,826.8,0
580,poisson_L6_c1_2,10,repeat_8.1,829.4,0
580,poisson_L6_c1_2,10,repeat_8.2,830.92,0
580,poisson_L6_c1_2,10,repeat_8.3,831.04,0
580,poisson_L6_c1_2,10,repeat_8.4,835.32,0
580,poisson_L6_c1_2,10,repeat_8.5,837.74,0
580,poisson_L6_c1_2,10,repeat_8.6,864.8,0
580,poisson_L6_c1_2,10,repeat_8.7,963.2,0
580,poisson_L6_c1_2,10,repeat_8.9,1016.36,0
582,poisson_L6_c1_5,1,repeat_1.2,3894.48,0
582,poisson_L6_c1_5,1,repeat_1.3,4019.66,0
582,poisson_L6_c1_5,1,repeat_1.4,5344.2,0
582,poisson_L6_c1_5,1,repeat_1.5,6477.07,0
582,poisson_L6_c1_5,1,repeat_1.6,6819.76,0
582,poisson_L6_c1_5,1,repeat_1.7,12463.76,0
582,poisson_L6_c1_5,1,repeat_2,1210.3,0
582,poisson_L6_c1_5,1,repeat_2.8,8046.36,0
582,poisson_L6_c1_5,1,repeat_3.6,3905.68,0
582,poisson_L6_c1_5,1,repeat_3.7,4198.25,0
582,poisson_L6_c1_5,1,repeat_3.8,4488.04,0
582,poisson_L6_c1_5,1,repeat_3.9,8818.98,0
582,poisson_L6_c1_5,1,repeat_4,1924.88,0
582,poisson_L6_c1_5,1,repeat_4.6,5946.92,0
582,poisson_L6_c1_5,1,repeat_4.7,6636.49,0
582,poisson_L6_c1_5,1,repeat_4.8,7754.71,0
582,poisson_L6_c1_5,1,repeat_5.7,3530.38,0
582,poisson_L6_c1_5,1,repeat_5.8,5682.04,0
582,poisson_L6_c1_5,1,repeat_5.9,9500.6,0
582,poisson_L6_c1_5,1,repeat_6.7,3516.8,0
582,poisson_L6_c1_5,1,repeat_6.8,3905.68,0
582,poisson_L6_c1_5,1,repeat_6.9,4347.84,0
582,poisson_L6_c1_5,1,repeat_7.6,6319.76,0
582,poisson_L6_c1_5,1,repeat_8.5,3848.05,0
582,poisson_L6_c1_5,1,repeat_8.6,3973.5,0
582,poisson_L6_c1_5,1,repeat_8.7,7585.94,0
582,poisson_L6_c1_5,1,repeat_8.8,10710.96,0
582,poisson_L6_c1_5,1,repeat_8.9,20202494.94,0
582,poisson_L6_c1_5,1,repeat_9.7,8736.04,0
582,poisson_L6_c1_5,1,repeat_10.5,3443.88,0
582,poisson_L6_c1_5,1,repeat_10.6,4317.2,0
582,poisson_L6_c1_5,1,repeat_10.7,4473.68,0
582,poisson_L6_c1_5,1,repeat_10.8,4757.52,0
582,poisson_L6_c1_5,1,repeat_10.9,7000.6,0
584,poisson_L6_c1_5,2,repeat_1.5,3456.74,0
584,poisson_L6_c1_5,2,repeat_1.6,3518.59,0
584,poisson_L6_c1_5,2,repeat_1.8,3894.48,0
584,poisson_L6_c1_5,2,repeat_1.9,4019.66,0
584,poisson_L6_c1_5,2,repeat_2,1210.3,0
584,poisson_L6_c1_5,2,repeat_3.7,2059.7,0
584,poisson_L6_c1_5,2,repeat_3.8,2080.3,0
584,poisson_L6_c1_5,2,repeat_4.1,1924.88,0
584,poisson_L6_c1_5,2,repeat_4.9,3443.84,0
584,poisson_L6_c1_5,2,repeat_5.4,1338.96,0
584,poisson_L6_c1_5,2,repeat_5.5,2077.28,0
584,poisson_L6_c1_5,2,repeat_5.6,2251.84,0
584,poisson_L6_c1_5,2,repeat_6.7,2416.96,0
584,poisson_L6_c1_5,2,repeat_7.4,1657.24,0
584,poisson_L6_c1_5,2,repeat_9.4,2760.64,0
586,poisson_L6_c1_5,3,repeat_1.6,3456.74,0
586,poisson_L6_c1_5,3,repeat_1.7,3518.59,0
586,poisson_L6_c1_5,3,repeat_2,1210.3,0
586,poisson_L6_c1_5,3,repeat_2.2,1809.4,0
586,poisson_L6_c1_5,3,repeat_4.4,1924.88,0
586,poisson_L6_c1_5,3,repeat_5.4,1338.96,0
586,poisson_L6_c1_5,3,repeat_5.6,2049.18,0
586,poisson_L6_c1_5,3,repeat_5.7,2077.28,0
586,poisson_L6_c1_5,3,repeat_5.8,2251.84,0
586,poisson_L6_c1_5,3,repeat_6.6,1674.86,0
586,poisson_L6_c1_5,3,repeat_6.8,2416.96,0
586,poisson_L6_c1_5,3,repeat_7.2,1571.54,0
586,poisson_L6_c1_5,3,repeat_7.5,1657.24,0
586,poisson_L6_c1_5,3,repeat_7.6,2081.8,0
586,poisson_L6_c1_5,3,repeat_7.7,2249.84,0
586,poisson_L6_c1_5,3,repeat_9.2,2066.88,0
586,poisson_L6_c1_5,3,repeat_9.3,2091.68,0
586,poisson_L6_c1_5,3,repeat_9.7,2398.74,0
586,poisson_L6_c1_5,3,repeat_10.8,2253.42,0
588,poisson_L6_c1_5,4,repeat_1,2509.1,0
588,poisson_L6_c1_5,4,repeat_2,1210.3,0
588,poisson_L6_c1_5,4,repeat_2.1,1227.62,0
588,poisson_L6_c1_5,4,repeat_2.3,1809.4,0
588,poisson_L6_c1_5,4,repeat_2.5,2245.46,0
588,poisson_L6_c1_5,4,repeat_2.6,2712.36,0
588,poisson_L6_c1_5,4,repeat_4.6,1202.38,0
588,poisson_L6_c1_5,4,repeat_5.4,1338.96,0
588,poisson_L6_c1_5,4,repeat_5.7,2049.18,0
588,poisson_L6_c1_5,4,repeat_5.8,2077.28,0
588,poisson_L6_c1_5,4,repeat_5.9,2077.66,0
588,poisson_L6_c1_5,4,repeat_6.6,1674.86,0
588,poisson_L6_c1_5,4,repeat_6.7,2035.18,0
588,poisson_L6_c1_5,4,repeat_6.8,2039.12,0
588,poisson_L6_c1_5,4,repeat_6.9,2318.48,0
588,poisson_L6_c1_5,4,repeat_7,1266.94,0
588,poisson_L6_c1_5,4,repeat_7.6,1571.54,0
588,poisson_L6_c1_5,4,repeat_7.9,1657.24,0
588,poisson_L6_c1_5,4,repeat_8.3,1660.26,0
588,poisson_L6_c1_5,4,repeat_8.9,2274.86,0
588,poisson_L6_c1_5,4,repeat_9.5,2066.88,0
588,poisson_L6_c1_5,4,repeat_9.6,2091.68,0
588,poisson_L6_c1_5,4,repeat_10.7,2006.44,0
588,poisson_L6_c1_5,4,repeat_10.8,2017.42,0
590,poisson_L6_c1_5,5,repeat_1,1572.88,0
590,poisson_L6_c1_5,5,repeat_1.1,2451.01,0
590,poisson_L6_c1_5,5,repeat_1.2,2509.1,0
590,poisson_L6_c1_5,5,repeat_2,1210.3,0
590,poisson_L6_c1_5,5,repeat_2.1,1227.62,0
590,poisson_L6_c1_5,5,repeat_2.4,1809.4,0
590,poisson_L6_c1_5,5,repeat_2.9,2245.46,0
590,poisson_L6_c1_5,5,repeat_5.4,1338.96,0
590,poisson_L6_c1_5,5,repeat_5.8,2011.64,0
590,poisson_L6_c1_5,5,repeat_5.9,2015.56,0
590,poisson_L6_c1_5,5,repeat_6.8,1674.86,0
590,poisson_L6_c1_5,5,repeat_7.3,1203.58,0
590,poisson_L6_c1_5,5,repeat_7.4,1235.62,0
590,poisson_L6_c1_5,5,repeat_7.5,1263.46,0
590,poisson_L6_c1_5,5,repeat_7.6,1266.94,0
590,poisson_L6_c1_5,5,repeat_7.7,1269.64,0
590,poisson_L6_c1_5,5,repeat_8.6,1660.26,0
590,poisson_L6_c1_5,5,repeat_8.7,1671.3,0
590,poisson_L6_c1_5,5,repeat_9.9,1445.08,0
590,poisson_L6_c1_5,5,repeat_10.8,2003.48,0
590,poisson_L6_c1_5,5,repeat_10.9,2006.44,0
592,poisson_L6_c1_5,6,repeat_1,1275.37,0
592,poisson_L6_c1_5,6,repeat_1.1,1511.07,0
592,poisson_L6_c1_5,6,repeat_1.2,1572.88,0
592,poisson_L6_c1_5,6,repeat_1.4,2451.01,0
592,poisson_L6_c1_5,6,repeat_1.5,2509.1,0
592,poisson_L6_c1_5,6,repeat_2,1210.3,0
592,poisson_L6_c1_5,6,repeat_2.1,1227.62,0
592,poisson_L6_c1_5,6,repeat_2.4,1574.22,0
592,poisson_L6_c1_5,6,repeat_2.6,1693.1,0
592,poisson_L6_c1_5,6,repeat_2.7,1809.4,0
592,poisson_L6_c1_5,6,repeat_2.8,1809.41,0
592,poisson_L6_c1_5,6,repeat_5.4,1338.96,0
592,poisson_L6_c1_5,6,repeat_5.8,2008.98,0
592,poisson_L6_c1_5,6,repeat_5.9,2011.64,0
592,poisson_L6_c1_5,6,repeat_6.4,1496.88,0
592,poisson_L6_c1_5,6,repeat_6.9,1674.86,0
592,poisson_L6_c1_5,6,repeat_7.6,1202.3,0
592,poisson_L6_c1_5,6,repeat_7.7,1203.58,0
592,poisson_L6_c1_5,6,repeat_7.8,1203.98,0
592,poisson_L6_c1_5,6,repeat_7.9,1234.6,0
592,poisson_L6_c1_5,6,repeat_8.4,1275.8,0
592,poisson_L6_c1_5,6,repeat_10.9,2003.48,0
594,poisson_L6_c1_5,7,repeat_1,1273.37,0
594,poisson_L6_c1_5,7,repeat_1.1,1275.37,0
594,poisson_L6_c1_5,7,repeat_1.4,1511.07,0
594,poisson_L6_c1_5,7,repeat_1.5,1572.88,0
594,poisson_L6_c1_5,7,repeat_1.6,1585.83,0
594,poisson_L6_c1_5,7,repeat_1.7,1799.98,0
594,poisson_L6_c1_5,7,repeat_2.1,1210.3,0
594,poisson_L6_c1_5,7,repeat_2.2,1227.62,0
594,poisson_L6_c1_5,7,repeat_2.3,1236.63,0
594,poisson_L6_c1_5,7,repeat_2.6,1532.99,0
594,poisson_L6_c1_5,7,repeat_2.7,1533.58,0
594,poisson_L6_c1_5,7,repeat_2.9,1574.22,0
594,poisson_L6_c1_5,7,repeat_5.4,1338.96,0
594,poisson_L6_c1_5,7,repeat_5.9,2008.98,0
594,poisson_L6_c1_5,7,repeat_6.4,1496.88,0
594,poisson_L6_c1_5,7,repeat_6.9,1674.86,0
594,poisson_L6_c1_5,7,repeat_7.6,1202.3,0
594,poisson_L6_c1_5,7,repeat_7.7,1203.58,0
594,poisson_L6_c1_5,7,repeat_7.8,1203.98,0
594,poisson_L6_c1_5,7,repeat_7.9,1215.18,0
594,poisson_L6_c1_5,7,repeat_8.8,1231.63,0
596,poisson_L6_c1_5,8,repeat_1,1267.83,0
596,poisson_L6_c1_5,8,repeat_1.1,1273.37,0
596,poisson_L6_c1_5,8,repeat_1.2,1275.37,0
596,poisson_L6_c1_5,8,repeat_1.8,1511.07,0
596,poisson_L6_c1_5,8,repeat_2.2,1202.98,0
596,poisson_L6_c1_5,8,repeat_2.3,1210.3,0
596,poisson_L6_c1_5,8,repeat_2.4,1214.66,0
596,poisson_L6_c1_5,8,repeat_2.5,1227.62,0
596,poisson_L6_c1_5,8,repeat_2.6,1236.63,0
596,poisson_L6_c1_5,8,repeat_5.4,1338.96,0
596,poisson_L6_c1_5,8,repeat_6.4,1496.88,0
596,poisson_L6_c1_5,8,repeat_7.7,1202.3,0
596,poisson_L6_c1_5,8,repeat_7.8,1203.58,0
596,poisson_L6_c1_5,8,repeat_7.9,1203.98,0
598,poisson_L6_c1_5,9,repeat_1,1267.83,0
598,poisson_L6_c1_5,9,repeat_1.1,1270.8,0
598,poisson_L6_c1_5,9,repeat_1.2,1273.37,0
598,poisson_L6_c1_5,9,repeat_1.3,1275.37,0
598,poisson_L6_c1_5,9,repeat_2.2,1202.98,0
598,poisson_L6_c1_5,9,repeat_2.3,1210.3,0
598,poisson_L6_c1_5,9,repeat_2.4,1214.66,0
598,poisson_L6_c1_5,9,repeat_2.5,1227.62,0
598,poisson_L6_c1_5,9,repeat_2.6,1236.63,0
598,poisson_L6_c1_5,9,repeat_5.4,1338.96,0
598,poisson_L6_c1_5,9,repeat_6.4,1496.88,0
598,poisson_L6_c1_5,9,repeat_7.7,1202.3,0
598,poisson_L6_c1_5,9,repeat_7.8,1203.58,0
598,poisson_L6_c1_5,9,repeat_7.9,1203.98,0
600,poisson_L6_c1_5,10,repeat_1,1267.83,0
600,poisson_L6_c1_5,10,repeat_1.1,1267.83,0
600,poisson_L6_c1_5,10,repeat_1.2,1268.43,0
600,poisson_L6_c1_5,10,repeat_1.3,1270.8,0
600,poisson_L6_c1_5,10,repeat_1.4,1273.37,0
600,poisson_L6_c1_5,10,repeat_1.5,1275.37,0
600,poisson_L6_c1_5,10,repeat_2.3,1202.98,0
600,poisson_L6_c1_5,10,repeat_2.4,1210.3,0
600,poisson_L6_c1_5,10,repeat_2.5,1214.66,0
600,poisson_L6_c1_5,10,repeat_2.6,1227.62,0
600,poisson_L6_c1_5,10,repeat_2.7,1236.63,0
600,poisson_L6_c1_5,10,repeat_5.4,1338.96,0
600,poisson_L6_c1_5,10,repeat_6.4,1394.48,0
600,poisson_L6_c1_5,10,repeat_6.5,1496.88,0
600,poisson_L6_c1_5,10,repeat_7.7,1202.3,0
600,poisson_L6_c1_5,10,repeat_7.8,1203.58,0
600,poisson_L6_c1_5,10,repeat_7.9,1203.98,0
