run,scenario_id,policy_id,family,repeat,split,mode,horizon,burnin,source_training_horizon,costs_path,array_prefix,dataset_arrays_sha256,code_sha256,record_sha256,full_protocol,n_paths,mean_cost_per_period,holding_per_period,lost_units_per_period,fill_rate,orders_per_period,evaluation_seconds,pipeline_info,costs_file_sha256,scope,costs_sha256,path_fill_rate_mean,provenance_verified,evaluation_file
warmstart,exp_ar_neg06_fixed6,baseline_h200_conditional_pil,conditional_pil,,test,steady,50,500,200,evaluation/exp_ar_neg06_fixed6/baseline_h200_conditional_pil/test.npz,steady_h50,25c5af7d9ab50e3740276c5a8e4870a1c5223c5ba89977ba26b8b195b3d449b3,,c18e446cd9901ba72fc4b3f17c0bb5fffd00d47a88a4e373f36647ccd7cf073b,True,1000,99.4147817946614,35.166826142169526,32.12397782624593,0.6768582863795288,67.30621517907338,1.7856167091522366,known quoted arrival dates; overtaking allowed,d386363d49931df4aba662ef3d2017c9f8f32e0b0e8a1a91504049e016ac50ad,baseline,d386363d49931df4aba662ef3d2017c9f8f32e0b0e8a1a91504049e016ac50ad,0.6841057815079827,True,evaluation/exp_ar_neg06_fixed6/baseline_h200_conditional_pil/test.json
warmstart,exp_ar_neg06_fixed6,baseline_h200_conditional_pil,conditional_pil,,test,steady,100,500,200,evaluation/exp_ar_neg06_fixed6/baseline_h200_conditional_pil/test.npz,steady_h100,25c5af7d9ab50e3740276c5a8e4870a1c5223c5ba89977ba26b8b195b3d449b3,,c18e446cd9901ba72fc4b3f17c0bb5fffd00d47a88a4e373f36647ccd7cf073b,True,1000,99.69645678722861,35.30902469475493,32.193716046236844,0.6764141277209255,67.29219838096252,1.7856167091522366,known quoted arrival dates; overtaking allowed,d386363d49931df4aba662ef3d2017c9f8f32e0b0e8a1a91504049e016ac50ad,baseline,d386363d49931df4aba662ef3d2017c9f8f32e0b0e8a1a91504049e016ac50ad,0.6802127144653012,True,evaluation/exp_ar_neg06_fixed6/baseline_h200_conditional_pil/test.json
warmstart,exp_ar_neg06_fixed6,baseline_h200_conditional_pil,conditional_pil,,test,steady,200,500,200,evaluation/exp_ar_neg06_fixed6/baseline_h200_conditional_pil/test.npz,steady_h200,25c5af7d9ab50e3740276c5a8e4870a1c5223c5ba89977ba26b8b195b3d449b3,,c18e446cd9901ba72fc4b3f17c0bb5fffd00d47a88a4e373f36647ccd7cf073b,True,1000,99.95988235996779,35.20098877800952,32.37944679097914,0.6751669730864372,67.30660279272846,1.7856167091522366,known quoted arrival dates; overtaking allowed,d386363d49931df4aba662ef3d2017c9f8f32e0b0e8a1a91504049e016ac50ad,baseline,d386363d49931df4aba662ef3d2017c9f8f32e0b0e8a1a91504049e016ac50ad,0.6770465739683829,True,evaluation/exp_ar_neg06_fixed6/baseline_h200_conditional_pil/test.json
warmstart,exp_ar_neg06_fixed6,baseline_h200_conditional_pil,conditional_pil,,test,steady,500,500,200,evaluation/exp_ar_neg06_fixed6/baseline_h200_conditional_pil/test.npz,steady_h500,25c5af7d9ab50e3740276c5a8e4870a1c5223c5ba89977ba26b8b195b3d449b3,,c18e446cd9901ba72fc4b3f17c0bb5fffd00d47a88a4e373f36647ccd7cf073b,True,1000,100.24756750197959,35.066311378529626,32.590628061724985,0.6737779483755669,67.31664934153729,1.7856167091522366,known quoted arrival dates; overtaking allowed,d386363d49931df4aba662ef3d2017c9f8f32e0b0e8a1a91504049e016ac50ad,baseline,d386363d49931df4aba662ef3d2017c9f8f32e0b0e8a1a91504049e016ac50ad,0.6745419947172971,True,evaluation/exp_ar_neg06_fixed6/baseline_h200_conditional_pil/test.json
warmstart,exp_ar_neg06_fixed6,baseline_h200_conditional_pil,conditional_pil,,test,cold_start,50,0,200,evaluation/exp_ar_neg06_fixed6/baseline_h200_conditional_pil/test.npz,cold_start_h50,25c5af7d9ab50e3740276c5a8e4870a1c5223c5ba89977ba26b8b195b3d449b3,,c18e446cd9901ba72fc4b3f17c0bb5fffd00d47a88a4e373f36647ccd7cf073b,True,1000,111.6357114512477,31.112100122856333,40.26180566419569,0.5953239805593109,68.0138863659234,1.7856167091522366,known quoted arrival dates; overtaking allowed,d386363d49931df4aba662ef3d2017c9f8f32e0b0e8a1a91504049e016ac50ad,baseline,d386363d49931df4aba662ef3d2017c9f8f32e0b0e8a1a91504049e016ac50ad,0.6018652517673811,True,evaluation/exp_ar_neg06_fixed6/baseline_h200_conditional_pil/test.json
warmstart,exp_ar_neg06_fixed6,baseline_h200_conditional_pil,conditional_pil,,test,cold_start,100,0,200,evaluation/exp_ar_neg06_fixed6/baseline_h200_conditional_pil/test.npz,cold_start_h100,25c5af7d9ab50e3740276c5a8e4870a1c5223c5ba89977ba26b8b195b3d449b3,,c18e446cd9901ba72fc4b3f17c0bb5fffd00d47a88a4e373f36647ccd7cf073b,True,1000,106.2384054487148,33.079602146899994,36.57940165090741,0.633742233510071,67.66541825407238,1.7856167091522366,known quoted arrival dates; overtaking allowed,d386363d49931df4aba662ef3d2017c9f8f32e0b0e8a1a91504049e016ac50ad,baseline,d386363d49931df4aba662ef3d2017c9f8f32e0b0e8a1a91504049e016ac50ad,0.6374087499889807,True,evaluation/exp_ar_neg06_fixed6/baseline_h200_conditional_pil/test.json
warmstart,exp_ar_neg06_fixed6,baseline_h200_conditional_pil,conditional_pil,,test,cold_start,200,0,200,evaluation/exp_ar_neg06_fixed6/baseline_h200_conditional_pil/test.npz,cold_start_h200,25c5af7d9ab50e3740276c5a8e4870a1c5223c5ba89977ba26b8b195b3d449b3,,c18e446cd9901ba72fc4b3f17c0bb5fffd00d47a88a4e373f36647ccd7cf073b,True,1000,102.99627789176344,34.170701154622,34.41278836857071,0.6548808068692429,67.48695227471427,1.7856167091522366,known quoted arrival dates; overtaking allowed,d386363d49931df4aba662ef3d2017c9f8f32e0b0e8a1a91504049e016ac50ad,baseline,d386363d49931df4aba662ef3d2017c9f8f32e0b0e8a1a91504049e016ac50ad,0.6567396784790617,True,evaluation/exp_ar_neg06_fixed6/baseline_h200_conditional_pil/test.json
warmstart,exp_ar_neg06_fixed6,baseline_h200_conditional_pil,conditional_pil,,test,cold_start,500,0,200,evaluation/exp_ar_neg06_fixed6/baseline_h200_conditional_pil/test.npz,cold_start_h500,25c5af7d9ab50e3740276c5a8e4870a1c5223c5ba89977ba26b8b195b3d449b3,,c18e446cd9901ba72fc4b3f17c0bb5fffd00d47a88a4e373f36647ccd7cf073b,True,1000,101.17521618746983,34.72355989920118,33.225828144134326,0.6668486867213113,67.38324326956197,1.7856167091522366,known quoted arrival dates; overtaking allowed,d386363d49931df4aba662ef3d2017c9f8f32e0b0e8a1a91504049e016ac50ad,baseline,d386363d49931df4aba662ef3d2017c9f8f32e0b0e8a1a91504049e016ac50ad,0.6675565055771795,True,evaluation/exp_ar_neg06_fixed6/baseline_h200_conditional_pil/test.json
warmstart,exp_ar_neg06_fixed6,baseline_h200_forecast_adaptive_pil,forecast_adaptive_pil,,test,steady,50,500,200,evaluation/exp_ar_neg06_fixed6/baseline_h200_forecast_adaptive_pil/test.npz,steady_h50,25c5af7d9ab50e3740276c5a8e4870a1c5223c5ba89977ba26b8b195b3d449b3,,4592b9be343bf2a66f16837f73a60f281224a831e653f43ba942480a68dc24fc,True,1000,99.53698139860504,35.383864102289465,32.07655864815778,0.6773352856648839,67.35435528932956,1.384350375039503,known quoted arrival dates; overtaking allowed,98ea81b72c244c18e0b8320d6c82bdd2a8c096bd5c737bca047a28ead516280e,baseline,98ea81b72c244c18e0b8320d6c82bdd2a8c096bd5c737bca047a28ead516280e,0.6847349337536517,True,evaluation/exp_ar_neg06_fixed6/baseline_h200_forecast_adaptive_pil/test.json
warmstart,exp_ar_neg06_fixed6,baseline_h200_forecast_adaptive_pil,forecast_adaptive_pil,,test,steady,100,500,200,evaluation/exp_ar_neg06_fixed6/baseline_h200_forecast_adaptive_pil/test.npz,steady_h100,25c5af7d9ab50e3740276c5a8e4870a1c5223c5ba89977ba26b8b195b3d449b3,,4592b9be343bf2a66f16837f73a60f281224a831e653f43ba942480a68dc24fc,True,1000,99.75381860324258,35.468552238173714,32.14263318253444,0.6769275724250385,67.34663574350448,1.384350375039503,known quoted arrival dates; overtaking allowed,98ea81b72c244c18e0b8320d6c82bdd2a8c096bd5c737bca047a28ead516280e,baseline,98ea81b72c244c18e0b8320d6c82bdd2a8c096bd5c737bca047a28ead516280e,0.6808133661157522,True,evaluation/exp_ar_neg06_fixed6/baseline_h200_forecast_adaptive_pil/test.json
warmstart,exp_ar_neg06_fixed6,baseline_h200_forecast_adaptive_pil,forecast_adaptive_pil,,test,steady,200,500,200,evaluation/exp_ar_neg06_fixed6/baseline_h200_forecast_adaptive_pil/test.npz,steady_h200,25c5af7d9ab50e3740276c5a8e4870a1c5223c5ba89977ba26b8b195b3d449b3,,4592b9be343bf2a66f16837f73a60f281224a831e653f43ba942480a68dc24fc,True,1000,100.00697023518077,35.34908243998104,32.32894389759986,0.6756736218822054,67.35769318615965,1.384350375039503,known quoted arrival dates; overtaking allowed,98ea81b72c244c18e0b8320d6c82bdd2a8c096bd5c737bca047a28ead516280e,baseline,98ea81b72c244c18e0b8320d6c82bdd2a8c096bd5c737bca047a28ead516280e,0.6775975384514372,True,evaluation/exp_ar_neg06_fixed6/baseline_h200_forecast_adaptive_pil/test.json
warmstart,exp_ar_neg06_fixed6,baseline_h200_forecast_adaptive_pil,forecast_adaptive_pil,,test,steady,500,500,200,evaluation/exp_ar_neg06_fixed6/baseline_h200_forecast_adaptive_pil/test.npz,steady_h500,25c5af7d9ab50e3740276c5a8e4870a1c5223c5ba89977ba26b8b195b3d449b3,,4592b9be343bf2a66f16837f73a60f281224a831e653f43ba942480a68dc24fc,True,1000,100.24771874869364,35.167890655219495,32.539914046737074,0.674285579894178,67.36747041202268,1.384350375039503,known quoted arrival dates; overtaking allowed,98ea81b72c244c18e0b8320d6c82bdd2a8c096bd5c737bca047a28ead516280e,baseline,98ea81b72c244c18e0b8320d6c82bdd2a8c096bd5c737bca047a28ead516280e,0.6750659429612332,True,evaluation/exp_ar_neg06_fixed6/baseline_h200_forecast_adaptive_pil/test.json
warmstart,exp_ar_neg06_fixed6,baseline_h200_forecast_adaptive_pil,forecast_adaptive_pil,,test,cold_start,50,0,200,evaluation/exp_ar_neg06_fixed6/baseline_h200_forecast_adaptive_pil/test.npz,cold_start_h50,25c5af7d9ab50e3740276c5a8e4870a1c5223c5ba89977ba26b8b195b3d449b3,,4592b9be343bf2a66f16837f73a60f281224a831e653f43ba942480a68dc24fc,True,1000,111.6743775207906,30.71808643408769,40.47814554335145,0.5931495236590609,67.80136734954102,1.384350375039503,known quoted arrival dates; overtaking allowed,98ea81b72c244c18e0b8320d6c82bdd2a8c096bd5c737bca047a28ead516280e,baseline,98ea81b72c244c18e0b8320d6c82bdd2a8c096bd5c737bca047a28ead516280e,0.5998111669738634,True,evaluation/exp_ar_neg06_fixed6/baseline_h200_forecast_adaptive_pil/test.json
warmstart,exp_ar_neg06_fixed6,baseline_h200_forecast_adaptive_pil,forecast_adaptive_pil,,test,cold_start,100,0,200,evaluation/exp_ar_neg06_fixed6/baseline_h200_forecast_adaptive_pil/test.npz,cold_start_h100,25c5af7d9ab50e3740276c5a8e4870a1c5223c5ba89977ba26b8b195b3d449b3,,4592b9be343bf2a66f16837f73a60f281224a831e653f43ba942480a68dc24fc,True,1000,106.24468155063725,32.921300285463694,36.66169063258679,0.6329183004418307,67.58533409154033,1.384350375039503,known quoted arrival dates; overtaking allowed,98ea81b72c244c18e0b8320d6c82bdd2a8c096bd5c737bca047a28ead516280e,baseline,98ea81b72c244c18e0b8320d6c82bdd2a8c096bd5c737bca047a28ead516280e,0.6366604926002313,True,evaluation/exp_ar_neg06_fixed6/baseline_h200_forecast_adaptive_pil/test.json
warmstart,exp_ar_neg06_fixed6,baseline_h200_forecast_adaptive_pil,forecast_adaptive_pil,,test,cold_start,200,0,200,evaluation/exp_ar_neg06_fixed6/baseline_h200_forecast_adaptive_pil/test.npz,cold_start_h200,25c5af7d9ab50e3740276c5a8e4870a1c5223c5ba89977ba26b8b195b3d449b3,,4592b9be343bf2a66f16837f73a60f281224a831e653f43ba942480a68dc24fc,True,1000,102.99853425795094,34.14559834266527,34.42646795764284,0.6547436169184498,67.47777320617192,1.384350375039503,known quoted arrival dates; overtaking allowed,98ea81b72c244c18e0b8320d6c82bdd2a8c096bd5c737bca047a28ead516280e,baseline,98ea81b72c244c18e0b8320d6c82bdd2a8c096bd5c737bca047a28ead516280e,0.65664390964983,True,evaluation/exp_ar_neg06_fixed6/baseline_h200_forecast_adaptive_pil/test.json
warmstart,exp_ar_neg06_fixed6,baseline_h200_forecast_adaptive_pil,forecast_adaptive_pil,,test,cold_start,500,0,200,evaluation/exp_ar_neg06_fixed6/baseline_h200_forecast_adaptive_pil/test.npz,cold_start_h500,25c5af7d9ab50e3740276c5a8e4870a1c5223c5ba89977ba26b8b195b3d449b3,,4592b9be343bf2a66f16837f73a60f281224a831e653f43ba942480a68dc24fc,True,1000,101.15440741710435,34.757390342148476,33.19850853747793,0.6671226170744194,67.41122765405551,1.384350375039503,known quoted arrival dates; overtaking allowed,98ea81b72c244c18e0b8320d6c82bdd2a8c096bd5c737bca047a28ead516280e,baseline,98ea81b72c244c18e0b8320d6c82bdd2a8c096bd5c737bca047a28ead516280e,0.667846315098491,True,evaluation/exp_ar_neg06_fixed6/baseline_h200_forecast_adaptive_pil/test.json
warmstart,exp_ar_neg06_fixed6,baseline_h200_pil_cop_continuation,pil_cop_continuation,,test,steady,50,500,200,evaluation/exp_ar_neg06_fixed6/baseline_h200_pil_cop_continuation/test.npz,steady_h50,25c5af7d9ab50e3740276c5a8e4870a1c5223c5ba89977ba26b8b195b3d449b3,,0236789bac3ddf4041e6ee847af16ba4ff3f96349862f7c870677d56e6f28a24,True,1000,99.4147817946614,35.166826142169526,32.12397782624593,0.6768582863795288,67.30621517907338,1.313223541015759,known quoted arrival dates; overtaking allowed,d386363d49931df4aba662ef3d2017c9f8f32e0b0e8a1a91504049e016ac50ad,baseline,d386363d49931df4aba662ef3d2017c9f8f32e0b0e8a1a91504049e016ac50ad,0.6841057815079827,True,evaluation/exp_ar_neg06_fixed6/baseline_h200_pil_cop_continuation/test.json
warmstart,exp_ar_neg06_fixed6,baseline_h200_pil_cop_continuation,pil_cop_continuation,,test,steady,100,500,200,evaluation/exp_ar_neg06_fixed6/baseline_h200_pil_cop_continuation/test.npz,steady_h100,25c5af7d9ab50e3740276c5a8e4870a1c5223c5ba89977ba26b8b195b3d449b3,,0236789bac3ddf4041e6ee847af16ba4ff3f96349862f7c870677d56e6f28a24,True,1000,99.69645678722861,35.30902469475493,32.193716046236844,0.6764141277209255,67.29219838096252,1.313223541015759,known quoted arrival dates; overtaking allowed,d386363d49931df4aba662ef3d2017c9f8f32e0b0e8a1a91504049e016ac50ad,baseline,d386363d49931df4aba662ef3d2017c9f8f32e0b0e8a1a91504049e016ac50ad,0.6802127144653012,True,evaluation/exp_ar_neg06_fixed6/baseline_h200_pil_cop_continuation/test.json
warmstart,exp_ar_neg06_fixed6,baseline_h200_pil_cop_continuation,pil_cop_continuation,,test,steady,200,500,200,evaluation/exp_ar_neg06_fixed6/baseline_h200_pil_cop_continuation/test.npz,steady_h200,25c5af7d9ab50e3740276c5a8e4870a1c5223c5ba89977ba26b8b195b3d449b3,,0236789bac3ddf4041e6ee847af16ba4ff3f96349862f7c870677d56e6f28a24,True,1000,99.95988235996779,35.20098877800952,32.37944679097914,0.6751669730864372,67.30660279272846,1.313223541015759,known quoted arrival dates; overtaking allowed,d386363d49931df4aba662ef3d2017c9f8f32e0b0e8a1a91504049e016ac50ad,baseline,d386363d49931df4aba662ef3d2017c9f8f32e0b0e8a1a91504049e016ac50ad,0.6770465739683829,True,evaluation/exp_ar_neg06_fixed6/baseline_h200_pil_cop_continuation/test.json
warmstart,exp_ar_neg06_fixed6,baseline_h200_pil_cop_continuation,pil_cop_continuation,,test,steady,500,500,200,evaluation/exp_ar_neg06_fixed6/baseline_h200_pil_cop_continuation/test.npz,steady_h500,25c5af7d9ab50e3740276c5a8e4870a1c5223c5ba89977ba26b8b195b3d449b3,,0236789bac3ddf4041e6ee847af16ba4ff3f96349862f7c870677d56e6f28a24,True,1000,100.24756750197959,35.066311378529626,32.590628061724985,0.6737779483755669,67.31664934153729,1.313223541015759,known quoted arrival dates; overtaking allowed,d386363d49931df4aba662ef3d2017c9f8f32e0b0e8a1a91504049e016ac50ad,baseline,d386363d49931df4aba662ef3d2017c9f8f32e0b0e8a1a91504049e016ac50ad,0.6745419947172971,True,evaluation/exp_ar_neg06_fixed6/baseline_h200_pil_cop_continuation/test.json
warmstart,exp_ar_neg06_fixed6,baseline_h200_pil_cop_continuation,pil_cop_continuation,,test,cold_start,50,0,200,evaluation/exp_ar_neg06_fixed6/baseline_h200_pil_cop_continuation/test.npz,cold_start_h50,25c5af7d9ab50e3740276c5a8e4870a1c5223c5ba89977ba26b8b195b3d449b3,,0236789bac3ddf4041e6ee847af16ba4ff3f96349862f7c870677d56e6f28a24,True,1000,111.6357114512477,31.112100122856333,40.26180566419569,0.5953239805593109,68.0138863659234,1.313223541015759,known quoted arrival dates; overtaking allowed,d386363d49931df4aba662ef3d2017c9f8f32e0b0e8a1a91504049e016ac50ad,baseline,d386363d49931df4aba662ef3d2017c9f8f32e0b0e8a1a91504049e016ac50ad,0.6018652517673811,True,evaluation/exp_ar_neg06_fixed6/baseline_h200_pil_cop_continuation/test.json
warmstart,exp_ar_neg06_fixed6,baseline_h200_pil_cop_continuation,pil_cop_continuation,,test,cold_start,100,0,200,evaluation/exp_ar_neg06_fixed6/baseline_h200_pil_cop_continuation/test.npz,cold_start_h100,25c5af7d9ab50e3740276c5a8e4870a1c5223c5ba89977ba26b8b195b3d449b3,,0236789bac3ddf4041e6ee847af16ba4ff3f96349862f7c870677d56e6f28a24,True,1000,106.2384054487148,33.079602146899994,36.57940165090741,0.633742233510071,67.66541825407238,1.313223541015759,known quoted arrival dates; overtaking allowed,d386363d49931df4aba662ef3d2017c9f8f32e0b0e8a1a91504049e016ac50ad,baseline,d386363d49931df4aba662ef3d2017c9f8f32e0b0e8a1a91504049e016ac50ad,0.6374087499889807,True,evaluation/exp_ar_neg06_fixed6/baseline_h200_pil_cop_continuation/test.json
warmstart,exp_ar_neg06_fixed6,baseline_h200_pil_cop_continuation,pil_cop_continuation,,test,cold_start,200,0,200,evaluation/exp_ar_neg06_fixed6/baseline_h200_pil_cop_continuation/test.npz,cold_start_h200,25c5af7d9ab50e3740276c5a8e4870a1c5223c5ba89977ba26b8b195b3d449b3,,0236789bac3ddf4041e6ee847af16ba4ff3f96349862f7c870677d56e6f28a24,True,1000,102.99627789176344,34.170701154622,34.41278836857071,0.6548808068692429,67.48695227471427,1.313223541015759,known quoted arrival dates; overtaking allowed,d386363d49931df4aba662ef3d2017c9f8f32e0b0e8a1a91504049e016ac50ad,baseline,d386363d49931df4aba662ef3d2017c9f8f32e0b0e8a1a91504049e016ac50ad,0.6567396784790617,True,evaluation/exp_ar_neg06_fixed6/baseline_h200_pil_cop_continuation/test.json
warmstart,exp_ar_neg06_fixed6,baseline_h200_pil_cop_continuation,pil_cop_continuation,,test,cold_start,500,0,200,evaluation/exp_ar_neg06_fixed6/baseline_h200_pil_cop_continuation/test.npz,cold_start_h500,25c5af7d9ab50e3740276c5a8e4870a1c5223c5ba89977ba26b8b195b3d449b3,,0236789bac3ddf4041e6ee847af16ba4ff3f96349862f7c870677d56e6f28a24,True,1000,101.17521618746983,34.72355989920118,33.225828144134326,0.6668486867213113,67.38324326956197,1.313223541015759,known quoted arrival dates; overtaking allowed,d386363d49931df4aba662ef3d2017c9f8f32e0b0e8a1a91504049e016ac50ad,baseline,d386363d49931df4aba662ef3d2017c9f8f32e0b0e8a1a91504049e016ac50ad,0.6675565055771795,True,evaluation/exp_ar_neg06_fixed6/baseline_h200_pil_cop_continuation/test.json
warmstart,exp_ar_pos08_fixed6,baseline_h200_conditional_pil,conditional_pil,,test,steady,50,500,200,evaluation/exp_ar_pos08_fixed6/baseline_h200_conditional_pil/test.npz,steady_h50,4394eb6c96e3bfcbc157dbdefe32ce75aa0fd3fd3330af5e87c0b07cf91a11fa,,8b2fdbf0268d6637b444f3e4238785930dc68eefad22e0b4c3272bce9a7e3977,True,1000,163.05951597651037,25.91629064671099,68.57161266489969,0.322982559676036,32.70154608006822,1.3486748749855906,known quoted arrival dates; overtaking allowed,6a9164f68d9063e665d50cdcc9ec1b932b0e29c2240e169a9129790bb383b40e,baseline,6a9164f68d9063e665d50cdcc9ec1b932b0e29c2240e169a9129790bb383b40e,0.35609839853709013,True,evaluation/exp_ar_pos08_fixed6/baseline_h200_conditional_pil/test.json
warmstart,exp_ar_pos08_fixed6,baseline_h200_conditional_pil,conditional_pil,,test,steady,100,500,200,evaluation/exp_ar_pos08_fixed6/baseline_h200_conditional_pil/test.npz,steady_h100,4394eb6c96e3bfcbc157dbdefe32ce75aa0fd3fd3330af5e87c0b07cf91a11fa,,8b2fdbf0268d6637b444f3e4238785930dc68eefad22e0b4c3272bce9a7e3977,True,1000,162.4022919864621,26.726364831251647,67.83796357760522,0.3241425916814396,32.52909115237996,1.3486748749855906,known quoted arrival dates; overtaking allowed,6a9164f68d9063e665d50cdcc9ec1b932b0e29c2240e169a9129790bb383b40e,baseline,6a9164f68d9063e665d50cdcc9ec1b932b0e29c2240e169a9129790bb383b40e,0.3419064231560499,True,evaluation/exp_ar_pos08_fixed6/baseline_h200_conditional_pil/test.json
warmstart,exp_ar_pos08_fixed6,baseline_h200_conditional_pil,conditional_pil,,test,steady,200,500,200,evaluation/exp_ar_pos08_fixed6/baseline_h200_conditional_pil/test.npz,steady_h200,4394eb6c96e3bfcbc157dbdefe32ce75aa0fd3fd3330af5e87c0b07cf91a11fa,,8b2fdbf0268d6637b444f3e4238785930dc68eefad22e0b4c3272bce9a7e3977,True,1000,162.47453944886703,26.951942833947243,67.7612983074599,0.32418462371093926,32.49302380260424,1.3486748749855906,known quoted arrival dates; overtaking allowed,6a9164f68d9063e665d50cdcc9ec1b932b0e29c2240e169a9129790bb383b40e,baseline,6a9164f68d9063e665d50cdcc9ec1b932b0e29c2240e169a9129790bb383b40e,0.3332823844657471,True,evaluation/exp_ar_pos08_fixed6/baseline_h200_conditional_pil/test.json
warmstart,exp_ar_pos08_fixed6,baseline_h200_conditional_pil,conditional_pil,,test,steady,500,500,200,evaluation/exp_ar_pos08_fixed6/baseline_h200_conditional_pil/test.npz,steady_h500,4394eb6c96e3bfcbc157dbdefe32ce75aa0fd3fd3330af5e87c0b07cf91a11fa,,8b2fdbf0268d6637b444f3e4238785930dc68eefad22e0b4c3272bce9a7e3977,True,1000,162.14147990042312,27.360899605295828,67.39029014756363,0.3247994005577073,32.41433558894737,1.3486748749855906,known quoted arrival dates; overtaking allowed,6a9164f68d9063e665d50cdcc9ec1b932b0e29c2240e169a9129790bb383b40e,baseline,6a9164f68d9063e665d50cdcc9ec1b932b0e29c2240e169a9129790bb383b40e,0.32841965003288576,True,evaluation/exp_ar_pos08_fixed6/baseline_h200_conditional_pil/test.json
warmstart,exp_ar_pos08_fixed6,baseline_h200_conditional_pil,conditional_pil,,test,cold_start,50,0,200,evaluation/exp_ar_pos08_fixed6/baseline_h200_conditional_pil/test.npz,cold_start_h50,4394eb6c96e3bfcbc157dbdefe32ce75aa0fd3fd3330af5e87c0b07cf91a11fa,,8b2fdbf0268d6637b444f3e4238785930dc68eefad22e0b4c3272bce9a7e3977,True,1000,165.93039026781852,23.430401958030007,71.24999415489424,0.28893953786095716,33.38916688320327,1.3486748749855906,known quoted arrival dates; overtaking allowed,6a9164f68d9063e665d50cdcc9ec1b932b0e29c2240e169a9129790bb383b40e,baseline,6a9164f68d9063e665d50cdcc9ec1b932b0e29c2240e169a9129790bb383b40e,0.3198006007453798,True,evaluation/exp_ar_pos08_fixed6/baseline_h200_conditional_pil/test.json
warmstart,exp_ar_pos08_fixed6,baseline_h200_conditional_pil,conditional_pil,,test,cold_start,100,0,200,evaluation/exp_ar_pos08_fixed6/baseline_h200_conditional_pil/test.npz,cold_start_h100,4394eb6c96e3bfcbc157dbdefe32ce75aa0fd3fd3330af5e87c0b07cf91a11fa,,8b2fdbf0268d6637b444f3e4238785930dc68eefad22e0b4c3272bce9a7e3977,True,1000,164.1285267892381,25.06175916590527,69.5333838116664,0.3065332930271846,32.94869720433047,1.3486748749855906,known quoted arrival dates; overtaking allowed,6a9164f68d9063e665d50cdcc9ec1b932b0e29c2240e169a9129790bb383b40e,baseline,6a9164f68d9063e665d50cdcc9ec1b932b0e29c2240e169a9129790bb383b40e,0.3228845523338701,True,evaluation/exp_ar_pos08_fixed6/baseline_h200_conditional_pil/test.json
warmstart,exp_ar_pos08_fixed6,baseline_h200_conditional_pil,conditional_pil,,test,cold_start,200,0,200,evaluation/exp_ar_pos08_fixed6/baseline_h200_conditional_pil/test.npz,cold_start_h200,4394eb6c96e3bfcbc157dbdefe32ce75aa0fd3fd3330af5e87c0b07cf91a11fa,,8b2fdbf0268d6637b444f3e4238785930dc68eefad22e0b4c3272bce9a7e3977,True,1000,162.41724593078268,26.100293664615993,68.15847613308335,0.31648836500236777,32.66945185172573,1.3486748749855906,known quoted arrival dates; overtaking allowed,6a9164f68d9063e665d50cdcc9ec1b932b0e29c2240e169a9129790bb383b40e,baseline,6a9164f68d9063e665d50cdcc9ec1b932b0e29c2240e169a9129790bb383b40e,0.325234073055939,True,evaluation/exp_ar_pos08_fixed6/baseline_h200_conditional_pil/test.json
warmstart,exp_ar_pos08_fixed6,baseline_h200_conditional_pil,conditional_pil,,test,cold_start,500,0,200,evaluation/exp_ar_pos08_fixed6/baseline_h200_conditional_pil/test.npz,cold_start_h500,4394eb6c96e3bfcbc157dbdefe32ce75aa0fd3fd3330af5e87c0b07cf91a11fa,,8b2fdbf0268d6637b444f3e4238785930dc68eefad22e0b4c3272bce9a7e3977,True,1000,162.38529535492754,26.475642442715625,67.95482645610596,0.32112069372347524,32.58922864465923,1.3486748749855906,known quoted arrival dates; overtaking allowed,6a9164f68d9063e665d50cdcc9ec1b932b0e29c2240e169a9129790bb383b40e,baseline,6a9164f68d9063e665d50cdcc9ec1b932b0e29c2240e169a9129790bb383b40e,0.32461734030778644,True,evaluation/exp_ar_pos08_fixed6/baseline_h200_conditional_pil/test.json
warmstart,exp_ar_pos08_fixed6,baseline_h200_forecast_adaptive_pil,forecast_adaptive_pil,,test,steady,50,500,200,evaluation/exp_ar_pos08_fixed6/baseline_h200_forecast_adaptive_pil/test.npz,steady_h50,4394eb6c96e3bfcbc157dbdefe32ce75aa0fd3fd3330af5e87c0b07cf91a11fa,,dc5b371557ba00429afc1c01ad50b915da977e90b9c2ea27447feef7f3f160fa,True,1000,162.51993297815463,24.745395085585468,68.88726894628458,0.319866039598118,32.36830043974746,1.3387197498232126,known quoted arrival dates; overtaking allowed,cce8242619c7ac7038fd039f7d3ad1f707f9e2a5348a0647f34b50ec83f62951,baseline,cce8242619c7ac7038fd039f7d3ad1f707f9e2a5348a0647f34b50ec83f62951,0.3482462857752053,True,evaluation/exp_ar_pos08_fixed6/baseline_h200_forecast_adaptive_pil/test.json
warmstart,exp_ar_pos08_fixed6,baseline_h200_forecast_adaptive_pil,forecast_adaptive_pil,,test,steady,100,500,200,evaluation/exp_ar_pos08_fixed6/baseline_h200_forecast_adaptive_pil/test.npz,steady_h100,4394eb6c96e3bfcbc157dbdefe32ce75aa0fd3fd3330af5e87c0b07cf91a11fa,,dc5b371557ba00429afc1c01ad50b915da977e90b9c2ea27447feef7f3f160fa,True,1000,161.70770090808267,25.369781079557097,68.16895991426279,0.3208449348170733,32.192365684804265,1.3387197498232126,known quoted arrival dates; overtaking allowed,cce8242619c7ac7038fd039f7d3ad1f707f9e2a5348a0647f34b50ec83f62951,baseline,cce8242619c7ac7038fd039f7d3ad1f707f9e2a5348a0647f34b50ec83f62951,0.3358186731509331,True,evaluation/exp_ar_pos08_fixed6/baseline_h200_forecast_adaptive_pil/test.json
warmstart,exp_ar_pos08_fixed6,baseline_h200_forecast_adaptive_pil,forecast_adaptive_pil,,test,steady,200,500,200,evaluation/exp_ar_pos08_fixed6/baseline_h200_forecast_adaptive_pil/test.npz,steady_h200,4394eb6c96e3bfcbc157dbdefe32ce75aa0fd3fd3330af5e87c0b07cf91a11fa,,dc5b371557ba00429afc1c01ad50b915da977e90b9c2ea27447feef7f3f160fa,True,1000,161.81033978872654,25.623714481426077,68.09331265365023,0.320873288097417,32.155524874271094,1.3387197498232126,known quoted arrival dates; overtaking allowed,cce8242619c7ac7038fd039f7d3ad1f707f9e2a5348a0647f34b50ec83f62951,baseline,cce8242619c7ac7038fd039f7d3ad1f707f9e2a5348a0647f34b50ec83f62951,0.32847839204803136,True,evaluation/exp_ar_pos08_fixed6/baseline_h200_forecast_adaptive_pil/test.json
warmstart,exp_ar_pos08_fixed6,baseline_h200_forecast_adaptive_pil,forecast_adaptive_pil,,test,steady,500,500,200,evaluation/exp_ar_pos08_fixed6/baseline_h200_forecast_adaptive_pil/test.npz,steady_h500,4394eb6c96e3bfcbc157dbdefe32ce75aa0fd3fd3330af5e87c0b07cf91a11fa,,dc5b371557ba00429afc1c01ad50b915da977e90b9c2ea27447feef7f3f160fa,True,1000,161.44540336404606,25.972530023213547,67.73643667041625,0.32133126977487225,32.06647874359437,1.3387197498232126,known quoted arrival dates; overtaking allowed,cce8242619c7ac7038fd039f7d3ad1f707f9e2a5348a0647f34b50ec83f62951,baseline,cce8242619c7ac7038fd039f7d3ad1f707f9e2a5348a0647f34b50ec83f62951,0.3243472850719175,True,evaluation/exp_ar_pos08_fixed6/baseline_h200_forecast_adaptive_pil/test.json
warmstart,exp_ar_pos08_fixed6,baseline_h200_forecast_adaptive_pil,forecast_adaptive_pil,,test,cold_start,50,0,200,evaluation/exp_ar_pos08_fixed6/baseline_h200_forecast_adaptive_pil/test.npz,cold_start_h50,4394eb6c96e3bfcbc157dbdefe32ce75aa0fd3fd3330af5e87c0b07cf91a11fa,,dc5b371557ba00429afc1c01ad50b915da977e90b9c2ea27447feef7f3f160fa,True,1000,165.32366464313913,22.089556019215426,71.61705431196185,0.28527635208791813,32.96221440154936,1.3387197498232126,known quoted arrival dates; overtaking allowed,cce8242619c7ac7038fd039f7d3ad1f707f9e2a5348a0647f34b50ec83f62951,baseline,cce8242619c7ac7038fd039f7d3ad1f707f9e2a5348a0647f34b50ec83f62951,0.31080409769373657,True,evaluation/exp_ar_pos08_fixed6/baseline_h200_forecast_adaptive_pil/test.json
warmstart,exp_ar_pos08_fixed6,baseline_h200_forecast_adaptive_pil,forecast_adaptive_pil,,test,cold_start,100,0,200,evaluation/exp_ar_pos08_fixed6/baseline_h200_forecast_adaptive_pil/test.npz,cold_start_h100,4394eb6c96e3bfcbc157dbdefe32ce75aa0fd3fd3330af5e87c0b07cf91a11fa,,dc5b371557ba00429afc1c01ad50b915da977e90b9c2ea27447feef7f3f160fa,True,1000,163.5540955200927,23.77820369477419,69.88794591265925,0.3029971928244554,32.56124872495423,1.3387197498232126,known quoted arrival dates; overtaking allowed,cce8242619c7ac7038fd039f7d3ad1f707f9e2a5348a0647f34b50ec83f62951,baseline,cce8242619c7ac7038fd039f7d3ad1f707f9e2a5348a0647f34b50ec83f62951,0.31652584304638426,True,evaluation/exp_ar_pos08_fixed6/baseline_h200_forecast_adaptive_pil/test.json
warmstart,exp_ar_pos08_fixed6,baseline_h200_forecast_adaptive_pil,forecast_adaptive_pil,,test,cold_start,200,0,200,evaluation/exp_ar_pos08_fixed6/baseline_h200_forecast_adaptive_pil/test.npz,cold_start_h200,4394eb6c96e3bfcbc157dbdefe32ce75aa0fd3fd3330af5e87c0b07cf91a11fa,,dc5b371557ba00429afc1c01ad50b915da977e90b9c2ea27447feef7f3f160fa,True,1000,161.793616976742,24.74560429104404,68.52400634284899,0.31282272918577325,32.2820108444846,1.3387197498232126,known quoted arrival dates; overtaking allowed,cce8242619c7ac7038fd039f7d3ad1f707f9e2a5348a0647f34b50ec83f62951,baseline,cce8242619c7ac7038fd039f7d3ad1f707f9e2a5348a0647f34b50ec83f62951,0.3200941986389105,True,evaluation/exp_ar_pos08_fixed6/baseline_h200_forecast_adaptive_pil/test.json
warmstart,exp_ar_pos08_fixed6,baseline_h200_forecast_adaptive_pil,forecast_adaptive_pil,,test,cold_start,500,0,200,evaluation/exp_ar_pos08_fixed6/baseline_h200_forecast_adaptive_pil/test.npz,cold_start_h500,4394eb6c96e3bfcbc157dbdefe32ce75aa0fd3fd3330af5e87c0b07cf91a11fa,,dc5b371557ba00429afc1c01ad50b915da977e90b9c2ea27447feef7f3f160fa,True,1000,161.72956780901302,25.12060527593019,68.30448126654142,0.3176275876775347,32.23350838477625,1.3387197498232126,known quoted arrival dates; overtaking allowed,cce8242619c7ac7038fd039f7d3ad1f707f9e2a5348a0647f34b50ec83f62951,baseline,cce8242619c7ac7038fd039f7d3ad1f707f9e2a5348a0647f34b50ec83f62951,0.3205351928397982,True,evaluation/exp_ar_pos08_fixed6/baseline_h200_forecast_adaptive_pil/test.json
warmstart,exp_ar_pos08_fixed6,baseline_h200_pil_cop_continuation,pil_cop_continuation,,test,steady,50,500,200,evaluation/exp_ar_pos08_fixed6/baseline_h200_pil_cop_continuation/test.npz,steady_h50,4394eb6c96e3bfcbc157dbdefe32ce75aa0fd3fd3330af5e87c0b07cf91a11fa,,0eaa4646e6226660c00f732dae2e01218cb5c96e8c45bcebe208378a676e36f8,True,1000,163.05951597651037,25.91629064671099,68.57161266489969,0.322982559676036,32.70154608006822,1.3256365000270307,known quoted arrival dates; overtaking allowed,6a9164f68d9063e665d50cdcc9ec1b932b0e29c2240e169a9129790bb383b40e,baseline,6a9164f68d9063e665d50cdcc9ec1b932b0e29c2240e169a9129790bb383b40e,0.35609839853709013,True,evaluation/exp_ar_pos08_fixed6/baseline_h200_pil_cop_continuation/test.json
warmstart,exp_ar_pos08_fixed6,baseline_h200_pil_cop_continuation,pil_cop_continuation,,test,steady,100,500,200,evaluation/exp_ar_pos08_fixed6/baseline_h200_pil_cop_continuation/test.npz,steady_h100,4394eb6c96e3bfcbc157dbdefe32ce75aa0fd3fd3330af5e87c0b07cf91a11fa,,0eaa4646e6226660c00f732dae2e01218cb5c96e8c45bcebe208378a676e36f8,True,1000,162.4022919864621,26.726364831251647,67.83796357760522,0.3241425916814396,32.52909115237996,1.3256365000270307,known quoted arrival dates; overtaking allowed,6a9164f68d9063e665d50cdcc9ec1b932b0e29c2240e169a9129790bb383b40e,baseline,6a9164f68d9063e665d50cdcc9ec1b932b0e29c2240e169a9129790bb383b40e,0.3419064231560499,True,evaluation/exp_ar_pos08_fixed6/baseline_h200_pil_cop_continuation/test.json
warmstart,exp_ar_pos08_fixed6,baseline_h200_pil_cop_continuation,pil_cop_continuation,,test,steady,200,500,200,evaluation/exp_ar_pos08_fixed6/baseline_h200_pil_cop_continuation/test.npz,steady_h200,4394eb6c96e3bfcbc157dbdefe32ce75aa0fd3fd3330af5e87c0b07cf91a11fa,,0eaa4646e6226660c00f732dae2e01218cb5c96e8c45bcebe208378a676e36f8,True,1000,162.47453944886703,26.951942833947243,67.7612983074599,0.32418462371093926,32.49302380260424,1.3256365000270307,known quoted arrival dates; overtaking allowed,6a9164f68d9063e665d50cdcc9ec1b932b0e29c2240e169a9129790bb383b40e,baseline,6a9164f68d9063e665d50cdcc9ec1b932b0e29c2240e169a9129790bb383b40e,0.3332823844657471,True,evaluation/exp_ar_pos08_fixed6/baseline_h200_pil_cop_continuation/test.json
warmstart,exp_ar_pos08_fixed6,baseline_h200_pil_cop_continuation,pil_cop_continuation,,test,steady,500,500,200,evaluation/exp_ar_pos08_fixed6/baseline_h200_pil_cop_continuation/test.npz,steady_h500,4394eb6c96e3bfcbc157dbdefe32ce75aa0fd3fd3330af5e87c0b07cf91a11fa,,0eaa4646e6226660c00f732dae2e01218cb5c96e8c45bcebe208378a676e36f8,True,1000,162.14147990042312,27.360899605295828,67.39029014756363,0.3247994005577073,32.41433558894737,1.3256365000270307,known quoted arrival dates; overtaking allowed,6a9164f68d9063e665d50cdcc9ec1b932b0e29c2240e169a9129790bb383b40e,baseline,6a9164f68d9063e665d50cdcc9ec1b932b0e29c2240e169a9129790bb383b40e,0.32841965003288576,True,evaluation/exp_ar_pos08_fixed6/baseline_h200_pil_cop_continuation/test.json
warmstart,exp_ar_pos08_fixed6,baseline_h200_pil_cop_continuation,pil_cop_continuation,,test,cold_start,50,0,200,evaluation/exp_ar_pos08_fixed6/baseline_h200_pil_cop_continuation/test.npz,cold_start_h50,4394eb6c96e3bfcbc157dbdefe32ce75aa0fd3fd3330af5e87c0b07cf91a11fa,,0eaa4646e6226660c00f732dae2e01218cb5c96e8c45bcebe208378a676e36f8,True,1000,165.93039026781852,23.430401958030007,71.24999415489424,0.28893953786095716,33.38916688320327,1.3256365000270307,known quoted arrival dates; overtaking allowed,6a9164f68d9063e665d50cdcc9ec1b932b0e29c2240e169a9129790bb383b40e,baseline,6a9164f68d9063e665d50cdcc9ec1b932b0e29c2240e169a9129790bb383b40e,0.3198006007453798,True,evaluation/exp_ar_pos08_fixed6/baseline_h200_pil_cop_continuation/test.json
warmstart,exp_ar_pos08_fixed6,baseline_h200_pil_cop_continuation,pil_cop_continuation,,test,cold_start,100,0,200,evaluation/exp_ar_pos08_fixed6/baseline_h200_pil_cop_continuation/test.npz,cold_start_h100,4394eb6c96e3bfcbc157dbdefe32ce75aa0fd3fd3330af5e87c0b07cf91a11fa,,0eaa4646e6226660c00f732dae2e01218cb5c96e8c45bcebe208378a676e36f8,True,1000,164.1285267892381,25.06175916590527,69.5333838116664,0.3065332930271846,32.94869720433047,1.3256365000270307,known quoted arrival dates; overtaking allowed,6a9164f68d9063e665d50cdcc9ec1b932b0e29c2240e169a9129790bb383b40e,baseline,6a9164f68d9063e665d50cdcc9ec1b932b0e29c2240e169a9129790bb383b40e,0.3228845523338701,True,evaluation/exp_ar_pos08_fixed6/baseline_h200_pil_cop_continuation/test.json
warmstart,exp_ar_pos08_fixed6,baseline_h200_pil_cop_continuation,pil_cop_continuation,,test,cold_start,200,0,200,evaluation/exp_ar_pos08_fixed6/baseline_h200_pil_cop_continuation/test.npz,cold_start_h200,4394eb6c96e3bfcbc157dbdefe32ce75aa0fd3fd3330af5e87c0b07cf91a11fa,,0eaa4646e6226660c00f732dae2e01218cb5c96e8c45bcebe208378a676e36f8,True,1000,162.41724593078268,26.100293664615993,68.15847613308335,0.31648836500236777,32.66945185172573,1.3256365000270307,known quoted arrival dates; overtaking allowed,6a9164f68d9063e665d50cdcc9ec1b932b0e29c2240e169a9129790bb383b40e,baseline,6a9164f68d9063e665d50cdcc9ec1b932b0e29c2240e169a9129790bb383b40e,0.325234073055939,True,evaluation/exp_ar_pos08_fixed6/baseline_h200_pil_cop_continuation/test.json
warmstart,exp_ar_pos08_fixed6,baseline_h200_pil_cop_continuation,pil_cop_continuation,,test,cold_start,500,0,200,evaluation/exp_ar_pos08_fixed6/baseline_h200_pil_cop_continuation/test.npz,cold_start_h500,4394eb6c96e3bfcbc157dbdefe32ce75aa0fd3fd3330af5e87c0b07cf91a11fa,,0eaa4646e6226660c00f732dae2e01218cb5c96e8c45bcebe208378a676e36f8,True,1000,162.38529535492754,26.475642442715625,67.95482645610596,0.32112069372347524,32.58922864465923,1.3256365000270307,known quoted arrival dates; overtaking allowed,6a9164f68d9063e665d50cdcc9ec1b932b0e29c2240e169a9129790bb383b40e,baseline,6a9164f68d9063e665d50cdcc9ec1b932b0e29c2240e169a9129790bb383b40e,0.32461734030778644,True,evaluation/exp_ar_pos08_fixed6/baseline_h200_pil_cop_continuation/test.json
warmstart,exp_iid_fixed6,baseline_h200_conditional_pil,conditional_pil,,test,steady,50,500,200,evaluation/exp_iid_fixed6/baseline_h200_conditional_pil/test.npz,steady_h50,cc7fff86d4386c1514b070b2e12b0e98fd39e011008abadb61955785019bc782,,8573ebdb8cab7464c86b5316023abfc8a9fe15f3f9e132b8ac4c65e0378fe13e,True,1000,123.34309708082888,38.777829827494664,42.28263362666712,0.5778439104383508,57.86955094443435,0.9797464578878134,known quoted arrival dates; overtaking allowed,93ffdaafe051ac988f90903b7db11148af7daa5cebb5d59d8328b26a790ec8d2,baseline,93ffdaafe051ac988f90903b7db11148af7daa5cebb5d59d8328b26a790ec8d2,0.5882387749544561,True,evaluation/exp_iid_fixed6/baseline_h200_conditional_pil/test.json
warmstart,exp_iid_fixed6,baseline_h200_conditional_pil,conditional_pil,,test,steady,100,500,200,evaluation/exp_iid_fixed6/baseline_h200_conditional_pil/test.npz,steady_h100,cc7fff86d4386c1514b070b2e12b0e98fd39e011008abadb61955785019bc782,,8573ebdb8cab7464c86b5316023abfc8a9fe15f3f9e132b8ac4c65e0378fe13e,True,1000,123.62369713351934,39.097454306192446,42.26312141366345,0.5778586203954903,57.84740668047892,0.9797464578878134,known quoted arrival dates; overtaking allowed,93ffdaafe051ac988f90903b7db11148af7daa5cebb5d59d8328b26a790ec8d2,baseline,93ffdaafe051ac988f90903b7db11148af7daa5cebb5d59d8328b26a790ec8d2,0.5833978601012895,True,evaluation/exp_iid_fixed6/baseline_h200_conditional_pil/test.json
warmstart,exp_iid_fixed6,baseline_h200_conditional_pil,conditional_pil,,test,steady,200,500,200,evaluation/exp_iid_fixed6/baseline_h200_conditional_pil/test.npz,steady_h200,cc7fff86d4386c1514b070b2e12b0e98fd39e011008abadb61955785019bc782,,8573ebdb8cab7464c86b5316023abfc8a9fe15f3f9e132b8ac4c65e0378fe13e,True,1000,123.48107258002206,39.249682503341376,42.11569503834035,0.5785845532527736,57.83282226898754,0.9797464578878134,known quoted arrival dates; overtaking allowed,93ffdaafe051ac988f90903b7db11148af7daa5cebb5d59d8328b26a790ec8d2,baseline,93ffdaafe051ac988f90903b7db11148af7daa5cebb5d59d8328b26a790ec8d2,0.5812267928733008,True,evaluation/exp_iid_fixed6/baseline_h200_conditional_pil/test.json
warmstart,exp_iid_fixed6,baseline_h200_conditional_pil,conditional_pil,,test,steady,500,500,200,evaluation/exp_iid_fixed6/baseline_h200_conditional_pil/test.npz,steady_h500,cc7fff86d4386c1514b070b2e12b0e98fd39e011008abadb61955785019bc782,,8573ebdb8cab7464c86b5316023abfc8a9fe15f3f9e132b8ac4c65e0378fe13e,True,1000,123.59052360477737,39.16735885728734,42.211582373745024,0.5781032078424462,57.83937034784613,0.9797464578878134,known quoted arrival dates; overtaking allowed,93ffdaafe051ac988f90903b7db11148af7daa5cebb5d59d8328b26a790ec8d2,baseline,93ffdaafe051ac988f90903b7db11148af7daa5cebb5d59d8328b26a790ec8d2,0.579090070182726,True,evaluation/exp_iid_fixed6/baseline_h200_conditional_pil/test.json
warmstart,exp_iid_fixed6,baseline_h200_conditional_pil,conditional_pil,,test,cold_start,50,0,200,evaluation/exp_iid_fixed6/baseline_h200_conditional_pil/test.npz,cold_start_h50,cc7fff86d4386c1514b070b2e12b0e98fd39e011008abadb61955785019bc782,,8573ebdb8cab7464c86b5316023abfc8a9fe15f3f9e132b8ac4c65e0378fe13e,True,1000,132.30595214712463,34.18109195085355,49.06243009813554,0.5101970587734173,58.83189425255088,0.9797464578878134,known quoted arrival dates; overtaking allowed,93ffdaafe051ac988f90903b7db11148af7daa5cebb5d59d8328b26a790ec8d2,baseline,93ffdaafe051ac988f90903b7db11148af7daa5cebb5d59d8328b26a790ec8d2,0.5187040656313323,True,evaluation/exp_iid_fixed6/baseline_h200_conditional_pil/test.json
warmstart,exp_iid_fixed6,baseline_h200_conditional_pil,conditional_pil,,test,cold_start,100,0,200,evaluation/exp_iid_fixed6/baseline_h200_conditional_pil/test.npz,cold_start_h100,cc7fff86d4386c1514b070b2e12b0e98fd39e011008abadb61955785019bc782,,8573ebdb8cab7464c86b5316023abfc8a9fe15f3f9e132b8ac4c65e0378fe13e,True,1000,127.57228005077839,36.49869507005363,45.53679249036239,0.5446919492832334,58.354354136917884,0.9797464578878134,known quoted arrival dates; overtaking allowed,93ffdaafe051ac988f90903b7db11148af7daa5cebb5d59d8328b26a790ec8d2,baseline,93ffdaafe051ac988f90903b7db11148af7daa5cebb5d59d8328b26a790ec8d2,0.5497345722264142,True,evaluation/exp_iid_fixed6/baseline_h200_conditional_pil/test.json
warmstart,exp_iid_fixed6,baseline_h200_conditional_pil,conditional_pil,,test,cold_start,200,0,200,evaluation/exp_iid_fixed6/baseline_h200_conditional_pil/test.npz,cold_start_h200,cc7fff86d4386c1514b070b2e12b0e98fd39e011008abadb61955785019bc782,,8573ebdb8cab7464c86b5316023abfc8a9fe15f3f9e132b8ac4c65e0378fe13e,True,1000,125.45735385381028,37.90738991693373,43.77498196843829,0.5620578393284045,58.09281823079096,0.9797464578878134,known quoted arrival dates; overtaking allowed,93ffdaafe051ac988f90903b7db11148af7daa5cebb5d59d8328b26a790ec8d2,baseline,93ffdaafe051ac988f90903b7db11148af7daa5cebb5d59d8328b26a790ec8d2,0.5646463659590177,True,evaluation/exp_iid_fixed6/baseline_h200_conditional_pil/test.json
warmstart,exp_iid_fixed6,baseline_h200_conditional_pil,conditional_pil,,test,cold_start,500,0,200,evaluation/exp_iid_fixed6/baseline_h200_conditional_pil/test.npz,cold_start_h500,cc7fff86d4386c1514b070b2e12b0e98fd39e011008abadb61955785019bc782,,8573ebdb8cab7464c86b5316023abfc8a9fe15f3f9e132b8ac4c65e0378fe13e,True,1000,124.20147391044411,38.818797129436234,42.691338390503944,0.5724369064116044,57.92771671572977,0.9797464578878134,known quoted arrival dates; overtaking allowed,93ffdaafe051ac988f90903b7db11148af7daa5cebb5d59d8328b26a790ec8d2,baseline,93ffdaafe051ac988f90903b7db11148af7daa5cebb5d59d8328b26a790ec8d2,0.5735422061267902,True,evaluation/exp_iid_fixed6/baseline_h200_conditional_pil/test.json
warmstart,exp_iid_fixed6,baseline_h200_forecast_adaptive_pil,forecast_adaptive_pil,,test,steady,50,500,200,evaluation/exp_iid_fixed6/baseline_h200_forecast_adaptive_pil/test.npz,steady_h50,cc7fff86d4386c1514b070b2e12b0e98fd39e011008abadb61955785019bc782,,4f2d75087adbe5d832435d26e083aebf508e8d304908493d91812a5a8b7474a2,True,1000,123.5314890177921,39.57438612283981,41.97855144747615,0.5808799120461523,58.166299075164524,0.9890759999398142,known quoted arrival dates; overtaking allowed,57310e46b0145bf1079f5fff6be5e72b84691829a9ad00cf2e720a587d606088,baseline,57310e46b0145bf1079f5fff6be5e72b84691829a9ad00cf2e720a587d606088,0.5916287789257716,True,evaluation/exp_iid_fixed6/baseline_h200_forecast_adaptive_pil/test.json
warmstart,exp_iid_fixed6,baseline_h200_forecast_adaptive_pil,forecast_adaptive_pil,,test,steady,100,500,200,evaluation/exp_iid_fixed6/baseline_h200_forecast_adaptive_pil/test.npz,steady_h100,cc7fff86d4386c1514b070b2e12b0e98fd39e011008abadb61955785019bc782,,4f2d75087adbe5d832435d26e083aebf508e8d304908493d91812a5a8b7474a2,True,1000,123.76633763846297,39.859133600751875,41.95360201885555,0.5809502269774953,58.1559175779426,0.9890759999398142,known quoted arrival dates; overtaking allowed,57310e46b0145bf1079f5fff6be5e72b84691829a9ad00cf2e720a587d606088,baseline,57310e46b0145bf1079f5fff6be5e72b84691829a9ad00cf2e720a587d606088,0.5866965203498926,True,evaluation/exp_iid_fixed6/baseline_h200_forecast_adaptive_pil/test.json
warmstart,exp_iid_fixed6,baseline_h200_forecast_adaptive_pil,forecast_adaptive_pil,,test,steady,200,500,200,evaluation/exp_iid_fixed6/baseline_h200_forecast_adaptive_pil/test.npz,steady_h200,cc7fff86d4386c1514b070b2e12b0e98fd39e011008abadb61955785019bc782,,4f2d75087adbe5d832435d26e083aebf508e8d304908493d91812a5a8b7474a2,True,1000,123.64475659144759,40.04010734976716,41.80232462084022,0.5817201808226845,58.1447501181357,0.9890759999398142,known quoted arrival dates; overtaking allowed,57310e46b0145bf1079f5fff6be5e72b84691829a9ad00cf2e720a587d606088,baseline,57310e46b0145bf1079f5fff6be5e72b84691829a9ad00cf2e720a587d606088,0.5844584537265507,True,evaluation/exp_iid_fixed6/baseline_h200_forecast_adaptive_pil/test.json
warmstart,exp_iid_fixed6,baseline_h200_forecast_adaptive_pil,forecast_adaptive_pil,,test,steady,500,500,200,evaluation/exp_iid_fixed6/baseline_h200_forecast_adaptive_pil/test.npz,steady_h500,cc7fff86d4386c1514b070b2e12b0e98fd39e011008abadb61955785019bc782,,4f2d75087adbe5d832435d26e083aebf508e8d304908493d91812a5a8b7474a2,True,1000,123.73704093285677,39.93885705466,41.899091939098405,0.5812264907080357,58.14957256081906,0.9890759999398142,known quoted arrival dates; overtaking allowed,57310e46b0145bf1079f5fff6be5e72b84691829a9ad00cf2e720a587d606088,baseline,57310e46b0145bf1079f5fff6be5e72b84691829a9ad00cf2e720a587d606088,0.5822525691249548,True,evaluation/exp_iid_fixed6/baseline_h200_forecast_adaptive_pil/test.json
warmstart,exp_iid_fixed6,baseline_h200_forecast_adaptive_pil,forecast_adaptive_pil,,test,cold_start,50,0,200,evaluation/exp_iid_fixed6/baseline_h200_forecast_adaptive_pil/test.npz,cold_start_h50,cc7fff86d4386c1514b070b2e12b0e98fd39e011008abadb61955785019bc782,,4f2d75087adbe5d832435d26e083aebf508e8d304908493d91812a5a8b7474a2,True,1000,132.2894461293466,33.382812552848094,49.45331678824926,0.5062947357510748,58.491115210476465,0.9890759999398142,known quoted arrival dates; overtaking allowed,57310e46b0145bf1079f5fff6be5e72b84691829a9ad00cf2e720a587d606088,baseline,57310e46b0145bf1079f5fff6be5e72b84691829a9ad00cf2e720a587d606088,0.5150205381334869,True,evaluation/exp_iid_fixed6/baseline_h200_forecast_adaptive_pil/test.json
warmstart,exp_iid_fixed6,baseline_h200_forecast_adaptive_pil,forecast_adaptive_pil,,test,cold_start,100,0,200,evaluation/exp_iid_fixed6/baseline_h200_forecast_adaptive_pil/test.npz,cold_start_h100,cc7fff86d4386c1514b070b2e12b0e98fd39e011008abadb61955785019bc782,,4f2d75087adbe5d832435d26e083aebf508e8d304908493d91812a5a8b7474a2,True,1000,127.6272300530386,36.45859769018255,45.58431618142802,0.5442167748592434,58.333094991079754,0.9890759999398142,known quoted arrival dates; overtaking allowed,57310e46b0145bf1079f5fff6be5e72b84691829a9ad00cf2e720a587d606088,baseline,57310e46b0145bf1079f5fff6be5e72b84691829a9ad00cf2e720a587d606088,0.5494311073454274,True,evaluation/exp_iid_fixed6/baseline_h200_forecast_adaptive_pil/test.json
warmstart,exp_iid_fixed6,baseline_h200_forecast_adaptive_pil,forecast_adaptive_pil,,test,cold_start,200,0,200,evaluation/exp_iid_fixed6/baseline_h200_forecast_adaptive_pil/test.npz,cold_start_h200,cc7fff86d4386c1514b070b2e12b0e98fd39e011008abadb61955785019bc782,,4f2d75087adbe5d832435d26e083aebf508e8d304908493d91812a5a8b7474a2,True,1000,125.53683885554503,38.257090243317045,43.63987430611399,0.5634095095953221,58.239038992814585,0.9890759999398142,known quoted arrival dates; overtaking allowed,57310e46b0145bf1079f5fff6be5e72b84691829a9ad00cf2e720a587d606088,baseline,57310e46b0145bf1079f5fff6be5e72b84691829a9ad00cf2e720a587d606088,0.566100384371866,True,evaluation/exp_iid_fixed6/baseline_h200_forecast_adaptive_pil/test.json
warmstart,exp_iid_fixed6,baseline_h200_forecast_adaptive_pil,forecast_adaptive_pil,,test,cold_start,500,0,200,evaluation/exp_iid_fixed6/baseline_h200_forecast_adaptive_pil/test.npz,cold_start_h500,cc7fff86d4386c1514b070b2e12b0e98fd39e011008abadb61955785019bc782,,4f2d75087adbe5d832435d26e083aebf508e8d304908493d91812a5a8b7474a2,True,1000,124.3062761082149,39.41456876269163,42.44585367276164,0.5748954895646197,58.179175276768746,0.9890759999398142,known quoted arrival dates; overtaking allowed,57310e46b0145bf1079f5fff6be5e72b84691829a9ad00cf2e720a587d606088,baseline,57310e46b0145bf1079f5fff6be5e72b84691829a9ad00cf2e720a587d606088,0.5760449207007403,True,evaluation/exp_iid_fixed6/baseline_h200_forecast_adaptive_pil/test.json
warmstart,exp_iid_fixed6,baseline_h200_pil_cop_continuation,pil_cop_continuation,,test,steady,50,500,200,evaluation/exp_iid_fixed6/baseline_h200_pil_cop_continuation/test.npz,steady_h50,cc7fff86d4386c1514b070b2e12b0e98fd39e011008abadb61955785019bc782,,1030362c6bde4d7ca247c72f99699581f697b50dc4601506a9e42940ffd78e39,True,1000,123.34309708082888,38.777829827494664,42.28263362666712,0.5778439104383508,57.86955094443435,0.9773560001049191,known quoted arrival dates; overtaking allowed,93ffdaafe051ac988f90903b7db11148af7daa5cebb5d59d8328b26a790ec8d2,baseline,93ffdaafe051ac988f90903b7db11148af7daa5cebb5d59d8328b26a790ec8d2,0.5882387749544561,True,evaluation/exp_iid_fixed6/baseline_h200_pil_cop_continuation/test.json
warmstart,exp_iid_fixed6,baseline_h200_pil_cop_continuation,pil_cop_continuation,,test,steady,100,500,200,evaluation/exp_iid_fixed6/baseline_h200_pil_cop_continuation/test.npz,steady_h100,cc7fff86d4386c1514b070b2e12b0e98fd39e011008abadb61955785019bc782,,1030362c6bde4d7ca247c72f99699581f697b50dc4601506a9e42940ffd78e39,True,1000,123.62369713351934,39.097454306192446,42.26312141366345,0.5778586203954903,57.84740668047892,0.9773560001049191,known quoted arrival dates; overtaking allowed,93ffdaafe051ac988f90903b7db11148af7daa5cebb5d59d8328b26a790ec8d2,baseline,93ffdaafe051ac988f90903b7db11148af7daa5cebb5d59d8328b26a790ec8d2,0.5833978601012895,True,evaluation/exp_iid_fixed6/baseline_h200_pil_cop_continuation/test.json
warmstart,exp_iid_fixed6,baseline_h200_pil_cop_continuation,pil_cop_continuation,,test,steady,200,500,200,evaluation/exp_iid_fixed6/baseline_h200_pil_cop_continuation/test.npz,steady_h200,cc7fff86d4386c1514b070b2e12b0e98fd39e011008abadb61955785019bc782,,1030362c6bde4d7ca247c72f99699581f697b50dc4601506a9e42940ffd78e39,True,1000,123.48107258002206,39.249682503341376,42.11569503834035,0.5785845532527736,57.83282226898754,0.9773560001049191,known quoted arrival dates; overtaking allowed,93ffdaafe051ac988f90903b7db11148af7daa5cebb5d59d8328b26a790ec8d2,baseline,93ffdaafe051ac988f90903b7db11148af7daa5cebb5d59d8328b26a790ec8d2,0.5812267928733008,True,evaluation/exp_iid_fixed6/baseline_h200_pil_cop_continuation/test.json
warmstart,exp_iid_fixed6,baseline_h200_pil_cop_continuation,pil_cop_continuation,,test,steady,500,500,200,evaluation/exp_iid_fixed6/baseline_h200_pil_cop_continuation/test.npz,steady_h500,cc7fff86d4386c1514b070b2e12b0e98fd39e011008abadb61955785019bc782,,1030362c6bde4d7ca247c72f99699581f697b50dc4601506a9e42940ffd78e39,True,1000,123.59052360477737,39.16735885728734,42.211582373745024,0.5781032078424462,57.83937034784613,0.9773560001049191,known quoted arrival dates; overtaking allowed,93ffdaafe051ac988f90903b7db11148af7daa5cebb5d59d8328b26a790ec8d2,baseline,93ffdaafe051ac988f90903b7db11148af7daa5cebb5d59d8328b26a790ec8d2,0.579090070182726,True,evaluation/exp_iid_fixed6/baseline_h200_pil_cop_continuation/test.json
warmstart,exp_iid_fixed6,baseline_h200_pil_cop_continuation,pil_cop_continuation,,test,cold_start,50,0,200,evaluation/exp_iid_fixed6/baseline_h200_pil_cop_continuation/test.npz,cold_start_h50,cc7fff86d4386c1514b070b2e12b0e98fd39e011008abadb61955785019bc782,,1030362c6bde4d7ca247c72f99699581f697b50dc4601506a9e42940ffd78e39,True,1000,132.30595214712463,34.18109195085355,49.06243009813554,0.5101970587734173,58.83189425255088,0.9773560001049191,known quoted arrival dates; overtaking allowed,93ffdaafe051ac988f90903b7db11148af7daa5cebb5d59d8328b26a790ec8d2,baseline,93ffdaafe051ac988f90903b7db11148af7daa5cebb5d59d8328b26a790ec8d2,0.5187040656313323,True,evaluation/exp_iid_fixed6/baseline_h200_pil_cop_continuation/test.json
warmstart,exp_iid_fixed6,baseline_h200_pil_cop_continuation,pil_cop_continuation,,test,cold_start,100,0,200,evaluation/exp_iid_fixed6/baseline_h200_pil_cop_continuation/test.npz,cold_start_h100,cc7fff86d4386c1514b070b2e12b0e98fd39e011008abadb61955785019bc782,,1030362c6bde4d7ca247c72f99699581f697b50dc4601506a9e42940ffd78e39,True,1000,127.57228005077839,36.49869507005363,45.53679249036239,0.5446919492832334,58.354354136917884,0.9773560001049191,known quoted arrival dates; overtaking allowed,93ffdaafe051ac988f90903b7db11148af7daa5cebb5d59d8328b26a790ec8d2,baseline,93ffdaafe051ac988f90903b7db11148af7daa5cebb5d59d8328b26a790ec8d2,0.5497345722264142,True,evaluation/exp_iid_fixed6/baseline_h200_pil_cop_continuation/test.json
warmstart,exp_iid_fixed6,baseline_h200_pil_cop_continuation,pil_cop_continuation,,test,cold_start,200,0,200,evaluation/exp_iid_fixed6/baseline_h200_pil_cop_continuation/test.npz,cold_start_h200,cc7fff86d4386c1514b070b2e12b0e98fd39e011008abadb61955785019bc782,,1030362c6bde4d7ca247c72f99699581f697b50dc4601506a9e42940ffd78e39,True,1000,125.45735385381028,37.90738991693373,43.77498196843829,0.5620578393284045,58.09281823079096,0.9773560001049191,known quoted arrival dates; overtaking allowed,93ffdaafe051ac988f90903b7db11148af7daa5cebb5d59d8328b26a790ec8d2,baseline,93ffdaafe051ac988f90903b7db11148af7daa5cebb5d59d8328b26a790ec8d2,0.5646463659590177,True,evaluation/exp_iid_fixed6/baseline_h200_pil_cop_continuation/test.json
warmstart,exp_iid_fixed6,baseline_h200_pil_cop_continuation,pil_cop_continuation,,test,cold_start,500,0,200,evaluation/exp_iid_fixed6/baseline_h200_pil_cop_continuation/test.npz,cold_start_h500,cc7fff86d4386c1514b070b2e12b0e98fd39e011008abadb61955785019bc782,,1030362c6bde4d7ca247c72f99699581f697b50dc4601506a9e42940ffd78e39,True,1000,124.20147391044411,38.818797129436234,42.691338390503944,0.5724369064116044,57.92771671572977,0.9773560001049191,known quoted arrival dates; overtaking allowed,93ffdaafe051ac988f90903b7db11148af7daa5cebb5d59d8328b26a790ec8d2,baseline,93ffdaafe051ac988f90903b7db11148af7daa5cebb5d59d8328b26a790ec8d2,0.5735422061267902,True,evaluation/exp_iid_fixed6/baseline_h200_pil_cop_continuation/test.json
warmstart,exp_iid_random3_9,baseline_h200_conditional_pil,conditional_pil,,test,steady,50,500,200,evaluation/exp_iid_random3_9/baseline_h200_conditional_pil/test.npz,steady_h50,8b04251a10d91ba3d3c15d77990badf9f9b94e8a3e1d0c3cd51c8ace0a33509a,,4c275060cd6b34411d8b4c6e7b509a99ccffa8276146162dc77b080e14540b2b,True,1000,132.19544439691327,39.46165081928825,46.366896788812504,0.537066020856171,53.78942335241588,1.103346916148439,known quoted arrival dates; overtaking allowed,3c301b841cabaa22a43fee953ddde671388b52efaf671925f371222d5e8fabce,baseline,3c301b841cabaa22a43fee953ddde671388b52efaf671925f371222d5e8fabce,0.5468115660318535,True,evaluation/exp_iid_random3_9/baseline_h200_conditional_pil/test.json
warmstart,exp_iid_random3_9,baseline_h200_conditional_pil,conditional_pil,,test,steady,100,500,200,evaluation/exp_iid_random3_9/baseline_h200_conditional_pil/test.npz,steady_h100,8b04251a10d91ba3d3c15d77990badf9f9b94e8a3e1d0c3cd51c8ace0a33509a,,4c275060cd6b34411d8b4c6e7b509a99ccffa8276146162dc77b080e14540b2b,True,1000,132.34967407175802,39.56889648506513,46.390388793346446,0.536633782111473,53.72381821156737,1.103346916148439,known quoted arrival dates; overtaking allowed,3c301b841cabaa22a43fee953ddde671388b52efaf671925f371222d5e8fabce,baseline,3c301b841cabaa22a43fee953ddde671388b52efaf671925f371222d5e8fabce,0.541827302450102,True,evaluation/exp_iid_random3_9/baseline_h200_conditional_pil/test.json
warmstart,exp_iid_random3_9,baseline_h200_conditional_pil,conditional_pil,,test,steady,200,500,200,evaluation/exp_iid_random3_9/baseline_h200_conditional_pil/test.npz,steady_h200,8b04251a10d91ba3d3c15d77990badf9f9b94e8a3e1d0c3cd51c8ace0a33509a,,4c275060cd6b34411d8b4c6e7b509a99ccffa8276146162dc77b080e14540b2b,True,1000,132.23273220434578,39.74895729978228,46.24188745228176,0.5372973035017444,53.72376237131993,1.103346916148439,known quoted arrival dates; overtaking allowed,3c301b841cabaa22a43fee953ddde671388b52efaf671925f371222d5e8fabce,baseline,3c301b841cabaa22a43fee953ddde671388b52efaf671925f371222d5e8fabce,0.5397537830086544,True,evaluation/exp_iid_random3_9/baseline_h200_conditional_pil/test.json
warmstart,exp_iid_random3_9,baseline_h200_conditional_pil,conditional_pil,,test,steady,500,500,200,evaluation/exp_iid_random3_9/baseline_h200_conditional_pil/test.npz,steady_h500,8b04251a10d91ba3d3c15d77990badf9f9b94e8a3e1d0c3cd51c8ace0a33509a,,4c275060cd6b34411d8b4c6e7b509a99ccffa8276146162dc77b080e14540b2b,True,1000,132.3306691027788,39.70689466420217,46.31188721928832,0.5371214354491239,53.73731767497747,1.103346916148439,known quoted arrival dates; overtaking allowed,3c301b841cabaa22a43fee953ddde671388b52efaf671925f371222d5e8fabce,baseline,3c301b841cabaa22a43fee953ddde671388b52efaf671925f371222d5e8fabce,0.5380443438027156,True,evaluation/exp_iid_random3_9/baseline_h200_conditional_pil/test.json
warmstart,exp_iid_random3_9,baseline_h200_conditional_pil,conditional_pil,,test,cold_start,50,0,200,evaluation/exp_iid_random3_9/baseline_h200_conditional_pil/test.npz,cold_start_h50,8b04251a10d91ba3d3c15d77990badf9f9b94e8a3e1d0c3cd51c8ace0a33509a,,4c275060cd6b34411d8b4c6e7b509a99ccffa8276146162dc77b080e14540b2b,True,1000,138.21721582780307,35.228678801757724,51.49426851302268,0.4859193863096399,57.315790611820056,1.103346916148439,known quoted arrival dates; overtaking allowed,3c301b841cabaa22a43fee953ddde671388b52efaf671925f371222d5e8fabce,baseline,3c301b841cabaa22a43fee953ddde671388b52efaf671925f371222d5e8fabce,0.4939655648583715,True,evaluation/exp_iid_random3_9/baseline_h200_conditional_pil/test.json
warmstart,exp_iid_random3_9,baseline_h200_conditional_pil,conditional_pil,,test,cold_start,100,0,200,evaluation/exp_iid_random3_9/baseline_h200_conditional_pil/test.npz,cold_start_h100,8b04251a10d91ba3d3c15d77990badf9f9b94e8a3e1d0c3cd51c8ace0a33509a,,4c275060cd6b34411d8b4c6e7b509a99ccffa8276146162dc77b080e14540b2b,True,1000,134.7454018110458,37.284557254271554,48.73042227838715,0.5127598505565981,55.61827964401468,1.103346916148439,known quoted arrival dates; overtaking allowed,3c301b841cabaa22a43fee953ddde671388b52efaf671925f371222d5e8fabce,baseline,3c301b841cabaa22a43fee953ddde671388b52efaf671925f371222d5e8fabce,0.5175124655446044,True,evaluation/exp_iid_random3_9/baseline_h200_conditional_pil/test.json
warmstart,exp_iid_random3_9,baseline_h200_conditional_pil,conditional_pil,,test,cold_start,200,0,200,evaluation/exp_iid_random3_9/baseline_h200_conditional_pil/test.npz,cold_start_h200,8b04251a10d91ba3d3c15d77990badf9f9b94e8a3e1d0c3cd51c8ace0a33509a,,4c275060cd6b34411d8b4c6e7b509a99ccffa8276146162dc77b080e14540b2b,True,1000,133.34061249322085,38.55690374483633,47.391854374192256,0.5258732232526877,54.6957042894876,1.103346916148439,known quoted arrival dates; overtaking allowed,3c301b841cabaa22a43fee953ddde671388b52efaf671925f371222d5e8fabce,baseline,3c301b841cabaa22a43fee953ddde671388b52efaf671925f371222d5e8fabce,0.5282823471826562,True,evaluation/exp_iid_random3_9/baseline_h200_conditional_pil/test.json
warmstart,exp_iid_random3_9,baseline_h200_conditional_pil,conditional_pil,,test,cold_start,500,0,200,evaluation/exp_iid_random3_9/baseline_h200_conditional_pil/test.npz,cold_start_h500,8b04251a10d91ba3d3c15d77990badf9f9b94e8a3e1d0c3cd51c8ace0a33509a,,4c275060cd6b34411d8b4c6e7b509a99ccffa8276146162dc77b080e14540b2b,True,1000,132.64190051959096,39.46270543124035,46.58959754417531,0.5333949881632939,54.117693774908155,1.103346916148439,known quoted arrival dates; overtaking allowed,3c301b841cabaa22a43fee953ddde671388b52efaf671925f371222d5e8fabce,baseline,3c301b841cabaa22a43fee953ddde671388b52efaf671925f371222d5e8fabce,0.5344354451989399,True,evaluation/exp_iid_random3_9/baseline_h200_conditional_pil/test.json
warmstart,exp_iid_random3_9,baseline_h200_forecast_adaptive_pil,forecast_adaptive_pil,,test,steady,50,500,200,evaluation/exp_iid_random3_9/baseline_h200_forecast_adaptive_pil/test.npz,steady_h50,8b04251a10d91ba3d3c15d77990badf9f9b94e8a3e1d0c3cd51c8ace0a33509a,,da79e82cc3873dd67f8c7c54406046c9bb5b8193aee63272ff05bc39f774a853,True,1000,131.8681000072974,39.66623773330485,46.100931136996266,0.5397214613975484,54.05288390858941,1.095802707830444,known quoted arrival dates; overtaking allowed,8c90095c5413064dab31cdcc9f81f07dc17324f8caf96b6dd1730333eb554574,baseline,8c90095c5413064dab31cdcc9f81f07dc17324f8caf96b6dd1730333eb554574,0.5494975862755146,True,evaluation/exp_iid_random3_9/baseline_h200_forecast_adaptive_pil/test.json
warmstart,exp_iid_random3_9,baseline_h200_forecast_adaptive_pil,forecast_adaptive_pil,,test,steady,100,500,200,evaluation/exp_iid_random3_9/baseline_h200_forecast_adaptive_pil/test.npz,steady_h100,8b04251a10d91ba3d3c15d77990badf9f9b94e8a3e1d0c3cd51c8ace0a33509a,,da79e82cc3873dd67f8c7c54406046c9bb5b8193aee63272ff05bc39f774a853,True,1000,132.1337832548984,39.86600137168065,46.13389094160886,0.5391957877886752,53.98525123265874,1.095802707830444,known quoted arrival dates; overtaking allowed,8c90095c5413064dab31cdcc9f81f07dc17324f8caf96b6dd1730333eb554574,baseline,8c90095c5413064dab31cdcc9f81f07dc17324f8caf96b6dd1730333eb554574,0.5444035283366551,True,evaluation/exp_iid_random3_9/baseline_h200_forecast_adaptive_pil/test.json
warmstart,exp_iid_random3_9,baseline_h200_forecast_adaptive_pil,forecast_adaptive_pil,,test,steady,200,500,200,evaluation/exp_iid_random3_9/baseline_h200_forecast_adaptive_pil/test.npz,steady_h200,8b04251a10d91ba3d3c15d77990badf9f9b94e8a3e1d0c3cd51c8ace0a33509a,,da79e82cc3873dd67f8c7c54406046c9bb5b8193aee63272ff05bc39f774a853,True,1000,131.99172911276656,40.018240968542784,45.98674407211189,0.5398503033143084,53.979995087336604,1.095802707830444,known quoted arrival dates; overtaking allowed,8c90095c5413064dab31cdcc9f81f07dc17324f8caf96b6dd1730333eb554574,baseline,8c90095c5413064dab31cdcc9f81f07dc17324f8caf96b6dd1730333eb554574,0.5423157295102579,True,evaluation/exp_iid_random3_9/baseline_h200_forecast_adaptive_pil/test.json
warmstart,exp_iid_random3_9,baseline_h200_forecast_adaptive_pil,forecast_adaptive_pil,,test,steady,500,500,200,evaluation/exp_iid_random3_9/baseline_h200_forecast_adaptive_pil/test.npz,steady_h500,8b04251a10d91ba3d3c15d77990badf9f9b94e8a3e1d0c3cd51c8ace0a33509a,,da79e82cc3873dd67f8c7c54406046c9bb5b8193aee63272ff05bc39f774a853,True,1000,132.08643188865676,39.957169404028186,46.06463124231428,0.5395927122329105,53.98479654477214,1.095802707830444,known quoted arrival dates; overtaking allowed,8c90095c5413064dab31cdcc9f81f07dc17324f8caf96b6dd1730333eb554574,baseline,8c90095c5413064dab31cdcc9f81f07dc17324f8caf96b6dd1730333eb554574,0.5405179831477842,True,evaluation/exp_iid_random3_9/baseline_h200_forecast_adaptive_pil/test.json
warmstart,exp_iid_random3_9,baseline_h200_forecast_adaptive_pil,forecast_adaptive_pil,,test,cold_start,50,0,200,evaluation/exp_iid_random3_9/baseline_h200_forecast_adaptive_pil/test.npz,cold_start_h50,8b04251a10d91ba3d3c15d77990badf9f9b94e8a3e1d0c3cd51c8ace0a33509a,,da79e82cc3873dd67f8c7c54406046c9bb5b8193aee63272ff05bc39f774a853,True,1000,138.0755971798406,34.818826923482014,51.62838512817929,0.4845804654196703,57.06798471581409,1.095802707830444,known quoted arrival dates; overtaking allowed,8c90095c5413064dab31cdcc9f81f07dc17324f8caf96b6dd1730333eb554574,baseline,8c90095c5413064dab31cdcc9f81f07dc17324f8caf96b6dd1730333eb554574,0.4926278669961826,True,evaluation/exp_iid_random3_9/baseline_h200_forecast_adaptive_pil/test.json
warmstart,exp_iid_random3_9,baseline_h200_forecast_adaptive_pil,forecast_adaptive_pil,,test,cold_start,100,0,200,evaluation/exp_iid_random3_9/baseline_h200_forecast_adaptive_pil/test.npz,cold_start_h100,8b04251a10d91ba3d3c15d77990badf9f9b94e8a3e1d0c3cd51c8ace0a33509a,,da79e82cc3873dd67f8c7c54406046c9bb5b8193aee63272ff05bc39f774a853,True,1000,134.57312147961233,37.196929029278245,48.688096225167044,0.5131830554362623,55.602123841459736,1.095802707830444,known quoted arrival dates; overtaking allowed,8c90095c5413064dab31cdcc9f81f07dc17324f8caf96b6dd1730333eb554574,baseline,8c90095c5413064dab31cdcc9f81f07dc17324f8caf96b6dd1730333eb554574,0.5179651285546597,True,evaluation/exp_iid_random3_9/baseline_h200_forecast_adaptive_pil/test.json
warmstart,exp_iid_random3_9,baseline_h200_forecast_adaptive_pil,forecast_adaptive_pil,,test,cold_start,200,0,200,evaluation/exp_iid_random3_9/baseline_h200_forecast_adaptive_pil/test.npz,cold_start_h200,8b04251a10d91ba3d3c15d77990badf9f9b94e8a3e1d0c3cd51c8ace0a33509a,,da79e82cc3873dd67f8c7c54406046c9bb5b8193aee63272ff05bc39f774a853,True,1000,133.12453290857442,38.61410108623245,47.25521591117099,0.5272402082526936,54.800575886183516,1.095802707830444,known quoted arrival dates; overtaking allowed,8c90095c5413064dab31cdcc9f81f07dc17324f8caf96b6dd1730333eb554574,baseline,8c90095c5413064dab31cdcc9f81f07dc17324f8caf96b6dd1730333eb554574,0.5296656537576225,True,evaluation/exp_iid_random3_9/baseline_h200_forecast_adaptive_pil/test.json
warmstart,exp_iid_random3_9,baseline_h200_forecast_adaptive_pil,forecast_adaptive_pil,,test,cold_start,500,0,200,evaluation/exp_iid_random3_9/baseline_h200_forecast_adaptive_pil/test.npz,cold_start_h500,8b04251a10d91ba3d3c15d77990badf9f9b94e8a3e1d0c3cd51c8ace0a33509a,,da79e82cc3873dd67f8c7c54406046c9bb5b8193aee63272ff05bc39f774a853,True,1000,132.40098316786856,39.610666007023106,46.39515858042273,0.5353423369227946,54.3002342960104,1.095802707830444,known quoted arrival dates; overtaking allowed,8c90095c5413064dab31cdcc9f81f07dc17324f8caf96b6dd1730333eb554574,baseline,8c90095c5413064dab31cdcc9f81f07dc17324f8caf96b6dd1730333eb554574,0.5363874844554903,True,evaluation/exp_iid_random3_9/baseline_h200_forecast_adaptive_pil/test.json
warmstart,exp_iid_random3_9,baseline_h200_pil_cop_continuation,pil_cop_continuation,,test,steady,50,500,200,evaluation/exp_iid_random3_9/baseline_h200_pil_cop_continuation/test.npz,steady_h50,8b04251a10d91ba3d3c15d77990badf9f9b94e8a3e1d0c3cd51c8ace0a33509a,,f282903072f645ac65ec165bf7460c681a9c23a5acd7f75a09879b1cd5154134,True,1000,132.75153522358184,40.14512551486947,46.30320485435618,0.5377019305827057,53.82505111626417,1.0411091251298785,known quoted arrival dates; overtaking allowed,5e3423d30230f801cd2689652a0bae32625eff5fbe1e24674b971a4a1acd9d9c,baseline,5e3423d30230f801cd2689652a0bae32625eff5fbe1e24674b971a4a1acd9d9c,0.5472809259251826,True,evaluation/exp_iid_random3_9/baseline_h200_pil_cop_continuation/test.json
warmstart,exp_iid_random3_9,baseline_h200_pil_cop_continuation,pil_cop_continuation,,test,steady,100,500,200,evaluation/exp_iid_random3_9/baseline_h200_pil_cop_continuation/test.npz,steady_h100,8b04251a10d91ba3d3c15d77990badf9f9b94e8a3e1d0c3cd51c8ace0a33509a,,f282903072f645ac65ec165bf7460c681a9c23a5acd7f75a09879b1cd5154134,True,1000,132.98880730520779,40.19879961560169,46.39500384480305,0.5365876850858943,53.68519236819867,1.0411091251298785,known quoted arrival dates; overtaking allowed,5e3423d30230f801cd2689652a0bae32625eff5fbe1e24674b971a4a1acd9d9c,baseline,5e3423d30230f801cd2689652a0bae32625eff5fbe1e24674b971a4a1acd9d9c,0.5417238050025285,True,evaluation/exp_iid_random3_9/baseline_h200_pil_cop_continuation/test.json
warmstart,exp_iid_random3_9,baseline_h200_pil_cop_continuation,pil_cop_continuation,,test,steady,200,500,200,evaluation/exp_iid_random3_9/baseline_h200_pil_cop_continuation/test.npz,steady_h200,8b04251a10d91ba3d3c15d77990badf9f9b94e8a3e1d0c3cd51c8ace0a33509a,,f282903072f645ac65ec165bf7460c681a9c23a5acd7f75a09879b1cd5154134,True,1000,132.73272289874996,40.20493084559938,46.26389602657528,0.5370770826752869,53.68327551095156,1.0411091251298785,known quoted arrival dates; overtaking allowed,5e3423d30230f801cd2689652a0bae32625eff5fbe1e24674b971a4a1acd9d9c,baseline,5e3423d30230f801cd2689652a0bae32625eff5fbe1e24674b971a4a1acd9d9c,0.5395032179203457,True,evaluation/exp_iid_random3_9/baseline_h200_pil_cop_continuation/test.json
warmstart,exp_iid_random3_9,baseline_h200_pil_cop_continuation,pil_cop_continuation,,test,steady,500,500,200,evaluation/exp_iid_random3_9/baseline_h200_pil_cop_continuation/test.npz,steady_h500,8b04251a10d91ba3d3c15d77990badf9f9b94e8a3e1d0c3cd51c8ace0a33509a,,f282903072f645ac65ec165bf7460c681a9c23a5acd7f75a09879b1cd5154134,True,1000,132.84721785758853,40.18460777595078,46.33130504081887,0.5369273579909067,53.71513160211997,1.0411091251298785,known quoted arrival dates; overtaking allowed,5e3423d30230f801cd2689652a0bae32625eff5fbe1e24674b971a4a1acd9d9c,baseline,5e3423d30230f801cd2689652a0bae32625eff5fbe1e24674b971a4a1acd9d9c,0.5378348772354619,True,evaluation/exp_iid_random3_9/baseline_h200_pil_cop_continuation/test.json
warmstart,exp_iid_random3_9,baseline_h200_pil_cop_continuation,pil_cop_continuation,,test,cold_start,50,0,200,evaluation/exp_iid_random3_9/baseline_h200_pil_cop_continuation/test.npz,cold_start_h50,8b04251a10d91ba3d3c15d77990badf9f9b94e8a3e1d0c3cd51c8ace0a33509a,,f282903072f645ac65ec165bf7460c681a9c23a5acd7f75a09879b1cd5154134,True,1000,138.4222266997561,36.6598877366015,50.8811694815773,0.4920401126630727,56.60914410931977,1.0411091251298785,known quoted arrival dates; overtaking allowed,5e3423d30230f801cd2689652a0bae32625eff5fbe1e24674b971a4a1acd9d9c,baseline,5e3423d30230f801cd2689652a0bae32625eff5fbe1e24674b971a4a1acd9d9c,0.49992966283795204,True,evaluation/exp_iid_random3_9/baseline_h200_pil_cop_continuation/test.json
warmstart,exp_iid_random3_9,baseline_h200_pil_cop_continuation,pil_cop_continuation,,test,cold_start,100,0,200,evaluation/exp_iid_random3_9/baseline_h200_pil_cop_continuation/test.npz,cold_start_h100,8b04251a10d91ba3d3c15d77990badf9f9b94e8a3e1d0c3cd51c8ace0a33509a,,f282903072f645ac65ec165bf7460c681a9c23a5acd7f75a09879b1cd5154134,True,1000,135.12127310966144,38.21227704022183,48.45449803471979,0.5155187301934602,55.23863520942323,1.0411091251298785,known quoted arrival dates; overtaking allowed,5e3423d30230f801cd2689652a0bae32625eff5fbe1e24674b971a4a1acd9d9c,baseline,5e3423d30230f801cd2689652a0bae32625eff5fbe1e24674b971a4a1acd9d9c,0.5201848154422367,True,evaluation/exp_iid_random3_9/baseline_h200_pil_cop_continuation/test.json
warmstart,exp_iid_random3_9,baseline_h200_pil_cop_continuation,pil_cop_continuation,,test,cold_start,200,0,200,evaluation/exp_iid_random3_9/baseline_h200_pil_cop_continuation/test.npz,cold_start_h200,8b04251a10d91ba3d3c15d77990badf9f9b94e8a3e1d0c3cd51c8ace0a33509a,,f282903072f645ac65ec165bf7460c681a9c23a5acd7f75a09879b1cd5154134,True,1000,133.8931717123404,39.31616365446751,47.28850402893646,0.5269071808118276,54.46864876659846,1.0411091251298785,known quoted arrival dates; overtaking allowed,5e3423d30230f801cd2689652a0bae32625eff5fbe1e24674b971a4a1acd9d9c,baseline,5e3423d30230f801cd2689652a0bae32625eff5fbe1e24674b971a4a1acd9d9c,0.5292756646161679,True,evaluation/exp_iid_random3_9/baseline_h200_pil_cop_continuation/test.json
warmstart,exp_iid_random3_9,baseline_h200_pil_cop_continuation,pil_cop_continuation,,test,cold_start,500,0,200,evaluation/exp_iid_random3_9/baseline_h200_pil_cop_continuation/test.npz,cold_start_h500,8b04251a10d91ba3d3c15d77990badf9f9b94e8a3e1d0c3cd51c8ace0a33509a,,f282903072f645ac65ec165bf7460c681a9c23a5acd7f75a09879b1cd5154134,True,1000,133.13155992723378,39.9694734892918,46.58104321897099,0.5334806616016495,53.99930764358242,1.0411091251298785,known quoted arrival dates; overtaking allowed,5e3423d30230f801cd2689652a0bae32625eff5fbe1e24674b971a4a1acd9d9c,baseline,5e3423d30230f801cd2689652a0bae32625eff5fbe1e24674b971a4a1acd9d9c,0.5344966666006037,True,evaluation/exp_iid_random3_9/baseline_h200_pil_cop_continuation/test.json
warmstart,exp_regime095_fixed6,baseline_h200_conditional_pil,conditional_pil,,test,steady,50,500,200,evaluation/exp_regime095_fixed6/baseline_h200_conditional_pil/test.npz,steady_h50,54b419b9dd894753ce00d5337698b8d9bbc8a7b39e764503cac4fac771f0779e,,62375276ee304a5319c2682793bc00f95208a76f3941c3922b5327d96d344d2e,True,1000,149.54506016809725,20.072190993291418,64.7364345874029,0.3423619476453942,33.71260535052159,4.553203416988254,known quoted arrival dates; overtaking allowed,986e0b989c08dc350ef2bd94474b0996b2a8c9f02e995be1399e26c311c2ea38,baseline,986e0b989c08dc350ef2bd94474b0996b2a8c9f02e995be1399e26c311c2ea38,0.39998358414051255,True,evaluation/exp_regime095_fixed6/baseline_h200_conditional_pil/test.json
warmstart,exp_regime095_fixed6,baseline_h200_conditional_pil,conditional_pil,,test,steady,100,500,200,evaluation/exp_regime095_fixed6/baseline_h200_conditional_pil/test.npz,steady_h100,54b419b9dd894753ce00d5337698b8d9bbc8a7b39e764503cac4fac771f0779e,,62375276ee304a5319c2682793bc00f95208a76f3941c3922b5327d96d344d2e,True,1000,149.76653792443423,20.103758454930706,64.83138973475175,0.3418765453685795,33.69177963103355,4.553203416988254,known quoted arrival dates; overtaking allowed,986e0b989c08dc350ef2bd94474b0996b2a8c9f02e995be1399e26c311c2ea38,baseline,986e0b989c08dc350ef2bd94474b0996b2a8c9f02e995be1399e26c311c2ea38,0.36962157269462953,True,evaluation/exp_regime095_fixed6/baseline_h200_conditional_pil/test.json
warmstart,exp_regime095_fixed6,baseline_h200_conditional_pil,conditional_pil,,test,steady,200,500,200,evaluation/exp_regime095_fixed6/baseline_h200_conditional_pil/test.npz,steady_h200,54b419b9dd894753ce00d5337698b8d9bbc8a7b39e764503cac4fac771f0779e,,62375276ee304a5319c2682793bc00f95208a76f3941c3922b5327d96d344d2e,True,1000,150.404058237885,20.057262734387642,65.17339775174867,0.3410255630953623,33.73916582472755,4.553203416988254,known quoted arrival dates; overtaking allowed,986e0b989c08dc350ef2bd94474b0996b2a8c9f02e995be1399e26c311c2ea38,baseline,986e0b989c08dc350ef2bd94474b0996b2a8c9f02e995be1399e26c311c2ea38,0.3542173088257238,True,evaluation/exp_regime095_fixed6/baseline_h200_conditional_pil/test.json
warmstart,exp_regime095_fixed6,baseline_h200_conditional_pil,conditional_pil,,test,steady,500,500,200,evaluation/exp_regime095_fixed6/baseline_h200_conditional_pil/test.npz,steady_h500,54b419b9dd894753ce00d5337698b8d9bbc8a7b39e764503cac4fac771f0779e,,62375276ee304a5319c2682793bc00f95208a76f3941c3922b5327d96d344d2e,True,1000,151.4570790230042,19.875875787401615,65.7906016178013,0.3394135267888997,33.808236753164685,4.553203416988254,known quoted arrival dates; overtaking allowed,986e0b989c08dc350ef2bd94474b0996b2a8c9f02e995be1399e26c311c2ea38,baseline,986e0b989c08dc350ef2bd94474b0996b2a8c9f02e995be1399e26c311c2ea38,0.3439598507302627,True,evaluation/exp_regime095_fixed6/baseline_h200_conditional_pil/test.json
warmstart,exp_regime095_fixed6,baseline_h200_conditional_pil,conditional_pil,,test,cold_start,50,0,200,evaluation/exp_regime095_fixed6/baseline_h200_conditional_pil/test.npz,cold_start_h50,54b419b9dd894753ce00d5337698b8d9bbc8a7b39e764503cac4fac771f0779e,,62375276ee304a5319c2682793bc00f95208a76f3941c3922b5327d96d344d2e,True,1000,155.86113898479357,16.974637267932682,69.44325085843043,0.30184592332753624,34.483729261501665,4.553203416988254,known quoted arrival dates; overtaking allowed,986e0b989c08dc350ef2bd94474b0996b2a8c9f02e995be1399e26c311c2ea38,baseline,986e0b989c08dc350ef2bd94474b0996b2a8c9f02e995be1399e26c311c2ea38,0.352677735008112,True,evaluation/exp_regime095_fixed6/baseline_h200_conditional_pil/test.json
warmstart,exp_regime095_fixed6,baseline_h200_conditional_pil,conditional_pil,,test,cold_start,100,0,200,evaluation/exp_regime095_fixed6/baseline_h200_conditional_pil/test.npz,cold_start_h100,54b419b9dd894753ce00d5337698b8d9bbc8a7b39e764503cac4fac771f0779e,,62375276ee304a5319c2682793bc00f95208a76f3941c3922b5327d96d344d2e,True,1000,153.9435848732392,18.4052340131435,67.76917543004784,0.3200872187285118,34.140406917410324,4.553203416988254,known quoted arrival dates; overtaking allowed,986e0b989c08dc350ef2bd94474b0996b2a8c9f02e995be1399e26c311c2ea38,baseline,986e0b989c08dc350ef2bd94474b0996b2a8c9f02e995be1399e26c311c2ea38,0.3445234366622288,True,evaluation/exp_regime095_fixed6/baseline_h200_conditional_pil/test.json
warmstart,exp_regime095_fixed6,baseline_h200_conditional_pil,conditional_pil,,test,cold_start,200,0,200,evaluation/exp_regime095_fixed6/baseline_h200_conditional_pil/test.npz,cold_start_h200,54b419b9dd894753ce00d5337698b8d9bbc8a7b39e764503cac4fac771f0779e,,62375276ee304a5319c2682793bc00f95208a76f3941c3922b5327d96d344d2e,True,1000,152.82221582468165,19.206548884650882,66.80783347001538,0.3295970576530872,33.96629589336922,4.553203416988254,known quoted arrival dates; overtaking allowed,986e0b989c08dc350ef2bd94474b0996b2a8c9f02e995be1399e26c311c2ea38,baseline,986e0b989c08dc350ef2bd94474b0996b2a8c9f02e995be1399e26c311c2ea38,0.34193799171049694,True,evaluation/exp_regime095_fixed6/baseline_h200_conditional_pil/test.json
warmstart,exp_regime095_fixed6,baseline_h200_conditional_pil,conditional_pil,,test,cold_start,500,0,200,evaluation/exp_regime095_fixed6/baseline_h200_conditional_pil/test.npz,cold_start_h500,54b419b9dd894753ce00d5337698b8d9bbc8a7b39e764503cac4fac771f0779e,,62375276ee304a5319c2682793bc00f95208a76f3941c3922b5327d96d344d2e,True,1000,152.3826686139565,19.63721784405721,66.37272538494963,0.33496409897969365,33.872569341866495,4.553203416988254,known quoted arrival dates; overtaking allowed,986e0b989c08dc350ef2bd94474b0996b2a8c9f02e995be1399e26c311c2ea38,baseline,986e0b989c08dc350ef2bd94474b0996b2a8c9f02e995be1399e26c311c2ea38,0.3398859559948892,True,evaluation/exp_regime095_fixed6/baseline_h200_conditional_pil/test.json
warmstart,exp_regime095_fixed6,baseline_h200_forecast_adaptive_pil,forecast_adaptive_pil,,test,steady,50,500,200,evaluation/exp_regime095_fixed6/baseline_h200_forecast_adaptive_pil/test.npz,steady_h50,54b419b9dd894753ce00d5337698b8d9bbc8a7b39e764503cac4fac771f0779e,,17272eeae6c23272bd28add0a3555a9ea25053634b22dbb8a395a7d2bb3dcd11,True,1000,146.72104944338335,23.90233552519574,61.40935695909381,0.3761607329115128,37.09534797457521,1.4900146250147372,known quoted arrival dates; overtaking allowed,2b39f970389afd80cc6f042b487c286e7d1c7e9b7d56e09fc74d309f818afc60,baseline,2b39f970389afd80cc6f042b487c286e7d1c7e9b7d56e09fc74d309f818afc60,0.41716883691211554,True,evaluation/exp_regime095_fixed6/baseline_h200_forecast_adaptive_pil/test.json
warmstart,exp_regime095_fixed6,baseline_h200_forecast_adaptive_pil,forecast_adaptive_pil,,test,steady,100,500,200,evaluation/exp_regime095_fixed6/baseline_h200_forecast_adaptive_pil/test.npz,steady_h100,54b419b9dd894753ce00d5337698b8d9bbc8a7b39e764503cac4fac771f0779e,,17272eeae6c23272bd28add0a3555a9ea25053634b22dbb8a395a7d2bb3dcd11,True,1000,146.98599621990755,23.970867539736396,61.50756434008557,0.37561772321898723,37.067698494264015,1.4900146250147372,known quoted arrival dates; overtaking allowed,2b39f970389afd80cc6f042b487c286e7d1c7e9b7d56e09fc74d309f818afc60,baseline,2b39f970389afd80cc6f042b487c286e7d1c7e9b7d56e09fc74d309f818afc60,0.3948667666532082,True,evaluation/exp_regime095_fixed6/baseline_h200_forecast_adaptive_pil/test.json
warmstart,exp_regime095_fixed6,baseline_h200_forecast_adaptive_pil,forecast_adaptive_pil,,test,steady,200,500,200,evaluation/exp_regime095_fixed6/baseline_h200_forecast_adaptive_pil/test.npz,steady_h200,54b419b9dd894753ce00d5337698b8d9bbc8a7b39e764503cac4fac771f0779e,,17272eeae6c23272bd28add0a3555a9ea25053634b22dbb8a395a7d2bb3dcd11,True,1000,147.73312395515933,24.14511752607093,61.7940032145442,0.3751949433801761,37.13785076907207,1.4900146250147372,known quoted arrival dates; overtaking allowed,2b39f970389afd80cc6f042b487c286e7d1c7e9b7d56e09fc74d309f818afc60,baseline,2b39f970389afd80cc6f042b487c286e7d1c7e9b7d56e09fc74d309f818afc60,0.38426826053241736,True,evaluation/exp_regime095_fixed6/baseline_h200_forecast_adaptive_pil/test.json
warmstart,exp_regime095_fixed6,baseline_h200_forecast_adaptive_pil,forecast_adaptive_pil,,test,steady,500,500,200,evaluation/exp_regime095_fixed6/baseline_h200_forecast_adaptive_pil/test.npz,steady_h500,54b419b9dd894753ce00d5337698b8d9bbc8a7b39e764503cac4fac771f0779e,,17272eeae6c23272bd28add0a3555a9ea25053634b22dbb8a395a7d2bb3dcd11,True,1000,148.9084124609371,24.263076989039995,62.322667735948535,0.3742341570310549,37.287986355009224,1.4900146250147372,known quoted arrival dates; overtaking allowed,2b39f970389afd80cc6f042b487c286e7d1c7e9b7d56e09fc74d309f818afc60,baseline,2b39f970389afd80cc6f042b487c286e7d1c7e9b7d56e09fc74d309f818afc60,0.3772991206245363,True,evaluation/exp_regime095_fixed6/baseline_h200_forecast_adaptive_pil/test.json
warmstart,exp_regime095_fixed6,baseline_h200_forecast_adaptive_pil,forecast_adaptive_pil,,test,cold_start,50,0,200,evaluation/exp_regime095_fixed6/baseline_h200_forecast_adaptive_pil/test.npz,cold_start_h50,54b419b9dd894753ce00d5337698b8d9bbc8a7b39e764503cac4fac771f0779e,,17272eeae6c23272bd28add0a3555a9ea25053634b22dbb8a395a7d2bb3dcd11,True,1000,152.82795956046598,20.222187647806507,66.30288595632973,0.3334178692191586,38.14521854758365,1.4900146250147372,known quoted arrival dates; overtaking allowed,2b39f970389afd80cc6f042b487c286e7d1c7e9b7d56e09fc74d309f818afc60,baseline,2b39f970389afd80cc6f042b487c286e7d1c7e9b7d56e09fc74d309f818afc60,0.36788019316857196,True,evaluation/exp_regime095_fixed6/baseline_h200_forecast_adaptive_pil/test.json
warmstart,exp_regime095_fixed6,baseline_h200_forecast_adaptive_pil,forecast_adaptive_pil,,test,cold_start,100,0,200,evaluation/exp_regime095_fixed6/baseline_h200_forecast_adaptive_pil/test.npz,cold_start_h100,54b419b9dd894753ce00d5337698b8d9bbc8a7b39e764503cac4fac771f0779e,,17272eeae6c23272bd28add0a3555a9ea25053634b22dbb8a395a7d2bb3dcd11,True,1000,151.35391625085148,22.438748443409352,64.45758390372107,0.35331166613858916,37.70213843472148,1.4900146250147372,known quoted arrival dates; overtaking allowed,2b39f970389afd80cc6f042b487c286e7d1c7e9b7d56e09fc74d309f818afc60,baseline,2b39f970389afd80cc6f042b487c286e7d1c7e9b7d56e09fc74d309f818afc60,0.36952106924823047,True,evaluation/exp_regime095_fixed6/baseline_h200_forecast_adaptive_pil/test.json
warmstart,exp_regime095_fixed6,baseline_h200_forecast_adaptive_pil,forecast_adaptive_pil,,test,cold_start,200,0,200,evaluation/exp_regime095_fixed6/baseline_h200_forecast_adaptive_pil/test.npz,cold_start_h200,54b419b9dd894753ce00d5337698b8d9bbc8a7b39e764503cac4fac771f0779e,,17272eeae6c23272bd28add0a3555a9ea25053634b22dbb8a395a7d2bb3dcd11,True,1000,150.42978253038748,23.564857568869858,63.43246248075882,0.36346821504850885,37.47371692075534,1.4900146250147372,known quoted arrival dates; overtaking allowed,2b39f970389afd80cc6f042b487c286e7d1c7e9b7d56e09fc74d309f818afc60,baseline,2b39f970389afd80cc6f042b487c286e7d1c7e9b7d56e09fc74d309f818afc60,0.37175800476868925,True,evaluation/exp_regime095_fixed6/baseline_h200_forecast_adaptive_pil/test.json
warmstart,exp_regime095_fixed6,baseline_h200_forecast_adaptive_pil,forecast_adaptive_pil,,test,cold_start,500,0,200,evaluation/exp_regime095_fixed6/baseline_h200_forecast_adaptive_pil/test.npz,cold_start_h500,54b419b9dd894753ce00d5337698b8d9bbc8a7b39e764503cac4fac771f0779e,,17272eeae6c23272bd28add0a3555a9ea25053634b22dbb8a395a7d2bb3dcd11,True,1000,150.07116326955432,24.188668047434053,62.94124761106013,0.3693465339325189,37.34529945300809,1.4900146250147372,known quoted arrival dates; overtaking allowed,2b39f970389afd80cc6f042b487c286e7d1c7e9b7d56e09fc74d309f818afc60,baseline,2b39f970389afd80cc6f042b487c286e7d1c7e9b7d56e09fc74d309f818afc60,0.37265483026862967,True,evaluation/exp_regime095_fixed6/baseline_h200_forecast_adaptive_pil/test.json
warmstart,exp_regime095_fixed6,baseline_h200_pil_cop_continuation,pil_cop_continuation,,test,steady,50,500,200,evaluation/exp_regime095_fixed6/baseline_h200_pil_cop_continuation/test.npz,steady_h50,54b419b9dd894753ce00d5337698b8d9bbc8a7b39e764503cac4fac771f0779e,,c39b9dd7e3997a6dc7ae399a58962adae6b5bef52d0b56f410671d30856a6226,True,1000,149.54506016809725,20.072190993291418,64.7364345874029,0.3423619476453942,33.71260535052159,4.27859791694209,known quoted arrival dates; overtaking allowed,986e0b989c08dc350ef2bd94474b0996b2a8c9f02e995be1399e26c311c2ea38,baseline,986e0b989c08dc350ef2bd94474b0996b2a8c9f02e995be1399e26c311c2ea38,0.39998358414051255,True,evaluation/exp_regime095_fixed6/baseline_h200_pil_cop_continuation/test.json
warmstart,exp_regime095_fixed6,baseline_h200_pil_cop_continuation,pil_cop_continuation,,test,steady,100,500,200,evaluation/exp_regime095_fixed6/baseline_h200_pil_cop_continuation/test.npz,steady_h100,54b419b9dd894753ce00d5337698b8d9bbc8a7b39e764503cac4fac771f0779e,,c39b9dd7e3997a6dc7ae399a58962adae6b5bef52d0b56f410671d30856a6226,True,1000,149.76653792443423,20.103758454930706,64.83138973475175,0.3418765453685795,33.69177963103355,4.27859791694209,known quoted arrival dates; overtaking allowed,986e0b989c08dc350ef2bd94474b0996b2a8c9f02e995be1399e26c311c2ea38,baseline,986e0b989c08dc350ef2bd94474b0996b2a8c9f02e995be1399e26c311c2ea38,0.36962157269462953,True,evaluation/exp_regime095_fixed6/baseline_h200_pil_cop_continuation/test.json
warmstart,exp_regime095_fixed6,baseline_h200_pil_cop_continuation,pil_cop_continuation,,test,steady,200,500,200,evaluation/exp_regime095_fixed6/baseline_h200_pil_cop_continuation/test.npz,steady_h200,54b419b9dd894753ce00d5337698b8d9bbc8a7b39e764503cac4fac771f0779e,,c39b9dd7e3997a6dc7ae399a58962adae6b5bef52d0b56f410671d30856a6226,True,1000,150.404058237885,20.057262734387642,65.17339775174867,0.3410255630953623,33.73916582472755,4.27859791694209,known quoted arrival dates; overtaking allowed,986e0b989c08dc350ef2bd94474b0996b2a8c9f02e995be1399e26c311c2ea38,baseline,986e0b989c08dc350ef2bd94474b0996b2a8c9f02e995be1399e26c311c2ea38,0.3542173088257238,True,evaluation/exp_regime095_fixed6/baseline_h200_pil_cop_continuation/test.json
warmstart,exp_regime095_fixed6,baseline_h200_pil_cop_continuation,pil_cop_continuation,,test,steady,500,500,200,evaluation/exp_regime095_fixed6/baseline_h200_pil_cop_continuation/test.npz,steady_h500,54b419b9dd894753ce00d5337698b8d9bbc8a7b39e764503cac4fac771f0779e,,c39b9dd7e3997a6dc7ae399a58962adae6b5bef52d0b56f410671d30856a6226,True,1000,151.4570790230042,19.875875787401615,65.7906016178013,0.3394135267888997,33.808236753164685,4.27859791694209,known quoted arrival dates; overtaking allowed,986e0b989c08dc350ef2bd94474b0996b2a8c9f02e995be1399e26c311c2ea38,baseline,986e0b989c08dc350ef2bd94474b0996b2a8c9f02e995be1399e26c311c2ea38,0.3439598507302627,True,evaluation/exp_regime095_fixed6/baseline_h200_pil_cop_continuation/test.json
warmstart,exp_regime095_fixed6,baseline_h200_pil_cop_continuation,pil_cop_continuation,,test,cold_start,50,0,200,evaluation/exp_regime095_fixed6/baseline_h200_pil_cop_continuation/test.npz,cold_start_h50,54b419b9dd894753ce00d5337698b8d9bbc8a7b39e764503cac4fac771f0779e,,c39b9dd7e3997a6dc7ae399a58962adae6b5bef52d0b56f410671d30856a6226,True,1000,155.86113898479357,16.974637267932682,69.44325085843043,0.30184592332753624,34.483729261501665,4.27859791694209,known quoted arrival dates; overtaking allowed,986e0b989c08dc350ef2bd94474b0996b2a8c9f02e995be1399e26c311c2ea38,baseline,986e0b989c08dc350ef2bd94474b0996b2a8c9f02e995be1399e26c311c2ea38,0.352677735008112,True,evaluation/exp_regime095_fixed6/baseline_h200_pil_cop_continuation/test.json
warmstart,exp_regime095_fixed6,baseline_h200_pil_cop_continuation,pil_cop_continuation,,test,cold_start,100,0,200,evaluation/exp_regime095_fixed6/baseline_h200_pil_cop_continuation/test.npz,cold_start_h100,54b419b9dd894753ce00d5337698b8d9bbc8a7b39e764503cac4fac771f0779e,,c39b9dd7e3997a6dc7ae399a58962adae6b5bef52d0b56f410671d30856a6226,True,1000,153.9435848732392,18.4052340131435,67.76917543004784,0.3200872187285118,34.140406917410324,4.27859791694209,known quoted arrival dates; overtaking allowed,986e0b989c08dc350ef2bd94474b0996b2a8c9f02e995be1399e26c311c2ea38,baseline,986e0b989c08dc350ef2bd94474b0996b2a8c9f02e995be1399e26c311c2ea38,0.3445234366622288,True,evaluation/exp_regime095_fixed6/baseline_h200_pil_cop_continuation/test.json
warmstart,exp_regime095_fixed6,baseline_h200_pil_cop_continuation,pil_cop_continuation,,test,cold_start,200,0,200,evaluation/exp_regime095_fixed6/baseline_h200_pil_cop_continuation/test.npz,cold_start_h200,54b419b9dd894753ce00d5337698b8d9bbc8a7b39e764503cac4fac771f0779e,,c39b9dd7e3997a6dc7ae399a58962adae6b5bef52d0b56f410671d30856a6226,True,1000,152.82221582468165,19.206548884650882,66.80783347001538,0.3295970576530872,33.96629589336922,4.27859791694209,known quoted arrival dates; overtaking allowed,986e0b989c08dc350ef2bd94474b0996b2a8c9f02e995be1399e26c311c2ea38,baseline,986e0b989c08dc350ef2bd94474b0996b2a8c9f02e995be1399e26c311c2ea38,0.34193799171049694,True,evaluation/exp_regime095_fixed6/baseline_h200_pil_cop_continuation/test.json
warmstart,exp_regime095_fixed6,baseline_h200_pil_cop_continuation,pil_cop_continuation,,test,cold_start,500,0,200,evaluation/exp_regime095_fixed6/baseline_h200_pil_cop_continuation/test.npz,cold_start_h500,54b419b9dd894753ce00d5337698b8d9bbc8a7b39e764503cac4fac771f0779e,,c39b9dd7e3997a6dc7ae399a58962adae6b5bef52d0b56f410671d30856a6226,True,1000,152.3826686139565,19.63721784405721,66.37272538494963,0.33496409897969365,33.872569341866495,4.27859791694209,known quoted arrival dates; overtaking allowed,986e0b989c08dc350ef2bd94474b0996b2a8c9f02e995be1399e26c311c2ea38,baseline,986e0b989c08dc350ef2bd94474b0996b2a8c9f02e995be1399e26c311c2ea38,0.3398859559948892,True,evaluation/exp_regime095_fixed6/baseline_h200_pil_cop_continuation/test.json
warmstart,exp_regime095_random3_9,baseline_h200_conditional_pil,conditional_pil,,test,steady,50,500,200,evaluation/exp_regime095_random3_9/baseline_h200_conditional_pil/test.npz,steady_h50,0403e2693cb0ae0103e8f9c82970dd97dad708f18b504c86cf6e8fdebfc31f98,,9d551a93c50f63b8823a86e14dd1e4396c8716452ac32c24fcb9a79b3bd5059c,True,1000,153.6403417902594,20.934773855165016,66.3527839675472,0.325941938340626,32.155462230229666,4.499473459087312,known quoted arrival dates; overtaking allowed,90c9231d695cb82cbdae46d429af7c526a3f629f04f7f81088e4a9735628880d,baseline,90c9231d695cb82cbdae46d429af7c526a3f629f04f7f81088e4a9735628880d,0.38380148738459224,True,evaluation/exp_regime095_random3_9/baseline_h200_conditional_pil/test.json
warmstart,exp_regime095_random3_9,baseline_h200_conditional_pil,conditional_pil,,test,steady,100,500,200,evaluation/exp_regime095_random3_9/baseline_h200_conditional_pil/test.npz,steady_h100,0403e2693cb0ae0103e8f9c82970dd97dad708f18b504c86cf6e8fdebfc31f98,,9d551a93c50f63b8823a86e14dd1e4396c8716452ac32c24fcb9a79b3bd5059c,True,1000,153.701170948347,20.89280670596885,66.40418212118907,0.32591064423619515,32.17284087382481,4.499473459087312,known quoted arrival dates; overtaking allowed,90c9231d695cb82cbdae46d429af7c526a3f629f04f7f81088e4a9735628880d,baseline,90c9231d695cb82cbdae46d429af7c526a3f629f04f7f81088e4a9735628880d,0.35410891916636844,True,evaluation/exp_regime095_random3_9/baseline_h200_conditional_pil/test.json
warmstart,exp_regime095_random3_9,baseline_h200_conditional_pil,conditional_pil,,test,steady,200,500,200,evaluation/exp_regime095_random3_9/baseline_h200_conditional_pil/test.npz,steady_h200,0403e2693cb0ae0103e8f9c82970dd97dad708f18b504c86cf6e8fdebfc31f98,,9d551a93c50f63b8823a86e14dd1e4396c8716452ac32c24fcb9a79b3bd5059c,True,1000,154.42645486171227,20.950849666700698,66.73780259750579,0.32520771658304004,32.17817708503961,4.499473459087312,known quoted arrival dates; overtaking allowed,90c9231d695cb82cbdae46d429af7c526a3f629f04f7f81088e4a9735628880d,baseline,90c9231d695cb82cbdae46d429af7c526a3f629f04f7f81088e4a9735628880d,0.33865026835993867,True,evaluation/exp_regime095_random3_9/baseline_h200_conditional_pil/test.json
warmstart,exp_regime095_random3_9,baseline_h200_conditional_pil,conditional_pil,,test,steady,500,500,200,evaluation/exp_regime095_random3_9/baseline_h200_conditional_pil/test.npz,steady_h500,0403e2693cb0ae0103e8f9c82970dd97dad708f18b504c86cf6e8fdebfc31f98,,9d551a93c50f63b8823a86e14dd1e4396c8716452ac32c24fcb9a79b3bd5059c,True,1000,155.45239581139987,20.692424647644476,67.37998558187769,0.3234549320718783,32.22317860804614,4.499473459087312,known quoted arrival dates; overtaking allowed,90c9231d695cb82cbdae46d429af7c526a3f629f04f7f81088e4a9735628880d,baseline,90c9231d695cb82cbdae46d429af7c526a3f629f04f7f81088e4a9735628880d,0.3280874114228491,True,evaluation/exp_regime095_random3_9/baseline_h200_conditional_pil/test.json
warmstart,exp_regime095_random3_9,baseline_h200_conditional_pil,conditional_pil,,test,cold_start,50,0,200,evaluation/exp_regime095_random3_9/baseline_h200_conditional_pil/test.npz,cold_start_h50,0403e2693cb0ae0103e8f9c82970dd97dad708f18b504c86cf6e8fdebfc31f98,,9d551a93c50f63b8823a86e14dd1e4396c8716452ac32c24fcb9a79b3bd5059c,True,1000,158.1063419873669,17.6846202619694,70.21086086269872,0.294128685912096,34.23045265815856,4.499473459087312,known quoted arrival dates; overtaking allowed,90c9231d695cb82cbdae46d429af7c526a3f629f04f7f81088e4a9735628880d,baseline,90c9231d695cb82cbdae46d429af7c526a3f629f04f7f81088e4a9735628880d,0.3468805247231166,True,evaluation/exp_regime095_random3_9/baseline_h200_conditional_pil/test.json
warmstart,exp_regime095_random3_9,baseline_h200_conditional_pil,conditional_pil,,test,cold_start,100,0,200,evaluation/exp_regime095_random3_9/baseline_h200_conditional_pil/test.npz,cold_start_h100,0403e2693cb0ae0103e8f9c82970dd97dad708f18b504c86cf6e8fdebfc31f98,,9d551a93c50f63b8823a86e14dd1e4396c8716452ac32c24fcb9a79b3bd5059c,True,1000,157.107579950786,19.203620152711295,68.95197989903735,0.3082204095028172,33.215227611638376,4.499473459087312,known quoted arrival dates; overtaking allowed,90c9231d695cb82cbdae46d429af7c526a3f629f04f7f81088e4a9735628880d,baseline,90c9231d695cb82cbdae46d429af7c526a3f629f04f7f81088e4a9735628880d,0.33377708048946175,True,evaluation/exp_regime095_random3_9/baseline_h200_conditional_pil/test.json
warmstart,exp_regime095_random3_9,baseline_h200_conditional_pil,conditional_pil,,test,cold_start,200,0,200,evaluation/exp_regime095_random3_9/baseline_h200_conditional_pil/test.npz,cold_start_h200,0403e2693cb0ae0103e8f9c82970dd97dad708f18b504c86cf6e8fdebfc31f98,,9d551a93c50f63b8823a86e14dd1e4396c8716452ac32c24fcb9a79b3bd5059c,True,1000,156.32343123077015,19.941080511268538,68.1911753597508,0.3157155047725167,32.71073678068839,4.499473459087312,known quoted arrival dates; overtaking allowed,90c9231d695cb82cbdae46d429af7c526a3f629f04f7f81088e4a9735628880d,baseline,90c9231d695cb82cbdae46d429af7c526a3f629f04f7f81088e4a9735628880d,0.32847706019294826,True,evaluation/exp_regime095_random3_9/baseline_h200_conditional_pil/test.json
warmstart,exp_regime095_random3_9,baseline_h200_conditional_pil,conditional_pil,,test,cold_start,500,0,200,evaluation/exp_regime095_random3_9/baseline_h200_conditional_pil/test.npz,cold_start_h500,0403e2693cb0ae0103e8f9c82970dd97dad708f18b504c86cf6e8fdebfc31f98,,9d551a93c50f63b8823a86e14dd1e4396c8716452ac32c24fcb9a79b3bd5059c,True,1000,156.13233300058036,20.36723226173253,67.88255036942392,0.31983608045839124,32.41197767082424,4.499473459087312,known quoted arrival dates; overtaking allowed,90c9231d695cb82cbdae46d429af7c526a3f629f04f7f81088e4a9735628880d,baseline,90c9231d695cb82cbdae46d429af7c526a3f629f04f7f81088e4a9735628880d,0.3249400283769791,True,evaluation/exp_regime095_random3_9/baseline_h200_conditional_pil/test.json
warmstart,exp_regime095_random3_9,baseline_h200_forecast_adaptive_pil,forecast_adaptive_pil,,test,steady,50,500,200,evaluation/exp_regime095_random3_9/baseline_h200_forecast_adaptive_pil/test.npz,steady_h50,0403e2693cb0ae0103e8f9c82970dd97dad708f18b504c86cf6e8fdebfc31f98,,af81b2853e62bab0ca8108b439223ff56c113edb2b982c8adaaddb0992c19dfe,True,1000,147.29158479929168,25.76773244226284,60.761926178514415,0.38273778832533556,37.74508793706024,1.5388810420408845,known quoted arrival dates; overtaking allowed,8e69309b80a3aa4c820fb2dea8aaf38e1b43ed929ca49a6fe0656dd8cb517bbf,baseline,8e69309b80a3aa4c820fb2dea8aaf38e1b43ed929ca49a6fe0656dd8cb517bbf,0.4161818107388434,True,evaluation/exp_regime095_random3_9/baseline_h200_forecast_adaptive_pil/test.json
warmstart,exp_regime095_random3_9,baseline_h200_forecast_adaptive_pil,forecast_adaptive_pil,,test,steady,100,500,200,evaluation/exp_regime095_random3_9/baseline_h200_forecast_adaptive_pil/test.npz,steady_h100,0403e2693cb0ae0103e8f9c82970dd97dad708f18b504c86cf6e8fdebfc31f98,,af81b2853e62bab0ca8108b439223ff56c113edb2b982c8adaaddb0992c19dfe,True,1000,147.07528823781612,25.46001005211688,60.80763909284961,0.38272288051361425,37.78466683338912,1.5388810420408845,known quoted arrival dates; overtaking allowed,8e69309b80a3aa4c820fb2dea8aaf38e1b43ed929ca49a6fe0656dd8cb517bbf,baseline,8e69309b80a3aa4c820fb2dea8aaf38e1b43ed929ca49a6fe0656dd8cb517bbf,0.3983264936442009,True,evaluation/exp_regime095_random3_9/baseline_h200_forecast_adaptive_pil/test.json
warmstart,exp_regime095_random3_9,baseline_h200_forecast_adaptive_pil,forecast_adaptive_pil,,test,steady,200,500,200,evaluation/exp_regime095_random3_9/baseline_h200_forecast_adaptive_pil/test.npz,steady_h200,0403e2693cb0ae0103e8f9c82970dd97dad708f18b504c86cf6e8fdebfc31f98,,af81b2853e62bab0ca8108b439223ff56c113edb2b982c8adaaddb0992c19dfe,True,1000,147.79132070207473,25.755671589104626,61.017824556485046,0.3830429597760712,37.90288543548028,1.5388810420408845,known quoted arrival dates; overtaking allowed,8e69309b80a3aa4c820fb2dea8aaf38e1b43ed929ca49a6fe0656dd8cb517bbf,baseline,8e69309b80a3aa4c820fb2dea8aaf38e1b43ed929ca49a6fe0656dd8cb517bbf,0.3905089682701456,True,evaluation/exp_regime095_random3_9/baseline_h200_forecast_adaptive_pil/test.json
warmstart,exp_regime095_random3_9,baseline_h200_forecast_adaptive_pil,forecast_adaptive_pil,,test,steady,500,500,200,evaluation/exp_regime095_random3_9/baseline_h200_forecast_adaptive_pil/test.npz,steady_h500,0403e2693cb0ae0103e8f9c82970dd97dad708f18b504c86cf6e8fdebfc31f98,,af81b2853e62bab0ca8108b439223ff56c113edb2b982c8adaaddb0992c19dfe,True,1000,149.00905596579383,25.930167798388904,61.53944408370246,0.3820983038461033,38.07273763176723,1.5388810420408845,known quoted arrival dates; overtaking allowed,8e69309b80a3aa4c820fb2dea8aaf38e1b43ed929ca49a6fe0656dd8cb517bbf,baseline,8e69309b80a3aa4c820fb2dea8aaf38e1b43ed929ca49a6fe0656dd8cb517bbf,0.38457837397994477,True,evaluation/exp_regime095_random3_9/baseline_h200_forecast_adaptive_pil/test.json
warmstart,exp_regime095_random3_9,baseline_h200_forecast_adaptive_pil,forecast_adaptive_pil,,test,cold_start,50,0,200,evaluation/exp_regime095_random3_9/baseline_h200_forecast_adaptive_pil/test.npz,cold_start_h50,0403e2693cb0ae0103e8f9c82970dd97dad708f18b504c86cf6e8fdebfc31f98,,af81b2853e62bab0ca8108b439223ff56c113edb2b982c8adaaddb0992c19dfe,True,1000,151.47178884000834,20.406449866882344,65.532669486563,0.3411613109739831,39.357163377648405,1.5388810420408845,known quoted arrival dates; overtaking allowed,8e69309b80a3aa4c820fb2dea8aaf38e1b43ed929ca49a6fe0656dd8cb517bbf,baseline,8e69309b80a3aa4c820fb2dea8aaf38e1b43ed929ca49a6fe0656dd8cb517bbf,0.3678850847708759,True,evaluation/exp_regime095_random3_9/baseline_h200_forecast_adaptive_pil/test.json
warmstart,exp_regime095_random3_9,baseline_h200_forecast_adaptive_pil,forecast_adaptive_pil,,test,cold_start,100,0,200,evaluation/exp_regime095_random3_9/baseline_h200_forecast_adaptive_pil/test.npz,cold_start_h100,0403e2693cb0ae0103e8f9c82970dd97dad708f18b504c86cf6e8fdebfc31f98,,af81b2853e62bab0ca8108b439223ff56c113edb2b982c8adaaddb0992c19dfe,True,1000,150.5213225333459,23.172885434115738,63.67421854961509,0.36117099323357066,38.70922428791925,1.5388810420408845,known quoted arrival dates; overtaking allowed,8e69309b80a3aa4c820fb2dea8aaf38e1b43ed929ca49a6fe0656dd8cb517bbf,baseline,8e69309b80a3aa4c820fb2dea8aaf38e1b43ed929ca49a6fe0656dd8cb517bbf,0.37429314477484105,True,evaluation/exp_regime095_random3_9/baseline_h200_forecast_adaptive_pil/test.json
warmstart,exp_regime095_random3_9,baseline_h200_forecast_adaptive_pil,forecast_adaptive_pil,,test,cold_start,200,0,200,evaluation/exp_regime095_random3_9/baseline_h200_forecast_adaptive_pil/test.npz,cold_start_h200,0403e2693cb0ae0103e8f9c82970dd97dad708f18b504c86cf6e8fdebfc31f98,,af81b2853e62bab0ca8108b439223ff56c113edb2b982c8adaaddb0992c19dfe,True,1000,149.94966487818658,24.653760730609303,62.647952073788645,0.3713406164993152,38.36530899202604,1.5388810420408845,known quoted arrival dates; overtaking allowed,8e69309b80a3aa4c820fb2dea8aaf38e1b43ed929ca49a6fe0656dd8cb517bbf,baseline,8e69309b80a3aa4c820fb2dea8aaf38e1b43ed929ca49a6fe0656dd8cb517bbf,0.37807024885184237,True,evaluation/exp_regime095_random3_9/baseline_h200_forecast_adaptive_pil/test.json
warmstart,exp_regime095_random3_9,baseline_h200_forecast_adaptive_pil,forecast_adaptive_pil,,test,cold_start,500,0,200,evaluation/exp_regime095_random3_9/baseline_h200_forecast_adaptive_pil/test.npz,cold_start_h500,0403e2693cb0ae0103e8f9c82970dd97dad708f18b504c86cf6e8fdebfc31f98,,af81b2853e62bab0ca8108b439223ff56c113edb2b982c8adaaddb0992c19dfe,True,1000,149.97187503813169,25.69104050371473,62.14041726720849,0.3773706270550916,38.19130943076547,1.5388810420408845,known quoted arrival dates; overtaking allowed,8e69309b80a3aa4c820fb2dea8aaf38e1b43ed929ca49a6fe0656dd8cb517bbf,baseline,8e69309b80a3aa4c820fb2dea8aaf38e1b43ed929ca49a6fe0656dd8cb517bbf,0.38011448320502517,True,evaluation/exp_regime095_random3_9/baseline_h200_forecast_adaptive_pil/test.json
warmstart,exp_regime095_random3_9,baseline_h200_pil_cop_continuation,pil_cop_continuation,,test,steady,50,500,200,evaluation/exp_regime095_random3_9/baseline_h200_pil_cop_continuation/test.npz,steady_h50,0403e2693cb0ae0103e8f9c82970dd97dad708f18b504c86cf6e8fdebfc31f98,,a93d0ecffc7e7434c43cf962e8017bd09511d1d62a88d3ef5d197a571c979dca,True,1000,151.46078065049383,23.603845756697574,63.92846744689813,0.35056984386387813,34.56891400384979,4.484714082907885,known quoted arrival dates; overtaking allowed,14deb733eb3cde39c2f3f08a7f04894f8f12533b094fef6c24912631b43bb2dc,baseline,14deb733eb3cde39c2f3f08a7f04894f8f12533b094fef6c24912631b43bb2dc,0.4067207510810348,True,evaluation/exp_regime095_random3_9/baseline_h200_pil_cop_continuation/test.json
warmstart,exp_regime095_random3_9,baseline_h200_pil_cop_continuation,pil_cop_continuation,,test,steady,100,500,200,evaluation/exp_regime095_random3_9/baseline_h200_pil_cop_continuation/test.npz,steady_h100,0403e2693cb0ae0103e8f9c82970dd97dad708f18b504c86cf6e8fdebfc31f98,,a93d0ecffc7e7434c43cf962e8017bd09511d1d62a88d3ef5d197a571c979dca,True,1000,151.55830535534736,23.592406648935693,63.982949353205825,0.35048932564733554,34.584514331456,4.484714082907885,known quoted arrival dates; overtaking allowed,14deb733eb3cde39c2f3f08a7f04894f8f12533b094fef6c24912631b43bb2dc,baseline,14deb733eb3cde39c2f3f08a7f04894f8f12533b094fef6c24912631b43bb2dc,0.3777776245450209,True,evaluation/exp_regime095_random3_9/baseline_h200_pil_cop_continuation/test.json
warmstart,exp_regime095_random3_9,baseline_h200_pil_cop_continuation,pil_cop_continuation,,test,steady,200,500,200,evaluation/exp_regime095_random3_9/baseline_h200_pil_cop_continuation/test.npz,steady_h200,0403e2693cb0ae0103e8f9c82970dd97dad708f18b504c86cf6e8fdebfc31f98,,a93d0ecffc7e7434c43cf962e8017bd09511d1d62a88d3ef5d197a571c979dca,True,1000,152.14896159791724,23.521523958587235,64.31371881966501,0.34971785872104827,34.603112808099844,4.484714082907885,known quoted arrival dates; overtaking allowed,14deb733eb3cde39c2f3f08a7f04894f8f12533b094fef6c24912631b43bb2dc,baseline,14deb733eb3cde39c2f3f08a7f04894f8f12533b094fef6c24912631b43bb2dc,0.3626562030268585,True,evaluation/exp_regime095_random3_9/baseline_h200_pil_cop_continuation/test.json
warmstart,exp_regime095_random3_9,baseline_h200_pil_cop_continuation,pil_cop_continuation,,test,steady,500,500,200,evaluation/exp_regime095_random3_9/baseline_h200_pil_cop_continuation/test.npz,steady_h500,0403e2693cb0ae0103e8f9c82970dd97dad708f18b504c86cf6e8fdebfc31f98,,a93d0ecffc7e7434c43cf962e8017bd09511d1d62a88d3ef5d197a571c979dca,True,1000,153.21374751577116,23.3148159114681,64.94946580215154,0.34785915470973133,34.654465505018756,4.484714082907885,known quoted arrival dates; overtaking allowed,14deb733eb3cde39c2f3f08a7f04894f8f12533b094fef6c24912631b43bb2dc,baseline,14deb733eb3cde39c2f3f08a7f04894f8f12533b094fef6c24912631b43bb2dc,0.3522967785593692,True,evaluation/exp_regime095_random3_9/baseline_h200_pil_cop_continuation/test.json
warmstart,exp_regime095_random3_9,baseline_h200_pil_cop_continuation,pil_cop_continuation,,test,cold_start,50,0,200,evaluation/exp_regime095_random3_9/baseline_h200_pil_cop_continuation/test.npz,cold_start_h50,0403e2693cb0ae0103e8f9c82970dd97dad708f18b504c86cf6e8fdebfc31f98,,a93d0ecffc7e7434c43cf962e8017bd09511d1d62a88d3ef5d197a571c979dca,True,1000,156.00994326140088,20.71923016660534,67.64535654739775,0.319921218293675,36.566764065240655,4.484714082907885,known quoted arrival dates; overtaking allowed,14deb733eb3cde39c2f3f08a7f04894f8f12533b094fef6c24912631b43bb2dc,baseline,14deb733eb3cde39c2f3f08a7f04894f8f12533b094fef6c24912631b43bb2dc,0.37125291756738477,True,evaluation/exp_regime095_random3_9/baseline_h200_pil_cop_continuation/test.json
warmstart,exp_regime095_random3_9,baseline_h200_pil_cop_continuation,pil_cop_continuation,,test,cold_start,100,0,200,evaluation/exp_regime095_random3_9/baseline_h200_pil_cop_continuation/test.npz,cold_start_h100,0403e2693cb0ae0103e8f9c82970dd97dad708f18b504c86cf6e8fdebfc31f98,,a93d0ecffc7e7434c43cf962e8017bd09511d1d62a88d3ef5d197a571c979dca,True,1000,154.97484342239122,22.106327616388825,66.4342579030012,0.3334801437983942,35.61499709651527,4.484714082907885,known quoted arrival dates; overtaking allowed,14deb733eb3cde39c2f3f08a7f04894f8f12533b094fef6c24912631b43bb2dc,baseline,14deb733eb3cde39c2f3f08a7f04894f8f12533b094fef6c24912631b43bb2dc,0.35820981445115263,True,evaluation/exp_regime095_random3_9/baseline_h200_pil_cop_continuation/test.json
warmstart,exp_regime095_random3_9,baseline_h200_pil_cop_continuation,pil_cop_continuation,,test,cold_start,200,0,200,evaluation/exp_regime095_random3_9/baseline_h200_pil_cop_continuation/test.npz,cold_start_h200,0403e2693cb0ae0103e8f9c82970dd97dad708f18b504c86cf6e8fdebfc31f98,,a93d0ecffc7e7434c43cf962e8017bd09511d1d62a88d3ef5d197a571c979dca,True,1000,154.20432891342492,22.741232727089674,65.73154809316762,0.3403973612397547,35.1111991414936,4.484714082907885,known quoted arrival dates; overtaking allowed,14deb733eb3cde39c2f3f08a7f04894f8f12533b094fef6c24912631b43bb2dc,baseline,14deb733eb3cde39c2f3f08a7f04894f8f12533b094fef6c24912631b43bb2dc,0.3527440181061695,True,evaluation/exp_regime095_random3_9/baseline_h200_pil_cop_continuation/test.json
warmstart,exp_regime095_random3_9,baseline_h200_pil_cop_continuation,pil_cop_continuation,,test,cold_start,500,0,200,evaluation/exp_regime095_random3_9/baseline_h200_pil_cop_continuation/test.npz,cold_start_h500,0403e2693cb0ae0103e8f9c82970dd97dad708f18b504c86cf6e8fdebfc31f98,,a93d0ecffc7e7434c43cf962e8017bd09511d1d62a88d3ef5d197a571c979dca,True,1000,153.9722282772461,23.11341432389085,65.42940697667761,0.34441588213242336,34.84025564676037,4.484714082907885,known quoted arrival dates; overtaking allowed,14deb733eb3cde39c2f3f08a7f04894f8f12533b094fef6c24912631b43bb2dc,baseline,14deb733eb3cde39c2f3f08a7f04894f8f12533b094fef6c24912631b43bb2dc,0.3493481400604864,True,evaluation/exp_regime095_random3_9/baseline_h200_pil_cop_continuation/test.json
capped,exp_ar_neg06_fixed6,baseline_h200_conditional_pil,conditional_pil,,test,steady,50,500,200,evaluation/exp_ar_neg06_fixed6/baseline_h200_conditional_pil/test.npz,steady_h50,25c5af7d9ab50e3740276c5a8e4870a1c5223c5ba89977ba26b8b195b3d449b3,,c18e446cd9901ba72fc4b3f17c0bb5fffd00d47a88a4e373f36647ccd7cf073b,True,1000,99.4147817946614,35.166826142169526,32.12397782624593,0.6768582863795288,67.30621517907338,1.7856167091522366,known quoted arrival dates; overtaking allowed,d386363d49931df4aba662ef3d2017c9f8f32e0b0e8a1a91504049e016ac50ad,baseline,d386363d49931df4aba662ef3d2017c9f8f32e0b0e8a1a91504049e016ac50ad,0.6841057815079827,True,evaluation/exp_ar_neg06_fixed6/baseline_h200_conditional_pil/test.json
capped,exp_ar_neg06_fixed6,baseline_h200_conditional_pil,conditional_pil,,test,steady,100,500,200,evaluation/exp_ar_neg06_fixed6/baseline_h200_conditional_pil/test.npz,steady_h100,25c5af7d9ab50e3740276c5a8e4870a1c5223c5ba89977ba26b8b195b3d449b3,,c18e446cd9901ba72fc4b3f17c0bb5fffd00d47a88a4e373f36647ccd7cf073b,True,1000,99.69645678722861,35.30902469475493,32.193716046236844,0.6764141277209255,67.29219838096252,1.7856167091522366,known quoted arrival dates; overtaking allowed,d386363d49931df4aba662ef3d2017c9f8f32e0b0e8a1a91504049e016ac50ad,baseline,d386363d49931df4aba662ef3d2017c9f8f32e0b0e8a1a91504049e016ac50ad,0.6802127144653012,True,evaluation/exp_ar_neg06_fixed6/baseline_h200_conditional_pil/test.json
capped,exp_ar_neg06_fixed6,baseline_h200_conditional_pil,conditional_pil,,test,steady,200,500,200,evaluation/exp_ar_neg06_fixed6/baseline_h200_conditional_pil/test.npz,steady_h200,25c5af7d9ab50e3740276c5a8e4870a1c5223c5ba89977ba26b8b195b3d449b3,,c18e446cd9901ba72fc4b3f17c0bb5fffd00d47a88a4e373f36647ccd7cf073b,True,1000,99.95988235996779,35.20098877800952,32.37944679097914,0.6751669730864372,67.30660279272846,1.7856167091522366,known quoted arrival dates; overtaking allowed,d386363d49931df4aba662ef3d2017c9f8f32e0b0e8a1a91504049e016ac50ad,baseline,d386363d49931df4aba662ef3d2017c9f8f32e0b0e8a1a91504049e016ac50ad,0.6770465739683829,True,evaluation/exp_ar_neg06_fixed6/baseline_h200_conditional_pil/test.json
capped,exp_ar_neg06_fixed6,baseline_h200_conditional_pil,conditional_pil,,test,steady,500,500,200,evaluation/exp_ar_neg06_fixed6/baseline_h200_conditional_pil/test.npz,steady_h500,25c5af7d9ab50e3740276c5a8e4870a1c5223c5ba89977ba26b8b195b3d449b3,,c18e446cd9901ba72fc4b3f17c0bb5fffd00d47a88a4e373f36647ccd7cf073b,True,1000,100.24756750197959,35.066311378529626,32.590628061724985,0.6737779483755669,67.31664934153729,1.7856167091522366,known quoted arrival dates; overtaking allowed,d386363d49931df4aba662ef3d2017c9f8f32e0b0e8a1a91504049e016ac50ad,baseline,d386363d49931df4aba662ef3d2017c9f8f32e0b0e8a1a91504049e016ac50ad,0.6745419947172971,True,evaluation/exp_ar_neg06_fixed6/baseline_h200_conditional_pil/test.json
capped,exp_ar_neg06_fixed6,baseline_h200_conditional_pil,conditional_pil,,test,cold_start,50,0,200,evaluation/exp_ar_neg06_fixed6/baseline_h200_conditional_pil/test.npz,cold_start_h50,25c5af7d9ab50e3740276c5a8e4870a1c5223c5ba89977ba26b8b195b3d449b3,,c18e446cd9901ba72fc4b3f17c0bb5fffd00d47a88a4e373f36647ccd7cf073b,True,1000,111.6357114512477,31.112100122856333,40.26180566419569,0.5953239805593109,68.0138863659234,1.7856167091522366,known quoted arrival dates; overtaking allowed,d386363d49931df4aba662ef3d2017c9f8f32e0b0e8a1a91504049e016ac50ad,baseline,d386363d49931df4aba662ef3d2017c9f8f32e0b0e8a1a91504049e016ac50ad,0.6018652517673811,True,evaluation/exp_ar_neg06_fixed6/baseline_h200_conditional_pil/test.json
capped,exp_ar_neg06_fixed6,baseline_h200_conditional_pil,conditional_pil,,test,cold_start,100,0,200,evaluation/exp_ar_neg06_fixed6/baseline_h200_conditional_pil/test.npz,cold_start_h100,25c5af7d9ab50e3740276c5a8e4870a1c5223c5ba89977ba26b8b195b3d449b3,,c18e446cd9901ba72fc4b3f17c0bb5fffd00d47a88a4e373f36647ccd7cf073b,True,1000,106.2384054487148,33.079602146899994,36.57940165090741,0.633742233510071,67.66541825407238,1.7856167091522366,known quoted arrival dates; overtaking allowed,d386363d49931df4aba662ef3d2017c9f8f32e0b0e8a1a91504049e016ac50ad,baseline,d386363d49931df4aba662ef3d2017c9f8f32e0b0e8a1a91504049e016ac50ad,0.6374087499889807,True,evaluation/exp_ar_neg06_fixed6/baseline_h200_conditional_pil/test.json
capped,exp_ar_neg06_fixed6,baseline_h200_conditional_pil,conditional_pil,,test,cold_start,200,0,200,evaluation/exp_ar_neg06_fixed6/baseline_h200_conditional_pil/test.npz,cold_start_h200,25c5af7d9ab50e3740276c5a8e4870a1c5223c5ba89977ba26b8b195b3d449b3,,c18e446cd9901ba72fc4b3f17c0bb5fffd00d47a88a4e373f36647ccd7cf073b,True,1000,102.99627789176344,34.170701154622,34.41278836857071,0.6548808068692429,67.48695227471427,1.7856167091522366,known quoted arrival dates; overtaking allowed,d386363d49931df4aba662ef3d2017c9f8f32e0b0e8a1a91504049e016ac50ad,baseline,d386363d49931df4aba662ef3d2017c9f8f32e0b0e8a1a91504049e016ac50ad,0.6567396784790617,True,evaluation/exp_ar_neg06_fixed6/baseline_h200_conditional_pil/test.json
capped,exp_ar_neg06_fixed6,baseline_h200_conditional_pil,conditional_pil,,test,cold_start,500,0,200,evaluation/exp_ar_neg06_fixed6/baseline_h200_conditional_pil/test.npz,cold_start_h500,25c5af7d9ab50e3740276c5a8e4870a1c5223c5ba89977ba26b8b195b3d449b3,,c18e446cd9901ba72fc4b3f17c0bb5fffd00d47a88a4e373f36647ccd7cf073b,True,1000,101.17521618746983,34.72355989920118,33.225828144134326,0.6668486867213113,67.38324326956197,1.7856167091522366,known quoted arrival dates; overtaking allowed,d386363d49931df4aba662ef3d2017c9f8f32e0b0e8a1a91504049e016ac50ad,baseline,d386363d49931df4aba662ef3d2017c9f8f32e0b0e8a1a91504049e016ac50ad,0.6675565055771795,True,evaluation/exp_ar_neg06_fixed6/baseline_h200_conditional_pil/test.json
capped,exp_ar_neg06_fixed6,baseline_h200_forecast_adaptive_pil,forecast_adaptive_pil,,test,steady,50,500,200,evaluation/exp_ar_neg06_fixed6/baseline_h200_forecast_adaptive_pil/test.npz,steady_h50,25c5af7d9ab50e3740276c5a8e4870a1c5223c5ba89977ba26b8b195b3d449b3,,4592b9be343bf2a66f16837f73a60f281224a831e653f43ba942480a68dc24fc,True,1000,99.53698139860504,35.383864102289465,32.07655864815778,0.6773352856648839,67.35435528932956,1.384350375039503,known quoted arrival dates; overtaking allowed,98ea81b72c244c18e0b8320d6c82bdd2a8c096bd5c737bca047a28ead516280e,baseline,98ea81b72c244c18e0b8320d6c82bdd2a8c096bd5c737bca047a28ead516280e,0.6847349337536517,True,evaluation/exp_ar_neg06_fixed6/baseline_h200_forecast_adaptive_pil/test.json
capped,exp_ar_neg06_fixed6,baseline_h200_forecast_adaptive_pil,forecast_adaptive_pil,,test,steady,100,500,200,evaluation/exp_ar_neg06_fixed6/baseline_h200_forecast_adaptive_pil/test.npz,steady_h100,25c5af7d9ab50e3740276c5a8e4870a1c5223c5ba89977ba26b8b195b3d449b3,,4592b9be343bf2a66f16837f73a60f281224a831e653f43ba942480a68dc24fc,True,1000,99.75381860324258,35.468552238173714,32.14263318253444,0.6769275724250385,67.34663574350448,1.384350375039503,known quoted arrival dates; overtaking allowed,98ea81b72c244c18e0b8320d6c82bdd2a8c096bd5c737bca047a28ead516280e,baseline,98ea81b72c244c18e0b8320d6c82bdd2a8c096bd5c737bca047a28ead516280e,0.6808133661157522,True,evaluation/exp_ar_neg06_fixed6/baseline_h200_forecast_adaptive_pil/test.json
capped,exp_ar_neg06_fixed6,baseline_h200_forecast_adaptive_pil,forecast_adaptive_pil,,test,steady,200,500,200,evaluation/exp_ar_neg06_fixed6/baseline_h200_forecast_adaptive_pil/test.npz,steady_h200,25c5af7d9ab50e3740276c5a8e4870a1c5223c5ba89977ba26b8b195b3d449b3,,4592b9be343bf2a66f16837f73a60f281224a831e653f43ba942480a68dc24fc,True,1000,100.00697023518077,35.34908243998104,32.32894389759986,0.6756736218822054,67.35769318615965,1.384350375039503,known quoted arrival dates; overtaking allowed,98ea81b72c244c18e0b8320d6c82bdd2a8c096bd5c737bca047a28ead516280e,baseline,98ea81b72c244c18e0b8320d6c82bdd2a8c096bd5c737bca047a28ead516280e,0.6775975384514372,True,evaluation/exp_ar_neg06_fixed6/baseline_h200_forecast_adaptive_pil/test.json
capped,exp_ar_neg06_fixed6,baseline_h200_forecast_adaptive_pil,forecast_adaptive_pil,,test,steady,500,500,200,evaluation/exp_ar_neg06_fixed6/baseline_h200_forecast_adaptive_pil/test.npz,steady_h500,25c5af7d9ab50e3740276c5a8e4870a1c5223c5ba89977ba26b8b195b3d449b3,,4592b9be343bf2a66f16837f73a60f281224a831e653f43ba942480a68dc24fc,True,1000,100.24771874869364,35.167890655219495,32.539914046737074,0.674285579894178,67.36747041202268,1.384350375039503,known quoted arrival dates; overtaking allowed,98ea81b72c244c18e0b8320d6c82bdd2a8c096bd5c737bca047a28ead516280e,baseline,98ea81b72c244c18e0b8320d6c82bdd2a8c096bd5c737bca047a28ead516280e,0.6750659429612332,True,evaluation/exp_ar_neg06_fixed6/baseline_h200_forecast_adaptive_pil/test.json
capped,exp_ar_neg06_fixed6,baseline_h200_forecast_adaptive_pil,forecast_adaptive_pil,,test,cold_start,50,0,200,evaluation/exp_ar_neg06_fixed6/baseline_h200_forecast_adaptive_pil/test.npz,cold_start_h50,25c5af7d9ab50e3740276c5a8e4870a1c5223c5ba89977ba26b8b195b3d449b3,,4592b9be343bf2a66f16837f73a60f281224a831e653f43ba942480a68dc24fc,True,1000,111.6743775207906,30.71808643408769,40.47814554335145,0.5931495236590609,67.80136734954102,1.384350375039503,known quoted arrival dates; overtaking allowed,98ea81b72c244c18e0b8320d6c82bdd2a8c096bd5c737bca047a28ead516280e,baseline,98ea81b72c244c18e0b8320d6c82bdd2a8c096bd5c737bca047a28ead516280e,0.5998111669738634,True,evaluation/exp_ar_neg06_fixed6/baseline_h200_forecast_adaptive_pil/test.json
capped,exp_ar_neg06_fixed6,baseline_h200_forecast_adaptive_pil,forecast_adaptive_pil,,test,cold_start,100,0,200,evaluation/exp_ar_neg06_fixed6/baseline_h200_forecast_adaptive_pil/test.npz,cold_start_h100,25c5af7d9ab50e3740276c5a8e4870a1c5223c5ba89977ba26b8b195b3d449b3,,4592b9be343bf2a66f16837f73a60f281224a831e653f43ba942480a68dc24fc,True,1000,106.24468155063725,32.921300285463694,36.66169063258679,0.6329183004418307,67.58533409154033,1.384350375039503,known quoted arrival dates; overtaking allowed,98ea81b72c244c18e0b8320d6c82bdd2a8c096bd5c737bca047a28ead516280e,baseline,98ea81b72c244c18e0b8320d6c82bdd2a8c096bd5c737bca047a28ead516280e,0.6366604926002313,True,evaluation/exp_ar_neg06_fixed6/baseline_h200_forecast_adaptive_pil/test.json
capped,exp_ar_neg06_fixed6,baseline_h200_forecast_adaptive_pil,forecast_adaptive_pil,,test,cold_start,200,0,200,evaluation/exp_ar_neg06_fixed6/baseline_h200_forecast_adaptive_pil/test.npz,cold_start_h200,25c5af7d9ab50e3740276c5a8e4870a1c5223c5ba89977ba26b8b195b3d449b3,,4592b9be343bf2a66f16837f73a60f281224a831e653f43ba942480a68dc24fc,True,1000,102.99853425795094,34.14559834266527,34.42646795764284,0.6547436169184498,67.47777320617192,1.384350375039503,known quoted arrival dates; overtaking allowed,98ea81b72c244c18e0b8320d6c82bdd2a8c096bd5c737bca047a28ead516280e,baseline,98ea81b72c244c18e0b8320d6c82bdd2a8c096bd5c737bca047a28ead516280e,0.65664390964983,True,evaluation/exp_ar_neg06_fixed6/baseline_h200_forecast_adaptive_pil/test.json
capped,exp_ar_neg06_fixed6,baseline_h200_forecast_adaptive_pil,forecast_adaptive_pil,,test,cold_start,500,0,200,evaluation/exp_ar_neg06_fixed6/baseline_h200_forecast_adaptive_pil/test.npz,cold_start_h500,25c5af7d9ab50e3740276c5a8e4870a1c5223c5ba89977ba26b8b195b3d449b3,,4592b9be343bf2a66f16837f73a60f281224a831e653f43ba942480a68dc24fc,True,1000,101.15440741710435,34.757390342148476,33.19850853747793,0.6671226170744194,67.41122765405551,1.384350375039503,known quoted arrival dates; overtaking allowed,98ea81b72c244c18e0b8320d6c82bdd2a8c096bd5c737bca047a28ead516280e,baseline,98ea81b72c244c18e0b8320d6c82bdd2a8c096bd5c737bca047a28ead516280e,0.667846315098491,True,evaluation/exp_ar_neg06_fixed6/baseline_h200_forecast_adaptive_pil/test.json
capped,exp_ar_neg06_fixed6,baseline_h200_pil_cop_continuation,pil_cop_continuation,,test,steady,50,500,200,evaluation/exp_ar_neg06_fixed6/baseline_h200_pil_cop_continuation/test.npz,steady_h50,25c5af7d9ab50e3740276c5a8e4870a1c5223c5ba89977ba26b8b195b3d449b3,,0236789bac3ddf4041e6ee847af16ba4ff3f96349862f7c870677d56e6f28a24,True,1000,99.4147817946614,35.166826142169526,32.12397782624593,0.6768582863795288,67.30621517907338,1.313223541015759,known quoted arrival dates; overtaking allowed,d386363d49931df4aba662ef3d2017c9f8f32e0b0e8a1a91504049e016ac50ad,baseline,d386363d49931df4aba662ef3d2017c9f8f32e0b0e8a1a91504049e016ac50ad,0.6841057815079827,True,evaluation/exp_ar_neg06_fixed6/baseline_h200_pil_cop_continuation/test.json
capped,exp_ar_neg06_fixed6,baseline_h200_pil_cop_continuation,pil_cop_continuation,,test,steady,100,500,200,evaluation/exp_ar_neg06_fixed6/baseline_h200_pil_cop_continuation/test.npz,steady_h100,25c5af7d9ab50e3740276c5a8e4870a1c5223c5ba89977ba26b8b195b3d449b3,,0236789bac3ddf4041e6ee847af16ba4ff3f96349862f7c870677d56e6f28a24,True,1000,99.69645678722861,35.30902469475493,32.193716046236844,0.6764141277209255,67.29219838096252,1.313223541015759,known quoted arrival dates; overtaking allowed,d386363d49931df4aba662ef3d2017c9f8f32e0b0e8a1a91504049e016ac50ad,baseline,d386363d49931df4aba662ef3d2017c9f8f32e0b0e8a1a91504049e016ac50ad,0.6802127144653012,True,evaluation/exp_ar_neg06_fixed6/baseline_h200_pil_cop_continuation/test.json
capped,exp_ar_neg06_fixed6,baseline_h200_pil_cop_continuation,pil_cop_continuation,,test,steady,200,500,200,evaluation/exp_ar_neg06_fixed6/baseline_h200_pil_cop_continuation/test.npz,steady_h200,25c5af7d9ab50e3740276c5a8e4870a1c5223c5ba89977ba26b8b195b3d449b3,,0236789bac3ddf4041e6ee847af16ba4ff3f96349862f7c870677d56e6f28a24,True,1000,99.95988235996779,35.20098877800952,32.37944679097914,0.6751669730864372,67.30660279272846,1.313223541015759,known quoted arrival dates; overtaking allowed,d386363d49931df4aba662ef3d2017c9f8f32e0b0e8a1a91504049e016ac50ad,baseline,d386363d49931df4aba662ef3d2017c9f8f32e0b0e8a1a91504049e016ac50ad,0.6770465739683829,True,evaluation/exp_ar_neg06_fixed6/baseline_h200_pil_cop_continuation/test.json
capped,exp_ar_neg06_fixed6,baseline_h200_pil_cop_continuation,pil_cop_continuation,,test,steady,500,500,200,evaluation/exp_ar_neg06_fixed6/baseline_h200_pil_cop_continuation/test.npz,steady_h500,25c5af7d9ab50e3740276c5a8e4870a1c5223c5ba89977ba26b8b195b3d449b3,,0236789bac3ddf4041e6ee847af16ba4ff3f96349862f7c870677d56e6f28a24,True,1000,100.24756750197959,35.066311378529626,32.590628061724985,0.6737779483755669,67.31664934153729,1.313223541015759,known quoted arrival dates; overtaking allowed,d386363d49931df4aba662ef3d2017c9f8f32e0b0e8a1a91504049e016ac50ad,baseline,d386363d49931df4aba662ef3d2017c9f8f32e0b0e8a1a91504049e016ac50ad,0.6745419947172971,True,evaluation/exp_ar_neg06_fixed6/baseline_h200_pil_cop_continuation/test.json
capped,exp_ar_neg06_fixed6,baseline_h200_pil_cop_continuation,pil_cop_continuation,,test,cold_start,50,0,200,evaluation/exp_ar_neg06_fixed6/baseline_h200_pil_cop_continuation/test.npz,cold_start_h50,25c5af7d9ab50e3740276c5a8e4870a1c5223c5ba89977ba26b8b195b3d449b3,,0236789bac3ddf4041e6ee847af16ba4ff3f96349862f7c870677d56e6f28a24,True,1000,111.6357114512477,31.112100122856333,40.26180566419569,0.5953239805593109,68.0138863659234,1.313223541015759,known quoted arrival dates; overtaking allowed,d386363d49931df4aba662ef3d2017c9f8f32e0b0e8a1a91504049e016ac50ad,baseline,d386363d49931df4aba662ef3d2017c9f8f32e0b0e8a1a91504049e016ac50ad,0.6018652517673811,True,evaluation/exp_ar_neg06_fixed6/baseline_h200_pil_cop_continuation/test.json
capped,exp_ar_neg06_fixed6,baseline_h200_pil_cop_continuation,pil_cop_continuation,,test,cold_start,100,0,200,evaluation/exp_ar_neg06_fixed6/baseline_h200_pil_cop_continuation/test.npz,cold_start_h100,25c5af7d9ab50e3740276c5a8e4870a1c5223c5ba89977ba26b8b195b3d449b3,,0236789bac3ddf4041e6ee847af16ba4ff3f96349862f7c870677d56e6f28a24,True,1000,106.2384054487148,33.079602146899994,36.57940165090741,0.633742233510071,67.66541825407238,1.313223541015759,known quoted arrival dates; overtaking allowed,d386363d49931df4aba662ef3d2017c9f8f32e0b0e8a1a91504049e016ac50ad,baseline,d386363d49931df4aba662ef3d2017c9f8f32e0b0e8a1a91504049e016ac50ad,0.6374087499889807,True,evaluation/exp_ar_neg06_fixed6/baseline_h200_pil_cop_continuation/test.json
capped,exp_ar_neg06_fixed6,baseline_h200_pil_cop_continuation,pil_cop_continuation,,test,cold_start,200,0,200,evaluation/exp_ar_neg06_fixed6/baseline_h200_pil_cop_continuation/test.npz,cold_start_h200,25c5af7d9ab50e3740276c5a8e4870a1c5223c5ba89977ba26b8b195b3d449b3,,0236789bac3ddf4041e6ee847af16ba4ff3f96349862f7c870677d56e6f28a24,True,1000,102.99627789176344,34.170701154622,34.41278836857071,0.6548808068692429,67.48695227471427,1.313223541015759,known quoted arrival dates; overtaking allowed,d386363d49931df4aba662ef3d2017c9f8f32e0b0e8a1a91504049e016ac50ad,baseline,d386363d49931df4aba662ef3d2017c9f8f32e0b0e8a1a91504049e016ac50ad,0.6567396784790617,True,evaluation/exp_ar_neg06_fixed6/baseline_h200_pil_cop_continuation/test.json
capped,exp_ar_neg06_fixed6,baseline_h200_pil_cop_continuation,pil_cop_continuation,,test,cold_start,500,0,200,evaluation/exp_ar_neg06_fixed6/baseline_h200_pil_cop_continuation/test.npz,cold_start_h500,25c5af7d9ab50e3740276c5a8e4870a1c5223c5ba89977ba26b8b195b3d449b3,,0236789bac3ddf4041e6ee847af16ba4ff3f96349862f7c870677d56e6f28a24,True,1000,101.17521618746983,34.72355989920118,33.225828144134326,0.6668486867213113,67.38324326956197,1.313223541015759,known quoted arrival dates; overtaking allowed,d386363d49931df4aba662ef3d2017c9f8f32e0b0e8a1a91504049e016ac50ad,baseline,d386363d49931df4aba662ef3d2017c9f8f32e0b0e8a1a91504049e016ac50ad,0.6675565055771795,True,evaluation/exp_ar_neg06_fixed6/baseline_h200_pil_cop_continuation/test.json
capped,exp_ar_neg06_fixed6,self_evolve_h200_r1,self_evolve,1,test,steady,50,500,200,evaluation/exp_ar_neg06_fixed6/self_evolve_h200_r1/test.npz,steady_h50,25c5af7d9ab50e3740276c5a8e4870a1c5223c5ba89977ba26b8b195b3d449b3,7c95e942f2496c7b9eb663c7e8414cad177b2809e370d82689a1f7e4ee269d8c,,True,1000,99.43546723913317,35.40351013313743,32.015978552997865,0.6779446733274936,67.41018958561367,1.2028077919967473,known quoted arrival dates; overtaking allowed,06a6e4215dd50e51dcd5c025c7c05f7aeda3abe5b64787952147e1a6580dfc3c,primary,06a6e4215dd50e51dcd5c025c7c05f7aeda3abe5b64787952147e1a6580dfc3c,0.6851582046953812,True,evaluation/exp_ar_neg06_fixed6/self_evolve_h200_r1/test.json
capped,exp_ar_neg06_fixed6,self_evolve_h200_r1,self_evolve,1,test,steady,100,500,200,evaluation/exp_ar_neg06_fixed6/self_evolve_h200_r1/test.npz,steady_h100,25c5af7d9ab50e3740276c5a8e4870a1c5223c5ba89977ba26b8b195b3d449b3,7c95e942f2496c7b9eb663c7e8414cad177b2809e370d82689a1f7e4ee269d8c,,True,1000,99.74156700071453,35.56504583379408,32.088260583460226,0.6774740829575363,67.3987855901868,1.2028077919967473,known quoted arrival dates; overtaking allowed,06a6e4215dd50e51dcd5c025c7c05f7aeda3abe5b64787952147e1a6580dfc3c,primary,06a6e4215dd50e51dcd5c025c7c05f7aeda3abe5b64787952147e1a6580dfc3c,0.6812492470059197,True,evaluation/exp_ar_neg06_fixed6/self_evolve_h200_r1/test.json
capped,exp_ar_neg06_fixed6,self_evolve_h200_r1,self_evolve,1,test,steady,200,500,200,evaluation/exp_ar_neg06_fixed6/self_evolve_h200_r1/test.npz,steady_h200,25c5af7d9ab50e3740276c5a8e4870a1c5223c5ba89977ba26b8b195b3d449b3,7c95e942f2496c7b9eb663c7e8414cad177b2809e370d82689a1f7e4ee269d8c,,True,1000,99.99617321448885,35.445072520073,32.27555034720792,0.6762092699648746,67.40915808781567,1.2028077919967473,known quoted arrival dates; overtaking allowed,06a6e4215dd50e51dcd5c025c7c05f7aeda3abe5b64787952147e1a6580dfc3c,primary,06a6e4215dd50e51dcd5c025c7c05f7aeda3abe5b64787952147e1a6580dfc3c,0.6780774667133367,True,evaluation/exp_ar_neg06_fixed6/self_evolve_h200_r1/test.json
capped,exp_ar_neg06_fixed6,self_evolve_h200_r1,self_evolve,1,test,steady,500,500,200,evaluation/exp_ar_neg06_fixed6/self_evolve_h200_r1/test.npz,steady_h500,25c5af7d9ab50e3740276c5a8e4870a1c5223c5ba89977ba26b8b195b3d449b3,7c95e942f2496c7b9eb663c7e8414cad177b2809e370d82689a1f7e4ee269d8c,,True,1000,100.29211082925977,35.3159725035918,32.48806916283399,0.6748045310589443,67.41902008119112,1.2028077919967473,known quoted arrival dates; overtaking allowed,06a6e4215dd50e51dcd5c025c7c05f7aeda3abe5b64787952147e1a6580dfc3c,primary,06a6e4215dd50e51dcd5c025c7c05f7aeda3abe5b64787952147e1a6580dfc3c,0.6755640588254118,True,evaluation/exp_ar_neg06_fixed6/self_evolve_h200_r1/test.json
capped,exp_ar_neg06_fixed6,self_evolve_h200_r1,self_evolve,1,test,cold_start,50,0,200,evaluation/exp_ar_neg06_fixed6/self_evolve_h200_r1/test.npz,cold_start_h50,25c5af7d9ab50e3740276c5a8e4870a1c5223c5ba89977ba26b8b195b3d449b3,7c95e942f2496c7b9eb663c7e8414cad177b2809e370d82689a1f7e4ee269d8c,,True,1000,112.94668897804416,34.88426930857556,39.0312098347343,0.6076928401668573,69.25946129678874,1.2028077919967473,known quoted arrival dates; overtaking allowed,06a6e4215dd50e51dcd5c025c7c05f7aeda3abe5b64787952147e1a6580dfc3c,primary,06a6e4215dd50e51dcd5c025c7c05f7aeda3abe5b64787952147e1a6580dfc3c,0.6142761048777079,True,evaluation/exp_ar_neg06_fixed6/self_evolve_h200_r1/test.json
capped,exp_ar_neg06_fixed6,self_evolve_h200_r1,self_evolve,1,test,cold_start,100,0,200,evaluation/exp_ar_neg06_fixed6/self_evolve_h200_r1/test.npz,cold_start_h100,25c5af7d9ab50e3740276c5a8e4870a1c5223c5ba89977ba26b8b195b3d449b3,7c95e942f2496c7b9eb663c7e8414cad177b2809e370d82689a1f7e4ee269d8c,,True,1000,106.93314682337508,35.103551059194736,35.91479788209016,0.6403966969780854,68.33868975686708,1.2028077919967473,known quoted arrival dates; overtaking allowed,06a6e4215dd50e51dcd5c025c7c05f7aeda3abe5b64787952147e1a6580dfc3c,primary,06a6e4215dd50e51dcd5c025c7c05f7aeda3abe5b64787952147e1a6580dfc3c,0.6440676208437772,True,evaluation/exp_ar_neg06_fixed6/self_evolve_h200_r1/test.json
capped,exp_ar_neg06_fixed6,self_evolve_h200_r1,self_evolve,1,test,cold_start,200,0,200,evaluation/exp_ar_neg06_fixed6/self_evolve_h200_r1/test.npz,cold_start_h200,25c5af7d9ab50e3740276c5a8e4870a1c5223c5ba89977ba26b8b195b3d449b3,7c95e942f2496c7b9eb663c7e8414cad177b2809e370d82689a1f7e4ee269d8c,,True,1000,103.37445320352157,35.31090098054398,34.031776111488796,0.6587019050414891,67.87093663845208,1.2028077919967473,known quoted arrival dates; overtaking allowed,06a6e4215dd50e51dcd5c025c7c05f7aeda3abe5b64787952147e1a6580dfc3c,primary,06a6e4215dd50e51dcd5c025c7c05f7aeda3abe5b64787952147e1a6580dfc3c,0.6605540296551557,True,evaluation/exp_ar_neg06_fixed6/self_evolve_h200_r1/test.json
capped,exp_ar_neg06_fixed6,self_evolve_h200_r1,self_evolve,1,test,cold_start,500,0,200,evaluation/exp_ar_neg06_fixed6/self_evolve_h200_r1/test.npz,cold_start_h500,25c5af7d9ab50e3740276c5a8e4870a1c5223c5ba89977ba26b8b195b3d449b3,7c95e942f2496c7b9eb663c7e8414cad177b2809e370d82689a1f7e4ee269d8c,,True,1000,101.35505791107589,35.33000897411649,33.012524468479704,0.6689874565771968,67.59854723164115,1.2028077919967473,known quoted arrival dates; overtaking allowed,06a6e4215dd50e51dcd5c025c7c05f7aeda3abe5b64787952147e1a6580dfc3c,primary,06a6e4215dd50e51dcd5c025c7c05f7aeda3abe5b64787952147e1a6580dfc3c,0.6696920383274027,True,evaluation/exp_ar_neg06_fixed6/self_evolve_h200_r1/test.json
capped,exp_ar_neg06_fixed6,self_evolve_h200_r2,self_evolve,2,test,steady,50,500,200,evaluation/exp_ar_neg06_fixed6/self_evolve_h200_r2/test.npz,steady_h50,25c5af7d9ab50e3740276c5a8e4870a1c5223c5ba89977ba26b8b195b3d449b3,0d6afe042d99ee13e011d5d997e7e237797cbc7f0b40a305412e1a1b95351b23,,True,1000,104.8298709355155,36.35413331636738,34.23786880957405,0.6555942213109301,65.18195260194827,0.5261285831220448,known quoted arrival dates; overtaking allowed,570b205809c6105ab9a415f45b2163b8a3587c28224379145088200bd52538fd,primary,570b205809c6105ab9a415f45b2163b8a3587c28224379145088200bd52538fd,0.6624438289555373,True,evaluation/exp_ar_neg06_fixed6/self_evolve_h200_r2/test.json
capped,exp_ar_neg06_fixed6,self_evolve_h200_r2,self_evolve,2,test,steady,100,500,200,evaluation/exp_ar_neg06_fixed6/self_evolve_h200_r2/test.npz,steady_h100,25c5af7d9ab50e3740276c5a8e4870a1c5223c5ba89977ba26b8b195b3d449b3,0d6afe042d99ee13e011d5d997e7e237797cbc7f0b40a305412e1a1b95351b23,,True,1000,105.26913539982797,36.56749251314477,34.3508214433416,0.6547326035838064,65.12133004041578,0.5261285831220448,known quoted arrival dates; overtaking allowed,570b205809c6105ab9a415f45b2163b8a3587c28224379145088200bd52538fd,primary,570b205809c6105ab9a415f45b2163b8a3587c28224379145088200bd52538fd,0.6583320904365347,True,evaluation/exp_ar_neg06_fixed6/self_evolve_h200_r2/test.json
capped,exp_ar_neg06_fixed6,self_evolve_h200_r2,self_evolve,2,test,steady,200,500,200,evaluation/exp_ar_neg06_fixed6/self_evolve_h200_r2/test.npz,steady_h200,25c5af7d9ab50e3740276c5a8e4870a1c5223c5ba89977ba26b8b195b3d449b3,0d6afe042d99ee13e011d5d997e7e237797cbc7f0b40a305412e1a1b95351b23,,True,1000,105.46983254146326,36.42035860400686,34.524736968728206,0.6536452619051238,65.16305541590931,0.5261285831220448,known quoted arrival dates; overtaking allowed,570b205809c6105ab9a415f45b2163b8a3587c28224379145088200bd52538fd,primary,570b205809c6105ab9a415f45b2163b8a3587c28224379145088200bd52538fd,0.6554253511522773,True,evaluation/exp_ar_neg06_fixed6/self_evolve_h200_r2/test.json
capped,exp_ar_neg06_fixed6,self_evolve_h200_r2,self_evolve,2,test,steady,500,500,200,evaluation/exp_ar_neg06_fixed6/self_evolve_h200_r2/test.npz,steady_h500,25c5af7d9ab50e3740276c5a8e4870a1c5223c5ba89977ba26b8b195b3d449b3,0d6afe042d99ee13e011d5d997e7e237797cbc7f0b40a305412e1a1b95351b23,,True,1000,105.86628103962035,36.36565374330974,34.7503136481553,0.6521601672903218,65.15752108394028,0.5261285831220448,known quoted arrival dates; overtaking allowed,570b205809c6105ab9a415f45b2163b8a3587c28224379145088200bd52538fd,primary,570b205809c6105ab9a415f45b2163b8a3587c28224379145088200bd52538fd,0.6528881343472239,True,evaluation/exp_ar_neg06_fixed6/self_evolve_h200_r2/test.json
capped,exp_ar_neg06_fixed6,self_evolve_h200_r2,self_evolve,2,test,cold_start,50,0,200,evaluation/exp_ar_neg06_fixed6/self_evolve_h200_r2/test.npz,cold_start_h50,25c5af7d9ab50e3740276c5a8e4870a1c5223c5ba89977ba26b8b195b3d449b3,0d6afe042d99ee13e011d5d997e7e237797cbc7f0b40a305412e1a1b95351b23,,True,1000,138.61266481695745,56.39447324743488,41.10909578476129,0.5868077705273594,66.92673004322747,0.5261285831220448,known quoted arrival dates; overtaking allowed,570b205809c6105ab9a415f45b2163b8a3587c28224379145088200bd52538fd,primary,570b205809c6105ab9a415f45b2163b8a3587c28224379145088200bd52538fd,0.5929420582182563,True,evaluation/exp_ar_neg06_fixed6/self_evolve_h200_r2/test.json
capped,exp_ar_neg06_fixed6,self_evolve_h200_r2,self_evolve,2,test,cold_start,100,0,200,evaluation/exp_ar_neg06_fixed6/self_evolve_h200_r2/test.npz,cold_start_h100,25c5af7d9ab50e3740276c5a8e4870a1c5223c5ba89977ba26b8b195b3d449b3,0d6afe042d99ee13e011d5d997e7e237797cbc7f0b40a305412e1a1b95351b23,,True,1000,122.83151667098561,46.58289017887794,38.12431324605381,0.6182735313245423,66.01263017869316,0.5261285831220448,known quoted arrival dates; overtaking allowed,570b205809c6105ab9a415f45b2163b8a3587c28224379145088200bd52538fd,primary,570b205809c6105ab9a415f45b2163b8a3587c28224379145088200bd52538fd,0.6217486537743416,True,evaluation/exp_ar_neg06_fixed6/self_evolve_h200_r2/test.json
capped,exp_ar_neg06_fixed6,self_evolve_h200_r2,self_evolve,2,test,cold_start,200,0,200,evaluation/exp_ar_neg06_fixed6/self_evolve_h200_r2/test.npz,cold_start_h200,25c5af7d9ab50e3740276c5a8e4870a1c5223c5ba89977ba26b8b195b3d449b3,0d6afe042d99ee13e011d5d997e7e237797cbc7f0b40a305412e1a1b95351b23,,True,1000,114.31697944576585,41.736619535849115,36.290179954958354,0.6360528100633716,65.5527740027754,0.5261285831220448,known quoted arrival dates; overtaking allowed,570b205809c6105ab9a415f45b2163b8a3587c28224379145088200bd52538fd,primary,570b205809c6105ab9a415f45b2163b8a3587c28224379145088200bd52538fd,0.6378177595288655,True,evaluation/exp_ar_neg06_fixed6/self_evolve_h200_r2/test.json
capped,exp_ar_neg06_fixed6,self_evolve_h200_r2,self_evolve,2,test,cold_start,500,0,200,evaluation/exp_ar_neg06_fixed6/self_evolve_h200_r2/test.npz,cold_start_h500,25c5af7d9ab50e3740276c5a8e4870a1c5223c5ba89977ba26b8b195b3d449b3,0d6afe042d99ee13e011d5d997e7e237797cbc7f0b40a305412e1a1b95351b23,,True,1000,109.10075131811904,38.54318254233996,35.27878438788955,0.6462639456655348,65.30809444789702,0.5261285831220448,known quoted arrival dates; overtaking allowed,570b205809c6105ab9a415f45b2163b8a3587c28224379145088200bd52538fd,primary,570b205809c6105ab9a415f45b2163b8a3587c28224379145088200bd52538fd,0.6469365797678076,True,evaluation/exp_ar_neg06_fixed6/self_evolve_h200_r2/test.json
capped,exp_ar_neg06_fixed6,self_evolve_h200_r3,self_evolve,3,test,steady,50,500,200,evaluation/exp_ar_neg06_fixed6/self_evolve_h200_r3/test.npz,steady_h50,25c5af7d9ab50e3740276c5a8e4870a1c5223c5ba89977ba26b8b195b3d449b3,3b055f7c78d5312a70a5f307ccb9db0a260b9980834d2f47918d147d4ef7f4c1,,True,1000,99.76072012246954,34.90188771275374,32.4294162048579,0.6737858187790348,67.00506002079146,0.46525408304296434,known quoted arrival dates; overtaking allowed,5f5ac154207f64652106ca632d47db32584e3a0116ba358b8359114befd84e81,primary,5f5ac154207f64652106ca632d47db32584e3a0116ba358b8359114befd84e81,0.6812845991881971,True,evaluation/exp_ar_neg06_fixed6/self_evolve_h200_r3/test.json
capped,exp_ar_neg06_fixed6,self_evolve_h200_r3,self_evolve,3,test,steady,100,500,200,evaluation/exp_ar_neg06_fixed6/self_evolve_h200_r3/test.npz,steady_h100,25c5af7d9ab50e3740276c5a8e4870a1c5223c5ba89977ba26b8b195b3d449b3,3b055f7c78d5312a70a5f307ccb9db0a260b9980834d2f47918d147d4ef7f4c1,,True,1000,99.97264964104905,35.0092167498389,32.481716445605066,0.6735193745861074,67.00768287494357,0.46525408304296434,known quoted arrival dates; overtaking allowed,5f5ac154207f64652106ca632d47db32584e3a0116ba358b8359114befd84e81,primary,5f5ac154207f64652106ca632d47db32584e3a0116ba358b8359114befd84e81,0.6774530708932666,True,evaluation/exp_ar_neg06_fixed6/self_evolve_h200_r3/test.json
capped,exp_ar_neg06_fixed6,self_evolve_h200_r3,self_evolve,3,test,steady,200,500,200,evaluation/exp_ar_neg06_fixed6/self_evolve_h200_r3/test.npz,steady_h200,25c5af7d9ab50e3740276c5a8e4870a1c5223c5ba89977ba26b8b195b3d449b3,3b055f7c78d5312a70a5f307ccb9db0a260b9980834d2f47918d147d4ef7f4c1,,True,1000,100.19184088405368,34.82861014605172,32.68161536900097,0.6721355953587503,67.00645616152003,0.46525408304296434,known quoted arrival dates; overtaking allowed,5f5ac154207f64652106ca632d47db32584e3a0116ba358b8359114befd84e81,primary,5f5ac154207f64652106ca632d47db32584e3a0116ba358b8359114befd84e81,0.6740879230996194,True,evaluation/exp_ar_neg06_fixed6/self_evolve_h200_r3/test.json
capped,exp_ar_neg06_fixed6,self_evolve_h200_r3,self_evolve,3,test,steady,500,500,200,evaluation/exp_ar_neg06_fixed6/self_evolve_h200_r3/test.npz,steady_h500,25c5af7d9ab50e3740276c5a8e4870a1c5223c5ba89977ba26b8b195b3d449b3,3b055f7c78d5312a70a5f307ccb9db0a260b9980834d2f47918d147d4ef7f4c1,,True,1000,100.40812466867834,34.614916839845876,32.896603914416225,0.6707152252447506,67.00954559054782,0.46525408304296434,known quoted arrival dates; overtaking allowed,5f5ac154207f64652106ca632d47db32584e3a0116ba358b8359114befd84e81,primary,5f5ac154207f64652106ca632d47db32584e3a0116ba358b8359114befd84e81,0.6715013738688734,True,evaluation/exp_ar_neg06_fixed6/self_evolve_h200_r3/test.json
capped,exp_ar_neg06_fixed6,self_evolve_h200_r3,self_evolve,3,test,cold_start,50,0,200,evaluation/exp_ar_neg06_fixed6/self_evolve_h200_r3/test.npz,cold_start_h50,25c5af7d9ab50e3740276c5a8e4870a1c5223c5ba89977ba26b8b195b3d449b3,3b055f7c78d5312a70a5f307ccb9db0a260b9980834d2f47918d147d4ef7f4c1,,True,1000,115.5876295498567,38.863342770782126,38.3621433895373,0.614417703627823,69.86250814425877,0.46525408304296434,known quoted arrival dates; overtaking allowed,5f5ac154207f64652106ca632d47db32584e3a0116ba358b8359114befd84e81,primary,5f5ac154207f64652106ca632d47db32584e3a0116ba358b8359114befd84e81,0.621256943196694,True,evaluation/exp_ar_neg06_fixed6/self_evolve_h200_r3/test.json
capped,exp_ar_neg06_fixed6,self_evolve_h200_r3,self_evolve,3,test,cold_start,100,0,200,evaluation/exp_ar_neg06_fixed6/self_evolve_h200_r3/test.npz,cold_start_h100,25c5af7d9ab50e3740276c5a8e4870a1c5223c5ba89977ba26b8b195b3d449b3,3b055f7c78d5312a70a5f307ccb9db0a260b9980834d2f47918d147d4ef7f4c1,,True,1000,108.22212089123872,36.65724941591635,35.78243573766118,0.6417219964963506,68.43885021733452,0.46525408304296434,known quoted arrival dates; overtaking allowed,5f5ac154207f64652106ca632d47db32584e3a0116ba358b8359114befd84e81,primary,5f5ac154207f64652106ca632d47db32584e3a0116ba358b8359114befd84e81,0.6455460974846692,True,evaluation/exp_ar_neg06_fixed6/self_evolve_h200_r3/test.json
capped,exp_ar_neg06_fixed6,self_evolve_h200_r3,self_evolve,3,test,cold_start,200,0,200,evaluation/exp_ar_neg06_fixed6/self_evolve_h200_r3/test.npz,cold_start_h200,25c5af7d9ab50e3740276c5a8e4870a1c5223c5ba89977ba26b8b195b3d449b3,3b055f7c78d5312a70a5f307ccb9db0a260b9980834d2f47918d147d4ef7f4c1,,True,1000,104.02930421193503,35.699755619332784,34.16477429630113,0.6573680919909834,67.72274026791027,0.46525408304296434,known quoted arrival dates; overtaking allowed,5f5ac154207f64652106ca632d47db32584e3a0116ba358b8359114befd84e81,primary,5f5ac154207f64652106ca632d47db32584e3a0116ba358b8359114befd84e81,0.659297601593775,True,evaluation/exp_ar_neg06_fixed6/self_evolve_h200_r3/test.json
capped,exp_ar_neg06_fixed6,self_evolve_h200_r3,self_evolve,3,test,cold_start,500,0,200,evaluation/exp_ar_neg06_fixed6/self_evolve_h200_r3/test.npz,cold_start_h500,25c5af7d9ab50e3740276c5a8e4870a1c5223c5ba89977ba26b8b195b3d449b3,3b055f7c78d5312a70a5f307ccb9db0a260b9980834d2f47918d147d4ef7f4c1,,True,1000,101.68163317894562,35.07048509902669,33.30557403995946,0.666049084381605,67.2987558554367,0.46525408304296434,known quoted arrival dates; overtaking allowed,5f5ac154207f64652106ca632d47db32584e3a0116ba358b8359114befd84e81,primary,5f5ac154207f64652106ca632d47db32584e3a0116ba358b8359114befd84e81,0.666781319555282,True,evaluation/exp_ar_neg06_fixed6/self_evolve_h200_r3/test.json
capped,exp_ar_pos08_fixed6,baseline_h200_conditional_pil,conditional_pil,,test,steady,50,500,200,evaluation/exp_ar_pos08_fixed6/baseline_h200_conditional_pil/test.npz,steady_h50,4394eb6c96e3bfcbc157dbdefe32ce75aa0fd3fd3330af5e87c0b07cf91a11fa,,8b2fdbf0268d6637b444f3e4238785930dc68eefad22e0b4c3272bce9a7e3977,True,1000,163.05951597651037,25.91629064671099,68.57161266489969,0.322982559676036,32.70154608006822,1.3486748749855906,known quoted arrival dates; overtaking allowed,6a9164f68d9063e665d50cdcc9ec1b932b0e29c2240e169a9129790bb383b40e,baseline,6a9164f68d9063e665d50cdcc9ec1b932b0e29c2240e169a9129790bb383b40e,0.35609839853709013,True,evaluation/exp_ar_pos08_fixed6/baseline_h200_conditional_pil/test.json
capped,exp_ar_pos08_fixed6,baseline_h200_conditional_pil,conditional_pil,,test,steady,100,500,200,evaluation/exp_ar_pos08_fixed6/baseline_h200_conditional_pil/test.npz,steady_h100,4394eb6c96e3bfcbc157dbdefe32ce75aa0fd3fd3330af5e87c0b07cf91a11fa,,8b2fdbf0268d6637b444f3e4238785930dc68eefad22e0b4c3272bce9a7e3977,True,1000,162.4022919864621,26.726364831251647,67.83796357760522,0.3241425916814396,32.52909115237996,1.3486748749855906,known quoted arrival dates; overtaking allowed,6a9164f68d9063e665d50cdcc9ec1b932b0e29c2240e169a9129790bb383b40e,baseline,6a9164f68d9063e665d50cdcc9ec1b932b0e29c2240e169a9129790bb383b40e,0.3419064231560499,True,evaluation/exp_ar_pos08_fixed6/baseline_h200_conditional_pil/test.json
capped,exp_ar_pos08_fixed6,baseline_h200_conditional_pil,conditional_pil,,test,steady,200,500,200,evaluation/exp_ar_pos08_fixed6/baseline_h200_conditional_pil/test.npz,steady_h200,4394eb6c96e3bfcbc157dbdefe32ce75aa0fd3fd3330af5e87c0b07cf91a11fa,,8b2fdbf0268d6637b444f3e4238785930dc68eefad22e0b4c3272bce9a7e3977,True,1000,162.47453944886703,26.951942833947243,67.7612983074599,0.32418462371093926,32.49302380260424,1.3486748749855906,known quoted arrival dates; overtaking allowed,6a9164f68d9063e665d50cdcc9ec1b932b0e29c2240e169a9129790bb383b40e,baseline,6a9164f68d9063e665d50cdcc9ec1b932b0e29c2240e169a9129790bb383b40e,0.3332823844657471,True,evaluation/exp_ar_pos08_fixed6/baseline_h200_conditional_pil/test.json
capped,exp_ar_pos08_fixed6,baseline_h200_conditional_pil,conditional_pil,,test,steady,500,500,200,evaluation/exp_ar_pos08_fixed6/baseline_h200_conditional_pil/test.npz,steady_h500,4394eb6c96e3bfcbc157dbdefe32ce75aa0fd3fd3330af5e87c0b07cf91a11fa,,8b2fdbf0268d6637b444f3e4238785930dc68eefad22e0b4c3272bce9a7e3977,True,1000,162.14147990042312,27.360899605295828,67.39029014756363,0.3247994005577073,32.41433558894737,1.3486748749855906,known quoted arrival dates; overtaking allowed,6a9164f68d9063e665d50cdcc9ec1b932b0e29c2240e169a9129790bb383b40e,baseline,6a9164f68d9063e665d50cdcc9ec1b932b0e29c2240e169a9129790bb383b40e,0.32841965003288576,True,evaluation/exp_ar_pos08_fixed6/baseline_h200_conditional_pil/test.json
capped,exp_ar_pos08_fixed6,baseline_h200_conditional_pil,conditional_pil,,test,cold_start,50,0,200,evaluation/exp_ar_pos08_fixed6/baseline_h200_conditional_pil/test.npz,cold_start_h50,4394eb6c96e3bfcbc157dbdefe32ce75aa0fd3fd3330af5e87c0b07cf91a11fa,,8b2fdbf0268d6637b444f3e4238785930dc68eefad22e0b4c3272bce9a7e3977,True,1000,165.93039026781852,23.430401958030007,71.24999415489424,0.28893953786095716,33.38916688320327,1.3486748749855906,known quoted arrival dates; overtaking allowed,6a9164f68d9063e665d50cdcc9ec1b932b0e29c2240e169a9129790bb383b40e,baseline,6a9164f68d9063e665d50cdcc9ec1b932b0e29c2240e169a9129790bb383b40e,0.3198006007453798,True,evaluation/exp_ar_pos08_fixed6/baseline_h200_conditional_pil/test.json
capped,exp_ar_pos08_fixed6,baseline_h200_conditional_pil,conditional_pil,,test,cold_start,100,0,200,evaluation/exp_ar_pos08_fixed6/baseline_h200_conditional_pil/test.npz,cold_start_h100,4394eb6c96e3bfcbc157dbdefe32ce75aa0fd3fd3330af5e87c0b07cf91a11fa,,8b2fdbf0268d6637b444f3e4238785930dc68eefad22e0b4c3272bce9a7e3977,True,1000,164.1285267892381,25.06175916590527,69.5333838116664,0.3065332930271846,32.94869720433047,1.3486748749855906,known quoted arrival dates; overtaking allowed,6a9164f68d9063e665d50cdcc9ec1b932b0e29c2240e169a9129790bb383b40e,baseline,6a9164f68d9063e665d50cdcc9ec1b932b0e29c2240e169a9129790bb383b40e,0.3228845523338701,True,evaluation/exp_ar_pos08_fixed6/baseline_h200_conditional_pil/test.json
capped,exp_ar_pos08_fixed6,baseline_h200_conditional_pil,conditional_pil,,test,cold_start,200,0,200,evaluation/exp_ar_pos08_fixed6/baseline_h200_conditional_pil/test.npz,cold_start_h200,4394eb6c96e3bfcbc157dbdefe32ce75aa0fd3fd3330af5e87c0b07cf91a11fa,,8b2fdbf0268d6637b444f3e4238785930dc68eefad22e0b4c3272bce9a7e3977,True,1000,162.41724593078268,26.100293664615993,68.15847613308335,0.31648836500236777,32.66945185172573,1.3486748749855906,known quoted arrival dates; overtaking allowed,6a9164f68d9063e665d50cdcc9ec1b932b0e29c2240e169a9129790bb383b40e,baseline,6a9164f68d9063e665d50cdcc9ec1b932b0e29c2240e169a9129790bb383b40e,0.325234073055939,True,evaluation/exp_ar_pos08_fixed6/baseline_h200_conditional_pil/test.json
capped,exp_ar_pos08_fixed6,baseline_h200_conditional_pil,conditional_pil,,test,cold_start,500,0,200,evaluation/exp_ar_pos08_fixed6/baseline_h200_conditional_pil/test.npz,cold_start_h500,4394eb6c96e3bfcbc157dbdefe32ce75aa0fd3fd3330af5e87c0b07cf91a11fa,,8b2fdbf0268d6637b444f3e4238785930dc68eefad22e0b4c3272bce9a7e3977,True,1000,162.38529535492754,26.475642442715625,67.95482645610596,0.32112069372347524,32.58922864465923,1.3486748749855906,known quoted arrival dates; overtaking allowed,6a9164f68d9063e665d50cdcc9ec1b932b0e29c2240e169a9129790bb383b40e,baseline,6a9164f68d9063e665d50cdcc9ec1b932b0e29c2240e169a9129790bb383b40e,0.32461734030778644,True,evaluation/exp_ar_pos08_fixed6/baseline_h200_conditional_pil/test.json
capped,exp_ar_pos08_fixed6,baseline_h200_forecast_adaptive_pil,forecast_adaptive_pil,,test,steady,50,500,200,evaluation/exp_ar_pos08_fixed6/baseline_h200_forecast_adaptive_pil/test.npz,steady_h50,4394eb6c96e3bfcbc157dbdefe32ce75aa0fd3fd3330af5e87c0b07cf91a11fa,,dc5b371557ba00429afc1c01ad50b915da977e90b9c2ea27447feef7f3f160fa,True,1000,162.51993297815463,24.745395085585468,68.88726894628458,0.319866039598118,32.36830043974746,1.3387197498232126,known quoted arrival dates; overtaking allowed,cce8242619c7ac7038fd039f7d3ad1f707f9e2a5348a0647f34b50ec83f62951,baseline,cce8242619c7ac7038fd039f7d3ad1f707f9e2a5348a0647f34b50ec83f62951,0.3482462857752053,True,evaluation/exp_ar_pos08_fixed6/baseline_h200_forecast_adaptive_pil/test.json
capped,exp_ar_pos08_fixed6,baseline_h200_forecast_adaptive_pil,forecast_adaptive_pil,,test,steady,100,500,200,evaluation/exp_ar_pos08_fixed6/baseline_h200_forecast_adaptive_pil/test.npz,steady_h100,4394eb6c96e3bfcbc157dbdefe32ce75aa0fd3fd3330af5e87c0b07cf91a11fa,,dc5b371557ba00429afc1c01ad50b915da977e90b9c2ea27447feef7f3f160fa,True,1000,161.70770090808267,25.369781079557097,68.16895991426279,0.3208449348170733,32.192365684804265,1.3387197498232126,known quoted arrival dates; overtaking allowed,cce8242619c7ac7038fd039f7d3ad1f707f9e2a5348a0647f34b50ec83f62951,baseline,cce8242619c7ac7038fd039f7d3ad1f707f9e2a5348a0647f34b50ec83f62951,0.3358186731509331,True,evaluation/exp_ar_pos08_fixed6/baseline_h200_forecast_adaptive_pil/test.json
capped,exp_ar_pos08_fixed6,baseline_h200_forecast_adaptive_pil,forecast_adaptive_pil,,test,steady,200,500,200,evaluation/exp_ar_pos08_fixed6/baseline_h200_forecast_adaptive_pil/test.npz,steady_h200,4394eb6c96e3bfcbc157dbdefe32ce75aa0fd3fd3330af5e87c0b07cf91a11fa,,dc5b371557ba00429afc1c01ad50b915da977e90b9c2ea27447feef7f3f160fa,True,1000,161.81033978872654,25.623714481426077,68.09331265365023,0.320873288097417,32.155524874271094,1.3387197498232126,known quoted arrival dates; overtaking allowed,cce8242619c7ac7038fd039f7d3ad1f707f9e2a5348a0647f34b50ec83f62951,baseline,cce8242619c7ac7038fd039f7d3ad1f707f9e2a5348a0647f34b50ec83f62951,0.32847839204803136,True,evaluation/exp_ar_pos08_fixed6/baseline_h200_forecast_adaptive_pil/test.json
capped,exp_ar_pos08_fixed6,baseline_h200_forecast_adaptive_pil,forecast_adaptive_pil,,test,steady,500,500,200,evaluation/exp_ar_pos08_fixed6/baseline_h200_forecast_adaptive_pil/test.npz,steady_h500,4394eb6c96e3bfcbc157dbdefe32ce75aa0fd3fd3330af5e87c0b07cf91a11fa,,dc5b371557ba00429afc1c01ad50b915da977e90b9c2ea27447feef7f3f160fa,True,1000,161.44540336404606,25.972530023213547,67.73643667041625,0.32133126977487225,32.06647874359437,1.3387197498232126,known quoted arrival dates; overtaking allowed,cce8242619c7ac7038fd039f7d3ad1f707f9e2a5348a0647f34b50ec83f62951,baseline,cce8242619c7ac7038fd039f7d3ad1f707f9e2a5348a0647f34b50ec83f62951,0.3243472850719175,True,evaluation/exp_ar_pos08_fixed6/baseline_h200_forecast_adaptive_pil/test.json
capped,exp_ar_pos08_fixed6,baseline_h200_forecast_adaptive_pil,forecast_adaptive_pil,,test,cold_start,50,0,200,evaluation/exp_ar_pos08_fixed6/baseline_h200_forecast_adaptive_pil/test.npz,cold_start_h50,4394eb6c96e3bfcbc157dbdefe32ce75aa0fd3fd3330af5e87c0b07cf91a11fa,,dc5b371557ba00429afc1c01ad50b915da977e90b9c2ea27447feef7f3f160fa,True,1000,165.32366464313913,22.089556019215426,71.61705431196185,0.28527635208791813,32.96221440154936,1.3387197498232126,known quoted arrival dates; overtaking allowed,cce8242619c7ac7038fd039f7d3ad1f707f9e2a5348a0647f34b50ec83f62951,baseline,cce8242619c7ac7038fd039f7d3ad1f707f9e2a5348a0647f34b50ec83f62951,0.31080409769373657,True,evaluation/exp_ar_pos08_fixed6/baseline_h200_forecast_adaptive_pil/test.json
capped,exp_ar_pos08_fixed6,baseline_h200_forecast_adaptive_pil,forecast_adaptive_pil,,test,cold_start,100,0,200,evaluation/exp_ar_pos08_fixed6/baseline_h200_forecast_adaptive_pil/test.npz,cold_start_h100,4394eb6c96e3bfcbc157dbdefe32ce75aa0fd3fd3330af5e87c0b07cf91a11fa,,dc5b371557ba00429afc1c01ad50b915da977e90b9c2ea27447feef7f3f160fa,True,1000,163.5540955200927,23.77820369477419,69.88794591265925,0.3029971928244554,32.56124872495423,1.3387197498232126,known quoted arrival dates; overtaking allowed,cce8242619c7ac7038fd039f7d3ad1f707f9e2a5348a0647f34b50ec83f62951,baseline,cce8242619c7ac7038fd039f7d3ad1f707f9e2a5348a0647f34b50ec83f62951,0.31652584304638426,True,evaluation/exp_ar_pos08_fixed6/baseline_h200_forecast_adaptive_pil/test.json
capped,exp_ar_pos08_fixed6,baseline_h200_forecast_adaptive_pil,forecast_adaptive_pil,,test,cold_start,200,0,200,evaluation/exp_ar_pos08_fixed6/baseline_h200_forecast_adaptive_pil/test.npz,cold_start_h200,4394eb6c96e3bfcbc157dbdefe32ce75aa0fd3fd3330af5e87c0b07cf91a11fa,,dc5b371557ba00429afc1c01ad50b915da977e90b9c2ea27447feef7f3f160fa,True,1000,161.793616976742,24.74560429104404,68.52400634284899,0.31282272918577325,32.2820108444846,1.3387197498232126,known quoted arrival dates; overtaking allowed,cce8242619c7ac7038fd039f7d3ad1f707f9e2a5348a0647f34b50ec83f62951,baseline,cce8242619c7ac7038fd039f7d3ad1f707f9e2a5348a0647f34b50ec83f62951,0.3200941986389105,True,evaluation/exp_ar_pos08_fixed6/baseline_h200_forecast_adaptive_pil/test.json
capped,exp_ar_pos08_fixed6,baseline_h200_forecast_adaptive_pil,forecast_adaptive_pil,,test,cold_start,500,0,200,evaluation/exp_ar_pos08_fixed6/baseline_h200_forecast_adaptive_pil/test.npz,cold_start_h500,4394eb6c96e3bfcbc157dbdefe32ce75aa0fd3fd3330af5e87c0b07cf91a11fa,,dc5b371557ba00429afc1c01ad50b915da977e90b9c2ea27447feef7f3f160fa,True,1000,161.72956780901302,25.12060527593019,68.30448126654142,0.3176275876775347,32.23350838477625,1.3387197498232126,known quoted arrival dates; overtaking allowed,cce8242619c7ac7038fd039f7d3ad1f707f9e2a5348a0647f34b50ec83f62951,baseline,cce8242619c7ac7038fd039f7d3ad1f707f9e2a5348a0647f34b50ec83f62951,0.3205351928397982,True,evaluation/exp_ar_pos08_fixed6/baseline_h200_forecast_adaptive_pil/test.json
capped,exp_ar_pos08_fixed6,baseline_h200_pil_cop_continuation,pil_cop_continuation,,test,steady,50,500,200,evaluation/exp_ar_pos08_fixed6/baseline_h200_pil_cop_continuation/test.npz,steady_h50,4394eb6c96e3bfcbc157dbdefe32ce75aa0fd3fd3330af5e87c0b07cf91a11fa,,0eaa4646e6226660c00f732dae2e01218cb5c96e8c45bcebe208378a676e36f8,True,1000,163.05951597651037,25.91629064671099,68.57161266489969,0.322982559676036,32.70154608006822,1.3256365000270307,known quoted arrival dates; overtaking allowed,6a9164f68d9063e665d50cdcc9ec1b932b0e29c2240e169a9129790bb383b40e,baseline,6a9164f68d9063e665d50cdcc9ec1b932b0e29c2240e169a9129790bb383b40e,0.35609839853709013,True,evaluation/exp_ar_pos08_fixed6/baseline_h200_pil_cop_continuation/test.json
capped,exp_ar_pos08_fixed6,baseline_h200_pil_cop_continuation,pil_cop_continuation,,test,steady,100,500,200,evaluation/exp_ar_pos08_fixed6/baseline_h200_pil_cop_continuation/test.npz,steady_h100,4394eb6c96e3bfcbc157dbdefe32ce75aa0fd3fd3330af5e87c0b07cf91a11fa,,0eaa4646e6226660c00f732dae2e01218cb5c96e8c45bcebe208378a676e36f8,True,1000,162.4022919864621,26.726364831251647,67.83796357760522,0.3241425916814396,32.52909115237996,1.3256365000270307,known quoted arrival dates; overtaking allowed,6a9164f68d9063e665d50cdcc9ec1b932b0e29c2240e169a9129790bb383b40e,baseline,6a9164f68d9063e665d50cdcc9ec1b932b0e29c2240e169a9129790bb383b40e,0.3419064231560499,True,evaluation/exp_ar_pos08_fixed6/baseline_h200_pil_cop_continuation/test.json
capped,exp_ar_pos08_fixed6,baseline_h200_pil_cop_continuation,pil_cop_continuation,,test,steady,200,500,200,evaluation/exp_ar_pos08_fixed6/baseline_h200_pil_cop_continuation/test.npz,steady_h200,4394eb6c96e3bfcbc157dbdefe32ce75aa0fd3fd3330af5e87c0b07cf91a11fa,,0eaa4646e6226660c00f732dae2e01218cb5c96e8c45bcebe208378a676e36f8,True,1000,162.47453944886703,26.951942833947243,67.7612983074599,0.32418462371093926,32.49302380260424,1.3256365000270307,known quoted arrival dates; overtaking allowed,6a9164f68d9063e665d50cdcc9ec1b932b0e29c2240e169a9129790bb383b40e,baseline,6a9164f68d9063e665d50cdcc9ec1b932b0e29c2240e169a9129790bb383b40e,0.3332823844657471,True,evaluation/exp_ar_pos08_fixed6/baseline_h200_pil_cop_continuation/test.json
capped,exp_ar_pos08_fixed6,baseline_h200_pil_cop_continuation,pil_cop_continuation,,test,steady,500,500,200,evaluation/exp_ar_pos08_fixed6/baseline_h200_pil_cop_continuation/test.npz,steady_h500,4394eb6c96e3bfcbc157dbdefe32ce75aa0fd3fd3330af5e87c0b07cf91a11fa,,0eaa4646e6226660c00f732dae2e01218cb5c96e8c45bcebe208378a676e36f8,True,1000,162.14147990042312,27.360899605295828,67.39029014756363,0.3247994005577073,32.41433558894737,1.3256365000270307,known quoted arrival dates; overtaking allowed,6a9164f68d9063e665d50cdcc9ec1b932b0e29c2240e169a9129790bb383b40e,baseline,6a9164f68d9063e665d50cdcc9ec1b932b0e29c2240e169a9129790bb383b40e,0.32841965003288576,True,evaluation/exp_ar_pos08_fixed6/baseline_h200_pil_cop_continuation/test.json
capped,exp_ar_pos08_fixed6,baseline_h200_pil_cop_continuation,pil_cop_continuation,,test,cold_start,50,0,200,evaluation/exp_ar_pos08_fixed6/baseline_h200_pil_cop_continuation/test.npz,cold_start_h50,4394eb6c96e3bfcbc157dbdefe32ce75aa0fd3fd3330af5e87c0b07cf91a11fa,,0eaa4646e6226660c00f732dae2e01218cb5c96e8c45bcebe208378a676e36f8,True,1000,165.93039026781852,23.430401958030007,71.24999415489424,0.28893953786095716,33.38916688320327,1.3256365000270307,known quoted arrival dates; overtaking allowed,6a9164f68d9063e665d50cdcc9ec1b932b0e29c2240e169a9129790bb383b40e,baseline,6a9164f68d9063e665d50cdcc9ec1b932b0e29c2240e169a9129790bb383b40e,0.3198006007453798,True,evaluation/exp_ar_pos08_fixed6/baseline_h200_pil_cop_continuation/test.json
capped,exp_ar_pos08_fixed6,baseline_h200_pil_cop_continuation,pil_cop_continuation,,test,cold_start,100,0,200,evaluation/exp_ar_pos08_fixed6/baseline_h200_pil_cop_continuation/test.npz,cold_start_h100,4394eb6c96e3bfcbc157dbdefe32ce75aa0fd3fd3330af5e87c0b07cf91a11fa,,0eaa4646e6226660c00f732dae2e01218cb5c96e8c45bcebe208378a676e36f8,True,1000,164.1285267892381,25.06175916590527,69.5333838116664,0.3065332930271846,32.94869720433047,1.3256365000270307,known quoted arrival dates; overtaking allowed,6a9164f68d9063e665d50cdcc9ec1b932b0e29c2240e169a9129790bb383b40e,baseline,6a9164f68d9063e665d50cdcc9ec1b932b0e29c2240e169a9129790bb383b40e,0.3228845523338701,True,evaluation/exp_ar_pos08_fixed6/baseline_h200_pil_cop_continuation/test.json
capped,exp_ar_pos08_fixed6,baseline_h200_pil_cop_continuation,pil_cop_continuation,,test,cold_start,200,0,200,evaluation/exp_ar_pos08_fixed6/baseline_h200_pil_cop_continuation/test.npz,cold_start_h200,4394eb6c96e3bfcbc157dbdefe32ce75aa0fd3fd3330af5e87c0b07cf91a11fa,,0eaa4646e6226660c00f732dae2e01218cb5c96e8c45bcebe208378a676e36f8,True,1000,162.41724593078268,26.100293664615993,68.15847613308335,0.31648836500236777,32.66945185172573,1.3256365000270307,known quoted arrival dates; overtaking allowed,6a9164f68d9063e665d50cdcc9ec1b932b0e29c2240e169a9129790bb383b40e,baseline,6a9164f68d9063e665d50cdcc9ec1b932b0e29c2240e169a9129790bb383b40e,0.325234073055939,True,evaluation/exp_ar_pos08_fixed6/baseline_h200_pil_cop_continuation/test.json
capped,exp_ar_pos08_fixed6,baseline_h200_pil_cop_continuation,pil_cop_continuation,,test,cold_start,500,0,200,evaluation/exp_ar_pos08_fixed6/baseline_h200_pil_cop_continuation/test.npz,cold_start_h500,4394eb6c96e3bfcbc157dbdefe32ce75aa0fd3fd3330af5e87c0b07cf91a11fa,,0eaa4646e6226660c00f732dae2e01218cb5c96e8c45bcebe208378a676e36f8,True,1000,162.38529535492754,26.475642442715625,67.95482645610596,0.32112069372347524,32.58922864465923,1.3256365000270307,known quoted arrival dates; overtaking allowed,6a9164f68d9063e665d50cdcc9ec1b932b0e29c2240e169a9129790bb383b40e,baseline,6a9164f68d9063e665d50cdcc9ec1b932b0e29c2240e169a9129790bb383b40e,0.32461734030778644,True,evaluation/exp_ar_pos08_fixed6/baseline_h200_pil_cop_continuation/test.json
capped,exp_ar_pos08_fixed6,self_evolve_h200_r1,self_evolve,1,test,steady,50,500,200,evaluation/exp_ar_pos08_fixed6/self_evolve_h200_r1/test.npz,steady_h50,4394eb6c96e3bfcbc157dbdefe32ce75aa0fd3fd3330af5e87c0b07cf91a11fa,70b2dad127c439a94f9cf9a6c52a350f7c735a279733640bf28652c17ab32220,,True,1000,168.26008070273488,26.050379817492743,71.10485044262107,0.29797153704796825,30.150636391115157,0.46717354096472263,known quoted arrival dates; overtaking allowed,406f42c4d0faf2a4703d7ab1f03fb5e5a40228de50a4ef91c371f643acebe657,primary,406f42c4d0faf2a4703d7ab1f03fb5e5a40228de50a4ef91c371f643acebe657,0.3322608745434958,True,evaluation/exp_ar_pos08_fixed6/self_evolve_h200_r1/test.json
capped,exp_ar_pos08_fixed6,self_evolve_h200_r1,self_evolve,1,test,steady,100,500,200,evaluation/exp_ar_pos08_fixed6/self_evolve_h200_r1/test.npz,steady_h100,4394eb6c96e3bfcbc157dbdefe32ce75aa0fd3fd3330af5e87c0b07cf91a11fa,70b2dad127c439a94f9cf9a6c52a350f7c735a279733640bf28652c17ab32220,,True,1000,167.54355741767478,26.876044181818035,70.33375661792837,0.2992774553038915,30.030696954231008,0.46717354096472263,known quoted arrival dates; overtaking allowed,406f42c4d0faf2a4703d7ab1f03fb5e5a40228de50a4ef91c371f643acebe657,primary,406f42c4d0faf2a4703d7ab1f03fb5e5a40228de50a4ef91c371f643acebe657,0.31786191196022273,True,evaluation/exp_ar_pos08_fixed6/self_evolve_h200_r1/test.json
capped,exp_ar_pos08_fixed6,self_evolve_h200_r1,self_evolve,1,test,steady,200,500,200,evaluation/exp_ar_pos08_fixed6/self_evolve_h200_r1/test.npz,steady_h200,4394eb6c96e3bfcbc157dbdefe32ce75aa0fd3fd3330af5e87c0b07cf91a11fa,70b2dad127c439a94f9cf9a6c52a350f7c735a279733640bf28652c17ab32220,,True,1000,167.59157249078183,27.100530478226933,70.24552100627744,0.2994082994680139,30.016371352438725,0.46717354096472263,known quoted arrival dates; overtaking allowed,406f42c4d0faf2a4703d7ab1f03fb5e5a40228de50a4ef91c371f643acebe657,primary,406f42c4d0faf2a4703d7ab1f03fb5e5a40228de50a4ef91c371f643acebe657,0.3089830517525421,True,evaluation/exp_ar_pos08_fixed6/self_evolve_h200_r1/test.json
capped,exp_ar_pos08_fixed6,self_evolve_h200_r1,self_evolve,1,test,steady,500,500,200,evaluation/exp_ar_pos08_fixed6/self_evolve_h200_r1/test.npz,steady_h500,4394eb6c96e3bfcbc157dbdefe32ce75aa0fd3fd3330af5e87c0b07cf91a11fa,70b2dad127c439a94f9cf9a6c52a350f7c735a279733640bf28652c17ab32220,,True,1000,167.2080546832798,27.503370837083512,69.85234192309815,0.3001314724176328,29.954858918169798,0.46717354096472263,known quoted arrival dates; overtaking allowed,406f42c4d0faf2a4703d7ab1f03fb5e5a40228de50a4ef91c371f643acebe657,primary,406f42c4d0faf2a4703d7ab1f03fb5e5a40228de50a4ef91c371f643acebe657,0.3039505306176068,True,evaluation/exp_ar_pos08_fixed6/self_evolve_h200_r1/test.json
capped,exp_ar_pos08_fixed6,self_evolve_h200_r1,self_evolve,1,test,cold_start,50,0,200,evaluation/exp_ar_pos08_fixed6/self_evolve_h200_r1/test.npz,cold_start_h50,4394eb6c96e3bfcbc157dbdefe32ce75aa0fd3fd3330af5e87c0b07cf91a11fa,70b2dad127c439a94f9cf9a6c52a350f7c735a279733640bf28652c17ab32220,,True,1000,177.75883787070143,31.818384192221252,72.9702268392401,0.2717719652593581,31.37462162734191,0.46717354096472263,known quoted arrival dates; overtaking allowed,406f42c4d0faf2a4703d7ab1f03fb5e5a40228de50a4ef91c371f643acebe657,primary,406f42c4d0faf2a4703d7ab1f03fb5e5a40228de50a4ef91c371f643acebe657,0.30463694684448117,True,evaluation/exp_ar_pos08_fixed6/self_evolve_h200_r1/test.json
capped,exp_ar_pos08_fixed6,self_evolve_h200_r1,self_evolve,1,test,cold_start,100,0,200,evaluation/exp_ar_pos08_fixed6/self_evolve_h200_r1/test.npz,cold_start_h100,4394eb6c96e3bfcbc157dbdefe32ce75aa0fd3fd3330af5e87c0b07cf91a11fa,70b2dad127c439a94f9cf9a6c52a350f7c735a279733640bf28652c17ab32220,,True,1000,172.64263149207153,29.42833779732432,71.60714684737358,0.28585134797315237,30.7280468621624,0.46717354096472263,known quoted arrival dates; overtaking allowed,406f42c4d0faf2a4703d7ab1f03fb5e5a40228de50a4ef91c371f643acebe657,primary,406f42c4d0faf2a4703d7ab1f03fb5e5a40228de50a4ef91c371f643acebe657,0.30309212435333316,True,evaluation/exp_ar_pos08_fixed6/self_evolve_h200_r1/test.json
capped,exp_ar_pos08_fixed6,self_evolve_h200_r1,self_evolve,1,test,cold_start,200,0,200,evaluation/exp_ar_pos08_fixed6/self_evolve_h200_r1/test.npz,cold_start_h200,4394eb6c96e3bfcbc157dbdefe32ce75aa0fd3fd3330af5e87c0b07cf91a11fa,70b2dad127c439a94f9cf9a6c52a350f7c735a279733640bf28652c17ab32220,,True,1000,169.28365997889912,28.4445117575376,70.41957411068076,0.2938134628736906,30.338064298100385,0.46717354096472263,known quoted arrival dates; overtaking allowed,406f42c4d0faf2a4703d7ab1f03fb5e5a40228de50a4ef91c371f643acebe657,primary,406f42c4d0faf2a4703d7ab1f03fb5e5a40228de50a4ef91c371f643acebe657,0.3029952405844245,True,evaluation/exp_ar_pos08_fixed6/self_evolve_h200_r1/test.json
capped,exp_ar_pos08_fixed6,self_evolve_h200_r1,self_evolve,1,test,cold_start,500,0,200,evaluation/exp_ar_pos08_fixed6/self_evolve_h200_r1/test.npz,cold_start_h500,4394eb6c96e3bfcbc157dbdefe32ce75aa0fd3fd3330af5e87c0b07cf91a11fa,70b2dad127c439a94f9cf9a6c52a350f7c735a279733640bf28652c17ab32220,,True,1000,168.23771275237436,27.53888164534186,70.34941555351624,0.29719837547110983,30.165004840350843,0.46717354096472263,known quoted arrival dates; overtaking allowed,406f42c4d0faf2a4703d7ab1f03fb5e5a40228de50a4ef91c371f643acebe657,primary,406f42c4d0faf2a4703d7ab1f03fb5e5a40228de50a4ef91c371f643acebe657,0.3008875337457473,True,evaluation/exp_ar_pos08_fixed6/self_evolve_h200_r1/test.json
capped,exp_ar_pos08_fixed6,self_evolve_h200_r2,self_evolve,2,test,steady,50,500,200,evaluation/exp_ar_pos08_fixed6/self_evolve_h200_r2/test.npz,steady_h50,4394eb6c96e3bfcbc157dbdefe32ce75aa0fd3fd3330af5e87c0b07cf91a11fa,f532720639dd828a4175b9b83fc9c60438484e3356b63ceaea9227dc80b2367c,,True,1000,164.0058360853378,22.50968175684694,70.74807716424544,0.3014940111785134,30.55414505854148,0.4601678338367492,known quoted arrival dates; overtaking allowed,ca5eb144ebc5c1a75f7db8db9b4b26a65ca94dbcedcedbc508a759791246cf55,primary,ca5eb144ebc5c1a75f7db8db9b4b26a65ca94dbcedcedbc508a759791246cf55,0.33238447261093923,True,evaluation/exp_ar_pos08_fixed6/self_evolve_h200_r2/test.json
capped,exp_ar_pos08_fixed6,self_evolve_h200_r2,self_evolve,2,test,steady,100,500,200,evaluation/exp_ar_pos08_fixed6/self_evolve_h200_r2/test.npz,steady_h100,4394eb6c96e3bfcbc157dbdefe32ce75aa0fd3fd3330af5e87c0b07cf91a11fa,f532720639dd828a4175b9b83fc9c60438484e3356b63ceaea9227dc80b2367c,,True,1000,163.28168519726643,23.322970436812444,69.97935738022699,0.3028082710547051,30.40835210876005,0.4601678338367492,known quoted arrival dates; overtaking allowed,ca5eb144ebc5c1a75f7db8db9b4b26a65ca94dbcedcedbc508a759791246cf55,primary,ca5eb144ebc5c1a75f7db8db9b4b26a65ca94dbcedcedbc508a759791246cf55,0.3192712829111922,True,evaluation/exp_ar_pos08_fixed6/self_evolve_h200_r2/test.json
capped,exp_ar_pos08_fixed6,self_evolve_h200_r2,self_evolve,2,test,steady,200,500,200,evaluation/exp_ar_pos08_fixed6/self_evolve_h200_r2/test.npz,steady_h200,4394eb6c96e3bfcbc157dbdefe32ce75aa0fd3fd3330af5e87c0b07cf91a11fa,f532720639dd828a4175b9b83fc9c60438484e3356b63ceaea9227dc80b2367c,,True,1000,163.33086580009984,23.557551986120593,69.88665690698964,0.3029874203283668,30.371964447176456,0.4601678338367492,known quoted arrival dates; overtaking allowed,ca5eb144ebc5c1a75f7db8db9b4b26a65ca94dbcedcedbc508a759791246cf55,primary,ca5eb144ebc5c1a75f7db8db9b4b26a65ca94dbcedcedbc508a759791246cf55,0.3113985968291634,True,evaluation/exp_ar_pos08_fixed6/self_evolve_h200_r2/test.json
capped,exp_ar_pos08_fixed6,self_evolve_h200_r2,self_evolve,2,test,steady,500,500,200,evaluation/exp_ar_pos08_fixed6/self_evolve_h200_r2/test.npz,steady_h500,4394eb6c96e3bfcbc157dbdefe32ce75aa0fd3fd3330af5e87c0b07cf91a11fa,f532720639dd828a4175b9b83fc9c60438484e3356b63ceaea9227dc80b2367c,,True,1000,163.03903113992328,24.015774825046137,69.51162815743858,0.303545171012903,30.295988631332577,0.4601678338367492,known quoted arrival dates; overtaking allowed,ca5eb144ebc5c1a75f7db8db9b4b26a65ca94dbcedcedbc508a759791246cf55,primary,ca5eb144ebc5c1a75f7db8db9b4b26a65ca94dbcedcedbc508a759791246cf55,0.3068858533442812,True,evaluation/exp_ar_pos08_fixed6/self_evolve_h200_r2/test.json
capped,exp_ar_pos08_fixed6,self_evolve_h200_r2,self_evolve,2,test,cold_start,50,0,200,evaluation/exp_ar_pos08_fixed6/self_evolve_h200_r2/test.npz,cold_start_h50,4394eb6c96e3bfcbc157dbdefe32ce75aa0fd3fd3330af5e87c0b07cf91a11fa,f532720639dd828a4175b9b83fc9c60438484e3356b63ceaea9227dc80b2367c,,True,1000,167.95476530963202,23.057141603849036,72.44881185289148,0.2769755808604101,31.87373750070157,0.4601678338367492,known quoted arrival dates; overtaking allowed,ca5eb144ebc5c1a75f7db8db9b4b26a65ca94dbcedcedbc508a759791246cf55,primary,ca5eb144ebc5c1a75f7db8db9b4b26a65ca94dbcedcedbc508a759791246cf55,0.30642802602316316,True,evaluation/exp_ar_pos08_fixed6/self_evolve_h200_r2/test.json
capped,exp_ar_pos08_fixed6,self_evolve_h200_r2,self_evolve,2,test,cold_start,100,0,200,evaluation/exp_ar_pos08_fixed6/self_evolve_h200_r2/test.npz,cold_start_h100,4394eb6c96e3bfcbc157dbdefe32ce75aa0fd3fd3330af5e87c0b07cf91a11fa,f532720639dd828a4175b9b83fc9c60438484e3356b63ceaea9227dc80b2367c,,True,1000,165.64835127941612,23.260513764729797,71.19391875734317,0.28997253274963647,31.12553868695188,0.4601678338367492,known quoted arrival dates; overtaking allowed,ca5eb144ebc5c1a75f7db8db9b4b26a65ca94dbcedcedbc508a759791246cf55,primary,ca5eb144ebc5c1a75f7db8db9b4b26a65ca94dbcedcedbc508a759791246cf55,0.3051609284632375,True,evaluation/exp_ar_pos08_fixed6/self_evolve_h200_r2/test.json
capped,exp_ar_pos08_fixed6,self_evolve_h200_r2,self_evolve,2,test,cold_start,200,0,200,evaluation/exp_ar_pos08_fixed6/self_evolve_h200_r2/test.npz,cold_start_h200,4394eb6c96e3bfcbc157dbdefe32ce75aa0fd3fd3330af5e87c0b07cf91a11fa,f532720639dd828a4175b9b83fc9c60438484e3356b63ceaea9227dc80b2367c,,True,1000,163.5986361863685,23.515476010619782,70.04158008787437,0.29760408917882186,30.70164326547457,0.4601678338367492,known quoted arrival dates; overtaking allowed,ca5eb144ebc5c1a75f7db8db9b4b26a65ca94dbcedcedbc508a759791246cf55,primary,ca5eb144ebc5c1a75f7db8db9b4b26a65ca94dbcedcedbc508a759791246cf55,0.3057259132091462,True,evaluation/exp_ar_pos08_fixed6/self_evolve_h200_r2/test.json
capped,exp_ar_pos08_fixed6,self_evolve_h200_r2,self_evolve,2,test,cold_start,500,0,200,evaluation/exp_ar_pos08_fixed6/self_evolve_h200_r2/test.npz,cold_start_h500,4394eb6c96e3bfcbc157dbdefe32ce75aa0fd3fd3330af5e87c0b07cf91a11fa,f532720639dd828a4175b9b83fc9c60438484e3356b63ceaea9227dc80b2367c,,True,1000,163.39584357037555,23.422273383510902,69.98678509343233,0.3008211102791448,30.52260176049033,0.4601678338367492,known quoted arrival dates; overtaking allowed,ca5eb144ebc5c1a75f7db8db9b4b26a65ca94dbcedcedbc508a759791246cf55,primary,ca5eb144ebc5c1a75f7db8db9b4b26a65ca94dbcedcedbc508a759791246cf55,0.3040521559977606,True,evaluation/exp_ar_pos08_fixed6/self_evolve_h200_r2/test.json
capped,exp_ar_pos08_fixed6,self_evolve_h200_r3,self_evolve,3,test,steady,50,500,200,evaluation/exp_ar_pos08_fixed6/self_evolve_h200_r3/test.npz,steady_h50,4394eb6c96e3bfcbc157dbdefe32ce75aa0fd3fd3330af5e87c0b07cf91a11fa,87d97e37c31a954bf74a1043eda5ae449e9c93b9fcef93ea1284f75a7ce0ad26,,True,1000,168.25488067055556,26.049587748013465,71.10264646127105,0.2979932972743088,30.15337383088589,0.4707373329438269,known quoted arrival dates; overtaking allowed,3f35e229f4ad2cf1f845e54aca4847d4a27f0f5de2dcac0d858ae650eacd13c3,primary,3f35e229f4ad2cf1f845e54aca4847d4a27f0f5de2dcac0d858ae650eacd13c3,0.3322802502125952,True,evaluation/exp_ar_pos08_fixed6/self_evolve_h200_r3/test.json
capped,exp_ar_pos08_fixed6,self_evolve_h200_r3,self_evolve,3,test,steady,100,500,200,evaluation/exp_ar_pos08_fixed6/self_evolve_h200_r3/test.npz,steady_h100,4394eb6c96e3bfcbc157dbdefe32ce75aa0fd3fd3330af5e87c0b07cf91a11fa,87d97e37c31a954bf74a1043eda5ae449e9c93b9fcef93ea1284f75a7ce0ad26,,True,1000,167.53963806706918,26.876610931314534,70.33151356787732,0.29929980240740517,30.033265423165588,0.4707373329438269,known quoted arrival dates; overtaking allowed,3f35e229f4ad2cf1f845e54aca4847d4a27f0f5de2dcac0d858ae650eacd13c3,primary,3f35e229f4ad2cf1f845e54aca4847d4a27f0f5de2dcac0d858ae650eacd13c3,0.3178827521914637,True,evaluation/exp_ar_pos08_fixed6/self_evolve_h200_r3/test.json
capped,exp_ar_pos08_fixed6,self_evolve_h200_r3,self_evolve,3,test,steady,200,500,200,evaluation/exp_ar_pos08_fixed6/self_evolve_h200_r3/test.npz,steady_h200,4394eb6c96e3bfcbc157dbdefe32ce75aa0fd3fd3330af5e87c0b07cf91a11fa,87d97e37c31a954bf74a1043eda5ae449e9c93b9fcef93ea1284f75a7ce0ad26,,True,1000,167.58962636979638,27.103637255694462,70.24299455705096,0.2994334969373263,30.018907190216993,0.4707373329438269,known quoted arrival dates; overtaking allowed,3f35e229f4ad2cf1f845e54aca4847d4a27f0f5de2dcac0d858ae650eacd13c3,primary,3f35e229f4ad2cf1f845e54aca4847d4a27f0f5de2dcac0d858ae650eacd13c3,0.30900615845023605,True,evaluation/exp_ar_pos08_fixed6/self_evolve_h200_r3/test.json
capped,exp_ar_pos08_fixed6,self_evolve_h200_r3,self_evolve,3,test,steady,500,500,200,evaluation/exp_ar_pos08_fixed6/self_evolve_h200_r3/test.npz,steady_h500,4394eb6c96e3bfcbc157dbdefe32ce75aa0fd3fd3330af5e87c0b07cf91a11fa,87d97e37c31a954bf74a1043eda5ae449e9c93b9fcef93ea1284f75a7ce0ad26,,True,1000,167.20422589596345,27.504661316718188,69.84978228962262,0.3001571180418502,29.9573951507919,0.4707373329438269,known quoted arrival dates; overtaking allowed,3f35e229f4ad2cf1f845e54aca4847d4a27f0f5de2dcac0d858ae650eacd13c3,primary,3f35e229f4ad2cf1f845e54aca4847d4a27f0f5de2dcac0d858ae650eacd13c3,0.3039755170783842,True,evaluation/exp_ar_pos08_fixed6/self_evolve_h200_r3/test.json
capped,exp_ar_pos08_fixed6,self_evolve_h200_r3,self_evolve,3,test,cold_start,50,0,200,evaluation/exp_ar_pos08_fixed6/self_evolve_h200_r3/test.npz,cold_start_h50,4394eb6c96e3bfcbc157dbdefe32ce75aa0fd3fd3330af5e87c0b07cf91a11fa,87d97e37c31a954bf74a1043eda5ae449e9c93b9fcef93ea1284f75a7ce0ad26,,True,1000,177.7143391943364,31.835794393114774,72.93927240061079,0.27208088426627286,31.406972058540433,0.4707373329438269,known quoted arrival dates; overtaking allowed,3f35e229f4ad2cf1f845e54aca4847d4a27f0f5de2dcac0d858ae650eacd13c3,primary,3f35e229f4ad2cf1f845e54aca4847d4a27f0f5de2dcac0d858ae650eacd13c3,0.3049665389818542,True,evaluation/exp_ar_pos08_fixed6/self_evolve_h200_r3/test.json
capped,exp_ar_pos08_fixed6,self_evolve_h200_r3,self_evolve,3,test,cold_start,100,0,200,evaluation/exp_ar_pos08_fixed6/self_evolve_h200_r3/test.npz,cold_start_h100,4394eb6c96e3bfcbc157dbdefe32ce75aa0fd3fd3330af5e87c0b07cf91a11fa,87d97e37c31a954bf74a1043eda5ae449e9c93b9fcef93ea1284f75a7ce0ad26,,True,1000,172.6176972743725,29.436452901887463,71.59062218624251,0.28601615085933796,30.744533041053806,0.4707373329438269,known quoted arrival dates; overtaking allowed,3f35e229f4ad2cf1f845e54aca4847d4a27f0f5de2dcac0d858ae650eacd13c3,primary,3f35e229f4ad2cf1f845e54aca4847d4a27f0f5de2dcac0d858ae650eacd13c3,0.30326325513257507,True,evaluation/exp_ar_pos08_fixed6/self_evolve_h200_r3/test.json
capped,exp_ar_pos08_fixed6,self_evolve_h200_r3,self_evolve,3,test,cold_start,200,0,200,evaluation/exp_ar_pos08_fixed6/self_evolve_h200_r3/test.npz,cold_start_h200,4394eb6c96e3bfcbc157dbdefe32ce75aa0fd3fd3330af5e87c0b07cf91a11fa,87d97e37c31a954bf74a1043eda5ae449e9c93b9fcef93ea1284f75a7ce0ad26,,True,1000,169.27042114306215,28.449943741517803,70.41023870077218,0.2939070808894091,30.34760717568418,0.4707373329438269,known quoted arrival dates; overtaking allowed,3f35e229f4ad2cf1f845e54aca4847d4a27f0f5de2dcac0d858ae650eacd13c3,primary,3f35e229f4ad2cf1f845e54aca4847d4a27f0f5de2dcac0d858ae650eacd13c3,0.30309063568195677,True,evaluation/exp_ar_pos08_fixed6/self_evolve_h200_r3/test.json
capped,exp_ar_pos08_fixed6,self_evolve_h200_r3,self_evolve,3,test,cold_start,500,0,200,evaluation/exp_ar_pos08_fixed6/self_evolve_h200_r3/test.npz,cold_start_h500,4394eb6c96e3bfcbc157dbdefe32ce75aa0fd3fd3330af5e87c0b07cf91a11fa,87d97e37c31a954bf74a1043eda5ae449e9c93b9fcef93ea1284f75a7ce0ad26,,True,1000,168.22996598822783,27.541531934989397,70.3442170266192,0.2972503095649419,30.1702231669148,0.4707373329438269,known quoted arrival dates; overtaking allowed,3f35e229f4ad2cf1f845e54aca4847d4a27f0f5de2dcac0d858ae650eacd13c3,primary,3f35e229f4ad2cf1f845e54aca4847d4a27f0f5de2dcac0d858ae650eacd13c3,0.3009395283258951,True,evaluation/exp_ar_pos08_fixed6/self_evolve_h200_r3/test.json
capped,exp_iid_fixed6,baseline_h200_conditional_pil,conditional_pil,,test,steady,50,500,200,evaluation/exp_iid_fixed6/baseline_h200_conditional_pil/test.npz,steady_h50,cc7fff86d4386c1514b070b2e12b0e98fd39e011008abadb61955785019bc782,,8573ebdb8cab7464c86b5316023abfc8a9fe15f3f9e132b8ac4c65e0378fe13e,True,1000,123.34309708082888,38.777829827494664,42.28263362666712,0.5778439104383508,57.86955094443435,0.9797464578878134,known quoted arrival dates; overtaking allowed,93ffdaafe051ac988f90903b7db11148af7daa5cebb5d59d8328b26a790ec8d2,baseline,93ffdaafe051ac988f90903b7db11148af7daa5cebb5d59d8328b26a790ec8d2,0.5882387749544561,True,evaluation/exp_iid_fixed6/baseline_h200_conditional_pil/test.json
capped,exp_iid_fixed6,baseline_h200_conditional_pil,conditional_pil,,test,steady,100,500,200,evaluation/exp_iid_fixed6/baseline_h200_conditional_pil/test.npz,steady_h100,cc7fff86d4386c1514b070b2e12b0e98fd39e011008abadb61955785019bc782,,8573ebdb8cab7464c86b5316023abfc8a9fe15f3f9e132b8ac4c65e0378fe13e,True,1000,123.62369713351934,39.097454306192446,42.26312141366345,0.5778586203954903,57.84740668047892,0.9797464578878134,known quoted arrival dates; overtaking allowed,93ffdaafe051ac988f90903b7db11148af7daa5cebb5d59d8328b26a790ec8d2,baseline,93ffdaafe051ac988f90903b7db11148af7daa5cebb5d59d8328b26a790ec8d2,0.5833978601012895,True,evaluation/exp_iid_fixed6/baseline_h200_conditional_pil/test.json
capped,exp_iid_fixed6,baseline_h200_conditional_pil,conditional_pil,,test,steady,200,500,200,evaluation/exp_iid_fixed6/baseline_h200_conditional_pil/test.npz,steady_h200,cc7fff86d4386c1514b070b2e12b0e98fd39e011008abadb61955785019bc782,,8573ebdb8cab7464c86b5316023abfc8a9fe15f3f9e132b8ac4c65e0378fe13e,True,1000,123.48107258002206,39.249682503341376,42.11569503834035,0.5785845532527736,57.83282226898754,0.9797464578878134,known quoted arrival dates; overtaking allowed,93ffdaafe051ac988f90903b7db11148af7daa5cebb5d59d8328b26a790ec8d2,baseline,93ffdaafe051ac988f90903b7db11148af7daa5cebb5d59d8328b26a790ec8d2,0.5812267928733008,True,evaluation/exp_iid_fixed6/baseline_h200_conditional_pil/test.json
capped,exp_iid_fixed6,baseline_h200_conditional_pil,conditional_pil,,test,steady,500,500,200,evaluation/exp_iid_fixed6/baseline_h200_conditional_pil/test.npz,steady_h500,cc7fff86d4386c1514b070b2e12b0e98fd39e011008abadb61955785019bc782,,8573ebdb8cab7464c86b5316023abfc8a9fe15f3f9e132b8ac4c65e0378fe13e,True,1000,123.59052360477737,39.16735885728734,42.211582373745024,0.5781032078424462,57.83937034784613,0.9797464578878134,known quoted arrival dates; overtaking allowed,93ffdaafe051ac988f90903b7db11148af7daa5cebb5d59d8328b26a790ec8d2,baseline,93ffdaafe051ac988f90903b7db11148af7daa5cebb5d59d8328b26a790ec8d2,0.579090070182726,True,evaluation/exp_iid_fixed6/baseline_h200_conditional_pil/test.json
capped,exp_iid_fixed6,baseline_h200_conditional_pil,conditional_pil,,test,cold_start,50,0,200,evaluation/exp_iid_fixed6/baseline_h200_conditional_pil/test.npz,cold_start_h50,cc7fff86d4386c1514b070b2e12b0e98fd39e011008abadb61955785019bc782,,8573ebdb8cab7464c86b5316023abfc8a9fe15f3f9e132b8ac4c65e0378fe13e,True,1000,132.30595214712463,34.18109195085355,49.06243009813554,0.5101970587734173,58.83189425255088,0.9797464578878134,known quoted arrival dates; overtaking allowed,93ffdaafe051ac988f90903b7db11148af7daa5cebb5d59d8328b26a790ec8d2,baseline,93ffdaafe051ac988f90903b7db11148af7daa5cebb5d59d8328b26a790ec8d2,0.5187040656313323,True,evaluation/exp_iid_fixed6/baseline_h200_conditional_pil/test.json
capped,exp_iid_fixed6,baseline_h200_conditional_pil,conditional_pil,,test,cold_start,100,0,200,evaluation/exp_iid_fixed6/baseline_h200_conditional_pil/test.npz,cold_start_h100,cc7fff86d4386c1514b070b2e12b0e98fd39e011008abadb61955785019bc782,,8573ebdb8cab7464c86b5316023abfc8a9fe15f3f9e132b8ac4c65e0378fe13e,True,1000,127.57228005077839,36.49869507005363,45.53679249036239,0.5446919492832334,58.354354136917884,0.9797464578878134,known quoted arrival dates; overtaking allowed,93ffdaafe051ac988f90903b7db11148af7daa5cebb5d59d8328b26a790ec8d2,baseline,93ffdaafe051ac988f90903b7db11148af7daa5cebb5d59d8328b26a790ec8d2,0.5497345722264142,True,evaluation/exp_iid_fixed6/baseline_h200_conditional_pil/test.json
capped,exp_iid_fixed6,baseline_h200_conditional_pil,conditional_pil,,test,cold_start,200,0,200,evaluation/exp_iid_fixed6/baseline_h200_conditional_pil/test.npz,cold_start_h200,cc7fff86d4386c1514b070b2e12b0e98fd39e011008abadb61955785019bc782,,8573ebdb8cab7464c86b5316023abfc8a9fe15f3f9e132b8ac4c65e0378fe13e,True,1000,125.45735385381028,37.90738991693373,43.77498196843829,0.5620578393284045,58.09281823079096,0.9797464578878134,known quoted arrival dates; overtaking allowed,93ffdaafe051ac988f90903b7db11148af7daa5cebb5d59d8328b26a790ec8d2,baseline,93ffdaafe051ac988f90903b7db11148af7daa5cebb5d59d8328b26a790ec8d2,0.5646463659590177,True,evaluation/exp_iid_fixed6/baseline_h200_conditional_pil/test.json
capped,exp_iid_fixed6,baseline_h200_conditional_pil,conditional_pil,,test,cold_start,500,0,200,evaluation/exp_iid_fixed6/baseline_h200_conditional_pil/test.npz,cold_start_h500,cc7fff86d4386c1514b070b2e12b0e98fd39e011008abadb61955785019bc782,,8573ebdb8cab7464c86b5316023abfc8a9fe15f3f9e132b8ac4c65e0378fe13e,True,1000,124.20147391044411,38.818797129436234,42.691338390503944,0.5724369064116044,57.92771671572977,0.9797464578878134,known quoted arrival dates; overtaking allowed,93ffdaafe051ac988f90903b7db11148af7daa5cebb5d59d8328b26a790ec8d2,baseline,93ffdaafe051ac988f90903b7db11148af7daa5cebb5d59d8328b26a790ec8d2,0.5735422061267902,True,evaluation/exp_iid_fixed6/baseline_h200_conditional_pil/test.json
capped,exp_iid_fixed6,baseline_h200_forecast_adaptive_pil,forecast_adaptive_pil,,test,steady,50,500,200,evaluation/exp_iid_fixed6/baseline_h200_forecast_adaptive_pil/test.npz,steady_h50,cc7fff86d4386c1514b070b2e12b0e98fd39e011008abadb61955785019bc782,,4f2d75087adbe5d832435d26e083aebf508e8d304908493d91812a5a8b7474a2,True,1000,123.5314890177921,39.57438612283981,41.97855144747615,0.5808799120461523,58.166299075164524,0.9890759999398142,known quoted arrival dates; overtaking allowed,57310e46b0145bf1079f5fff6be5e72b84691829a9ad00cf2e720a587d606088,baseline,57310e46b0145bf1079f5fff6be5e72b84691829a9ad00cf2e720a587d606088,0.5916287789257716,True,evaluation/exp_iid_fixed6/baseline_h200_forecast_adaptive_pil/test.json
capped,exp_iid_fixed6,baseline_h200_forecast_adaptive_pil,forecast_adaptive_pil,,test,steady,100,500,200,evaluation/exp_iid_fixed6/baseline_h200_forecast_adaptive_pil/test.npz,steady_h100,cc7fff86d4386c1514b070b2e12b0e98fd39e011008abadb61955785019bc782,,4f2d75087adbe5d832435d26e083aebf508e8d304908493d91812a5a8b7474a2,True,1000,123.76633763846297,39.859133600751875,41.95360201885555,0.5809502269774953,58.1559175779426,0.9890759999398142,known quoted arrival dates; overtaking allowed,57310e46b0145bf1079f5fff6be5e72b84691829a9ad00cf2e720a587d606088,baseline,57310e46b0145bf1079f5fff6be5e72b84691829a9ad00cf2e720a587d606088,0.5866965203498926,True,evaluation/exp_iid_fixed6/baseline_h200_forecast_adaptive_pil/test.json
capped,exp_iid_fixed6,baseline_h200_forecast_adaptive_pil,forecast_adaptive_pil,,test,steady,200,500,200,evaluation/exp_iid_fixed6/baseline_h200_forecast_adaptive_pil/test.npz,steady_h200,cc7fff86d4386c1514b070b2e12b0e98fd39e011008abadb61955785019bc782,,4f2d75087adbe5d832435d26e083aebf508e8d304908493d91812a5a8b7474a2,True,1000,123.64475659144759,40.04010734976716,41.80232462084022,0.5817201808226845,58.1447501181357,0.9890759999398142,known quoted arrival dates; overtaking allowed,57310e46b0145bf1079f5fff6be5e72b84691829a9ad00cf2e720a587d606088,baseline,57310e46b0145bf1079f5fff6be5e72b84691829a9ad00cf2e720a587d606088,0.5844584537265507,True,evaluation/exp_iid_fixed6/baseline_h200_forecast_adaptive_pil/test.json
capped,exp_iid_fixed6,baseline_h200_forecast_adaptive_pil,forecast_adaptive_pil,,test,steady,500,500,200,evaluation/exp_iid_fixed6/baseline_h200_forecast_adaptive_pil/test.npz,steady_h500,cc7fff86d4386c1514b070b2e12b0e98fd39e011008abadb61955785019bc782,,4f2d75087adbe5d832435d26e083aebf508e8d304908493d91812a5a8b7474a2,True,1000,123.73704093285677,39.93885705466,41.899091939098405,0.5812264907080357,58.14957256081906,0.9890759999398142,known quoted arrival dates; overtaking allowed,57310e46b0145bf1079f5fff6be5e72b84691829a9ad00cf2e720a587d606088,baseline,57310e46b0145bf1079f5fff6be5e72b84691829a9ad00cf2e720a587d606088,0.5822525691249548,True,evaluation/exp_iid_fixed6/baseline_h200_forecast_adaptive_pil/test.json
capped,exp_iid_fixed6,baseline_h200_forecast_adaptive_pil,forecast_adaptive_pil,,test,cold_start,50,0,200,evaluation/exp_iid_fixed6/baseline_h200_forecast_adaptive_pil/test.npz,cold_start_h50,cc7fff86d4386c1514b070b2e12b0e98fd39e011008abadb61955785019bc782,,4f2d75087adbe5d832435d26e083aebf508e8d304908493d91812a5a8b7474a2,True,1000,132.2894461293466,33.382812552848094,49.45331678824926,0.5062947357510748,58.491115210476465,0.9890759999398142,known quoted arrival dates; overtaking allowed,57310e46b0145bf1079f5fff6be5e72b84691829a9ad00cf2e720a587d606088,baseline,57310e46b0145bf1079f5fff6be5e72b84691829a9ad00cf2e720a587d606088,0.5150205381334869,True,evaluation/exp_iid_fixed6/baseline_h200_forecast_adaptive_pil/test.json
capped,exp_iid_fixed6,baseline_h200_forecast_adaptive_pil,forecast_adaptive_pil,,test,cold_start,100,0,200,evaluation/exp_iid_fixed6/baseline_h200_forecast_adaptive_pil/test.npz,cold_start_h100,cc7fff86d4386c1514b070b2e12b0e98fd39e011008abadb61955785019bc782,,4f2d75087adbe5d832435d26e083aebf508e8d304908493d91812a5a8b7474a2,True,1000,127.6272300530386,36.45859769018255,45.58431618142802,0.5442167748592434,58.333094991079754,0.9890759999398142,known quoted arrival dates; overtaking allowed,57310e46b0145bf1079f5fff6be5e72b84691829a9ad00cf2e720a587d606088,baseline,57310e46b0145bf1079f5fff6be5e72b84691829a9ad00cf2e720a587d606088,0.5494311073454274,True,evaluation/exp_iid_fixed6/baseline_h200_forecast_adaptive_pil/test.json
capped,exp_iid_fixed6,baseline_h200_forecast_adaptive_pil,forecast_adaptive_pil,,test,cold_start,200,0,200,evaluation/exp_iid_fixed6/baseline_h200_forecast_adaptive_pil/test.npz,cold_start_h200,cc7fff86d4386c1514b070b2e12b0e98fd39e011008abadb61955785019bc782,,4f2d75087adbe5d832435d26e083aebf508e8d304908493d91812a5a8b7474a2,True,1000,125.53683885554503,38.257090243317045,43.63987430611399,0.5634095095953221,58.239038992814585,0.9890759999398142,known quoted arrival dates; overtaking allowed,57310e46b0145bf1079f5fff6be5e72b84691829a9ad00cf2e720a587d606088,baseline,57310e46b0145bf1079f5fff6be5e72b84691829a9ad00cf2e720a587d606088,0.566100384371866,True,evaluation/exp_iid_fixed6/baseline_h200_forecast_adaptive_pil/test.json
capped,exp_iid_fixed6,baseline_h200_forecast_adaptive_pil,forecast_adaptive_pil,,test,cold_start,500,0,200,evaluation/exp_iid_fixed6/baseline_h200_forecast_adaptive_pil/test.npz,cold_start_h500,cc7fff86d4386c1514b070b2e12b0e98fd39e011008abadb61955785019bc782,,4f2d75087adbe5d832435d26e083aebf508e8d304908493d91812a5a8b7474a2,True,1000,124.3062761082149,39.41456876269163,42.44585367276164,0.5748954895646197,58.179175276768746,0.9890759999398142,known quoted arrival dates; overtaking allowed,57310e46b0145bf1079f5fff6be5e72b84691829a9ad00cf2e720a587d606088,baseline,57310e46b0145bf1079f5fff6be5e72b84691829a9ad00cf2e720a587d606088,0.5760449207007403,True,evaluation/exp_iid_fixed6/baseline_h200_forecast_adaptive_pil/test.json
capped,exp_iid_fixed6,baseline_h200_pil_cop_continuation,pil_cop_continuation,,test,steady,50,500,200,evaluation/exp_iid_fixed6/baseline_h200_pil_cop_continuation/test.npz,steady_h50,cc7fff86d4386c1514b070b2e12b0e98fd39e011008abadb61955785019bc782,,1030362c6bde4d7ca247c72f99699581f697b50dc4601506a9e42940ffd78e39,True,1000,123.34309708082888,38.777829827494664,42.28263362666712,0.5778439104383508,57.86955094443435,0.9773560001049191,known quoted arrival dates; overtaking allowed,93ffdaafe051ac988f90903b7db11148af7daa5cebb5d59d8328b26a790ec8d2,baseline,93ffdaafe051ac988f90903b7db11148af7daa5cebb5d59d8328b26a790ec8d2,0.5882387749544561,True,evaluation/exp_iid_fixed6/baseline_h200_pil_cop_continuation/test.json
capped,exp_iid_fixed6,baseline_h200_pil_cop_continuation,pil_cop_continuation,,test,steady,100,500,200,evaluation/exp_iid_fixed6/baseline_h200_pil_cop_continuation/test.npz,steady_h100,cc7fff86d4386c1514b070b2e12b0e98fd39e011008abadb61955785019bc782,,1030362c6bde4d7ca247c72f99699581f697b50dc4601506a9e42940ffd78e39,True,1000,123.62369713351934,39.097454306192446,42.26312141366345,0.5778586203954903,57.84740668047892,0.9773560001049191,known quoted arrival dates; overtaking allowed,93ffdaafe051ac988f90903b7db11148af7daa5cebb5d59d8328b26a790ec8d2,baseline,93ffdaafe051ac988f90903b7db11148af7daa5cebb5d59d8328b26a790ec8d2,0.5833978601012895,True,evaluation/exp_iid_fixed6/baseline_h200_pil_cop_continuation/test.json
capped,exp_iid_fixed6,baseline_h200_pil_cop_continuation,pil_cop_continuation,,test,steady,200,500,200,evaluation/exp_iid_fixed6/baseline_h200_pil_cop_continuation/test.npz,steady_h200,cc7fff86d4386c1514b070b2e12b0e98fd39e011008abadb61955785019bc782,,1030362c6bde4d7ca247c72f99699581f697b50dc4601506a9e42940ffd78e39,True,1000,123.48107258002206,39.249682503341376,42.11569503834035,0.5785845532527736,57.83282226898754,0.9773560001049191,known quoted arrival dates; overtaking allowed,93ffdaafe051ac988f90903b7db11148af7daa5cebb5d59d8328b26a790ec8d2,baseline,93ffdaafe051ac988f90903b7db11148af7daa5cebb5d59d8328b26a790ec8d2,0.5812267928733008,True,evaluation/exp_iid_fixed6/baseline_h200_pil_cop_continuation/test.json
capped,exp_iid_fixed6,baseline_h200_pil_cop_continuation,pil_cop_continuation,,test,steady,500,500,200,evaluation/exp_iid_fixed6/baseline_h200_pil_cop_continuation/test.npz,steady_h500,cc7fff86d4386c1514b070b2e12b0e98fd39e011008abadb61955785019bc782,,1030362c6bde4d7ca247c72f99699581f697b50dc4601506a9e42940ffd78e39,True,1000,123.59052360477737,39.16735885728734,42.211582373745024,0.5781032078424462,57.83937034784613,0.9773560001049191,known quoted arrival dates; overtaking allowed,93ffdaafe051ac988f90903b7db11148af7daa5cebb5d59d8328b26a790ec8d2,baseline,93ffdaafe051ac988f90903b7db11148af7daa5cebb5d59d8328b26a790ec8d2,0.579090070182726,True,evaluation/exp_iid_fixed6/baseline_h200_pil_cop_continuation/test.json
capped,exp_iid_fixed6,baseline_h200_pil_cop_continuation,pil_cop_continuation,,test,cold_start,50,0,200,evaluation/exp_iid_fixed6/baseline_h200_pil_cop_continuation/test.npz,cold_start_h50,cc7fff86d4386c1514b070b2e12b0e98fd39e011008abadb61955785019bc782,,1030362c6bde4d7ca247c72f99699581f697b50dc4601506a9e42940ffd78e39,True,1000,132.30595214712463,34.18109195085355,49.06243009813554,0.5101970587734173,58.83189425255088,0.9773560001049191,known quoted arrival dates; overtaking allowed,93ffdaafe051ac988f90903b7db11148af7daa5cebb5d59d8328b26a790ec8d2,baseline,93ffdaafe051ac988f90903b7db11148af7daa5cebb5d59d8328b26a790ec8d2,0.5187040656313323,True,evaluation/exp_iid_fixed6/baseline_h200_pil_cop_continuation/test.json
capped,exp_iid_fixed6,baseline_h200_pil_cop_continuation,pil_cop_continuation,,test,cold_start,100,0,200,evaluation/exp_iid_fixed6/baseline_h200_pil_cop_continuation/test.npz,cold_start_h100,cc7fff86d4386c1514b070b2e12b0e98fd39e011008abadb61955785019bc782,,1030362c6bde4d7ca247c72f99699581f697b50dc4601506a9e42940ffd78e39,True,1000,127.57228005077839,36.49869507005363,45.53679249036239,0.5446919492832334,58.354354136917884,0.9773560001049191,known quoted arrival dates; overtaking allowed,93ffdaafe051ac988f90903b7db11148af7daa5cebb5d59d8328b26a790ec8d2,baseline,93ffdaafe051ac988f90903b7db11148af7daa5cebb5d59d8328b26a790ec8d2,0.5497345722264142,True,evaluation/exp_iid_fixed6/baseline_h200_pil_cop_continuation/test.json
capped,exp_iid_fixed6,baseline_h200_pil_cop_continuation,pil_cop_continuation,,test,cold_start,200,0,200,evaluation/exp_iid_fixed6/baseline_h200_pil_cop_continuation/test.npz,cold_start_h200,cc7fff86d4386c1514b070b2e12b0e98fd39e011008abadb61955785019bc782,,1030362c6bde4d7ca247c72f99699581f697b50dc4601506a9e42940ffd78e39,True,1000,125.45735385381028,37.90738991693373,43.77498196843829,0.5620578393284045,58.09281823079096,0.9773560001049191,known quoted arrival dates; overtaking allowed,93ffdaafe051ac988f90903b7db11148af7daa5cebb5d59d8328b26a790ec8d2,baseline,93ffdaafe051ac988f90903b7db11148af7daa5cebb5d59d8328b26a790ec8d2,0.5646463659590177,True,evaluation/exp_iid_fixed6/baseline_h200_pil_cop_continuation/test.json
capped,exp_iid_fixed6,baseline_h200_pil_cop_continuation,pil_cop_continuation,,test,cold_start,500,0,200,evaluation/exp_iid_fixed6/baseline_h200_pil_cop_continuation/test.npz,cold_start_h500,cc7fff86d4386c1514b070b2e12b0e98fd39e011008abadb61955785019bc782,,1030362c6bde4d7ca247c72f99699581f697b50dc4601506a9e42940ffd78e39,True,1000,124.20147391044411,38.818797129436234,42.691338390503944,0.5724369064116044,57.92771671572977,0.9773560001049191,known quoted arrival dates; overtaking allowed,93ffdaafe051ac988f90903b7db11148af7daa5cebb5d59d8328b26a790ec8d2,baseline,93ffdaafe051ac988f90903b7db11148af7daa5cebb5d59d8328b26a790ec8d2,0.5735422061267902,True,evaluation/exp_iid_fixed6/baseline_h200_pil_cop_continuation/test.json
capped,exp_iid_fixed6,self_evolve_h200_r1,self_evolve,1,test,steady,50,500,200,evaluation/exp_iid_fixed6/self_evolve_h200_r1/test.npz,steady_h50,cc7fff86d4386c1514b070b2e12b0e98fd39e011008abadb61955785019bc782,5a9c2559938f19f639982944be23b3b66f63311346d54d9a04d49b248f6f7566,,True,1000,126.08884374164336,37.87812196070278,44.10536089047028,0.5596455309140618,56.042740755665584,0.7883133329451084,known quoted arrival dates; overtaking allowed,f29bafe930a14cf98f8e41574399e3459841d34f805642e4a9bd4804ff1fc63b,primary,f29bafe930a14cf98f8e41574399e3459841d34f805642e4a9bd4804ff1fc63b,0.5692641379316934,True,evaluation/exp_iid_fixed6/self_evolve_h200_r1/test.json
capped,exp_iid_fixed6,self_evolve_h200_r1,self_evolve,1,test,steady,100,500,200,evaluation/exp_iid_fixed6/self_evolve_h200_r1/test.npz,steady_h100,cc7fff86d4386c1514b070b2e12b0e98fd39e011008abadb61955785019bc782,5a9c2559938f19f639982944be23b3b66f63311346d54d9a04d49b248f6f7566,,True,1000,126.42106092401055,38.21296176776321,44.104049578123664,0.5594706753241451,56.00710484170593,0.7883133329451084,known quoted arrival dates; overtaking allowed,f29bafe930a14cf98f8e41574399e3459841d34f805642e4a9bd4804ff1fc63b,primary,f29bafe930a14cf98f8e41574399e3459841d34f805642e4a9bd4804ff1fc63b,0.5646028250995742,True,evaluation/exp_iid_fixed6/self_evolve_h200_r1/test.json
capped,exp_iid_fixed6,self_evolve_h200_r1,self_evolve,1,test,steady,200,500,200,evaluation/exp_iid_fixed6/self_evolve_h200_r1/test.npz,steady_h200,cc7fff86d4386c1514b070b2e12b0e98fd39e011008abadb61955785019bc782,5a9c2559938f19f639982944be23b3b66f63311346d54d9a04d49b248f6f7566,,True,1000,126.25511595949058,38.34745812765705,43.953828915916766,0.5601919324377805,55.99580979738884,0.7883133329451084,known quoted arrival dates; overtaking allowed,f29bafe930a14cf98f8e41574399e3459841d34f805642e4a9bd4804ff1fc63b,primary,f29bafe930a14cf98f8e41574399e3459841d34f805642e4a9bd4804ff1fc63b,0.5626355368300533,True,evaluation/exp_iid_fixed6/self_evolve_h200_r1/test.json
capped,exp_iid_fixed6,self_evolve_h200_r1,self_evolve,1,test,steady,500,500,200,evaluation/exp_iid_fixed6/self_evolve_h200_r1/test.npz,steady_h500,cc7fff86d4386c1514b070b2e12b0e98fd39e011008abadb61955785019bc782,5a9c2559938f19f639982944be23b3b66f63311346d54d9a04d49b248f6f7566,,True,1000,126.38018361401653,38.28167671309024,44.04925345046314,0.5597360325623667,56.00439039433129,0.7883133329451084,known quoted arrival dates; overtaking allowed,f29bafe930a14cf98f8e41574399e3459841d34f805642e4a9bd4804ff1fc63b,primary,f29bafe930a14cf98f8e41574399e3459841d34f805642e4a9bd4804ff1fc63b,0.5606467105649743,True,evaluation/exp_iid_fixed6/self_evolve_h200_r1/test.json
capped,exp_iid_fixed6,self_evolve_h200_r1,self_evolve,1,test,cold_start,50,0,200,evaluation/exp_iid_fixed6/self_evolve_h200_r1/test.npz,cold_start_h50,cc7fff86d4386c1514b070b2e12b0e98fd39e011008abadb61955785019bc782,5a9c2559938f19f639982944be23b3b66f63311346d54d9a04d49b248f6f7566,,True,1000,144.0436365904824,45.309533573092864,49.36705150869478,0.5071559443697063,58.299579669945516,0.7883133329451084,known quoted arrival dates; overtaking allowed,f29bafe930a14cf98f8e41574399e3459841d34f805642e4a9bd4804ff1fc63b,primary,f29bafe930a14cf98f8e41574399e3459841d34f805642e4a9bd4804ff1fc63b,0.5150342371124023,True,evaluation/exp_iid_fixed6/self_evolve_h200_r1/test.json
capped,exp_iid_fixed6,self_evolve_h200_r1,self_evolve,1,test,cold_start,100,0,200,evaluation/exp_iid_fixed6/self_evolve_h200_r1/test.npz,cold_start_h100,cc7fff86d4386c1514b070b2e12b0e98fd39e011008abadb61955785019bc782,5a9c2559938f19f639982944be23b3b66f63311346d54d9a04d49b248f6f7566,,True,1000,134.78823460529648,41.58910063235394,46.59956698647127,0.5340656017143472,57.168990698073586,0.7883133329451084,known quoted arrival dates; overtaking allowed,f29bafe930a14cf98f8e41574399e3459841d34f805642e4a9bd4804ff1fc63b,primary,f29bafe930a14cf98f8e41574399e3459841d34f805642e4a9bd4804ff1fc63b,0.5387415615675909,True,evaluation/exp_iid_fixed6/self_evolve_h200_r1/test.json
capped,exp_iid_fixed6,self_evolve_h200_r1,self_evolve,1,test,cold_start,200,0,200,evaluation/exp_iid_fixed6/self_evolve_h200_r1/test.npz,cold_start_h200,cc7fff86d4386c1514b070b2e12b0e98fd39e011008abadb61955785019bc782,5a9c2559938f19f639982944be23b3b66f63311346d54d9a04d49b248f6f7566,,True,1000,130.42125727214298,39.97203972443186,45.22460877385557,0.5475552018221314,56.58495448636167,0.7883133329451084,known quoted arrival dates; overtaking allowed,f29bafe930a14cf98f8e41574399e3459841d34f805642e4a9bd4804ff1fc63b,primary,f29bafe930a14cf98f8e41574399e3459841d34f805642e4a9bd4804ff1fc63b,0.5499470154566898,True,evaluation/exp_iid_fixed6/self_evolve_h200_r1/test.json
capped,exp_iid_fixed6,self_evolve_h200_r1,self_evolve,1,test,cold_start,500,0,200,evaluation/exp_iid_fixed6/self_evolve_h200_r1/test.npz,cold_start_h500,cc7fff86d4386c1514b070b2e12b0e98fd39e011008abadb61955785019bc782,5a9c2559938f19f639982944be23b3b66f63311346d54d9a04d49b248f6f7566,,True,1000,127.8603647467339,39.11071715286853,44.37482379693267,0.5555764317691955,56.21925639800655,0.7883133329451084,known quoted arrival dates; overtaking allowed,f29bafe930a14cf98f8e41574399e3459841d34f805642e4a9bd4804ff1fc63b,primary,f29bafe930a14cf98f8e41574399e3459841d34f805642e4a9bd4804ff1fc63b,0.5566013254075454,True,evaluation/exp_iid_fixed6/self_evolve_h200_r1/test.json
capped,exp_iid_fixed6,self_evolve_h200_r2,self_evolve,2,test,steady,50,500,200,evaluation/exp_iid_fixed6/self_evolve_h200_r2/test.npz,steady_h50,cc7fff86d4386c1514b070b2e12b0e98fd39e011008abadb61955785019bc782,53c8c8dc17081e41a02015bf56580c624f62e56cc5094182f482bc5936ebac9f,,True,1000,123.94775360554141,32.733325019526575,45.60721429300742,0.5446508036435717,54.51039576564953,0.4846600419841707,known quoted arrival dates; overtaking allowed,29a15bd57fd500f695b8585ddfc06ccd4de461f33bfafff741667cb3ce0b6cf3,primary,29a15bd57fd500f695b8585ddfc06ccd4de461f33bfafff741667cb3ce0b6cf3,0.5548716976402264,True,evaluation/exp_iid_fixed6/self_evolve_h200_r2/test.json
capped,exp_iid_fixed6,self_evolve_h200_r2,self_evolve,2,test,steady,100,500,200,evaluation/exp_iid_fixed6/self_evolve_h200_r2/test.npz,steady_h100,cc7fff86d4386c1514b070b2e12b0e98fd39e011008abadb61955785019bc782,53c8c8dc17081e41a02015bf56580c624f62e56cc5094182f482bc5936ebac9f,,True,1000,124.23459627156106,33.00662980338823,45.61398323408641,0.5443888390726153,54.492659814716156,0.4846600419841707,known quoted arrival dates; overtaking allowed,29a15bd57fd500f695b8585ddfc06ccd4de461f33bfafff741667cb3ce0b6cf3,primary,29a15bd57fd500f695b8585ddfc06ccd4de461f33bfafff741667cb3ce0b6cf3,0.5498560903399662,True,evaluation/exp_iid_fixed6/self_evolve_h200_r2/test.json
capped,exp_iid_fixed6,self_evolve_h200_r2,self_evolve,2,test,steady,200,500,200,evaluation/exp_iid_fixed6/self_evolve_h200_r2/test.npz,steady_h200,cc7fff86d4386c1514b070b2e12b0e98fd39e011008abadb61955785019bc782,53c8c8dc17081e41a02015bf56580c624f62e56cc5094182f482bc5936ebac9f,,True,1000,124.09515814852715,33.21022373271203,45.44246720790755,0.5452964126014529,54.498138716361574,0.4846600419841707,known quoted arrival dates; overtaking allowed,29a15bd57fd500f695b8585ddfc06ccd4de461f33bfafff741667cb3ce0b6cf3,primary,29a15bd57fd500f695b8585ddfc06ccd4de461f33bfafff741667cb3ce0b6cf3,0.547898854039096,True,evaluation/exp_iid_fixed6/self_evolve_h200_r2/test.json
capped,exp_iid_fixed6,self_evolve_h200_r2,self_evolve,2,test,steady,500,500,200,evaluation/exp_iid_fixed6/self_evolve_h200_r2/test.npz,steady_h500,cc7fff86d4386c1514b070b2e12b0e98fd39e011008abadb61955785019bc782,53c8c8dc17081e41a02015bf56580c624f62e56cc5094182f482bc5936ebac9f,,True,1000,124.22256855477278,33.12600274157091,45.54828290660094,0.5447535163113866,54.4997750688978,0.4846600419841707,known quoted arrival dates; overtaking allowed,29a15bd57fd500f695b8585ddfc06ccd4de461f33bfafff741667cb3ce0b6cf3,primary,29a15bd57fd500f695b8585ddfc06ccd4de461f33bfafff741667cb3ce0b6cf3,0.5457276032408134,True,evaluation/exp_iid_fixed6/self_evolve_h200_r2/test.json
capped,exp_iid_fixed6,self_evolve_h200_r2,self_evolve,2,test,cold_start,50,0,200,evaluation/exp_iid_fixed6/self_evolve_h200_r2/test.npz,cold_start_h50,cc7fff86d4386c1514b070b2e12b0e98fd39e011008abadb61955785019bc782,53c8c8dc17081e41a02015bf56580c624f62e56cc5094182f482bc5936ebac9f,,True,1000,149.28649332767264,55.331970412378,46.97726145764733,0.531013837131556,60.39582999807381,0.4846600419841707,known quoted arrival dates; overtaking allowed,29a15bd57fd500f695b8585ddfc06ccd4de461f33bfafff741667cb3ce0b6cf3,primary,29a15bd57fd500f695b8585ddfc06ccd4de461f33bfafff741667cb3ce0b6cf3,0.5401584658680688,True,evaluation/exp_iid_fixed6/self_evolve_h200_r2/test.json
capped,exp_iid_fixed6,self_evolve_h200_r2,self_evolve,2,test,cold_start,100,0,200,evaluation/exp_iid_fixed6/self_evolve_h200_r2/test.npz,cold_start_h100,cc7fff86d4386c1514b070b2e12b0e98fd39e011008abadb61955785019bc782,53c8c8dc17081e41a02015bf56580c624f62e56cc5094182f482bc5936ebac9f,,True,1000,136.36391577370304,44.01865941014534,46.17262818177885,0.5383344283995161,57.45515139547479,0.4846600419841707,known quoted arrival dates; overtaking allowed,29a15bd57fd500f695b8585ddfc06ccd4de461f33bfafff741667cb3ce0b6cf3,primary,29a15bd57fd500f695b8585ddfc06ccd4de461f33bfafff741667cb3ce0b6cf3,0.5435342086421274,True,evaluation/exp_iid_fixed6/self_evolve_h200_r2/test.json
capped,exp_iid_fixed6,self_evolve_h200_r2,self_evolve,2,test,cold_start,200,0,200,evaluation/exp_iid_fixed6/self_evolve_h200_r2/test.npz,cold_start_h200,cc7fff86d4386c1514b070b2e12b0e98fd39e011008abadb61955785019bc782,53c8c8dc17081e41a02015bf56580c624f62e56cc5094182f482bc5936ebac9f,,True,1000,130.10143848189307,38.58843379229042,45.75650234480132,0.5422339290486722,55.979198509228354,0.4846600419841707,known quoted arrival dates; overtaking allowed,29a15bd57fd500f695b8585ddfc06ccd4de461f33bfafff741667cb3ce0b6cf3,primary,29a15bd57fd500f695b8585ddfc06ccd4de461f33bfafff741667cb3ce0b6cf3,0.5448536074998271,True,evaluation/exp_iid_fixed6/self_evolve_h200_r2/test.json
capped,exp_iid_fixed6,self_evolve_h200_r2,self_evolve,2,test,cold_start,500,0,200,evaluation/exp_iid_fixed6/self_evolve_h200_r2/test.npz,cold_start_h500,cc7fff86d4386c1514b070b2e12b0e98fd39e011008abadb61955785019bc782,53c8c8dc17081e41a02015bf56580c624f62e56cc5094182f482bc5936ebac9f,,True,1000,126.39677397667113,35.436178963959,45.48029750635607,0.5445048707242309,55.0884330884297,0.4846600419841707,known quoted arrival dates; overtaking allowed,29a15bd57fd500f695b8585ddfc06ccd4de461f33bfafff741667cb3ce0b6cf3,primary,29a15bd57fd500f695b8585ddfc06ccd4de461f33bfafff741667cb3ce0b6cf3,0.5456099882250884,True,evaluation/exp_iid_fixed6/self_evolve_h200_r2/test.json
capped,exp_iid_fixed6,self_evolve_h200_r3,self_evolve,3,test,steady,50,500,200,evaluation/exp_iid_fixed6/self_evolve_h200_r3/test.npz,steady_h50,cc7fff86d4386c1514b070b2e12b0e98fd39e011008abadb61955785019bc782,cc0efaec3c91bb18e629516b76b8d39e75df6c4b141af44eab330dca2f1dcac1,,True,1000,124.41929890327908,40.43589822894362,41.99170033716773,0.5807486315799618,58.139534172454695,0.5354509581811726,known quoted arrival dates; overtaking allowed,e81c8f3af86d7521a566ffe97314e9a2f3b82e835132d8355f462ab6b46183af,primary,e81c8f3af86d7521a566ffe97314e9a2f3b82e835132d8355f462ab6b46183af,0.5915686167253417,True,evaluation/exp_iid_fixed6/self_evolve_h200_r3/test.json
capped,exp_iid_fixed6,self_evolve_h200_r3,self_evolve,3,test,steady,100,500,200,evaluation/exp_iid_fixed6/self_evolve_h200_r3/test.npz,steady_h100,cc7fff86d4386c1514b070b2e12b0e98fd39e011008abadb61955785019bc782,cc0efaec3c91bb18e629516b76b8d39e75df6c4b141af44eab330dca2f1dcac1,,True,1000,124.5527142405177,40.62666913610329,41.96302255220721,0.5808561308290647,58.15216373828791,0.5354509581811726,known quoted arrival dates; overtaking allowed,e81c8f3af86d7521a566ffe97314e9a2f3b82e835132d8355f462ab6b46183af,primary,e81c8f3af86d7521a566ffe97314e9a2f3b82e835132d8355f462ab6b46183af,0.586634617000465,True,evaluation/exp_iid_fixed6/self_evolve_h200_r3/test.json
capped,exp_iid_fixed6,self_evolve_h200_r3,self_evolve,3,test,steady,200,500,200,evaluation/exp_iid_fixed6/self_evolve_h200_r3/test.npz,steady_h200,cc7fff86d4386c1514b070b2e12b0e98fd39e011008abadb61955785019bc782,cc0efaec3c91bb18e629516b76b8d39e75df6c4b141af44eab330dca2f1dcac1,,True,1000,124.57429921986368,40.95227578541188,41.8110117172259,0.5816332565394458,58.12647460245082,0.5354509581811726,known quoted arrival dates; overtaking allowed,e81c8f3af86d7521a566ffe97314e9a2f3b82e835132d8355f462ab6b46183af,primary,e81c8f3af86d7521a566ffe97314e9a2f3b82e835132d8355f462ab6b46183af,0.5843775337292024,True,evaluation/exp_iid_fixed6/self_evolve_h200_r3/test.json
capped,exp_iid_fixed6,self_evolve_h200_r3,self_evolve,3,test,steady,500,500,200,evaluation/exp_iid_fixed6/self_evolve_h200_r3/test.npz,steady_h500,cc7fff86d4386c1514b070b2e12b0e98fd39e011008abadb61955785019bc782,cc0efaec3c91bb18e629516b76b8d39e75df6c4b141af44eab330dca2f1dcac1,,True,1000,124.6947457879677,40.84017557219692,41.927285107885396,0.5809447053116324,58.11917415251407,0.5354509581811726,known quoted arrival dates; overtaking allowed,e81c8f3af86d7521a566ffe97314e9a2f3b82e835132d8355f462ab6b46183af,primary,e81c8f3af86d7521a566ffe97314e9a2f3b82e835132d8355f462ab6b46183af,0.5819818778561104,True,evaluation/exp_iid_fixed6/self_evolve_h200_r3/test.json
capped,exp_iid_fixed6,self_evolve_h200_r3,self_evolve,3,test,cold_start,50,0,200,evaluation/exp_iid_fixed6/self_evolve_h200_r3/test.npz,cold_start_h50,cc7fff86d4386c1514b070b2e12b0e98fd39e011008abadb61955785019bc782,cc0efaec3c91bb18e629516b76b8d39e75df6c4b141af44eab330dca2f1dcac1,,True,1000,142.3232656838053,51.59861822148338,45.36232373116095,0.5471361785391997,62.581203597402855,0.5354509581811726,known quoted arrival dates; overtaking allowed,e81c8f3af86d7521a566ffe97314e9a2f3b82e835132d8355f462ab6b46183af,primary,e81c8f3af86d7521a566ffe97314e9a2f3b82e835132d8355f462ab6b46183af,0.5565567679525603,True,evaluation/exp_iid_fixed6/self_evolve_h200_r3/test.json
capped,exp_iid_fixed6,self_evolve_h200_r3,self_evolve,3,test,cold_start,100,0,200,evaluation/exp_iid_fixed6/self_evolve_h200_r3/test.npz,cold_start_h100,cc7fff86d4386c1514b070b2e12b0e98fd39e011008abadb61955785019bc782,cc0efaec3c91bb18e629516b76b8d39e75df6c4b141af44eab330dca2f1dcac1,,True,1000,133.14441696152218,45.992974415657216,43.57572127293247,0.5643000829372176,60.34077517486221,0.5354509581811726,known quoted arrival dates; overtaking allowed,e81c8f3af86d7521a566ffe97314e9a2f3b82e835132d8355f462ab6b46183af,primary,e81c8f3af86d7521a566ffe97314e9a2f3b82e835132d8355f462ab6b46183af,0.5697613718334421,True,evaluation/exp_iid_fixed6/self_evolve_h200_r3/test.json
capped,exp_iid_fixed6,self_evolve_h200_r3,self_evolve,3,test,cold_start,200,0,200,evaluation/exp_iid_fixed6/self_evolve_h200_r3/test.npz,cold_start_h200,cc7fff86d4386c1514b070b2e12b0e98fd39e011008abadb61955785019bc782,cc0efaec3c91bb18e629516b76b8d39e75df6c4b141af44eab330dca2f1dcac1,,True,1000,128.83809955993388,43.58383661552256,42.62713147220566,0.5735413877810461,59.2497386431394,0.5354509581811726,known quoted arrival dates; overtaking allowed,e81c8f3af86d7521a566ffe97314e9a2f3b82e835132d8355f462ab6b46183af,primary,e81c8f3af86d7521a566ffe97314e9a2f3b82e835132d8355f462ab6b46183af,0.5763152760874548,True,evaluation/exp_iid_fixed6/self_evolve_h200_r3/test.json
capped,exp_iid_fixed6,self_evolve_h200_r3,self_evolve,3,test,cold_start,500,0,200,evaluation/exp_iid_fixed6/self_evolve_h200_r3/test.npz,cold_start_h500,cc7fff86d4386c1514b070b2e12b0e98fd39e011008abadb61955785019bc782,cc0efaec3c91bb18e629516b76b8d39e75df6c4b141af44eab330dca2f1dcac1,,True,1000,126.18873519293635,42.063748562572066,42.06249331518213,0.578734927413734,58.56572506694703,0.5354509581811726,known quoted arrival dates; overtaking allowed,e81c8f3af86d7521a566ffe97314e9a2f3b82e835132d8355f462ab6b46183af,primary,e81c8f3af86d7521a566ffe97314e9a2f3b82e835132d8355f462ab6b46183af,0.5799033240140937,True,evaluation/exp_iid_fixed6/self_evolve_h200_r3/test.json
capped,exp_iid_random3_9,baseline_h200_conditional_pil,conditional_pil,,test,steady,50,500,200,evaluation/exp_iid_random3_9/baseline_h200_conditional_pil/test.npz,steady_h50,8b04251a10d91ba3d3c15d77990badf9f9b94e8a3e1d0c3cd51c8ace0a33509a,,4c275060cd6b34411d8b4c6e7b509a99ccffa8276146162dc77b080e14540b2b,True,1000,132.19544439691327,39.46165081928825,46.366896788812504,0.537066020856171,53.78942335241588,1.103346916148439,known quoted arrival dates; overtaking allowed,3c301b841cabaa22a43fee953ddde671388b52efaf671925f371222d5e8fabce,baseline,3c301b841cabaa22a43fee953ddde671388b52efaf671925f371222d5e8fabce,0.5468115660318535,True,evaluation/exp_iid_random3_9/baseline_h200_conditional_pil/test.json
capped,exp_iid_random3_9,baseline_h200_conditional_pil,conditional_pil,,test,steady,100,500,200,evaluation/exp_iid_random3_9/baseline_h200_conditional_pil/test.npz,steady_h100,8b04251a10d91ba3d3c15d77990badf9f9b94e8a3e1d0c3cd51c8ace0a33509a,,4c275060cd6b34411d8b4c6e7b509a99ccffa8276146162dc77b080e14540b2b,True,1000,132.34967407175802,39.56889648506513,46.390388793346446,0.536633782111473,53.72381821156737,1.103346916148439,known quoted arrival dates; overtaking allowed,3c301b841cabaa22a43fee953ddde671388b52efaf671925f371222d5e8fabce,baseline,3c301b841cabaa22a43fee953ddde671388b52efaf671925f371222d5e8fabce,0.541827302450102,True,evaluation/exp_iid_random3_9/baseline_h200_conditional_pil/test.json
capped,exp_iid_random3_9,baseline_h200_conditional_pil,conditional_pil,,test,steady,200,500,200,evaluation/exp_iid_random3_9/baseline_h200_conditional_pil/test.npz,steady_h200,8b04251a10d91ba3d3c15d77990badf9f9b94e8a3e1d0c3cd51c8ace0a33509a,,4c275060cd6b34411d8b4c6e7b509a99ccffa8276146162dc77b080e14540b2b,True,1000,132.23273220434578,39.74895729978228,46.24188745228176,0.5372973035017444,53.72376237131993,1.103346916148439,known quoted arrival dates; overtaking allowed,3c301b841cabaa22a43fee953ddde671388b52efaf671925f371222d5e8fabce,baseline,3c301b841cabaa22a43fee953ddde671388b52efaf671925f371222d5e8fabce,0.5397537830086544,True,evaluation/exp_iid_random3_9/baseline_h200_conditional_pil/test.json
capped,exp_iid_random3_9,baseline_h200_conditional_pil,conditional_pil,,test,steady,500,500,200,evaluation/exp_iid_random3_9/baseline_h200_conditional_pil/test.npz,steady_h500,8b04251a10d91ba3d3c15d77990badf9f9b94e8a3e1d0c3cd51c8ace0a33509a,,4c275060cd6b34411d8b4c6e7b509a99ccffa8276146162dc77b080e14540b2b,True,1000,132.3306691027788,39.70689466420217,46.31188721928832,0.5371214354491239,53.73731767497747,1.103346916148439,known quoted arrival dates; overtaking allowed,3c301b841cabaa22a43fee953ddde671388b52efaf671925f371222d5e8fabce,baseline,3c301b841cabaa22a43fee953ddde671388b52efaf671925f371222d5e8fabce,0.5380443438027156,True,evaluation/exp_iid_random3_9/baseline_h200_conditional_pil/test.json
capped,exp_iid_random3_9,baseline_h200_conditional_pil,conditional_pil,,test,cold_start,50,0,200,evaluation/exp_iid_random3_9/baseline_h200_conditional_pil/test.npz,cold_start_h50,8b04251a10d91ba3d3c15d77990badf9f9b94e8a3e1d0c3cd51c8ace0a33509a,,4c275060cd6b34411d8b4c6e7b509a99ccffa8276146162dc77b080e14540b2b,True,1000,138.21721582780307,35.228678801757724,51.49426851302268,0.4859193863096399,57.315790611820056,1.103346916148439,known quoted arrival dates; overtaking allowed,3c301b841cabaa22a43fee953ddde671388b52efaf671925f371222d5e8fabce,baseline,3c301b841cabaa22a43fee953ddde671388b52efaf671925f371222d5e8fabce,0.4939655648583715,True,evaluation/exp_iid_random3_9/baseline_h200_conditional_pil/test.json
capped,exp_iid_random3_9,baseline_h200_conditional_pil,conditional_pil,,test,cold_start,100,0,200,evaluation/exp_iid_random3_9/baseline_h200_conditional_pil/test.npz,cold_start_h100,8b04251a10d91ba3d3c15d77990badf9f9b94e8a3e1d0c3cd51c8ace0a33509a,,4c275060cd6b34411d8b4c6e7b509a99ccffa8276146162dc77b080e14540b2b,True,1000,134.7454018110458,37.284557254271554,48.73042227838715,0.5127598505565981,55.61827964401468,1.103346916148439,known quoted arrival dates; overtaking allowed,3c301b841cabaa22a43fee953ddde671388b52efaf671925f371222d5e8fabce,baseline,3c301b841cabaa22a43fee953ddde671388b52efaf671925f371222d5e8fabce,0.5175124655446044,True,evaluation/exp_iid_random3_9/baseline_h200_conditional_pil/test.json
capped,exp_iid_random3_9,baseline_h200_conditional_pil,conditional_pil,,test,cold_start,200,0,200,evaluation/exp_iid_random3_9/baseline_h200_conditional_pil/test.npz,cold_start_h200,8b04251a10d91ba3d3c15d77990badf9f9b94e8a3e1d0c3cd51c8ace0a33509a,,4c275060cd6b34411d8b4c6e7b509a99ccffa8276146162dc77b080e14540b2b,True,1000,133.34061249322085,38.55690374483633,47.391854374192256,0.5258732232526877,54.6957042894876,1.103346916148439,known quoted arrival dates; overtaking allowed,3c301b841cabaa22a43fee953ddde671388b52efaf671925f371222d5e8fabce,baseline,3c301b841cabaa22a43fee953ddde671388b52efaf671925f371222d5e8fabce,0.5282823471826562,True,evaluation/exp_iid_random3_9/baseline_h200_conditional_pil/test.json
capped,exp_iid_random3_9,baseline_h200_conditional_pil,conditional_pil,,test,cold_start,500,0,200,evaluation/exp_iid_random3_9/baseline_h200_conditional_pil/test.npz,cold_start_h500,8b04251a10d91ba3d3c15d77990badf9f9b94e8a3e1d0c3cd51c8ace0a33509a,,4c275060cd6b34411d8b4c6e7b509a99ccffa8276146162dc77b080e14540b2b,True,1000,132.64190051959096,39.46270543124035,46.58959754417531,0.5333949881632939,54.117693774908155,1.103346916148439,known quoted arrival dates; overtaking allowed,3c301b841cabaa22a43fee953ddde671388b52efaf671925f371222d5e8fabce,baseline,3c301b841cabaa22a43fee953ddde671388b52efaf671925f371222d5e8fabce,0.5344354451989399,True,evaluation/exp_iid_random3_9/baseline_h200_conditional_pil/test.json
capped,exp_iid_random3_9,baseline_h200_forecast_adaptive_pil,forecast_adaptive_pil,,test,steady,50,500,200,evaluation/exp_iid_random3_9/baseline_h200_forecast_adaptive_pil/test.npz,steady_h50,8b04251a10d91ba3d3c15d77990badf9f9b94e8a3e1d0c3cd51c8ace0a33509a,,da79e82cc3873dd67f8c7c54406046c9bb5b8193aee63272ff05bc39f774a853,True,1000,131.8681000072974,39.66623773330485,46.100931136996266,0.5397214613975484,54.05288390858941,1.095802707830444,known quoted arrival dates; overtaking allowed,8c90095c5413064dab31cdcc9f81f07dc17324f8caf96b6dd1730333eb554574,baseline,8c90095c5413064dab31cdcc9f81f07dc17324f8caf96b6dd1730333eb554574,0.5494975862755146,True,evaluation/exp_iid_random3_9/baseline_h200_forecast_adaptive_pil/test.json
capped,exp_iid_random3_9,baseline_h200_forecast_adaptive_pil,forecast_adaptive_pil,,test,steady,100,500,200,evaluation/exp_iid_random3_9/baseline_h200_forecast_adaptive_pil/test.npz,steady_h100,8b04251a10d91ba3d3c15d77990badf9f9b94e8a3e1d0c3cd51c8ace0a33509a,,da79e82cc3873dd67f8c7c54406046c9bb5b8193aee63272ff05bc39f774a853,True,1000,132.1337832548984,39.86600137168065,46.13389094160886,0.5391957877886752,53.98525123265874,1.095802707830444,known quoted arrival dates; overtaking allowed,8c90095c5413064dab31cdcc9f81f07dc17324f8caf96b6dd1730333eb554574,baseline,8c90095c5413064dab31cdcc9f81f07dc17324f8caf96b6dd1730333eb554574,0.5444035283366551,True,evaluation/exp_iid_random3_9/baseline_h200_forecast_adaptive_pil/test.json
capped,exp_iid_random3_9,baseline_h200_forecast_adaptive_pil,forecast_adaptive_pil,,test,steady,200,500,200,evaluation/exp_iid_random3_9/baseline_h200_forecast_adaptive_pil/test.npz,steady_h200,8b04251a10d91ba3d3c15d77990badf9f9b94e8a3e1d0c3cd51c8ace0a33509a,,da79e82cc3873dd67f8c7c54406046c9bb5b8193aee63272ff05bc39f774a853,True,1000,131.99172911276656,40.018240968542784,45.98674407211189,0.5398503033143084,53.979995087336604,1.095802707830444,known quoted arrival dates; overtaking allowed,8c90095c5413064dab31cdcc9f81f07dc17324f8caf96b6dd1730333eb554574,baseline,8c90095c5413064dab31cdcc9f81f07dc17324f8caf96b6dd1730333eb554574,0.5423157295102579,True,evaluation/exp_iid_random3_9/baseline_h200_forecast_adaptive_pil/test.json
capped,exp_iid_random3_9,baseline_h200_forecast_adaptive_pil,forecast_adaptive_pil,,test,steady,500,500,200,evaluation/exp_iid_random3_9/baseline_h200_forecast_adaptive_pil/test.npz,steady_h500,8b04251a10d91ba3d3c15d77990badf9f9b94e8a3e1d0c3cd51c8ace0a33509a,,da79e82cc3873dd67f8c7c54406046c9bb5b8193aee63272ff05bc39f774a853,True,1000,132.08643188865676,39.957169404028186,46.06463124231428,0.5395927122329105,53.98479654477214,1.095802707830444,known quoted arrival dates; overtaking allowed,8c90095c5413064dab31cdcc9f81f07dc17324f8caf96b6dd1730333eb554574,baseline,8c90095c5413064dab31cdcc9f81f07dc17324f8caf96b6dd1730333eb554574,0.5405179831477842,True,evaluation/exp_iid_random3_9/baseline_h200_forecast_adaptive_pil/test.json
capped,exp_iid_random3_9,baseline_h200_forecast_adaptive_pil,forecast_adaptive_pil,,test,cold_start,50,0,200,evaluation/exp_iid_random3_9/baseline_h200_forecast_adaptive_pil/test.npz,cold_start_h50,8b04251a10d91ba3d3c15d77990badf9f9b94e8a3e1d0c3cd51c8ace0a33509a,,da79e82cc3873dd67f8c7c54406046c9bb5b8193aee63272ff05bc39f774a853,True,1000,138.0755971798406,34.818826923482014,51.62838512817929,0.4845804654196703,57.06798471581409,1.095802707830444,known quoted arrival dates; overtaking allowed,8c90095c5413064dab31cdcc9f81f07dc17324f8caf96b6dd1730333eb554574,baseline,8c90095c5413064dab31cdcc9f81f07dc17324f8caf96b6dd1730333eb554574,0.4926278669961826,True,evaluation/exp_iid_random3_9/baseline_h200_forecast_adaptive_pil/test.json
capped,exp_iid_random3_9,baseline_h200_forecast_adaptive_pil,forecast_adaptive_pil,,test,cold_start,100,0,200,evaluation/exp_iid_random3_9/baseline_h200_forecast_adaptive_pil/test.npz,cold_start_h100,8b04251a10d91ba3d3c15d77990badf9f9b94e8a3e1d0c3cd51c8ace0a33509a,,da79e82cc3873dd67f8c7c54406046c9bb5b8193aee63272ff05bc39f774a853,True,1000,134.57312147961233,37.196929029278245,48.688096225167044,0.5131830554362623,55.602123841459736,1.095802707830444,known quoted arrival dates; overtaking allowed,8c90095c5413064dab31cdcc9f81f07dc17324f8caf96b6dd1730333eb554574,baseline,8c90095c5413064dab31cdcc9f81f07dc17324f8caf96b6dd1730333eb554574,0.5179651285546597,True,evaluation/exp_iid_random3_9/baseline_h200_forecast_adaptive_pil/test.json
capped,exp_iid_random3_9,baseline_h200_forecast_adaptive_pil,forecast_adaptive_pil,,test,cold_start,200,0,200,evaluation/exp_iid_random3_9/baseline_h200_forecast_adaptive_pil/test.npz,cold_start_h200,8b04251a10d91ba3d3c15d77990badf9f9b94e8a3e1d0c3cd51c8ace0a33509a,,da79e82cc3873dd67f8c7c54406046c9bb5b8193aee63272ff05bc39f774a853,True,1000,133.12453290857442,38.61410108623245,47.25521591117099,0.5272402082526936,54.800575886183516,1.095802707830444,known quoted arrival dates; overtaking allowed,8c90095c5413064dab31cdcc9f81f07dc17324f8caf96b6dd1730333eb554574,baseline,8c90095c5413064dab31cdcc9f81f07dc17324f8caf96b6dd1730333eb554574,0.5296656537576225,True,evaluation/exp_iid_random3_9/baseline_h200_forecast_adaptive_pil/test.json
capped,exp_iid_random3_9,baseline_h200_forecast_adaptive_pil,forecast_adaptive_pil,,test,cold_start,500,0,200,evaluation/exp_iid_random3_9/baseline_h200_forecast_adaptive_pil/test.npz,cold_start_h500,8b04251a10d91ba3d3c15d77990badf9f9b94e8a3e1d0c3cd51c8ace0a33509a,,da79e82cc3873dd67f8c7c54406046c9bb5b8193aee63272ff05bc39f774a853,True,1000,132.40098316786856,39.610666007023106,46.39515858042273,0.5353423369227946,54.3002342960104,1.095802707830444,known quoted arrival dates; overtaking allowed,8c90095c5413064dab31cdcc9f81f07dc17324f8caf96b6dd1730333eb554574,baseline,8c90095c5413064dab31cdcc9f81f07dc17324f8caf96b6dd1730333eb554574,0.5363874844554903,True,evaluation/exp_iid_random3_9/baseline_h200_forecast_adaptive_pil/test.json
capped,exp_iid_random3_9,baseline_h200_pil_cop_continuation,pil_cop_continuation,,test,steady,50,500,200,evaluation/exp_iid_random3_9/baseline_h200_pil_cop_continuation/test.npz,steady_h50,8b04251a10d91ba3d3c15d77990badf9f9b94e8a3e1d0c3cd51c8ace0a33509a,,f282903072f645ac65ec165bf7460c681a9c23a5acd7f75a09879b1cd5154134,True,1000,132.75153522358184,40.14512551486947,46.30320485435618,0.5377019305827057,53.82505111626417,1.0411091251298785,known quoted arrival dates; overtaking allowed,5e3423d30230f801cd2689652a0bae32625eff5fbe1e24674b971a4a1acd9d9c,baseline,5e3423d30230f801cd2689652a0bae32625eff5fbe1e24674b971a4a1acd9d9c,0.5472809259251826,True,evaluation/exp_iid_random3_9/baseline_h200_pil_cop_continuation/test.json
capped,exp_iid_random3_9,baseline_h200_pil_cop_continuation,pil_cop_continuation,,test,steady,100,500,200,evaluation/exp_iid_random3_9/baseline_h200_pil_cop_continuation/test.npz,steady_h100,8b04251a10d91ba3d3c15d77990badf9f9b94e8a3e1d0c3cd51c8ace0a33509a,,f282903072f645ac65ec165bf7460c681a9c23a5acd7f75a09879b1cd5154134,True,1000,132.98880730520779,40.19879961560169,46.39500384480305,0.5365876850858943,53.68519236819867,1.0411091251298785,known quoted arrival dates; overtaking allowed,5e3423d30230f801cd2689652a0bae32625eff5fbe1e24674b971a4a1acd9d9c,baseline,5e3423d30230f801cd2689652a0bae32625eff5fbe1e24674b971a4a1acd9d9c,0.5417238050025285,True,evaluation/exp_iid_random3_9/baseline_h200_pil_cop_continuation/test.json
capped,exp_iid_random3_9,baseline_h200_pil_cop_continuation,pil_cop_continuation,,test,steady,200,500,200,evaluation/exp_iid_random3_9/baseline_h200_pil_cop_continuation/test.npz,steady_h200,8b04251a10d91ba3d3c15d77990badf9f9b94e8a3e1d0c3cd51c8ace0a33509a,,f282903072f645ac65ec165bf7460c681a9c23a5acd7f75a09879b1cd5154134,True,1000,132.73272289874996,40.20493084559938,46.26389602657528,0.5370770826752869,53.68327551095156,1.0411091251298785,known quoted arrival dates; overtaking allowed,5e3423d30230f801cd2689652a0bae32625eff5fbe1e24674b971a4a1acd9d9c,baseline,5e3423d30230f801cd2689652a0bae32625eff5fbe1e24674b971a4a1acd9d9c,0.5395032179203457,True,evaluation/exp_iid_random3_9/baseline_h200_pil_cop_continuation/test.json
capped,exp_iid_random3_9,baseline_h200_pil_cop_continuation,pil_cop_continuation,,test,steady,500,500,200,evaluation/exp_iid_random3_9/baseline_h200_pil_cop_continuation/test.npz,steady_h500,8b04251a10d91ba3d3c15d77990badf9f9b94e8a3e1d0c3cd51c8ace0a33509a,,f282903072f645ac65ec165bf7460c681a9c23a5acd7f75a09879b1cd5154134,True,1000,132.84721785758853,40.18460777595078,46.33130504081887,0.5369273579909067,53.71513160211997,1.0411091251298785,known quoted arrival dates; overtaking allowed,5e3423d30230f801cd2689652a0bae32625eff5fbe1e24674b971a4a1acd9d9c,baseline,5e3423d30230f801cd2689652a0bae32625eff5fbe1e24674b971a4a1acd9d9c,0.5378348772354619,True,evaluation/exp_iid_random3_9/baseline_h200_pil_cop_continuation/test.json
capped,exp_iid_random3_9,baseline_h200_pil_cop_continuation,pil_cop_continuation,,test,cold_start,50,0,200,evaluation/exp_iid_random3_9/baseline_h200_pil_cop_continuation/test.npz,cold_start_h50,8b04251a10d91ba3d3c15d77990badf9f9b94e8a3e1d0c3cd51c8ace0a33509a,,f282903072f645ac65ec165bf7460c681a9c23a5acd7f75a09879b1cd5154134,True,1000,138.4222266997561,36.6598877366015,50.8811694815773,0.4920401126630727,56.60914410931977,1.0411091251298785,known quoted arrival dates; overtaking allowed,5e3423d30230f801cd2689652a0bae32625eff5fbe1e24674b971a4a1acd9d9c,baseline,5e3423d30230f801cd2689652a0bae32625eff5fbe1e24674b971a4a1acd9d9c,0.49992966283795204,True,evaluation/exp_iid_random3_9/baseline_h200_pil_cop_continuation/test.json
capped,exp_iid_random3_9,baseline_h200_pil_cop_continuation,pil_cop_continuation,,test,cold_start,100,0,200,evaluation/exp_iid_random3_9/baseline_h200_pil_cop_continuation/test.npz,cold_start_h100,8b04251a10d91ba3d3c15d77990badf9f9b94e8a3e1d0c3cd51c8ace0a33509a,,f282903072f645ac65ec165bf7460c681a9c23a5acd7f75a09879b1cd5154134,True,1000,135.12127310966144,38.21227704022183,48.45449803471979,0.5155187301934602,55.23863520942323,1.0411091251298785,known quoted arrival dates; overtaking allowed,5e3423d30230f801cd2689652a0bae32625eff5fbe1e24674b971a4a1acd9d9c,baseline,5e3423d30230f801cd2689652a0bae32625eff5fbe1e24674b971a4a1acd9d9c,0.5201848154422367,True,evaluation/exp_iid_random3_9/baseline_h200_pil_cop_continuation/test.json
capped,exp_iid_random3_9,baseline_h200_pil_cop_continuation,pil_cop_continuation,,test,cold_start,200,0,200,evaluation/exp_iid_random3_9/baseline_h200_pil_cop_continuation/test.npz,cold_start_h200,8b04251a10d91ba3d3c15d77990badf9f9b94e8a3e1d0c3cd51c8ace0a33509a,,f282903072f645ac65ec165bf7460c681a9c23a5acd7f75a09879b1cd5154134,True,1000,133.8931717123404,39.31616365446751,47.28850402893646,0.5269071808118276,54.46864876659846,1.0411091251298785,known quoted arrival dates; overtaking allowed,5e3423d30230f801cd2689652a0bae32625eff5fbe1e24674b971a4a1acd9d9c,baseline,5e3423d30230f801cd2689652a0bae32625eff5fbe1e24674b971a4a1acd9d9c,0.5292756646161679,True,evaluation/exp_iid_random3_9/baseline_h200_pil_cop_continuation/test.json
capped,exp_iid_random3_9,baseline_h200_pil_cop_continuation,pil_cop_continuation,,test,cold_start,500,0,200,evaluation/exp_iid_random3_9/baseline_h200_pil_cop_continuation/test.npz,cold_start_h500,8b04251a10d91ba3d3c15d77990badf9f9b94e8a3e1d0c3cd51c8ace0a33509a,,f282903072f645ac65ec165bf7460c681a9c23a5acd7f75a09879b1cd5154134,True,1000,133.13155992723378,39.9694734892918,46.58104321897099,0.5334806616016495,53.99930764358242,1.0411091251298785,known quoted arrival dates; overtaking allowed,5e3423d30230f801cd2689652a0bae32625eff5fbe1e24674b971a4a1acd9d9c,baseline,5e3423d30230f801cd2689652a0bae32625eff5fbe1e24674b971a4a1acd9d9c,0.5344966666006037,True,evaluation/exp_iid_random3_9/baseline_h200_pil_cop_continuation/test.json
capped,exp_iid_random3_9,self_evolve_h200_r1,self_evolve,1,test,steady,50,500,200,evaluation/exp_iid_random3_9/self_evolve_h200_r1/test.npz,steady_h50,8b04251a10d91ba3d3c15d77990badf9f9b94e8a3e1d0c3cd51c8ace0a33509a,2df85190498a25e291515dfa3e561bb1736f5cbac9d94f38ff70f0b42389a048,,True,1000,136.2752930399172,37.63434595854582,49.32047354068568,0.5075770722064683,50.80845026023206,0.8164280001074076,known quoted arrival dates; overtaking allowed,0e1eb90440e2010d47ce8fa4499cb095538684f41293499325da6fc8ac24fdfd,primary,0e1eb90440e2010d47ce8fa4499cb095538684f41293499325da6fc8ac24fdfd,0.5169813739978044,True,evaluation/exp_iid_random3_9/self_evolve_h200_r1/test.json
capped,exp_iid_random3_9,self_evolve_h200_r1,self_evolve,1,test,steady,100,500,200,evaluation/exp_iid_random3_9/self_evolve_h200_r1/test.npz,steady_h100,8b04251a10d91ba3d3c15d77990badf9f9b94e8a3e1d0c3cd51c8ace0a33509a,2df85190498a25e291515dfa3e561bb1736f5cbac9d94f38ff70f0b42389a048,,True,1000,136.64619407338532,38.02766772283564,49.309263175274836,0.5074788683884853,50.827033158096064,0.8164280001074076,known quoted arrival dates; overtaking allowed,0e1eb90440e2010d47ce8fa4499cb095538684f41293499325da6fc8ac24fdfd,primary,0e1eb90440e2010d47ce8fa4499cb095538684f41293499325da6fc8ac24fdfd,0.5124874016306892,True,evaluation/exp_iid_random3_9/self_evolve_h200_r1/test.json
capped,exp_iid_random3_9,self_evolve_h200_r1,self_evolve,1,test,steady,200,500,200,evaluation/exp_iid_random3_9/self_evolve_h200_r1/test.npz,steady_h200,8b04251a10d91ba3d3c15d77990badf9f9b94e8a3e1d0c3cd51c8ace0a33509a,2df85190498a25e291515dfa3e561bb1736f5cbac9d94f38ff70f0b42389a048,,True,1000,136.37898654092484,38.10213540469396,49.13842556811545,0.5083141440645513,50.82214554440146,0.8164280001074076,known quoted arrival dates; overtaking allowed,0e1eb90440e2010d47ce8fa4499cb095538684f41293499325da6fc8ac24fdfd,primary,0e1eb90440e2010d47ce8fa4499cb095538684f41293499325da6fc8ac24fdfd,0.5106795665830086,True,evaluation/exp_iid_random3_9/self_evolve_h200_r1/test.json
capped,exp_iid_random3_9,self_evolve_h200_r1,self_evolve,1,test,steady,500,500,200,evaluation/exp_iid_random3_9/self_evolve_h200_r1/test.npz,steady_h500,8b04251a10d91ba3d3c15d77990badf9f9b94e8a3e1d0c3cd51c8ace0a33509a,2df85190498a25e291515dfa3e561bb1736f5cbac9d94f38ff70f0b42389a048,,True,1000,136.3783355475139,37.94279383120805,49.217770858152946,0.5080776773932156,50.834931820050194,0.8164280001074076,known quoted arrival dates; overtaking allowed,0e1eb90440e2010d47ce8fa4499cb095538684f41293499325da6fc8ac24fdfd,primary,0e1eb90440e2010d47ce8fa4499cb095538684f41293499325da6fc8ac24fdfd,0.5089710370220196,True,evaluation/exp_iid_random3_9/self_evolve_h200_r1/test.json
capped,exp_iid_random3_9,self_evolve_h200_r1,self_evolve,1,test,cold_start,50,0,200,evaluation/exp_iid_random3_9/self_evolve_h200_r1/test.npz,cold_start_h50,8b04251a10d91ba3d3c15d77990badf9f9b94e8a3e1d0c3cd51c8ace0a33509a,2df85190498a25e291515dfa3e561bb1736f5cbac9d94f38ff70f0b42389a048,,True,1000,148.98681138316948,46.75813659565812,51.11433739375568,0.48971233703197986,55.936311053301736,0.8164280001074076,known quoted arrival dates; overtaking allowed,0e1eb90440e2010d47ce8fa4499cb095538684f41293499325da6fc8ac24fdfd,primary,0e1eb90440e2010d47ce8fa4499cb095538684f41293499325da6fc8ac24fdfd,0.49800402904288343,True,evaluation/exp_iid_random3_9/self_evolve_h200_r1/test.json
capped,exp_iid_random3_9,self_evolve_h200_r1,self_evolve,1,test,cold_start,100,0,200,evaluation/exp_iid_random3_9/self_evolve_h200_r1/test.npz,cold_start_h100,8b04251a10d91ba3d3c15d77990badf9f9b94e8a3e1d0c3cd51c8ace0a33509a,2df85190498a25e291515dfa3e561bb1736f5cbac9d94f38ff70f0b42389a048,,True,1000,142.07246416516884,41.96698925722101,50.052737453973904,0.4995384374507666,53.4051923256871,0.8164280001074076,known quoted arrival dates; overtaking allowed,0e1eb90440e2010d47ce8fa4499cb095538684f41293499325da6fc8ac24fdfd,primary,0e1eb90440e2010d47ce8fa4499cb095538684f41293499325da6fc8ac24fdfd,0.5042933346525126,True,evaluation/exp_iid_random3_9/self_evolve_h200_r1/test.json
capped,exp_iid_random3_9,self_evolve_h200_r1,self_evolve,1,test,cold_start,200,0,200,evaluation/exp_iid_random3_9/self_evolve_h200_r1/test.npz,cold_start_h200,8b04251a10d91ba3d3c15d77990badf9f9b94e8a3e1d0c3cd51c8ace0a33509a,2df85190498a25e291515dfa3e561bb1736f5cbac9d94f38ff70f0b42389a048,,True,1000,138.9725164970756,39.93731739432618,49.51759955137471,0.5046064312616889,52.12754603305073,0.8164280001074076,known quoted arrival dates; overtaking allowed,0e1eb90440e2010d47ce8fa4499cb095538684f41293499325da6fc8ac24fdfd,primary,0e1eb90440e2010d47ce8fa4499cb095538684f41293499325da6fc8ac24fdfd,0.507015871417473,True,evaluation/exp_iid_random3_9/self_evolve_h200_r1/test.json
capped,exp_iid_random3_9,self_evolve_h200_r1,self_evolve,1,test,cold_start,500,0,200,evaluation/exp_iid_random3_9/self_evolve_h200_r1/test.npz,cold_start_h500,8b04251a10d91ba3d3c15d77990badf9f9b94e8a3e1d0c3cd51c8ace0a33509a,2df85190498a25e291515dfa3e561bb1736f5cbac9d94f38ff70f0b42389a048,,True,1000,137.251725271797,38.87630616970314,49.18770955104693,0.5073743280240869,51.343877952380716,0.8164280001074076,known quoted arrival dates; overtaking allowed,0e1eb90440e2010d47ce8fa4499cb095538684f41293499325da6fc8ac24fdfd,primary,0e1eb90440e2010d47ce8fa4499cb095538684f41293499325da6fc8ac24fdfd,0.5083793103637173,True,evaluation/exp_iid_random3_9/self_evolve_h200_r1/test.json
capped,exp_iid_random3_9,self_evolve_h200_r2,self_evolve,2,test,steady,50,500,200,evaluation/exp_iid_random3_9/self_evolve_h200_r2/test.npz,steady_h50,8b04251a10d91ba3d3c15d77990badf9f9b94e8a3e1d0c3cd51c8ace0a33509a,c748eabf164f317fcaf7da7f33eee8259344bd382b33d14bb5a2eec29e447867,,True,1000,136.54535188915813,37.04006565656521,49.75264311629644,0.5032622270225513,50.35617781358122,0.4787619160488248,known quoted arrival dates; overtaking allowed,9420ca5c66fc7f1d13672073f934c3bc04b407cde6ded84c57cd2975e37e04b0,primary,9420ca5c66fc7f1d13672073f934c3bc04b407cde6ded84c57cd2975e37e04b0,0.5127646773631843,True,evaluation/exp_iid_random3_9/self_evolve_h200_r2/test.json
capped,exp_iid_random3_9,self_evolve_h200_r2,self_evolve,2,test,steady,100,500,200,evaluation/exp_iid_random3_9/self_evolve_h200_r2/test.npz,steady_h100,8b04251a10d91ba3d3c15d77990badf9f9b94e8a3e1d0c3cd51c8ace0a33509a,c748eabf164f317fcaf7da7f33eee8259344bd382b33d14bb5a2eec29e447867,,True,1000,136.88986600225698,37.35805446295297,49.76590576965201,0.5029177349859191,50.37397048848165,0.4787619160488248,known quoted arrival dates; overtaking allowed,9420ca5c66fc7f1d13672073f934c3bc04b407cde6ded84c57cd2975e37e04b0,primary,9420ca5c66fc7f1d13672073f934c3bc04b407cde6ded84c57cd2975e37e04b0,0.5079407820050924,True,evaluation/exp_iid_random3_9/self_evolve_h200_r2/test.json
capped,exp_iid_random3_9,self_evolve_h200_r2,self_evolve,2,test,steady,200,500,200,evaluation/exp_iid_random3_9/self_evolve_h200_r2/test.npz,steady_h200,8b04251a10d91ba3d3c15d77990badf9f9b94e8a3e1d0c3cd51c8ace0a33509a,c748eabf164f317fcaf7da7f33eee8259344bd382b33d14bb5a2eec29e447867,,True,1000,136.6780910208119,37.49132045907219,49.593385280869846,0.503761754499857,50.36262481810845,0.4787619160488248,known quoted arrival dates; overtaking allowed,9420ca5c66fc7f1d13672073f934c3bc04b407cde6ded84c57cd2975e37e04b0,primary,9420ca5c66fc7f1d13672073f934c3bc04b407cde6ded84c57cd2975e37e04b0,0.5061309708906115,True,evaluation/exp_iid_random3_9/self_evolve_h200_r2/test.json
capped,exp_iid_random3_9,self_evolve_h200_r2,self_evolve,2,test,steady,500,500,200,evaluation/exp_iid_random3_9/self_evolve_h200_r2/test.npz,steady_h500,8b04251a10d91ba3d3c15d77990badf9f9b94e8a3e1d0c3cd51c8ace0a33509a,c748eabf164f317fcaf7da7f33eee8259344bd382b33d14bb5a2eec29e447867,,True,1000,136.66022968953985,37.28110172492612,49.68956398230686,0.5033621942379018,50.360165310854974,0.4787619160488248,known quoted arrival dates; overtaking allowed,9420ca5c66fc7f1d13672073f934c3bc04b407cde6ded84c57cd2975e37e04b0,primary,9420ca5c66fc7f1d13672073f934c3bc04b407cde6ded84c57cd2975e37e04b0,0.5042590450508189,True,evaluation/exp_iid_random3_9/self_evolve_h200_r2/test.json
capped,exp_iid_random3_9,self_evolve_h200_r2,self_evolve,2,test,cold_start,50,0,200,evaluation/exp_iid_random3_9/self_evolve_h200_r2/test.npz,cold_start_h50,8b04251a10d91ba3d3c15d77990badf9f9b94e8a3e1d0c3cd51c8ace0a33509a,c748eabf164f317fcaf7da7f33eee8259344bd382b33d14bb5a2eec29e447867,,True,1000,144.64664044894482,38.434736482153525,53.10595198339564,0.46982953298325625,53.876451519056346,0.4787619160488248,known quoted arrival dates; overtaking allowed,9420ca5c66fc7f1d13672073f934c3bc04b407cde6ded84c57cd2975e37e04b0,primary,9420ca5c66fc7f1d13672073f934c3bc04b407cde6ded84c57cd2975e37e04b0,0.47783486328363334,True,evaluation/exp_iid_random3_9/self_evolve_h200_r2/test.json
capped,exp_iid_random3_9,self_evolve_h200_r2,self_evolve,2,test,cold_start,100,0,200,evaluation/exp_iid_random3_9/self_evolve_h200_r2/test.npz,cold_start_h100,8b04251a10d91ba3d3c15d77990badf9f9b94e8a3e1d0c3cd51c8ace0a33509a,c748eabf164f317fcaf7da7f33eee8259344bd382b33d14bb5a2eec29e447867,,True,1000,140.02048147180219,37.42324502787868,51.29861822196174,0.48708126792091627,52.1236329321523,0.4787619160488248,known quoted arrival dates; overtaking allowed,9420ca5c66fc7f1d13672073f934c3bc04b407cde6ded84c57cd2975e37e04b0,primary,9420ca5c66fc7f1d13672073f934c3bc04b407cde6ded84c57cd2975e37e04b0,0.4917782572012867,True,evaluation/exp_iid_random3_9/self_evolve_h200_r2/test.json
capped,exp_iid_random3_9,self_evolve_h200_r2,self_evolve,2,test,cold_start,200,0,200,evaluation/exp_iid_random3_9/self_evolve_h200_r2/test.npz,cold_start_h200,8b04251a10d91ba3d3c15d77990badf9f9b94e8a3e1d0c3cd51c8ace0a33509a,c748eabf164f317fcaf7da7f33eee8259344bd382b33d14bb5a2eec29e447867,,True,1000,138.09920358559424,37.34042134834968,50.37939111862229,0.4959847290007699,51.24209754766839,0.4787619160488248,known quoted arrival dates; overtaking allowed,9420ca5c66fc7f1d13672073f934c3bc04b407cde6ded84c57cd2975e37e04b0,primary,9420ca5c66fc7f1d13672073f934c3bc04b407cde6ded84c57cd2975e37e04b0,0.4983722411081662,True,evaluation/exp_iid_random3_9/self_evolve_h200_r2/test.json
capped,exp_iid_random3_9,self_evolve_h200_r2,self_evolve,2,test,cold_start,500,0,200,evaluation/exp_iid_random3_9/self_evolve_h200_r2/test.npz,cold_start_h500,8b04251a10d91ba3d3c15d77990badf9f9b94e8a3e1d0c3cd51c8ace0a33509a,c748eabf164f317fcaf7da7f33eee8259344bd382b33d14bb5a2eec29e447867,,True,1000,137.0352475150612,37.37768107543105,49.82878321981507,0.5009538349833359,50.69751198577258,0.4787619160488248,known quoted arrival dates; overtaking allowed,9420ca5c66fc7f1d13672073f934c3bc04b407cde6ded84c57cd2975e37e04b0,primary,9420ca5c66fc7f1d13672073f934c3bc04b407cde6ded84c57cd2975e37e04b0,0.5019569972007019,True,evaluation/exp_iid_random3_9/self_evolve_h200_r2/test.json
capped,exp_iid_random3_9,self_evolve_h200_r3,self_evolve,3,test,steady,50,500,200,evaluation/exp_iid_random3_9/self_evolve_h200_r3/test.npz,steady_h50,8b04251a10d91ba3d3c15d77990badf9f9b94e8a3e1d0c3cd51c8ace0a33509a,5201ae627f86e5dbe6503af5b5b559837299324760b5eea0cfbcb8dc4c6f658e,,True,1000,146.53737918148374,42.193171286384384,52.17210394754969,0.47910597099583907,47.967466937836335,0.4704147910233587,known quoted arrival dates; overtaking allowed,998b9c58b860752c17c5501c514a5ed905be2b2a72b91aae660789a4a25ac4a6,primary,998b9c58b860752c17c5501c514a5ed905be2b2a72b91aae660789a4a25ac4a6,0.4872065249360022,True,evaluation/exp_iid_random3_9/self_evolve_h200_r3/test.json
capped,exp_iid_random3_9,self_evolve_h200_r3,self_evolve,3,test,steady,100,500,200,evaluation/exp_iid_random3_9/self_evolve_h200_r3/test.npz,steady_h100,8b04251a10d91ba3d3c15d77990badf9f9b94e8a3e1d0c3cd51c8ace0a33509a,5201ae627f86e5dbe6503af5b5b559837299324760b5eea0cfbcb8dc4c6f658e,,True,1000,146.94428267377293,42.38894964010271,52.277666516835104,0.4778292391156277,47.83799749045523,0.4704147910233587,known quoted arrival dates; overtaking allowed,998b9c58b860752c17c5501c514a5ed905be2b2a72b91aae660789a4a25ac4a6,primary,998b9c58b860752c17c5501c514a5ed905be2b2a72b91aae660789a4a25ac4a6,0.4821256496473357,True,evaluation/exp_iid_random3_9/self_evolve_h200_r3/test.json
capped,exp_iid_random3_9,self_evolve_h200_r3,self_evolve,3,test,steady,200,500,200,evaluation/exp_iid_random3_9/self_evolve_h200_r3/test.npz,steady_h200,8b04251a10d91ba3d3c15d77990badf9f9b94e8a3e1d0c3cd51c8ace0a33509a,5201ae627f86e5dbe6503af5b5b559837299324760b5eea0cfbcb8dc4c6f658e,,True,1000,146.78096002955908,42.35301775426732,52.21397113764588,0.477539811384176,47.7391497926231,0.4704147910233587,known quoted arrival dates; overtaking allowed,998b9c58b860752c17c5501c514a5ed905be2b2a72b91aae660789a4a25ac4a6,primary,998b9c58b860752c17c5501c514a5ed905be2b2a72b91aae660789a4a25ac4a6,0.4795841233030328,True,evaluation/exp_iid_random3_9/self_evolve_h200_r3/test.json
capped,exp_iid_random3_9,self_evolve_h200_r3,self_evolve,3,test,steady,500,500,200,evaluation/exp_iid_random3_9/self_evolve_h200_r3/test.npz,steady_h500,8b04251a10d91ba3d3c15d77990badf9f9b94e8a3e1d0c3cd51c8ace0a33509a,5201ae627f86e5dbe6503af5b5b559837299324760b5eea0cfbcb8dc4c6f658e,,True,1000,146.74706804453177,42.26405195544228,52.24150804454474,0.47785599539202905,47.8099075886393,0.4704147910233587,known quoted arrival dates; overtaking allowed,998b9c58b860752c17c5501c514a5ed905be2b2a72b91aae660789a4a25ac4a6,primary,998b9c58b860752c17c5501c514a5ed905be2b2a72b91aae660789a4a25ac4a6,0.47862364157764775,True,evaluation/exp_iid_random3_9/self_evolve_h200_r3/test.json
capped,exp_iid_random3_9,self_evolve_h200_r3,self_evolve,3,test,cold_start,50,0,200,evaluation/exp_iid_random3_9/self_evolve_h200_r3/test.npz,cold_start_h50,8b04251a10d91ba3d3c15d77990badf9f9b94e8a3e1d0c3cd51c8ace0a33509a,5201ae627f86e5dbe6503af5b5b559837299324760b5eea0cfbcb8dc4c6f658e,,True,1000,161.7542180556921,49.83580092627858,55.959208564706756,0.4413447338649713,51.12065422577076,0.4704147910233587,known quoted arrival dates; overtaking allowed,998b9c58b860752c17c5501c514a5ed905be2b2a72b91aae660789a4a25ac4a6,primary,998b9c58b860752c17c5501c514a5ed905be2b2a72b91aae660789a4a25ac4a6,0.4481759320080167,True,evaluation/exp_iid_random3_9/self_evolve_h200_r3/test.json
capped,exp_iid_random3_9,self_evolve_h200_r3,self_evolve,3,test,cold_start,100,0,200,evaluation/exp_iid_random3_9/self_evolve_h200_r3/test.npz,cold_start_h100,8b04251a10d91ba3d3c15d77990badf9f9b94e8a3e1d0c3cd51c8ace0a33509a,5201ae627f86e5dbe6503af5b5b559837299324760b5eea0cfbcb8dc4c6f658e,,True,1000,154.12095081182753,46.16137320929254,53.979788801267496,0.4602730874729586,49.51470933798046,0.4704147910233587,known quoted arrival dates; overtaking allowed,998b9c58b860752c17c5501c514a5ed905be2b2a72b91aae660789a4a25ac4a6,primary,998b9c58b860752c17c5501c514a5ed905be2b2a72b91aae660789a4a25ac4a6,0.4641625255033264,True,evaluation/exp_iid_random3_9/self_evolve_h200_r3/test.json
capped,exp_iid_random3_9,self_evolve_h200_r3,self_evolve,3,test,cold_start,200,0,200,evaluation/exp_iid_random3_9/self_evolve_h200_r3/test.npz,cold_start_h200,8b04251a10d91ba3d3c15d77990badf9f9b94e8a3e1d0c3cd51c8ace0a33509a,5201ae627f86e5dbe6503af5b5b559837299324760b5eea0cfbcb8dc4c6f658e,,True,1000,150.25560311793052,44.23235991601146,53.01162160095952,0.46965085853449423,48.6663188142202,0.4704147910233587,known quoted arrival dates; overtaking allowed,998b9c58b860752c17c5501c514a5ed905be2b2a72b91aae660789a4a25ac4a6,primary,998b9c58b860752c17c5501c514a5ed905be2b2a72b91aae660789a4a25ac4a6,0.47169619006572633,True,evaluation/exp_iid_random3_9/self_evolve_h200_r3/test.json
capped,exp_iid_random3_9,self_evolve_h200_r3,self_evolve,3,test,cold_start,500,0,200,evaluation/exp_iid_random3_9/self_evolve_h200_r3/test.npz,cold_start_h500,8b04251a10d91ba3d3c15d77990badf9f9b94e8a3e1d0c3cd51c8ace0a33509a,5201ae627f86e5dbe6503af5b5b559837299324760b5eea0cfbcb8dc4c6f658e,,True,1000,148.12709088047313,43.24351162288386,52.441789628794645,0.4747840041485615,48.09568043446346,0.4704147910233587,known quoted arrival dates; overtaking allowed,998b9c58b860752c17c5501c514a5ed905be2b2a72b91aae660789a4a25ac4a6,primary,998b9c58b860752c17c5501c514a5ed905be2b2a72b91aae660789a4a25ac4a6,0.4756437025674452,True,evaluation/exp_iid_random3_9/self_evolve_h200_r3/test.json
capped,exp_regime095_fixed6,baseline_h200_conditional_pil,conditional_pil,,test,steady,50,500,200,evaluation/exp_regime095_fixed6/baseline_h200_conditional_pil/test.npz,steady_h50,54b419b9dd894753ce00d5337698b8d9bbc8a7b39e764503cac4fac771f0779e,,62375276ee304a5319c2682793bc00f95208a76f3941c3922b5327d96d344d2e,True,1000,149.54506016809725,20.072190993291418,64.7364345874029,0.3423619476453942,33.71260535052159,4.553203416988254,known quoted arrival dates; overtaking allowed,986e0b989c08dc350ef2bd94474b0996b2a8c9f02e995be1399e26c311c2ea38,baseline,986e0b989c08dc350ef2bd94474b0996b2a8c9f02e995be1399e26c311c2ea38,0.39998358414051255,True,evaluation/exp_regime095_fixed6/baseline_h200_conditional_pil/test.json
capped,exp_regime095_fixed6,baseline_h200_conditional_pil,conditional_pil,,test,steady,100,500,200,evaluation/exp_regime095_fixed6/baseline_h200_conditional_pil/test.npz,steady_h100,54b419b9dd894753ce00d5337698b8d9bbc8a7b39e764503cac4fac771f0779e,,62375276ee304a5319c2682793bc00f95208a76f3941c3922b5327d96d344d2e,True,1000,149.76653792443423,20.103758454930706,64.83138973475175,0.3418765453685795,33.69177963103355,4.553203416988254,known quoted arrival dates; overtaking allowed,986e0b989c08dc350ef2bd94474b0996b2a8c9f02e995be1399e26c311c2ea38,baseline,986e0b989c08dc350ef2bd94474b0996b2a8c9f02e995be1399e26c311c2ea38,0.36962157269462953,True,evaluation/exp_regime095_fixed6/baseline_h200_conditional_pil/test.json
capped,exp_regime095_fixed6,baseline_h200_conditional_pil,conditional_pil,,test,steady,200,500,200,evaluation/exp_regime095_fixed6/baseline_h200_conditional_pil/test.npz,steady_h200,54b419b9dd894753ce00d5337698b8d9bbc8a7b39e764503cac4fac771f0779e,,62375276ee304a5319c2682793bc00f95208a76f3941c3922b5327d96d344d2e,True,1000,150.404058237885,20.057262734387642,65.17339775174867,0.3410255630953623,33.73916582472755,4.553203416988254,known quoted arrival dates; overtaking allowed,986e0b989c08dc350ef2bd94474b0996b2a8c9f02e995be1399e26c311c2ea38,baseline,986e0b989c08dc350ef2bd94474b0996b2a8c9f02e995be1399e26c311c2ea38,0.3542173088257238,True,evaluation/exp_regime095_fixed6/baseline_h200_conditional_pil/test.json
capped,exp_regime095_fixed6,baseline_h200_conditional_pil,conditional_pil,,test,steady,500,500,200,evaluation/exp_regime095_fixed6/baseline_h200_conditional_pil/test.npz,steady_h500,54b419b9dd894753ce00d5337698b8d9bbc8a7b39e764503cac4fac771f0779e,,62375276ee304a5319c2682793bc00f95208a76f3941c3922b5327d96d344d2e,True,1000,151.4570790230042,19.875875787401615,65.7906016178013,0.3394135267888997,33.808236753164685,4.553203416988254,known quoted arrival dates; overtaking allowed,986e0b989c08dc350ef2bd94474b0996b2a8c9f02e995be1399e26c311c2ea38,baseline,986e0b989c08dc350ef2bd94474b0996b2a8c9f02e995be1399e26c311c2ea38,0.3439598507302627,True,evaluation/exp_regime095_fixed6/baseline_h200_conditional_pil/test.json
capped,exp_regime095_fixed6,baseline_h200_conditional_pil,conditional_pil,,test,cold_start,50,0,200,evaluation/exp_regime095_fixed6/baseline_h200_conditional_pil/test.npz,cold_start_h50,54b419b9dd894753ce00d5337698b8d9bbc8a7b39e764503cac4fac771f0779e,,62375276ee304a5319c2682793bc00f95208a76f3941c3922b5327d96d344d2e,True,1000,155.86113898479357,16.974637267932682,69.44325085843043,0.30184592332753624,34.483729261501665,4.553203416988254,known quoted arrival dates; overtaking allowed,986e0b989c08dc350ef2bd94474b0996b2a8c9f02e995be1399e26c311c2ea38,baseline,986e0b989c08dc350ef2bd94474b0996b2a8c9f02e995be1399e26c311c2ea38,0.352677735008112,True,evaluation/exp_regime095_fixed6/baseline_h200_conditional_pil/test.json
capped,exp_regime095_fixed6,baseline_h200_conditional_pil,conditional_pil,,test,cold_start,100,0,200,evaluation/exp_regime095_fixed6/baseline_h200_conditional_pil/test.npz,cold_start_h100,54b419b9dd894753ce00d5337698b8d9bbc8a7b39e764503cac4fac771f0779e,,62375276ee304a5319c2682793bc00f95208a76f3941c3922b5327d96d344d2e,True,1000,153.9435848732392,18.4052340131435,67.76917543004784,0.3200872187285118,34.140406917410324,4.553203416988254,known quoted arrival dates; overtaking allowed,986e0b989c08dc350ef2bd94474b0996b2a8c9f02e995be1399e26c311c2ea38,baseline,986e0b989c08dc350ef2bd94474b0996b2a8c9f02e995be1399e26c311c2ea38,0.3445234366622288,True,evaluation/exp_regime095_fixed6/baseline_h200_conditional_pil/test.json
capped,exp_regime095_fixed6,baseline_h200_conditional_pil,conditional_pil,,test,cold_start,200,0,200,evaluation/exp_regime095_fixed6/baseline_h200_conditional_pil/test.npz,cold_start_h200,54b419b9dd894753ce00d5337698b8d9bbc8a7b39e764503cac4fac771f0779e,,62375276ee304a5319c2682793bc00f95208a76f3941c3922b5327d96d344d2e,True,1000,152.82221582468165,19.206548884650882,66.80783347001538,0.3295970576530872,33.96629589336922,4.553203416988254,known quoted arrival dates; overtaking allowed,986e0b989c08dc350ef2bd94474b0996b2a8c9f02e995be1399e26c311c2ea38,baseline,986e0b989c08dc350ef2bd94474b0996b2a8c9f02e995be1399e26c311c2ea38,0.34193799171049694,True,evaluation/exp_regime095_fixed6/baseline_h200_conditional_pil/test.json
capped,exp_regime095_fixed6,baseline_h200_conditional_pil,conditional_pil,,test,cold_start,500,0,200,evaluation/exp_regime095_fixed6/baseline_h200_conditional_pil/test.npz,cold_start_h500,54b419b9dd894753ce00d5337698b8d9bbc8a7b39e764503cac4fac771f0779e,,62375276ee304a5319c2682793bc00f95208a76f3941c3922b5327d96d344d2e,True,1000,152.3826686139565,19.63721784405721,66.37272538494963,0.33496409897969365,33.872569341866495,4.553203416988254,known quoted arrival dates; overtaking allowed,986e0b989c08dc350ef2bd94474b0996b2a8c9f02e995be1399e26c311c2ea38,baseline,986e0b989c08dc350ef2bd94474b0996b2a8c9f02e995be1399e26c311c2ea38,0.3398859559948892,True,evaluation/exp_regime095_fixed6/baseline_h200_conditional_pil/test.json
capped,exp_regime095_fixed6,baseline_h200_forecast_adaptive_pil,forecast_adaptive_pil,,test,steady,50,500,200,evaluation/exp_regime095_fixed6/baseline_h200_forecast_adaptive_pil/test.npz,steady_h50,54b419b9dd894753ce00d5337698b8d9bbc8a7b39e764503cac4fac771f0779e,,17272eeae6c23272bd28add0a3555a9ea25053634b22dbb8a395a7d2bb3dcd11,True,1000,146.72104944338335,23.90233552519574,61.40935695909381,0.3761607329115128,37.09534797457521,1.4900146250147372,known quoted arrival dates; overtaking allowed,2b39f970389afd80cc6f042b487c286e7d1c7e9b7d56e09fc74d309f818afc60,baseline,2b39f970389afd80cc6f042b487c286e7d1c7e9b7d56e09fc74d309f818afc60,0.41716883691211554,True,evaluation/exp_regime095_fixed6/baseline_h200_forecast_adaptive_pil/test.json
capped,exp_regime095_fixed6,baseline_h200_forecast_adaptive_pil,forecast_adaptive_pil,,test,steady,100,500,200,evaluation/exp_regime095_fixed6/baseline_h200_forecast_adaptive_pil/test.npz,steady_h100,54b419b9dd894753ce00d5337698b8d9bbc8a7b39e764503cac4fac771f0779e,,17272eeae6c23272bd28add0a3555a9ea25053634b22dbb8a395a7d2bb3dcd11,True,1000,146.98599621990755,23.970867539736396,61.50756434008557,0.37561772321898723,37.067698494264015,1.4900146250147372,known quoted arrival dates; overtaking allowed,2b39f970389afd80cc6f042b487c286e7d1c7e9b7d56e09fc74d309f818afc60,baseline,2b39f970389afd80cc6f042b487c286e7d1c7e9b7d56e09fc74d309f818afc60,0.3948667666532082,True,evaluation/exp_regime095_fixed6/baseline_h200_forecast_adaptive_pil/test.json
capped,exp_regime095_fixed6,baseline_h200_forecast_adaptive_pil,forecast_adaptive_pil,,test,steady,200,500,200,evaluation/exp_regime095_fixed6/baseline_h200_forecast_adaptive_pil/test.npz,steady_h200,54b419b9dd894753ce00d5337698b8d9bbc8a7b39e764503cac4fac771f0779e,,17272eeae6c23272bd28add0a3555a9ea25053634b22dbb8a395a7d2bb3dcd11,True,1000,147.73312395515933,24.14511752607093,61.7940032145442,0.3751949433801761,37.13785076907207,1.4900146250147372,known quoted arrival dates; overtaking allowed,2b39f970389afd80cc6f042b487c286e7d1c7e9b7d56e09fc74d309f818afc60,baseline,2b39f970389afd80cc6f042b487c286e7d1c7e9b7d56e09fc74d309f818afc60,0.38426826053241736,True,evaluation/exp_regime095_fixed6/baseline_h200_forecast_adaptive_pil/test.json
capped,exp_regime095_fixed6,baseline_h200_forecast_adaptive_pil,forecast_adaptive_pil,,test,steady,500,500,200,evaluation/exp_regime095_fixed6/baseline_h200_forecast_adaptive_pil/test.npz,steady_h500,54b419b9dd894753ce00d5337698b8d9bbc8a7b39e764503cac4fac771f0779e,,17272eeae6c23272bd28add0a3555a9ea25053634b22dbb8a395a7d2bb3dcd11,True,1000,148.9084124609371,24.263076989039995,62.322667735948535,0.3742341570310549,37.287986355009224,1.4900146250147372,known quoted arrival dates; overtaking allowed,2b39f970389afd80cc6f042b487c286e7d1c7e9b7d56e09fc74d309f818afc60,baseline,2b39f970389afd80cc6f042b487c286e7d1c7e9b7d56e09fc74d309f818afc60,0.3772991206245363,True,evaluation/exp_regime095_fixed6/baseline_h200_forecast_adaptive_pil/test.json
capped,exp_regime095_fixed6,baseline_h200_forecast_adaptive_pil,forecast_adaptive_pil,,test,cold_start,50,0,200,evaluation/exp_regime095_fixed6/baseline_h200_forecast_adaptive_pil/test.npz,cold_start_h50,54b419b9dd894753ce00d5337698b8d9bbc8a7b39e764503cac4fac771f0779e,,17272eeae6c23272bd28add0a3555a9ea25053634b22dbb8a395a7d2bb3dcd11,True,1000,152.82795956046598,20.222187647806507,66.30288595632973,0.3334178692191586,38.14521854758365,1.4900146250147372,known quoted arrival dates; overtaking allowed,2b39f970389afd80cc6f042b487c286e7d1c7e9b7d56e09fc74d309f818afc60,baseline,2b39f970389afd80cc6f042b487c286e7d1c7e9b7d56e09fc74d309f818afc60,0.36788019316857196,True,evaluation/exp_regime095_fixed6/baseline_h200_forecast_adaptive_pil/test.json
capped,exp_regime095_fixed6,baseline_h200_forecast_adaptive_pil,forecast_adaptive_pil,,test,cold_start,100,0,200,evaluation/exp_regime095_fixed6/baseline_h200_forecast_adaptive_pil/test.npz,cold_start_h100,54b419b9dd894753ce00d5337698b8d9bbc8a7b39e764503cac4fac771f0779e,,17272eeae6c23272bd28add0a3555a9ea25053634b22dbb8a395a7d2bb3dcd11,True,1000,151.35391625085148,22.438748443409352,64.45758390372107,0.35331166613858916,37.70213843472148,1.4900146250147372,known quoted arrival dates; overtaking allowed,2b39f970389afd80cc6f042b487c286e7d1c7e9b7d56e09fc74d309f818afc60,baseline,2b39f970389afd80cc6f042b487c286e7d1c7e9b7d56e09fc74d309f818afc60,0.36952106924823047,True,evaluation/exp_regime095_fixed6/baseline_h200_forecast_adaptive_pil/test.json
capped,exp_regime095_fixed6,baseline_h200_forecast_adaptive_pil,forecast_adaptive_pil,,test,cold_start,200,0,200,evaluation/exp_regime095_fixed6/baseline_h200_forecast_adaptive_pil/test.npz,cold_start_h200,54b419b9dd894753ce00d5337698b8d9bbc8a7b39e764503cac4fac771f0779e,,17272eeae6c23272bd28add0a3555a9ea25053634b22dbb8a395a7d2bb3dcd11,True,1000,150.42978253038748,23.564857568869858,63.43246248075882,0.36346821504850885,37.47371692075534,1.4900146250147372,known quoted arrival dates; overtaking allowed,2b39f970389afd80cc6f042b487c286e7d1c7e9b7d56e09fc74d309f818afc60,baseline,2b39f970389afd80cc6f042b487c286e7d1c7e9b7d56e09fc74d309f818afc60,0.37175800476868925,True,evaluation/exp_regime095_fixed6/baseline_h200_forecast_adaptive_pil/test.json
capped,exp_regime095_fixed6,baseline_h200_forecast_adaptive_pil,forecast_adaptive_pil,,test,cold_start,500,0,200,evaluation/exp_regime095_fixed6/baseline_h200_forecast_adaptive_pil/test.npz,cold_start_h500,54b419b9dd894753ce00d5337698b8d9bbc8a7b39e764503cac4fac771f0779e,,17272eeae6c23272bd28add0a3555a9ea25053634b22dbb8a395a7d2bb3dcd11,True,1000,150.07116326955432,24.188668047434053,62.94124761106013,0.3693465339325189,37.34529945300809,1.4900146250147372,known quoted arrival dates; overtaking allowed,2b39f970389afd80cc6f042b487c286e7d1c7e9b7d56e09fc74d309f818afc60,baseline,2b39f970389afd80cc6f042b487c286e7d1c7e9b7d56e09fc74d309f818afc60,0.37265483026862967,True,evaluation/exp_regime095_fixed6/baseline_h200_forecast_adaptive_pil/test.json
capped,exp_regime095_fixed6,baseline_h200_pil_cop_continuation,pil_cop_continuation,,test,steady,50,500,200,evaluation/exp_regime095_fixed6/baseline_h200_pil_cop_continuation/test.npz,steady_h50,54b419b9dd894753ce00d5337698b8d9bbc8a7b39e764503cac4fac771f0779e,,c39b9dd7e3997a6dc7ae399a58962adae6b5bef52d0b56f410671d30856a6226,True,1000,149.54506016809725,20.072190993291418,64.7364345874029,0.3423619476453942,33.71260535052159,4.27859791694209,known quoted arrival dates; overtaking allowed,986e0b989c08dc350ef2bd94474b0996b2a8c9f02e995be1399e26c311c2ea38,baseline,986e0b989c08dc350ef2bd94474b0996b2a8c9f02e995be1399e26c311c2ea38,0.39998358414051255,True,evaluation/exp_regime095_fixed6/baseline_h200_pil_cop_continuation/test.json
capped,exp_regime095_fixed6,baseline_h200_pil_cop_continuation,pil_cop_continuation,,test,steady,100,500,200,evaluation/exp_regime095_fixed6/baseline_h200_pil_cop_continuation/test.npz,steady_h100,54b419b9dd894753ce00d5337698b8d9bbc8a7b39e764503cac4fac771f0779e,,c39b9dd7e3997a6dc7ae399a58962adae6b5bef52d0b56f410671d30856a6226,True,1000,149.76653792443423,20.103758454930706,64.83138973475175,0.3418765453685795,33.69177963103355,4.27859791694209,known quoted arrival dates; overtaking allowed,986e0b989c08dc350ef2bd94474b0996b2a8c9f02e995be1399e26c311c2ea38,baseline,986e0b989c08dc350ef2bd94474b0996b2a8c9f02e995be1399e26c311c2ea38,0.36962157269462953,True,evaluation/exp_regime095_fixed6/baseline_h200_pil_cop_continuation/test.json
capped,exp_regime095_fixed6,baseline_h200_pil_cop_continuation,pil_cop_continuation,,test,steady,200,500,200,evaluation/exp_regime095_fixed6/baseline_h200_pil_cop_continuation/test.npz,steady_h200,54b419b9dd894753ce00d5337698b8d9bbc8a7b39e764503cac4fac771f0779e,,c39b9dd7e3997a6dc7ae399a58962adae6b5bef52d0b56f410671d30856a6226,True,1000,150.404058237885,20.057262734387642,65.17339775174867,0.3410255630953623,33.73916582472755,4.27859791694209,known quoted arrival dates; overtaking allowed,986e0b989c08dc350ef2bd94474b0996b2a8c9f02e995be1399e26c311c2ea38,baseline,986e0b989c08dc350ef2bd94474b0996b2a8c9f02e995be1399e26c311c2ea38,0.3542173088257238,True,evaluation/exp_regime095_fixed6/baseline_h200_pil_cop_continuation/test.json
capped,exp_regime095_fixed6,baseline_h200_pil_cop_continuation,pil_cop_continuation,,test,steady,500,500,200,evaluation/exp_regime095_fixed6/baseline_h200_pil_cop_continuation/test.npz,steady_h500,54b419b9dd894753ce00d5337698b8d9bbc8a7b39e764503cac4fac771f0779e,,c39b9dd7e3997a6dc7ae399a58962adae6b5bef52d0b56f410671d30856a6226,True,1000,151.4570790230042,19.875875787401615,65.7906016178013,0.3394135267888997,33.808236753164685,4.27859791694209,known quoted arrival dates; overtaking allowed,986e0b989c08dc350ef2bd94474b0996b2a8c9f02e995be1399e26c311c2ea38,baseline,986e0b989c08dc350ef2bd94474b0996b2a8c9f02e995be1399e26c311c2ea38,0.3439598507302627,True,evaluation/exp_regime095_fixed6/baseline_h200_pil_cop_continuation/test.json
capped,exp_regime095_fixed6,baseline_h200_pil_cop_continuation,pil_cop_continuation,,test,cold_start,50,0,200,evaluation/exp_regime095_fixed6/baseline_h200_pil_cop_continuation/test.npz,cold_start_h50,54b419b9dd894753ce00d5337698b8d9bbc8a7b39e764503cac4fac771f0779e,,c39b9dd7e3997a6dc7ae399a58962adae6b5bef52d0b56f410671d30856a6226,True,1000,155.86113898479357,16.974637267932682,69.44325085843043,0.30184592332753624,34.483729261501665,4.27859791694209,known quoted arrival dates; overtaking allowed,986e0b989c08dc350ef2bd94474b0996b2a8c9f02e995be1399e26c311c2ea38,baseline,986e0b989c08dc350ef2bd94474b0996b2a8c9f02e995be1399e26c311c2ea38,0.352677735008112,True,evaluation/exp_regime095_fixed6/baseline_h200_pil_cop_continuation/test.json
capped,exp_regime095_fixed6,baseline_h200_pil_cop_continuation,pil_cop_continuation,,test,cold_start,100,0,200,evaluation/exp_regime095_fixed6/baseline_h200_pil_cop_continuation/test.npz,cold_start_h100,54b419b9dd894753ce00d5337698b8d9bbc8a7b39e764503cac4fac771f0779e,,c39b9dd7e3997a6dc7ae399a58962adae6b5bef52d0b56f410671d30856a6226,True,1000,153.9435848732392,18.4052340131435,67.76917543004784,0.3200872187285118,34.140406917410324,4.27859791694209,known quoted arrival dates; overtaking allowed,986e0b989c08dc350ef2bd94474b0996b2a8c9f02e995be1399e26c311c2ea38,baseline,986e0b989c08dc350ef2bd94474b0996b2a8c9f02e995be1399e26c311c2ea38,0.3445234366622288,True,evaluation/exp_regime095_fixed6/baseline_h200_pil_cop_continuation/test.json
capped,exp_regime095_fixed6,baseline_h200_pil_cop_continuation,pil_cop_continuation,,test,cold_start,200,0,200,evaluation/exp_regime095_fixed6/baseline_h200_pil_cop_continuation/test.npz,cold_start_h200,54b419b9dd894753ce00d5337698b8d9bbc8a7b39e764503cac4fac771f0779e,,c39b9dd7e3997a6dc7ae399a58962adae6b5bef52d0b56f410671d30856a6226,True,1000,152.82221582468165,19.206548884650882,66.80783347001538,0.3295970576530872,33.96629589336922,4.27859791694209,known quoted arrival dates; overtaking allowed,986e0b989c08dc350ef2bd94474b0996b2a8c9f02e995be1399e26c311c2ea38,baseline,986e0b989c08dc350ef2bd94474b0996b2a8c9f02e995be1399e26c311c2ea38,0.34193799171049694,True,evaluation/exp_regime095_fixed6/baseline_h200_pil_cop_continuation/test.json
capped,exp_regime095_fixed6,baseline_h200_pil_cop_continuation,pil_cop_continuation,,test,cold_start,500,0,200,evaluation/exp_regime095_fixed6/baseline_h200_pil_cop_continuation/test.npz,cold_start_h500,54b419b9dd894753ce00d5337698b8d9bbc8a7b39e764503cac4fac771f0779e,,c39b9dd7e3997a6dc7ae399a58962adae6b5bef52d0b56f410671d30856a6226,True,1000,152.3826686139565,19.63721784405721,66.37272538494963,0.33496409897969365,33.872569341866495,4.27859791694209,known quoted arrival dates; overtaking allowed,986e0b989c08dc350ef2bd94474b0996b2a8c9f02e995be1399e26c311c2ea38,baseline,986e0b989c08dc350ef2bd94474b0996b2a8c9f02e995be1399e26c311c2ea38,0.3398859559948892,True,evaluation/exp_regime095_fixed6/baseline_h200_pil_cop_continuation/test.json
capped,exp_regime095_fixed6,self_evolve_h200_r1,self_evolve,1,test,steady,50,500,200,evaluation/exp_regime095_fixed6/self_evolve_h200_r1/test.npz,steady_h50,54b419b9dd894753ce00d5337698b8d9bbc8a7b39e764503cac4fac771f0779e,35c373998b491ac02bed563eadbbeb12f52b13b366d17f19d5cd06895ac12db9,,True,1000,154.48132066228536,23.653873863915454,65.41372339918496,0.33548157343416773,33.02381371171336,0.7832141669932753,known quoted arrival dates; overtaking allowed,136b2851c8fa42d6f0004c833cc535c2434a42dceb93a9d578c50578e6ca36be,primary,136b2851c8fa42d6f0004c833cc535c2434a42dceb93a9d578c50578e6ca36be,0.38805673885037345,True,evaluation/exp_regime095_fixed6/self_evolve_h200_r1/test.json
capped,exp_regime095_fixed6,self_evolve_h200_r1,self_evolve,1,test,steady,100,500,200,evaluation/exp_regime095_fixed6/self_evolve_h200_r1/test.npz,steady_h100,54b419b9dd894753ce00d5337698b8d9bbc8a7b39e764503cac4fac771f0779e,35c373998b491ac02bed563eadbbeb12f52b13b366d17f19d5cd06895ac12db9,,True,1000,154.7928668649719,23.777287487725744,65.50778968862306,0.33501020059060077,33.0259265595957,0.7832141669932753,known quoted arrival dates; overtaking allowed,136b2851c8fa42d6f0004c833cc535c2434a42dceb93a9d578c50578e6ca36be,primary,136b2851c8fa42d6f0004c833cc535c2434a42dceb93a9d578c50578e6ca36be,0.36026792394323764,True,evaluation/exp_regime095_fixed6/self_evolve_h200_r1/test.json
capped,exp_regime095_fixed6,self_evolve_h200_r1,self_evolve,1,test,steady,200,500,200,evaluation/exp_regime095_fixed6/self_evolve_h200_r1/test.npz,steady_h200,54b419b9dd894753ce00d5337698b8d9bbc8a7b39e764503cac4fac771f0779e,35c373998b491ac02bed563eadbbeb12f52b13b366d17f19d5cd06895ac12db9,,True,1000,155.3417185089362,23.65589279290481,65.8429128580157,0.33425603203865706,33.078617425501605,0.7832141669932753,known quoted arrival dates; overtaking allowed,136b2851c8fa42d6f0004c833cc535c2434a42dceb93a9d578c50578e6ca36be,primary,136b2851c8fa42d6f0004c833cc535c2434a42dceb93a9d578c50578e6ca36be,0.3463300487948896,True,evaluation/exp_regime095_fixed6/self_evolve_h200_r1/test.json
capped,exp_regime095_fixed6,self_evolve_h200_r1,self_evolve,1,test,steady,500,500,200,evaluation/exp_regime095_fixed6/self_evolve_h200_r1/test.npz,steady_h500,54b419b9dd894753ce00d5337698b8d9bbc8a7b39e764503cac4fac771f0779e,35c373998b491ac02bed563eadbbeb12f52b13b366d17f19d5cd06895ac12db9,,True,1000,156.56530028943573,23.673013184712783,66.44614355236146,0.3328313991909677,33.1527142803331,0.7832141669932753,known quoted arrival dates; overtaking allowed,136b2851c8fa42d6f0004c833cc535c2434a42dceb93a9d578c50578e6ca36be,primary,136b2851c8fa42d6f0004c833cc535c2434a42dceb93a9d578c50578e6ca36be,0.33701452734655535,True,evaluation/exp_regime095_fixed6/self_evolve_h200_r1/test.json
capped,exp_regime095_fixed6,self_evolve_h200_r1,self_evolve,1,test,cold_start,50,0,200,evaluation/exp_regime095_fixed6/self_evolve_h200_r1/test.npz,cold_start_h50,54b419b9dd894753ce00d5337698b8d9bbc8a7b39e764503cac4fac771f0779e,35c373998b491ac02bed563eadbbeb12f52b13b366d17f19d5cd06895ac12db9,,True,1000,168.18337079236338,29.412564242041622,69.38540327516088,0.3024274992990821,34.52859448168894,0.7832141669932753,known quoted arrival dates; overtaking allowed,136b2851c8fa42d6f0004c833cc535c2434a42dceb93a9d578c50578e6ca36be,primary,136b2851c8fa42d6f0004c833cc535c2434a42dceb93a9d578c50578e6ca36be,0.3489488273736382,True,evaluation/exp_regime095_fixed6/self_evolve_h200_r1/test.json
capped,exp_regime095_fixed6,self_evolve_h200_r1,self_evolve,1,test,cold_start,100,0,200,evaluation/exp_regime095_fixed6/self_evolve_h200_r1/test.npz,cold_start_h100,54b419b9dd894753ce00d5337698b8d9bbc8a7b39e764503cac4fac771f0779e,35c373998b491ac02bed563eadbbeb12f52b13b366d17f19d5cd06895ac12db9,,True,1000,163.0304147008921,26.882009744241547,68.07420247832528,0.31702695146922655,33.812289144479,0.7832141669932753,known quoted arrival dates; overtaking allowed,136b2851c8fa42d6f0004c833cc535c2434a42dceb93a9d578c50578e6ca36be,primary,136b2851c8fa42d6f0004c833cc535c2434a42dceb93a9d578c50578e6ca36be,0.3394135332351407,True,evaluation/exp_regime095_fixed6/self_evolve_h200_r1/test.json
capped,exp_regime095_fixed6,self_evolve_h200_r1,self_evolve,1,test,cold_start,200,0,200,evaluation/exp_regime095_fixed6/self_evolve_h200_r1/test.npz,cold_start_h200,54b419b9dd894753ce00d5337698b8d9bbc8a7b39e764503cac4fac771f0779e,35c373998b491ac02bed563eadbbeb12f52b13b366d17f19d5cd06895ac12db9,,True,1000,159.91181680928713,25.312933867759043,67.29944147076404,0.3246638719312197,33.467895177711114,0.7832141669932753,known quoted arrival dates; overtaking allowed,136b2851c8fa42d6f0004c833cc535c2434a42dceb93a9d578c50578e6ca36be,primary,136b2851c8fa42d6f0004c833cc535c2434a42dceb93a9d578c50578e6ca36be,0.3359729798892117,True,evaluation/exp_regime095_fixed6/self_evolve_h200_r1/test.json
capped,exp_regime095_fixed6,self_evolve_h200_r1,self_evolve,1,test,cold_start,500,0,200,evaluation/exp_regime095_fixed6/self_evolve_h200_r1/test.npz,cold_start_h500,54b419b9dd894753ce00d5337698b8d9bbc8a7b39e764503cac4fac771f0779e,35c373998b491ac02bed563eadbbeb12f52b13b366d17f19d5cd06895ac12db9,,True,1000,158.39385071405178,24.46185423211856,66.96599824096661,0.3290196730718552,33.27789257113938,0.7832141669932753,known quoted arrival dates; overtaking allowed,136b2851c8fa42d6f0004c833cc535c2434a42dceb93a9d578c50578e6ca36be,primary,136b2851c8fa42d6f0004c833cc535c2434a42dceb93a9d578c50578e6ca36be,0.33353674991841686,True,evaluation/exp_regime095_fixed6/self_evolve_h200_r1/test.json
capped,exp_regime095_fixed6,self_evolve_h200_r2,self_evolve,2,test,steady,50,500,200,evaluation/exp_regime095_fixed6/self_evolve_h200_r2/test.npz,steady_h50,54b419b9dd894753ce00d5337698b8d9bbc8a7b39e764503cac4fac771f0779e,2996f31d357f870fd69bf3c674b01d7e5c0f0b5de2d7e7a672e49f467f873496,,True,1000,151.3603203442232,20.172822900015078,65.59374872210407,0.3336527500908126,32.858387515324814,0.502283584093675,known quoted arrival dates; overtaking allowed,bf6089a2d9b7655b8b568422b31ec419d16765e2f655141c83c7f4a55953c5a3,primary,bf6089a2d9b7655b8b568422b31ec419d16765e2f655141c83c7f4a55953c5a3,0.3890888786715976,True,evaluation/exp_regime095_fixed6/self_evolve_h200_r2/test.json
capped,exp_regime095_fixed6,self_evolve_h200_r2,self_evolve,2,test,steady,100,500,200,evaluation/exp_regime095_fixed6/self_evolve_h200_r2/test.npz,steady_h100,54b419b9dd894753ce00d5337698b8d9bbc8a7b39e764503cac4fac771f0779e,2996f31d357f870fd69bf3c674b01d7e5c0f0b5de2d7e7a672e49f467f873496,,True,1000,151.5633973626469,20.2151833849946,65.67410698882615,0.3333218623238683,32.85576905877255,0.502283584093675,known quoted arrival dates; overtaking allowed,bf6089a2d9b7655b8b568422b31ec419d16765e2f655141c83c7f4a55953c5a3,primary,bf6089a2d9b7655b8b568422b31ec419d16765e2f655141c83c7f4a55953c5a3,0.3599708987003227,True,evaluation/exp_regime095_fixed6/self_evolve_h200_r2/test.json
capped,exp_regime095_fixed6,self_evolve_h200_r2,self_evolve,2,test,steady,200,500,200,evaluation/exp_regime095_fixed6/self_evolve_h200_r2/test.npz,steady_h200,54b419b9dd894753ce00d5337698b8d9bbc8a7b39e764503cac4fac771f0779e,2996f31d357f870fd69bf3c674b01d7e5c0f0b5de2d7e7a672e49f467f873496,,True,1000,152.21430807026843,20.15564092702043,66.029333571624,0.3323711144340032,32.891409216150144,0.502283584093675,known quoted arrival dates; overtaking allowed,bf6089a2d9b7655b8b568422b31ec419d16765e2f655141c83c7f4a55953c5a3,primary,bf6089a2d9b7655b8b568422b31ec419d16765e2f655141c83c7f4a55953c5a3,0.34497606273811343,True,evaluation/exp_regime095_fixed6/self_evolve_h200_r2/test.json
capped,exp_regime095_fixed6,self_evolve_h200_r2,self_evolve,2,test,steady,500,500,200,evaluation/exp_regime095_fixed6/self_evolve_h200_r2/test.npz,steady_h500,54b419b9dd894753ce00d5337698b8d9bbc8a7b39e764503cac4fac771f0779e,2996f31d357f870fd69bf3c674b01d7e5c0f0b5de2d7e7a672e49f467f873496,,True,1000,153.31890422991182,20.023401467104883,66.6477513814035,0.33080710694429855,32.95544004613156,0.502283584093675,known quoted arrival dates; overtaking allowed,bf6089a2d9b7655b8b568422b31ec419d16765e2f655141c83c7f4a55953c5a3,primary,bf6089a2d9b7655b8b568422b31ec419d16765e2f655141c83c7f4a55953c5a3,0.33519510966280186,True,evaluation/exp_regime095_fixed6/self_evolve_h200_r2/test.json
capped,exp_regime095_fixed6,self_evolve_h200_r2,self_evolve,2,test,cold_start,50,0,200,evaluation/exp_regime095_fixed6/self_evolve_h200_r2/test.npz,cold_start_h50,54b419b9dd894753ce00d5337698b8d9bbc8a7b39e764503cac4fac771f0779e,2996f31d357f870fd69bf3c674b01d7e5c0f0b5de2d7e7a672e49f467f873496,,True,1000,159.9904845829368,21.225035737638272,69.38272442264925,0.3024544313879268,34.43875279903253,0.502283584093675,known quoted arrival dates; overtaking allowed,bf6089a2d9b7655b8b568422b31ec419d16765e2f655141c83c7f4a55953c5a3,primary,bf6089a2d9b7655b8b568422b31ec419d16765e2f655141c83c7f4a55953c5a3,0.3514107612867441,True,evaluation/exp_regime095_fixed6/self_evolve_h200_r2/test.json
capped,exp_regime095_fixed6,self_evolve_h200_r2,self_evolve,2,test,cold_start,100,0,200,evaluation/exp_regime095_fixed6/self_evolve_h200_r2/test.npz,cold_start_h100,54b419b9dd894753ce00d5337698b8d9bbc8a7b39e764503cac4fac771f0779e,2996f31d357f870fd69bf3c674b01d7e5c0f0b5de2d7e7a672e49f467f873496,,True,1000,157.06296936124753,20.731748594725854,68.16561038326084,0.3161098766711262,33.69577811504473,0.502283584093675,known quoted arrival dates; overtaking allowed,bf6089a2d9b7655b8b568422b31ec419d16765e2f655141c83c7f4a55953c5a3,primary,bf6089a2d9b7655b8b568422b31ec419d16765e2f655141c83c7f4a55953c5a3,0.33960854473600854,True,evaluation/exp_regime095_fixed6/self_evolve_h200_r2/test.json
capped,exp_regime095_fixed6,self_evolve_h200_r2,self_evolve,2,test,cold_start,200,0,200,evaluation/exp_regime095_fixed6/self_evolve_h200_r2/test.npz,cold_start_h200,54b419b9dd894753ce00d5337698b8d9bbc8a7b39e764503cac4fac771f0779e,2996f31d357f870fd69bf3c674b01d7e5c0f0b5de2d7e7a672e49f467f873496,,True,1000,155.20829797200363,20.370495359370306,67.41890130631667,0.32346511691871493,33.32557473619697,0.502283584093675,known quoted arrival dates; overtaking allowed,bf6089a2d9b7655b8b568422b31ec419d16765e2f655141c83c7f4a55953c5a3,primary,bf6089a2d9b7655b8b568422b31ec419d16765e2f655141c83c7f4a55953c5a3,0.3353465541283459,True,evaluation/exp_regime095_fixed6/self_evolve_h200_r2/test.json
capped,exp_regime095_fixed6,self_evolve_h200_r2,self_evolve,2,test,cold_start,500,0,200,evaluation/exp_regime095_fixed6/self_evolve_h200_r2/test.npz,cold_start_h500,54b419b9dd894753ce00d5337698b8d9bbc8a7b39e764503cac4fac771f0779e,2996f31d357f870fd69bf3c674b01d7e5c0f0b5de2d7e7a672e49f467f873496,,True,1000,154.47356094084648,20.222356499166263,67.1256022208401,0.32742048641881377,33.10708076699685,0.502283584093675,known quoted arrival dates; overtaking allowed,bf6089a2d9b7655b8b568422b31ec419d16765e2f655141c83c7f4a55953c5a3,primary,bf6089a2d9b7655b8b568422b31ec419d16765e2f655141c83c7f4a55953c5a3,0.33216468602551225,True,evaluation/exp_regime095_fixed6/self_evolve_h200_r2/test.json
capped,exp_regime095_fixed6,self_evolve_h200_r3,self_evolve,3,test,steady,50,500,200,evaluation/exp_regime095_fixed6/self_evolve_h200_r3/test.npz,steady_h50,54b419b9dd894753ce00d5337698b8d9bbc8a7b39e764503cac4fac771f0779e,571fd4a53a9536a8ff49d38cabe539cfb0a29af1502764e3ec11450670f6c230,,True,1000,149.2043995184107,28.704318695296735,60.25004041155697,0.3879378825374355,38.243607567471415,0.4895088749472052,known quoted arrival dates; overtaking allowed,be65fff84ee12823e0c2ac7f9ad953362226d4dece3321824fd9af3d41fdcd85,primary,be65fff84ee12823e0c2ac7f9ad953362226d4dece3321824fd9af3d41fdcd85,0.43516009960975227,True,evaluation/exp_regime095_fixed6/self_evolve_h200_r3/test.json
capped,exp_regime095_fixed6,self_evolve_h200_r3,self_evolve,3,test,steady,100,500,200,evaluation/exp_regime095_fixed6/self_evolve_h200_r3/test.npz,steady_h100,54b419b9dd894753ce00d5337698b8d9bbc8a7b39e764503cac4fac771f0779e,571fd4a53a9536a8ff49d38cabe539cfb0a29af1502764e3ec11450670f6c230,,True,1000,149.4590144585901,28.78587626373413,60.33656909742798,0.3875048574853944,38.23500814278606,0.4895088749472052,known quoted arrival dates; overtaking allowed,be65fff84ee12823e0c2ac7f9ad953362226d4dece3321824fd9af3d41fdcd85,primary,be65fff84ee12823e0c2ac7f9ad953362226d4dece3321824fd9af3d41fdcd85,0.4100066423503012,True,evaluation/exp_regime095_fixed6/self_evolve_h200_r3/test.json
capped,exp_regime095_fixed6,self_evolve_h200_r3,self_evolve,3,test,steady,200,500,200,evaluation/exp_regime095_fixed6/self_evolve_h200_r3/test.npz,steady_h200,54b419b9dd894753ce00d5337698b8d9bbc8a7b39e764503cac4fac771f0779e,571fd4a53a9536a8ff49d38cabe539cfb0a29af1502764e3ec11450670f6c230,,True,1000,150.12364131808386,28.848337887172583,60.63765171545563,0.38688692360926086,38.29476587321572,0.4895088749472052,known quoted arrival dates; overtaking allowed,be65fff84ee12823e0c2ac7f9ad953362226d4dece3321824fd9af3d41fdcd85,primary,be65fff84ee12823e0c2ac7f9ad953362226d4dece3321824fd9af3d41fdcd85,0.3974417802360374,True,evaluation/exp_regime095_fixed6/self_evolve_h200_r3/test.json
capped,exp_regime095_fixed6,self_evolve_h200_r3,self_evolve,3,test,steady,500,500,200,evaluation/exp_regime095_fixed6/self_evolve_h200_r3/test.npz,steady_h500,54b419b9dd894753ce00d5337698b8d9bbc8a7b39e764503cac4fac771f0779e,571fd4a53a9536a8ff49d38cabe539cfb0a29af1502764e3ec11450670f6c230,,True,1000,151.17569006189865,28.81713138749198,61.17927933720332,0.38571462523265937,38.43224802382542,0.4895088749472052,known quoted arrival dates; overtaking allowed,be65fff84ee12823e0c2ac7f9ad953362226d4dece3321824fd9af3d41fdcd85,primary,be65fff84ee12823e0c2ac7f9ad953362226d4dece3321824fd9af3d41fdcd85,0.38935388218308675,True,evaluation/exp_regime095_fixed6/self_evolve_h200_r3/test.json
capped,exp_regime095_fixed6,self_evolve_h200_r3,self_evolve,3,test,cold_start,50,0,200,evaluation/exp_regime095_fixed6/self_evolve_h200_r3/test.npz,cold_start_h50,54b419b9dd894753ce00d5337698b8d9bbc8a7b39e764503cac4fac771f0779e,571fd4a53a9536a8ff49d38cabe539cfb0a29af1502764e3ec11450670f6c230,,True,1000,156.56101623555708,27.35738219672291,64.6018170194171,0.3505197214269067,40.05470731700056,0.4895088749472052,known quoted arrival dates; overtaking allowed,be65fff84ee12823e0c2ac7f9ad953362226d4dece3321824fd9af3d41fdcd85,primary,be65fff84ee12823e0c2ac7f9ad953362226d4dece3321824fd9af3d41fdcd85,0.3913007295405644,True,evaluation/exp_regime095_fixed6/self_evolve_h200_r3/test.json
capped,exp_regime095_fixed6,self_evolve_h200_r3,self_evolve,3,test,cold_start,100,0,200,evaluation/exp_regime095_fixed6/self_evolve_h200_r3/test.npz,cold_start_h100,54b419b9dd894753ce00d5337698b8d9bbc8a7b39e764503cac4fac771f0779e,571fd4a53a9536a8ff49d38cabe539cfb0a29af1502764e3ec11450670f6c230,,True,1000,154.48151208649725,28.40364149018908,63.038935298154094,0.36754464614664006,39.23895626877324,0.4895088749472052,known quoted arrival dates; overtaking allowed,be65fff84ee12823e0c2ac7f9ad953362226d4dece3321824fd9af3d41fdcd85,primary,be65fff84ee12823e0c2ac7f9ad953362226d4dece3321824fd9af3d41fdcd85,0.38688910223786727,True,evaluation/exp_regime095_fixed6/self_evolve_h200_r3/test.json
capped,exp_regime095_fixed6,self_evolve_h200_r3,self_evolve,3,test,cold_start,200,0,200,evaluation/exp_regime095_fixed6/self_evolve_h200_r3/test.npz,cold_start_h200,54b419b9dd894753ce00d5337698b8d9bbc8a7b39e764503cac4fac771f0779e,571fd4a53a9536a8ff49d38cabe539cfb0a29af1502764e3ec11450670f6c230,,True,1000,152.96831251038327,28.706523873585407,62.13089431839893,0.3765291853028841,38.825758788846144,0.4895088749472052,known quoted arrival dates; overtaking allowed,be65fff84ee12823e0c2ac7f9ad953362226d4dece3321824fd9af3d41fdcd85,primary,be65fff84ee12823e0c2ac7f9ad953362226d4dece3321824fd9af3d41fdcd85,0.3863470928635212,True,evaluation/exp_regime095_fixed6/self_evolve_h200_r3/test.json
capped,exp_regime095_fixed6,self_evolve_h200_r3,self_evolve,3,test,cold_start,500,0,200,evaluation/exp_regime095_fixed6/self_evolve_h200_r3/test.npz,cold_start_h500,54b419b9dd894753ce00d5337698b8d9bbc8a7b39e764503cac4fac771f0779e,571fd4a53a9536a8ff49d38cabe539cfb0a29af1502764e3ec11450670f6c230,,True,1000,152.43714039781253,28.992269283288866,61.72243555726184,0.38155868534970255,38.587155299997725,0.4895088749472052,known quoted arrival dates; overtaking allowed,be65fff84ee12823e0c2ac7f9ad953362226d4dece3321824fd9af3d41fdcd85,primary,be65fff84ee12823e0c2ac7f9ad953362226d4dece3321824fd9af3d41fdcd85,0.3854788833639594,True,evaluation/exp_regime095_fixed6/self_evolve_h200_r3/test.json
capped,exp_regime095_random3_9,baseline_h200_conditional_pil,conditional_pil,,test,steady,50,500,200,evaluation/exp_regime095_random3_9/baseline_h200_conditional_pil/test.npz,steady_h50,0403e2693cb0ae0103e8f9c82970dd97dad708f18b504c86cf6e8fdebfc31f98,,9d551a93c50f63b8823a86e14dd1e4396c8716452ac32c24fcb9a79b3bd5059c,True,1000,153.6403417902594,20.934773855165016,66.3527839675472,0.325941938340626,32.155462230229666,4.499473459087312,known quoted arrival dates; overtaking allowed,90c9231d695cb82cbdae46d429af7c526a3f629f04f7f81088e4a9735628880d,baseline,90c9231d695cb82cbdae46d429af7c526a3f629f04f7f81088e4a9735628880d,0.38380148738459224,True,evaluation/exp_regime095_random3_9/baseline_h200_conditional_pil/test.json
capped,exp_regime095_random3_9,baseline_h200_conditional_pil,conditional_pil,,test,steady,100,500,200,evaluation/exp_regime095_random3_9/baseline_h200_conditional_pil/test.npz,steady_h100,0403e2693cb0ae0103e8f9c82970dd97dad708f18b504c86cf6e8fdebfc31f98,,9d551a93c50f63b8823a86e14dd1e4396c8716452ac32c24fcb9a79b3bd5059c,True,1000,153.701170948347,20.89280670596885,66.40418212118907,0.32591064423619515,32.17284087382481,4.499473459087312,known quoted arrival dates; overtaking allowed,90c9231d695cb82cbdae46d429af7c526a3f629f04f7f81088e4a9735628880d,baseline,90c9231d695cb82cbdae46d429af7c526a3f629f04f7f81088e4a9735628880d,0.35410891916636844,True,evaluation/exp_regime095_random3_9/baseline_h200_conditional_pil/test.json
capped,exp_regime095_random3_9,baseline_h200_conditional_pil,conditional_pil,,test,steady,200,500,200,evaluation/exp_regime095_random3_9/baseline_h200_conditional_pil/test.npz,steady_h200,0403e2693cb0ae0103e8f9c82970dd97dad708f18b504c86cf6e8fdebfc31f98,,9d551a93c50f63b8823a86e14dd1e4396c8716452ac32c24fcb9a79b3bd5059c,True,1000,154.42645486171227,20.950849666700698,66.73780259750579,0.32520771658304004,32.17817708503961,4.499473459087312,known quoted arrival dates; overtaking allowed,90c9231d695cb82cbdae46d429af7c526a3f629f04f7f81088e4a9735628880d,baseline,90c9231d695cb82cbdae46d429af7c526a3f629f04f7f81088e4a9735628880d,0.33865026835993867,True,evaluation/exp_regime095_random3_9/baseline_h200_conditional_pil/test.json
capped,exp_regime095_random3_9,baseline_h200_conditional_pil,conditional_pil,,test,steady,500,500,200,evaluation/exp_regime095_random3_9/baseline_h200_conditional_pil/test.npz,steady_h500,0403e2693cb0ae0103e8f9c82970dd97dad708f18b504c86cf6e8fdebfc31f98,,9d551a93c50f63b8823a86e14dd1e4396c8716452ac32c24fcb9a79b3bd5059c,True,1000,155.45239581139987,20.692424647644476,67.37998558187769,0.3234549320718783,32.22317860804614,4.499473459087312,known quoted arrival dates; overtaking allowed,90c9231d695cb82cbdae46d429af7c526a3f629f04f7f81088e4a9735628880d,baseline,90c9231d695cb82cbdae46d429af7c526a3f629f04f7f81088e4a9735628880d,0.3280874114228491,True,evaluation/exp_regime095_random3_9/baseline_h200_conditional_pil/test.json
capped,exp_regime095_random3_9,baseline_h200_conditional_pil,conditional_pil,,test,cold_start,50,0,200,evaluation/exp_regime095_random3_9/baseline_h200_conditional_pil/test.npz,cold_start_h50,0403e2693cb0ae0103e8f9c82970dd97dad708f18b504c86cf6e8fdebfc31f98,,9d551a93c50f63b8823a86e14dd1e4396c8716452ac32c24fcb9a79b3bd5059c,True,1000,158.1063419873669,17.6846202619694,70.21086086269872,0.294128685912096,34.23045265815856,4.499473459087312,known quoted arrival dates; overtaking allowed,90c9231d695cb82cbdae46d429af7c526a3f629f04f7f81088e4a9735628880d,baseline,90c9231d695cb82cbdae46d429af7c526a3f629f04f7f81088e4a9735628880d,0.3468805247231166,True,evaluation/exp_regime095_random3_9/baseline_h200_conditional_pil/test.json
capped,exp_regime095_random3_9,baseline_h200_conditional_pil,conditional_pil,,test,cold_start,100,0,200,evaluation/exp_regime095_random3_9/baseline_h200_conditional_pil/test.npz,cold_start_h100,0403e2693cb0ae0103e8f9c82970dd97dad708f18b504c86cf6e8fdebfc31f98,,9d551a93c50f63b8823a86e14dd1e4396c8716452ac32c24fcb9a79b3bd5059c,True,1000,157.107579950786,19.203620152711295,68.95197989903735,0.3082204095028172,33.215227611638376,4.499473459087312,known quoted arrival dates; overtaking allowed,90c9231d695cb82cbdae46d429af7c526a3f629f04f7f81088e4a9735628880d,baseline,90c9231d695cb82cbdae46d429af7c526a3f629f04f7f81088e4a9735628880d,0.33377708048946175,True,evaluation/exp_regime095_random3_9/baseline_h200_conditional_pil/test.json
capped,exp_regime095_random3_9,baseline_h200_conditional_pil,conditional_pil,,test,cold_start,200,0,200,evaluation/exp_regime095_random3_9/baseline_h200_conditional_pil/test.npz,cold_start_h200,0403e2693cb0ae0103e8f9c82970dd97dad708f18b504c86cf6e8fdebfc31f98,,9d551a93c50f63b8823a86e14dd1e4396c8716452ac32c24fcb9a79b3bd5059c,True,1000,156.32343123077015,19.941080511268538,68.1911753597508,0.3157155047725167,32.71073678068839,4.499473459087312,known quoted arrival dates; overtaking allowed,90c9231d695cb82cbdae46d429af7c526a3f629f04f7f81088e4a9735628880d,baseline,90c9231d695cb82cbdae46d429af7c526a3f629f04f7f81088e4a9735628880d,0.32847706019294826,True,evaluation/exp_regime095_random3_9/baseline_h200_conditional_pil/test.json
capped,exp_regime095_random3_9,baseline_h200_conditional_pil,conditional_pil,,test,cold_start,500,0,200,evaluation/exp_regime095_random3_9/baseline_h200_conditional_pil/test.npz,cold_start_h500,0403e2693cb0ae0103e8f9c82970dd97dad708f18b504c86cf6e8fdebfc31f98,,9d551a93c50f63b8823a86e14dd1e4396c8716452ac32c24fcb9a79b3bd5059c,True,1000,156.13233300058036,20.36723226173253,67.88255036942392,0.31983608045839124,32.41197767082424,4.499473459087312,known quoted arrival dates; overtaking allowed,90c9231d695cb82cbdae46d429af7c526a3f629f04f7f81088e4a9735628880d,baseline,90c9231d695cb82cbdae46d429af7c526a3f629f04f7f81088e4a9735628880d,0.3249400283769791,True,evaluation/exp_regime095_random3_9/baseline_h200_conditional_pil/test.json
capped,exp_regime095_random3_9,baseline_h200_forecast_adaptive_pil,forecast_adaptive_pil,,test,steady,50,500,200,evaluation/exp_regime095_random3_9/baseline_h200_forecast_adaptive_pil/test.npz,steady_h50,0403e2693cb0ae0103e8f9c82970dd97dad708f18b504c86cf6e8fdebfc31f98,,af81b2853e62bab0ca8108b439223ff56c113edb2b982c8adaaddb0992c19dfe,True,1000,147.29158479929168,25.76773244226284,60.761926178514415,0.38273778832533556,37.74508793706024,1.5388810420408845,known quoted arrival dates; overtaking allowed,8e69309b80a3aa4c820fb2dea8aaf38e1b43ed929ca49a6fe0656dd8cb517bbf,baseline,8e69309b80a3aa4c820fb2dea8aaf38e1b43ed929ca49a6fe0656dd8cb517bbf,0.4161818107388434,True,evaluation/exp_regime095_random3_9/baseline_h200_forecast_adaptive_pil/test.json
capped,exp_regime095_random3_9,baseline_h200_forecast_adaptive_pil,forecast_adaptive_pil,,test,steady,100,500,200,evaluation/exp_regime095_random3_9/baseline_h200_forecast_adaptive_pil/test.npz,steady_h100,0403e2693cb0ae0103e8f9c82970dd97dad708f18b504c86cf6e8fdebfc31f98,,af81b2853e62bab0ca8108b439223ff56c113edb2b982c8adaaddb0992c19dfe,True,1000,147.07528823781612,25.46001005211688,60.80763909284961,0.38272288051361425,37.78466683338912,1.5388810420408845,known quoted arrival dates; overtaking allowed,8e69309b80a3aa4c820fb2dea8aaf38e1b43ed929ca49a6fe0656dd8cb517bbf,baseline,8e69309b80a3aa4c820fb2dea8aaf38e1b43ed929ca49a6fe0656dd8cb517bbf,0.3983264936442009,True,evaluation/exp_regime095_random3_9/baseline_h200_forecast_adaptive_pil/test.json
capped,exp_regime095_random3_9,baseline_h200_forecast_adaptive_pil,forecast_adaptive_pil,,test,steady,200,500,200,evaluation/exp_regime095_random3_9/baseline_h200_forecast_adaptive_pil/test.npz,steady_h200,0403e2693cb0ae0103e8f9c82970dd97dad708f18b504c86cf6e8fdebfc31f98,,af81b2853e62bab0ca8108b439223ff56c113edb2b982c8adaaddb0992c19dfe,True,1000,147.79132070207473,25.755671589104626,61.017824556485046,0.3830429597760712,37.90288543548028,1.5388810420408845,known quoted arrival dates; overtaking allowed,8e69309b80a3aa4c820fb2dea8aaf38e1b43ed929ca49a6fe0656dd8cb517bbf,baseline,8e69309b80a3aa4c820fb2dea8aaf38e1b43ed929ca49a6fe0656dd8cb517bbf,0.3905089682701456,True,evaluation/exp_regime095_random3_9/baseline_h200_forecast_adaptive_pil/test.json
capped,exp_regime095_random3_9,baseline_h200_forecast_adaptive_pil,forecast_adaptive_pil,,test,steady,500,500,200,evaluation/exp_regime095_random3_9/baseline_h200_forecast_adaptive_pil/test.npz,steady_h500,0403e2693cb0ae0103e8f9c82970dd97dad708f18b504c86cf6e8fdebfc31f98,,af81b2853e62bab0ca8108b439223ff56c113edb2b982c8adaaddb0992c19dfe,True,1000,149.00905596579383,25.930167798388904,61.53944408370246,0.3820983038461033,38.07273763176723,1.5388810420408845,known quoted arrival dates; overtaking allowed,8e69309b80a3aa4c820fb2dea8aaf38e1b43ed929ca49a6fe0656dd8cb517bbf,baseline,8e69309b80a3aa4c820fb2dea8aaf38e1b43ed929ca49a6fe0656dd8cb517bbf,0.38457837397994477,True,evaluation/exp_regime095_random3_9/baseline_h200_forecast_adaptive_pil/test.json
capped,exp_regime095_random3_9,baseline_h200_forecast_adaptive_pil,forecast_adaptive_pil,,test,cold_start,50,0,200,evaluation/exp_regime095_random3_9/baseline_h200_forecast_adaptive_pil/test.npz,cold_start_h50,0403e2693cb0ae0103e8f9c82970dd97dad708f18b504c86cf6e8fdebfc31f98,,af81b2853e62bab0ca8108b439223ff56c113edb2b982c8adaaddb0992c19dfe,True,1000,151.47178884000834,20.406449866882344,65.532669486563,0.3411613109739831,39.357163377648405,1.5388810420408845,known quoted arrival dates; overtaking allowed,8e69309b80a3aa4c820fb2dea8aaf38e1b43ed929ca49a6fe0656dd8cb517bbf,baseline,8e69309b80a3aa4c820fb2dea8aaf38e1b43ed929ca49a6fe0656dd8cb517bbf,0.3678850847708759,True,evaluation/exp_regime095_random3_9/baseline_h200_forecast_adaptive_pil/test.json
capped,exp_regime095_random3_9,baseline_h200_forecast_adaptive_pil,forecast_adaptive_pil,,test,cold_start,100,0,200,evaluation/exp_regime095_random3_9/baseline_h200_forecast_adaptive_pil/test.npz,cold_start_h100,0403e2693cb0ae0103e8f9c82970dd97dad708f18b504c86cf6e8fdebfc31f98,,af81b2853e62bab0ca8108b439223ff56c113edb2b982c8adaaddb0992c19dfe,True,1000,150.5213225333459,23.172885434115738,63.67421854961509,0.36117099323357066,38.70922428791925,1.5388810420408845,known quoted arrival dates; overtaking allowed,8e69309b80a3aa4c820fb2dea8aaf38e1b43ed929ca49a6fe0656dd8cb517bbf,baseline,8e69309b80a3aa4c820fb2dea8aaf38e1b43ed929ca49a6fe0656dd8cb517bbf,0.37429314477484105,True,evaluation/exp_regime095_random3_9/baseline_h200_forecast_adaptive_pil/test.json
capped,exp_regime095_random3_9,baseline_h200_forecast_adaptive_pil,forecast_adaptive_pil,,test,cold_start,200,0,200,evaluation/exp_regime095_random3_9/baseline_h200_forecast_adaptive_pil/test.npz,cold_start_h200,0403e2693cb0ae0103e8f9c82970dd97dad708f18b504c86cf6e8fdebfc31f98,,af81b2853e62bab0ca8108b439223ff56c113edb2b982c8adaaddb0992c19dfe,True,1000,149.94966487818658,24.653760730609303,62.647952073788645,0.3713406164993152,38.36530899202604,1.5388810420408845,known quoted arrival dates; overtaking allowed,8e69309b80a3aa4c820fb2dea8aaf38e1b43ed929ca49a6fe0656dd8cb517bbf,baseline,8e69309b80a3aa4c820fb2dea8aaf38e1b43ed929ca49a6fe0656dd8cb517bbf,0.37807024885184237,True,evaluation/exp_regime095_random3_9/baseline_h200_forecast_adaptive_pil/test.json
capped,exp_regime095_random3_9,baseline_h200_forecast_adaptive_pil,forecast_adaptive_pil,,test,cold_start,500,0,200,evaluation/exp_regime095_random3_9/baseline_h200_forecast_adaptive_pil/test.npz,cold_start_h500,0403e2693cb0ae0103e8f9c82970dd97dad708f18b504c86cf6e8fdebfc31f98,,af81b2853e62bab0ca8108b439223ff56c113edb2b982c8adaaddb0992c19dfe,True,1000,149.97187503813169,25.69104050371473,62.14041726720849,0.3773706270550916,38.19130943076547,1.5388810420408845,known quoted arrival dates; overtaking allowed,8e69309b80a3aa4c820fb2dea8aaf38e1b43ed929ca49a6fe0656dd8cb517bbf,baseline,8e69309b80a3aa4c820fb2dea8aaf38e1b43ed929ca49a6fe0656dd8cb517bbf,0.38011448320502517,True,evaluation/exp_regime095_random3_9/baseline_h200_forecast_adaptive_pil/test.json
capped,exp_regime095_random3_9,baseline_h200_pil_cop_continuation,pil_cop_continuation,,test,steady,50,500,200,evaluation/exp_regime095_random3_9/baseline_h200_pil_cop_continuation/test.npz,steady_h50,0403e2693cb0ae0103e8f9c82970dd97dad708f18b504c86cf6e8fdebfc31f98,,a93d0ecffc7e7434c43cf962e8017bd09511d1d62a88d3ef5d197a571c979dca,True,1000,151.46078065049383,23.603845756697574,63.92846744689813,0.35056984386387813,34.56891400384979,4.484714082907885,known quoted arrival dates; overtaking allowed,14deb733eb3cde39c2f3f08a7f04894f8f12533b094fef6c24912631b43bb2dc,baseline,14deb733eb3cde39c2f3f08a7f04894f8f12533b094fef6c24912631b43bb2dc,0.4067207510810348,True,evaluation/exp_regime095_random3_9/baseline_h200_pil_cop_continuation/test.json
capped,exp_regime095_random3_9,baseline_h200_pil_cop_continuation,pil_cop_continuation,,test,steady,100,500,200,evaluation/exp_regime095_random3_9/baseline_h200_pil_cop_continuation/test.npz,steady_h100,0403e2693cb0ae0103e8f9c82970dd97dad708f18b504c86cf6e8fdebfc31f98,,a93d0ecffc7e7434c43cf962e8017bd09511d1d62a88d3ef5d197a571c979dca,True,1000,151.55830535534736,23.592406648935693,63.982949353205825,0.35048932564733554,34.584514331456,4.484714082907885,known quoted arrival dates; overtaking allowed,14deb733eb3cde39c2f3f08a7f04894f8f12533b094fef6c24912631b43bb2dc,baseline,14deb733eb3cde39c2f3f08a7f04894f8f12533b094fef6c24912631b43bb2dc,0.3777776245450209,True,evaluation/exp_regime095_random3_9/baseline_h200_pil_cop_continuation/test.json
capped,exp_regime095_random3_9,baseline_h200_pil_cop_continuation,pil_cop_continuation,,test,steady,200,500,200,evaluation/exp_regime095_random3_9/baseline_h200_pil_cop_continuation/test.npz,steady_h200,0403e2693cb0ae0103e8f9c82970dd97dad708f18b504c86cf6e8fdebfc31f98,,a93d0ecffc7e7434c43cf962e8017bd09511d1d62a88d3ef5d197a571c979dca,True,1000,152.14896159791724,23.521523958587235,64.31371881966501,0.34971785872104827,34.603112808099844,4.484714082907885,known quoted arrival dates; overtaking allowed,14deb733eb3cde39c2f3f08a7f04894f8f12533b094fef6c24912631b43bb2dc,baseline,14deb733eb3cde39c2f3f08a7f04894f8f12533b094fef6c24912631b43bb2dc,0.3626562030268585,True,evaluation/exp_regime095_random3_9/baseline_h200_pil_cop_continuation/test.json
capped,exp_regime095_random3_9,baseline_h200_pil_cop_continuation,pil_cop_continuation,,test,steady,500,500,200,evaluation/exp_regime095_random3_9/baseline_h200_pil_cop_continuation/test.npz,steady_h500,0403e2693cb0ae0103e8f9c82970dd97dad708f18b504c86cf6e8fdebfc31f98,,a93d0ecffc7e7434c43cf962e8017bd09511d1d62a88d3ef5d197a571c979dca,True,1000,153.21374751577116,23.3148159114681,64.94946580215154,0.34785915470973133,34.654465505018756,4.484714082907885,known quoted arrival dates; overtaking allowed,14deb733eb3cde39c2f3f08a7f04894f8f12533b094fef6c24912631b43bb2dc,baseline,14deb733eb3cde39c2f3f08a7f04894f8f12533b094fef6c24912631b43bb2dc,0.3522967785593692,True,evaluation/exp_regime095_random3_9/baseline_h200_pil_cop_continuation/test.json
capped,exp_regime095_random3_9,baseline_h200_pil_cop_continuation,pil_cop_continuation,,test,cold_start,50,0,200,evaluation/exp_regime095_random3_9/baseline_h200_pil_cop_continuation/test.npz,cold_start_h50,0403e2693cb0ae0103e8f9c82970dd97dad708f18b504c86cf6e8fdebfc31f98,,a93d0ecffc7e7434c43cf962e8017bd09511d1d62a88d3ef5d197a571c979dca,True,1000,156.00994326140088,20.71923016660534,67.64535654739775,0.319921218293675,36.566764065240655,4.484714082907885,known quoted arrival dates; overtaking allowed,14deb733eb3cde39c2f3f08a7f04894f8f12533b094fef6c24912631b43bb2dc,baseline,14deb733eb3cde39c2f3f08a7f04894f8f12533b094fef6c24912631b43bb2dc,0.37125291756738477,True,evaluation/exp_regime095_random3_9/baseline_h200_pil_cop_continuation/test.json
capped,exp_regime095_random3_9,baseline_h200_pil_cop_continuation,pil_cop_continuation,,test,cold_start,100,0,200,evaluation/exp_regime095_random3_9/baseline_h200_pil_cop_continuation/test.npz,cold_start_h100,0403e2693cb0ae0103e8f9c82970dd97dad708f18b504c86cf6e8fdebfc31f98,,a93d0ecffc7e7434c43cf962e8017bd09511d1d62a88d3ef5d197a571c979dca,True,1000,154.97484342239122,22.106327616388825,66.4342579030012,0.3334801437983942,35.61499709651527,4.484714082907885,known quoted arrival dates; overtaking allowed,14deb733eb3cde39c2f3f08a7f04894f8f12533b094fef6c24912631b43bb2dc,baseline,14deb733eb3cde39c2f3f08a7f04894f8f12533b094fef6c24912631b43bb2dc,0.35820981445115263,True,evaluation/exp_regime095_random3_9/baseline_h200_pil_cop_continuation/test.json
capped,exp_regime095_random3_9,baseline_h200_pil_cop_continuation,pil_cop_continuation,,test,cold_start,200,0,200,evaluation/exp_regime095_random3_9/baseline_h200_pil_cop_continuation/test.npz,cold_start_h200,0403e2693cb0ae0103e8f9c82970dd97dad708f18b504c86cf6e8fdebfc31f98,,a93d0ecffc7e7434c43cf962e8017bd09511d1d62a88d3ef5d197a571c979dca,True,1000,154.20432891342492,22.741232727089674,65.73154809316762,0.3403973612397547,35.1111991414936,4.484714082907885,known quoted arrival dates; overtaking allowed,14deb733eb3cde39c2f3f08a7f04894f8f12533b094fef6c24912631b43bb2dc,baseline,14deb733eb3cde39c2f3f08a7f04894f8f12533b094fef6c24912631b43bb2dc,0.3527440181061695,True,evaluation/exp_regime095_random3_9/baseline_h200_pil_cop_continuation/test.json
capped,exp_regime095_random3_9,baseline_h200_pil_cop_continuation,pil_cop_continuation,,test,cold_start,500,0,200,evaluation/exp_regime095_random3_9/baseline_h200_pil_cop_continuation/test.npz,cold_start_h500,0403e2693cb0ae0103e8f9c82970dd97dad708f18b504c86cf6e8fdebfc31f98,,a93d0ecffc7e7434c43cf962e8017bd09511d1d62a88d3ef5d197a571c979dca,True,1000,153.9722282772461,23.11341432389085,65.42940697667761,0.34441588213242336,34.84025564676037,4.484714082907885,known quoted arrival dates; overtaking allowed,14deb733eb3cde39c2f3f08a7f04894f8f12533b094fef6c24912631b43bb2dc,baseline,14deb733eb3cde39c2f3f08a7f04894f8f12533b094fef6c24912631b43bb2dc,0.3493481400604864,True,evaluation/exp_regime095_random3_9/baseline_h200_pil_cop_continuation/test.json
capped,exp_regime095_random3_9,self_evolve_h200_r1,self_evolve,1,test,steady,50,500,200,evaluation/exp_regime095_random3_9/self_evolve_h200_r1/test.npz,steady_h50,0403e2693cb0ae0103e8f9c82970dd97dad708f18b504c86cf6e8fdebfc31f98,36c32606430a0a8dd7f896e151b3e447751e0200975536c57c274b4054359396,,True,1000,151.75046761952336,24.479343224175462,63.635562197673956,0.35354538057441715,34.85050307792647,0.7985821671318263,known quoted arrival dates; overtaking allowed,7d6a206a9139d6bc527d71906ee8839fac732c0a3bdab0f98b4c4aaddaecbd29,primary,7d6a206a9139d6bc527d71906ee8839fac732c0a3bdab0f98b4c4aaddaecbd29,0.3940237221763364,True,evaluation/exp_regime095_random3_9/self_evolve_h200_r1/test.json
capped,exp_regime095_random3_9,self_evolve_h200_r1,self_evolve,1,test,steady,100,500,200,evaluation/exp_regime095_random3_9/self_evolve_h200_r1/test.npz,steady_h100,0403e2693cb0ae0103e8f9c82970dd97dad708f18b504c86cf6e8fdebfc31f98,36c32606430a0a8dd7f896e151b3e447751e0200975536c57c274b4054359396,,True,1000,151.78157926837795,24.304318716689313,63.73863027584432,0.3529694840379448,34.835345419372786,0.7985821671318263,known quoted arrival dates; overtaking allowed,7d6a206a9139d6bc527d71906ee8839fac732c0a3bdab0f98b4c4aaddaecbd29,primary,7d6a206a9139d6bc527d71906ee8839fac732c0a3bdab0f98b4c4aaddaecbd29,0.3720097995331679,True,evaluation/exp_regime095_random3_9/self_evolve_h200_r1/test.json
capped,exp_regime095_random3_9,self_evolve_h200_r1,self_evolve,1,test,steady,200,500,200,evaluation/exp_regime095_random3_9/self_evolve_h200_r1/test.npz,steady_h200,0403e2693cb0ae0103e8f9c82970dd97dad708f18b504c86cf6e8fdebfc31f98,36c32606430a0a8dd7f896e151b3e447751e0200975536c57c274b4054359396,,True,1000,152.4448975512328,24.391702501082555,64.02659752507512,0.3526209694986449,34.88455783366051,0.7985821671318263,known quoted arrival dates; overtaking allowed,7d6a206a9139d6bc527d71906ee8839fac732c0a3bdab0f98b4c4aaddaecbd29,primary,7d6a206a9139d6bc527d71906ee8839fac732c0a3bdab0f98b4c4aaddaecbd29,0.36146884386333056,True,evaluation/exp_regime095_random3_9/self_evolve_h200_r1/test.json
capped,exp_regime095_random3_9,self_evolve_h200_r1,self_evolve,1,test,steady,500,500,200,evaluation/exp_regime095_random3_9/self_evolve_h200_r1/test.npz,steady_h500,0403e2693cb0ae0103e8f9c82970dd97dad708f18b504c86cf6e8fdebfc31f98,36c32606430a0a8dd7f896e151b3e447751e0200975536c57c274b4054359396,,True,1000,153.6590087012093,24.453281470601087,64.6028636153041,0.3513392979305961,35.00511172195382,0.7985821671318263,known quoted arrival dates; overtaking allowed,7d6a206a9139d6bc527d71906ee8839fac732c0a3bdab0f98b4c4aaddaecbd29,primary,7d6a206a9139d6bc527d71906ee8839fac732c0a3bdab0f98b4c4aaddaecbd29,0.3543498167339501,True,evaluation/exp_regime095_random3_9/self_evolve_h200_r1/test.json
capped,exp_regime095_random3_9,self_evolve_h200_r1,self_evolve,1,test,cold_start,50,0,200,evaluation/exp_regime095_random3_9/self_evolve_h200_r1/test.npz,cold_start_h50,0403e2693cb0ae0103e8f9c82970dd97dad708f18b504c86cf6e8fdebfc31f98,36c32606430a0a8dd7f896e151b3e447751e0200975536c57c274b4054359396,,True,1000,156.36359220740505,20.66996942818011,67.84681138961247,0.31789587360403276,36.34150329346566,0.7985821671318263,known quoted arrival dates; overtaking allowed,7d6a206a9139d6bc527d71906ee8839fac732c0a3bdab0f98b4c4aaddaecbd29,primary,7d6a206a9139d6bc527d71906ee8839fac732c0a3bdab0f98b4c4aaddaecbd29,0.35260162017900093,True,evaluation/exp_regime095_random3_9/self_evolve_h200_r1/test.json
capped,exp_regime095_random3_9,self_evolve_h200_r1,self_evolve,1,test,cold_start,100,0,200,evaluation/exp_regime095_random3_9/self_evolve_h200_r1/test.npz,cold_start_h100,0403e2693cb0ae0103e8f9c82970dd97dad708f18b504c86cf6e8fdebfc31f98,36c32606430a0a8dd7f896e151b3e447751e0200975536c57c274b4054359396,,True,1000,155.39736367483988,22.725436416778212,66.33596362903084,0.3344663079766382,35.68815306517085,0.7985821671318263,known quoted arrival dates; overtaking allowed,7d6a206a9139d6bc527d71906ee8839fac732c0a3bdab0f98b4c4aaddaecbd29,primary,7d6a206a9139d6bc527d71906ee8839fac732c0a3bdab0f98b4c4aaddaecbd29,0.35121106332398255,True,evaluation/exp_regime095_random3_9/self_evolve_h200_r1/test.json
capped,exp_regime095_random3_9,self_evolve_h200_r1,self_evolve,1,test,cold_start,200,0,200,evaluation/exp_regime095_random3_9/self_evolve_h200_r1/test.npz,cold_start_h200,0403e2693cb0ae0103e8f9c82970dd97dad708f18b504c86cf6e8fdebfc31f98,36c32606430a0a8dd7f896e151b3e447751e0200975536c57c274b4054359396,,True,1000,154.57270811255577,23.58555754858388,65.49357528198594,0.3427853697191251,35.33344085050901,0.7985821671318263,known quoted arrival dates; overtaking allowed,7d6a206a9139d6bc527d71906ee8839fac732c0a3bdab0f98b4c4aaddaecbd29,primary,7d6a206a9139d6bc527d71906ee8839fac732c0a3bdab0f98b4c4aaddaecbd29,0.35109678487865986,True,evaluation/exp_regime095_random3_9/self_evolve_h200_r1/test.json
capped,exp_regime095_random3_9,self_evolve_h200_r1,self_evolve,1,test,cold_start,500,0,200,evaluation/exp_regime095_random3_9/self_evolve_h200_r1/test.npz,cold_start_h500,0403e2693cb0ae0103e8f9c82970dd97dad708f18b504c86cf6e8fdebfc31f98,36c32606430a0a8dd7f896e151b3e447751e0200975536c57c274b4054359396,,True,1000,154.5508826440683,24.30449593623286,65.12319335391771,0.3474840558639633,35.141440693174005,0.7985821671318263,known quoted arrival dates; overtaking allowed,7d6a206a9139d6bc527d71906ee8839fac732c0a3bdab0f98b4c4aaddaecbd29,primary,7d6a206a9139d6bc527d71906ee8839fac732c0a3bdab0f98b4c4aaddaecbd29,0.3507965276778304,True,evaluation/exp_regime095_random3_9/self_evolve_h200_r1/test.json
capped,exp_regime095_random3_9,self_evolve_h200_r2,self_evolve,2,test,steady,50,500,200,evaluation/exp_regime095_random3_9/self_evolve_h200_r2/test.npz,steady_h50,0403e2693cb0ae0103e8f9c82970dd97dad708f18b504c86cf6e8fdebfc31f98,4557e78a897e2d8a070c764df595ee416a138892ca6b285c3afa679558dd05ad,,True,1000,150.70585003259205,26.789338709008824,61.95825566179162,0.3705846353694898,36.558706947437365,0.47334170900285244,known quoted arrival dates; overtaking allowed,4ab655368eac04697c13816ee83c90e51c7d626954ec86b2ddbe4df69ae50108,primary,4ab655368eac04697c13816ee83c90e51c7d626954ec86b2ddbe4df69ae50108,0.4007554941238417,True,evaluation/exp_regime095_random3_9/self_evolve_h200_r2/test.json
capped,exp_regime095_random3_9,self_evolve_h200_r2,self_evolve,2,test,steady,100,500,200,evaluation/exp_regime095_random3_9/self_evolve_h200_r2/test.npz,steady_h100,0403e2693cb0ae0103e8f9c82970dd97dad708f18b504c86cf6e8fdebfc31f98,4557e78a897e2d8a070c764df595ee416a138892ca6b285c3afa679558dd05ad,,True,1000,150.5259391319091,26.46409322578826,62.03092295306042,0.37030494834571487,36.56713396990497,0.47334170900285244,known quoted arrival dates; overtaking allowed,4ab655368eac04697c13816ee83c90e51c7d626954ec86b2ddbe4df69ae50108,primary,4ab655368eac04697c13816ee83c90e51c7d626954ec86b2ddbe4df69ae50108,0.38411473799397167,True,evaluation/exp_regime095_random3_9/self_evolve_h200_r2/test.json
capped,exp_regime095_random3_9,self_evolve_h200_r2,self_evolve,2,test,steady,200,500,200,evaluation/exp_regime095_random3_9/self_evolve_h200_r2/test.npz,steady_h200,0403e2693cb0ae0103e8f9c82970dd97dad708f18b504c86cf6e8fdebfc31f98,4557e78a897e2d8a070c764df595ee416a138892ca6b285c3afa679558dd05ad,,True,1000,151.21958497191193,26.693443425940487,62.26307077298572,0.3704521565859132,36.65623818140988,0.47334170900285244,known quoted arrival dates; overtaking allowed,4ab655368eac04697c13816ee83c90e51c7d626954ec86b2ddbe4df69ae50108,primary,4ab655368eac04697c13816ee83c90e51c7d626954ec86b2ddbe4df69ae50108,0.3768976118641558,True,evaluation/exp_regime095_random3_9/self_evolve_h200_r2/test.json
capped,exp_regime095_random3_9,self_evolve_h200_r2,self_evolve,2,test,steady,500,500,200,evaluation/exp_regime095_random3_9/self_evolve_h200_r2/test.npz,steady_h500,0403e2693cb0ae0103e8f9c82970dd97dad708f18b504c86cf6e8fdebfc31f98,4557e78a897e2d8a070c764df595ee416a138892ca6b285c3afa679558dd05ad,,True,1000,152.46015591738316,26.91750486429943,62.771325526541844,0.36972929979797364,36.84123035159194,0.47334170900285244,known quoted arrival dates; overtaking allowed,4ab655368eac04697c13816ee83c90e51c7d626954ec86b2ddbe4df69ae50108,primary,4ab655368eac04697c13816ee83c90e51c7d626954ec86b2ddbe4df69ae50108,0.3718758357065884,True,evaluation/exp_regime095_random3_9/self_evolve_h200_r2/test.json
capped,exp_regime095_random3_9,self_evolve_h200_r2,self_evolve,2,test,cold_start,50,0,200,evaluation/exp_regime095_random3_9/self_evolve_h200_r2/test.npz,cold_start_h50,0403e2693cb0ae0103e8f9c82970dd97dad708f18b504c86cf6e8fdebfc31f98,4557e78a897e2d8a070c764df595ee416a138892ca6b285c3afa679558dd05ad,,True,1000,154.95292410593822,22.2675316883013,66.34269620881848,0.3330176332030621,38.36226135926692,0.47334170900285244,known quoted arrival dates; overtaking allowed,4ab655368eac04697c13816ee83c90e51c7d626954ec86b2ddbe4df69ae50108,primary,4ab655368eac04697c13816ee83c90e51c7d626954ec86b2ddbe4df69ae50108,0.35729642020136854,True,evaluation/exp_regime095_random3_9/self_evolve_h200_r2/test.json
capped,exp_regime095_random3_9,self_evolve_h200_r2,self_evolve,2,test,cold_start,100,0,200,evaluation/exp_regime095_random3_9/self_evolve_h200_r2/test.npz,cold_start_h100,0403e2693cb0ae0103e8f9c82970dd97dad708f18b504c86cf6e8fdebfc31f98,4557e78a897e2d8a070c764df595ee416a138892ca6b285c3afa679558dd05ad,,True,1000,153.95008526588882,24.624209582844433,64.6629378415222,0.3512513966117814,37.62483539148386,0.47334170900285244,known quoted arrival dates; overtaking allowed,4ab655368eac04697c13816ee83c90e51c7d626954ec86b2ddbe4df69ae50108,primary,4ab655368eac04697c13816ee83c90e51c7d626954ec86b2ddbe4df69ae50108,0.3628729779455025,True,evaluation/exp_regime095_random3_9/self_evolve_h200_r2/test.json
capped,exp_regime095_random3_9,self_evolve_h200_r2,self_evolve,2,test,cold_start,200,0,200,evaluation/exp_regime095_random3_9/self_evolve_h200_r2/test.npz,cold_start_h200,0403e2693cb0ae0103e8f9c82970dd97dad708f18b504c86cf6e8fdebfc31f98,4557e78a897e2d8a070c764df595ee416a138892ca6b285c3afa679558dd05ad,,True,1000,153.29768876238364,25.806008183507007,63.74584028943831,0.3603235328444489,37.219427884058284,0.47334170900285244,known quoted arrival dates; overtaking allowed,4ab655368eac04697c13816ee83c90e51c7d626954ec86b2ddbe4df69ae50108,primary,4ab655368eac04697c13816ee83c90e51c7d626954ec86b2ddbe4df69ae50108,0.36617961148062916,True,evaluation/exp_regime095_random3_9/self_evolve_h200_r2/test.json
capped,exp_regime095_random3_9,self_evolve_h200_r2,self_evolve,2,test,cold_start,500,0,200,evaluation/exp_regime095_random3_9/self_evolve_h200_r2/test.npz,cold_start_h500,0403e2693cb0ae0103e8f9c82970dd97dad708f18b504c86cf6e8fdebfc31f98,4557e78a897e2d8a070c764df595ee416a138892ca6b285c3afa679558dd05ad,,True,1000,153.42125656002642,26.790812972685256,63.315221793670595,0.365599418591869,36.996572381055756,0.47334170900285244,known quoted arrival dates; overtaking allowed,4ab655368eac04697c13816ee83c90e51c7d626954ec86b2ddbe4df69ae50108,primary,4ab655368eac04697c13816ee83c90e51c7d626954ec86b2ddbe4df69ae50108,0.36795776647095696,True,evaluation/exp_regime095_random3_9/self_evolve_h200_r2/test.json
capped,exp_regime095_random3_9,self_evolve_h200_r3,self_evolve,3,test,steady,50,500,200,evaluation/exp_regime095_random3_9/self_evolve_h200_r3/test.npz,steady_h50,0403e2693cb0ae0103e8f9c82970dd97dad708f18b504c86cf6e8fdebfc31f98,339addad22195e2fb57b81fdf5ccd59812353617bbfb9bf41fdc026ecb53d2a5,,True,1000,154.85929293460347,25.324052469865197,64.76762023236914,0.3420451420173467,33.726737860782336,0.48494850005954504,known quoted arrival dates; overtaking allowed,61bcd2761635eb4f2c285c3e9fab6248c96a7941660694a5e611bd3e8ec8ab27,primary,61bcd2761635eb4f2c285c3e9fab6248c96a7941660694a5e611bd3e8ec8ab27,0.37861039693061355,True,evaluation/exp_regime095_random3_9/self_evolve_h200_r3/test.json
capped,exp_regime095_random3_9,self_evolve_h200_r3,self_evolve,3,test,steady,100,500,200,evaluation/exp_regime095_random3_9/self_evolve_h200_r3/test.npz,steady_h100,0403e2693cb0ae0103e8f9c82970dd97dad708f18b504c86cf6e8fdebfc31f98,339addad22195e2fb57b81fdf5ccd59812353617bbfb9bf41fdc026ecb53d2a5,,True,1000,154.94614610127724,25.263937996394084,64.8411040524416,0.3417779323303033,33.735858312295775,0.48494850005954504,known quoted arrival dates; overtaking allowed,61bcd2761635eb4f2c285c3e9fab6248c96a7941660694a5e611bd3e8ec8ab27,primary,61bcd2761635eb4f2c285c3e9fab6248c96a7941660694a5e611bd3e8ec8ab27,0.3591947391846893,True,evaluation/exp_regime095_random3_9/self_evolve_h200_r3/test.json
capped,exp_regime095_random3_9,self_evolve_h200_r3,self_evolve,3,test,steady,200,500,200,evaluation/exp_regime095_random3_9/self_evolve_h200_r3/test.npz,steady_h200,0403e2693cb0ae0103e8f9c82970dd97dad708f18b504c86cf6e8fdebfc31f98,339addad22195e2fb57b81fdf5ccd59812353617bbfb9bf41fdc026ecb53d2a5,,True,1000,155.71310663548223,25.39942800463423,65.15683931542401,0.341192987023368,33.78514701187839,0.48494850005954504,known quoted arrival dates; overtaking allowed,61bcd2761635eb4f2c285c3e9fab6248c96a7941660694a5e611bd3e8ec8ab27,primary,61bcd2761635eb4f2c285c3e9fab6248c96a7941660694a5e611bd3e8ec8ab27,0.34953745275365156,True,evaluation/exp_regime095_random3_9/self_evolve_h200_r3/test.json
capped,exp_regime095_random3_9,self_evolve_h200_r3,self_evolve,3,test,steady,500,500,200,evaluation/exp_regime095_random3_9/self_evolve_h200_r3/test.npz,steady_h500,0403e2693cb0ae0103e8f9c82970dd97dad708f18b504c86cf6e8fdebfc31f98,339addad22195e2fb57b81fdf5ccd59812353617bbfb9bf41fdc026ecb53d2a5,,True,1000,156.90485647750123,25.51360465086552,65.69562591331784,0.3403671533574778,33.91135314585918,0.48494850005954504,known quoted arrival dates; overtaking allowed,61bcd2761635eb4f2c285c3e9fab6248c96a7941660694a5e611bd3e8ec8ab27,primary,61bcd2761635eb4f2c285c3e9fab6248c96a7941660694a5e611bd3e8ec8ab27,0.34322796806048844,True,evaluation/exp_regime095_random3_9/self_evolve_h200_r3/test.json
capped,exp_regime095_random3_9,self_evolve_h200_r3,self_evolve,3,test,cold_start,50,0,200,evaluation/exp_regime095_random3_9/self_evolve_h200_r3/test.npz,cold_start_h50,0403e2693cb0ae0103e8f9c82970dd97dad708f18b504c86cf6e8fdebfc31f98,339addad22195e2fb57b81fdf5ccd59812353617bbfb9bf41fdc026ecb53d2a5,,True,1000,160.96094069305477,25.948329866650027,67.50630541320237,0.3213191815947069,36.561619990286665,0.48494850005954504,known quoted arrival dates; overtaking allowed,61bcd2761635eb4f2c285c3e9fab6248c96a7941660694a5e611bd3e8ec8ab27,primary,61bcd2761635eb4f2c285c3e9fab6248c96a7941660694a5e611bd3e8ec8ab27,0.3540411306757556,True,evaluation/exp_regime095_random3_9/self_evolve_h200_r3/test.json
capped,exp_regime095_random3_9,self_evolve_h200_r3,self_evolve,3,test,cold_start,100,0,200,evaluation/exp_regime095_random3_9/self_evolve_h200_r3/test.npz,cold_start_h100,0403e2693cb0ae0103e8f9c82970dd97dad708f18b504c86cf6e8fdebfc31f98,339addad22195e2fb57b81fdf5ccd59812353617bbfb9bf41fdc026ecb53d2a5,,True,1000,159.34771720782615,25.9844722792716,66.68162246427727,0.33099839120545,35.27398366891852,0.48494850005954504,known quoted arrival dates; overtaking allowed,61bcd2761635eb4f2c285c3e9fab6248c96a7941660694a5e611bd3e8ec8ab27,primary,61bcd2761635eb4f2c285c3e9fab6248c96a7941660694a5e611bd3e8ec8ab27,0.3467203079792425,True,evaluation/exp_regime095_random3_9/self_evolve_h200_r3/test.json
capped,exp_regime095_random3_9,self_evolve_h200_r3,self_evolve,3,test,cold_start,200,0,200,evaluation/exp_regime095_random3_9/self_evolve_h200_r3/test.npz,cold_start_h200,0403e2693cb0ae0103e8f9c82970dd97dad708f18b504c86cf6e8fdebfc31f98,339addad22195e2fb57b81fdf5ccd59812353617bbfb9bf41fdc026ecb53d2a5,,True,1000,158.23011450466439,25.761390189721848,66.23436215747127,0.3353517249624779,34.574160127627025,0.48494850005954504,known quoted arrival dates; overtaking allowed,61bcd2761635eb4f2c285c3e9fab6248c96a7941660694a5e611bd3e8ec8ab27,primary,61bcd2761635eb4f2c285c3e9fab6248c96a7941660694a5e611bd3e8ec8ab27,0.3433305738438248,True,evaluation/exp_regime095_random3_9/self_evolve_h200_r3/test.json
capped,exp_regime095_random3_9,self_evolve_h200_r3,self_evolve,3,test,cold_start,500,0,200,evaluation/exp_regime095_random3_9/self_evolve_h200_r3/test.npz,cold_start_h500,0403e2693cb0ae0103e8f9c82970dd97dad708f18b504c86cf6e8fdebfc31f98,339addad22195e2fb57b81fdf5ccd59812353617bbfb9bf41fdc026ecb53d2a5,,True,1000,158.05749908210373,25.89578821362654,66.08085543423857,0.3378885531817188,34.167218372733494,0.48494850005954504,known quoted arrival dates; overtaking allowed,61bcd2761635eb4f2c285c3e9fab6248c96a7941660694a5e611bd3e8ec8ab27,primary,61bcd2761635eb4f2c285c3e9fab6248c96a7941660694a5e611bd3e8ec8ab27,0.3410674695082221,True,evaluation/exp_regime095_random3_9/self_evolve_h200_r3/test.json
unrestricted,exp_ar_neg06_fixed6,baseline_h200_conditional_pil,conditional_pil,,test,steady,50,500,200,evaluation/exp_ar_neg06_fixed6/baseline_h200_conditional_pil/test.npz,steady_h50,25c5af7d9ab50e3740276c5a8e4870a1c5223c5ba89977ba26b8b195b3d449b3,,c18e446cd9901ba72fc4b3f17c0bb5fffd00d47a88a4e373f36647ccd7cf073b,True,1000,99.4147817946614,35.166826142169526,32.12397782624593,0.6768582863795288,67.30621517907338,1.7856167091522366,known quoted arrival dates; overtaking allowed,d386363d49931df4aba662ef3d2017c9f8f32e0b0e8a1a91504049e016ac50ad,baseline,d386363d49931df4aba662ef3d2017c9f8f32e0b0e8a1a91504049e016ac50ad,0.6841057815079827,True,evaluation/exp_ar_neg06_fixed6/baseline_h200_conditional_pil/test.json
unrestricted,exp_ar_neg06_fixed6,baseline_h200_conditional_pil,conditional_pil,,test,steady,100,500,200,evaluation/exp_ar_neg06_fixed6/baseline_h200_conditional_pil/test.npz,steady_h100,25c5af7d9ab50e3740276c5a8e4870a1c5223c5ba89977ba26b8b195b3d449b3,,c18e446cd9901ba72fc4b3f17c0bb5fffd00d47a88a4e373f36647ccd7cf073b,True,1000,99.69645678722861,35.30902469475493,32.193716046236844,0.6764141277209255,67.29219838096252,1.7856167091522366,known quoted arrival dates; overtaking allowed,d386363d49931df4aba662ef3d2017c9f8f32e0b0e8a1a91504049e016ac50ad,baseline,d386363d49931df4aba662ef3d2017c9f8f32e0b0e8a1a91504049e016ac50ad,0.6802127144653012,True,evaluation/exp_ar_neg06_fixed6/baseline_h200_conditional_pil/test.json
unrestricted,exp_ar_neg06_fixed6,baseline_h200_conditional_pil,conditional_pil,,test,steady,200,500,200,evaluation/exp_ar_neg06_fixed6/baseline_h200_conditional_pil/test.npz,steady_h200,25c5af7d9ab50e3740276c5a8e4870a1c5223c5ba89977ba26b8b195b3d449b3,,c18e446cd9901ba72fc4b3f17c0bb5fffd00d47a88a4e373f36647ccd7cf073b,True,1000,99.95988235996779,35.20098877800952,32.37944679097914,0.6751669730864372,67.30660279272846,1.7856167091522366,known quoted arrival dates; overtaking allowed,d386363d49931df4aba662ef3d2017c9f8f32e0b0e8a1a91504049e016ac50ad,baseline,d386363d49931df4aba662ef3d2017c9f8f32e0b0e8a1a91504049e016ac50ad,0.6770465739683829,True,evaluation/exp_ar_neg06_fixed6/baseline_h200_conditional_pil/test.json
unrestricted,exp_ar_neg06_fixed6,baseline_h200_conditional_pil,conditional_pil,,test,steady,500,500,200,evaluation/exp_ar_neg06_fixed6/baseline_h200_conditional_pil/test.npz,steady_h500,25c5af7d9ab50e3740276c5a8e4870a1c5223c5ba89977ba26b8b195b3d449b3,,c18e446cd9901ba72fc4b3f17c0bb5fffd00d47a88a4e373f36647ccd7cf073b,True,1000,100.24756750197959,35.066311378529626,32.590628061724985,0.6737779483755669,67.31664934153729,1.7856167091522366,known quoted arrival dates; overtaking allowed,d386363d49931df4aba662ef3d2017c9f8f32e0b0e8a1a91504049e016ac50ad,baseline,d386363d49931df4aba662ef3d2017c9f8f32e0b0e8a1a91504049e016ac50ad,0.6745419947172971,True,evaluation/exp_ar_neg06_fixed6/baseline_h200_conditional_pil/test.json
unrestricted,exp_ar_neg06_fixed6,baseline_h200_conditional_pil,conditional_pil,,test,cold_start,50,0,200,evaluation/exp_ar_neg06_fixed6/baseline_h200_conditional_pil/test.npz,cold_start_h50,25c5af7d9ab50e3740276c5a8e4870a1c5223c5ba89977ba26b8b195b3d449b3,,c18e446cd9901ba72fc4b3f17c0bb5fffd00d47a88a4e373f36647ccd7cf073b,True,1000,111.6357114512477,31.112100122856333,40.26180566419569,0.5953239805593109,68.0138863659234,1.7856167091522366,known quoted arrival dates; overtaking allowed,d386363d49931df4aba662ef3d2017c9f8f32e0b0e8a1a91504049e016ac50ad,baseline,d386363d49931df4aba662ef3d2017c9f8f32e0b0e8a1a91504049e016ac50ad,0.6018652517673811,True,evaluation/exp_ar_neg06_fixed6/baseline_h200_conditional_pil/test.json
unrestricted,exp_ar_neg06_fixed6,baseline_h200_conditional_pil,conditional_pil,,test,cold_start,100,0,200,evaluation/exp_ar_neg06_fixed6/baseline_h200_conditional_pil/test.npz,cold_start_h100,25c5af7d9ab50e3740276c5a8e4870a1c5223c5ba89977ba26b8b195b3d449b3,,c18e446cd9901ba72fc4b3f17c0bb5fffd00d47a88a4e373f36647ccd7cf073b,True,1000,106.2384054487148,33.079602146899994,36.57940165090741,0.633742233510071,67.66541825407238,1.7856167091522366,known quoted arrival dates; overtaking allowed,d386363d49931df4aba662ef3d2017c9f8f32e0b0e8a1a91504049e016ac50ad,baseline,d386363d49931df4aba662ef3d2017c9f8f32e0b0e8a1a91504049e016ac50ad,0.6374087499889807,True,evaluation/exp_ar_neg06_fixed6/baseline_h200_conditional_pil/test.json
unrestricted,exp_ar_neg06_fixed6,baseline_h200_conditional_pil,conditional_pil,,test,cold_start,200,0,200,evaluation/exp_ar_neg06_fixed6/baseline_h200_conditional_pil/test.npz,cold_start_h200,25c5af7d9ab50e3740276c5a8e4870a1c5223c5ba89977ba26b8b195b3d449b3,,c18e446cd9901ba72fc4b3f17c0bb5fffd00d47a88a4e373f36647ccd7cf073b,True,1000,102.99627789176344,34.170701154622,34.41278836857071,0.6548808068692429,67.48695227471427,1.7856167091522366,known quoted arrival dates; overtaking allowed,d386363d49931df4aba662ef3d2017c9f8f32e0b0e8a1a91504049e016ac50ad,baseline,d386363d49931df4aba662ef3d2017c9f8f32e0b0e8a1a91504049e016ac50ad,0.6567396784790617,True,evaluation/exp_ar_neg06_fixed6/baseline_h200_conditional_pil/test.json
unrestricted,exp_ar_neg06_fixed6,baseline_h200_conditional_pil,conditional_pil,,test,cold_start,500,0,200,evaluation/exp_ar_neg06_fixed6/baseline_h200_conditional_pil/test.npz,cold_start_h500,25c5af7d9ab50e3740276c5a8e4870a1c5223c5ba89977ba26b8b195b3d449b3,,c18e446cd9901ba72fc4b3f17c0bb5fffd00d47a88a4e373f36647ccd7cf073b,True,1000,101.17521618746983,34.72355989920118,33.225828144134326,0.6668486867213113,67.38324326956197,1.7856167091522366,known quoted arrival dates; overtaking allowed,d386363d49931df4aba662ef3d2017c9f8f32e0b0e8a1a91504049e016ac50ad,baseline,d386363d49931df4aba662ef3d2017c9f8f32e0b0e8a1a91504049e016ac50ad,0.6675565055771795,True,evaluation/exp_ar_neg06_fixed6/baseline_h200_conditional_pil/test.json
unrestricted,exp_ar_neg06_fixed6,baseline_h200_forecast_adaptive_pil,forecast_adaptive_pil,,test,steady,50,500,200,evaluation/exp_ar_neg06_fixed6/baseline_h200_forecast_adaptive_pil/test.npz,steady_h50,25c5af7d9ab50e3740276c5a8e4870a1c5223c5ba89977ba26b8b195b3d449b3,,4592b9be343bf2a66f16837f73a60f281224a831e653f43ba942480a68dc24fc,True,1000,99.53698139860504,35.383864102289465,32.07655864815778,0.6773352856648839,67.35435528932956,1.384350375039503,known quoted arrival dates; overtaking allowed,98ea81b72c244c18e0b8320d6c82bdd2a8c096bd5c737bca047a28ead516280e,baseline,98ea81b72c244c18e0b8320d6c82bdd2a8c096bd5c737bca047a28ead516280e,0.6847349337536517,True,evaluation/exp_ar_neg06_fixed6/baseline_h200_forecast_adaptive_pil/test.json
unrestricted,exp_ar_neg06_fixed6,baseline_h200_forecast_adaptive_pil,forecast_adaptive_pil,,test,steady,100,500,200,evaluation/exp_ar_neg06_fixed6/baseline_h200_forecast_adaptive_pil/test.npz,steady_h100,25c5af7d9ab50e3740276c5a8e4870a1c5223c5ba89977ba26b8b195b3d449b3,,4592b9be343bf2a66f16837f73a60f281224a831e653f43ba942480a68dc24fc,True,1000,99.75381860324258,35.468552238173714,32.14263318253444,0.6769275724250385,67.34663574350448,1.384350375039503,known quoted arrival dates; overtaking allowed,98ea81b72c244c18e0b8320d6c82bdd2a8c096bd5c737bca047a28ead516280e,baseline,98ea81b72c244c18e0b8320d6c82bdd2a8c096bd5c737bca047a28ead516280e,0.6808133661157522,True,evaluation/exp_ar_neg06_fixed6/baseline_h200_forecast_adaptive_pil/test.json
unrestricted,exp_ar_neg06_fixed6,baseline_h200_forecast_adaptive_pil,forecast_adaptive_pil,,test,steady,200,500,200,evaluation/exp_ar_neg06_fixed6/baseline_h200_forecast_adaptive_pil/test.npz,steady_h200,25c5af7d9ab50e3740276c5a8e4870a1c5223c5ba89977ba26b8b195b3d449b3,,4592b9be343bf2a66f16837f73a60f281224a831e653f43ba942480a68dc24fc,True,1000,100.00697023518077,35.34908243998104,32.32894389759986,0.6756736218822054,67.35769318615965,1.384350375039503,known quoted arrival dates; overtaking allowed,98ea81b72c244c18e0b8320d6c82bdd2a8c096bd5c737bca047a28ead516280e,baseline,98ea81b72c244c18e0b8320d6c82bdd2a8c096bd5c737bca047a28ead516280e,0.6775975384514372,True,evaluation/exp_ar_neg06_fixed6/baseline_h200_forecast_adaptive_pil/test.json
unrestricted,exp_ar_neg06_fixed6,baseline_h200_forecast_adaptive_pil,forecast_adaptive_pil,,test,steady,500,500,200,evaluation/exp_ar_neg06_fixed6/baseline_h200_forecast_adaptive_pil/test.npz,steady_h500,25c5af7d9ab50e3740276c5a8e4870a1c5223c5ba89977ba26b8b195b3d449b3,,4592b9be343bf2a66f16837f73a60f281224a831e653f43ba942480a68dc24fc,True,1000,100.24771874869364,35.167890655219495,32.539914046737074,0.674285579894178,67.36747041202268,1.384350375039503,known quoted arrival dates; overtaking allowed,98ea81b72c244c18e0b8320d6c82bdd2a8c096bd5c737bca047a28ead516280e,baseline,98ea81b72c244c18e0b8320d6c82bdd2a8c096bd5c737bca047a28ead516280e,0.6750659429612332,True,evaluation/exp_ar_neg06_fixed6/baseline_h200_forecast_adaptive_pil/test.json
unrestricted,exp_ar_neg06_fixed6,baseline_h200_forecast_adaptive_pil,forecast_adaptive_pil,,test,cold_start,50,0,200,evaluation/exp_ar_neg06_fixed6/baseline_h200_forecast_adaptive_pil/test.npz,cold_start_h50,25c5af7d9ab50e3740276c5a8e4870a1c5223c5ba89977ba26b8b195b3d449b3,,4592b9be343bf2a66f16837f73a60f281224a831e653f43ba942480a68dc24fc,True,1000,111.6743775207906,30.71808643408769,40.47814554335145,0.5931495236590609,67.80136734954102,1.384350375039503,known quoted arrival dates; overtaking allowed,98ea81b72c244c18e0b8320d6c82bdd2a8c096bd5c737bca047a28ead516280e,baseline,98ea81b72c244c18e0b8320d6c82bdd2a8c096bd5c737bca047a28ead516280e,0.5998111669738634,True,evaluation/exp_ar_neg06_fixed6/baseline_h200_forecast_adaptive_pil/test.json
unrestricted,exp_ar_neg06_fixed6,baseline_h200_forecast_adaptive_pil,forecast_adaptive_pil,,test,cold_start,100,0,200,evaluation/exp_ar_neg06_fixed6/baseline_h200_forecast_adaptive_pil/test.npz,cold_start_h100,25c5af7d9ab50e3740276c5a8e4870a1c5223c5ba89977ba26b8b195b3d449b3,,4592b9be343bf2a66f16837f73a60f281224a831e653f43ba942480a68dc24fc,True,1000,106.24468155063725,32.921300285463694,36.66169063258679,0.6329183004418307,67.58533409154033,1.384350375039503,known quoted arrival dates; overtaking allowed,98ea81b72c244c18e0b8320d6c82bdd2a8c096bd5c737bca047a28ead516280e,baseline,98ea81b72c244c18e0b8320d6c82bdd2a8c096bd5c737bca047a28ead516280e,0.6366604926002313,True,evaluation/exp_ar_neg06_fixed6/baseline_h200_forecast_adaptive_pil/test.json
unrestricted,exp_ar_neg06_fixed6,baseline_h200_forecast_adaptive_pil,forecast_adaptive_pil,,test,cold_start,200,0,200,evaluation/exp_ar_neg06_fixed6/baseline_h200_forecast_adaptive_pil/test.npz,cold_start_h200,25c5af7d9ab50e3740276c5a8e4870a1c5223c5ba89977ba26b8b195b3d449b3,,4592b9be343bf2a66f16837f73a60f281224a831e653f43ba942480a68dc24fc,True,1000,102.99853425795094,34.14559834266527,34.42646795764284,0.6547436169184498,67.47777320617192,1.384350375039503,known quoted arrival dates; overtaking allowed,98ea81b72c244c18e0b8320d6c82bdd2a8c096bd5c737bca047a28ead516280e,baseline,98ea81b72c244c18e0b8320d6c82bdd2a8c096bd5c737bca047a28ead516280e,0.65664390964983,True,evaluation/exp_ar_neg06_fixed6/baseline_h200_forecast_adaptive_pil/test.json
unrestricted,exp_ar_neg06_fixed6,baseline_h200_forecast_adaptive_pil,forecast_adaptive_pil,,test,cold_start,500,0,200,evaluation/exp_ar_neg06_fixed6/baseline_h200_forecast_adaptive_pil/test.npz,cold_start_h500,25c5af7d9ab50e3740276c5a8e4870a1c5223c5ba89977ba26b8b195b3d449b3,,4592b9be343bf2a66f16837f73a60f281224a831e653f43ba942480a68dc24fc,True,1000,101.15440741710435,34.757390342148476,33.19850853747793,0.6671226170744194,67.41122765405551,1.384350375039503,known quoted arrival dates; overtaking allowed,98ea81b72c244c18e0b8320d6c82bdd2a8c096bd5c737bca047a28ead516280e,baseline,98ea81b72c244c18e0b8320d6c82bdd2a8c096bd5c737bca047a28ead516280e,0.667846315098491,True,evaluation/exp_ar_neg06_fixed6/baseline_h200_forecast_adaptive_pil/test.json
unrestricted,exp_ar_neg06_fixed6,baseline_h200_pil_cop_continuation,pil_cop_continuation,,test,steady,50,500,200,evaluation/exp_ar_neg06_fixed6/baseline_h200_pil_cop_continuation/test.npz,steady_h50,25c5af7d9ab50e3740276c5a8e4870a1c5223c5ba89977ba26b8b195b3d449b3,,0236789bac3ddf4041e6ee847af16ba4ff3f96349862f7c870677d56e6f28a24,True,1000,99.4147817946614,35.166826142169526,32.12397782624593,0.6768582863795288,67.30621517907338,1.313223541015759,known quoted arrival dates; overtaking allowed,d386363d49931df4aba662ef3d2017c9f8f32e0b0e8a1a91504049e016ac50ad,baseline,d386363d49931df4aba662ef3d2017c9f8f32e0b0e8a1a91504049e016ac50ad,0.6841057815079827,True,evaluation/exp_ar_neg06_fixed6/baseline_h200_pil_cop_continuation/test.json
unrestricted,exp_ar_neg06_fixed6,baseline_h200_pil_cop_continuation,pil_cop_continuation,,test,steady,100,500,200,evaluation/exp_ar_neg06_fixed6/baseline_h200_pil_cop_continuation/test.npz,steady_h100,25c5af7d9ab50e3740276c5a8e4870a1c5223c5ba89977ba26b8b195b3d449b3,,0236789bac3ddf4041e6ee847af16ba4ff3f96349862f7c870677d56e6f28a24,True,1000,99.69645678722861,35.30902469475493,32.193716046236844,0.6764141277209255,67.29219838096252,1.313223541015759,known quoted arrival dates; overtaking allowed,d386363d49931df4aba662ef3d2017c9f8f32e0b0e8a1a91504049e016ac50ad,baseline,d386363d49931df4aba662ef3d2017c9f8f32e0b0e8a1a91504049e016ac50ad,0.6802127144653012,True,evaluation/exp_ar_neg06_fixed6/baseline_h200_pil_cop_continuation/test.json
unrestricted,exp_ar_neg06_fixed6,baseline_h200_pil_cop_continuation,pil_cop_continuation,,test,steady,200,500,200,evaluation/exp_ar_neg06_fixed6/baseline_h200_pil_cop_continuation/test.npz,steady_h200,25c5af7d9ab50e3740276c5a8e4870a1c5223c5ba89977ba26b8b195b3d449b3,,0236789bac3ddf4041e6ee847af16ba4ff3f96349862f7c870677d56e6f28a24,True,1000,99.95988235996779,35.20098877800952,32.37944679097914,0.6751669730864372,67.30660279272846,1.313223541015759,known quoted arrival dates; overtaking allowed,d386363d49931df4aba662ef3d2017c9f8f32e0b0e8a1a91504049e016ac50ad,baseline,d386363d49931df4aba662ef3d2017c9f8f32e0b0e8a1a91504049e016ac50ad,0.6770465739683829,True,evaluation/exp_ar_neg06_fixed6/baseline_h200_pil_cop_continuation/test.json
unrestricted,exp_ar_neg06_fixed6,baseline_h200_pil_cop_continuation,pil_cop_continuation,,test,steady,500,500,200,evaluation/exp_ar_neg06_fixed6/baseline_h200_pil_cop_continuation/test.npz,steady_h500,25c5af7d9ab50e3740276c5a8e4870a1c5223c5ba89977ba26b8b195b3d449b3,,0236789bac3ddf4041e6ee847af16ba4ff3f96349862f7c870677d56e6f28a24,True,1000,100.24756750197959,35.066311378529626,32.590628061724985,0.6737779483755669,67.31664934153729,1.313223541015759,known quoted arrival dates; overtaking allowed,d386363d49931df4aba662ef3d2017c9f8f32e0b0e8a1a91504049e016ac50ad,baseline,d386363d49931df4aba662ef3d2017c9f8f32e0b0e8a1a91504049e016ac50ad,0.6745419947172971,True,evaluation/exp_ar_neg06_fixed6/baseline_h200_pil_cop_continuation/test.json
unrestricted,exp_ar_neg06_fixed6,baseline_h200_pil_cop_continuation,pil_cop_continuation,,test,cold_start,50,0,200,evaluation/exp_ar_neg06_fixed6/baseline_h200_pil_cop_continuation/test.npz,cold_start_h50,25c5af7d9ab50e3740276c5a8e4870a1c5223c5ba89977ba26b8b195b3d449b3,,0236789bac3ddf4041e6ee847af16ba4ff3f96349862f7c870677d56e6f28a24,True,1000,111.6357114512477,31.112100122856333,40.26180566419569,0.5953239805593109,68.0138863659234,1.313223541015759,known quoted arrival dates; overtaking allowed,d386363d49931df4aba662ef3d2017c9f8f32e0b0e8a1a91504049e016ac50ad,baseline,d386363d49931df4aba662ef3d2017c9f8f32e0b0e8a1a91504049e016ac50ad,0.6018652517673811,True,evaluation/exp_ar_neg06_fixed6/baseline_h200_pil_cop_continuation/test.json
unrestricted,exp_ar_neg06_fixed6,baseline_h200_pil_cop_continuation,pil_cop_continuation,,test,cold_start,100,0,200,evaluation/exp_ar_neg06_fixed6/baseline_h200_pil_cop_continuation/test.npz,cold_start_h100,25c5af7d9ab50e3740276c5a8e4870a1c5223c5ba89977ba26b8b195b3d449b3,,0236789bac3ddf4041e6ee847af16ba4ff3f96349862f7c870677d56e6f28a24,True,1000,106.2384054487148,33.079602146899994,36.57940165090741,0.633742233510071,67.66541825407238,1.313223541015759,known quoted arrival dates; overtaking allowed,d386363d49931df4aba662ef3d2017c9f8f32e0b0e8a1a91504049e016ac50ad,baseline,d386363d49931df4aba662ef3d2017c9f8f32e0b0e8a1a91504049e016ac50ad,0.6374087499889807,True,evaluation/exp_ar_neg06_fixed6/baseline_h200_pil_cop_continuation/test.json
unrestricted,exp_ar_neg06_fixed6,baseline_h200_pil_cop_continuation,pil_cop_continuation,,test,cold_start,200,0,200,evaluation/exp_ar_neg06_fixed6/baseline_h200_pil_cop_continuation/test.npz,cold_start_h200,25c5af7d9ab50e3740276c5a8e4870a1c5223c5ba89977ba26b8b195b3d449b3,,0236789bac3ddf4041e6ee847af16ba4ff3f96349862f7c870677d56e6f28a24,True,1000,102.99627789176344,34.170701154622,34.41278836857071,0.6548808068692429,67.48695227471427,1.313223541015759,known quoted arrival dates; overtaking allowed,d386363d49931df4aba662ef3d2017c9f8f32e0b0e8a1a91504049e016ac50ad,baseline,d386363d49931df4aba662ef3d2017c9f8f32e0b0e8a1a91504049e016ac50ad,0.6567396784790617,True,evaluation/exp_ar_neg06_fixed6/baseline_h200_pil_cop_continuation/test.json
unrestricted,exp_ar_neg06_fixed6,baseline_h200_pil_cop_continuation,pil_cop_continuation,,test,cold_start,500,0,200,evaluation/exp_ar_neg06_fixed6/baseline_h200_pil_cop_continuation/test.npz,cold_start_h500,25c5af7d9ab50e3740276c5a8e4870a1c5223c5ba89977ba26b8b195b3d449b3,,0236789bac3ddf4041e6ee847af16ba4ff3f96349862f7c870677d56e6f28a24,True,1000,101.17521618746983,34.72355989920118,33.225828144134326,0.6668486867213113,67.38324326956197,1.313223541015759,known quoted arrival dates; overtaking allowed,d386363d49931df4aba662ef3d2017c9f8f32e0b0e8a1a91504049e016ac50ad,baseline,d386363d49931df4aba662ef3d2017c9f8f32e0b0e8a1a91504049e016ac50ad,0.6675565055771795,True,evaluation/exp_ar_neg06_fixed6/baseline_h200_pil_cop_continuation/test.json
unrestricted,exp_ar_pos08_fixed6,baseline_h200_conditional_pil,conditional_pil,,test,steady,50,500,200,evaluation/exp_ar_pos08_fixed6/baseline_h200_conditional_pil/test.npz,steady_h50,4394eb6c96e3bfcbc157dbdefe32ce75aa0fd3fd3330af5e87c0b07cf91a11fa,,8b2fdbf0268d6637b444f3e4238785930dc68eefad22e0b4c3272bce9a7e3977,True,1000,163.05951597651037,25.91629064671099,68.57161266489969,0.322982559676036,32.70154608006822,1.3486748749855906,known quoted arrival dates; overtaking allowed,6a9164f68d9063e665d50cdcc9ec1b932b0e29c2240e169a9129790bb383b40e,baseline,6a9164f68d9063e665d50cdcc9ec1b932b0e29c2240e169a9129790bb383b40e,0.35609839853709013,True,evaluation/exp_ar_pos08_fixed6/baseline_h200_conditional_pil/test.json
unrestricted,exp_ar_pos08_fixed6,baseline_h200_conditional_pil,conditional_pil,,test,steady,100,500,200,evaluation/exp_ar_pos08_fixed6/baseline_h200_conditional_pil/test.npz,steady_h100,4394eb6c96e3bfcbc157dbdefe32ce75aa0fd3fd3330af5e87c0b07cf91a11fa,,8b2fdbf0268d6637b444f3e4238785930dc68eefad22e0b4c3272bce9a7e3977,True,1000,162.4022919864621,26.726364831251647,67.83796357760522,0.3241425916814396,32.52909115237996,1.3486748749855906,known quoted arrival dates; overtaking allowed,6a9164f68d9063e665d50cdcc9ec1b932b0e29c2240e169a9129790bb383b40e,baseline,6a9164f68d9063e665d50cdcc9ec1b932b0e29c2240e169a9129790bb383b40e,0.3419064231560499,True,evaluation/exp_ar_pos08_fixed6/baseline_h200_conditional_pil/test.json
unrestricted,exp_ar_pos08_fixed6,baseline_h200_conditional_pil,conditional_pil,,test,steady,200,500,200,evaluation/exp_ar_pos08_fixed6/baseline_h200_conditional_pil/test.npz,steady_h200,4394eb6c96e3bfcbc157dbdefe32ce75aa0fd3fd3330af5e87c0b07cf91a11fa,,8b2fdbf0268d6637b444f3e4238785930dc68eefad22e0b4c3272bce9a7e3977,True,1000,162.47453944886703,26.951942833947243,67.7612983074599,0.32418462371093926,32.49302380260424,1.3486748749855906,known quoted arrival dates; overtaking allowed,6a9164f68d9063e665d50cdcc9ec1b932b0e29c2240e169a9129790bb383b40e,baseline,6a9164f68d9063e665d50cdcc9ec1b932b0e29c2240e169a9129790bb383b40e,0.3332823844657471,True,evaluation/exp_ar_pos08_fixed6/baseline_h200_conditional_pil/test.json
unrestricted,exp_ar_pos08_fixed6,baseline_h200_conditional_pil,conditional_pil,,test,steady,500,500,200,evaluation/exp_ar_pos08_fixed6/baseline_h200_conditional_pil/test.npz,steady_h500,4394eb6c96e3bfcbc157dbdefe32ce75aa0fd3fd3330af5e87c0b07cf91a11fa,,8b2fdbf0268d6637b444f3e4238785930dc68eefad22e0b4c3272bce9a7e3977,True,1000,162.14147990042312,27.360899605295828,67.39029014756363,0.3247994005577073,32.41433558894737,1.3486748749855906,known quoted arrival dates; overtaking allowed,6a9164f68d9063e665d50cdcc9ec1b932b0e29c2240e169a9129790bb383b40e,baseline,6a9164f68d9063e665d50cdcc9ec1b932b0e29c2240e169a9129790bb383b40e,0.32841965003288576,True,evaluation/exp_ar_pos08_fixed6/baseline_h200_conditional_pil/test.json
unrestricted,exp_ar_pos08_fixed6,baseline_h200_conditional_pil,conditional_pil,,test,cold_start,50,0,200,evaluation/exp_ar_pos08_fixed6/baseline_h200_conditional_pil/test.npz,cold_start_h50,4394eb6c96e3bfcbc157dbdefe32ce75aa0fd3fd3330af5e87c0b07cf91a11fa,,8b2fdbf0268d6637b444f3e4238785930dc68eefad22e0b4c3272bce9a7e3977,True,1000,165.93039026781852,23.430401958030007,71.24999415489424,0.28893953786095716,33.38916688320327,1.3486748749855906,known quoted arrival dates; overtaking allowed,6a9164f68d9063e665d50cdcc9ec1b932b0e29c2240e169a9129790bb383b40e,baseline,6a9164f68d9063e665d50cdcc9ec1b932b0e29c2240e169a9129790bb383b40e,0.3198006007453798,True,evaluation/exp_ar_pos08_fixed6/baseline_h200_conditional_pil/test.json
unrestricted,exp_ar_pos08_fixed6,baseline_h200_conditional_pil,conditional_pil,,test,cold_start,100,0,200,evaluation/exp_ar_pos08_fixed6/baseline_h200_conditional_pil/test.npz,cold_start_h100,4394eb6c96e3bfcbc157dbdefe32ce75aa0fd3fd3330af5e87c0b07cf91a11fa,,8b2fdbf0268d6637b444f3e4238785930dc68eefad22e0b4c3272bce9a7e3977,True,1000,164.1285267892381,25.06175916590527,69.5333838116664,0.3065332930271846,32.94869720433047,1.3486748749855906,known quoted arrival dates; overtaking allowed,6a9164f68d9063e665d50cdcc9ec1b932b0e29c2240e169a9129790bb383b40e,baseline,6a9164f68d9063e665d50cdcc9ec1b932b0e29c2240e169a9129790bb383b40e,0.3228845523338701,True,evaluation/exp_ar_pos08_fixed6/baseline_h200_conditional_pil/test.json
unrestricted,exp_ar_pos08_fixed6,baseline_h200_conditional_pil,conditional_pil,,test,cold_start,200,0,200,evaluation/exp_ar_pos08_fixed6/baseline_h200_conditional_pil/test.npz,cold_start_h200,4394eb6c96e3bfcbc157dbdefe32ce75aa0fd3fd3330af5e87c0b07cf91a11fa,,8b2fdbf0268d6637b444f3e4238785930dc68eefad22e0b4c3272bce9a7e3977,True,1000,162.41724593078268,26.100293664615993,68.15847613308335,0.31648836500236777,32.66945185172573,1.3486748749855906,known quoted arrival dates; overtaking allowed,6a9164f68d9063e665d50cdcc9ec1b932b0e29c2240e169a9129790bb383b40e,baseline,6a9164f68d9063e665d50cdcc9ec1b932b0e29c2240e169a9129790bb383b40e,0.325234073055939,True,evaluation/exp_ar_pos08_fixed6/baseline_h200_conditional_pil/test.json
unrestricted,exp_ar_pos08_fixed6,baseline_h200_conditional_pil,conditional_pil,,test,cold_start,500,0,200,evaluation/exp_ar_pos08_fixed6/baseline_h200_conditional_pil/test.npz,cold_start_h500,4394eb6c96e3bfcbc157dbdefe32ce75aa0fd3fd3330af5e87c0b07cf91a11fa,,8b2fdbf0268d6637b444f3e4238785930dc68eefad22e0b4c3272bce9a7e3977,True,1000,162.38529535492754,26.475642442715625,67.95482645610596,0.32112069372347524,32.58922864465923,1.3486748749855906,known quoted arrival dates; overtaking allowed,6a9164f68d9063e665d50cdcc9ec1b932b0e29c2240e169a9129790bb383b40e,baseline,6a9164f68d9063e665d50cdcc9ec1b932b0e29c2240e169a9129790bb383b40e,0.32461734030778644,True,evaluation/exp_ar_pos08_fixed6/baseline_h200_conditional_pil/test.json
unrestricted,exp_ar_pos08_fixed6,baseline_h200_forecast_adaptive_pil,forecast_adaptive_pil,,test,steady,50,500,200,evaluation/exp_ar_pos08_fixed6/baseline_h200_forecast_adaptive_pil/test.npz,steady_h50,4394eb6c96e3bfcbc157dbdefe32ce75aa0fd3fd3330af5e87c0b07cf91a11fa,,dc5b371557ba00429afc1c01ad50b915da977e90b9c2ea27447feef7f3f160fa,True,1000,162.51993297815463,24.745395085585468,68.88726894628458,0.319866039598118,32.36830043974746,1.3387197498232126,known quoted arrival dates; overtaking allowed,cce8242619c7ac7038fd039f7d3ad1f707f9e2a5348a0647f34b50ec83f62951,baseline,cce8242619c7ac7038fd039f7d3ad1f707f9e2a5348a0647f34b50ec83f62951,0.3482462857752053,True,evaluation/exp_ar_pos08_fixed6/baseline_h200_forecast_adaptive_pil/test.json
unrestricted,exp_ar_pos08_fixed6,baseline_h200_forecast_adaptive_pil,forecast_adaptive_pil,,test,steady,100,500,200,evaluation/exp_ar_pos08_fixed6/baseline_h200_forecast_adaptive_pil/test.npz,steady_h100,4394eb6c96e3bfcbc157dbdefe32ce75aa0fd3fd3330af5e87c0b07cf91a11fa,,dc5b371557ba00429afc1c01ad50b915da977e90b9c2ea27447feef7f3f160fa,True,1000,161.70770090808267,25.369781079557097,68.16895991426279,0.3208449348170733,32.192365684804265,1.3387197498232126,known quoted arrival dates; overtaking allowed,cce8242619c7ac7038fd039f7d3ad1f707f9e2a5348a0647f34b50ec83f62951,baseline,cce8242619c7ac7038fd039f7d3ad1f707f9e2a5348a0647f34b50ec83f62951,0.3358186731509331,True,evaluation/exp_ar_pos08_fixed6/baseline_h200_forecast_adaptive_pil/test.json
unrestricted,exp_ar_pos08_fixed6,baseline_h200_forecast_adaptive_pil,forecast_adaptive_pil,,test,steady,200,500,200,evaluation/exp_ar_pos08_fixed6/baseline_h200_forecast_adaptive_pil/test.npz,steady_h200,4394eb6c96e3bfcbc157dbdefe32ce75aa0fd3fd3330af5e87c0b07cf91a11fa,,dc5b371557ba00429afc1c01ad50b915da977e90b9c2ea27447feef7f3f160fa,True,1000,161.81033978872654,25.623714481426077,68.09331265365023,0.320873288097417,32.155524874271094,1.3387197498232126,known quoted arrival dates; overtaking allowed,cce8242619c7ac7038fd039f7d3ad1f707f9e2a5348a0647f34b50ec83f62951,baseline,cce8242619c7ac7038fd039f7d3ad1f707f9e2a5348a0647f34b50ec83f62951,0.32847839204803136,True,evaluation/exp_ar_pos08_fixed6/baseline_h200_forecast_adaptive_pil/test.json
unrestricted,exp_ar_pos08_fixed6,baseline_h200_forecast_adaptive_pil,forecast_adaptive_pil,,test,steady,500,500,200,evaluation/exp_ar_pos08_fixed6/baseline_h200_forecast_adaptive_pil/test.npz,steady_h500,4394eb6c96e3bfcbc157dbdefe32ce75aa0fd3fd3330af5e87c0b07cf91a11fa,,dc5b371557ba00429afc1c01ad50b915da977e90b9c2ea27447feef7f3f160fa,True,1000,161.44540336404606,25.972530023213547,67.73643667041625,0.32133126977487225,32.06647874359437,1.3387197498232126,known quoted arrival dates; overtaking allowed,cce8242619c7ac7038fd039f7d3ad1f707f9e2a5348a0647f34b50ec83f62951,baseline,cce8242619c7ac7038fd039f7d3ad1f707f9e2a5348a0647f34b50ec83f62951,0.3243472850719175,True,evaluation/exp_ar_pos08_fixed6/baseline_h200_forecast_adaptive_pil/test.json
unrestricted,exp_ar_pos08_fixed6,baseline_h200_forecast_adaptive_pil,forecast_adaptive_pil,,test,cold_start,50,0,200,evaluation/exp_ar_pos08_fixed6/baseline_h200_forecast_adaptive_pil/test.npz,cold_start_h50,4394eb6c96e3bfcbc157dbdefe32ce75aa0fd3fd3330af5e87c0b07cf91a11fa,,dc5b371557ba00429afc1c01ad50b915da977e90b9c2ea27447feef7f3f160fa,True,1000,165.32366464313913,22.089556019215426,71.61705431196185,0.28527635208791813,32.96221440154936,1.3387197498232126,known quoted arrival dates; overtaking allowed,cce8242619c7ac7038fd039f7d3ad1f707f9e2a5348a0647f34b50ec83f62951,baseline,cce8242619c7ac7038fd039f7d3ad1f707f9e2a5348a0647f34b50ec83f62951,0.31080409769373657,True,evaluation/exp_ar_pos08_fixed6/baseline_h200_forecast_adaptive_pil/test.json
unrestricted,exp_ar_pos08_fixed6,baseline_h200_forecast_adaptive_pil,forecast_adaptive_pil,,test,cold_start,100,0,200,evaluation/exp_ar_pos08_fixed6/baseline_h200_forecast_adaptive_pil/test.npz,cold_start_h100,4394eb6c96e3bfcbc157dbdefe32ce75aa0fd3fd3330af5e87c0b07cf91a11fa,,dc5b371557ba00429afc1c01ad50b915da977e90b9c2ea27447feef7f3f160fa,True,1000,163.5540955200927,23.77820369477419,69.88794591265925,0.3029971928244554,32.56124872495423,1.3387197498232126,known quoted arrival dates; overtaking allowed,cce8242619c7ac7038fd039f7d3ad1f707f9e2a5348a0647f34b50ec83f62951,baseline,cce8242619c7ac7038fd039f7d3ad1f707f9e2a5348a0647f34b50ec83f62951,0.31652584304638426,True,evaluation/exp_ar_pos08_fixed6/baseline_h200_forecast_adaptive_pil/test.json
unrestricted,exp_ar_pos08_fixed6,baseline_h200_forecast_adaptive_pil,forecast_adaptive_pil,,test,cold_start,200,0,200,evaluation/exp_ar_pos08_fixed6/baseline_h200_forecast_adaptive_pil/test.npz,cold_start_h200,4394eb6c96e3bfcbc157dbdefe32ce75aa0fd3fd3330af5e87c0b07cf91a11fa,,dc5b371557ba00429afc1c01ad50b915da977e90b9c2ea27447feef7f3f160fa,True,1000,161.793616976742,24.74560429104404,68.52400634284899,0.31282272918577325,32.2820108444846,1.3387197498232126,known quoted arrival dates; overtaking allowed,cce8242619c7ac7038fd039f7d3ad1f707f9e2a5348a0647f34b50ec83f62951,baseline,cce8242619c7ac7038fd039f7d3ad1f707f9e2a5348a0647f34b50ec83f62951,0.3200941986389105,True,evaluation/exp_ar_pos08_fixed6/baseline_h200_forecast_adaptive_pil/test.json
unrestricted,exp_ar_pos08_fixed6,baseline_h200_forecast_adaptive_pil,forecast_adaptive_pil,,test,cold_start,500,0,200,evaluation/exp_ar_pos08_fixed6/baseline_h200_forecast_adaptive_pil/test.npz,cold_start_h500,4394eb6c96e3bfcbc157dbdefe32ce75aa0fd3fd3330af5e87c0b07cf91a11fa,,dc5b371557ba00429afc1c01ad50b915da977e90b9c2ea27447feef7f3f160fa,True,1000,161.72956780901302,25.12060527593019,68.30448126654142,0.3176275876775347,32.23350838477625,1.3387197498232126,known quoted arrival dates; overtaking allowed,cce8242619c7ac7038fd039f7d3ad1f707f9e2a5348a0647f34b50ec83f62951,baseline,cce8242619c7ac7038fd039f7d3ad1f707f9e2a5348a0647f34b50ec83f62951,0.3205351928397982,True,evaluation/exp_ar_pos08_fixed6/baseline_h200_forecast_adaptive_pil/test.json
unrestricted,exp_ar_pos08_fixed6,baseline_h200_pil_cop_continuation,pil_cop_continuation,,test,steady,50,500,200,evaluation/exp_ar_pos08_fixed6/baseline_h200_pil_cop_continuation/test.npz,steady_h50,4394eb6c96e3bfcbc157dbdefe32ce75aa0fd3fd3330af5e87c0b07cf91a11fa,,0eaa4646e6226660c00f732dae2e01218cb5c96e8c45bcebe208378a676e36f8,True,1000,163.05951597651037,25.91629064671099,68.57161266489969,0.322982559676036,32.70154608006822,1.3256365000270307,known quoted arrival dates; overtaking allowed,6a9164f68d9063e665d50cdcc9ec1b932b0e29c2240e169a9129790bb383b40e,baseline,6a9164f68d9063e665d50cdcc9ec1b932b0e29c2240e169a9129790bb383b40e,0.35609839853709013,True,evaluation/exp_ar_pos08_fixed6/baseline_h200_pil_cop_continuation/test.json
unrestricted,exp_ar_pos08_fixed6,baseline_h200_pil_cop_continuation,pil_cop_continuation,,test,steady,100,500,200,evaluation/exp_ar_pos08_fixed6/baseline_h200_pil_cop_continuation/test.npz,steady_h100,4394eb6c96e3bfcbc157dbdefe32ce75aa0fd3fd3330af5e87c0b07cf91a11fa,,0eaa4646e6226660c00f732dae2e01218cb5c96e8c45bcebe208378a676e36f8,True,1000,162.4022919864621,26.726364831251647,67.83796357760522,0.3241425916814396,32.52909115237996,1.3256365000270307,known quoted arrival dates; overtaking allowed,6a9164f68d9063e665d50cdcc9ec1b932b0e29c2240e169a9129790bb383b40e,baseline,6a9164f68d9063e665d50cdcc9ec1b932b0e29c2240e169a9129790bb383b40e,0.3419064231560499,True,evaluation/exp_ar_pos08_fixed6/baseline_h200_pil_cop_continuation/test.json
unrestricted,exp_ar_pos08_fixed6,baseline_h200_pil_cop_continuation,pil_cop_continuation,,test,steady,200,500,200,evaluation/exp_ar_pos08_fixed6/baseline_h200_pil_cop_continuation/test.npz,steady_h200,4394eb6c96e3bfcbc157dbdefe32ce75aa0fd3fd3330af5e87c0b07cf91a11fa,,0eaa4646e6226660c00f732dae2e01218cb5c96e8c45bcebe208378a676e36f8,True,1000,162.47453944886703,26.951942833947243,67.7612983074599,0.32418462371093926,32.49302380260424,1.3256365000270307,known quoted arrival dates; overtaking allowed,6a9164f68d9063e665d50cdcc9ec1b932b0e29c2240e169a9129790bb383b40e,baseline,6a9164f68d9063e665d50cdcc9ec1b932b0e29c2240e169a9129790bb383b40e,0.3332823844657471,True,evaluation/exp_ar_pos08_fixed6/baseline_h200_pil_cop_continuation/test.json
unrestricted,exp_ar_pos08_fixed6,baseline_h200_pil_cop_continuation,pil_cop_continuation,,test,steady,500,500,200,evaluation/exp_ar_pos08_fixed6/baseline_h200_pil_cop_continuation/test.npz,steady_h500,4394eb6c96e3bfcbc157dbdefe32ce75aa0fd3fd3330af5e87c0b07cf91a11fa,,0eaa4646e6226660c00f732dae2e01218cb5c96e8c45bcebe208378a676e36f8,True,1000,162.14147990042312,27.360899605295828,67.39029014756363,0.3247994005577073,32.41433558894737,1.3256365000270307,known quoted arrival dates; overtaking allowed,6a9164f68d9063e665d50cdcc9ec1b932b0e29c2240e169a9129790bb383b40e,baseline,6a9164f68d9063e665d50cdcc9ec1b932b0e29c2240e169a9129790bb383b40e,0.32841965003288576,True,evaluation/exp_ar_pos08_fixed6/baseline_h200_pil_cop_continuation/test.json
unrestricted,exp_ar_pos08_fixed6,baseline_h200_pil_cop_continuation,pil_cop_continuation,,test,cold_start,50,0,200,evaluation/exp_ar_pos08_fixed6/baseline_h200_pil_cop_continuation/test.npz,cold_start_h50,4394eb6c96e3bfcbc157dbdefe32ce75aa0fd3fd3330af5e87c0b07cf91a11fa,,0eaa4646e6226660c00f732dae2e01218cb5c96e8c45bcebe208378a676e36f8,True,1000,165.93039026781852,23.430401958030007,71.24999415489424,0.28893953786095716,33.38916688320327,1.3256365000270307,known quoted arrival dates; overtaking allowed,6a9164f68d9063e665d50cdcc9ec1b932b0e29c2240e169a9129790bb383b40e,baseline,6a9164f68d9063e665d50cdcc9ec1b932b0e29c2240e169a9129790bb383b40e,0.3198006007453798,True,evaluation/exp_ar_pos08_fixed6/baseline_h200_pil_cop_continuation/test.json
unrestricted,exp_ar_pos08_fixed6,baseline_h200_pil_cop_continuation,pil_cop_continuation,,test,cold_start,100,0,200,evaluation/exp_ar_pos08_fixed6/baseline_h200_pil_cop_continuation/test.npz,cold_start_h100,4394eb6c96e3bfcbc157dbdefe32ce75aa0fd3fd3330af5e87c0b07cf91a11fa,,0eaa4646e6226660c00f732dae2e01218cb5c96e8c45bcebe208378a676e36f8,True,1000,164.1285267892381,25.06175916590527,69.5333838116664,0.3065332930271846,32.94869720433047,1.3256365000270307,known quoted arrival dates; overtaking allowed,6a9164f68d9063e665d50cdcc9ec1b932b0e29c2240e169a9129790bb383b40e,baseline,6a9164f68d9063e665d50cdcc9ec1b932b0e29c2240e169a9129790bb383b40e,0.3228845523338701,True,evaluation/exp_ar_pos08_fixed6/baseline_h200_pil_cop_continuation/test.json
unrestricted,exp_ar_pos08_fixed6,baseline_h200_pil_cop_continuation,pil_cop_continuation,,test,cold_start,200,0,200,evaluation/exp_ar_pos08_fixed6/baseline_h200_pil_cop_continuation/test.npz,cold_start_h200,4394eb6c96e3bfcbc157dbdefe32ce75aa0fd3fd3330af5e87c0b07cf91a11fa,,0eaa4646e6226660c00f732dae2e01218cb5c96e8c45bcebe208378a676e36f8,True,1000,162.41724593078268,26.100293664615993,68.15847613308335,0.31648836500236777,32.66945185172573,1.3256365000270307,known quoted arrival dates; overtaking allowed,6a9164f68d9063e665d50cdcc9ec1b932b0e29c2240e169a9129790bb383b40e,baseline,6a9164f68d9063e665d50cdcc9ec1b932b0e29c2240e169a9129790bb383b40e,0.325234073055939,True,evaluation/exp_ar_pos08_fixed6/baseline_h200_pil_cop_continuation/test.json
unrestricted,exp_ar_pos08_fixed6,baseline_h200_pil_cop_continuation,pil_cop_continuation,,test,cold_start,500,0,200,evaluation/exp_ar_pos08_fixed6/baseline_h200_pil_cop_continuation/test.npz,cold_start_h500,4394eb6c96e3bfcbc157dbdefe32ce75aa0fd3fd3330af5e87c0b07cf91a11fa,,0eaa4646e6226660c00f732dae2e01218cb5c96e8c45bcebe208378a676e36f8,True,1000,162.38529535492754,26.475642442715625,67.95482645610596,0.32112069372347524,32.58922864465923,1.3256365000270307,known quoted arrival dates; overtaking allowed,6a9164f68d9063e665d50cdcc9ec1b932b0e29c2240e169a9129790bb383b40e,baseline,6a9164f68d9063e665d50cdcc9ec1b932b0e29c2240e169a9129790bb383b40e,0.32461734030778644,True,evaluation/exp_ar_pos08_fixed6/baseline_h200_pil_cop_continuation/test.json
unrestricted,exp_iid_fixed6,baseline_h200_conditional_pil,conditional_pil,,test,steady,50,500,200,evaluation/exp_iid_fixed6/baseline_h200_conditional_pil/test.npz,steady_h50,cc7fff86d4386c1514b070b2e12b0e98fd39e011008abadb61955785019bc782,,8573ebdb8cab7464c86b5316023abfc8a9fe15f3f9e132b8ac4c65e0378fe13e,True,1000,123.34309708082888,38.777829827494664,42.28263362666712,0.5778439104383508,57.86955094443435,0.9797464578878134,known quoted arrival dates; overtaking allowed,93ffdaafe051ac988f90903b7db11148af7daa5cebb5d59d8328b26a790ec8d2,baseline,93ffdaafe051ac988f90903b7db11148af7daa5cebb5d59d8328b26a790ec8d2,0.5882387749544561,True,evaluation/exp_iid_fixed6/baseline_h200_conditional_pil/test.json
unrestricted,exp_iid_fixed6,baseline_h200_conditional_pil,conditional_pil,,test,steady,100,500,200,evaluation/exp_iid_fixed6/baseline_h200_conditional_pil/test.npz,steady_h100,cc7fff86d4386c1514b070b2e12b0e98fd39e011008abadb61955785019bc782,,8573ebdb8cab7464c86b5316023abfc8a9fe15f3f9e132b8ac4c65e0378fe13e,True,1000,123.62369713351934,39.097454306192446,42.26312141366345,0.5778586203954903,57.84740668047892,0.9797464578878134,known quoted arrival dates; overtaking allowed,93ffdaafe051ac988f90903b7db11148af7daa5cebb5d59d8328b26a790ec8d2,baseline,93ffdaafe051ac988f90903b7db11148af7daa5cebb5d59d8328b26a790ec8d2,0.5833978601012895,True,evaluation/exp_iid_fixed6/baseline_h200_conditional_pil/test.json
unrestricted,exp_iid_fixed6,baseline_h200_conditional_pil,conditional_pil,,test,steady,200,500,200,evaluation/exp_iid_fixed6/baseline_h200_conditional_pil/test.npz,steady_h200,cc7fff86d4386c1514b070b2e12b0e98fd39e011008abadb61955785019bc782,,8573ebdb8cab7464c86b5316023abfc8a9fe15f3f9e132b8ac4c65e0378fe13e,True,1000,123.48107258002206,39.249682503341376,42.11569503834035,0.5785845532527736,57.83282226898754,0.9797464578878134,known quoted arrival dates; overtaking allowed,93ffdaafe051ac988f90903b7db11148af7daa5cebb5d59d8328b26a790ec8d2,baseline,93ffdaafe051ac988f90903b7db11148af7daa5cebb5d59d8328b26a790ec8d2,0.5812267928733008,True,evaluation/exp_iid_fixed6/baseline_h200_conditional_pil/test.json
unrestricted,exp_iid_fixed6,baseline_h200_conditional_pil,conditional_pil,,test,steady,500,500,200,evaluation/exp_iid_fixed6/baseline_h200_conditional_pil/test.npz,steady_h500,cc7fff86d4386c1514b070b2e12b0e98fd39e011008abadb61955785019bc782,,8573ebdb8cab7464c86b5316023abfc8a9fe15f3f9e132b8ac4c65e0378fe13e,True,1000,123.59052360477737,39.16735885728734,42.211582373745024,0.5781032078424462,57.83937034784613,0.9797464578878134,known quoted arrival dates; overtaking allowed,93ffdaafe051ac988f90903b7db11148af7daa5cebb5d59d8328b26a790ec8d2,baseline,93ffdaafe051ac988f90903b7db11148af7daa5cebb5d59d8328b26a790ec8d2,0.579090070182726,True,evaluation/exp_iid_fixed6/baseline_h200_conditional_pil/test.json
unrestricted,exp_iid_fixed6,baseline_h200_conditional_pil,conditional_pil,,test,cold_start,50,0,200,evaluation/exp_iid_fixed6/baseline_h200_conditional_pil/test.npz,cold_start_h50,cc7fff86d4386c1514b070b2e12b0e98fd39e011008abadb61955785019bc782,,8573ebdb8cab7464c86b5316023abfc8a9fe15f3f9e132b8ac4c65e0378fe13e,True,1000,132.30595214712463,34.18109195085355,49.06243009813554,0.5101970587734173,58.83189425255088,0.9797464578878134,known quoted arrival dates; overtaking allowed,93ffdaafe051ac988f90903b7db11148af7daa5cebb5d59d8328b26a790ec8d2,baseline,93ffdaafe051ac988f90903b7db11148af7daa5cebb5d59d8328b26a790ec8d2,0.5187040656313323,True,evaluation/exp_iid_fixed6/baseline_h200_conditional_pil/test.json
unrestricted,exp_iid_fixed6,baseline_h200_conditional_pil,conditional_pil,,test,cold_start,100,0,200,evaluation/exp_iid_fixed6/baseline_h200_conditional_pil/test.npz,cold_start_h100,cc7fff86d4386c1514b070b2e12b0e98fd39e011008abadb61955785019bc782,,8573ebdb8cab7464c86b5316023abfc8a9fe15f3f9e132b8ac4c65e0378fe13e,True,1000,127.57228005077839,36.49869507005363,45.53679249036239,0.5446919492832334,58.354354136917884,0.9797464578878134,known quoted arrival dates; overtaking allowed,93ffdaafe051ac988f90903b7db11148af7daa5cebb5d59d8328b26a790ec8d2,baseline,93ffdaafe051ac988f90903b7db11148af7daa5cebb5d59d8328b26a790ec8d2,0.5497345722264142,True,evaluation/exp_iid_fixed6/baseline_h200_conditional_pil/test.json
unrestricted,exp_iid_fixed6,baseline_h200_conditional_pil,conditional_pil,,test,cold_start,200,0,200,evaluation/exp_iid_fixed6/baseline_h200_conditional_pil/test.npz,cold_start_h200,cc7fff86d4386c1514b070b2e12b0e98fd39e011008abadb61955785019bc782,,8573ebdb8cab7464c86b5316023abfc8a9fe15f3f9e132b8ac4c65e0378fe13e,True,1000,125.45735385381028,37.90738991693373,43.77498196843829,0.5620578393284045,58.09281823079096,0.9797464578878134,known quoted arrival dates; overtaking allowed,93ffdaafe051ac988f90903b7db11148af7daa5cebb5d59d8328b26a790ec8d2,baseline,93ffdaafe051ac988f90903b7db11148af7daa5cebb5d59d8328b26a790ec8d2,0.5646463659590177,True,evaluation/exp_iid_fixed6/baseline_h200_conditional_pil/test.json
unrestricted,exp_iid_fixed6,baseline_h200_conditional_pil,conditional_pil,,test,cold_start,500,0,200,evaluation/exp_iid_fixed6/baseline_h200_conditional_pil/test.npz,cold_start_h500,cc7fff86d4386c1514b070b2e12b0e98fd39e011008abadb61955785019bc782,,8573ebdb8cab7464c86b5316023abfc8a9fe15f3f9e132b8ac4c65e0378fe13e,True,1000,124.20147391044411,38.818797129436234,42.691338390503944,0.5724369064116044,57.92771671572977,0.9797464578878134,known quoted arrival dates; overtaking allowed,93ffdaafe051ac988f90903b7db11148af7daa5cebb5d59d8328b26a790ec8d2,baseline,93ffdaafe051ac988f90903b7db11148af7daa5cebb5d59d8328b26a790ec8d2,0.5735422061267902,True,evaluation/exp_iid_fixed6/baseline_h200_conditional_pil/test.json
unrestricted,exp_iid_fixed6,baseline_h200_forecast_adaptive_pil,forecast_adaptive_pil,,test,steady,50,500,200,evaluation/exp_iid_fixed6/baseline_h200_forecast_adaptive_pil/test.npz,steady_h50,cc7fff86d4386c1514b070b2e12b0e98fd39e011008abadb61955785019bc782,,4f2d75087adbe5d832435d26e083aebf508e8d304908493d91812a5a8b7474a2,True,1000,123.5314890177921,39.57438612283981,41.97855144747615,0.5808799120461523,58.166299075164524,0.9890759999398142,known quoted arrival dates; overtaking allowed,57310e46b0145bf1079f5fff6be5e72b84691829a9ad00cf2e720a587d606088,baseline,57310e46b0145bf1079f5fff6be5e72b84691829a9ad00cf2e720a587d606088,0.5916287789257716,True,evaluation/exp_iid_fixed6/baseline_h200_forecast_adaptive_pil/test.json
unrestricted,exp_iid_fixed6,baseline_h200_forecast_adaptive_pil,forecast_adaptive_pil,,test,steady,100,500,200,evaluation/exp_iid_fixed6/baseline_h200_forecast_adaptive_pil/test.npz,steady_h100,cc7fff86d4386c1514b070b2e12b0e98fd39e011008abadb61955785019bc782,,4f2d75087adbe5d832435d26e083aebf508e8d304908493d91812a5a8b7474a2,True,1000,123.76633763846297,39.859133600751875,41.95360201885555,0.5809502269774953,58.1559175779426,0.9890759999398142,known quoted arrival dates; overtaking allowed,57310e46b0145bf1079f5fff6be5e72b84691829a9ad00cf2e720a587d606088,baseline,57310e46b0145bf1079f5fff6be5e72b84691829a9ad00cf2e720a587d606088,0.5866965203498926,True,evaluation/exp_iid_fixed6/baseline_h200_forecast_adaptive_pil/test.json
unrestricted,exp_iid_fixed6,baseline_h200_forecast_adaptive_pil,forecast_adaptive_pil,,test,steady,200,500,200,evaluation/exp_iid_fixed6/baseline_h200_forecast_adaptive_pil/test.npz,steady_h200,cc7fff86d4386c1514b070b2e12b0e98fd39e011008abadb61955785019bc782,,4f2d75087adbe5d832435d26e083aebf508e8d304908493d91812a5a8b7474a2,True,1000,123.64475659144759,40.04010734976716,41.80232462084022,0.5817201808226845,58.1447501181357,0.9890759999398142,known quoted arrival dates; overtaking allowed,57310e46b0145bf1079f5fff6be5e72b84691829a9ad00cf2e720a587d606088,baseline,57310e46b0145bf1079f5fff6be5e72b84691829a9ad00cf2e720a587d606088,0.5844584537265507,True,evaluation/exp_iid_fixed6/baseline_h200_forecast_adaptive_pil/test.json
unrestricted,exp_iid_fixed6,baseline_h200_forecast_adaptive_pil,forecast_adaptive_pil,,test,steady,500,500,200,evaluation/exp_iid_fixed6/baseline_h200_forecast_adaptive_pil/test.npz,steady_h500,cc7fff86d4386c1514b070b2e12b0e98fd39e011008abadb61955785019bc782,,4f2d75087adbe5d832435d26e083aebf508e8d304908493d91812a5a8b7474a2,True,1000,123.73704093285677,39.93885705466,41.899091939098405,0.5812264907080357,58.14957256081906,0.9890759999398142,known quoted arrival dates; overtaking allowed,57310e46b0145bf1079f5fff6be5e72b84691829a9ad00cf2e720a587d606088,baseline,57310e46b0145bf1079f5fff6be5e72b84691829a9ad00cf2e720a587d606088,0.5822525691249548,True,evaluation/exp_iid_fixed6/baseline_h200_forecast_adaptive_pil/test.json
unrestricted,exp_iid_fixed6,baseline_h200_forecast_adaptive_pil,forecast_adaptive_pil,,test,cold_start,50,0,200,evaluation/exp_iid_fixed6/baseline_h200_forecast_adaptive_pil/test.npz,cold_start_h50,cc7fff86d4386c1514b070b2e12b0e98fd39e011008abadb61955785019bc782,,4f2d75087adbe5d832435d26e083aebf508e8d304908493d91812a5a8b7474a2,True,1000,132.2894461293466,33.382812552848094,49.45331678824926,0.5062947357510748,58.491115210476465,0.9890759999398142,known quoted arrival dates; overtaking allowed,57310e46b0145bf1079f5fff6be5e72b84691829a9ad00cf2e720a587d606088,baseline,57310e46b0145bf1079f5fff6be5e72b84691829a9ad00cf2e720a587d606088,0.5150205381334869,True,evaluation/exp_iid_fixed6/baseline_h200_forecast_adaptive_pil/test.json
unrestricted,exp_iid_fixed6,baseline_h200_forecast_adaptive_pil,forecast_adaptive_pil,,test,cold_start,100,0,200,evaluation/exp_iid_fixed6/baseline_h200_forecast_adaptive_pil/test.npz,cold_start_h100,cc7fff86d4386c1514b070b2e12b0e98fd39e011008abadb61955785019bc782,,4f2d75087adbe5d832435d26e083aebf508e8d304908493d91812a5a8b7474a2,True,1000,127.6272300530386,36.45859769018255,45.58431618142802,0.5442167748592434,58.333094991079754,0.9890759999398142,known quoted arrival dates; overtaking allowed,57310e46b0145bf1079f5fff6be5e72b84691829a9ad00cf2e720a587d606088,baseline,57310e46b0145bf1079f5fff6be5e72b84691829a9ad00cf2e720a587d606088,0.5494311073454274,True,evaluation/exp_iid_fixed6/baseline_h200_forecast_adaptive_pil/test.json
unrestricted,exp_iid_fixed6,baseline_h200_forecast_adaptive_pil,forecast_adaptive_pil,,test,cold_start,200,0,200,evaluation/exp_iid_fixed6/baseline_h200_forecast_adaptive_pil/test.npz,cold_start_h200,cc7fff86d4386c1514b070b2e12b0e98fd39e011008abadb61955785019bc782,,4f2d75087adbe5d832435d26e083aebf508e8d304908493d91812a5a8b7474a2,True,1000,125.53683885554503,38.257090243317045,43.63987430611399,0.5634095095953221,58.239038992814585,0.9890759999398142,known quoted arrival dates; overtaking allowed,57310e46b0145bf1079f5fff6be5e72b84691829a9ad00cf2e720a587d606088,baseline,57310e46b0145bf1079f5fff6be5e72b84691829a9ad00cf2e720a587d606088,0.566100384371866,True,evaluation/exp_iid_fixed6/baseline_h200_forecast_adaptive_pil/test.json
unrestricted,exp_iid_fixed6,baseline_h200_forecast_adaptive_pil,forecast_adaptive_pil,,test,cold_start,500,0,200,evaluation/exp_iid_fixed6/baseline_h200_forecast_adaptive_pil/test.npz,cold_start_h500,cc7fff86d4386c1514b070b2e12b0e98fd39e011008abadb61955785019bc782,,4f2d75087adbe5d832435d26e083aebf508e8d304908493d91812a5a8b7474a2,True,1000,124.3062761082149,39.41456876269163,42.44585367276164,0.5748954895646197,58.179175276768746,0.9890759999398142,known quoted arrival dates; overtaking allowed,57310e46b0145bf1079f5fff6be5e72b84691829a9ad00cf2e720a587d606088,baseline,57310e46b0145bf1079f5fff6be5e72b84691829a9ad00cf2e720a587d606088,0.5760449207007403,True,evaluation/exp_iid_fixed6/baseline_h200_forecast_adaptive_pil/test.json
unrestricted,exp_iid_fixed6,baseline_h200_pil_cop_continuation,pil_cop_continuation,,test,steady,50,500,200,evaluation/exp_iid_fixed6/baseline_h200_pil_cop_continuation/test.npz,steady_h50,cc7fff86d4386c1514b070b2e12b0e98fd39e011008abadb61955785019bc782,,1030362c6bde4d7ca247c72f99699581f697b50dc4601506a9e42940ffd78e39,True,1000,123.34309708082888,38.777829827494664,42.28263362666712,0.5778439104383508,57.86955094443435,0.9773560001049191,known quoted arrival dates; overtaking allowed,93ffdaafe051ac988f90903b7db11148af7daa5cebb5d59d8328b26a790ec8d2,baseline,93ffdaafe051ac988f90903b7db11148af7daa5cebb5d59d8328b26a790ec8d2,0.5882387749544561,True,evaluation/exp_iid_fixed6/baseline_h200_pil_cop_continuation/test.json
unrestricted,exp_iid_fixed6,baseline_h200_pil_cop_continuation,pil_cop_continuation,,test,steady,100,500,200,evaluation/exp_iid_fixed6/baseline_h200_pil_cop_continuation/test.npz,steady_h100,cc7fff86d4386c1514b070b2e12b0e98fd39e011008abadb61955785019bc782,,1030362c6bde4d7ca247c72f99699581f697b50dc4601506a9e42940ffd78e39,True,1000,123.62369713351934,39.097454306192446,42.26312141366345,0.5778586203954903,57.84740668047892,0.9773560001049191,known quoted arrival dates; overtaking allowed,93ffdaafe051ac988f90903b7db11148af7daa5cebb5d59d8328b26a790ec8d2,baseline,93ffdaafe051ac988f90903b7db11148af7daa5cebb5d59d8328b26a790ec8d2,0.5833978601012895,True,evaluation/exp_iid_fixed6/baseline_h200_pil_cop_continuation/test.json
unrestricted,exp_iid_fixed6,baseline_h200_pil_cop_continuation,pil_cop_continuation,,test,steady,200,500,200,evaluation/exp_iid_fixed6/baseline_h200_pil_cop_continuation/test.npz,steady_h200,cc7fff86d4386c1514b070b2e12b0e98fd39e011008abadb61955785019bc782,,1030362c6bde4d7ca247c72f99699581f697b50dc4601506a9e42940ffd78e39,True,1000,123.48107258002206,39.249682503341376,42.11569503834035,0.5785845532527736,57.83282226898754,0.9773560001049191,known quoted arrival dates; overtaking allowed,93ffdaafe051ac988f90903b7db11148af7daa5cebb5d59d8328b26a790ec8d2,baseline,93ffdaafe051ac988f90903b7db11148af7daa5cebb5d59d8328b26a790ec8d2,0.5812267928733008,True,evaluation/exp_iid_fixed6/baseline_h200_pil_cop_continuation/test.json
unrestricted,exp_iid_fixed6,baseline_h200_pil_cop_continuation,pil_cop_continuation,,test,steady,500,500,200,evaluation/exp_iid_fixed6/baseline_h200_pil_cop_continuation/test.npz,steady_h500,cc7fff86d4386c1514b070b2e12b0e98fd39e011008abadb61955785019bc782,,1030362c6bde4d7ca247c72f99699581f697b50dc4601506a9e42940ffd78e39,True,1000,123.59052360477737,39.16735885728734,42.211582373745024,0.5781032078424462,57.83937034784613,0.9773560001049191,known quoted arrival dates; overtaking allowed,93ffdaafe051ac988f90903b7db11148af7daa5cebb5d59d8328b26a790ec8d2,baseline,93ffdaafe051ac988f90903b7db11148af7daa5cebb5d59d8328b26a790ec8d2,0.579090070182726,True,evaluation/exp_iid_fixed6/baseline_h200_pil_cop_continuation/test.json
unrestricted,exp_iid_fixed6,baseline_h200_pil_cop_continuation,pil_cop_continuation,,test,cold_start,50,0,200,evaluation/exp_iid_fixed6/baseline_h200_pil_cop_continuation/test.npz,cold_start_h50,cc7fff86d4386c1514b070b2e12b0e98fd39e011008abadb61955785019bc782,,1030362c6bde4d7ca247c72f99699581f697b50dc4601506a9e42940ffd78e39,True,1000,132.30595214712463,34.18109195085355,49.06243009813554,0.5101970587734173,58.83189425255088,0.9773560001049191,known quoted arrival dates; overtaking allowed,93ffdaafe051ac988f90903b7db11148af7daa5cebb5d59d8328b26a790ec8d2,baseline,93ffdaafe051ac988f90903b7db11148af7daa5cebb5d59d8328b26a790ec8d2,0.5187040656313323,True,evaluation/exp_iid_fixed6/baseline_h200_pil_cop_continuation/test.json
unrestricted,exp_iid_fixed6,baseline_h200_pil_cop_continuation,pil_cop_continuation,,test,cold_start,100,0,200,evaluation/exp_iid_fixed6/baseline_h200_pil_cop_continuation/test.npz,cold_start_h100,cc7fff86d4386c1514b070b2e12b0e98fd39e011008abadb61955785019bc782,,1030362c6bde4d7ca247c72f99699581f697b50dc4601506a9e42940ffd78e39,True,1000,127.57228005077839,36.49869507005363,45.53679249036239,0.5446919492832334,58.354354136917884,0.9773560001049191,known quoted arrival dates; overtaking allowed,93ffdaafe051ac988f90903b7db11148af7daa5cebb5d59d8328b26a790ec8d2,baseline,93ffdaafe051ac988f90903b7db11148af7daa5cebb5d59d8328b26a790ec8d2,0.5497345722264142,True,evaluation/exp_iid_fixed6/baseline_h200_pil_cop_continuation/test.json
unrestricted,exp_iid_fixed6,baseline_h200_pil_cop_continuation,pil_cop_continuation,,test,cold_start,200,0,200,evaluation/exp_iid_fixed6/baseline_h200_pil_cop_continuation/test.npz,cold_start_h200,cc7fff86d4386c1514b070b2e12b0e98fd39e011008abadb61955785019bc782,,1030362c6bde4d7ca247c72f99699581f697b50dc4601506a9e42940ffd78e39,True,1000,125.45735385381028,37.90738991693373,43.77498196843829,0.5620578393284045,58.09281823079096,0.9773560001049191,known quoted arrival dates; overtaking allowed,93ffdaafe051ac988f90903b7db11148af7daa5cebb5d59d8328b26a790ec8d2,baseline,93ffdaafe051ac988f90903b7db11148af7daa5cebb5d59d8328b26a790ec8d2,0.5646463659590177,True,evaluation/exp_iid_fixed6/baseline_h200_pil_cop_continuation/test.json
unrestricted,exp_iid_fixed6,baseline_h200_pil_cop_continuation,pil_cop_continuation,,test,cold_start,500,0,200,evaluation/exp_iid_fixed6/baseline_h200_pil_cop_continuation/test.npz,cold_start_h500,cc7fff86d4386c1514b070b2e12b0e98fd39e011008abadb61955785019bc782,,1030362c6bde4d7ca247c72f99699581f697b50dc4601506a9e42940ffd78e39,True,1000,124.20147391044411,38.818797129436234,42.691338390503944,0.5724369064116044,57.92771671572977,0.9773560001049191,known quoted arrival dates; overtaking allowed,93ffdaafe051ac988f90903b7db11148af7daa5cebb5d59d8328b26a790ec8d2,baseline,93ffdaafe051ac988f90903b7db11148af7daa5cebb5d59d8328b26a790ec8d2,0.5735422061267902,True,evaluation/exp_iid_fixed6/baseline_h200_pil_cop_continuation/test.json
unrestricted,exp_iid_random3_9,baseline_h200_conditional_pil,conditional_pil,,test,steady,50,500,200,evaluation/exp_iid_random3_9/baseline_h200_conditional_pil/test.npz,steady_h50,8b04251a10d91ba3d3c15d77990badf9f9b94e8a3e1d0c3cd51c8ace0a33509a,,4c275060cd6b34411d8b4c6e7b509a99ccffa8276146162dc77b080e14540b2b,True,1000,132.19544439691327,39.46165081928825,46.366896788812504,0.537066020856171,53.78942335241588,1.103346916148439,known quoted arrival dates; overtaking allowed,3c301b841cabaa22a43fee953ddde671388b52efaf671925f371222d5e8fabce,baseline,3c301b841cabaa22a43fee953ddde671388b52efaf671925f371222d5e8fabce,0.5468115660318535,True,evaluation/exp_iid_random3_9/baseline_h200_conditional_pil/test.json
unrestricted,exp_iid_random3_9,baseline_h200_conditional_pil,conditional_pil,,test,steady,100,500,200,evaluation/exp_iid_random3_9/baseline_h200_conditional_pil/test.npz,steady_h100,8b04251a10d91ba3d3c15d77990badf9f9b94e8a3e1d0c3cd51c8ace0a33509a,,4c275060cd6b34411d8b4c6e7b509a99ccffa8276146162dc77b080e14540b2b,True,1000,132.34967407175802,39.56889648506513,46.390388793346446,0.536633782111473,53.72381821156737,1.103346916148439,known quoted arrival dates; overtaking allowed,3c301b841cabaa22a43fee953ddde671388b52efaf671925f371222d5e8fabce,baseline,3c301b841cabaa22a43fee953ddde671388b52efaf671925f371222d5e8fabce,0.541827302450102,True,evaluation/exp_iid_random3_9/baseline_h200_conditional_pil/test.json
unrestricted,exp_iid_random3_9,baseline_h200_conditional_pil,conditional_pil,,test,steady,200,500,200,evaluation/exp_iid_random3_9/baseline_h200_conditional_pil/test.npz,steady_h200,8b04251a10d91ba3d3c15d77990badf9f9b94e8a3e1d0c3cd51c8ace0a33509a,,4c275060cd6b34411d8b4c6e7b509a99ccffa8276146162dc77b080e14540b2b,True,1000,132.23273220434578,39.74895729978228,46.24188745228176,0.5372973035017444,53.72376237131993,1.103346916148439,known quoted arrival dates; overtaking allowed,3c301b841cabaa22a43fee953ddde671388b52efaf671925f371222d5e8fabce,baseline,3c301b841cabaa22a43fee953ddde671388b52efaf671925f371222d5e8fabce,0.5397537830086544,True,evaluation/exp_iid_random3_9/baseline_h200_conditional_pil/test.json
unrestricted,exp_iid_random3_9,baseline_h200_conditional_pil,conditional_pil,,test,steady,500,500,200,evaluation/exp_iid_random3_9/baseline_h200_conditional_pil/test.npz,steady_h500,8b04251a10d91ba3d3c15d77990badf9f9b94e8a3e1d0c3cd51c8ace0a33509a,,4c275060cd6b34411d8b4c6e7b509a99ccffa8276146162dc77b080e14540b2b,True,1000,132.3306691027788,39.70689466420217,46.31188721928832,0.5371214354491239,53.73731767497747,1.103346916148439,known quoted arrival dates; overtaking allowed,3c301b841cabaa22a43fee953ddde671388b52efaf671925f371222d5e8fabce,baseline,3c301b841cabaa22a43fee953ddde671388b52efaf671925f371222d5e8fabce,0.5380443438027156,True,evaluation/exp_iid_random3_9/baseline_h200_conditional_pil/test.json
unrestricted,exp_iid_random3_9,baseline_h200_conditional_pil,conditional_pil,,test,cold_start,50,0,200,evaluation/exp_iid_random3_9/baseline_h200_conditional_pil/test.npz,cold_start_h50,8b04251a10d91ba3d3c15d77990badf9f9b94e8a3e1d0c3cd51c8ace0a33509a,,4c275060cd6b34411d8b4c6e7b509a99ccffa8276146162dc77b080e14540b2b,True,1000,138.21721582780307,35.228678801757724,51.49426851302268,0.4859193863096399,57.315790611820056,1.103346916148439,known quoted arrival dates; overtaking allowed,3c301b841cabaa22a43fee953ddde671388b52efaf671925f371222d5e8fabce,baseline,3c301b841cabaa22a43fee953ddde671388b52efaf671925f371222d5e8fabce,0.4939655648583715,True,evaluation/exp_iid_random3_9/baseline_h200_conditional_pil/test.json
unrestricted,exp_iid_random3_9,baseline_h200_conditional_pil,conditional_pil,,test,cold_start,100,0,200,evaluation/exp_iid_random3_9/baseline_h200_conditional_pil/test.npz,cold_start_h100,8b04251a10d91ba3d3c15d77990badf9f9b94e8a3e1d0c3cd51c8ace0a33509a,,4c275060cd6b34411d8b4c6e7b509a99ccffa8276146162dc77b080e14540b2b,True,1000,134.7454018110458,37.284557254271554,48.73042227838715,0.5127598505565981,55.61827964401468,1.103346916148439,known quoted arrival dates; overtaking allowed,3c301b841cabaa22a43fee953ddde671388b52efaf671925f371222d5e8fabce,baseline,3c301b841cabaa22a43fee953ddde671388b52efaf671925f371222d5e8fabce,0.5175124655446044,True,evaluation/exp_iid_random3_9/baseline_h200_conditional_pil/test.json
unrestricted,exp_iid_random3_9,baseline_h200_conditional_pil,conditional_pil,,test,cold_start,200,0,200,evaluation/exp_iid_random3_9/baseline_h200_conditional_pil/test.npz,cold_start_h200,8b04251a10d91ba3d3c15d77990badf9f9b94e8a3e1d0c3cd51c8ace0a33509a,,4c275060cd6b34411d8b4c6e7b509a99ccffa8276146162dc77b080e14540b2b,True,1000,133.34061249322085,38.55690374483633,47.391854374192256,0.5258732232526877,54.6957042894876,1.103346916148439,known quoted arrival dates; overtaking allowed,3c301b841cabaa22a43fee953ddde671388b52efaf671925f371222d5e8fabce,baseline,3c301b841cabaa22a43fee953ddde671388b52efaf671925f371222d5e8fabce,0.5282823471826562,True,evaluation/exp_iid_random3_9/baseline_h200_conditional_pil/test.json
unrestricted,exp_iid_random3_9,baseline_h200_conditional_pil,conditional_pil,,test,cold_start,500,0,200,evaluation/exp_iid_random3_9/baseline_h200_conditional_pil/test.npz,cold_start_h500,8b04251a10d91ba3d3c15d77990badf9f9b94e8a3e1d0c3cd51c8ace0a33509a,,4c275060cd6b34411d8b4c6e7b509a99ccffa8276146162dc77b080e14540b2b,True,1000,132.64190051959096,39.46270543124035,46.58959754417531,0.5333949881632939,54.117693774908155,1.103346916148439,known quoted arrival dates; overtaking allowed,3c301b841cabaa22a43fee953ddde671388b52efaf671925f371222d5e8fabce,baseline,3c301b841cabaa22a43fee953ddde671388b52efaf671925f371222d5e8fabce,0.5344354451989399,True,evaluation/exp_iid_random3_9/baseline_h200_conditional_pil/test.json
unrestricted,exp_iid_random3_9,baseline_h200_forecast_adaptive_pil,forecast_adaptive_pil,,test,steady,50,500,200,evaluation/exp_iid_random3_9/baseline_h200_forecast_adaptive_pil/test.npz,steady_h50,8b04251a10d91ba3d3c15d77990badf9f9b94e8a3e1d0c3cd51c8ace0a33509a,,da79e82cc3873dd67f8c7c54406046c9bb5b8193aee63272ff05bc39f774a853,True,1000,131.8681000072974,39.66623773330485,46.100931136996266,0.5397214613975484,54.05288390858941,1.095802707830444,known quoted arrival dates; overtaking allowed,8c90095c5413064dab31cdcc9f81f07dc17324f8caf96b6dd1730333eb554574,baseline,8c90095c5413064dab31cdcc9f81f07dc17324f8caf96b6dd1730333eb554574,0.5494975862755146,True,evaluation/exp_iid_random3_9/baseline_h200_forecast_adaptive_pil/test.json
unrestricted,exp_iid_random3_9,baseline_h200_forecast_adaptive_pil,forecast_adaptive_pil,,test,steady,100,500,200,evaluation/exp_iid_random3_9/baseline_h200_forecast_adaptive_pil/test.npz,steady_h100,8b04251a10d91ba3d3c15d77990badf9f9b94e8a3e1d0c3cd51c8ace0a33509a,,da79e82cc3873dd67f8c7c54406046c9bb5b8193aee63272ff05bc39f774a853,True,1000,132.1337832548984,39.86600137168065,46.13389094160886,0.5391957877886752,53.98525123265874,1.095802707830444,known quoted arrival dates; overtaking allowed,8c90095c5413064dab31cdcc9f81f07dc17324f8caf96b6dd1730333eb554574,baseline,8c90095c5413064dab31cdcc9f81f07dc17324f8caf96b6dd1730333eb554574,0.5444035283366551,True,evaluation/exp_iid_random3_9/baseline_h200_forecast_adaptive_pil/test.json
unrestricted,exp_iid_random3_9,baseline_h200_forecast_adaptive_pil,forecast_adaptive_pil,,test,steady,200,500,200,evaluation/exp_iid_random3_9/baseline_h200_forecast_adaptive_pil/test.npz,steady_h200,8b04251a10d91ba3d3c15d77990badf9f9b94e8a3e1d0c3cd51c8ace0a33509a,,da79e82cc3873dd67f8c7c54406046c9bb5b8193aee63272ff05bc39f774a853,True,1000,131.99172911276656,40.018240968542784,45.98674407211189,0.5398503033143084,53.979995087336604,1.095802707830444,known quoted arrival dates; overtaking allowed,8c90095c5413064dab31cdcc9f81f07dc17324f8caf96b6dd1730333eb554574,baseline,8c90095c5413064dab31cdcc9f81f07dc17324f8caf96b6dd1730333eb554574,0.5423157295102579,True,evaluation/exp_iid_random3_9/baseline_h200_forecast_adaptive_pil/test.json
unrestricted,exp_iid_random3_9,baseline_h200_forecast_adaptive_pil,forecast_adaptive_pil,,test,steady,500,500,200,evaluation/exp_iid_random3_9/baseline_h200_forecast_adaptive_pil/test.npz,steady_h500,8b04251a10d91ba3d3c15d77990badf9f9b94e8a3e1d0c3cd51c8ace0a33509a,,da79e82cc3873dd67f8c7c54406046c9bb5b8193aee63272ff05bc39f774a853,True,1000,132.08643188865676,39.957169404028186,46.06463124231428,0.5395927122329105,53.98479654477214,1.095802707830444,known quoted arrival dates; overtaking allowed,8c90095c5413064dab31cdcc9f81f07dc17324f8caf96b6dd1730333eb554574,baseline,8c90095c5413064dab31cdcc9f81f07dc17324f8caf96b6dd1730333eb554574,0.5405179831477842,True,evaluation/exp_iid_random3_9/baseline_h200_forecast_adaptive_pil/test.json
unrestricted,exp_iid_random3_9,baseline_h200_forecast_adaptive_pil,forecast_adaptive_pil,,test,cold_start,50,0,200,evaluation/exp_iid_random3_9/baseline_h200_forecast_adaptive_pil/test.npz,cold_start_h50,8b04251a10d91ba3d3c15d77990badf9f9b94e8a3e1d0c3cd51c8ace0a33509a,,da79e82cc3873dd67f8c7c54406046c9bb5b8193aee63272ff05bc39f774a853,True,1000,138.0755971798406,34.818826923482014,51.62838512817929,0.4845804654196703,57.06798471581409,1.095802707830444,known quoted arrival dates; overtaking allowed,8c90095c5413064dab31cdcc9f81f07dc17324f8caf96b6dd1730333eb554574,baseline,8c90095c5413064dab31cdcc9f81f07dc17324f8caf96b6dd1730333eb554574,0.4926278669961826,True,evaluation/exp_iid_random3_9/baseline_h200_forecast_adaptive_pil/test.json
unrestricted,exp_iid_random3_9,baseline_h200_forecast_adaptive_pil,forecast_adaptive_pil,,test,cold_start,100,0,200,evaluation/exp_iid_random3_9/baseline_h200_forecast_adaptive_pil/test.npz,cold_start_h100,8b04251a10d91ba3d3c15d77990badf9f9b94e8a3e1d0c3cd51c8ace0a33509a,,da79e82cc3873dd67f8c7c54406046c9bb5b8193aee63272ff05bc39f774a853,True,1000,134.57312147961233,37.196929029278245,48.688096225167044,0.5131830554362623,55.602123841459736,1.095802707830444,known quoted arrival dates; overtaking allowed,8c90095c5413064dab31cdcc9f81f07dc17324f8caf96b6dd1730333eb554574,baseline,8c90095c5413064dab31cdcc9f81f07dc17324f8caf96b6dd1730333eb554574,0.5179651285546597,True,evaluation/exp_iid_random3_9/baseline_h200_forecast_adaptive_pil/test.json
unrestricted,exp_iid_random3_9,baseline_h200_forecast_adaptive_pil,forecast_adaptive_pil,,test,cold_start,200,0,200,evaluation/exp_iid_random3_9/baseline_h200_forecast_adaptive_pil/test.npz,cold_start_h200,8b04251a10d91ba3d3c15d77990badf9f9b94e8a3e1d0c3cd51c8ace0a33509a,,da79e82cc3873dd67f8c7c54406046c9bb5b8193aee63272ff05bc39f774a853,True,1000,133.12453290857442,38.61410108623245,47.25521591117099,0.5272402082526936,54.800575886183516,1.095802707830444,known quoted arrival dates; overtaking allowed,8c90095c5413064dab31cdcc9f81f07dc17324f8caf96b6dd1730333eb554574,baseline,8c90095c5413064dab31cdcc9f81f07dc17324f8caf96b6dd1730333eb554574,0.5296656537576225,True,evaluation/exp_iid_random3_9/baseline_h200_forecast_adaptive_pil/test.json
unrestricted,exp_iid_random3_9,baseline_h200_forecast_adaptive_pil,forecast_adaptive_pil,,test,cold_start,500,0,200,evaluation/exp_iid_random3_9/baseline_h200_forecast_adaptive_pil/test.npz,cold_start_h500,8b04251a10d91ba3d3c15d77990badf9f9b94e8a3e1d0c3cd51c8ace0a33509a,,da79e82cc3873dd67f8c7c54406046c9bb5b8193aee63272ff05bc39f774a853,True,1000,132.40098316786856,39.610666007023106,46.39515858042273,0.5353423369227946,54.3002342960104,1.095802707830444,known quoted arrival dates; overtaking allowed,8c90095c5413064dab31cdcc9f81f07dc17324f8caf96b6dd1730333eb554574,baseline,8c90095c5413064dab31cdcc9f81f07dc17324f8caf96b6dd1730333eb554574,0.5363874844554903,True,evaluation/exp_iid_random3_9/baseline_h200_forecast_adaptive_pil/test.json
unrestricted,exp_iid_random3_9,baseline_h200_pil_cop_continuation,pil_cop_continuation,,test,steady,50,500,200,evaluation/exp_iid_random3_9/baseline_h200_pil_cop_continuation/test.npz,steady_h50,8b04251a10d91ba3d3c15d77990badf9f9b94e8a3e1d0c3cd51c8ace0a33509a,,f282903072f645ac65ec165bf7460c681a9c23a5acd7f75a09879b1cd5154134,True,1000,132.75153522358184,40.14512551486947,46.30320485435618,0.5377019305827057,53.82505111626417,1.0411091251298785,known quoted arrival dates; overtaking allowed,5e3423d30230f801cd2689652a0bae32625eff5fbe1e24674b971a4a1acd9d9c,baseline,5e3423d30230f801cd2689652a0bae32625eff5fbe1e24674b971a4a1acd9d9c,0.5472809259251826,True,evaluation/exp_iid_random3_9/baseline_h200_pil_cop_continuation/test.json
unrestricted,exp_iid_random3_9,baseline_h200_pil_cop_continuation,pil_cop_continuation,,test,steady,100,500,200,evaluation/exp_iid_random3_9/baseline_h200_pil_cop_continuation/test.npz,steady_h100,8b04251a10d91ba3d3c15d77990badf9f9b94e8a3e1d0c3cd51c8ace0a33509a,,f282903072f645ac65ec165bf7460c681a9c23a5acd7f75a09879b1cd5154134,True,1000,132.98880730520779,40.19879961560169,46.39500384480305,0.5365876850858943,53.68519236819867,1.0411091251298785,known quoted arrival dates; overtaking allowed,5e3423d30230f801cd2689652a0bae32625eff5fbe1e24674b971a4a1acd9d9c,baseline,5e3423d30230f801cd2689652a0bae32625eff5fbe1e24674b971a4a1acd9d9c,0.5417238050025285,True,evaluation/exp_iid_random3_9/baseline_h200_pil_cop_continuation/test.json
unrestricted,exp_iid_random3_9,baseline_h200_pil_cop_continuation,pil_cop_continuation,,test,steady,200,500,200,evaluation/exp_iid_random3_9/baseline_h200_pil_cop_continuation/test.npz,steady_h200,8b04251a10d91ba3d3c15d77990badf9f9b94e8a3e1d0c3cd51c8ace0a33509a,,f282903072f645ac65ec165bf7460c681a9c23a5acd7f75a09879b1cd5154134,True,1000,132.73272289874996,40.20493084559938,46.26389602657528,0.5370770826752869,53.68327551095156,1.0411091251298785,known quoted arrival dates; overtaking allowed,5e3423d30230f801cd2689652a0bae32625eff5fbe1e24674b971a4a1acd9d9c,baseline,5e3423d30230f801cd2689652a0bae32625eff5fbe1e24674b971a4a1acd9d9c,0.5395032179203457,True,evaluation/exp_iid_random3_9/baseline_h200_pil_cop_continuation/test.json
unrestricted,exp_iid_random3_9,baseline_h200_pil_cop_continuation,pil_cop_continuation,,test,steady,500,500,200,evaluation/exp_iid_random3_9/baseline_h200_pil_cop_continuation/test.npz,steady_h500,8b04251a10d91ba3d3c15d77990badf9f9b94e8a3e1d0c3cd51c8ace0a33509a,,f282903072f645ac65ec165bf7460c681a9c23a5acd7f75a09879b1cd5154134,True,1000,132.84721785758853,40.18460777595078,46.33130504081887,0.5369273579909067,53.71513160211997,1.0411091251298785,known quoted arrival dates; overtaking allowed,5e3423d30230f801cd2689652a0bae32625eff5fbe1e24674b971a4a1acd9d9c,baseline,5e3423d30230f801cd2689652a0bae32625eff5fbe1e24674b971a4a1acd9d9c,0.5378348772354619,True,evaluation/exp_iid_random3_9/baseline_h200_pil_cop_continuation/test.json
unrestricted,exp_iid_random3_9,baseline_h200_pil_cop_continuation,pil_cop_continuation,,test,cold_start,50,0,200,evaluation/exp_iid_random3_9/baseline_h200_pil_cop_continuation/test.npz,cold_start_h50,8b04251a10d91ba3d3c15d77990badf9f9b94e8a3e1d0c3cd51c8ace0a33509a,,f282903072f645ac65ec165bf7460c681a9c23a5acd7f75a09879b1cd5154134,True,1000,138.4222266997561,36.6598877366015,50.8811694815773,0.4920401126630727,56.60914410931977,1.0411091251298785,known quoted arrival dates; overtaking allowed,5e3423d30230f801cd2689652a0bae32625eff5fbe1e24674b971a4a1acd9d9c,baseline,5e3423d30230f801cd2689652a0bae32625eff5fbe1e24674b971a4a1acd9d9c,0.49992966283795204,True,evaluation/exp_iid_random3_9/baseline_h200_pil_cop_continuation/test.json
unrestricted,exp_iid_random3_9,baseline_h200_pil_cop_continuation,pil_cop_continuation,,test,cold_start,100,0,200,evaluation/exp_iid_random3_9/baseline_h200_pil_cop_continuation/test.npz,cold_start_h100,8b04251a10d91ba3d3c15d77990badf9f9b94e8a3e1d0c3cd51c8ace0a33509a,,f282903072f645ac65ec165bf7460c681a9c23a5acd7f75a09879b1cd5154134,True,1000,135.12127310966144,38.21227704022183,48.45449803471979,0.5155187301934602,55.23863520942323,1.0411091251298785,known quoted arrival dates; overtaking allowed,5e3423d30230f801cd2689652a0bae32625eff5fbe1e24674b971a4a1acd9d9c,baseline,5e3423d30230f801cd2689652a0bae32625eff5fbe1e24674b971a4a1acd9d9c,0.5201848154422367,True,evaluation/exp_iid_random3_9/baseline_h200_pil_cop_continuation/test.json
unrestricted,exp_iid_random3_9,baseline_h200_pil_cop_continuation,pil_cop_continuation,,test,cold_start,200,0,200,evaluation/exp_iid_random3_9/baseline_h200_pil_cop_continuation/test.npz,cold_start_h200,8b04251a10d91ba3d3c15d77990badf9f9b94e8a3e1d0c3cd51c8ace0a33509a,,f282903072f645ac65ec165bf7460c681a9c23a5acd7f75a09879b1cd5154134,True,1000,133.8931717123404,39.31616365446751,47.28850402893646,0.5269071808118276,54.46864876659846,1.0411091251298785,known quoted arrival dates; overtaking allowed,5e3423d30230f801cd2689652a0bae32625eff5fbe1e24674b971a4a1acd9d9c,baseline,5e3423d30230f801cd2689652a0bae32625eff5fbe1e24674b971a4a1acd9d9c,0.5292756646161679,True,evaluation/exp_iid_random3_9/baseline_h200_pil_cop_continuation/test.json
unrestricted,exp_iid_random3_9,baseline_h200_pil_cop_continuation,pil_cop_continuation,,test,cold_start,500,0,200,evaluation/exp_iid_random3_9/baseline_h200_pil_cop_continuation/test.npz,cold_start_h500,8b04251a10d91ba3d3c15d77990badf9f9b94e8a3e1d0c3cd51c8ace0a33509a,,f282903072f645ac65ec165bf7460c681a9c23a5acd7f75a09879b1cd5154134,True,1000,133.13155992723378,39.9694734892918,46.58104321897099,0.5334806616016495,53.99930764358242,1.0411091251298785,known quoted arrival dates; overtaking allowed,5e3423d30230f801cd2689652a0bae32625eff5fbe1e24674b971a4a1acd9d9c,baseline,5e3423d30230f801cd2689652a0bae32625eff5fbe1e24674b971a4a1acd9d9c,0.5344966666006037,True,evaluation/exp_iid_random3_9/baseline_h200_pil_cop_continuation/test.json
unrestricted,exp_regime095_fixed6,baseline_h200_conditional_pil,conditional_pil,,test,steady,50,500,200,evaluation/exp_regime095_fixed6/baseline_h200_conditional_pil/test.npz,steady_h50,54b419b9dd894753ce00d5337698b8d9bbc8a7b39e764503cac4fac771f0779e,,62375276ee304a5319c2682793bc00f95208a76f3941c3922b5327d96d344d2e,True,1000,149.54506016809725,20.072190993291418,64.7364345874029,0.3423619476453942,33.71260535052159,4.553203416988254,known quoted arrival dates; overtaking allowed,986e0b989c08dc350ef2bd94474b0996b2a8c9f02e995be1399e26c311c2ea38,baseline,986e0b989c08dc350ef2bd94474b0996b2a8c9f02e995be1399e26c311c2ea38,0.39998358414051255,True,evaluation/exp_regime095_fixed6/baseline_h200_conditional_pil/test.json
unrestricted,exp_regime095_fixed6,baseline_h200_conditional_pil,conditional_pil,,test,steady,100,500,200,evaluation/exp_regime095_fixed6/baseline_h200_conditional_pil/test.npz,steady_h100,54b419b9dd894753ce00d5337698b8d9bbc8a7b39e764503cac4fac771f0779e,,62375276ee304a5319c2682793bc00f95208a76f3941c3922b5327d96d344d2e,True,1000,149.76653792443423,20.103758454930706,64.83138973475175,0.3418765453685795,33.69177963103355,4.553203416988254,known quoted arrival dates; overtaking allowed,986e0b989c08dc350ef2bd94474b0996b2a8c9f02e995be1399e26c311c2ea38,baseline,986e0b989c08dc350ef2bd94474b0996b2a8c9f02e995be1399e26c311c2ea38,0.36962157269462953,True,evaluation/exp_regime095_fixed6/baseline_h200_conditional_pil/test.json
unrestricted,exp_regime095_fixed6,baseline_h200_conditional_pil,conditional_pil,,test,steady,200,500,200,evaluation/exp_regime095_fixed6/baseline_h200_conditional_pil/test.npz,steady_h200,54b419b9dd894753ce00d5337698b8d9bbc8a7b39e764503cac4fac771f0779e,,62375276ee304a5319c2682793bc00f95208a76f3941c3922b5327d96d344d2e,True,1000,150.404058237885,20.057262734387642,65.17339775174867,0.3410255630953623,33.73916582472755,4.553203416988254,known quoted arrival dates; overtaking allowed,986e0b989c08dc350ef2bd94474b0996b2a8c9f02e995be1399e26c311c2ea38,baseline,986e0b989c08dc350ef2bd94474b0996b2a8c9f02e995be1399e26c311c2ea38,0.3542173088257238,True,evaluation/exp_regime095_fixed6/baseline_h200_conditional_pil/test.json
unrestricted,exp_regime095_fixed6,baseline_h200_conditional_pil,conditional_pil,,test,steady,500,500,200,evaluation/exp_regime095_fixed6/baseline_h200_conditional_pil/test.npz,steady_h500,54b419b9dd894753ce00d5337698b8d9bbc8a7b39e764503cac4fac771f0779e,,62375276ee304a5319c2682793bc00f95208a76f3941c3922b5327d96d344d2e,True,1000,151.4570790230042,19.875875787401615,65.7906016178013,0.3394135267888997,33.808236753164685,4.553203416988254,known quoted arrival dates; overtaking allowed,986e0b989c08dc350ef2bd94474b0996b2a8c9f02e995be1399e26c311c2ea38,baseline,986e0b989c08dc350ef2bd94474b0996b2a8c9f02e995be1399e26c311c2ea38,0.3439598507302627,True,evaluation/exp_regime095_fixed6/baseline_h200_conditional_pil/test.json
unrestricted,exp_regime095_fixed6,baseline_h200_conditional_pil,conditional_pil,,test,cold_start,50,0,200,evaluation/exp_regime095_fixed6/baseline_h200_conditional_pil/test.npz,cold_start_h50,54b419b9dd894753ce00d5337698b8d9bbc8a7b39e764503cac4fac771f0779e,,62375276ee304a5319c2682793bc00f95208a76f3941c3922b5327d96d344d2e,True,1000,155.86113898479357,16.974637267932682,69.44325085843043,0.30184592332753624,34.483729261501665,4.553203416988254,known quoted arrival dates; overtaking allowed,986e0b989c08dc350ef2bd94474b0996b2a8c9f02e995be1399e26c311c2ea38,baseline,986e0b989c08dc350ef2bd94474b0996b2a8c9f02e995be1399e26c311c2ea38,0.352677735008112,True,evaluation/exp_regime095_fixed6/baseline_h200_conditional_pil/test.json
unrestricted,exp_regime095_fixed6,baseline_h200_conditional_pil,conditional_pil,,test,cold_start,100,0,200,evaluation/exp_regime095_fixed6/baseline_h200_conditional_pil/test.npz,cold_start_h100,54b419b9dd894753ce00d5337698b8d9bbc8a7b39e764503cac4fac771f0779e,,62375276ee304a5319c2682793bc00f95208a76f3941c3922b5327d96d344d2e,True,1000,153.9435848732392,18.4052340131435,67.76917543004784,0.3200872187285118,34.140406917410324,4.553203416988254,known quoted arrival dates; overtaking allowed,986e0b989c08dc350ef2bd94474b0996b2a8c9f02e995be1399e26c311c2ea38,baseline,986e0b989c08dc350ef2bd94474b0996b2a8c9f02e995be1399e26c311c2ea38,0.3445234366622288,True,evaluation/exp_regime095_fixed6/baseline_h200_conditional_pil/test.json
unrestricted,exp_regime095_fixed6,baseline_h200_conditional_pil,conditional_pil,,test,cold_start,200,0,200,evaluation/exp_regime095_fixed6/baseline_h200_conditional_pil/test.npz,cold_start_h200,54b419b9dd894753ce00d5337698b8d9bbc8a7b39e764503cac4fac771f0779e,,62375276ee304a5319c2682793bc00f95208a76f3941c3922b5327d96d344d2e,True,1000,152.82221582468165,19.206548884650882,66.80783347001538,0.3295970576530872,33.96629589336922,4.553203416988254,known quoted arrival dates; overtaking allowed,986e0b989c08dc350ef2bd94474b0996b2a8c9f02e995be1399e26c311c2ea38,baseline,986e0b989c08dc350ef2bd94474b0996b2a8c9f02e995be1399e26c311c2ea38,0.34193799171049694,True,evaluation/exp_regime095_fixed6/baseline_h200_conditional_pil/test.json
unrestricted,exp_regime095_fixed6,baseline_h200_conditional_pil,conditional_pil,,test,cold_start,500,0,200,evaluation/exp_regime095_fixed6/baseline_h200_conditional_pil/test.npz,cold_start_h500,54b419b9dd894753ce00d5337698b8d9bbc8a7b39e764503cac4fac771f0779e,,62375276ee304a5319c2682793bc00f95208a76f3941c3922b5327d96d344d2e,True,1000,152.3826686139565,19.63721784405721,66.37272538494963,0.33496409897969365,33.872569341866495,4.553203416988254,known quoted arrival dates; overtaking allowed,986e0b989c08dc350ef2bd94474b0996b2a8c9f02e995be1399e26c311c2ea38,baseline,986e0b989c08dc350ef2bd94474b0996b2a8c9f02e995be1399e26c311c2ea38,0.3398859559948892,True,evaluation/exp_regime095_fixed6/baseline_h200_conditional_pil/test.json
unrestricted,exp_regime095_fixed6,baseline_h200_forecast_adaptive_pil,forecast_adaptive_pil,,test,steady,50,500,200,evaluation/exp_regime095_fixed6/baseline_h200_forecast_adaptive_pil/test.npz,steady_h50,54b419b9dd894753ce00d5337698b8d9bbc8a7b39e764503cac4fac771f0779e,,17272eeae6c23272bd28add0a3555a9ea25053634b22dbb8a395a7d2bb3dcd11,True,1000,146.72104944338335,23.90233552519574,61.40935695909381,0.3761607329115128,37.09534797457521,1.4900146250147372,known quoted arrival dates; overtaking allowed,2b39f970389afd80cc6f042b487c286e7d1c7e9b7d56e09fc74d309f818afc60,baseline,2b39f970389afd80cc6f042b487c286e7d1c7e9b7d56e09fc74d309f818afc60,0.41716883691211554,True,evaluation/exp_regime095_fixed6/baseline_h200_forecast_adaptive_pil/test.json
unrestricted,exp_regime095_fixed6,baseline_h200_forecast_adaptive_pil,forecast_adaptive_pil,,test,steady,100,500,200,evaluation/exp_regime095_fixed6/baseline_h200_forecast_adaptive_pil/test.npz,steady_h100,54b419b9dd894753ce00d5337698b8d9bbc8a7b39e764503cac4fac771f0779e,,17272eeae6c23272bd28add0a3555a9ea25053634b22dbb8a395a7d2bb3dcd11,True,1000,146.98599621990755,23.970867539736396,61.50756434008557,0.37561772321898723,37.067698494264015,1.4900146250147372,known quoted arrival dates; overtaking allowed,2b39f970389afd80cc6f042b487c286e7d1c7e9b7d56e09fc74d309f818afc60,baseline,2b39f970389afd80cc6f042b487c286e7d1c7e9b7d56e09fc74d309f818afc60,0.3948667666532082,True,evaluation/exp_regime095_fixed6/baseline_h200_forecast_adaptive_pil/test.json
unrestricted,exp_regime095_fixed6,baseline_h200_forecast_adaptive_pil,forecast_adaptive_pil,,test,steady,200,500,200,evaluation/exp_regime095_fixed6/baseline_h200_forecast_adaptive_pil/test.npz,steady_h200,54b419b9dd894753ce00d5337698b8d9bbc8a7b39e764503cac4fac771f0779e,,17272eeae6c23272bd28add0a3555a9ea25053634b22dbb8a395a7d2bb3dcd11,True,1000,147.73312395515933,24.14511752607093,61.7940032145442,0.3751949433801761,37.13785076907207,1.4900146250147372,known quoted arrival dates; overtaking allowed,2b39f970389afd80cc6f042b487c286e7d1c7e9b7d56e09fc74d309f818afc60,baseline,2b39f970389afd80cc6f042b487c286e7d1c7e9b7d56e09fc74d309f818afc60,0.38426826053241736,True,evaluation/exp_regime095_fixed6/baseline_h200_forecast_adaptive_pil/test.json
unrestricted,exp_regime095_fixed6,baseline_h200_forecast_adaptive_pil,forecast_adaptive_pil,,test,steady,500,500,200,evaluation/exp_regime095_fixed6/baseline_h200_forecast_adaptive_pil/test.npz,steady_h500,54b419b9dd894753ce00d5337698b8d9bbc8a7b39e764503cac4fac771f0779e,,17272eeae6c23272bd28add0a3555a9ea25053634b22dbb8a395a7d2bb3dcd11,True,1000,148.9084124609371,24.263076989039995,62.322667735948535,0.3742341570310549,37.287986355009224,1.4900146250147372,known quoted arrival dates; overtaking allowed,2b39f970389afd80cc6f042b487c286e7d1c7e9b7d56e09fc74d309f818afc60,baseline,2b39f970389afd80cc6f042b487c286e7d1c7e9b7d56e09fc74d309f818afc60,0.3772991206245363,True,evaluation/exp_regime095_fixed6/baseline_h200_forecast_adaptive_pil/test.json
unrestricted,exp_regime095_fixed6,baseline_h200_forecast_adaptive_pil,forecast_adaptive_pil,,test,cold_start,50,0,200,evaluation/exp_regime095_fixed6/baseline_h200_forecast_adaptive_pil/test.npz,cold_start_h50,54b419b9dd894753ce00d5337698b8d9bbc8a7b39e764503cac4fac771f0779e,,17272eeae6c23272bd28add0a3555a9ea25053634b22dbb8a395a7d2bb3dcd11,True,1000,152.82795956046598,20.222187647806507,66.30288595632973,0.3334178692191586,38.14521854758365,1.4900146250147372,known quoted arrival dates; overtaking allowed,2b39f970389afd80cc6f042b487c286e7d1c7e9b7d56e09fc74d309f818afc60,baseline,2b39f970389afd80cc6f042b487c286e7d1c7e9b7d56e09fc74d309f818afc60,0.36788019316857196,True,evaluation/exp_regime095_fixed6/baseline_h200_forecast_adaptive_pil/test.json
unrestricted,exp_regime095_fixed6,baseline_h200_forecast_adaptive_pil,forecast_adaptive_pil,,test,cold_start,100,0,200,evaluation/exp_regime095_fixed6/baseline_h200_forecast_adaptive_pil/test.npz,cold_start_h100,54b419b9dd894753ce00d5337698b8d9bbc8a7b39e764503cac4fac771f0779e,,17272eeae6c23272bd28add0a3555a9ea25053634b22dbb8a395a7d2bb3dcd11,True,1000,151.35391625085148,22.438748443409352,64.45758390372107,0.35331166613858916,37.70213843472148,1.4900146250147372,known quoted arrival dates; overtaking allowed,2b39f970389afd80cc6f042b487c286e7d1c7e9b7d56e09fc74d309f818afc60,baseline,2b39f970389afd80cc6f042b487c286e7d1c7e9b7d56e09fc74d309f818afc60,0.36952106924823047,True,evaluation/exp_regime095_fixed6/baseline_h200_forecast_adaptive_pil/test.json
unrestricted,exp_regime095_fixed6,baseline_h200_forecast_adaptive_pil,forecast_adaptive_pil,,test,cold_start,200,0,200,evaluation/exp_regime095_fixed6/baseline_h200_forecast_adaptive_pil/test.npz,cold_start_h200,54b419b9dd894753ce00d5337698b8d9bbc8a7b39e764503cac4fac771f0779e,,17272eeae6c23272bd28add0a3555a9ea25053634b22dbb8a395a7d2bb3dcd11,True,1000,150.42978253038748,23.564857568869858,63.43246248075882,0.36346821504850885,37.47371692075534,1.4900146250147372,known quoted arrival dates; overtaking allowed,2b39f970389afd80cc6f042b487c286e7d1c7e9b7d56e09fc74d309f818afc60,baseline,2b39f970389afd80cc6f042b487c286e7d1c7e9b7d56e09fc74d309f818afc60,0.37175800476868925,True,evaluation/exp_regime095_fixed6/baseline_h200_forecast_adaptive_pil/test.json
unrestricted,exp_regime095_fixed6,baseline_h200_forecast_adaptive_pil,forecast_adaptive_pil,,test,cold_start,500,0,200,evaluation/exp_regime095_fixed6/baseline_h200_forecast_adaptive_pil/test.npz,cold_start_h500,54b419b9dd894753ce00d5337698b8d9bbc8a7b39e764503cac4fac771f0779e,,17272eeae6c23272bd28add0a3555a9ea25053634b22dbb8a395a7d2bb3dcd11,True,1000,150.07116326955432,24.188668047434053,62.94124761106013,0.3693465339325189,37.34529945300809,1.4900146250147372,known quoted arrival dates; overtaking allowed,2b39f970389afd80cc6f042b487c286e7d1c7e9b7d56e09fc74d309f818afc60,baseline,2b39f970389afd80cc6f042b487c286e7d1c7e9b7d56e09fc74d309f818afc60,0.37265483026862967,True,evaluation/exp_regime095_fixed6/baseline_h200_forecast_adaptive_pil/test.json
unrestricted,exp_regime095_fixed6,baseline_h200_pil_cop_continuation,pil_cop_continuation,,test,steady,50,500,200,evaluation/exp_regime095_fixed6/baseline_h200_pil_cop_continuation/test.npz,steady_h50,54b419b9dd894753ce00d5337698b8d9bbc8a7b39e764503cac4fac771f0779e,,c39b9dd7e3997a6dc7ae399a58962adae6b5bef52d0b56f410671d30856a6226,True,1000,149.54506016809725,20.072190993291418,64.7364345874029,0.3423619476453942,33.71260535052159,4.27859791694209,known quoted arrival dates; overtaking allowed,986e0b989c08dc350ef2bd94474b0996b2a8c9f02e995be1399e26c311c2ea38,baseline,986e0b989c08dc350ef2bd94474b0996b2a8c9f02e995be1399e26c311c2ea38,0.39998358414051255,True,evaluation/exp_regime095_fixed6/baseline_h200_pil_cop_continuation/test.json
unrestricted,exp_regime095_fixed6,baseline_h200_pil_cop_continuation,pil_cop_continuation,,test,steady,100,500,200,evaluation/exp_regime095_fixed6/baseline_h200_pil_cop_continuation/test.npz,steady_h100,54b419b9dd894753ce00d5337698b8d9bbc8a7b39e764503cac4fac771f0779e,,c39b9dd7e3997a6dc7ae399a58962adae6b5bef52d0b56f410671d30856a6226,True,1000,149.76653792443423,20.103758454930706,64.83138973475175,0.3418765453685795,33.69177963103355,4.27859791694209,known quoted arrival dates; overtaking allowed,986e0b989c08dc350ef2bd94474b0996b2a8c9f02e995be1399e26c311c2ea38,baseline,986e0b989c08dc350ef2bd94474b0996b2a8c9f02e995be1399e26c311c2ea38,0.36962157269462953,True,evaluation/exp_regime095_fixed6/baseline_h200_pil_cop_continuation/test.json
unrestricted,exp_regime095_fixed6,baseline_h200_pil_cop_continuation,pil_cop_continuation,,test,steady,200,500,200,evaluation/exp_regime095_fixed6/baseline_h200_pil_cop_continuation/test.npz,steady_h200,54b419b9dd894753ce00d5337698b8d9bbc8a7b39e764503cac4fac771f0779e,,c39b9dd7e3997a6dc7ae399a58962adae6b5bef52d0b56f410671d30856a6226,True,1000,150.404058237885,20.057262734387642,65.17339775174867,0.3410255630953623,33.73916582472755,4.27859791694209,known quoted arrival dates; overtaking allowed,986e0b989c08dc350ef2bd94474b0996b2a8c9f02e995be1399e26c311c2ea38,baseline,986e0b989c08dc350ef2bd94474b0996b2a8c9f02e995be1399e26c311c2ea38,0.3542173088257238,True,evaluation/exp_regime095_fixed6/baseline_h200_pil_cop_continuation/test.json
unrestricted,exp_regime095_fixed6,baseline_h200_pil_cop_continuation,pil_cop_continuation,,test,steady,500,500,200,evaluation/exp_regime095_fixed6/baseline_h200_pil_cop_continuation/test.npz,steady_h500,54b419b9dd894753ce00d5337698b8d9bbc8a7b39e764503cac4fac771f0779e,,c39b9dd7e3997a6dc7ae399a58962adae6b5bef52d0b56f410671d30856a6226,True,1000,151.4570790230042,19.875875787401615,65.7906016178013,0.3394135267888997,33.808236753164685,4.27859791694209,known quoted arrival dates; overtaking allowed,986e0b989c08dc350ef2bd94474b0996b2a8c9f02e995be1399e26c311c2ea38,baseline,986e0b989c08dc350ef2bd94474b0996b2a8c9f02e995be1399e26c311c2ea38,0.3439598507302627,True,evaluation/exp_regime095_fixed6/baseline_h200_pil_cop_continuation/test.json
unrestricted,exp_regime095_fixed6,baseline_h200_pil_cop_continuation,pil_cop_continuation,,test,cold_start,50,0,200,evaluation/exp_regime095_fixed6/baseline_h200_pil_cop_continuation/test.npz,cold_start_h50,54b419b9dd894753ce00d5337698b8d9bbc8a7b39e764503cac4fac771f0779e,,c39b9dd7e3997a6dc7ae399a58962adae6b5bef52d0b56f410671d30856a6226,True,1000,155.86113898479357,16.974637267932682,69.44325085843043,0.30184592332753624,34.483729261501665,4.27859791694209,known quoted arrival dates; overtaking allowed,986e0b989c08dc350ef2bd94474b0996b2a8c9f02e995be1399e26c311c2ea38,baseline,986e0b989c08dc350ef2bd94474b0996b2a8c9f02e995be1399e26c311c2ea38,0.352677735008112,True,evaluation/exp_regime095_fixed6/baseline_h200_pil_cop_continuation/test.json
unrestricted,exp_regime095_fixed6,baseline_h200_pil_cop_continuation,pil_cop_continuation,,test,cold_start,100,0,200,evaluation/exp_regime095_fixed6/baseline_h200_pil_cop_continuation/test.npz,cold_start_h100,54b419b9dd894753ce00d5337698b8d9bbc8a7b39e764503cac4fac771f0779e,,c39b9dd7e3997a6dc7ae399a58962adae6b5bef52d0b56f410671d30856a6226,True,1000,153.9435848732392,18.4052340131435,67.76917543004784,0.3200872187285118,34.140406917410324,4.27859791694209,known quoted arrival dates; overtaking allowed,986e0b989c08dc350ef2bd94474b0996b2a8c9f02e995be1399e26c311c2ea38,baseline,986e0b989c08dc350ef2bd94474b0996b2a8c9f02e995be1399e26c311c2ea38,0.3445234366622288,True,evaluation/exp_regime095_fixed6/baseline_h200_pil_cop_continuation/test.json
unrestricted,exp_regime095_fixed6,baseline_h200_pil_cop_continuation,pil_cop_continuation,,test,cold_start,200,0,200,evaluation/exp_regime095_fixed6/baseline_h200_pil_cop_continuation/test.npz,cold_start_h200,54b419b9dd894753ce00d5337698b8d9bbc8a7b39e764503cac4fac771f0779e,,c39b9dd7e3997a6dc7ae399a58962adae6b5bef52d0b56f410671d30856a6226,True,1000,152.82221582468165,19.206548884650882,66.80783347001538,0.3295970576530872,33.96629589336922,4.27859791694209,known quoted arrival dates; overtaking allowed,986e0b989c08dc350ef2bd94474b0996b2a8c9f02e995be1399e26c311c2ea38,baseline,986e0b989c08dc350ef2bd94474b0996b2a8c9f02e995be1399e26c311c2ea38,0.34193799171049694,True,evaluation/exp_regime095_fixed6/baseline_h200_pil_cop_continuation/test.json
unrestricted,exp_regime095_fixed6,baseline_h200_pil_cop_continuation,pil_cop_continuation,,test,cold_start,500,0,200,evaluation/exp_regime095_fixed6/baseline_h200_pil_cop_continuation/test.npz,cold_start_h500,54b419b9dd894753ce00d5337698b8d9bbc8a7b39e764503cac4fac771f0779e,,c39b9dd7e3997a6dc7ae399a58962adae6b5bef52d0b56f410671d30856a6226,True,1000,152.3826686139565,19.63721784405721,66.37272538494963,0.33496409897969365,33.872569341866495,4.27859791694209,known quoted arrival dates; overtaking allowed,986e0b989c08dc350ef2bd94474b0996b2a8c9f02e995be1399e26c311c2ea38,baseline,986e0b989c08dc350ef2bd94474b0996b2a8c9f02e995be1399e26c311c2ea38,0.3398859559948892,True,evaluation/exp_regime095_fixed6/baseline_h200_pil_cop_continuation/test.json
unrestricted,exp_regime095_random3_9,baseline_h200_conditional_pil,conditional_pil,,test,steady,50,500,200,evaluation/exp_regime095_random3_9/baseline_h200_conditional_pil/test.npz,steady_h50,0403e2693cb0ae0103e8f9c82970dd97dad708f18b504c86cf6e8fdebfc31f98,,9d551a93c50f63b8823a86e14dd1e4396c8716452ac32c24fcb9a79b3bd5059c,True,1000,153.6403417902594,20.934773855165016,66.3527839675472,0.325941938340626,32.155462230229666,4.499473459087312,known quoted arrival dates; overtaking allowed,90c9231d695cb82cbdae46d429af7c526a3f629f04f7f81088e4a9735628880d,baseline,90c9231d695cb82cbdae46d429af7c526a3f629f04f7f81088e4a9735628880d,0.38380148738459224,True,evaluation/exp_regime095_random3_9/baseline_h200_conditional_pil/test.json
unrestricted,exp_regime095_random3_9,baseline_h200_conditional_pil,conditional_pil,,test,steady,100,500,200,evaluation/exp_regime095_random3_9/baseline_h200_conditional_pil/test.npz,steady_h100,0403e2693cb0ae0103e8f9c82970dd97dad708f18b504c86cf6e8fdebfc31f98,,9d551a93c50f63b8823a86e14dd1e4396c8716452ac32c24fcb9a79b3bd5059c,True,1000,153.701170948347,20.89280670596885,66.40418212118907,0.32591064423619515,32.17284087382481,4.499473459087312,known quoted arrival dates; overtaking allowed,90c9231d695cb82cbdae46d429af7c526a3f629f04f7f81088e4a9735628880d,baseline,90c9231d695cb82cbdae46d429af7c526a3f629f04f7f81088e4a9735628880d,0.35410891916636844,True,evaluation/exp_regime095_random3_9/baseline_h200_conditional_pil/test.json
unrestricted,exp_regime095_random3_9,baseline_h200_conditional_pil,conditional_pil,,test,steady,200,500,200,evaluation/exp_regime095_random3_9/baseline_h200_conditional_pil/test.npz,steady_h200,0403e2693cb0ae0103e8f9c82970dd97dad708f18b504c86cf6e8fdebfc31f98,,9d551a93c50f63b8823a86e14dd1e4396c8716452ac32c24fcb9a79b3bd5059c,True,1000,154.42645486171227,20.950849666700698,66.73780259750579,0.32520771658304004,32.17817708503961,4.499473459087312,known quoted arrival dates; overtaking allowed,90c9231d695cb82cbdae46d429af7c526a3f629f04f7f81088e4a9735628880d,baseline,90c9231d695cb82cbdae46d429af7c526a3f629f04f7f81088e4a9735628880d,0.33865026835993867,True,evaluation/exp_regime095_random3_9/baseline_h200_conditional_pil/test.json
unrestricted,exp_regime095_random3_9,baseline_h200_conditional_pil,conditional_pil,,test,steady,500,500,200,evaluation/exp_regime095_random3_9/baseline_h200_conditional_pil/test.npz,steady_h500,0403e2693cb0ae0103e8f9c82970dd97dad708f18b504c86cf6e8fdebfc31f98,,9d551a93c50f63b8823a86e14dd1e4396c8716452ac32c24fcb9a79b3bd5059c,True,1000,155.45239581139987,20.692424647644476,67.37998558187769,0.3234549320718783,32.22317860804614,4.499473459087312,known quoted arrival dates; overtaking allowed,90c9231d695cb82cbdae46d429af7c526a3f629f04f7f81088e4a9735628880d,baseline,90c9231d695cb82cbdae46d429af7c526a3f629f04f7f81088e4a9735628880d,0.3280874114228491,True,evaluation/exp_regime095_random3_9/baseline_h200_conditional_pil/test.json
unrestricted,exp_regime095_random3_9,baseline_h200_conditional_pil,conditional_pil,,test,cold_start,50,0,200,evaluation/exp_regime095_random3_9/baseline_h200_conditional_pil/test.npz,cold_start_h50,0403e2693cb0ae0103e8f9c82970dd97dad708f18b504c86cf6e8fdebfc31f98,,9d551a93c50f63b8823a86e14dd1e4396c8716452ac32c24fcb9a79b3bd5059c,True,1000,158.1063419873669,17.6846202619694,70.21086086269872,0.294128685912096,34.23045265815856,4.499473459087312,known quoted arrival dates; overtaking allowed,90c9231d695cb82cbdae46d429af7c526a3f629f04f7f81088e4a9735628880d,baseline,90c9231d695cb82cbdae46d429af7c526a3f629f04f7f81088e4a9735628880d,0.3468805247231166,True,evaluation/exp_regime095_random3_9/baseline_h200_conditional_pil/test.json
unrestricted,exp_regime095_random3_9,baseline_h200_conditional_pil,conditional_pil,,test,cold_start,100,0,200,evaluation/exp_regime095_random3_9/baseline_h200_conditional_pil/test.npz,cold_start_h100,0403e2693cb0ae0103e8f9c82970dd97dad708f18b504c86cf6e8fdebfc31f98,,9d551a93c50f63b8823a86e14dd1e4396c8716452ac32c24fcb9a79b3bd5059c,True,1000,157.107579950786,19.203620152711295,68.95197989903735,0.3082204095028172,33.215227611638376,4.499473459087312,known quoted arrival dates; overtaking allowed,90c9231d695cb82cbdae46d429af7c526a3f629f04f7f81088e4a9735628880d,baseline,90c9231d695cb82cbdae46d429af7c526a3f629f04f7f81088e4a9735628880d,0.33377708048946175,True,evaluation/exp_regime095_random3_9/baseline_h200_conditional_pil/test.json
unrestricted,exp_regime095_random3_9,baseline_h200_conditional_pil,conditional_pil,,test,cold_start,200,0,200,evaluation/exp_regime095_random3_9/baseline_h200_conditional_pil/test.npz,cold_start_h200,0403e2693cb0ae0103e8f9c82970dd97dad708f18b504c86cf6e8fdebfc31f98,,9d551a93c50f63b8823a86e14dd1e4396c8716452ac32c24fcb9a79b3bd5059c,True,1000,156.32343123077015,19.941080511268538,68.1911753597508,0.3157155047725167,32.71073678068839,4.499473459087312,known quoted arrival dates; overtaking allowed,90c9231d695cb82cbdae46d429af7c526a3f629f04f7f81088e4a9735628880d,baseline,90c9231d695cb82cbdae46d429af7c526a3f629f04f7f81088e4a9735628880d,0.32847706019294826,True,evaluation/exp_regime095_random3_9/baseline_h200_conditional_pil/test.json
unrestricted,exp_regime095_random3_9,baseline_h200_conditional_pil,conditional_pil,,test,cold_start,500,0,200,evaluation/exp_regime095_random3_9/baseline_h200_conditional_pil/test.npz,cold_start_h500,0403e2693cb0ae0103e8f9c82970dd97dad708f18b504c86cf6e8fdebfc31f98,,9d551a93c50f63b8823a86e14dd1e4396c8716452ac32c24fcb9a79b3bd5059c,True,1000,156.13233300058036,20.36723226173253,67.88255036942392,0.31983608045839124,32.41197767082424,4.499473459087312,known quoted arrival dates; overtaking allowed,90c9231d695cb82cbdae46d429af7c526a3f629f04f7f81088e4a9735628880d,baseline,90c9231d695cb82cbdae46d429af7c526a3f629f04f7f81088e4a9735628880d,0.3249400283769791,True,evaluation/exp_regime095_random3_9/baseline_h200_conditional_pil/test.json
unrestricted,exp_regime095_random3_9,baseline_h200_forecast_adaptive_pil,forecast_adaptive_pil,,test,steady,50,500,200,evaluation/exp_regime095_random3_9/baseline_h200_forecast_adaptive_pil/test.npz,steady_h50,0403e2693cb0ae0103e8f9c82970dd97dad708f18b504c86cf6e8fdebfc31f98,,af81b2853e62bab0ca8108b439223ff56c113edb2b982c8adaaddb0992c19dfe,True,1000,147.29158479929168,25.76773244226284,60.761926178514415,0.38273778832533556,37.74508793706024,1.5388810420408845,known quoted arrival dates; overtaking allowed,8e69309b80a3aa4c820fb2dea8aaf38e1b43ed929ca49a6fe0656dd8cb517bbf,baseline,8e69309b80a3aa4c820fb2dea8aaf38e1b43ed929ca49a6fe0656dd8cb517bbf,0.4161818107388434,True,evaluation/exp_regime095_random3_9/baseline_h200_forecast_adaptive_pil/test.json
unrestricted,exp_regime095_random3_9,baseline_h200_forecast_adaptive_pil,forecast_adaptive_pil,,test,steady,100,500,200,evaluation/exp_regime095_random3_9/baseline_h200_forecast_adaptive_pil/test.npz,steady_h100,0403e2693cb0ae0103e8f9c82970dd97dad708f18b504c86cf6e8fdebfc31f98,,af81b2853e62bab0ca8108b439223ff56c113edb2b982c8adaaddb0992c19dfe,True,1000,147.07528823781612,25.46001005211688,60.80763909284961,0.38272288051361425,37.78466683338912,1.5388810420408845,known quoted arrival dates; overtaking allowed,8e69309b80a3aa4c820fb2dea8aaf38e1b43ed929ca49a6fe0656dd8cb517bbf,baseline,8e69309b80a3aa4c820fb2dea8aaf38e1b43ed929ca49a6fe0656dd8cb517bbf,0.3983264936442009,True,evaluation/exp_regime095_random3_9/baseline_h200_forecast_adaptive_pil/test.json
unrestricted,exp_regime095_random3_9,baseline_h200_forecast_adaptive_pil,forecast_adaptive_pil,,test,steady,200,500,200,evaluation/exp_regime095_random3_9/baseline_h200_forecast_adaptive_pil/test.npz,steady_h200,0403e2693cb0ae0103e8f9c82970dd97dad708f18b504c86cf6e8fdebfc31f98,,af81b2853e62bab0ca8108b439223ff56c113edb2b982c8adaaddb0992c19dfe,True,1000,147.79132070207473,25.755671589104626,61.017824556485046,0.3830429597760712,37.90288543548028,1.5388810420408845,known quoted arrival dates; overtaking allowed,8e69309b80a3aa4c820fb2dea8aaf38e1b43ed929ca49a6fe0656dd8cb517bbf,baseline,8e69309b80a3aa4c820fb2dea8aaf38e1b43ed929ca49a6fe0656dd8cb517bbf,0.3905089682701456,True,evaluation/exp_regime095_random3_9/baseline_h200_forecast_adaptive_pil/test.json
unrestricted,exp_regime095_random3_9,baseline_h200_forecast_adaptive_pil,forecast_adaptive_pil,,test,steady,500,500,200,evaluation/exp_regime095_random3_9/baseline_h200_forecast_adaptive_pil/test.npz,steady_h500,0403e2693cb0ae0103e8f9c82970dd97dad708f18b504c86cf6e8fdebfc31f98,,af81b2853e62bab0ca8108b439223ff56c113edb2b982c8adaaddb0992c19dfe,True,1000,149.00905596579383,25.930167798388904,61.53944408370246,0.3820983038461033,38.07273763176723,1.5388810420408845,known quoted arrival dates; overtaking allowed,8e69309b80a3aa4c820fb2dea8aaf38e1b43ed929ca49a6fe0656dd8cb517bbf,baseline,8e69309b80a3aa4c820fb2dea8aaf38e1b43ed929ca49a6fe0656dd8cb517bbf,0.38457837397994477,True,evaluation/exp_regime095_random3_9/baseline_h200_forecast_adaptive_pil/test.json
unrestricted,exp_regime095_random3_9,baseline_h200_forecast_adaptive_pil,forecast_adaptive_pil,,test,cold_start,50,0,200,evaluation/exp_regime095_random3_9/baseline_h200_forecast_adaptive_pil/test.npz,cold_start_h50,0403e2693cb0ae0103e8f9c82970dd97dad708f18b504c86cf6e8fdebfc31f98,,af81b2853e62bab0ca8108b439223ff56c113edb2b982c8adaaddb0992c19dfe,True,1000,151.47178884000834,20.406449866882344,65.532669486563,0.3411613109739831,39.357163377648405,1.5388810420408845,known quoted arrival dates; overtaking allowed,8e69309b80a3aa4c820fb2dea8aaf38e1b43ed929ca49a6fe0656dd8cb517bbf,baseline,8e69309b80a3aa4c820fb2dea8aaf38e1b43ed929ca49a6fe0656dd8cb517bbf,0.3678850847708759,True,evaluation/exp_regime095_random3_9/baseline_h200_forecast_adaptive_pil/test.json
unrestricted,exp_regime095_random3_9,baseline_h200_forecast_adaptive_pil,forecast_adaptive_pil,,test,cold_start,100,0,200,evaluation/exp_regime095_random3_9/baseline_h200_forecast_adaptive_pil/test.npz,cold_start_h100,0403e2693cb0ae0103e8f9c82970dd97dad708f18b504c86cf6e8fdebfc31f98,,af81b2853e62bab0ca8108b439223ff56c113edb2b982c8adaaddb0992c19dfe,True,1000,150.5213225333459,23.172885434115738,63.67421854961509,0.36117099323357066,38.70922428791925,1.5388810420408845,known quoted arrival dates; overtaking allowed,8e69309b80a3aa4c820fb2dea8aaf38e1b43ed929ca49a6fe0656dd8cb517bbf,baseline,8e69309b80a3aa4c820fb2dea8aaf38e1b43ed929ca49a6fe0656dd8cb517bbf,0.37429314477484105,True,evaluation/exp_regime095_random3_9/baseline_h200_forecast_adaptive_pil/test.json
unrestricted,exp_regime095_random3_9,baseline_h200_forecast_adaptive_pil,forecast_adaptive_pil,,test,cold_start,200,0,200,evaluation/exp_regime095_random3_9/baseline_h200_forecast_adaptive_pil/test.npz,cold_start_h200,0403e2693cb0ae0103e8f9c82970dd97dad708f18b504c86cf6e8fdebfc31f98,,af81b2853e62bab0ca8108b439223ff56c113edb2b982c8adaaddb0992c19dfe,True,1000,149.94966487818658,24.653760730609303,62.647952073788645,0.3713406164993152,38.36530899202604,1.5388810420408845,known quoted arrival dates; overtaking allowed,8e69309b80a3aa4c820fb2dea8aaf38e1b43ed929ca49a6fe0656dd8cb517bbf,baseline,8e69309b80a3aa4c820fb2dea8aaf38e1b43ed929ca49a6fe0656dd8cb517bbf,0.37807024885184237,True,evaluation/exp_regime095_random3_9/baseline_h200_forecast_adaptive_pil/test.json
unrestricted,exp_regime095_random3_9,baseline_h200_forecast_adaptive_pil,forecast_adaptive_pil,,test,cold_start,500,0,200,evaluation/exp_regime095_random3_9/baseline_h200_forecast_adaptive_pil/test.npz,cold_start_h500,0403e2693cb0ae0103e8f9c82970dd97dad708f18b504c86cf6e8fdebfc31f98,,af81b2853e62bab0ca8108b439223ff56c113edb2b982c8adaaddb0992c19dfe,True,1000,149.97187503813169,25.69104050371473,62.14041726720849,0.3773706270550916,38.19130943076547,1.5388810420408845,known quoted arrival dates; overtaking allowed,8e69309b80a3aa4c820fb2dea8aaf38e1b43ed929ca49a6fe0656dd8cb517bbf,baseline,8e69309b80a3aa4c820fb2dea8aaf38e1b43ed929ca49a6fe0656dd8cb517bbf,0.38011448320502517,True,evaluation/exp_regime095_random3_9/baseline_h200_forecast_adaptive_pil/test.json
unrestricted,exp_regime095_random3_9,baseline_h200_pil_cop_continuation,pil_cop_continuation,,test,steady,50,500,200,evaluation/exp_regime095_random3_9/baseline_h200_pil_cop_continuation/test.npz,steady_h50,0403e2693cb0ae0103e8f9c82970dd97dad708f18b504c86cf6e8fdebfc31f98,,a93d0ecffc7e7434c43cf962e8017bd09511d1d62a88d3ef5d197a571c979dca,True,1000,151.46078065049383,23.603845756697574,63.92846744689813,0.35056984386387813,34.56891400384979,4.484714082907885,known quoted arrival dates; overtaking allowed,14deb733eb3cde39c2f3f08a7f04894f8f12533b094fef6c24912631b43bb2dc,baseline,14deb733eb3cde39c2f3f08a7f04894f8f12533b094fef6c24912631b43bb2dc,0.4067207510810348,True,evaluation/exp_regime095_random3_9/baseline_h200_pil_cop_continuation/test.json
unrestricted,exp_regime095_random3_9,baseline_h200_pil_cop_continuation,pil_cop_continuation,,test,steady,100,500,200,evaluation/exp_regime095_random3_9/baseline_h200_pil_cop_continuation/test.npz,steady_h100,0403e2693cb0ae0103e8f9c82970dd97dad708f18b504c86cf6e8fdebfc31f98,,a93d0ecffc7e7434c43cf962e8017bd09511d1d62a88d3ef5d197a571c979dca,True,1000,151.55830535534736,23.592406648935693,63.982949353205825,0.35048932564733554,34.584514331456,4.484714082907885,known quoted arrival dates; overtaking allowed,14deb733eb3cde39c2f3f08a7f04894f8f12533b094fef6c24912631b43bb2dc,baseline,14deb733eb3cde39c2f3f08a7f04894f8f12533b094fef6c24912631b43bb2dc,0.3777776245450209,True,evaluation/exp_regime095_random3_9/baseline_h200_pil_cop_continuation/test.json
unrestricted,exp_regime095_random3_9,baseline_h200_pil_cop_continuation,pil_cop_continuation,,test,steady,200,500,200,evaluation/exp_regime095_random3_9/baseline_h200_pil_cop_continuation/test.npz,steady_h200,0403e2693cb0ae0103e8f9c82970dd97dad708f18b504c86cf6e8fdebfc31f98,,a93d0ecffc7e7434c43cf962e8017bd09511d1d62a88d3ef5d197a571c979dca,True,1000,152.14896159791724,23.521523958587235,64.31371881966501,0.34971785872104827,34.603112808099844,4.484714082907885,known quoted arrival dates; overtaking allowed,14deb733eb3cde39c2f3f08a7f04894f8f12533b094fef6c24912631b43bb2dc,baseline,14deb733eb3cde39c2f3f08a7f04894f8f12533b094fef6c24912631b43bb2dc,0.3626562030268585,True,evaluation/exp_regime095_random3_9/baseline_h200_pil_cop_continuation/test.json
unrestricted,exp_regime095_random3_9,baseline_h200_pil_cop_continuation,pil_cop_continuation,,test,steady,500,500,200,evaluation/exp_regime095_random3_9/baseline_h200_pil_cop_continuation/test.npz,steady_h500,0403e2693cb0ae0103e8f9c82970dd97dad708f18b504c86cf6e8fdebfc31f98,,a93d0ecffc7e7434c43cf962e8017bd09511d1d62a88d3ef5d197a571c979dca,True,1000,153.21374751577116,23.3148159114681,64.94946580215154,0.34785915470973133,34.654465505018756,4.484714082907885,known quoted arrival dates; overtaking allowed,14deb733eb3cde39c2f3f08a7f04894f8f12533b094fef6c24912631b43bb2dc,baseline,14deb733eb3cde39c2f3f08a7f04894f8f12533b094fef6c24912631b43bb2dc,0.3522967785593692,True,evaluation/exp_regime095_random3_9/baseline_h200_pil_cop_continuation/test.json
unrestricted,exp_regime095_random3_9,baseline_h200_pil_cop_continuation,pil_cop_continuation,,test,cold_start,50,0,200,evaluation/exp_regime095_random3_9/baseline_h200_pil_cop_continuation/test.npz,cold_start_h50,0403e2693cb0ae0103e8f9c82970dd97dad708f18b504c86cf6e8fdebfc31f98,,a93d0ecffc7e7434c43cf962e8017bd09511d1d62a88d3ef5d197a571c979dca,True,1000,156.00994326140088,20.71923016660534,67.64535654739775,0.319921218293675,36.566764065240655,4.484714082907885,known quoted arrival dates; overtaking allowed,14deb733eb3cde39c2f3f08a7f04894f8f12533b094fef6c24912631b43bb2dc,baseline,14deb733eb3cde39c2f3f08a7f04894f8f12533b094fef6c24912631b43bb2dc,0.37125291756738477,True,evaluation/exp_regime095_random3_9/baseline_h200_pil_cop_continuation/test.json
unrestricted,exp_regime095_random3_9,baseline_h200_pil_cop_continuation,pil_cop_continuation,,test,cold_start,100,0,200,evaluation/exp_regime095_random3_9/baseline_h200_pil_cop_continuation/test.npz,cold_start_h100,0403e2693cb0ae0103e8f9c82970dd97dad708f18b504c86cf6e8fdebfc31f98,,a93d0ecffc7e7434c43cf962e8017bd09511d1d62a88d3ef5d197a571c979dca,True,1000,154.97484342239122,22.106327616388825,66.4342579030012,0.3334801437983942,35.61499709651527,4.484714082907885,known quoted arrival dates; overtaking allowed,14deb733eb3cde39c2f3f08a7f04894f8f12533b094fef6c24912631b43bb2dc,baseline,14deb733eb3cde39c2f3f08a7f04894f8f12533b094fef6c24912631b43bb2dc,0.35820981445115263,True,evaluation/exp_regime095_random3_9/baseline_h200_pil_cop_continuation/test.json
unrestricted,exp_regime095_random3_9,baseline_h200_pil_cop_continuation,pil_cop_continuation,,test,cold_start,200,0,200,evaluation/exp_regime095_random3_9/baseline_h200_pil_cop_continuation/test.npz,cold_start_h200,0403e2693cb0ae0103e8f9c82970dd97dad708f18b504c86cf6e8fdebfc31f98,,a93d0ecffc7e7434c43cf962e8017bd09511d1d62a88d3ef5d197a571c979dca,True,1000,154.20432891342492,22.741232727089674,65.73154809316762,0.3403973612397547,35.1111991414936,4.484714082907885,known quoted arrival dates; overtaking allowed,14deb733eb3cde39c2f3f08a7f04894f8f12533b094fef6c24912631b43bb2dc,baseline,14deb733eb3cde39c2f3f08a7f04894f8f12533b094fef6c24912631b43bb2dc,0.3527440181061695,True,evaluation/exp_regime095_random3_9/baseline_h200_pil_cop_continuation/test.json
unrestricted,exp_regime095_random3_9,baseline_h200_pil_cop_continuation,pil_cop_continuation,,test,cold_start,500,0,200,evaluation/exp_regime095_random3_9/baseline_h200_pil_cop_continuation/test.npz,cold_start_h500,0403e2693cb0ae0103e8f9c82970dd97dad708f18b504c86cf6e8fdebfc31f98,,a93d0ecffc7e7434c43cf962e8017bd09511d1d62a88d3ef5d197a571c979dca,True,1000,153.9722282772461,23.11341432389085,65.42940697667761,0.34441588213242336,34.84025564676037,4.484714082907885,known quoted arrival dates; overtaking allowed,14deb733eb3cde39c2f3f08a7f04894f8f12533b094fef6c24912631b43bb2dc,baseline,14deb733eb3cde39c2f3f08a7f04894f8f12533b094fef6c24912631b43bb2dc,0.3493481400604864,True,evaluation/exp_regime095_random3_9/baseline_h200_pil_cop_continuation/test.json
